county,precinct,office,district,party,candidate,votes
Benton,1 Holladay,U.S. House,7,Democratic,Aftyn Behn,7
Benton,1 Holladay,U.S. House,7,Democratic,Bo Mitchell,21
Benton,1 Holladay,U.S. House,7,Democratic,Darden Hunter Copeland,14
Benton,1 Holladay,U.S. House,7,Democratic,Vincent Dixie,1
Benton,1 Holladay,U.S. House,7,Republican,Adolph Agbéko Dagan,0
Benton,1 Holladay,U.S. House,7,Republican,Gino Bulso,31
Benton,1 Holladay,U.S. House,7,Republican,Jason D. Knight,0
Benton,1 Holladay,U.S. House,7,Republican,Jody Barrett,25
Benton,1 Holladay,U.S. House,7,Republican,Joe Leurs,0
Benton,1 Holladay,U.S. House,7,Republican,Lee Reeves,4
Benton,1 Holladay,U.S. House,7,Republican,Mason Foley,2
Benton,1 Holladay,U.S. House,7,Republican,Matt Van Epps,105
Benton,1 Holladay,U.S. House,7,Republican,Stewart Parks,3
Benton,1 Holladay,U.S. House,7,Republican,Stuart Cooper,1
Benton,1 Holladay,U.S. House,7,Republican,Tres Wittum,0
Benton,3 Camden City Hall,U.S. House,7,Democratic,Aftyn Behn,9
Benton,3 Camden City Hall,U.S. House,7,Democratic,Bo Mitchell,20
Benton,3 Camden City Hall,U.S. House,7,Democratic,Darden Hunter Copeland,23
Benton,3 Camden City Hall,U.S. House,7,Democratic,Vincent Dixie,0
Benton,3 Camden City Hall,U.S. House,7,Republican,Adolph Agbéko Dagan,0
Benton,3 Camden City Hall,U.S. House,7,Republican,Gino Bulso,36
Benton,3 Camden City Hall,U.S. House,7,Republican,Jason D. Knight,0
Benton,3 Camden City Hall,U.S. House,7,Republican,Jody Barrett,33
Benton,3 Camden City Hall,U.S. House,7,Republican,Joe Leurs,0
Benton,3 Camden City Hall,U.S. House,7,Republican,Lee Reeves,2
Benton,3 Camden City Hall,U.S. House,7,Republican,Mason Foley,3
Benton,3 Camden City Hall,U.S. House,7,Republican,Matt Van Epps,45
Benton,3 Camden City Hall,U.S. House,7,Republican,Stewart Parks,9
Benton,3 Camden City Hall,U.S. House,7,Republican,Stuart Cooper,0
Benton,3 Camden City Hall,U.S. House,7,Republican,Tres Wittum,2
Benton,4 Camden Elementary,U.S. House,7,Democratic,Aftyn Behn,8
Benton,4 Camden Elementary,U.S. House,7,Democratic,Bo Mitchell,18
Benton,4 Camden Elementary,U.S. House,7,Democratic,Darden Hunter Copeland,13
Benton,4 Camden Elementary,U.S. House,7,Democratic,Vincent Dixie,0
Benton,4 Camden Elementary,U.S. House,7,Republican,Adolph Agbéko Dagan,1
Benton,4 Camden Elementary,U.S. House,7,Republican,Gino Bulso,33
Benton,4 Camden Elementary,U.S. House,7,Republican,Jason D. Knight,0
Benton,4 Camden Elementary,U.S. House,7,Republican,Jody Barrett,40
Benton,4 Camden Elementary,U.S. House,7,Republican,Joe Leurs,0
Benton,4 Camden Elementary,U.S. House,7,Republican,Lee Reeves,4
Benton,4 Camden Elementary,U.S. House,7,Republican,Mason Foley,4
Benton,4 Camden Elementary,U.S. House,7,Republican,Matt Van Epps,82
Benton,4 Camden Elementary,U.S. House,7,Republican,Stewart Parks,11
Benton,4 Camden Elementary,U.S. House,7,Republican,Stuart Cooper,3
Benton,4 Camden Elementary,U.S. House,7,Republican,Tres Wittum,0
Benton,6 Big Sandy,U.S. House,7,Democratic,Aftyn Behn,12
Benton,6 Big Sandy,U.S. House,7,Democratic,Bo Mitchell,6
Benton,6 Big Sandy,U.S. House,7,Democratic,Darden Hunter Copeland,18
Benton,6 Big Sandy,U.S. House,7,Democratic,Vincent Dixie,1
Benton,6 Big Sandy,U.S. House,7,Republican,Adolph Agbéko Dagan,0
Benton,6 Big Sandy,U.S. House,7,Republican,Gino Bulso,23
Benton,6 Big Sandy,U.S. House,7,Republican,Jason D. Knight,1
Benton,6 Big Sandy,U.S. House,7,Republican,Jody Barrett,34
Benton,6 Big Sandy,U.S. House,7,Republican,Joe Leurs,0
Benton,6 Big Sandy,U.S. House,7,Republican,Lee Reeves,7
Benton,6 Big Sandy,U.S. House,7,Republican,Mason Foley,2
Benton,6 Big Sandy,U.S. House,7,Republican,Matt Van Epps,104
Benton,6 Big Sandy,U.S. House,7,Republican,Stewart Parks,2
Benton,6 Big Sandy,U.S. House,7,Republican,Stuart Cooper,0
Benton,6 Big Sandy,U.S. House,7,Republican,Tres Wittum,0
Cheatham,1-1 Sycamore Square,U.S. House,7,Democratic,Aftyn Behn,78
Cheatham,1-1 Sycamore Square,U.S. House,7,Democratic,Bo Mitchell,81
Cheatham,1-1 Sycamore Square,U.S. House,7,Democratic,Darden Hunter Copeland,69
Cheatham,1-1 Sycamore Square,U.S. House,7,Democratic,Vincent Dixie,29
Cheatham,1-1 Sycamore Square,U.S. House,7,Republican,Adolph Agbéko Dagan,0
Cheatham,1-1 Sycamore Square,U.S. House,7,Republican,Gino Bulso,35
Cheatham,1-1 Sycamore Square,U.S. House,7,Republican,Jason D. Knight,9
Cheatham,1-1 Sycamore Square,U.S. House,7,Republican,Jody Barrett,70
Cheatham,1-1 Sycamore Square,U.S. House,7,Republican,Joe Leurs,1
Cheatham,1-1 Sycamore Square,U.S. House,7,Republican,Lee Reeves,13
Cheatham,1-1 Sycamore Square,U.S. House,7,Republican,Mason Foley,15
Cheatham,1-1 Sycamore Square,U.S. House,7,Republican,Matt Van Epps,191
Cheatham,1-1 Sycamore Square,U.S. House,7,Republican,Stewart Parks,10
Cheatham,1-1 Sycamore Square,U.S. House,7,Republican,Stuart Cooper,4
Cheatham,1-1 Sycamore Square,U.S. House,7,Republican,Tres Wittum,1
Cheatham,2-1 East Cheatham,U.S. House,7,Democratic,Aftyn Behn,44
Cheatham,2-1 East Cheatham,U.S. House,7,Democratic,Bo Mitchell,67
Cheatham,2-1 East Cheatham,U.S. House,7,Democratic,Darden Hunter Copeland,63
Cheatham,2-1 East Cheatham,U.S. House,7,Democratic,Vincent Dixie,13
Cheatham,2-1 East Cheatham,U.S. House,7,Republican,Adolph Agbéko Dagan,0
Cheatham,2-1 East Cheatham,U.S. House,7,Republican,Gino Bulso,41
Cheatham,2-1 East Cheatham,U.S. House,7,Republican,Jason D. Knight,5
Cheatham,2-1 East Cheatham,U.S. House,7,Republican,Jody Barrett,109
Cheatham,2-1 East Cheatham,U.S. House,7,Republican,Joe Leurs,6
Cheatham,2-1 East Cheatham,U.S. House,7,Republican,Lee Reeves,17
Cheatham,2-1 East Cheatham,U.S. House,7,Republican,Mason Foley,24
Cheatham,2-1 East Cheatham,U.S. House,7,Republican,Matt Van Epps,287
Cheatham,2-1 East Cheatham,U.S. House,7,Republican,Stewart Parks,2
Cheatham,2-1 East Cheatham,U.S. House,7,Republican,Stuart Cooper,0
Cheatham,2-1 East Cheatham,U.S. House,7,Republican,Tres Wittum,1
Cheatham,3-1 Pleasant View,U.S. House,7,Democratic,Aftyn Behn,43
Cheatham,3-1 Pleasant View,U.S. House,7,Democratic,Bo Mitchell,60
Cheatham,3-1 Pleasant View,U.S. House,7,Democratic,Darden Hunter Copeland,58
Cheatham,3-1 Pleasant View,U.S. House,7,Democratic,Vincent Dixie,21
Cheatham,3-1 Pleasant View,U.S. House,7,Republican,Adolph Agbéko Dagan,0
Cheatham,3-1 Pleasant View,U.S. House,7,Republican,Gino Bulso,48
Cheatham,3-1 Pleasant View,U.S. House,7,Republican,Jason D. Knight,6
Cheatham,3-1 Pleasant View,U.S. House,7,Republican,Jody Barrett,129
Cheatham,3-1 Pleasant View,U.S. House,7,Republican,Joe Leurs,2
Cheatham,3-1 Pleasant View,U.S. House,7,Republican,Lee Reeves,20
Cheatham,3-1 Pleasant View,U.S. House,7,Republican,Mason Foley,15
Cheatham,3-1 Pleasant View,U.S. House,7,Republican,Matt Van Epps,334
Cheatham,3-1 Pleasant View,U.S. House,7,Republican,Stewart Parks,15
Cheatham,3-1 Pleasant View,U.S. House,7,Republican,Stuart Cooper,3
Cheatham,3-1 Pleasant View,U.S. House,7,Republican,Tres Wittum,4
Cheatham,4-1 West Cheatham,U.S. House,7,Democratic,Aftyn Behn,25
Cheatham,4-1 West Cheatham,U.S. House,7,Democratic,Bo Mitchell,40
Cheatham,4-1 West Cheatham,U.S. House,7,Democratic,Darden Hunter Copeland,36
Cheatham,4-1 West Cheatham,U.S. House,7,Democratic,Vincent Dixie,10
Cheatham,4-1 West Cheatham,U.S. House,7,Republican,Adolph Agbéko Dagan,0
Cheatham,4-1 West Cheatham,U.S. House,7,Republican,Gino Bulso,18
Cheatham,4-1 West Cheatham,U.S. House,7,Republican,Jason D. Knight,1
Cheatham,4-1 West Cheatham,U.S. House,7,Republican,Jody Barrett,86
Cheatham,4-1 West Cheatham,U.S. House,7,Republican,Joe Leurs,2
Cheatham,4-1 West Cheatham,U.S. House,7,Republican,Lee Reeves,8
Cheatham,4-1 West Cheatham,U.S. House,7,Republican,Mason Foley,2
Cheatham,4-1 West Cheatham,U.S. House,7,Republican,Matt Van Epps,206
Cheatham,4-1 West Cheatham,U.S. House,7,Republican,Stewart Parks,0
Cheatham,4-1 West Cheatham,U.S. House,7,Republican,Stuart Cooper,2
Cheatham,4-1 West Cheatham,U.S. House,7,Republican,Tres Wittum,1
Cheatham,4-3 Sycamore,U.S. House,7,Democratic,Aftyn Behn,26
Cheatham,4-3 Sycamore,U.S. House,7,Democratic,Bo Mitchell,28
Cheatham,4-3 Sycamore,U.S. House,7,Democratic,Darden Hunter Copeland,24
Cheatham,4-3 Sycamore,U.S. House,7,Democratic,Vincent Dixie,3
Cheatham,4-3 Sycamore,U.S. House,7,Republican,Adolph Agbéko Dagan,2
Cheatham,4-3 Sycamore,U.S. House,7,Republican,Gino Bulso,17
Cheatham,4-3 Sycamore,U.S. House,7,Republican,Jason D. Knight,0
Cheatham,4-3 Sycamore,U.S. House,7,Republican,Jody Barrett,51
Cheatham,4-3 Sycamore,U.S. House,7,Republican,Joe Leurs,0
Cheatham,4-3 Sycamore,U.S. House,7,Republican,Lee Reeves,12
Cheatham,4-3 Sycamore,U.S. House,7,Republican,Mason Foley,4
Cheatham,4-3 Sycamore,U.S. House,7,Republican,Matt Van Epps,145
Cheatham,4-3 Sycamore,U.S. House,7,Republican,Stewart Parks,6
Cheatham,4-3 Sycamore,U.S. House,7,Republican,Stuart Cooper,0
Cheatham,4-3 Sycamore,U.S. House,7,Republican,Tres Wittum,2
Cheatham,5-1 AC Church of Christ,U.S. House,7,Democratic,Aftyn Behn,26
Cheatham,5-1 AC Church of Christ,U.S. House,7,Democratic,Bo Mitchell,46
Cheatham,5-1 AC Church of Christ,U.S. House,7,Democratic,Darden Hunter Copeland,28
Cheatham,5-1 AC Church of Christ,U.S. House,7,Democratic,Vincent Dixie,10
Cheatham,5-1 AC Church of Christ,U.S. House,7,Republican,Adolph Agbéko Dagan,2
Cheatham,5-1 AC Church of Christ,U.S. House,7,Republican,Gino Bulso,12
Cheatham,5-1 AC Church of Christ,U.S. House,7,Republican,Jason D. Knight,2
Cheatham,5-1 AC Church of Christ,U.S. House,7,Republican,Jody Barrett,37
Cheatham,5-1 AC Church of Christ,U.S. House,7,Republican,Joe Leurs,4
Cheatham,5-1 AC Church of Christ,U.S. House,7,Republican,Lee Reeves,7
Cheatham,5-1 AC Church of Christ,U.S. House,7,Republican,Mason Foley,4
Cheatham,5-1 AC Church of Christ,U.S. House,7,Republican,Matt Van Epps,100
Cheatham,5-1 AC Church of Christ,U.S. House,7,Republican,Stewart Parks,3
Cheatham,5-1 AC Church of Christ,U.S. House,7,Republican,Stuart Cooper,2
Cheatham,5-1 AC Church of Christ,U.S. House,7,Republican,Tres Wittum,0
Cheatham,5-2 Pegram,U.S. House,7,Democratic,Aftyn Behn,44
Cheatham,5-2 Pegram,U.S. House,7,Democratic,Bo Mitchell,101
Cheatham,5-2 Pegram,U.S. House,7,Democratic,Darden Hunter Copeland,84
Cheatham,5-2 Pegram,U.S. House,7,Democratic,Vincent Dixie,4
Cheatham,5-2 Pegram,U.S. House,7,Republican,Adolph Agbéko Dagan,2
Cheatham,5-2 Pegram,U.S. House,7,Republican,Gino Bulso,26
Cheatham,5-2 Pegram,U.S. House,7,Republican,Jason D. Knight,0
Cheatham,5-2 Pegram,U.S. House,7,Republican,Jody Barrett,68
Cheatham,5-2 Pegram,U.S. House,7,Republican,Joe Leurs,0
Cheatham,5-2 Pegram,U.S. House,7,Republican,Lee Reeves,18
Cheatham,5-2 Pegram,U.S. House,7,Republican,Mason Foley,11
Cheatham,5-2 Pegram,U.S. House,7,Republican,Matt Van Epps,206
Cheatham,5-2 Pegram,U.S. House,7,Republican,Stewart Parks,5
Cheatham,5-2 Pegram,U.S. House,7,Republican,Stuart Cooper,1
Cheatham,5-2 Pegram,U.S. House,7,Republican,Tres Wittum,1
Cheatham,6-1 Harpeth,U.S. House,7,Democratic,Aftyn Behn,111
Cheatham,6-1 Harpeth,U.S. House,7,Democratic,Bo Mitchell,178
Cheatham,6-1 Harpeth,U.S. House,7,Democratic,Darden Hunter Copeland,150
Cheatham,6-1 Harpeth,U.S. House,7,Democratic,Vincent Dixie,8
Cheatham,6-1 Harpeth,U.S. House,7,Republican,Adolph Agbéko Dagan,1
Cheatham,6-1 Harpeth,U.S. House,7,Republican,Gino Bulso,37
Cheatham,6-1 Harpeth,U.S. House,7,Republican,Jason D. Knight,3
Cheatham,6-1 Harpeth,U.S. House,7,Republican,Jody Barrett,131
Cheatham,6-1 Harpeth,U.S. House,7,Republican,Joe Leurs,2
Cheatham,6-1 Harpeth,U.S. House,7,Republican,Lee Reeves,21
Cheatham,6-1 Harpeth,U.S. House,7,Republican,Mason Foley,15
Cheatham,6-1 Harpeth,U.S. House,7,Republican,Matt Van Epps,226
Cheatham,6-1 Harpeth,U.S. House,7,Republican,Stewart Parks,1
Cheatham,6-1 Harpeth,U.S. House,7,Republican,Stuart Cooper,2
Cheatham,6-1 Harpeth,U.S. House,7,Republican,Tres Wittum,3
Davidson,01-1,U.S. House,7,Democratic,Aftyn Behn,61
Davidson,01-1,U.S. House,7,Democratic,Bo Mitchell,153
Davidson,01-1,U.S. House,7,Democratic,Darden Hunter Copeland,31
Davidson,01-1,U.S. House,7,Democratic,Vincent Dixie,51
Davidson,01-1,U.S. House,7,Republican,Adolph Agbéko Dagan,0
Davidson,01-1,U.S. House,7,Republican,Gino Bulso,82
Davidson,01-1,U.S. House,7,Republican,Jason D. Knight,0
Davidson,01-1,U.S. House,7,Republican,Jody Barrett,33
Davidson,01-1,U.S. House,7,Republican,Joe Leurs,0
Davidson,01-1,U.S. House,7,Republican,Lee Reeves,17
Davidson,01-1,U.S. House,7,Republican,Mason Foley,10
Davidson,01-1,U.S. House,7,Republican,Matt Van Epps,199
Davidson,01-1,U.S. House,7,Republican,Stewart Parks,8
Davidson,01-1,U.S. House,7,Republican,Stuart Cooper,2
Davidson,01-1,U.S. House,7,Republican,Tres Wittum,4
Davidson,01-2,U.S. House,7,Democratic,Aftyn Behn,26
Davidson,01-2,U.S. House,7,Democratic,Bo Mitchell,53
Davidson,01-2,U.S. House,7,Democratic,Darden Hunter Copeland,11
Davidson,01-2,U.S. House,7,Democratic,Vincent Dixie,9
Davidson,01-2,U.S. House,7,Republican,Adolph Agbéko Dagan,0
Davidson,01-2,U.S. House,7,Republican,Gino Bulso,23
Davidson,01-2,U.S. House,7,Republican,Jason D. Knight,0
Davidson,01-2,U.S. House,7,Republican,Jody Barrett,18
Davidson,01-2,U.S. House,7,Republican,Joe Leurs,0
Davidson,01-2,U.S. House,7,Republican,Lee Reeves,5
Davidson,01-2,U.S. House,7,Republican,Mason Foley,3
Davidson,01-2,U.S. House,7,Republican,Matt Van Epps,38
Davidson,01-2,U.S. House,7,Republican,Stewart Parks,0
Davidson,01-2,U.S. House,7,Republican,Stuart Cooper,0
Davidson,01-2,U.S. House,7,Republican,Tres Wittum,0
Davidson,01-3,U.S. House,7,Democratic,Aftyn Behn,24
Davidson,01-3,U.S. House,7,Democratic,Bo Mitchell,31
Davidson,01-3,U.S. House,7,Democratic,Darden Hunter Copeland,34
Davidson,01-3,U.S. House,7,Democratic,Vincent Dixie,215
Davidson,01-3,U.S. House,7,Republican,Adolph Agbéko Dagan,0
Davidson,01-3,U.S. House,7,Republican,Gino Bulso,8
Davidson,01-3,U.S. House,7,Republican,Jason D. Knight,0
Davidson,01-3,U.S. House,7,Republican,Jody Barrett,14
Davidson,01-3,U.S. House,7,Republican,Joe Leurs,0
Davidson,01-3,U.S. House,7,Republican,Lee Reeves,1
Davidson,01-3,U.S. House,7,Republican,Mason Foley,2
Davidson,01-3,U.S. House,7,Republican,Matt Van Epps,30
Davidson,01-3,U.S. House,7,Republican,Stewart Parks,1
Davidson,01-3,U.S. House,7,Republican,Stuart Cooper,0
Davidson,01-3,U.S. House,7,Republican,Tres Wittum,0
Davidson,01-4,U.S. House,7,Democratic,Aftyn Behn,39
Davidson,01-4,U.S. House,7,Democratic,Bo Mitchell,40
Davidson,01-4,U.S. House,7,Democratic,Darden Hunter Copeland,32
Davidson,01-4,U.S. House,7,Democratic,Vincent Dixie,209
Davidson,01-4,U.S. House,7,Republican,Adolph Agbéko Dagan,0
Davidson,01-4,U.S. House,7,Republican,Gino Bulso,9
Davidson,01-4,U.S. House,7,Republican,Jason D. Knight,0
Davidson,01-4,U.S. House,7,Republican,Jody Barrett,8
Davidson,01-4,U.S. House,7,Republican,Joe Leurs,0
Davidson,01-4,U.S. House,7,Republican,Lee Reeves,2
Davidson,01-4,U.S. House,7,Republican,Mason Foley,0
Davidson,01-4,U.S. House,7,Republican,Matt Van Epps,7
Davidson,01-4,U.S. House,7,Republican,Stewart Parks,1
Davidson,01-4,U.S. House,7,Republican,Stuart Cooper,0
Davidson,01-4,U.S. House,7,Republican,Tres Wittum,0
Davidson,01-5,U.S. House,7,Democratic,Aftyn Behn,44
Davidson,01-5,U.S. House,7,Democratic,Bo Mitchell,40
Davidson,01-5,U.S. House,7,Democratic,Darden Hunter Copeland,35
Davidson,01-5,U.S. House,7,Democratic,Vincent Dixie,225
Davidson,01-5,U.S. House,7,Republican,Adolph Agbéko Dagan,0
Davidson,01-5,U.S. House,7,Republican,Gino Bulso,1
Davidson,01-5,U.S. House,7,Republican,Jason D. Knight,0
Davidson,01-5,U.S. House,7,Republican,Jody Barrett,3
Davidson,01-5,U.S. House,7,Republican,Joe Leurs,0
Davidson,01-5,U.S. House,7,Republican,Lee Reeves,2
Davidson,01-5,U.S. House,7,Republican,Mason Foley,0
Davidson,01-5,U.S. House,7,Republican,Matt Van Epps,3
Davidson,01-5,U.S. House,7,Republican,Stewart Parks,0
Davidson,01-5,U.S. House,7,Republican,Stuart Cooper,0
Davidson,01-5,U.S. House,7,Republican,Tres Wittum,0
Davidson,01-6,U.S. House,7,Democratic,Aftyn Behn,5
Davidson,01-6,U.S. House,7,Democratic,Bo Mitchell,17
Davidson,01-6,U.S. House,7,Democratic,Darden Hunter Copeland,7
Davidson,01-6,U.S. House,7,Democratic,Vincent Dixie,94
Davidson,01-6,U.S. House,7,Republican,Adolph Agbéko Dagan,0
Davidson,01-6,U.S. House,7,Republican,Gino Bulso,0
Davidson,01-6,U.S. House,7,Republican,Jason D. Knight,0
Davidson,01-6,U.S. House,7,Republican,Jody Barrett,0
Davidson,01-6,U.S. House,7,Republican,Joe Leurs,0
Davidson,01-6,U.S. House,7,Republican,Lee Reeves,0
Davidson,01-6,U.S. House,7,Republican,Mason Foley,0
Davidson,01-6,U.S. House,7,Republican,Matt Van Epps,0
Davidson,01-6,U.S. House,7,Republican,Stewart Parks,0
Davidson,01-6,U.S. House,7,Republican,Stuart Cooper,0
Davidson,01-6,U.S. House,7,Republican,Tres Wittum,0
Davidson,01-7,U.S. House,7,Democratic,Aftyn Behn,97
Davidson,01-7,U.S. House,7,Democratic,Bo Mitchell,65
Davidson,01-7,U.S. House,7,Democratic,Darden Hunter Copeland,85
Davidson,01-7,U.S. House,7,Democratic,Vincent Dixie,941
Davidson,01-7,U.S. House,7,Republican,Adolph Agbéko Dagan,0
Davidson,01-7,U.S. House,7,Republican,Gino Bulso,4
Davidson,01-7,U.S. House,7,Republican,Jason D. Knight,0
Davidson,01-7,U.S. House,7,Republican,Jody Barrett,10
Davidson,01-7,U.S. House,7,Republican,Joe Leurs,0
Davidson,01-7,U.S. House,7,Republican,Lee Reeves,2
Davidson,01-7,U.S. House,7,Republican,Mason Foley,1
Davidson,01-7,U.S. House,7,Republican,Matt Van Epps,17
Davidson,01-7,U.S. House,7,Republican,Stewart Parks,0
Davidson,01-7,U.S. House,7,Republican,Stuart Cooper,1
Davidson,01-7,U.S. House,7,Republican,Tres Wittum,0
Davidson,02-1,U.S. House,7,Democratic,Aftyn Behn,34
Davidson,02-1,U.S. House,7,Democratic,Bo Mitchell,17
Davidson,02-1,U.S. House,7,Democratic,Darden Hunter Copeland,23
Davidson,02-1,U.S. House,7,Democratic,Vincent Dixie,112
Davidson,02-1,U.S. House,7,Republican,Adolph Agbéko Dagan,0
Davidson,02-1,U.S. House,7,Republican,Gino Bulso,0
Davidson,02-1,U.S. House,7,Republican,Jason D. Knight,0
Davidson,02-1,U.S. House,7,Republican,Jody Barrett,2
Davidson,02-1,U.S. House,7,Republican,Joe Leurs,0
Davidson,02-1,U.S. House,7,Republican,Lee Reeves,0
Davidson,02-1,U.S. House,7,Republican,Mason Foley,0
Davidson,02-1,U.S. House,7,Republican,Matt Van Epps,4
Davidson,02-1,U.S. House,7,Republican,Stewart Parks,2
Davidson,02-1,U.S. House,7,Republican,Stuart Cooper,1
Davidson,02-1,U.S. House,7,Republican,Tres Wittum,0
Davidson,02-2,U.S. House,7,Democratic,Aftyn Behn,46
Davidson,02-2,U.S. House,7,Democratic,Bo Mitchell,28
Davidson,02-2,U.S. House,7,Democratic,Darden Hunter Copeland,33
Davidson,02-2,U.S. House,7,Democratic,Vincent Dixie,174
Davidson,02-2,U.S. House,7,Republican,Adolph Agbéko Dagan,0
Davidson,02-2,U.S. House,7,Republican,Gino Bulso,0
Davidson,02-2,U.S. House,7,Republican,Jason D. Knight,0
Davidson,02-2,U.S. House,7,Republican,Jody Barrett,1
Davidson,02-2,U.S. House,7,Republican,Joe Leurs,0
Davidson,02-2,U.S. House,7,Republican,Lee Reeves,1
Davidson,02-2,U.S. House,7,Republican,Mason Foley,0
Davidson,02-2,U.S. House,7,Republican,Matt Van Epps,4
Davidson,02-2,U.S. House,7,Republican,Stewart Parks,0
Davidson,02-2,U.S. House,7,Republican,Stuart Cooper,1
Davidson,02-2,U.S. House,7,Republican,Tres Wittum,0
Davidson,02-3,U.S. House,7,Democratic,Aftyn Behn,18
Davidson,02-3,U.S. House,7,Democratic,Bo Mitchell,19
Davidson,02-3,U.S. House,7,Democratic,Darden Hunter Copeland,12
Davidson,02-3,U.S. House,7,Democratic,Vincent Dixie,51
Davidson,02-3,U.S. House,7,Republican,Adolph Agbéko Dagan,0
Davidson,02-3,U.S. House,7,Republican,Gino Bulso,0
Davidson,02-3,U.S. House,7,Republican,Jason D. Knight,1
Davidson,02-3,U.S. House,7,Republican,Jody Barrett,2
Davidson,02-3,U.S. House,7,Republican,Joe Leurs,0
Davidson,02-3,U.S. House,7,Republican,Lee Reeves,0
Davidson,02-3,U.S. House,7,Republican,Mason Foley,0
Davidson,02-3,U.S. House,7,Republican,Matt Van Epps,1
Davidson,02-3,U.S. House,7,Republican,Stewart Parks,0
Davidson,02-3,U.S. House,7,Republican,Stuart Cooper,1
Davidson,02-3,U.S. House,7,Republican,Tres Wittum,0
Davidson,02-4,U.S. House,7,Democratic,Aftyn Behn,75
Davidson,02-4,U.S. House,7,Democratic,Bo Mitchell,33
Davidson,02-4,U.S. House,7,Democratic,Darden Hunter Copeland,39
Davidson,02-4,U.S. House,7,Democratic,Vincent Dixie,146
Davidson,02-4,U.S. House,7,Republican,Adolph Agbéko Dagan,0
Davidson,02-4,U.S. House,7,Republican,Gino Bulso,1
Davidson,02-4,U.S. House,7,Republican,Jason D. Knight,0
Davidson,02-4,U.S. House,7,Republican,Jody Barrett,5
Davidson,02-4,U.S. House,7,Republican,Joe Leurs,1
Davidson,02-4,U.S. House,7,Republican,Lee Reeves,3
Davidson,02-4,U.S. House,7,Republican,Mason Foley,0
Davidson,02-4,U.S. House,7,Republican,Matt Van Epps,6
Davidson,02-4,U.S. House,7,Republican,Stewart Parks,0
Davidson,02-4,U.S. House,7,Republican,Stuart Cooper,0
Davidson,02-4,U.S. House,7,Republican,Tres Wittum,1
Davidson,02-5,U.S. House,7,Democratic,Aftyn Behn,96
Davidson,02-5,U.S. House,7,Democratic,Bo Mitchell,73
Davidson,02-5,U.S. House,7,Democratic,Darden Hunter Copeland,73
Davidson,02-5,U.S. House,7,Democratic,Vincent Dixie,664
Davidson,02-5,U.S. House,7,Republican,Adolph Agbéko Dagan,0
Davidson,02-5,U.S. House,7,Republican,Gino Bulso,0
Davidson,02-5,U.S. House,7,Republican,Jason D. Knight,0
Davidson,02-5,U.S. House,7,Republican,Jody Barrett,1
Davidson,02-5,U.S. House,7,Republican,Joe Leurs,1
Davidson,02-5,U.S. House,7,Republican,Lee Reeves,2
Davidson,02-5,U.S. House,7,Republican,Mason Foley,2
Davidson,02-5,U.S. House,7,Republican,Matt Van Epps,7
Davidson,02-5,U.S. House,7,Republican,Stewart Parks,0
Davidson,02-5,U.S. House,7,Republican,Stuart Cooper,0
Davidson,02-5,U.S. House,7,Republican,Tres Wittum,1
Davidson,03-1,U.S. House,7,Democratic,Aftyn Behn,0
Davidson,03-1,U.S. House,7,Democratic,Bo Mitchell,0
Davidson,03-1,U.S. House,7,Democratic,Darden Hunter Copeland,0
Davidson,03-1,U.S. House,7,Democratic,Vincent Dixie,0
Davidson,03-1,U.S. House,7,Republican,Adolph Agbéko Dagan,0
Davidson,03-1,U.S. House,7,Republican,Gino Bulso,0
Davidson,03-1,U.S. House,7,Republican,Jason D. Knight,0
Davidson,03-1,U.S. House,7,Republican,Jody Barrett,0
Davidson,03-1,U.S. House,7,Republican,Joe Leurs,0
Davidson,03-1,U.S. House,7,Republican,Lee Reeves,0
Davidson,03-1,U.S. House,7,Republican,Mason Foley,0
Davidson,03-1,U.S. House,7,Republican,Matt Van Epps,0
Davidson,03-1,U.S. House,7,Republican,Stewart Parks,0
Davidson,03-1,U.S. House,7,Republican,Stuart Cooper,0
Davidson,03-1,U.S. House,7,Republican,Tres Wittum,0
Davidson,03-2,U.S. House,7,Democratic,Aftyn Behn,139
Davidson,03-2,U.S. House,7,Democratic,Bo Mitchell,62
Davidson,03-2,U.S. House,7,Democratic,Darden Hunter Copeland,62
Davidson,03-2,U.S. House,7,Democratic,Vincent Dixie,459
Davidson,03-2,U.S. House,7,Republican,Adolph Agbéko Dagan,1
Davidson,03-2,U.S. House,7,Republican,Gino Bulso,14
Davidson,03-2,U.S. House,7,Republican,Jason D. Knight,4
Davidson,03-2,U.S. House,7,Republican,Jody Barrett,21
Davidson,03-2,U.S. House,7,Republican,Joe Leurs,0
Davidson,03-2,U.S. House,7,Republican,Lee Reeves,4
Davidson,03-2,U.S. House,7,Republican,Mason Foley,6
Davidson,03-2,U.S. House,7,Republican,Matt Van Epps,41
Davidson,03-2,U.S. House,7,Republican,Stewart Parks,0
Davidson,03-2,U.S. House,7,Republican,Stuart Cooper,0
Davidson,03-2,U.S. House,7,Republican,Tres Wittum,0
Davidson,03-3,U.S. House,7,Democratic,Aftyn Behn,7
Davidson,03-3,U.S. House,7,Democratic,Bo Mitchell,9
Davidson,03-3,U.S. House,7,Democratic,Darden Hunter Copeland,5
Davidson,03-3,U.S. House,7,Democratic,Vincent Dixie,11
Davidson,03-3,U.S. House,7,Republican,Adolph Agbéko Dagan,0
Davidson,03-3,U.S. House,7,Republican,Gino Bulso,1
Davidson,03-3,U.S. House,7,Republican,Jason D. Knight,0
Davidson,03-3,U.S. House,7,Republican,Jody Barrett,2
Davidson,03-3,U.S. House,7,Republican,Joe Leurs,0
Davidson,03-3,U.S. House,7,Republican,Lee Reeves,4
Davidson,03-3,U.S. House,7,Republican,Mason Foley,5
Davidson,03-3,U.S. House,7,Republican,Matt Van Epps,8
Davidson,03-3,U.S. House,7,Republican,Stewart Parks,1
Davidson,03-3,U.S. House,7,Republican,Stuart Cooper,0
Davidson,03-3,U.S. House,7,Republican,Tres Wittum,0
Davidson,03-5,U.S. House,7,Democratic,Aftyn Behn,43
Davidson,03-5,U.S. House,7,Democratic,Bo Mitchell,18
Davidson,03-5,U.S. House,7,Democratic,Darden Hunter Copeland,8
Davidson,03-5,U.S. House,7,Democratic,Vincent Dixie,22
Davidson,03-5,U.S. House,7,Republican,Adolph Agbéko Dagan,0
Davidson,03-5,U.S. House,7,Republican,Gino Bulso,2
Davidson,03-5,U.S. House,7,Republican,Jason D. Knight,0
Davidson,03-5,U.S. House,7,Republican,Jody Barrett,8
Davidson,03-5,U.S. House,7,Republican,Joe Leurs,0
Davidson,03-5,U.S. House,7,Republican,Lee Reeves,1
Davidson,03-5,U.S. House,7,Republican,Mason Foley,1
Davidson,03-5,U.S. House,7,Republican,Matt Van Epps,28
Davidson,03-5,U.S. House,7,Republican,Stewart Parks,0
Davidson,03-5,U.S. House,7,Republican,Stuart Cooper,0
Davidson,03-5,U.S. House,7,Republican,Tres Wittum,0
Davidson,03-6,U.S. House,7,Democratic,Aftyn Behn,24
Davidson,03-6,U.S. House,7,Democratic,Bo Mitchell,19
Davidson,03-6,U.S. House,7,Democratic,Darden Hunter Copeland,10
Davidson,03-6,U.S. House,7,Democratic,Vincent Dixie,57
Davidson,03-6,U.S. House,7,Republican,Adolph Agbéko Dagan,0
Davidson,03-6,U.S. House,7,Republican,Gino Bulso,4
Davidson,03-6,U.S. House,7,Republican,Jason D. Knight,0
Davidson,03-6,U.S. House,7,Republican,Jody Barrett,7
Davidson,03-6,U.S. House,7,Republican,Joe Leurs,0
Davidson,03-6,U.S. House,7,Republican,Lee Reeves,4
Davidson,03-6,U.S. House,7,Republican,Mason Foley,4
Davidson,03-6,U.S. House,7,Republican,Matt Van Epps,23
Davidson,03-6,U.S. House,7,Republican,Stewart Parks,1
Davidson,03-6,U.S. House,7,Republican,Stuart Cooper,0
Davidson,03-6,U.S. House,7,Republican,Tres Wittum,0
Davidson,03-8,U.S. House,7,Democratic,Aftyn Behn,96
Davidson,03-8,U.S. House,7,Democratic,Bo Mitchell,36
Davidson,03-8,U.S. House,7,Democratic,Darden Hunter Copeland,61
Davidson,03-8,U.S. House,7,Democratic,Vincent Dixie,419
Davidson,03-8,U.S. House,7,Republican,Adolph Agbéko Dagan,2
Davidson,03-8,U.S. House,7,Republican,Gino Bulso,5
Davidson,03-8,U.S. House,7,Republican,Jason D. Knight,1
Davidson,03-8,U.S. House,7,Republican,Jody Barrett,7
Davidson,03-8,U.S. House,7,Republican,Joe Leurs,1
Davidson,03-8,U.S. House,7,Republican,Lee Reeves,1
Davidson,03-8,U.S. House,7,Republican,Mason Foley,3
Davidson,03-8,U.S. House,7,Republican,Matt Van Epps,11
Davidson,03-8,U.S. House,7,Republican,Stewart Parks,0
Davidson,03-8,U.S. House,7,Republican,Stuart Cooper,4
Davidson,03-8,U.S. House,7,Republican,Tres Wittum,0
Davidson,05-1,U.S. House,7,Democratic,Aftyn Behn,6
Davidson,05-1,U.S. House,7,Democratic,Bo Mitchell,2
Davidson,05-1,U.S. House,7,Democratic,Darden Hunter Copeland,2
Davidson,05-1,U.S. House,7,Democratic,Vincent Dixie,6
Davidson,05-1,U.S. House,7,Republican,Adolph Agbéko Dagan,0
Davidson,05-1,U.S. House,7,Republican,Gino Bulso,0
Davidson,05-1,U.S. House,7,Republican,Jason D. Knight,0
Davidson,05-1,U.S. House,7,Republican,Jody Barrett,0
Davidson,05-1,U.S. House,7,Republican,Joe Leurs,0
Davidson,05-1,U.S. House,7,Republican,Lee Reeves,2
Davidson,05-1,U.S. House,7,Republican,Mason Foley,0
Davidson,05-1,U.S. House,7,Republican,Matt Van Epps,2
Davidson,05-1,U.S. House,7,Republican,Stewart Parks,0
Davidson,05-1,U.S. House,7,Republican,Stuart Cooper,0
Davidson,05-1,U.S. House,7,Republican,Tres Wittum,0
Davidson,10-2,U.S. House,7,Democratic,Aftyn Behn,5
Davidson,10-2,U.S. House,7,Democratic,Bo Mitchell,17
Davidson,10-2,U.S. House,7,Democratic,Darden Hunter Copeland,6
Davidson,10-2,U.S. House,7,Democratic,Vincent Dixie,3
Davidson,10-2,U.S. House,7,Republican,Adolph Agbéko Dagan,0
Davidson,10-2,U.S. House,7,Republican,Gino Bulso,9
Davidson,10-2,U.S. House,7,Republican,Jason D. Knight,1
Davidson,10-2,U.S. House,7,Republican,Jody Barrett,9
Davidson,10-2,U.S. House,7,Republican,Joe Leurs,0
Davidson,10-2,U.S. House,7,Republican,Lee Reeves,0
Davidson,10-2,U.S. House,7,Republican,Mason Foley,1
Davidson,10-2,U.S. House,7,Republican,Matt Van Epps,30
Davidson,10-2,U.S. House,7,Republican,Stewart Parks,0
Davidson,10-2,U.S. House,7,Republican,Stuart Cooper,1
Davidson,10-2,U.S. House,7,Republican,Tres Wittum,0
Davidson,10-3,U.S. House,7,Democratic,Aftyn Behn,17
Davidson,10-3,U.S. House,7,Democratic,Bo Mitchell,46
Davidson,10-3,U.S. House,7,Democratic,Darden Hunter Copeland,11
Davidson,10-3,U.S. House,7,Democratic,Vincent Dixie,5
Davidson,10-3,U.S. House,7,Republican,Adolph Agbéko Dagan,0
Davidson,10-3,U.S. House,7,Republican,Gino Bulso,10
Davidson,10-3,U.S. House,7,Republican,Jason D. Knight,0
Davidson,10-3,U.S. House,7,Republican,Jody Barrett,18
Davidson,10-3,U.S. House,7,Republican,Joe Leurs,0
Davidson,10-3,U.S. House,7,Republican,Lee Reeves,5
Davidson,10-3,U.S. House,7,Republican,Mason Foley,1
Davidson,10-3,U.S. House,7,Republican,Matt Van Epps,64
Davidson,10-3,U.S. House,7,Republican,Stewart Parks,0
Davidson,10-3,U.S. House,7,Republican,Stuart Cooper,0
Davidson,10-3,U.S. House,7,Republican,Tres Wittum,0
Davidson,10-7,U.S. House,7,Democratic,Aftyn Behn,1
Davidson,10-7,U.S. House,7,Democratic,Bo Mitchell,2
Davidson,10-7,U.S. House,7,Democratic,Darden Hunter Copeland,0
Davidson,10-7,U.S. House,7,Democratic,Vincent Dixie,4
Davidson,10-7,U.S. House,7,Republican,Adolph Agbéko Dagan,0
Davidson,10-7,U.S. House,7,Republican,Gino Bulso,0
Davidson,10-7,U.S. House,7,Republican,Jason D. Knight,0
Davidson,10-7,U.S. House,7,Republican,Jody Barrett,0
Davidson,10-7,U.S. House,7,Republican,Joe Leurs,0
Davidson,10-7,U.S. House,7,Republican,Lee Reeves,0
Davidson,10-7,U.S. House,7,Republican,Mason Foley,0
Davidson,10-7,U.S. House,7,Republican,Matt Van Epps,3
Davidson,10-7,U.S. House,7,Republican,Stewart Parks,0
Davidson,10-7,U.S. House,7,Republican,Stuart Cooper,0
Davidson,10-7,U.S. House,7,Republican,Tres Wittum,0
Davidson,10-9,U.S. House,7,Democratic,Aftyn Behn,5
Davidson,10-9,U.S. House,7,Democratic,Bo Mitchell,31
Davidson,10-9,U.S. House,7,Democratic,Darden Hunter Copeland,12
Davidson,10-9,U.S. House,7,Democratic,Vincent Dixie,1
Davidson,10-9,U.S. House,7,Republican,Adolph Agbéko Dagan,1
Davidson,10-9,U.S. House,7,Republican,Gino Bulso,12
Davidson,10-9,U.S. House,7,Republican,Jason D. Knight,0
Davidson,10-9,U.S. House,7,Republican,Jody Barrett,11
Davidson,10-9,U.S. House,7,Republican,Joe Leurs,1
Davidson,10-9,U.S. House,7,Republican,Lee Reeves,4
Davidson,10-9,U.S. House,7,Republican,Mason Foley,2
Davidson,10-9,U.S. House,7,Republican,Matt Van Epps,57
Davidson,10-9,U.S. House,7,Republican,Stewart Parks,0
Davidson,10-9,U.S. House,7,Republican,Stuart Cooper,1
Davidson,10-9,U.S. House,7,Republican,Tres Wittum,0
Davidson,15-2,U.S. House,7,Democratic,Aftyn Behn,6
Davidson,15-2,U.S. House,7,Democratic,Bo Mitchell,2
Davidson,15-2,U.S. House,7,Democratic,Darden Hunter Copeland,3
Davidson,15-2,U.S. House,7,Democratic,Vincent Dixie,6
Davidson,15-2,U.S. House,7,Republican,Adolph Agbéko Dagan,0
Davidson,15-2,U.S. House,7,Republican,Gino Bulso,0
Davidson,15-2,U.S. House,7,Republican,Jason D. Knight,0
Davidson,15-2,U.S. House,7,Republican,Jody Barrett,2
Davidson,15-2,U.S. House,7,Republican,Joe Leurs,0
Davidson,15-2,U.S. House,7,Republican,Lee Reeves,0
Davidson,15-2,U.S. House,7,Republican,Mason Foley,1
Davidson,15-2,U.S. House,7,Republican,Matt Van Epps,4
Davidson,15-2,U.S. House,7,Republican,Stewart Parks,0
Davidson,15-2,U.S. House,7,Republican,Stuart Cooper,0
Davidson,15-2,U.S. House,7,Republican,Tres Wittum,0
Davidson,16-1,U.S. House,7,Democratic,Aftyn Behn,21
Davidson,16-1,U.S. House,7,Democratic,Bo Mitchell,6
Davidson,16-1,U.S. House,7,Democratic,Darden Hunter Copeland,5
Davidson,16-1,U.S. House,7,Democratic,Vincent Dixie,4
Davidson,16-1,U.S. House,7,Republican,Adolph Agbéko Dagan,0
Davidson,16-1,U.S. House,7,Republican,Gino Bulso,1
Davidson,16-1,U.S. House,7,Republican,Jason D. Knight,0
Davidson,16-1,U.S. House,7,Republican,Jody Barrett,3
Davidson,16-1,U.S. House,7,Republican,Joe Leurs,0
Davidson,16-1,U.S. House,7,Republican,Lee Reeves,3
Davidson,16-1,U.S. House,7,Republican,Mason Foley,0
Davidson,16-1,U.S. House,7,Republican,Matt Van Epps,10
Davidson,16-1,U.S. House,7,Republican,Stewart Parks,0
Davidson,16-1,U.S. House,7,Republican,Stuart Cooper,0
Davidson,16-1,U.S. House,7,Republican,Tres Wittum,0
Davidson,16-3,U.S. House,7,Democratic,Aftyn Behn,10
Davidson,16-3,U.S. House,7,Democratic,Bo Mitchell,2
Davidson,16-3,U.S. House,7,Democratic,Darden Hunter Copeland,3
Davidson,16-3,U.S. House,7,Democratic,Vincent Dixie,0
Davidson,16-3,U.S. House,7,Republican,Adolph Agbéko Dagan,0
Davidson,16-3,U.S. House,7,Republican,Gino Bulso,0
Davidson,16-3,U.S. House,7,Republican,Jason D. Knight,0
Davidson,16-3,U.S. House,7,Republican,Jody Barrett,0
Davidson,16-3,U.S. House,7,Republican,Joe Leurs,0
Davidson,16-3,U.S. House,7,Republican,Lee Reeves,0
Davidson,16-3,U.S. House,7,Republican,Mason Foley,0
Davidson,16-3,U.S. House,7,Republican,Matt Van Epps,3
Davidson,16-3,U.S. House,7,Republican,Stewart Parks,1
Davidson,16-3,U.S. House,7,Republican,Stuart Cooper,0
Davidson,16-3,U.S. House,7,Republican,Tres Wittum,0
Davidson,17-1,U.S. House,7,Democratic,Aftyn Behn,67
Davidson,17-1,U.S. House,7,Democratic,Bo Mitchell,30
Davidson,17-1,U.S. House,7,Democratic,Darden Hunter Copeland,17
Davidson,17-1,U.S. House,7,Democratic,Vincent Dixie,32
Davidson,17-1,U.S. House,7,Republican,Adolph Agbéko Dagan,1
Davidson,17-1,U.S. House,7,Republican,Gino Bulso,3
Davidson,17-1,U.S. House,7,Republican,Jason D. Knight,1
Davidson,17-1,U.S. House,7,Republican,Jody Barrett,12
Davidson,17-1,U.S. House,7,Republican,Joe Leurs,0
Davidson,17-1,U.S. House,7,Republican,Lee Reeves,1
Davidson,17-1,U.S. House,7,Republican,Mason Foley,2
Davidson,17-1,U.S. House,7,Republican,Matt Van Epps,25
Davidson,17-1,U.S. House,7,Republican,Stewart Parks,0
Davidson,17-1,U.S. House,7,Republican,Stuart Cooper,1
Davidson,17-1,U.S. House,7,Republican,Tres Wittum,0
Davidson,17-2,U.S. House,7,Democratic,Aftyn Behn,48
Davidson,17-2,U.S. House,7,Democratic,Bo Mitchell,32
Davidson,17-2,U.S. House,7,Democratic,Darden Hunter Copeland,29
Davidson,17-2,U.S. House,7,Democratic,Vincent Dixie,32
Davidson,17-2,U.S. House,7,Republican,Adolph Agbéko Dagan,0
Davidson,17-2,U.S. House,7,Republican,Gino Bulso,0
Davidson,17-2,U.S. House,7,Republican,Jason D. Knight,0
Davidson,17-2,U.S. House,7,Republican,Jody Barrett,4
Davidson,17-2,U.S. House,7,Republican,Joe Leurs,0
Davidson,17-2,U.S. House,7,Republican,Lee Reeves,2
Davidson,17-2,U.S. House,7,Republican,Mason Foley,5
Davidson,17-2,U.S. House,7,Republican,Matt Van Epps,5
Davidson,17-2,U.S. House,7,Republican,Stewart Parks,0
Davidson,17-2,U.S. House,7,Republican,Stuart Cooper,0
Davidson,17-2,U.S. House,7,Republican,Tres Wittum,0
Davidson,17-3,U.S. House,7,Democratic,Aftyn Behn,12
Davidson,17-3,U.S. House,7,Democratic,Bo Mitchell,7
Davidson,17-3,U.S. House,7,Democratic,Darden Hunter Copeland,9
Davidson,17-3,U.S. House,7,Democratic,Vincent Dixie,6
Davidson,17-3,U.S. House,7,Republican,Adolph Agbéko Dagan,0
Davidson,17-3,U.S. House,7,Republican,Gino Bulso,0
Davidson,17-3,U.S. House,7,Republican,Jason D. Knight,0
Davidson,17-3,U.S. House,7,Republican,Jody Barrett,0
Davidson,17-3,U.S. House,7,Republican,Joe Leurs,0
Davidson,17-3,U.S. House,7,Republican,Lee Reeves,0
Davidson,17-3,U.S. House,7,Republican,Mason Foley,0
Davidson,17-3,U.S. House,7,Republican,Matt Van Epps,0
Davidson,17-3,U.S. House,7,Republican,Stewart Parks,1
Davidson,17-3,U.S. House,7,Republican,Stuart Cooper,0
Davidson,17-3,U.S. House,7,Republican,Tres Wittum,0
Davidson,17-4,U.S. House,7,Democratic,Aftyn Behn,45
Davidson,17-4,U.S. House,7,Democratic,Bo Mitchell,16
Davidson,17-4,U.S. House,7,Democratic,Darden Hunter Copeland,15
Davidson,17-4,U.S. House,7,Democratic,Vincent Dixie,18
Davidson,17-4,U.S. House,7,Republican,Adolph Agbéko Dagan,0
Davidson,17-4,U.S. House,7,Republican,Gino Bulso,1
Davidson,17-4,U.S. House,7,Republican,Jason D. Knight,1
Davidson,17-4,U.S. House,7,Republican,Jody Barrett,0
Davidson,17-4,U.S. House,7,Republican,Joe Leurs,0
Davidson,17-4,U.S. House,7,Republican,Lee Reeves,2
Davidson,17-4,U.S. House,7,Republican,Mason Foley,2
Davidson,17-4,U.S. House,7,Republican,Matt Van Epps,10
Davidson,17-4,U.S. House,7,Republican,Stewart Parks,1
Davidson,17-4,U.S. House,7,Republican,Stuart Cooper,1
Davidson,17-4,U.S. House,7,Republican,Tres Wittum,0
Davidson,17-5,U.S. House,7,Democratic,Aftyn Behn,7
Davidson,17-5,U.S. House,7,Democratic,Bo Mitchell,8
Davidson,17-5,U.S. House,7,Democratic,Darden Hunter Copeland,20
Davidson,17-5,U.S. House,7,Democratic,Vincent Dixie,13
Davidson,17-5,U.S. House,7,Republican,Adolph Agbéko Dagan,0
Davidson,17-5,U.S. House,7,Republican,Gino Bulso,2
Davidson,17-5,U.S. House,7,Republican,Jason D. Knight,1
Davidson,17-5,U.S. House,7,Republican,Jody Barrett,6
Davidson,17-5,U.S. House,7,Republican,Joe Leurs,0
Davidson,17-5,U.S. House,7,Republican,Lee Reeves,1
Davidson,17-5,U.S. House,7,Republican,Mason Foley,0
Davidson,17-5,U.S. House,7,Republican,Matt Van Epps,17
Davidson,17-5,U.S. House,7,Republican,Stewart Parks,2
Davidson,17-5,U.S. House,7,Republican,Stuart Cooper,0
Davidson,17-5,U.S. House,7,Republican,Tres Wittum,0
Davidson,17-6,U.S. House,7,Democratic,Aftyn Behn,10
Davidson,17-6,U.S. House,7,Democratic,Bo Mitchell,6
Davidson,17-6,U.S. House,7,Democratic,Darden Hunter Copeland,3
Davidson,17-6,U.S. House,7,Democratic,Vincent Dixie,20
Davidson,17-6,U.S. House,7,Republican,Adolph Agbéko Dagan,0
Davidson,17-6,U.S. House,7,Republican,Gino Bulso,1
Davidson,17-6,U.S. House,7,Republican,Jason D. Knight,0
Davidson,17-6,U.S. House,7,Republican,Jody Barrett,1
Davidson,17-6,U.S. House,7,Republican,Joe Leurs,0
Davidson,17-6,U.S. House,7,Republican,Lee Reeves,0
Davidson,17-6,U.S. House,7,Republican,Mason Foley,0
Davidson,17-6,U.S. House,7,Republican,Matt Van Epps,2
Davidson,17-6,U.S. House,7,Republican,Stewart Parks,1
Davidson,17-6,U.S. House,7,Republican,Stuart Cooper,0
Davidson,17-6,U.S. House,7,Republican,Tres Wittum,0
Davidson,17-7,U.S. House,7,Democratic,Aftyn Behn,213
Davidson,17-7,U.S. House,7,Democratic,Bo Mitchell,78
Davidson,17-7,U.S. House,7,Democratic,Darden Hunter Copeland,150
Davidson,17-7,U.S. House,7,Democratic,Vincent Dixie,68
Davidson,17-7,U.S. House,7,Republican,Adolph Agbéko Dagan,1
Davidson,17-7,U.S. House,7,Republican,Gino Bulso,5
Davidson,17-7,U.S. House,7,Republican,Jason D. Knight,1
Davidson,17-7,U.S. House,7,Republican,Jody Barrett,15
Davidson,17-7,U.S. House,7,Republican,Joe Leurs,0
Davidson,17-7,U.S. House,7,Republican,Lee Reeves,0
Davidson,17-7,U.S. House,7,Republican,Mason Foley,4
Davidson,17-7,U.S. House,7,Republican,Matt Van Epps,43
Davidson,17-7,U.S. House,7,Republican,Stewart Parks,0
Davidson,17-7,U.S. House,7,Republican,Stuart Cooper,0
Davidson,17-7,U.S. House,7,Republican,Tres Wittum,0
Davidson,17-8,U.S. House,7,Democratic,Aftyn Behn,109
Davidson,17-8,U.S. House,7,Democratic,Bo Mitchell,31
Davidson,17-8,U.S. House,7,Democratic,Darden Hunter Copeland,21
Davidson,17-8,U.S. House,7,Democratic,Vincent Dixie,31
Davidson,17-8,U.S. House,7,Republican,Adolph Agbéko Dagan,0
Davidson,17-8,U.S. House,7,Republican,Gino Bulso,2
Davidson,17-8,U.S. House,7,Republican,Jason D. Knight,1
Davidson,17-8,U.S. House,7,Republican,Jody Barrett,1
Davidson,17-8,U.S. House,7,Republican,Joe Leurs,1
Davidson,17-8,U.S. House,7,Republican,Lee Reeves,2
Davidson,17-8,U.S. House,7,Republican,Mason Foley,0
Davidson,17-8,U.S. House,7,Republican,Matt Van Epps,12
Davidson,17-8,U.S. House,7,Republican,Stewart Parks,4
Davidson,17-8,U.S. House,7,Republican,Stuart Cooper,0
Davidson,17-8,U.S. House,7,Republican,Tres Wittum,1
Davidson,18-1,U.S. House,7,Democratic,Aftyn Behn,109
Davidson,18-1,U.S. House,7,Democratic,Bo Mitchell,88
Davidson,18-1,U.S. House,7,Democratic,Darden Hunter Copeland,49
Davidson,18-1,U.S. House,7,Democratic,Vincent Dixie,29
Davidson,18-1,U.S. House,7,Republican,Adolph Agbéko Dagan,1
Davidson,18-1,U.S. House,7,Republican,Gino Bulso,3
Davidson,18-1,U.S. House,7,Republican,Jason D. Knight,0
Davidson,18-1,U.S. House,7,Republican,Jody Barrett,8
Davidson,18-1,U.S. House,7,Republican,Joe Leurs,0
Davidson,18-1,U.S. House,7,Republican,Lee Reeves,3
Davidson,18-1,U.S. House,7,Republican,Mason Foley,2
Davidson,18-1,U.S. House,7,Republican,Matt Van Epps,16
Davidson,18-1,U.S. House,7,Republican,Stewart Parks,3
Davidson,18-1,U.S. House,7,Republican,Stuart Cooper,0
Davidson,18-1,U.S. House,7,Republican,Tres Wittum,0
Davidson,18-2,U.S. House,7,Democratic,Aftyn Behn,117
Davidson,18-2,U.S. House,7,Democratic,Bo Mitchell,70
Davidson,18-2,U.S. House,7,Democratic,Darden Hunter Copeland,65
Davidson,18-2,U.S. House,7,Democratic,Vincent Dixie,32
Davidson,18-2,U.S. House,7,Republican,Adolph Agbéko Dagan,0
Davidson,18-2,U.S. House,7,Republican,Gino Bulso,2
Davidson,18-2,U.S. House,7,Republican,Jason D. Knight,0
Davidson,18-2,U.S. House,7,Republican,Jody Barrett,7
Davidson,18-2,U.S. House,7,Republican,Joe Leurs,0
Davidson,18-2,U.S. House,7,Republican,Lee Reeves,2
Davidson,18-2,U.S. House,7,Republican,Mason Foley,2
Davidson,18-2,U.S. House,7,Republican,Matt Van Epps,19
Davidson,18-2,U.S. House,7,Republican,Stewart Parks,0
Davidson,18-2,U.S. House,7,Republican,Stuart Cooper,0
Davidson,18-2,U.S. House,7,Republican,Tres Wittum,2
Davidson,18-3,U.S. House,7,Democratic,Aftyn Behn,334
Davidson,18-3,U.S. House,7,Democratic,Bo Mitchell,334
Davidson,18-3,U.S. House,7,Democratic,Darden Hunter Copeland,185
Davidson,18-3,U.S. House,7,Democratic,Vincent Dixie,41
Davidson,18-3,U.S. House,7,Republican,Adolph Agbéko Dagan,3
Davidson,18-3,U.S. House,7,Republican,Gino Bulso,9
Davidson,18-3,U.S. House,7,Republican,Jason D. Knight,7
Davidson,18-3,U.S. House,7,Republican,Jody Barrett,25
Davidson,18-3,U.S. House,7,Republican,Joe Leurs,2
Davidson,18-3,U.S. House,7,Republican,Lee Reeves,7
Davidson,18-3,U.S. House,7,Republican,Mason Foley,12
Davidson,18-3,U.S. House,7,Republican,Matt Van Epps,50
Davidson,18-3,U.S. House,7,Republican,Stewart Parks,3
Davidson,18-3,U.S. House,7,Republican,Stuart Cooper,1
Davidson,18-3,U.S. House,7,Republican,Tres Wittum,1
Davidson,19-1,U.S. House,7,Democratic,Aftyn Behn,15
Davidson,19-1,U.S. House,7,Democratic,Bo Mitchell,1
Davidson,19-1,U.S. House,7,Democratic,Darden Hunter Copeland,7
Davidson,19-1,U.S. House,7,Democratic,Vincent Dixie,2
Davidson,19-1,U.S. House,7,Republican,Adolph Agbéko Dagan,0
Davidson,19-1,U.S. House,7,Republican,Gino Bulso,0
Davidson,19-1,U.S. House,7,Republican,Jason D. Knight,0
Davidson,19-1,U.S. House,7,Republican,Jody Barrett,1
Davidson,19-1,U.S. House,7,Republican,Joe Leurs,0
Davidson,19-1,U.S. House,7,Republican,Lee Reeves,0
Davidson,19-1,U.S. House,7,Republican,Mason Foley,1
Davidson,19-1,U.S. House,7,Republican,Matt Van Epps,3
Davidson,19-1,U.S. House,7,Republican,Stewart Parks,0
Davidson,19-1,U.S. House,7,Republican,Stuart Cooper,0
Davidson,19-1,U.S. House,7,Republican,Tres Wittum,0
Davidson,19-2,U.S. House,7,Democratic,Aftyn Behn,234
Davidson,19-2,U.S. House,7,Democratic,Bo Mitchell,54
Davidson,19-2,U.S. House,7,Democratic,Darden Hunter Copeland,49
Davidson,19-2,U.S. House,7,Democratic,Vincent Dixie,40
Davidson,19-2,U.S. House,7,Republican,Adolph Agbéko Dagan,2
Davidson,19-2,U.S. House,7,Republican,Gino Bulso,3
Davidson,19-2,U.S. House,7,Republican,Jason D. Knight,1
Davidson,19-2,U.S. House,7,Republican,Jody Barrett,10
Davidson,19-2,U.S. House,7,Republican,Joe Leurs,0
Davidson,19-2,U.S. House,7,Republican,Lee Reeves,4
Davidson,19-2,U.S. House,7,Republican,Mason Foley,10
Davidson,19-2,U.S. House,7,Republican,Matt Van Epps,38
Davidson,19-2,U.S. House,7,Republican,Stewart Parks,2
Davidson,19-2,U.S. House,7,Republican,Stuart Cooper,0
Davidson,19-2,U.S. House,7,Republican,Tres Wittum,0
Davidson,19-3,U.S. House,7,Democratic,Aftyn Behn,86
Davidson,19-3,U.S. House,7,Democratic,Bo Mitchell,41
Davidson,19-3,U.S. House,7,Democratic,Darden Hunter Copeland,33
Davidson,19-3,U.S. House,7,Democratic,Vincent Dixie,92
Davidson,19-3,U.S. House,7,Republican,Adolph Agbéko Dagan,0
Davidson,19-3,U.S. House,7,Republican,Gino Bulso,2
Davidson,19-3,U.S. House,7,Republican,Jason D. Knight,3
Davidson,19-3,U.S. House,7,Republican,Jody Barrett,9
Davidson,19-3,U.S. House,7,Republican,Joe Leurs,2
Davidson,19-3,U.S. House,7,Republican,Lee Reeves,3
Davidson,19-3,U.S. House,7,Republican,Mason Foley,3
Davidson,19-3,U.S. House,7,Republican,Matt Van Epps,7
Davidson,19-3,U.S. House,7,Republican,Stewart Parks,1
Davidson,19-3,U.S. House,7,Republican,Stuart Cooper,1
Davidson,19-3,U.S. House,7,Republican,Tres Wittum,1
Davidson,19-4,U.S. House,7,Democratic,Aftyn Behn,90
Davidson,19-4,U.S. House,7,Democratic,Bo Mitchell,24
Davidson,19-4,U.S. House,7,Democratic,Darden Hunter Copeland,32
Davidson,19-4,U.S. House,7,Democratic,Vincent Dixie,16
Davidson,19-4,U.S. House,7,Republican,Adolph Agbéko Dagan,1
Davidson,19-4,U.S. House,7,Republican,Gino Bulso,1
Davidson,19-4,U.S. House,7,Republican,Jason D. Knight,0
Davidson,19-4,U.S. House,7,Republican,Jody Barrett,13
Davidson,19-4,U.S. House,7,Republican,Joe Leurs,0
Davidson,19-4,U.S. House,7,Republican,Lee Reeves,4
Davidson,19-4,U.S. House,7,Republican,Mason Foley,2
Davidson,19-4,U.S. House,7,Republican,Matt Van Epps,33
Davidson,19-4,U.S. House,7,Republican,Stewart Parks,0
Davidson,19-4,U.S. House,7,Republican,Stuart Cooper,1
Davidson,19-4,U.S. House,7,Republican,Tres Wittum,5
Davidson,19-5,U.S. House,7,Democratic,Aftyn Behn,120
Davidson,19-5,U.S. House,7,Democratic,Bo Mitchell,41
Davidson,19-5,U.S. House,7,Democratic,Darden Hunter Copeland,34
Davidson,19-5,U.S. House,7,Democratic,Vincent Dixie,21
Davidson,19-5,U.S. House,7,Republican,Adolph Agbéko Dagan,1
Davidson,19-5,U.S. House,7,Republican,Gino Bulso,5
Davidson,19-5,U.S. House,7,Republican,Jason D. Knight,1
Davidson,19-5,U.S. House,7,Republican,Jody Barrett,20
Davidson,19-5,U.S. House,7,Republican,Joe Leurs,1
Davidson,19-5,U.S. House,7,Republican,Lee Reeves,9
Davidson,19-5,U.S. House,7,Republican,Mason Foley,4
Davidson,19-5,U.S. House,7,Republican,Matt Van Epps,41
Davidson,19-5,U.S. House,7,Republican,Stewart Parks,1
Davidson,19-5,U.S. House,7,Republican,Stuart Cooper,0
Davidson,19-5,U.S. House,7,Republican,Tres Wittum,2
Davidson,20-1,U.S. House,7,Democratic,Aftyn Behn,26
Davidson,20-1,U.S. House,7,Democratic,Bo Mitchell,9
Davidson,20-1,U.S. House,7,Democratic,Darden Hunter Copeland,8
Davidson,20-1,U.S. House,7,Democratic,Vincent Dixie,6
Davidson,20-1,U.S. House,7,Republican,Adolph Agbéko Dagan,0
Davidson,20-1,U.S. House,7,Republican,Gino Bulso,0
Davidson,20-1,U.S. House,7,Republican,Jason D. Knight,0
Davidson,20-1,U.S. House,7,Republican,Jody Barrett,0
Davidson,20-1,U.S. House,7,Republican,Joe Leurs,0
Davidson,20-1,U.S. House,7,Republican,Lee Reeves,2
Davidson,20-1,U.S. House,7,Republican,Mason Foley,1
Davidson,20-1,U.S. House,7,Republican,Matt Van Epps,2
Davidson,20-1,U.S. House,7,Republican,Stewart Parks,0
Davidson,20-1,U.S. House,7,Republican,Stuart Cooper,0
Davidson,20-1,U.S. House,7,Republican,Tres Wittum,0
Davidson,20-2,U.S. House,7,Democratic,Aftyn Behn,153
Davidson,20-2,U.S. House,7,Democratic,Bo Mitchell,86
Davidson,20-2,U.S. House,7,Democratic,Darden Hunter Copeland,56
Davidson,20-2,U.S. House,7,Democratic,Vincent Dixie,30
Davidson,20-2,U.S. House,7,Republican,Adolph Agbéko Dagan,0
Davidson,20-2,U.S. House,7,Republican,Gino Bulso,4
Davidson,20-2,U.S. House,7,Republican,Jason D. Knight,2
Davidson,20-2,U.S. House,7,Republican,Jody Barrett,17
Davidson,20-2,U.S. House,7,Republican,Joe Leurs,1
Davidson,20-2,U.S. House,7,Republican,Lee Reeves,1
Davidson,20-2,U.S. House,7,Republican,Mason Foley,1
Davidson,20-2,U.S. House,7,Republican,Matt Van Epps,24
Davidson,20-2,U.S. House,7,Republican,Stewart Parks,0
Davidson,20-2,U.S. House,7,Republican,Stuart Cooper,1
Davidson,20-2,U.S. House,7,Republican,Tres Wittum,1
Davidson,20-3,U.S. House,7,Democratic,Aftyn Behn,251
Davidson,20-3,U.S. House,7,Democratic,Bo Mitchell,148
Davidson,20-3,U.S. House,7,Democratic,Darden Hunter Copeland,77
Davidson,20-3,U.S. House,7,Democratic,Vincent Dixie,48
Davidson,20-3,U.S. House,7,Republican,Adolph Agbéko Dagan,0
Davidson,20-3,U.S. House,7,Republican,Gino Bulso,10
Davidson,20-3,U.S. House,7,Republican,Jason D. Knight,2
Davidson,20-3,U.S. House,7,Republican,Jody Barrett,29
Davidson,20-3,U.S. House,7,Republican,Joe Leurs,1
Davidson,20-3,U.S. House,7,Republican,Lee Reeves,14
Davidson,20-3,U.S. House,7,Republican,Mason Foley,8
Davidson,20-3,U.S. House,7,Republican,Matt Van Epps,113
Davidson,20-3,U.S. House,7,Republican,Stewart Parks,6
Davidson,20-3,U.S. House,7,Republican,Stuart Cooper,3
Davidson,20-3,U.S. House,7,Republican,Tres Wittum,1
Davidson,20-5,U.S. House,7,Democratic,Aftyn Behn,68
Davidson,20-5,U.S. House,7,Democratic,Bo Mitchell,32
Davidson,20-5,U.S. House,7,Democratic,Darden Hunter Copeland,25
Davidson,20-5,U.S. House,7,Democratic,Vincent Dixie,17
Davidson,20-5,U.S. House,7,Republican,Adolph Agbéko Dagan,0
Davidson,20-5,U.S. House,7,Republican,Gino Bulso,2
Davidson,20-5,U.S. House,7,Republican,Jason D. Knight,0
Davidson,20-5,U.S. House,7,Republican,Jody Barrett,3
Davidson,20-5,U.S. House,7,Republican,Joe Leurs,0
Davidson,20-5,U.S. House,7,Republican,Lee Reeves,4
Davidson,20-5,U.S. House,7,Republican,Mason Foley,4
Davidson,20-5,U.S. House,7,Republican,Matt Van Epps,23
Davidson,20-5,U.S. House,7,Republican,Stewart Parks,0
Davidson,20-5,U.S. House,7,Republican,Stuart Cooper,0
Davidson,20-5,U.S. House,7,Republican,Tres Wittum,1
Davidson,21-1,U.S. House,7,Democratic,Aftyn Behn,80
Davidson,21-1,U.S. House,7,Democratic,Bo Mitchell,53
Davidson,21-1,U.S. House,7,Democratic,Darden Hunter Copeland,27
Davidson,21-1,U.S. House,7,Democratic,Vincent Dixie,23
Davidson,21-1,U.S. House,7,Republican,Adolph Agbéko Dagan,1
Davidson,21-1,U.S. House,7,Republican,Gino Bulso,6
Davidson,21-1,U.S. House,7,Republican,Jason D. Knight,1
Davidson,21-1,U.S. House,7,Republican,Jody Barrett,8
Davidson,21-1,U.S. House,7,Republican,Joe Leurs,1
Davidson,21-1,U.S. House,7,Republican,Lee Reeves,2
Davidson,21-1,U.S. House,7,Republican,Mason Foley,3
Davidson,21-1,U.S. House,7,Republican,Matt Van Epps,20
Davidson,21-1,U.S. House,7,Republican,Stewart Parks,0
Davidson,21-1,U.S. House,7,Republican,Stuart Cooper,0
Davidson,21-1,U.S. House,7,Republican,Tres Wittum,0
Davidson,21-2,U.S. House,7,Democratic,Aftyn Behn,55
Davidson,21-2,U.S. House,7,Democratic,Bo Mitchell,41
Davidson,21-2,U.S. House,7,Democratic,Darden Hunter Copeland,37
Davidson,21-2,U.S. House,7,Democratic,Vincent Dixie,128
Davidson,21-2,U.S. House,7,Republican,Adolph Agbéko Dagan,0
Davidson,21-2,U.S. House,7,Republican,Gino Bulso,2
Davidson,21-2,U.S. House,7,Republican,Jason D. Knight,0
Davidson,21-2,U.S. House,7,Republican,Jody Barrett,2
Davidson,21-2,U.S. House,7,Republican,Joe Leurs,0
Davidson,21-2,U.S. House,7,Republican,Lee Reeves,3
Davidson,21-2,U.S. House,7,Republican,Mason Foley,1
Davidson,21-2,U.S. House,7,Republican,Matt Van Epps,7
Davidson,21-2,U.S. House,7,Republican,Stewart Parks,1
Davidson,21-2,U.S. House,7,Republican,Stuart Cooper,0
Davidson,21-2,U.S. House,7,Republican,Tres Wittum,1
Davidson,21-3,U.S. House,7,Democratic,Aftyn Behn,105
Davidson,21-3,U.S. House,7,Democratic,Bo Mitchell,60
Davidson,21-3,U.S. House,7,Democratic,Darden Hunter Copeland,72
Davidson,21-3,U.S. House,7,Democratic,Vincent Dixie,242
Davidson,21-3,U.S. House,7,Republican,Adolph Agbéko Dagan,1
Davidson,21-3,U.S. House,7,Republican,Gino Bulso,4
Davidson,21-3,U.S. House,7,Republican,Jason D. Knight,0
Davidson,21-3,U.S. House,7,Republican,Jody Barrett,4
Davidson,21-3,U.S. House,7,Republican,Joe Leurs,1
Davidson,21-3,U.S. House,7,Republican,Lee Reeves,1
Davidson,21-3,U.S. House,7,Republican,Mason Foley,0
Davidson,21-3,U.S. House,7,Republican,Matt Van Epps,12
Davidson,21-3,U.S. House,7,Republican,Stewart Parks,0
Davidson,21-3,U.S. House,7,Republican,Stuart Cooper,0
Davidson,21-3,U.S. House,7,Republican,Tres Wittum,1
Davidson,21-4,U.S. House,7,Democratic,Aftyn Behn,40
Davidson,21-4,U.S. House,7,Democratic,Bo Mitchell,40
Davidson,21-4,U.S. House,7,Democratic,Darden Hunter Copeland,25
Davidson,21-4,U.S. House,7,Democratic,Vincent Dixie,137
Davidson,21-4,U.S. House,7,Republican,Adolph Agbéko Dagan,0
Davidson,21-4,U.S. House,7,Republican,Gino Bulso,2
Davidson,21-4,U.S. House,7,Republican,Jason D. Knight,0
Davidson,21-4,U.S. House,7,Republican,Jody Barrett,4
Davidson,21-4,U.S. House,7,Republican,Joe Leurs,0
Davidson,21-4,U.S. House,7,Republican,Lee Reeves,1
Davidson,21-4,U.S. House,7,Republican,Mason Foley,0
Davidson,21-4,U.S. House,7,Republican,Matt Van Epps,1
Davidson,21-4,U.S. House,7,Republican,Stewart Parks,0
Davidson,21-4,U.S. House,7,Republican,Stuart Cooper,0
Davidson,21-4,U.S. House,7,Republican,Tres Wittum,0
Davidson,24-1,U.S. House,7,Democratic,Aftyn Behn,5
Davidson,24-1,U.S. House,7,Democratic,Bo Mitchell,4
Davidson,24-1,U.S. House,7,Democratic,Darden Hunter Copeland,0
Davidson,24-1,U.S. House,7,Democratic,Vincent Dixie,9
Davidson,24-1,U.S. House,7,Republican,Adolph Agbéko Dagan,0
Davidson,24-1,U.S. House,7,Republican,Gino Bulso,0
Davidson,24-1,U.S. House,7,Republican,Jason D. Knight,0
Davidson,24-1,U.S. House,7,Republican,Jody Barrett,0
Davidson,24-1,U.S. House,7,Republican,Joe Leurs,0
Davidson,24-1,U.S. House,7,Republican,Lee Reeves,0
Davidson,24-1,U.S. House,7,Republican,Mason Foley,0
Davidson,24-1,U.S. House,7,Republican,Matt Van Epps,0
Davidson,24-1,U.S. House,7,Republican,Stewart Parks,0
Davidson,24-1,U.S. House,7,Republican,Stuart Cooper,0
Davidson,24-1,U.S. House,7,Republican,Tres Wittum,0
Davidson,24-3,U.S. House,7,Democratic,Aftyn Behn,96
Davidson,24-3,U.S. House,7,Democratic,Bo Mitchell,58
Davidson,24-3,U.S. House,7,Democratic,Darden Hunter Copeland,37
Davidson,24-3,U.S. House,7,Democratic,Vincent Dixie,20
Davidson,24-3,U.S. House,7,Republican,Adolph Agbéko Dagan,0
Davidson,24-3,U.S. House,7,Republican,Gino Bulso,1
Davidson,24-3,U.S. House,7,Republican,Jason D. Knight,1
Davidson,24-3,U.S. House,7,Republican,Jody Barrett,5
Davidson,24-3,U.S. House,7,Republican,Joe Leurs,0
Davidson,24-3,U.S. House,7,Republican,Lee Reeves,1
Davidson,24-3,U.S. House,7,Republican,Mason Foley,2
Davidson,24-3,U.S. House,7,Republican,Matt Van Epps,10
Davidson,24-3,U.S. House,7,Republican,Stewart Parks,0
Davidson,24-3,U.S. House,7,Republican,Stuart Cooper,1
Davidson,24-3,U.S. House,7,Republican,Tres Wittum,0
Davidson,24-4,U.S. House,7,Democratic,Aftyn Behn,27
Davidson,24-4,U.S. House,7,Democratic,Bo Mitchell,13
Davidson,24-4,U.S. House,7,Democratic,Darden Hunter Copeland,9
Davidson,24-4,U.S. House,7,Democratic,Vincent Dixie,8
Davidson,24-4,U.S. House,7,Republican,Adolph Agbéko Dagan,0
Davidson,24-4,U.S. House,7,Republican,Gino Bulso,3
Davidson,24-4,U.S. House,7,Republican,Jason D. Knight,1
Davidson,24-4,U.S. House,7,Republican,Jody Barrett,0
Davidson,24-4,U.S. House,7,Republican,Joe Leurs,0
Davidson,24-4,U.S. House,7,Republican,Lee Reeves,2
Davidson,24-4,U.S. House,7,Republican,Mason Foley,0
Davidson,24-4,U.S. House,7,Republican,Matt Van Epps,3
Davidson,24-4,U.S. House,7,Republican,Stewart Parks,2
Davidson,24-4,U.S. House,7,Republican,Stuart Cooper,0
Davidson,24-4,U.S. House,7,Republican,Tres Wittum,0
Davidson,24-5,U.S. House,7,Democratic,Aftyn Behn,307
Davidson,24-5,U.S. House,7,Democratic,Bo Mitchell,236
Davidson,24-5,U.S. House,7,Democratic,Darden Hunter Copeland,122
Davidson,24-5,U.S. House,7,Democratic,Vincent Dixie,34
Davidson,24-5,U.S. House,7,Republican,Adolph Agbéko Dagan,4
Davidson,24-5,U.S. House,7,Republican,Gino Bulso,14
Davidson,24-5,U.S. House,7,Republican,Jason D. Knight,2
Davidson,24-5,U.S. House,7,Republican,Jody Barrett,22
Davidson,24-5,U.S. House,7,Republican,Joe Leurs,0
Davidson,24-5,U.S. House,7,Republican,Lee Reeves,4
Davidson,24-5,U.S. House,7,Republican,Mason Foley,6
Davidson,24-5,U.S. House,7,Republican,Matt Van Epps,65
Davidson,24-5,U.S. House,7,Republican,Stewart Parks,3
Davidson,24-5,U.S. House,7,Republican,Stuart Cooper,1
Davidson,24-5,U.S. House,7,Republican,Tres Wittum,0
Davidson,26-1,U.S. House,7,Democratic,Aftyn Behn,52
Davidson,26-1,U.S. House,7,Democratic,Bo Mitchell,21
Davidson,26-1,U.S. House,7,Democratic,Darden Hunter Copeland,11
Davidson,26-1,U.S. House,7,Democratic,Vincent Dixie,7
Davidson,26-1,U.S. House,7,Republican,Adolph Agbéko Dagan,0
Davidson,26-1,U.S. House,7,Republican,Gino Bulso,3
Davidson,26-1,U.S. House,7,Republican,Jason D. Knight,0
Davidson,26-1,U.S. House,7,Republican,Jody Barrett,4
Davidson,26-1,U.S. House,7,Republican,Joe Leurs,0
Davidson,26-1,U.S. House,7,Republican,Lee Reeves,1
Davidson,26-1,U.S. House,7,Republican,Mason Foley,1
Davidson,26-1,U.S. House,7,Republican,Matt Van Epps,14
Davidson,26-1,U.S. House,7,Republican,Stewart Parks,3
Davidson,26-1,U.S. House,7,Republican,Stuart Cooper,1
Davidson,26-1,U.S. House,7,Republican,Tres Wittum,1
Davidson,35-4,U.S. House,7,Democratic,Aftyn Behn,19
Davidson,35-4,U.S. House,7,Democratic,Bo Mitchell,2
Davidson,35-4,U.S. House,7,Democratic,Darden Hunter Copeland,2
Davidson,35-4,U.S. House,7,Democratic,Vincent Dixie,3
Davidson,35-4,U.S. House,7,Republican,Adolph Agbéko Dagan,0
Davidson,35-4,U.S. House,7,Republican,Gino Bulso,0
Davidson,35-4,U.S. House,7,Republican,Jason D. Knight,0
Davidson,35-4,U.S. House,7,Republican,Jody Barrett,0
Davidson,35-4,U.S. House,7,Republican,Joe Leurs,0
Davidson,35-4,U.S. House,7,Republican,Lee Reeves,0
Davidson,35-4,U.S. House,7,Republican,Mason Foley,0
Davidson,35-4,U.S. House,7,Republican,Matt Van Epps,0
Davidson,35-4,U.S. House,7,Republican,Stewart Parks,0
Davidson,35-4,U.S. House,7,Republican,Stuart Cooper,0
Davidson,35-4,U.S. House,7,Republican,Tres Wittum,0
Davidson,35-5,U.S. House,7,Democratic,Aftyn Behn,74
Davidson,35-5,U.S. House,7,Democratic,Bo Mitchell,435
Davidson,35-5,U.S. House,7,Democratic,Darden Hunter Copeland,27
Davidson,35-5,U.S. House,7,Democratic,Vincent Dixie,17
Davidson,35-5,U.S. House,7,Republican,Adolph Agbéko Dagan,0
Davidson,35-5,U.S. House,7,Republican,Gino Bulso,42
Davidson,35-5,U.S. House,7,Republican,Jason D. Knight,1
Davidson,35-5,U.S. House,7,Republican,Jody Barrett,59
Davidson,35-5,U.S. House,7,Republican,Joe Leurs,0
Davidson,35-5,U.S. House,7,Republican,Lee Reeves,19
Davidson,35-5,U.S. House,7,Republican,Mason Foley,12
Davidson,35-5,U.S. House,7,Republican,Matt Van Epps,144
Davidson,35-5,U.S. House,7,Republican,Stewart Parks,3
Davidson,35-5,U.S. House,7,Republican,Stuart Cooper,1
Davidson,35-5,U.S. House,7,Republican,Tres Wittum,0
Davidson,All County Precinct,U.S. House,7,Democratic,Aftyn Behn,0
Davidson,All County Precinct,U.S. House,7,Democratic,Bo Mitchell,0
Davidson,All County Precinct,U.S. House,7,Democratic,Darden Hunter Copeland,0
Davidson,All County Precinct,U.S. House,7,Democratic,Vincent Dixie,0
Davidson,All County Precinct,U.S. House,7,Republican,Adolph Agbéko Dagan,0
Davidson,All County Precinct,U.S. House,7,Republican,Gino Bulso,0
Davidson,All County Precinct,U.S. House,7,Republican,Jason D. Knight,0
Davidson,All County Precinct,U.S. House,7,Republican,Jody Barrett,0
Davidson,All County Precinct,U.S. House,7,Republican,Joe Leurs,0
Davidson,All County Precinct,U.S. House,7,Republican,Lee Reeves,0
Davidson,All County Precinct,U.S. House,7,Republican,Mason Foley,0
Davidson,All County Precinct,U.S. House,7,Republican,Matt Van Epps,0
Davidson,All County Precinct,U.S. House,7,Republican,Stewart Parks,0
Davidson,All County Precinct,U.S. House,7,Republican,Stuart Cooper,0
Davidson,All County Precinct,U.S. House,7,Republican,Tres Wittum,0
Decatur,1-1 Dunbar,U.S. House,7,Democratic,Aftyn Behn,5
Decatur,1-1 Dunbar,U.S. House,7,Democratic,Bo Mitchell,18
Decatur,1-1 Dunbar,U.S. House,7,Democratic,Darden Hunter Copeland,11
Decatur,1-1 Dunbar,U.S. House,7,Democratic,Vincent Dixie,0
Decatur,1-1 Dunbar,U.S. House,7,Republican,Adolph Agbéko Dagan,0
Decatur,1-1 Dunbar,U.S. House,7,Republican,Gino Bulso,9
Decatur,1-1 Dunbar,U.S. House,7,Republican,Jason D. Knight,1
Decatur,1-1 Dunbar,U.S. House,7,Republican,Jody Barrett,23
Decatur,1-1 Dunbar,U.S. House,7,Republican,Joe Leurs,0
Decatur,1-1 Dunbar,U.S. House,7,Republican,Lee Reeves,3
Decatur,1-1 Dunbar,U.S. House,7,Republican,Mason Foley,1
Decatur,1-1 Dunbar,U.S. House,7,Republican,Matt Van Epps,65
Decatur,1-1 Dunbar,U.S. House,7,Republican,Stewart Parks,7
Decatur,1-1 Dunbar,U.S. House,7,Republican,Stuart Cooper,1
Decatur,1-1 Dunbar,U.S. House,7,Republican,Tres Wittum,2
Decatur,2-1 Scotts Hill,U.S. House,7,Democratic,Aftyn Behn,1
Decatur,2-1 Scotts Hill,U.S. House,7,Democratic,Bo Mitchell,9
Decatur,2-1 Scotts Hill,U.S. House,7,Democratic,Darden Hunter Copeland,7
Decatur,2-1 Scotts Hill,U.S. House,7,Democratic,Vincent Dixie,0
Decatur,2-1 Scotts Hill,U.S. House,7,Republican,Adolph Agbéko Dagan,0
Decatur,2-1 Scotts Hill,U.S. House,7,Republican,Gino Bulso,19
Decatur,2-1 Scotts Hill,U.S. House,7,Republican,Jason D. Knight,1
Decatur,2-1 Scotts Hill,U.S. House,7,Republican,Jody Barrett,12
Decatur,2-1 Scotts Hill,U.S. House,7,Republican,Joe Leurs,0
Decatur,2-1 Scotts Hill,U.S. House,7,Republican,Lee Reeves,0
Decatur,2-1 Scotts Hill,U.S. House,7,Republican,Mason Foley,0
Decatur,2-1 Scotts Hill,U.S. House,7,Republican,Matt Van Epps,36
Decatur,2-1 Scotts Hill,U.S. House,7,Republican,Stewart Parks,7
Decatur,2-1 Scotts Hill,U.S. House,7,Republican,Stuart Cooper,0
Decatur,2-1 Scotts Hill,U.S. House,7,Republican,Tres Wittum,1
Decatur,3-1 Decaturville,U.S. House,7,Democratic,Aftyn Behn,0
Decatur,3-1 Decaturville,U.S. House,7,Democratic,Bo Mitchell,19
Decatur,3-1 Decaturville,U.S. House,7,Democratic,Darden Hunter Copeland,9
Decatur,3-1 Decaturville,U.S. House,7,Democratic,Vincent Dixie,0
Decatur,3-1 Decaturville,U.S. House,7,Republican,Adolph Agbéko Dagan,0
Decatur,3-1 Decaturville,U.S. House,7,Republican,Gino Bulso,11
Decatur,3-1 Decaturville,U.S. House,7,Republican,Jason D. Knight,2
Decatur,3-1 Decaturville,U.S. House,7,Republican,Jody Barrett,13
Decatur,3-1 Decaturville,U.S. House,7,Republican,Joe Leurs,0
Decatur,3-1 Decaturville,U.S. House,7,Republican,Lee Reeves,2
Decatur,3-1 Decaturville,U.S. House,7,Republican,Mason Foley,0
Decatur,3-1 Decaturville,U.S. House,7,Republican,Matt Van Epps,41
Decatur,3-1 Decaturville,U.S. House,7,Republican,Stewart Parks,8
Decatur,3-1 Decaturville,U.S. House,7,Republican,Stuart Cooper,2
Decatur,3-1 Decaturville,U.S. House,7,Republican,Tres Wittum,0
Decatur,4-1 Decaturville,U.S. House,7,Democratic,Aftyn Behn,2
Decatur,4-1 Decaturville,U.S. House,7,Democratic,Bo Mitchell,32
Decatur,4-1 Decaturville,U.S. House,7,Democratic,Darden Hunter Copeland,21
Decatur,4-1 Decaturville,U.S. House,7,Democratic,Vincent Dixie,2
Decatur,4-1 Decaturville,U.S. House,7,Republican,Adolph Agbéko Dagan,0
Decatur,4-1 Decaturville,U.S. House,7,Republican,Gino Bulso,6
Decatur,4-1 Decaturville,U.S. House,7,Republican,Jason D. Knight,2
Decatur,4-1 Decaturville,U.S. House,7,Republican,Jody Barrett,10
Decatur,4-1 Decaturville,U.S. House,7,Republican,Joe Leurs,0
Decatur,4-1 Decaturville,U.S. House,7,Republican,Lee Reeves,3
Decatur,4-1 Decaturville,U.S. House,7,Republican,Mason Foley,0
Decatur,4-1 Decaturville,U.S. House,7,Republican,Matt Van Epps,39
Decatur,4-1 Decaturville,U.S. House,7,Republican,Stewart Parks,3
Decatur,4-1 Decaturville,U.S. House,7,Republican,Stuart Cooper,0
Decatur,4-1 Decaturville,U.S. House,7,Republican,Tres Wittum,0
Decatur,5-1 Parsons,U.S. House,7,Democratic,Aftyn Behn,1
Decatur,5-1 Parsons,U.S. House,7,Democratic,Bo Mitchell,12
Decatur,5-1 Parsons,U.S. House,7,Democratic,Darden Hunter Copeland,4
Decatur,5-1 Parsons,U.S. House,7,Democratic,Vincent Dixie,0
Decatur,5-1 Parsons,U.S. House,7,Republican,Adolph Agbéko Dagan,0
Decatur,5-1 Parsons,U.S. House,7,Republican,Gino Bulso,10
Decatur,5-1 Parsons,U.S. House,7,Republican,Jason D. Knight,1
Decatur,5-1 Parsons,U.S. House,7,Republican,Jody Barrett,15
Decatur,5-1 Parsons,U.S. House,7,Republican,Joe Leurs,0
Decatur,5-1 Parsons,U.S. House,7,Republican,Lee Reeves,3
Decatur,5-1 Parsons,U.S. House,7,Republican,Mason Foley,2
Decatur,5-1 Parsons,U.S. House,7,Republican,Matt Van Epps,50
Decatur,5-1 Parsons,U.S. House,7,Republican,Stewart Parks,7
Decatur,5-1 Parsons,U.S. House,7,Republican,Stuart Cooper,1
Decatur,5-1 Parsons,U.S. House,7,Republican,Tres Wittum,0
Decatur,6-1 Parsons,U.S. House,7,Democratic,Aftyn Behn,2
Decatur,6-1 Parsons,U.S. House,7,Democratic,Bo Mitchell,8
Decatur,6-1 Parsons,U.S. House,7,Democratic,Darden Hunter Copeland,2
Decatur,6-1 Parsons,U.S. House,7,Democratic,Vincent Dixie,1
Decatur,6-1 Parsons,U.S. House,7,Republican,Adolph Agbéko Dagan,0
Decatur,6-1 Parsons,U.S. House,7,Republican,Gino Bulso,3
Decatur,6-1 Parsons,U.S. House,7,Republican,Jason D. Knight,1
Decatur,6-1 Parsons,U.S. House,7,Republican,Jody Barrett,9
Decatur,6-1 Parsons,U.S. House,7,Republican,Joe Leurs,0
Decatur,6-1 Parsons,U.S. House,7,Republican,Lee Reeves,1
Decatur,6-1 Parsons,U.S. House,7,Republican,Mason Foley,1
Decatur,6-1 Parsons,U.S. House,7,Republican,Matt Van Epps,32
Decatur,6-1 Parsons,U.S. House,7,Republican,Stewart Parks,2
Decatur,6-1 Parsons,U.S. House,7,Republican,Stuart Cooper,0
Decatur,6-1 Parsons,U.S. House,7,Republican,Tres Wittum,0
Decatur,7-1 Crossroads,U.S. House,7,Democratic,Aftyn Behn,2
Decatur,7-1 Crossroads,U.S. House,7,Democratic,Bo Mitchell,8
Decatur,7-1 Crossroads,U.S. House,7,Democratic,Darden Hunter Copeland,14
Decatur,7-1 Crossroads,U.S. House,7,Democratic,Vincent Dixie,0
Decatur,7-1 Crossroads,U.S. House,7,Republican,Adolph Agbéko Dagan,0
Decatur,7-1 Crossroads,U.S. House,7,Republican,Gino Bulso,7
Decatur,7-1 Crossroads,U.S. House,7,Republican,Jason D. Knight,1
Decatur,7-1 Crossroads,U.S. House,7,Republican,Jody Barrett,10
Decatur,7-1 Crossroads,U.S. House,7,Republican,Joe Leurs,0
Decatur,7-1 Crossroads,U.S. House,7,Republican,Lee Reeves,4
Decatur,7-1 Crossroads,U.S. House,7,Republican,Mason Foley,0
Decatur,7-1 Crossroads,U.S. House,7,Republican,Matt Van Epps,57
Decatur,7-1 Crossroads,U.S. House,7,Republican,Stewart Parks,5
Decatur,7-1 Crossroads,U.S. House,7,Republican,Stuart Cooper,0
Decatur,7-1 Crossroads,U.S. House,7,Republican,Tres Wittum,0
Decatur,8-1 Parsons,U.S. House,7,Democratic,Aftyn Behn,1
Decatur,8-1 Parsons,U.S. House,7,Democratic,Bo Mitchell,9
Decatur,8-1 Parsons,U.S. House,7,Democratic,Darden Hunter Copeland,5
Decatur,8-1 Parsons,U.S. House,7,Democratic,Vincent Dixie,0
Decatur,8-1 Parsons,U.S. House,7,Republican,Adolph Agbéko Dagan,0
Decatur,8-1 Parsons,U.S. House,7,Republican,Gino Bulso,4
Decatur,8-1 Parsons,U.S. House,7,Republican,Jason D. Knight,1
Decatur,8-1 Parsons,U.S. House,7,Republican,Jody Barrett,12
Decatur,8-1 Parsons,U.S. House,7,Republican,Joe Leurs,1
Decatur,8-1 Parsons,U.S. House,7,Republican,Lee Reeves,3
Decatur,8-1 Parsons,U.S. House,7,Republican,Mason Foley,1
Decatur,8-1 Parsons,U.S. House,7,Republican,Matt Van Epps,62
Decatur,8-1 Parsons,U.S. House,7,Republican,Stewart Parks,5
Decatur,8-1 Parsons,U.S. House,7,Republican,Stuart Cooper,3
Decatur,8-1 Parsons,U.S. House,7,Republican,Tres Wittum,0
Decatur,9-1 Beacon,U.S. House,7,Democratic,Aftyn Behn,5
Decatur,9-1 Beacon,U.S. House,7,Democratic,Bo Mitchell,3
Decatur,9-1 Beacon,U.S. House,7,Democratic,Darden Hunter Copeland,2
Decatur,9-1 Beacon,U.S. House,7,Democratic,Vincent Dixie,0
Decatur,9-1 Beacon,U.S. House,7,Republican,Adolph Agbéko Dagan,1
Decatur,9-1 Beacon,U.S. House,7,Republican,Gino Bulso,3
Decatur,9-1 Beacon,U.S. House,7,Republican,Jason D. Knight,0
Decatur,9-1 Beacon,U.S. House,7,Republican,Jody Barrett,16
Decatur,9-1 Beacon,U.S. House,7,Republican,Joe Leurs,0
Decatur,9-1 Beacon,U.S. House,7,Republican,Lee Reeves,8
Decatur,9-1 Beacon,U.S. House,7,Republican,Mason Foley,1
Decatur,9-1 Beacon,U.S. House,7,Republican,Matt Van Epps,45
Decatur,9-1 Beacon,U.S. House,7,Republican,Stewart Parks,14
Decatur,9-1 Beacon,U.S. House,7,Republican,Stuart Cooper,0
Decatur,9-1 Beacon,U.S. House,7,Republican,Tres Wittum,1
Dickson,1-1,U.S. House,7,Democratic,Aftyn Behn,20
Dickson,1-1,U.S. House,7,Democratic,Bo Mitchell,71
Dickson,1-1,U.S. House,7,Democratic,Darden Hunter Copeland,36
Dickson,1-1,U.S. House,7,Democratic,Vincent Dixie,3
Dickson,1-1,U.S. House,7,Republican,Adolph Agbéko Dagan,0
Dickson,1-1,U.S. House,7,Republican,Gino Bulso,23
Dickson,1-1,U.S. House,7,Republican,Jason D. Knight,0
Dickson,1-1,U.S. House,7,Republican,Jody Barrett,194
Dickson,1-1,U.S. House,7,Republican,Joe Leurs,1
Dickson,1-1,U.S. House,7,Republican,Lee Reeves,6
Dickson,1-1,U.S. House,7,Republican,Mason Foley,2
Dickson,1-1,U.S. House,7,Republican,Matt Van Epps,151
Dickson,1-1,U.S. House,7,Republican,Stewart Parks,5
Dickson,1-1,U.S. House,7,Republican,Stuart Cooper,0
Dickson,1-1,U.S. House,7,Republican,Tres Wittum,0
Dickson,10-1,U.S. House,7,Democratic,Aftyn Behn,50
Dickson,10-1,U.S. House,7,Democratic,Bo Mitchell,67
Dickson,10-1,U.S. House,7,Democratic,Darden Hunter Copeland,41
Dickson,10-1,U.S. House,7,Democratic,Vincent Dixie,5
Dickson,10-1,U.S. House,7,Republican,Adolph Agbéko Dagan,2
Dickson,10-1,U.S. House,7,Republican,Gino Bulso,29
Dickson,10-1,U.S. House,7,Republican,Jason D. Knight,0
Dickson,10-1,U.S. House,7,Republican,Jody Barrett,213
Dickson,10-1,U.S. House,7,Republican,Joe Leurs,1
Dickson,10-1,U.S. House,7,Republican,Lee Reeves,15
Dickson,10-1,U.S. House,7,Republican,Mason Foley,3
Dickson,10-1,U.S. House,7,Republican,Matt Van Epps,141
Dickson,10-1,U.S. House,7,Republican,Stewart Parks,2
Dickson,10-1,U.S. House,7,Republican,Stuart Cooper,0
Dickson,10-1,U.S. House,7,Republican,Tres Wittum,0
Dickson,11-1,U.S. House,7,Democratic,Aftyn Behn,32
Dickson,11-1,U.S. House,7,Democratic,Bo Mitchell,55
Dickson,11-1,U.S. House,7,Democratic,Darden Hunter Copeland,43
Dickson,11-1,U.S. House,7,Democratic,Vincent Dixie,6
Dickson,11-1,U.S. House,7,Republican,Adolph Agbéko Dagan,0
Dickson,11-1,U.S. House,7,Republican,Gino Bulso,17
Dickson,11-1,U.S. House,7,Republican,Jason D. Knight,0
Dickson,11-1,U.S. House,7,Republican,Jody Barrett,163
Dickson,11-1,U.S. House,7,Republican,Joe Leurs,1
Dickson,11-1,U.S. House,7,Republican,Lee Reeves,15
Dickson,11-1,U.S. House,7,Republican,Mason Foley,4
Dickson,11-1,U.S. House,7,Republican,Matt Van Epps,92
Dickson,11-1,U.S. House,7,Republican,Stewart Parks,2
Dickson,11-1,U.S. House,7,Republican,Stuart Cooper,1
Dickson,11-1,U.S. House,7,Republican,Tres Wittum,1
Dickson,12-1,U.S. House,7,Democratic,Aftyn Behn,38
Dickson,12-1,U.S. House,7,Democratic,Bo Mitchell,75
Dickson,12-1,U.S. House,7,Democratic,Darden Hunter Copeland,31
Dickson,12-1,U.S. House,7,Democratic,Vincent Dixie,3
Dickson,12-1,U.S. House,7,Republican,Adolph Agbéko Dagan,0
Dickson,12-1,U.S. House,7,Republican,Gino Bulso,30
Dickson,12-1,U.S. House,7,Republican,Jason D. Knight,2
Dickson,12-1,U.S. House,7,Republican,Jody Barrett,216
Dickson,12-1,U.S. House,7,Republican,Joe Leurs,1
Dickson,12-1,U.S. House,7,Republican,Lee Reeves,17
Dickson,12-1,U.S. House,7,Republican,Mason Foley,3
Dickson,12-1,U.S. House,7,Republican,Matt Van Epps,134
Dickson,12-1,U.S. House,7,Republican,Stewart Parks,1
Dickson,12-1,U.S. House,7,Republican,Stuart Cooper,0
Dickson,12-1,U.S. House,7,Republican,Tres Wittum,2
Dickson,2-1,U.S. House,7,Democratic,Aftyn Behn,17
Dickson,2-1,U.S. House,7,Democratic,Bo Mitchell,38
Dickson,2-1,U.S. House,7,Democratic,Darden Hunter Copeland,17
Dickson,2-1,U.S. House,7,Democratic,Vincent Dixie,7
Dickson,2-1,U.S. House,7,Republican,Adolph Agbéko Dagan,0
Dickson,2-1,U.S. House,7,Republican,Gino Bulso,9
Dickson,2-1,U.S. House,7,Republican,Jason D. Knight,0
Dickson,2-1,U.S. House,7,Republican,Jody Barrett,237
Dickson,2-1,U.S. House,7,Republican,Joe Leurs,0
Dickson,2-1,U.S. House,7,Republican,Lee Reeves,6
Dickson,2-1,U.S. House,7,Republican,Mason Foley,6
Dickson,2-1,U.S. House,7,Republican,Matt Van Epps,129
Dickson,2-1,U.S. House,7,Republican,Stewart Parks,0
Dickson,2-1,U.S. House,7,Republican,Stuart Cooper,1
Dickson,2-1,U.S. House,7,Republican,Tres Wittum,0
Dickson,3-1,U.S. House,7,Democratic,Aftyn Behn,24
Dickson,3-1,U.S. House,7,Democratic,Bo Mitchell,48
Dickson,3-1,U.S. House,7,Democratic,Darden Hunter Copeland,28
Dickson,3-1,U.S. House,7,Democratic,Vincent Dixie,3
Dickson,3-1,U.S. House,7,Republican,Adolph Agbéko Dagan,0
Dickson,3-1,U.S. House,7,Republican,Gino Bulso,24
Dickson,3-1,U.S. House,7,Republican,Jason D. Knight,1
Dickson,3-1,U.S. House,7,Republican,Jody Barrett,164
Dickson,3-1,U.S. House,7,Republican,Joe Leurs,0
Dickson,3-1,U.S. House,7,Republican,Lee Reeves,13
Dickson,3-1,U.S. House,7,Republican,Mason Foley,2
Dickson,3-1,U.S. House,7,Republican,Matt Van Epps,153
Dickson,3-1,U.S. House,7,Republican,Stewart Parks,4
Dickson,3-1,U.S. House,7,Republican,Stuart Cooper,2
Dickson,3-1,U.S. House,7,Republican,Tres Wittum,0
Dickson,4-1,U.S. House,7,Democratic,Aftyn Behn,26
Dickson,4-1,U.S. House,7,Democratic,Bo Mitchell,57
Dickson,4-1,U.S. House,7,Democratic,Darden Hunter Copeland,24
Dickson,4-1,U.S. House,7,Democratic,Vincent Dixie,3
Dickson,4-1,U.S. House,7,Republican,Adolph Agbéko Dagan,0
Dickson,4-1,U.S. House,7,Republican,Gino Bulso,35
Dickson,4-1,U.S. House,7,Republican,Jason D. Knight,1
Dickson,4-1,U.S. House,7,Republican,Jody Barrett,127
Dickson,4-1,U.S. House,7,Republican,Joe Leurs,0
Dickson,4-1,U.S. House,7,Republican,Lee Reeves,6
Dickson,4-1,U.S. House,7,Republican,Mason Foley,2
Dickson,4-1,U.S. House,7,Republican,Matt Van Epps,138
Dickson,4-1,U.S. House,7,Republican,Stewart Parks,3
Dickson,4-1,U.S. House,7,Republican,Stuart Cooper,3
Dickson,4-1,U.S. House,7,Republican,Tres Wittum,0
Dickson,5-1,U.S. House,7,Democratic,Aftyn Behn,25
Dickson,5-1,U.S. House,7,Democratic,Bo Mitchell,46
Dickson,5-1,U.S. House,7,Democratic,Darden Hunter Copeland,21
Dickson,5-1,U.S. House,7,Democratic,Vincent Dixie,0
Dickson,5-1,U.S. House,7,Republican,Adolph Agbéko Dagan,1
Dickson,5-1,U.S. House,7,Republican,Gino Bulso,14
Dickson,5-1,U.S. House,7,Republican,Jason D. Knight,1
Dickson,5-1,U.S. House,7,Republican,Jody Barrett,160
Dickson,5-1,U.S. House,7,Republican,Joe Leurs,0
Dickson,5-1,U.S. House,7,Republican,Lee Reeves,7
Dickson,5-1,U.S. House,7,Republican,Mason Foley,2
Dickson,5-1,U.S. House,7,Republican,Matt Van Epps,115
Dickson,5-1,U.S. House,7,Republican,Stewart Parks,3
Dickson,5-1,U.S. House,7,Republican,Stuart Cooper,1
Dickson,5-1,U.S. House,7,Republican,Tres Wittum,0
Dickson,6-1,U.S. House,7,Democratic,Aftyn Behn,10
Dickson,6-1,U.S. House,7,Democratic,Bo Mitchell,27
Dickson,6-1,U.S. House,7,Democratic,Darden Hunter Copeland,18
Dickson,6-1,U.S. House,7,Democratic,Vincent Dixie,3
Dickson,6-1,U.S. House,7,Republican,Adolph Agbéko Dagan,0
Dickson,6-1,U.S. House,7,Republican,Gino Bulso,15
Dickson,6-1,U.S. House,7,Republican,Jason D. Knight,0
Dickson,6-1,U.S. House,7,Republican,Jody Barrett,81
Dickson,6-1,U.S. House,7,Republican,Joe Leurs,1
Dickson,6-1,U.S. House,7,Republican,Lee Reeves,4
Dickson,6-1,U.S. House,7,Republican,Mason Foley,1
Dickson,6-1,U.S. House,7,Republican,Matt Van Epps,49
Dickson,6-1,U.S. House,7,Republican,Stewart Parks,0
Dickson,6-1,U.S. House,7,Republican,Stuart Cooper,0
Dickson,6-1,U.S. House,7,Republican,Tres Wittum,0
Dickson,6-2,U.S. House,7,Democratic,Aftyn Behn,15
Dickson,6-2,U.S. House,7,Democratic,Bo Mitchell,43
Dickson,6-2,U.S. House,7,Democratic,Darden Hunter Copeland,17
Dickson,6-2,U.S. House,7,Democratic,Vincent Dixie,1
Dickson,6-2,U.S. House,7,Republican,Adolph Agbéko Dagan,0
Dickson,6-2,U.S. House,7,Republican,Gino Bulso,17
Dickson,6-2,U.S. House,7,Republican,Jason D. Knight,0
Dickson,6-2,U.S. House,7,Republican,Jody Barrett,176
Dickson,6-2,U.S. House,7,Republican,Joe Leurs,0
Dickson,6-2,U.S. House,7,Republican,Lee Reeves,6
Dickson,6-2,U.S. House,7,Republican,Mason Foley,1
Dickson,6-2,U.S. House,7,Republican,Matt Van Epps,113
Dickson,6-2,U.S. House,7,Republican,Stewart Parks,0
Dickson,6-2,U.S. House,7,Republican,Stuart Cooper,0
Dickson,6-2,U.S. House,7,Republican,Tres Wittum,1
Dickson,7-1,U.S. House,7,Democratic,Aftyn Behn,51
Dickson,7-1,U.S. House,7,Democratic,Bo Mitchell,40
Dickson,7-1,U.S. House,7,Democratic,Darden Hunter Copeland,42
Dickson,7-1,U.S. House,7,Democratic,Vincent Dixie,4
Dickson,7-1,U.S. House,7,Republican,Adolph Agbéko Dagan,0
Dickson,7-1,U.S. House,7,Republican,Gino Bulso,23
Dickson,7-1,U.S. House,7,Republican,Jason D. Knight,0
Dickson,7-1,U.S. House,7,Republican,Jody Barrett,143
Dickson,7-1,U.S. House,7,Republican,Joe Leurs,0
Dickson,7-1,U.S. House,7,Republican,Lee Reeves,13
Dickson,7-1,U.S. House,7,Republican,Mason Foley,3
Dickson,7-1,U.S. House,7,Republican,Matt Van Epps,92
Dickson,7-1,U.S. House,7,Republican,Stewart Parks,3
Dickson,7-1,U.S. House,7,Republican,Stuart Cooper,1
Dickson,7-1,U.S. House,7,Republican,Tres Wittum,0
Dickson,8-1,U.S. House,7,Democratic,Aftyn Behn,37
Dickson,8-1,U.S. House,7,Democratic,Bo Mitchell,50
Dickson,8-1,U.S. House,7,Democratic,Darden Hunter Copeland,34
Dickson,8-1,U.S. House,7,Democratic,Vincent Dixie,5
Dickson,8-1,U.S. House,7,Republican,Adolph Agbéko Dagan,0
Dickson,8-1,U.S. House,7,Republican,Gino Bulso,9
Dickson,8-1,U.S. House,7,Republican,Jason D. Knight,0
Dickson,8-1,U.S. House,7,Republican,Jody Barrett,100
Dickson,8-1,U.S. House,7,Republican,Joe Leurs,0
Dickson,8-1,U.S. House,7,Republican,Lee Reeves,5
Dickson,8-1,U.S. House,7,Republican,Mason Foley,1
Dickson,8-1,U.S. House,7,Republican,Matt Van Epps,49
Dickson,8-1,U.S. House,7,Republican,Stewart Parks,4
Dickson,8-1,U.S. House,7,Republican,Stuart Cooper,0
Dickson,8-1,U.S. House,7,Republican,Tres Wittum,1
Dickson,9-1,U.S. House,7,Democratic,Aftyn Behn,31
Dickson,9-1,U.S. House,7,Democratic,Bo Mitchell,67
Dickson,9-1,U.S. House,7,Democratic,Darden Hunter Copeland,48
Dickson,9-1,U.S. House,7,Democratic,Vincent Dixie,10
Dickson,9-1,U.S. House,7,Republican,Adolph Agbéko Dagan,0
Dickson,9-1,U.S. House,7,Republican,Gino Bulso,11
Dickson,9-1,U.S. House,7,Republican,Jason D. Knight,1
Dickson,9-1,U.S. House,7,Republican,Jody Barrett,227
Dickson,9-1,U.S. House,7,Republican,Joe Leurs,2
Dickson,9-1,U.S. House,7,Republican,Lee Reeves,11
Dickson,9-1,U.S. House,7,Republican,Mason Foley,2
Dickson,9-1,U.S. House,7,Republican,Matt Van Epps,148
Dickson,9-1,U.S. House,7,Republican,Stewart Parks,2
Dickson,9-1,U.S. House,7,Republican,Stuart Cooper,2
Dickson,9-1,U.S. House,7,Republican,Tres Wittum,0
Hickman,1-1 Nunnelly,U.S. House,7,Democratic,Aftyn Behn,2
Hickman,1-1 Nunnelly,U.S. House,7,Democratic,Bo Mitchell,6
Hickman,1-1 Nunnelly,U.S. House,7,Democratic,Darden Hunter Copeland,11
Hickman,1-1 Nunnelly,U.S. House,7,Democratic,Vincent Dixie,1
Hickman,1-1 Nunnelly,U.S. House,7,Republican,Adolph Agbéko Dagan,0
Hickman,1-1 Nunnelly,U.S. House,7,Republican,Gino Bulso,5
Hickman,1-1 Nunnelly,U.S. House,7,Republican,Jason D. Knight,1
Hickman,1-1 Nunnelly,U.S. House,7,Republican,Jody Barrett,61
Hickman,1-1 Nunnelly,U.S. House,7,Republican,Joe Leurs,0
Hickman,1-1 Nunnelly,U.S. House,7,Republican,Lee Reeves,4
Hickman,1-1 Nunnelly,U.S. House,7,Republican,Mason Foley,1
Hickman,1-1 Nunnelly,U.S. House,7,Republican,Matt Van Epps,28
Hickman,1-1 Nunnelly,U.S. House,7,Republican,Stewart Parks,3
Hickman,1-1 Nunnelly,U.S. House,7,Republican,Stuart Cooper,0
Hickman,1-1 Nunnelly,U.S. House,7,Republican,Tres Wittum,0
Hickman,1-2 Pinewood,U.S. House,7,Democratic,Aftyn Behn,4
Hickman,1-2 Pinewood,U.S. House,7,Democratic,Bo Mitchell,5
Hickman,1-2 Pinewood,U.S. House,7,Democratic,Darden Hunter Copeland,4
Hickman,1-2 Pinewood,U.S. House,7,Democratic,Vincent Dixie,4
Hickman,1-2 Pinewood,U.S. House,7,Republican,Adolph Agbéko Dagan,0
Hickman,1-2 Pinewood,U.S. House,7,Republican,Gino Bulso,9
Hickman,1-2 Pinewood,U.S. House,7,Republican,Jason D. Knight,0
Hickman,1-2 Pinewood,U.S. House,7,Republican,Jody Barrett,65
Hickman,1-2 Pinewood,U.S. House,7,Republican,Joe Leurs,0
Hickman,1-2 Pinewood,U.S. House,7,Republican,Lee Reeves,2
Hickman,1-2 Pinewood,U.S. House,7,Republican,Mason Foley,0
Hickman,1-2 Pinewood,U.S. House,7,Republican,Matt Van Epps,41
Hickman,1-2 Pinewood,U.S. House,7,Republican,Stewart Parks,2
Hickman,1-2 Pinewood,U.S. House,7,Republican,Stuart Cooper,0
Hickman,1-2 Pinewood,U.S. House,7,Republican,Tres Wittum,0
Hickman,2-2 Fairfield,U.S. House,7,Democratic,Aftyn Behn,1
Hickman,2-2 Fairfield,U.S. House,7,Democratic,Bo Mitchell,2
Hickman,2-2 Fairfield,U.S. House,7,Democratic,Darden Hunter Copeland,10
Hickman,2-2 Fairfield,U.S. House,7,Democratic,Vincent Dixie,0
Hickman,2-2 Fairfield,U.S. House,7,Republican,Adolph Agbéko Dagan,0
Hickman,2-2 Fairfield,U.S. House,7,Republican,Gino Bulso,5
Hickman,2-2 Fairfield,U.S. House,7,Republican,Jason D. Knight,0
Hickman,2-2 Fairfield,U.S. House,7,Republican,Jody Barrett,17
Hickman,2-2 Fairfield,U.S. House,7,Republican,Joe Leurs,0
Hickman,2-2 Fairfield,U.S. House,7,Republican,Lee Reeves,1
Hickman,2-2 Fairfield,U.S. House,7,Republican,Mason Foley,1
Hickman,2-2 Fairfield,U.S. House,7,Republican,Matt Van Epps,20
Hickman,2-2 Fairfield,U.S. House,7,Republican,Stewart Parks,5
Hickman,2-2 Fairfield,U.S. House,7,Republican,Stuart Cooper,0
Hickman,2-2 Fairfield,U.S. House,7,Republican,Tres Wittum,0
Hickman,2-3 East Bank,U.S. House,7,Democratic,Aftyn Behn,5
Hickman,2-3 East Bank,U.S. House,7,Democratic,Bo Mitchell,14
Hickman,2-3 East Bank,U.S. House,7,Democratic,Darden Hunter Copeland,19
Hickman,2-3 East Bank,U.S. House,7,Democratic,Vincent Dixie,2
Hickman,2-3 East Bank,U.S. House,7,Republican,Adolph Agbéko Dagan,0
Hickman,2-3 East Bank,U.S. House,7,Republican,Gino Bulso,29
Hickman,2-3 East Bank,U.S. House,7,Republican,Jason D. Knight,0
Hickman,2-3 East Bank,U.S. House,7,Republican,Jody Barrett,71
Hickman,2-3 East Bank,U.S. House,7,Republican,Joe Leurs,0
Hickman,2-3 East Bank,U.S. House,7,Republican,Lee Reeves,5
Hickman,2-3 East Bank,U.S. House,7,Republican,Mason Foley,3
Hickman,2-3 East Bank,U.S. House,7,Republican,Matt Van Epps,48
Hickman,2-3 East Bank,U.S. House,7,Republican,Stewart Parks,7
Hickman,2-3 East Bank,U.S. House,7,Republican,Stuart Cooper,1
Hickman,2-3 East Bank,U.S. House,7,Republican,Tres Wittum,0
Hickman,3-1 East CC,U.S. House,7,Democratic,Aftyn Behn,6
Hickman,3-1 East CC,U.S. House,7,Democratic,Bo Mitchell,23
Hickman,3-1 East CC,U.S. House,7,Democratic,Darden Hunter Copeland,21
Hickman,3-1 East CC,U.S. House,7,Democratic,Vincent Dixie,1
Hickman,3-1 East CC,U.S. House,7,Republican,Adolph Agbéko Dagan,1
Hickman,3-1 East CC,U.S. House,7,Republican,Gino Bulso,18
Hickman,3-1 East CC,U.S. House,7,Republican,Jason D. Knight,1
Hickman,3-1 East CC,U.S. House,7,Republican,Jody Barrett,82
Hickman,3-1 East CC,U.S. House,7,Republican,Joe Leurs,2
Hickman,3-1 East CC,U.S. House,7,Republican,Lee Reeves,4
Hickman,3-1 East CC,U.S. House,7,Republican,Mason Foley,4
Hickman,3-1 East CC,U.S. House,7,Republican,Matt Van Epps,74
Hickman,3-1 East CC,U.S. House,7,Republican,Stewart Parks,9
Hickman,3-1 East CC,U.S. House,7,Republican,Stuart Cooper,1
Hickman,3-1 East CC,U.S. House,7,Republican,Tres Wittum,0
Hickman,4-1 Lake Benson,U.S. House,7,Democratic,Aftyn Behn,10
Hickman,4-1 Lake Benson,U.S. House,7,Democratic,Bo Mitchell,27
Hickman,4-1 Lake Benson,U.S. House,7,Democratic,Darden Hunter Copeland,12
Hickman,4-1 Lake Benson,U.S. House,7,Democratic,Vincent Dixie,1
Hickman,4-1 Lake Benson,U.S. House,7,Republican,Adolph Agbéko Dagan,0
Hickman,4-1 Lake Benson,U.S. House,7,Republican,Gino Bulso,18
Hickman,4-1 Lake Benson,U.S. House,7,Republican,Jason D. Knight,2
Hickman,4-1 Lake Benson,U.S. House,7,Republican,Jody Barrett,161
Hickman,4-1 Lake Benson,U.S. House,7,Republican,Joe Leurs,0
Hickman,4-1 Lake Benson,U.S. House,7,Republican,Lee Reeves,15
Hickman,4-1 Lake Benson,U.S. House,7,Republican,Mason Foley,3
Hickman,4-1 Lake Benson,U.S. House,7,Republican,Matt Van Epps,95
Hickman,4-1 Lake Benson,U.S. House,7,Republican,Stewart Parks,8
Hickman,4-1 Lake Benson,U.S. House,7,Republican,Stuart Cooper,2
Hickman,4-1 Lake Benson,U.S. House,7,Republican,Tres Wittum,2
Hickman,5-1 Mt. Pleasant,U.S. House,7,Democratic,Aftyn Behn,4
Hickman,5-1 Mt. Pleasant,U.S. House,7,Democratic,Bo Mitchell,10
Hickman,5-1 Mt. Pleasant,U.S. House,7,Democratic,Darden Hunter Copeland,13
Hickman,5-1 Mt. Pleasant,U.S. House,7,Democratic,Vincent Dixie,2
Hickman,5-1 Mt. Pleasant,U.S. House,7,Republican,Adolph Agbéko Dagan,0
Hickman,5-1 Mt. Pleasant,U.S. House,7,Republican,Gino Bulso,12
Hickman,5-1 Mt. Pleasant,U.S. House,7,Republican,Jason D. Knight,0
Hickman,5-1 Mt. Pleasant,U.S. House,7,Republican,Jody Barrett,60
Hickman,5-1 Mt. Pleasant,U.S. House,7,Republican,Joe Leurs,0
Hickman,5-1 Mt. Pleasant,U.S. House,7,Republican,Lee Reeves,4
Hickman,5-1 Mt. Pleasant,U.S. House,7,Republican,Mason Foley,2
Hickman,5-1 Mt. Pleasant,U.S. House,7,Republican,Matt Van Epps,34
Hickman,5-1 Mt. Pleasant,U.S. House,7,Republican,Stewart Parks,3
Hickman,5-1 Mt. Pleasant,U.S. House,7,Republican,Stuart Cooper,0
Hickman,5-1 Mt. Pleasant,U.S. House,7,Republican,Tres Wittum,2
Hickman,5-2 Middle School,U.S. House,7,Democratic,Aftyn Behn,1
Hickman,5-2 Middle School,U.S. House,7,Democratic,Bo Mitchell,8
Hickman,5-2 Middle School,U.S. House,7,Democratic,Darden Hunter Copeland,13
Hickman,5-2 Middle School,U.S. House,7,Democratic,Vincent Dixie,0
Hickman,5-2 Middle School,U.S. House,7,Republican,Adolph Agbéko Dagan,0
Hickman,5-2 Middle School,U.S. House,7,Republican,Gino Bulso,11
Hickman,5-2 Middle School,U.S. House,7,Republican,Jason D. Knight,0
Hickman,5-2 Middle School,U.S. House,7,Republican,Jody Barrett,40
Hickman,5-2 Middle School,U.S. House,7,Republican,Joe Leurs,0
Hickman,5-2 Middle School,U.S. House,7,Republican,Lee Reeves,0
Hickman,5-2 Middle School,U.S. House,7,Republican,Mason Foley,1
Hickman,5-2 Middle School,U.S. House,7,Republican,Matt Van Epps,18
Hickman,5-2 Middle School,U.S. House,7,Republican,Stewart Parks,3
Hickman,5-2 Middle School,U.S. House,7,Republican,Stuart Cooper,0
Hickman,5-2 Middle School,U.S. House,7,Republican,Tres Wittum,0
Hickman,5-3 Shady Grove,U.S. House,7,Democratic,Aftyn Behn,2
Hickman,5-3 Shady Grove,U.S. House,7,Democratic,Bo Mitchell,8
Hickman,5-3 Shady Grove,U.S. House,7,Democratic,Darden Hunter Copeland,7
Hickman,5-3 Shady Grove,U.S. House,7,Democratic,Vincent Dixie,1
Hickman,5-3 Shady Grove,U.S. House,7,Republican,Adolph Agbéko Dagan,0
Hickman,5-3 Shady Grove,U.S. House,7,Republican,Gino Bulso,7
Hickman,5-3 Shady Grove,U.S. House,7,Republican,Jason D. Knight,1
Hickman,5-3 Shady Grove,U.S. House,7,Republican,Jody Barrett,32
Hickman,5-3 Shady Grove,U.S. House,7,Republican,Joe Leurs,1
Hickman,5-3 Shady Grove,U.S. House,7,Republican,Lee Reeves,0
Hickman,5-3 Shady Grove,U.S. House,7,Republican,Mason Foley,0
Hickman,5-3 Shady Grove,U.S. House,7,Republican,Matt Van Epps,19
Hickman,5-3 Shady Grove,U.S. House,7,Republican,Stewart Parks,2
Hickman,5-3 Shady Grove,U.S. House,7,Republican,Stuart Cooper,1
Hickman,5-3 Shady Grove,U.S. House,7,Republican,Tres Wittum,0
Hickman,6-1 Justice Center,U.S. House,7,Democratic,Aftyn Behn,13
Hickman,6-1 Justice Center,U.S. House,7,Democratic,Bo Mitchell,72
Hickman,6-1 Justice Center,U.S. House,7,Democratic,Darden Hunter Copeland,36
Hickman,6-1 Justice Center,U.S. House,7,Democratic,Vincent Dixie,3
Hickman,6-1 Justice Center,U.S. House,7,Republican,Adolph Agbéko Dagan,1
Hickman,6-1 Justice Center,U.S. House,7,Republican,Gino Bulso,67
Hickman,6-1 Justice Center,U.S. House,7,Republican,Jason D. Knight,2
Hickman,6-1 Justice Center,U.S. House,7,Republican,Jody Barrett,269
Hickman,6-1 Justice Center,U.S. House,7,Republican,Joe Leurs,1
Hickman,6-1 Justice Center,U.S. House,7,Republican,Lee Reeves,14
Hickman,6-1 Justice Center,U.S. House,7,Republican,Mason Foley,11
Hickman,6-1 Justice Center,U.S. House,7,Republican,Matt Van Epps,99
Hickman,6-1 Justice Center,U.S. House,7,Republican,Stewart Parks,6
Hickman,6-1 Justice Center,U.S. House,7,Republican,Stuart Cooper,5
Hickman,6-1 Justice Center,U.S. House,7,Republican,Tres Wittum,0
Hickman,7-1 Nunnelly,U.S. House,7,Democratic,Aftyn Behn,1
Hickman,7-1 Nunnelly,U.S. House,7,Democratic,Bo Mitchell,0
Hickman,7-1 Nunnelly,U.S. House,7,Democratic,Darden Hunter Copeland,1
Hickman,7-1 Nunnelly,U.S. House,7,Democratic,Vincent Dixie,0
Hickman,7-1 Nunnelly,U.S. House,7,Republican,Adolph Agbéko Dagan,0
Hickman,7-1 Nunnelly,U.S. House,7,Republican,Gino Bulso,3
Hickman,7-1 Nunnelly,U.S. House,7,Republican,Jason D. Knight,0
Hickman,7-1 Nunnelly,U.S. House,7,Republican,Jody Barrett,24
Hickman,7-1 Nunnelly,U.S. House,7,Republican,Joe Leurs,0
Hickman,7-1 Nunnelly,U.S. House,7,Republican,Lee Reeves,2
Hickman,7-1 Nunnelly,U.S. House,7,Republican,Mason Foley,0
Hickman,7-1 Nunnelly,U.S. House,7,Republican,Matt Van Epps,18
Hickman,7-1 Nunnelly,U.S. House,7,Republican,Stewart Parks,0
Hickman,7-1 Nunnelly,U.S. House,7,Republican,Stuart Cooper,0
Hickman,7-1 Nunnelly,U.S. House,7,Republican,Tres Wittum,0
Hickman,7-2 Pleasantville,U.S. House,7,Democratic,Aftyn Behn,1
Hickman,7-2 Pleasantville,U.S. House,7,Democratic,Bo Mitchell,0
Hickman,7-2 Pleasantville,U.S. House,7,Democratic,Darden Hunter Copeland,3
Hickman,7-2 Pleasantville,U.S. House,7,Democratic,Vincent Dixie,0
Hickman,7-2 Pleasantville,U.S. House,7,Republican,Adolph Agbéko Dagan,0
Hickman,7-2 Pleasantville,U.S. House,7,Republican,Gino Bulso,3
Hickman,7-2 Pleasantville,U.S. House,7,Republican,Jason D. Knight,0
Hickman,7-2 Pleasantville,U.S. House,7,Republican,Jody Barrett,30
Hickman,7-2 Pleasantville,U.S. House,7,Republican,Joe Leurs,0
Hickman,7-2 Pleasantville,U.S. House,7,Republican,Lee Reeves,3
Hickman,7-2 Pleasantville,U.S. House,7,Republican,Mason Foley,0
Hickman,7-2 Pleasantville,U.S. House,7,Republican,Matt Van Epps,8
Hickman,7-2 Pleasantville,U.S. House,7,Republican,Stewart Parks,0
Hickman,7-2 Pleasantville,U.S. House,7,Republican,Stuart Cooper,0
Hickman,7-2 Pleasantville,U.S. House,7,Republican,Tres Wittum,0
Hickman,7-3 Brushy,U.S. House,7,Democratic,Aftyn Behn,6
Hickman,7-3 Brushy,U.S. House,7,Democratic,Bo Mitchell,9
Hickman,7-3 Brushy,U.S. House,7,Democratic,Darden Hunter Copeland,12
Hickman,7-3 Brushy,U.S. House,7,Democratic,Vincent Dixie,1
Hickman,7-3 Brushy,U.S. House,7,Republican,Adolph Agbéko Dagan,0
Hickman,7-3 Brushy,U.S. House,7,Republican,Gino Bulso,9
Hickman,7-3 Brushy,U.S. House,7,Republican,Jason D. Knight,1
Hickman,7-3 Brushy,U.S. House,7,Republican,Jody Barrett,65
Hickman,7-3 Brushy,U.S. House,7,Republican,Joe Leurs,0
Hickman,7-3 Brushy,U.S. House,7,Republican,Lee Reeves,3
Hickman,7-3 Brushy,U.S. House,7,Republican,Mason Foley,0
Hickman,7-3 Brushy,U.S. House,7,Republican,Matt Van Epps,50
Hickman,7-3 Brushy,U.S. House,7,Republican,Stewart Parks,3
Hickman,7-3 Brushy,U.S. House,7,Republican,Stuart Cooper,0
Hickman,7-3 Brushy,U.S. House,7,Republican,Tres Wittum,0
Hickman,7-4 Coble,U.S. House,7,Democratic,Aftyn Behn,1
Hickman,7-4 Coble,U.S. House,7,Democratic,Bo Mitchell,6
Hickman,7-4 Coble,U.S. House,7,Democratic,Darden Hunter Copeland,2
Hickman,7-4 Coble,U.S. House,7,Democratic,Vincent Dixie,0
Hickman,7-4 Coble,U.S. House,7,Republican,Adolph Agbéko Dagan,0
Hickman,7-4 Coble,U.S. House,7,Republican,Gino Bulso,3
Hickman,7-4 Coble,U.S. House,7,Republican,Jason D. Knight,0
Hickman,7-4 Coble,U.S. House,7,Republican,Jody Barrett,64
Hickman,7-4 Coble,U.S. House,7,Republican,Joe Leurs,0
Hickman,7-4 Coble,U.S. House,7,Republican,Lee Reeves,2
Hickman,7-4 Coble,U.S. House,7,Republican,Mason Foley,0
Hickman,7-4 Coble,U.S. House,7,Republican,Matt Van Epps,15
Hickman,7-4 Coble,U.S. House,7,Republican,Stewart Parks,3
Hickman,7-4 Coble,U.S. House,7,Republican,Stuart Cooper,0
Hickman,7-4 Coble,U.S. House,7,Republican,Tres Wittum,0
Houston,Arlington,U.S. House,7,Democratic,Aftyn Behn,9
Houston,Arlington,U.S. House,7,Democratic,Bo Mitchell,7
Houston,Arlington,U.S. House,7,Democratic,Darden Hunter Copeland,14
Houston,Arlington,U.S. House,7,Democratic,Vincent Dixie,0
Houston,Arlington,U.S. House,7,Republican,Adolph Agbéko Dagan,0
Houston,Arlington,U.S. House,7,Republican,Gino Bulso,26
Houston,Arlington,U.S. House,7,Republican,Jason D. Knight,0
Houston,Arlington,U.S. House,7,Republican,Jody Barrett,20
Houston,Arlington,U.S. House,7,Republican,Joe Leurs,0
Houston,Arlington,U.S. House,7,Republican,Lee Reeves,5
Houston,Arlington,U.S. House,7,Republican,Mason Foley,1
Houston,Arlington,U.S. House,7,Republican,Matt Van Epps,43
Houston,Arlington,U.S. House,7,Republican,Stewart Parks,4
Houston,Arlington,U.S. House,7,Republican,Stuart Cooper,0
Houston,Arlington,U.S. House,7,Republican,Tres Wittum,0
Houston,Erin,U.S. House,7,Democratic,Aftyn Behn,9
Houston,Erin,U.S. House,7,Democratic,Bo Mitchell,8
Houston,Erin,U.S. House,7,Democratic,Darden Hunter Copeland,9
Houston,Erin,U.S. House,7,Democratic,Vincent Dixie,1
Houston,Erin,U.S. House,7,Republican,Adolph Agbéko Dagan,0
Houston,Erin,U.S. House,7,Republican,Gino Bulso,15
Houston,Erin,U.S. House,7,Republican,Jason D. Knight,0
Houston,Erin,U.S. House,7,Republican,Jody Barrett,18
Houston,Erin,U.S. House,7,Republican,Joe Leurs,2
Houston,Erin,U.S. House,7,Republican,Lee Reeves,1
Houston,Erin,U.S. House,7,Republican,Mason Foley,0
Houston,Erin,U.S. House,7,Republican,Matt Van Epps,19
Houston,Erin,U.S. House,7,Republican,Stewart Parks,5
Houston,Erin,U.S. House,7,Republican,Stuart Cooper,3
Houston,Erin,U.S. House,7,Republican,Tres Wittum,0
Houston,Erin Elementary,U.S. House,7,Democratic,Aftyn Behn,11
Houston,Erin Elementary,U.S. House,7,Democratic,Bo Mitchell,6
Houston,Erin Elementary,U.S. House,7,Democratic,Darden Hunter Copeland,4
Houston,Erin Elementary,U.S. House,7,Democratic,Vincent Dixie,1
Houston,Erin Elementary,U.S. House,7,Republican,Adolph Agbéko Dagan,0
Houston,Erin Elementary,U.S. House,7,Republican,Gino Bulso,40
Houston,Erin Elementary,U.S. House,7,Republican,Jason D. Knight,0
Houston,Erin Elementary,U.S. House,7,Republican,Jody Barrett,29
Houston,Erin Elementary,U.S. House,7,Republican,Joe Leurs,0
Houston,Erin Elementary,U.S. House,7,Republican,Lee Reeves,0
Houston,Erin Elementary,U.S. House,7,Republican,Mason Foley,0
Houston,Erin Elementary,U.S. House,7,Republican,Matt Van Epps,19
Houston,Erin Elementary,U.S. House,7,Republican,Stewart Parks,1
Houston,Erin Elementary,U.S. House,7,Republican,Stuart Cooper,3
Houston,Erin Elementary,U.S. House,7,Republican,Tres Wittum,0
Houston,Griffins Chapel,U.S. House,7,Democratic,Aftyn Behn,7
Houston,Griffins Chapel,U.S. House,7,Democratic,Bo Mitchell,6
Houston,Griffins Chapel,U.S. House,7,Democratic,Darden Hunter Copeland,8
Houston,Griffins Chapel,U.S. House,7,Democratic,Vincent Dixie,1
Houston,Griffins Chapel,U.S. House,7,Republican,Adolph Agbéko Dagan,1
Houston,Griffins Chapel,U.S. House,7,Republican,Gino Bulso,31
Houston,Griffins Chapel,U.S. House,7,Republican,Jason D. Knight,0
Houston,Griffins Chapel,U.S. House,7,Republican,Jody Barrett,25
Houston,Griffins Chapel,U.S. House,7,Republican,Joe Leurs,0
Houston,Griffins Chapel,U.S. House,7,Republican,Lee Reeves,3
Houston,Griffins Chapel,U.S. House,7,Republican,Mason Foley,0
Houston,Griffins Chapel,U.S. House,7,Republican,Matt Van Epps,42
Houston,Griffins Chapel,U.S. House,7,Republican,Stewart Parks,4
Houston,Griffins Chapel,U.S. House,7,Republican,Stuart Cooper,1
Houston,Griffins Chapel,U.S. House,7,Republican,Tres Wittum,0
Houston,Houston Co Middle,U.S. House,7,Democratic,Aftyn Behn,8
Houston,Houston Co Middle,U.S. House,7,Democratic,Bo Mitchell,8
Houston,Houston Co Middle,U.S. House,7,Democratic,Darden Hunter Copeland,19
Houston,Houston Co Middle,U.S. House,7,Democratic,Vincent Dixie,2
Houston,Houston Co Middle,U.S. House,7,Republican,Adolph Agbéko Dagan,0
Houston,Houston Co Middle,U.S. House,7,Republican,Gino Bulso,31
Houston,Houston Co Middle,U.S. House,7,Republican,Jason D. Knight,1
Houston,Houston Co Middle,U.S. House,7,Republican,Jody Barrett,18
Houston,Houston Co Middle,U.S. House,7,Republican,Joe Leurs,0
Houston,Houston Co Middle,U.S. House,7,Republican,Lee Reeves,1
Houston,Houston Co Middle,U.S. House,7,Republican,Mason Foley,0
Houston,Houston Co Middle,U.S. House,7,Republican,Matt Van Epps,30
Houston,Houston Co Middle,U.S. House,7,Republican,Stewart Parks,2
Houston,Houston Co Middle,U.S. House,7,Republican,Stuart Cooper,2
Houston,Houston Co Middle,U.S. House,7,Republican,Tres Wittum,1
Houston,Stewart,U.S. House,7,Democratic,Aftyn Behn,5
Houston,Stewart,U.S. House,7,Democratic,Bo Mitchell,10
Houston,Stewart,U.S. House,7,Democratic,Darden Hunter Copeland,9
Houston,Stewart,U.S. House,7,Democratic,Vincent Dixie,0
Houston,Stewart,U.S. House,7,Republican,Adolph Agbéko Dagan,0
Houston,Stewart,U.S. House,7,Republican,Gino Bulso,34
Houston,Stewart,U.S. House,7,Republican,Jason D. Knight,1
Houston,Stewart,U.S. House,7,Republican,Jody Barrett,32
Houston,Stewart,U.S. House,7,Republican,Joe Leurs,0
Houston,Stewart,U.S. House,7,Republican,Lee Reeves,3
Houston,Stewart,U.S. House,7,Republican,Mason Foley,1
Houston,Stewart,U.S. House,7,Republican,Matt Van Epps,46
Houston,Stewart,U.S. House,7,Republican,Stewart Parks,3
Houston,Stewart,U.S. House,7,Republican,Stuart Cooper,0
Houston,Stewart,U.S. House,7,Republican,Tres Wittum,0
Houston,Tennessee Ridge,U.S. House,7,Democratic,Aftyn Behn,7
Houston,Tennessee Ridge,U.S. House,7,Democratic,Bo Mitchell,14
Houston,Tennessee Ridge,U.S. House,7,Democratic,Darden Hunter Copeland,18
Houston,Tennessee Ridge,U.S. House,7,Democratic,Vincent Dixie,1
Houston,Tennessee Ridge,U.S. House,7,Republican,Adolph Agbéko Dagan,0
Houston,Tennessee Ridge,U.S. House,7,Republican,Gino Bulso,37
Houston,Tennessee Ridge,U.S. House,7,Republican,Jason D. Knight,1
Houston,Tennessee Ridge,U.S. House,7,Republican,Jody Barrett,23
Houston,Tennessee Ridge,U.S. House,7,Republican,Joe Leurs,0
Houston,Tennessee Ridge,U.S. House,7,Republican,Lee Reeves,2
Houston,Tennessee Ridge,U.S. House,7,Republican,Mason Foley,2
Houston,Tennessee Ridge,U.S. House,7,Republican,Matt Van Epps,33
Houston,Tennessee Ridge,U.S. House,7,Republican,Stewart Parks,4
Houston,Tennessee Ridge,U.S. House,7,Republican,Stuart Cooper,0
Houston,Tennessee Ridge,U.S. House,7,Republican,Tres Wittum,1
Humphreys,1-1 Jera,U.S. House,7,Democratic,Aftyn Behn,1
Humphreys,1-1 Jera,U.S. House,7,Democratic,Bo Mitchell,9
Humphreys,1-1 Jera,U.S. House,7,Democratic,Darden Hunter Copeland,7
Humphreys,1-1 Jera,U.S. House,7,Democratic,Vincent Dixie,1
Humphreys,1-1 Jera,U.S. House,7,Republican,Adolph Agbéko Dagan,1
Humphreys,1-1 Jera,U.S. House,7,Republican,Gino Bulso,2
Humphreys,1-1 Jera,U.S. House,7,Republican,Jason D. Knight,0
Humphreys,1-1 Jera,U.S. House,7,Republican,Jody Barrett,6
Humphreys,1-1 Jera,U.S. House,7,Republican,Joe Leurs,0
Humphreys,1-1 Jera,U.S. House,7,Republican,Lee Reeves,0
Humphreys,1-1 Jera,U.S. House,7,Republican,Mason Foley,0
Humphreys,1-1 Jera,U.S. House,7,Republican,Matt Van Epps,20
Humphreys,1-1 Jera,U.S. House,7,Republican,Stewart Parks,0
Humphreys,1-1 Jera,U.S. House,7,Republican,Stuart Cooper,0
Humphreys,1-1 Jera,U.S. House,7,Republican,Tres Wittum,0
Humphreys,1-2 Compassion Church,U.S. House,7,Democratic,Aftyn Behn,12
Humphreys,1-2 Compassion Church,U.S. House,7,Democratic,Bo Mitchell,32
Humphreys,1-2 Compassion Church,U.S. House,7,Democratic,Darden Hunter Copeland,21
Humphreys,1-2 Compassion Church,U.S. House,7,Democratic,Vincent Dixie,3
Humphreys,1-2 Compassion Church,U.S. House,7,Republican,Adolph Agbéko Dagan,0
Humphreys,1-2 Compassion Church,U.S. House,7,Republican,Gino Bulso,25
Humphreys,1-2 Compassion Church,U.S. House,7,Republican,Jason D. Knight,0
Humphreys,1-2 Compassion Church,U.S. House,7,Republican,Jody Barrett,67
Humphreys,1-2 Compassion Church,U.S. House,7,Republican,Joe Leurs,0
Humphreys,1-2 Compassion Church,U.S. House,7,Republican,Lee Reeves,8
Humphreys,1-2 Compassion Church,U.S. House,7,Republican,Mason Foley,6
Humphreys,1-2 Compassion Church,U.S. House,7,Republican,Matt Van Epps,74
Humphreys,1-2 Compassion Church,U.S. House,7,Republican,Stewart Parks,1
Humphreys,1-2 Compassion Church,U.S. House,7,Republican,Stuart Cooper,2
Humphreys,1-2 Compassion Church,U.S. House,7,Republican,Tres Wittum,1
Humphreys,2-3 WFS,U.S. House,7,Democratic,Aftyn Behn,11
Humphreys,2-3 WFS,U.S. House,7,Democratic,Bo Mitchell,50
Humphreys,2-3 WFS,U.S. House,7,Democratic,Darden Hunter Copeland,31
Humphreys,2-3 WFS,U.S. House,7,Democratic,Vincent Dixie,6
Humphreys,2-3 WFS,U.S. House,7,Republican,Adolph Agbéko Dagan,0
Humphreys,2-3 WFS,U.S. House,7,Republican,Gino Bulso,17
Humphreys,2-3 WFS,U.S. House,7,Republican,Jason D. Knight,2
Humphreys,2-3 WFS,U.S. House,7,Republican,Jody Barrett,45
Humphreys,2-3 WFS,U.S. House,7,Republican,Joe Leurs,0
Humphreys,2-3 WFS,U.S. House,7,Republican,Lee Reeves,5
Humphreys,2-3 WFS,U.S. House,7,Republican,Mason Foley,5
Humphreys,2-3 WFS,U.S. House,7,Republican,Matt Van Epps,80
Humphreys,2-3 WFS,U.S. House,7,Republican,Stewart Parks,2
Humphreys,2-3 WFS,U.S. House,7,Republican,Stuart Cooper,1
Humphreys,2-3 WFS,U.S. House,7,Republican,Tres Wittum,0
Humphreys,3-4 Apex,U.S. House,7,Democratic,Aftyn Behn,19
Humphreys,3-4 Apex,U.S. House,7,Democratic,Bo Mitchell,32
Humphreys,3-4 Apex,U.S. House,7,Democratic,Darden Hunter Copeland,33
Humphreys,3-4 Apex,U.S. House,7,Democratic,Vincent Dixie,1
Humphreys,3-4 Apex,U.S. House,7,Republican,Adolph Agbéko Dagan,0
Humphreys,3-4 Apex,U.S. House,7,Republican,Gino Bulso,27
Humphreys,3-4 Apex,U.S. House,7,Republican,Jason D. Knight,0
Humphreys,3-4 Apex,U.S. House,7,Republican,Jody Barrett,33
Humphreys,3-4 Apex,U.S. House,7,Republican,Joe Leurs,0
Humphreys,3-4 Apex,U.S. House,7,Republican,Lee Reeves,5
Humphreys,3-4 Apex,U.S. House,7,Republican,Mason Foley,1
Humphreys,3-4 Apex,U.S. House,7,Republican,Matt Van Epps,47
Humphreys,3-4 Apex,U.S. House,7,Republican,Stewart Parks,2
Humphreys,3-4 Apex,U.S. House,7,Republican,Stuart Cooper,3
Humphreys,3-4 Apex,U.S. House,7,Republican,Tres Wittum,0
Humphreys,4-5 Woodland,U.S. House,7,Democratic,Aftyn Behn,12
Humphreys,4-5 Woodland,U.S. House,7,Democratic,Bo Mitchell,26
Humphreys,4-5 Woodland,U.S. House,7,Democratic,Darden Hunter Copeland,22
Humphreys,4-5 Woodland,U.S. House,7,Democratic,Vincent Dixie,2
Humphreys,4-5 Woodland,U.S. House,7,Republican,Adolph Agbéko Dagan,0
Humphreys,4-5 Woodland,U.S. House,7,Republican,Gino Bulso,20
Humphreys,4-5 Woodland,U.S. House,7,Republican,Jason D. Knight,0
Humphreys,4-5 Woodland,U.S. House,7,Republican,Jody Barrett,42
Humphreys,4-5 Woodland,U.S. House,7,Republican,Joe Leurs,0
Humphreys,4-5 Woodland,U.S. House,7,Republican,Lee Reeves,2
Humphreys,4-5 Woodland,U.S. House,7,Republican,Mason Foley,3
Humphreys,4-5 Woodland,U.S. House,7,Republican,Matt Van Epps,82
Humphreys,4-5 Woodland,U.S. House,7,Republican,Stewart Parks,0
Humphreys,4-5 Woodland,U.S. House,7,Republican,Stuart Cooper,1
Humphreys,4-5 Woodland,U.S. House,7,Republican,Tres Wittum,0
Humphreys,5-6 Wildwood,U.S. House,7,Democratic,Aftyn Behn,6
Humphreys,5-6 Wildwood,U.S. House,7,Democratic,Bo Mitchell,45
Humphreys,5-6 Wildwood,U.S. House,7,Democratic,Darden Hunter Copeland,40
Humphreys,5-6 Wildwood,U.S. House,7,Democratic,Vincent Dixie,3
Humphreys,5-6 Wildwood,U.S. House,7,Republican,Adolph Agbéko Dagan,0
Humphreys,5-6 Wildwood,U.S. House,7,Republican,Gino Bulso,13
Humphreys,5-6 Wildwood,U.S. House,7,Republican,Jason D. Knight,1
Humphreys,5-6 Wildwood,U.S. House,7,Republican,Jody Barrett,45
Humphreys,5-6 Wildwood,U.S. House,7,Republican,Joe Leurs,0
Humphreys,5-6 Wildwood,U.S. House,7,Republican,Lee Reeves,13
Humphreys,5-6 Wildwood,U.S. House,7,Republican,Mason Foley,4
Humphreys,5-6 Wildwood,U.S. House,7,Republican,Matt Van Epps,72
Humphreys,5-6 Wildwood,U.S. House,7,Republican,Stewart Parks,3
Humphreys,5-6 Wildwood,U.S. House,7,Republican,Stuart Cooper,2
Humphreys,5-6 Wildwood,U.S. House,7,Republican,Tres Wittum,0
Humphreys,6-7 South McEwen,U.S. House,7,Democratic,Aftyn Behn,7
Humphreys,6-7 South McEwen,U.S. House,7,Democratic,Bo Mitchell,25
Humphreys,6-7 South McEwen,U.S. House,7,Democratic,Darden Hunter Copeland,17
Humphreys,6-7 South McEwen,U.S. House,7,Democratic,Vincent Dixie,2
Humphreys,6-7 South McEwen,U.S. House,7,Republican,Adolph Agbéko Dagan,0
Humphreys,6-7 South McEwen,U.S. House,7,Republican,Gino Bulso,19
Humphreys,6-7 South McEwen,U.S. House,7,Republican,Jason D. Knight,0
Humphreys,6-7 South McEwen,U.S. House,7,Republican,Jody Barrett,54
Humphreys,6-7 South McEwen,U.S. House,7,Republican,Joe Leurs,0
Humphreys,6-7 South McEwen,U.S. House,7,Republican,Lee Reeves,8
Humphreys,6-7 South McEwen,U.S. House,7,Republican,Mason Foley,4
Humphreys,6-7 South McEwen,U.S. House,7,Republican,Matt Van Epps,72
Humphreys,6-7 South McEwen,U.S. House,7,Republican,Stewart Parks,0
Humphreys,6-7 South McEwen,U.S. House,7,Republican,Stuart Cooper,2
Humphreys,6-7 South McEwen,U.S. House,7,Republican,Tres Wittum,1
Humphreys,7-8 North McEwen,U.S. House,7,Democratic,Aftyn Behn,13
Humphreys,7-8 North McEwen,U.S. House,7,Democratic,Bo Mitchell,28
Humphreys,7-8 North McEwen,U.S. House,7,Democratic,Darden Hunter Copeland,18
Humphreys,7-8 North McEwen,U.S. House,7,Democratic,Vincent Dixie,0
Humphreys,7-8 North McEwen,U.S. House,7,Republican,Adolph Agbéko Dagan,0
Humphreys,7-8 North McEwen,U.S. House,7,Republican,Gino Bulso,23
Humphreys,7-8 North McEwen,U.S. House,7,Republican,Jason D. Knight,3
Humphreys,7-8 North McEwen,U.S. House,7,Republican,Jody Barrett,76
Humphreys,7-8 North McEwen,U.S. House,7,Republican,Joe Leurs,0
Humphreys,7-8 North McEwen,U.S. House,7,Republican,Lee Reeves,7
Humphreys,7-8 North McEwen,U.S. House,7,Republican,Mason Foley,8
Humphreys,7-8 North McEwen,U.S. House,7,Republican,Matt Van Epps,121
Humphreys,7-8 North McEwen,U.S. House,7,Republican,Stewart Parks,4
Humphreys,7-8 North McEwen,U.S. House,7,Republican,Stuart Cooper,0
Humphreys,7-8 North McEwen,U.S. House,7,Republican,Tres Wittum,0
Montgomery,10 Minglewood,U.S. House,7,Democratic,Aftyn Behn,44
Montgomery,10 Minglewood,U.S. House,7,Democratic,Bo Mitchell,23
Montgomery,10 Minglewood,U.S. House,7,Democratic,Darden Hunter Copeland,88
Montgomery,10 Minglewood,U.S. House,7,Democratic,Vincent Dixie,48
Montgomery,10 Minglewood,U.S. House,7,Republican,Adolph Agbéko Dagan,2
Montgomery,10 Minglewood,U.S. House,7,Republican,Gino Bulso,22
Montgomery,10 Minglewood,U.S. House,7,Republican,Jason D. Knight,7
Montgomery,10 Minglewood,U.S. House,7,Republican,Jody Barrett,11
Montgomery,10 Minglewood,U.S. House,7,Republican,Joe Leurs,0
Montgomery,10 Minglewood,U.S. House,7,Republican,Lee Reeves,10
Montgomery,10 Minglewood,U.S. House,7,Republican,Mason Foley,1
Montgomery,10 Minglewood,U.S. House,7,Republican,Matt Van Epps,81
Montgomery,10 Minglewood,U.S. House,7,Republican,Stewart Parks,0
Montgomery,10 Minglewood,U.S. House,7,Republican,Stuart Cooper,3
Montgomery,10 Minglewood,U.S. House,7,Republican,Tres Wittum,3
Montgomery,11A Mosaic,U.S. House,7,Democratic,Aftyn Behn,30
Montgomery,11A Mosaic,U.S. House,7,Democratic,Bo Mitchell,20
Montgomery,11A Mosaic,U.S. House,7,Democratic,Darden Hunter Copeland,35
Montgomery,11A Mosaic,U.S. House,7,Democratic,Vincent Dixie,28
Montgomery,11A Mosaic,U.S. House,7,Republican,Adolph Agbéko Dagan,0
Montgomery,11A Mosaic,U.S. House,7,Republican,Gino Bulso,15
Montgomery,11A Mosaic,U.S. House,7,Republican,Jason D. Knight,8
Montgomery,11A Mosaic,U.S. House,7,Republican,Jody Barrett,10
Montgomery,11A Mosaic,U.S. House,7,Republican,Joe Leurs,1
Montgomery,11A Mosaic,U.S. House,7,Republican,Lee Reeves,3
Montgomery,11A Mosaic,U.S. House,7,Republican,Mason Foley,0
Montgomery,11A Mosaic,U.S. House,7,Republican,Matt Van Epps,65
Montgomery,11A Mosaic,U.S. House,7,Republican,Stewart Parks,2
Montgomery,11A Mosaic,U.S. House,7,Republican,Stuart Cooper,0
Montgomery,11A Mosaic,U.S. House,7,Republican,Tres Wittum,0
Montgomery,11B Northwest,U.S. House,7,Democratic,Aftyn Behn,50
Montgomery,11B Northwest,U.S. House,7,Democratic,Bo Mitchell,22
Montgomery,11B Northwest,U.S. House,7,Democratic,Darden Hunter Copeland,27
Montgomery,11B Northwest,U.S. House,7,Democratic,Vincent Dixie,28
Montgomery,11B Northwest,U.S. House,7,Republican,Adolph Agbéko Dagan,0
Montgomery,11B Northwest,U.S. House,7,Republican,Gino Bulso,15
Montgomery,11B Northwest,U.S. House,7,Republican,Jason D. Knight,2
Montgomery,11B Northwest,U.S. House,7,Republican,Jody Barrett,11
Montgomery,11B Northwest,U.S. House,7,Republican,Joe Leurs,2
Montgomery,11B Northwest,U.S. House,7,Republican,Lee Reeves,6
Montgomery,11B Northwest,U.S. House,7,Republican,Mason Foley,0
Montgomery,11B Northwest,U.S. House,7,Republican,Matt Van Epps,71
Montgomery,11B Northwest,U.S. House,7,Republican,Stewart Parks,2
Montgomery,11B Northwest,U.S. House,7,Republican,Stuart Cooper,1
Montgomery,11B Northwest,U.S. House,7,Republican,Tres Wittum,0
Montgomery,12 West Creek,U.S. House,7,Democratic,Aftyn Behn,63
Montgomery,12 West Creek,U.S. House,7,Democratic,Bo Mitchell,34
Montgomery,12 West Creek,U.S. House,7,Democratic,Darden Hunter Copeland,85
Montgomery,12 West Creek,U.S. House,7,Democratic,Vincent Dixie,53
Montgomery,12 West Creek,U.S. House,7,Republican,Adolph Agbéko Dagan,2
Montgomery,12 West Creek,U.S. House,7,Republican,Gino Bulso,14
Montgomery,12 West Creek,U.S. House,7,Republican,Jason D. Knight,3
Montgomery,12 West Creek,U.S. House,7,Republican,Jody Barrett,13
Montgomery,12 West Creek,U.S. House,7,Republican,Joe Leurs,1
Montgomery,12 West Creek,U.S. House,7,Republican,Lee Reeves,7
Montgomery,12 West Creek,U.S. House,7,Republican,Mason Foley,1
Montgomery,12 West Creek,U.S. House,7,Republican,Matt Van Epps,76
Montgomery,12 West Creek,U.S. House,7,Republican,Stewart Parks,0
Montgomery,12 West Creek,U.S. House,7,Republican,Stuart Cooper,0
Montgomery,12 West Creek,U.S. House,7,Republican,Tres Wittum,1
Montgomery,13A Byrns Darden,U.S. House,7,Democratic,Aftyn Behn,42
Montgomery,13A Byrns Darden,U.S. House,7,Democratic,Bo Mitchell,17
Montgomery,13A Byrns Darden,U.S. House,7,Democratic,Darden Hunter Copeland,49
Montgomery,13A Byrns Darden,U.S. House,7,Democratic,Vincent Dixie,39
Montgomery,13A Byrns Darden,U.S. House,7,Republican,Adolph Agbéko Dagan,3
Montgomery,13A Byrns Darden,U.S. House,7,Republican,Gino Bulso,18
Montgomery,13A Byrns Darden,U.S. House,7,Republican,Jason D. Knight,6
Montgomery,13A Byrns Darden,U.S. House,7,Republican,Jody Barrett,14
Montgomery,13A Byrns Darden,U.S. House,7,Republican,Joe Leurs,0
Montgomery,13A Byrns Darden,U.S. House,7,Republican,Lee Reeves,3
Montgomery,13A Byrns Darden,U.S. House,7,Republican,Mason Foley,0
Montgomery,13A Byrns Darden,U.S. House,7,Republican,Matt Van Epps,53
Montgomery,13A Byrns Darden,U.S. House,7,Republican,Stewart Parks,0
Montgomery,13A Byrns Darden,U.S. House,7,Republican,Stuart Cooper,0
Montgomery,13A Byrns Darden,U.S. House,7,Republican,Tres Wittum,0
Montgomery,13B Kenwood,U.S. House,7,Democratic,Aftyn Behn,46
Montgomery,13B Kenwood,U.S. House,7,Democratic,Bo Mitchell,22
Montgomery,13B Kenwood,U.S. House,7,Democratic,Darden Hunter Copeland,65
Montgomery,13B Kenwood,U.S. House,7,Democratic,Vincent Dixie,56
Montgomery,13B Kenwood,U.S. House,7,Republican,Adolph Agbéko Dagan,0
Montgomery,13B Kenwood,U.S. House,7,Republican,Gino Bulso,17
Montgomery,13B Kenwood,U.S. House,7,Republican,Jason D. Knight,2
Montgomery,13B Kenwood,U.S. House,7,Republican,Jody Barrett,21
Montgomery,13B Kenwood,U.S. House,7,Republican,Joe Leurs,1
Montgomery,13B Kenwood,U.S. House,7,Republican,Lee Reeves,4
Montgomery,13B Kenwood,U.S. House,7,Republican,Mason Foley,6
Montgomery,13B Kenwood,U.S. House,7,Republican,Matt Van Epps,86
Montgomery,13B Kenwood,U.S. House,7,Republican,Stewart Parks,2
Montgomery,13B Kenwood,U.S. House,7,Republican,Stuart Cooper,3
Montgomery,13B Kenwood,U.S. House,7,Republican,Tres Wittum,0
Montgomery,14A St B ELC,U.S. House,7,Democratic,Aftyn Behn,28
Montgomery,14A St B ELC,U.S. House,7,Democratic,Bo Mitchell,15
Montgomery,14A St B ELC,U.S. House,7,Democratic,Darden Hunter Copeland,40
Montgomery,14A St B ELC,U.S. House,7,Democratic,Vincent Dixie,44
Montgomery,14A St B ELC,U.S. House,7,Republican,Adolph Agbéko Dagan,0
Montgomery,14A St B ELC,U.S. House,7,Republican,Gino Bulso,9
Montgomery,14A St B ELC,U.S. House,7,Republican,Jason D. Knight,2
Montgomery,14A St B ELC,U.S. House,7,Republican,Jody Barrett,7
Montgomery,14A St B ELC,U.S. House,7,Republican,Joe Leurs,0
Montgomery,14A St B ELC,U.S. House,7,Republican,Lee Reeves,4
Montgomery,14A St B ELC,U.S. House,7,Republican,Mason Foley,0
Montgomery,14A St B ELC,U.S. House,7,Republican,Matt Van Epps,48
Montgomery,14A St B ELC,U.S. House,7,Republican,Stewart Parks,0
Montgomery,14A St B ELC,U.S. House,7,Republican,Stuart Cooper,2
Montgomery,14A St B ELC,U.S. House,7,Republican,Tres Wittum,0
Montgomery,14B First MBC,U.S. House,7,Democratic,Aftyn Behn,64
Montgomery,14B First MBC,U.S. House,7,Democratic,Bo Mitchell,28
Montgomery,14B First MBC,U.S. House,7,Democratic,Darden Hunter Copeland,62
Montgomery,14B First MBC,U.S. House,7,Democratic,Vincent Dixie,36
Montgomery,14B First MBC,U.S. House,7,Republican,Adolph Agbéko Dagan,0
Montgomery,14B First MBC,U.S. House,7,Republican,Gino Bulso,31
Montgomery,14B First MBC,U.S. House,7,Republican,Jason D. Knight,6
Montgomery,14B First MBC,U.S. House,7,Republican,Jody Barrett,30
Montgomery,14B First MBC,U.S. House,7,Republican,Joe Leurs,0
Montgomery,14B First MBC,U.S. House,7,Republican,Lee Reeves,11
Montgomery,14B First MBC,U.S. House,7,Republican,Mason Foley,4
Montgomery,14B First MBC,U.S. House,7,Republican,Matt Van Epps,99
Montgomery,14B First MBC,U.S. House,7,Republican,Stewart Parks,0
Montgomery,14B First MBC,U.S. House,7,Republican,Stuart Cooper,0
Montgomery,14B First MBC,U.S. House,7,Republican,Tres Wittum,0
Montgomery,15A Excell,U.S. House,7,Democratic,Aftyn Behn,77
Montgomery,15A Excell,U.S. House,7,Democratic,Bo Mitchell,51
Montgomery,15A Excell,U.S. House,7,Democratic,Darden Hunter Copeland,68
Montgomery,15A Excell,U.S. House,7,Democratic,Vincent Dixie,29
Montgomery,15A Excell,U.S. House,7,Republican,Adolph Agbéko Dagan,2
Montgomery,15A Excell,U.S. House,7,Republican,Gino Bulso,42
Montgomery,15A Excell,U.S. House,7,Republican,Jason D. Knight,15
Montgomery,15A Excell,U.S. House,7,Republican,Jody Barrett,58
Montgomery,15A Excell,U.S. House,7,Republican,Joe Leurs,7
Montgomery,15A Excell,U.S. House,7,Republican,Lee Reeves,13
Montgomery,15A Excell,U.S. House,7,Republican,Mason Foley,6
Montgomery,15A Excell,U.S. House,7,Republican,Matt Van Epps,345
Montgomery,15A Excell,U.S. House,7,Republican,Stewart Parks,1
Montgomery,15A Excell,U.S. House,7,Republican,Stuart Cooper,2
Montgomery,15A Excell,U.S. House,7,Republican,Tres Wittum,1
Montgomery,15B Sango,U.S. House,7,Democratic,Aftyn Behn,55
Montgomery,15B Sango,U.S. House,7,Democratic,Bo Mitchell,33
Montgomery,15B Sango,U.S. House,7,Democratic,Darden Hunter Copeland,61
Montgomery,15B Sango,U.S. House,7,Democratic,Vincent Dixie,29
Montgomery,15B Sango,U.S. House,7,Republican,Adolph Agbéko Dagan,0
Montgomery,15B Sango,U.S. House,7,Republican,Gino Bulso,36
Montgomery,15B Sango,U.S. House,7,Republican,Jason D. Knight,2
Montgomery,15B Sango,U.S. House,7,Republican,Jody Barrett,59
Montgomery,15B Sango,U.S. House,7,Republican,Joe Leurs,3
Montgomery,15B Sango,U.S. House,7,Republican,Lee Reeves,12
Montgomery,15B Sango,U.S. House,7,Republican,Mason Foley,2
Montgomery,15B Sango,U.S. House,7,Republican,Matt Van Epps,325
Montgomery,15B Sango,U.S. House,7,Republican,Stewart Parks,3
Montgomery,15B Sango,U.S. House,7,Republican,Stuart Cooper,3
Montgomery,15B Sango,U.S. House,7,Republican,Tres Wittum,0
Montgomery,16A Ringgold,U.S. House,7,Democratic,Aftyn Behn,41
Montgomery,16A Ringgold,U.S. House,7,Democratic,Bo Mitchell,27
Montgomery,16A Ringgold,U.S. House,7,Democratic,Darden Hunter Copeland,47
Montgomery,16A Ringgold,U.S. House,7,Democratic,Vincent Dixie,41
Montgomery,16A Ringgold,U.S. House,7,Republican,Adolph Agbéko Dagan,0
Montgomery,16A Ringgold,U.S. House,7,Republican,Gino Bulso,15
Montgomery,16A Ringgold,U.S. House,7,Republican,Jason D. Knight,7
Montgomery,16A Ringgold,U.S. House,7,Republican,Jody Barrett,10
Montgomery,16A Ringgold,U.S. House,7,Republican,Joe Leurs,0
Montgomery,16A Ringgold,U.S. House,7,Republican,Lee Reeves,7
Montgomery,16A Ringgold,U.S. House,7,Republican,Mason Foley,1
Montgomery,16A Ringgold,U.S. House,7,Republican,Matt Van Epps,58
Montgomery,16A Ringgold,U.S. House,7,Republican,Stewart Parks,2
Montgomery,16A Ringgold,U.S. House,7,Republican,Stuart Cooper,0
Montgomery,16A Ringgold,U.S. House,7,Republican,Tres Wittum,0
Montgomery,16B New Providence,U.S. House,7,Democratic,Aftyn Behn,33
Montgomery,16B New Providence,U.S. House,7,Democratic,Bo Mitchell,22
Montgomery,16B New Providence,U.S. House,7,Democratic,Darden Hunter Copeland,51
Montgomery,16B New Providence,U.S. House,7,Democratic,Vincent Dixie,37
Montgomery,16B New Providence,U.S. House,7,Republican,Adolph Agbéko Dagan,0
Montgomery,16B New Providence,U.S. House,7,Republican,Gino Bulso,24
Montgomery,16B New Providence,U.S. House,7,Republican,Jason D. Knight,2
Montgomery,16B New Providence,U.S. House,7,Republican,Jody Barrett,13
Montgomery,16B New Providence,U.S. House,7,Republican,Joe Leurs,0
Montgomery,16B New Providence,U.S. House,7,Republican,Lee Reeves,7
Montgomery,16B New Providence,U.S. House,7,Republican,Mason Foley,1
Montgomery,16B New Providence,U.S. House,7,Republican,Matt Van Epps,77
Montgomery,16B New Providence,U.S. House,7,Republican,Stewart Parks,0
Montgomery,16B New Providence,U.S. House,7,Republican,Stuart Cooper,1
Montgomery,16B New Providence,U.S. House,7,Republican,Tres Wittum,1
Montgomery,17A Grace,U.S. House,7,Democratic,Aftyn Behn,44
Montgomery,17A Grace,U.S. House,7,Democratic,Bo Mitchell,14
Montgomery,17A Grace,U.S. House,7,Democratic,Darden Hunter Copeland,53
Montgomery,17A Grace,U.S. House,7,Democratic,Vincent Dixie,43
Montgomery,17A Grace,U.S. House,7,Republican,Adolph Agbéko Dagan,0
Montgomery,17A Grace,U.S. House,7,Republican,Gino Bulso,17
Montgomery,17A Grace,U.S. House,7,Republican,Jason D. Knight,2
Montgomery,17A Grace,U.S. House,7,Republican,Jody Barrett,15
Montgomery,17A Grace,U.S. House,7,Republican,Joe Leurs,0
Montgomery,17A Grace,U.S. House,7,Republican,Lee Reeves,8
Montgomery,17A Grace,U.S. House,7,Republican,Mason Foley,0
Montgomery,17A Grace,U.S. House,7,Republican,Matt Van Epps,76
Montgomery,17A Grace,U.S. House,7,Republican,Stewart Parks,1
Montgomery,17A Grace,U.S. House,7,Republican,Stuart Cooper,1
Montgomery,17A Grace,U.S. House,7,Republican,Tres Wittum,0
Montgomery,17B Glenellen,U.S. House,7,Democratic,Aftyn Behn,40
Montgomery,17B Glenellen,U.S. House,7,Democratic,Bo Mitchell,20
Montgomery,17B Glenellen,U.S. House,7,Democratic,Darden Hunter Copeland,46
Montgomery,17B Glenellen,U.S. House,7,Democratic,Vincent Dixie,59
Montgomery,17B Glenellen,U.S. House,7,Republican,Adolph Agbéko Dagan,1
Montgomery,17B Glenellen,U.S. House,7,Republican,Gino Bulso,12
Montgomery,17B Glenellen,U.S. House,7,Republican,Jason D. Knight,5
Montgomery,17B Glenellen,U.S. House,7,Republican,Jody Barrett,12
Montgomery,17B Glenellen,U.S. House,7,Republican,Joe Leurs,1
Montgomery,17B Glenellen,U.S. House,7,Republican,Lee Reeves,3
Montgomery,17B Glenellen,U.S. House,7,Republican,Mason Foley,3
Montgomery,17B Glenellen,U.S. House,7,Republican,Matt Van Epps,62
Montgomery,17B Glenellen,U.S. House,7,Republican,Stewart Parks,1
Montgomery,17B Glenellen,U.S. House,7,Republican,Stuart Cooper,0
Montgomery,17B Glenellen,U.S. House,7,Republican,Tres Wittum,0
Montgomery,18A Barkers Mill,U.S. House,7,Democratic,Aftyn Behn,39
Montgomery,18A Barkers Mill,U.S. House,7,Democratic,Bo Mitchell,27
Montgomery,18A Barkers Mill,U.S. House,7,Democratic,Darden Hunter Copeland,43
Montgomery,18A Barkers Mill,U.S. House,7,Democratic,Vincent Dixie,62
Montgomery,18A Barkers Mill,U.S. House,7,Republican,Adolph Agbéko Dagan,2
Montgomery,18A Barkers Mill,U.S. House,7,Republican,Gino Bulso,9
Montgomery,18A Barkers Mill,U.S. House,7,Republican,Jason D. Knight,8
Montgomery,18A Barkers Mill,U.S. House,7,Republican,Jody Barrett,15
Montgomery,18A Barkers Mill,U.S. House,7,Republican,Joe Leurs,4
Montgomery,18A Barkers Mill,U.S. House,7,Republican,Lee Reeves,3
Montgomery,18A Barkers Mill,U.S. House,7,Republican,Mason Foley,1
Montgomery,18A Barkers Mill,U.S. House,7,Republican,Matt Van Epps,56
Montgomery,18A Barkers Mill,U.S. House,7,Republican,Stewart Parks,0
Montgomery,18A Barkers Mill,U.S. House,7,Republican,Stuart Cooper,0
Montgomery,18A Barkers Mill,U.S. House,7,Republican,Tres Wittum,0
Montgomery,18B Pisgah,U.S. House,7,Democratic,Aftyn Behn,38
Montgomery,18B Pisgah,U.S. House,7,Democratic,Bo Mitchell,26
Montgomery,18B Pisgah,U.S. House,7,Democratic,Darden Hunter Copeland,61
Montgomery,18B Pisgah,U.S. House,7,Democratic,Vincent Dixie,45
Montgomery,18B Pisgah,U.S. House,7,Republican,Adolph Agbéko Dagan,2
Montgomery,18B Pisgah,U.S. House,7,Republican,Gino Bulso,11
Montgomery,18B Pisgah,U.S. House,7,Republican,Jason D. Knight,0
Montgomery,18B Pisgah,U.S. House,7,Republican,Jody Barrett,10
Montgomery,18B Pisgah,U.S. House,7,Republican,Joe Leurs,3
Montgomery,18B Pisgah,U.S. House,7,Republican,Lee Reeves,19
Montgomery,18B Pisgah,U.S. House,7,Republican,Mason Foley,2
Montgomery,18B Pisgah,U.S. House,7,Republican,Matt Van Epps,70
Montgomery,18B Pisgah,U.S. House,7,Republican,Stewart Parks,0
Montgomery,18B Pisgah,U.S. House,7,Republican,Stuart Cooper,2
Montgomery,18B Pisgah,U.S. House,7,Republican,Tres Wittum,0
Montgomery,19A Rossview,U.S. House,7,Democratic,Aftyn Behn,64
Montgomery,19A Rossview,U.S. House,7,Democratic,Bo Mitchell,45
Montgomery,19A Rossview,U.S. House,7,Democratic,Darden Hunter Copeland,64
Montgomery,19A Rossview,U.S. House,7,Democratic,Vincent Dixie,70
Montgomery,19A Rossview,U.S. House,7,Republican,Adolph Agbéko Dagan,1
Montgomery,19A Rossview,U.S. House,7,Republican,Gino Bulso,32
Montgomery,19A Rossview,U.S. House,7,Republican,Jason D. Knight,9
Montgomery,19A Rossview,U.S. House,7,Republican,Jody Barrett,34
Montgomery,19A Rossview,U.S. House,7,Republican,Joe Leurs,1
Montgomery,19A Rossview,U.S. House,7,Republican,Lee Reeves,13
Montgomery,19A Rossview,U.S. House,7,Republican,Mason Foley,6
Montgomery,19A Rossview,U.S. House,7,Republican,Matt Van Epps,243
Montgomery,19A Rossview,U.S. House,7,Republican,Stewart Parks,0
Montgomery,19A Rossview,U.S. House,7,Republican,Stuart Cooper,1
Montgomery,19A Rossview,U.S. House,7,Republican,Tres Wittum,1
Montgomery,19B South Guthrie,U.S. House,7,Democratic,Aftyn Behn,38
Montgomery,19B South Guthrie,U.S. House,7,Democratic,Bo Mitchell,17
Montgomery,19B South Guthrie,U.S. House,7,Democratic,Darden Hunter Copeland,58
Montgomery,19B South Guthrie,U.S. House,7,Democratic,Vincent Dixie,27
Montgomery,19B South Guthrie,U.S. House,7,Republican,Adolph Agbéko Dagan,0
Montgomery,19B South Guthrie,U.S. House,7,Republican,Gino Bulso,12
Montgomery,19B South Guthrie,U.S. House,7,Republican,Jason D. Knight,2
Montgomery,19B South Guthrie,U.S. House,7,Republican,Jody Barrett,31
Montgomery,19B South Guthrie,U.S. House,7,Republican,Joe Leurs,1
Montgomery,19B South Guthrie,U.S. House,7,Republican,Lee Reeves,7
Montgomery,19B South Guthrie,U.S. House,7,Republican,Mason Foley,2
Montgomery,19B South Guthrie,U.S. House,7,Republican,Matt Van Epps,122
Montgomery,19B South Guthrie,U.S. House,7,Republican,Stewart Parks,1
Montgomery,19B South Guthrie,U.S. House,7,Republican,Stuart Cooper,1
Montgomery,19B South Guthrie,U.S. House,7,Republican,Tres Wittum,2
Montgomery,1A St B CC,U.S. House,7,Democratic,Aftyn Behn,76
Montgomery,1A St B CC,U.S. House,7,Democratic,Bo Mitchell,47
Montgomery,1A St B CC,U.S. House,7,Democratic,Darden Hunter Copeland,86
Montgomery,1A St B CC,U.S. House,7,Democratic,Vincent Dixie,44
Montgomery,1A St B CC,U.S. House,7,Republican,Adolph Agbéko Dagan,0
Montgomery,1A St B CC,U.S. House,7,Republican,Gino Bulso,31
Montgomery,1A St B CC,U.S. House,7,Republican,Jason D. Knight,5
Montgomery,1A St B CC,U.S. House,7,Republican,Jody Barrett,39
Montgomery,1A St B CC,U.S. House,7,Republican,Joe Leurs,0
Montgomery,1A St B CC,U.S. House,7,Republican,Lee Reeves,13
Montgomery,1A St B CC,U.S. House,7,Republican,Mason Foley,3
Montgomery,1A St B CC,U.S. House,7,Republican,Matt Van Epps,214
Montgomery,1A St B CC,U.S. House,7,Republican,Stewart Parks,2
Montgomery,1A St B CC,U.S. House,7,Republican,Stuart Cooper,1
Montgomery,1A St B CC,U.S. House,7,Republican,Tres Wittum,1
Montgomery,1B St B UMC,U.S. House,7,Democratic,Aftyn Behn,59
Montgomery,1B St B UMC,U.S. House,7,Democratic,Bo Mitchell,36
Montgomery,1B St B UMC,U.S. House,7,Democratic,Darden Hunter Copeland,46
Montgomery,1B St B UMC,U.S. House,7,Democratic,Vincent Dixie,42
Montgomery,1B St B UMC,U.S. House,7,Republican,Adolph Agbéko Dagan,2
Montgomery,1B St B UMC,U.S. House,7,Republican,Gino Bulso,29
Montgomery,1B St B UMC,U.S. House,7,Republican,Jason D. Knight,5
Montgomery,1B St B UMC,U.S. House,7,Republican,Jody Barrett,19
Montgomery,1B St B UMC,U.S. House,7,Republican,Joe Leurs,2
Montgomery,1B St B UMC,U.S. House,7,Republican,Lee Reeves,6
Montgomery,1B St B UMC,U.S. House,7,Republican,Mason Foley,1
Montgomery,1B St B UMC,U.S. House,7,Republican,Matt Van Epps,122
Montgomery,1B St B UMC,U.S. House,7,Republican,Stewart Parks,0
Montgomery,1B St B UMC,U.S. House,7,Republican,Stuart Cooper,1
Montgomery,1B St B UMC,U.S. House,7,Republican,Tres Wittum,0
Montgomery,20A Northeast,U.S. House,7,Democratic,Aftyn Behn,55
Montgomery,20A Northeast,U.S. House,7,Democratic,Bo Mitchell,21
Montgomery,20A Northeast,U.S. House,7,Democratic,Darden Hunter Copeland,76
Montgomery,20A Northeast,U.S. House,7,Democratic,Vincent Dixie,55
Montgomery,20A Northeast,U.S. House,7,Republican,Adolph Agbéko Dagan,0
Montgomery,20A Northeast,U.S. House,7,Republican,Gino Bulso,19
Montgomery,20A Northeast,U.S. House,7,Republican,Jason D. Knight,5
Montgomery,20A Northeast,U.S. House,7,Republican,Jody Barrett,18
Montgomery,20A Northeast,U.S. House,7,Republican,Joe Leurs,0
Montgomery,20A Northeast,U.S. House,7,Republican,Lee Reeves,5
Montgomery,20A Northeast,U.S. House,7,Republican,Mason Foley,2
Montgomery,20A Northeast,U.S. House,7,Republican,Matt Van Epps,63
Montgomery,20A Northeast,U.S. House,7,Republican,Stewart Parks,3
Montgomery,20A Northeast,U.S. House,7,Republican,Stuart Cooper,2
Montgomery,20A Northeast,U.S. House,7,Republican,Tres Wittum,0
Montgomery,20B Oakland,U.S. House,7,Democratic,Aftyn Behn,44
Montgomery,20B Oakland,U.S. House,7,Democratic,Bo Mitchell,18
Montgomery,20B Oakland,U.S. House,7,Democratic,Darden Hunter Copeland,50
Montgomery,20B Oakland,U.S. House,7,Democratic,Vincent Dixie,33
Montgomery,20B Oakland,U.S. House,7,Republican,Adolph Agbéko Dagan,2
Montgomery,20B Oakland,U.S. House,7,Republican,Gino Bulso,11
Montgomery,20B Oakland,U.S. House,7,Republican,Jason D. Knight,4
Montgomery,20B Oakland,U.S. House,7,Republican,Jody Barrett,20
Montgomery,20B Oakland,U.S. House,7,Republican,Joe Leurs,1
Montgomery,20B Oakland,U.S. House,7,Republican,Lee Reeves,3
Montgomery,20B Oakland,U.S. House,7,Republican,Mason Foley,1
Montgomery,20B Oakland,U.S. House,7,Republican,Matt Van Epps,117
Montgomery,20B Oakland,U.S. House,7,Republican,Stewart Parks,1
Montgomery,20B Oakland,U.S. House,7,Republican,Stuart Cooper,0
Montgomery,20B Oakland,U.S. House,7,Republican,Tres Wittum,1
Montgomery,21A Hilldale,U.S. House,7,Democratic,Aftyn Behn,88
Montgomery,21A Hilldale,U.S. House,7,Democratic,Bo Mitchell,58
Montgomery,21A Hilldale,U.S. House,7,Democratic,Darden Hunter Copeland,65
Montgomery,21A Hilldale,U.S. House,7,Democratic,Vincent Dixie,24
Montgomery,21A Hilldale,U.S. House,7,Republican,Adolph Agbéko Dagan,0
Montgomery,21A Hilldale,U.S. House,7,Republican,Gino Bulso,34
Montgomery,21A Hilldale,U.S. House,7,Republican,Jason D. Knight,7
Montgomery,21A Hilldale,U.S. House,7,Republican,Jody Barrett,48
Montgomery,21A Hilldale,U.S. House,7,Republican,Joe Leurs,1
Montgomery,21A Hilldale,U.S. House,7,Republican,Lee Reeves,20
Montgomery,21A Hilldale,U.S. House,7,Republican,Mason Foley,10
Montgomery,21A Hilldale,U.S. House,7,Republican,Matt Van Epps,274
Montgomery,21A Hilldale,U.S. House,7,Republican,Stewart Parks,0
Montgomery,21A Hilldale,U.S. House,7,Republican,Stuart Cooper,2
Montgomery,21A Hilldale,U.S. House,7,Republican,Tres Wittum,1
Montgomery,21B Barksdale,U.S. House,7,Democratic,Aftyn Behn,71
Montgomery,21B Barksdale,U.S. House,7,Democratic,Bo Mitchell,42
Montgomery,21B Barksdale,U.S. House,7,Democratic,Darden Hunter Copeland,63
Montgomery,21B Barksdale,U.S. House,7,Democratic,Vincent Dixie,45
Montgomery,21B Barksdale,U.S. House,7,Republican,Adolph Agbéko Dagan,1
Montgomery,21B Barksdale,U.S. House,7,Republican,Gino Bulso,12
Montgomery,21B Barksdale,U.S. House,7,Republican,Jason D. Knight,7
Montgomery,21B Barksdale,U.S. House,7,Republican,Jody Barrett,20
Montgomery,21B Barksdale,U.S. House,7,Republican,Joe Leurs,0
Montgomery,21B Barksdale,U.S. House,7,Republican,Lee Reeves,4
Montgomery,21B Barksdale,U.S. House,7,Republican,Mason Foley,0
Montgomery,21B Barksdale,U.S. House,7,Republican,Matt Van Epps,128
Montgomery,21B Barksdale,U.S. House,7,Republican,Stewart Parks,0
Montgomery,21B Barksdale,U.S. House,7,Republican,Stuart Cooper,0
Montgomery,21B Barksdale,U.S. House,7,Republican,Tres Wittum,0
Montgomery,2A Clarksville,U.S. House,7,Democratic,Aftyn Behn,78
Montgomery,2A Clarksville,U.S. House,7,Democratic,Bo Mitchell,62
Montgomery,2A Clarksville,U.S. House,7,Democratic,Darden Hunter Copeland,73
Montgomery,2A Clarksville,U.S. House,7,Democratic,Vincent Dixie,30
Montgomery,2A Clarksville,U.S. House,7,Republican,Adolph Agbéko Dagan,1
Montgomery,2A Clarksville,U.S. House,7,Republican,Gino Bulso,58
Montgomery,2A Clarksville,U.S. House,7,Republican,Jason D. Knight,10
Montgomery,2A Clarksville,U.S. House,7,Republican,Jody Barrett,58
Montgomery,2A Clarksville,U.S. House,7,Republican,Joe Leurs,0
Montgomery,2A Clarksville,U.S. House,7,Republican,Lee Reeves,10
Montgomery,2A Clarksville,U.S. House,7,Republican,Mason Foley,17
Montgomery,2A Clarksville,U.S. House,7,Republican,Matt Van Epps,311
Montgomery,2A Clarksville,U.S. House,7,Republican,Stewart Parks,3
Montgomery,2A Clarksville,U.S. House,7,Republican,Stuart Cooper,2
Montgomery,2A Clarksville,U.S. House,7,Republican,Tres Wittum,0
Montgomery,2B Bible,U.S. House,7,Democratic,Aftyn Behn,78
Montgomery,2B Bible,U.S. House,7,Democratic,Bo Mitchell,43
Montgomery,2B Bible,U.S. House,7,Democratic,Darden Hunter Copeland,72
Montgomery,2B Bible,U.S. House,7,Democratic,Vincent Dixie,37
Montgomery,2B Bible,U.S. House,7,Republican,Adolph Agbéko Dagan,1
Montgomery,2B Bible,U.S. House,7,Republican,Gino Bulso,30
Montgomery,2B Bible,U.S. House,7,Republican,Jason D. Knight,13
Montgomery,2B Bible,U.S. House,7,Republican,Jody Barrett,48
Montgomery,2B Bible,U.S. House,7,Republican,Joe Leurs,6
Montgomery,2B Bible,U.S. House,7,Republican,Lee Reeves,6
Montgomery,2B Bible,U.S. House,7,Republican,Mason Foley,1
Montgomery,2B Bible,U.S. House,7,Republican,Matt Van Epps,208
Montgomery,2B Bible,U.S. House,7,Republican,Stewart Parks,8
Montgomery,2B Bible,U.S. House,7,Republican,Stuart Cooper,0
Montgomery,2B Bible,U.S. House,7,Republican,Tres Wittum,0
Montgomery,3A East Montgomery,U.S. House,7,Democratic,Aftyn Behn,39
Montgomery,3A East Montgomery,U.S. House,7,Democratic,Bo Mitchell,53
Montgomery,3A East Montgomery,U.S. House,7,Democratic,Darden Hunter Copeland,63
Montgomery,3A East Montgomery,U.S. House,7,Democratic,Vincent Dixie,15
Montgomery,3A East Montgomery,U.S. House,7,Republican,Adolph Agbéko Dagan,0
Montgomery,3A East Montgomery,U.S. House,7,Republican,Gino Bulso,33
Montgomery,3A East Montgomery,U.S. House,7,Republican,Jason D. Knight,4
Montgomery,3A East Montgomery,U.S. House,7,Republican,Jody Barrett,57
Montgomery,3A East Montgomery,U.S. House,7,Republican,Joe Leurs,2
Montgomery,3A East Montgomery,U.S. House,7,Republican,Lee Reeves,17
Montgomery,3A East Montgomery,U.S. House,7,Republican,Mason Foley,6
Montgomery,3A East Montgomery,U.S. House,7,Republican,Matt Van Epps,288
Montgomery,3A East Montgomery,U.S. House,7,Republican,Stewart Parks,4
Montgomery,3A East Montgomery,U.S. House,7,Republican,Stuart Cooper,2
Montgomery,3A East Montgomery,U.S. House,7,Republican,Tres Wittum,1
Montgomery,3B Fredonia,U.S. House,7,Democratic,Aftyn Behn,59
Montgomery,3B Fredonia,U.S. House,7,Democratic,Bo Mitchell,45
Montgomery,3B Fredonia,U.S. House,7,Democratic,Darden Hunter Copeland,61
Montgomery,3B Fredonia,U.S. House,7,Democratic,Vincent Dixie,15
Montgomery,3B Fredonia,U.S. House,7,Republican,Adolph Agbéko Dagan,0
Montgomery,3B Fredonia,U.S. House,7,Republican,Gino Bulso,37
Montgomery,3B Fredonia,U.S. House,7,Republican,Jason D. Knight,12
Montgomery,3B Fredonia,U.S. House,7,Republican,Jody Barrett,77
Montgomery,3B Fredonia,U.S. House,7,Republican,Joe Leurs,2
Montgomery,3B Fredonia,U.S. House,7,Republican,Lee Reeves,8
Montgomery,3B Fredonia,U.S. House,7,Republican,Mason Foley,2
Montgomery,3B Fredonia,U.S. House,7,Republican,Matt Van Epps,366
Montgomery,3B Fredonia,U.S. House,7,Republican,Stewart Parks,0
Montgomery,3B Fredonia,U.S. House,7,Republican,Stuart Cooper,0
Montgomery,3B Fredonia,U.S. House,7,Republican,Tres Wittum,7
Montgomery,4A MCMS,U.S. House,7,Democratic,Aftyn Behn,53
Montgomery,4A MCMS,U.S. House,7,Democratic,Bo Mitchell,30
Montgomery,4A MCMS,U.S. House,7,Democratic,Darden Hunter Copeland,30
Montgomery,4A MCMS,U.S. House,7,Democratic,Vincent Dixie,6
Montgomery,4A MCMS,U.S. House,7,Republican,Adolph Agbéko Dagan,0
Montgomery,4A MCMS,U.S. House,7,Republican,Gino Bulso,52
Montgomery,4A MCMS,U.S. House,7,Republican,Jason D. Knight,7
Montgomery,4A MCMS,U.S. House,7,Republican,Jody Barrett,74
Montgomery,4A MCMS,U.S. House,7,Republican,Joe Leurs,1
Montgomery,4A MCMS,U.S. House,7,Republican,Lee Reeves,12
Montgomery,4A MCMS,U.S. House,7,Republican,Mason Foley,4
Montgomery,4A MCMS,U.S. House,7,Republican,Matt Van Epps,283
Montgomery,4A MCMS,U.S. House,7,Republican,Stewart Parks,2
Montgomery,4A MCMS,U.S. House,7,Republican,Stuart Cooper,2
Montgomery,4A MCMS,U.S. House,7,Republican,Tres Wittum,0
Montgomery,4B WR Event Center,U.S. House,7,Democratic,Aftyn Behn,77
Montgomery,4B WR Event Center,U.S. House,7,Democratic,Bo Mitchell,34
Montgomery,4B WR Event Center,U.S. House,7,Democratic,Darden Hunter Copeland,59
Montgomery,4B WR Event Center,U.S. House,7,Democratic,Vincent Dixie,37
Montgomery,4B WR Event Center,U.S. House,7,Republican,Adolph Agbéko Dagan,0
Montgomery,4B WR Event Center,U.S. House,7,Republican,Gino Bulso,26
Montgomery,4B WR Event Center,U.S. House,7,Republican,Jason D. Knight,6
Montgomery,4B WR Event Center,U.S. House,7,Republican,Jody Barrett,33
Montgomery,4B WR Event Center,U.S. House,7,Republican,Joe Leurs,1
Montgomery,4B WR Event Center,U.S. House,7,Republican,Lee Reeves,10
Montgomery,4B WR Event Center,U.S. House,7,Republican,Mason Foley,5
Montgomery,4B WR Event Center,U.S. House,7,Republican,Matt Van Epps,149
Montgomery,4B WR Event Center,U.S. House,7,Republican,Stewart Parks,2
Montgomery,4B WR Event Center,U.S. House,7,Republican,Stuart Cooper,2
Montgomery,4B WR Event Center,U.S. House,7,Republican,Tres Wittum,0
Montgomery,5 Cumberland,U.S. House,7,Democratic,Aftyn Behn,91
Montgomery,5 Cumberland,U.S. House,7,Democratic,Bo Mitchell,68
Montgomery,5 Cumberland,U.S. House,7,Democratic,Darden Hunter Copeland,56
Montgomery,5 Cumberland,U.S. House,7,Democratic,Vincent Dixie,56
Montgomery,5 Cumberland,U.S. House,7,Republican,Adolph Agbéko Dagan,0
Montgomery,5 Cumberland,U.S. House,7,Republican,Gino Bulso,19
Montgomery,5 Cumberland,U.S. House,7,Republican,Jason D. Knight,1
Montgomery,5 Cumberland,U.S. House,7,Republican,Jody Barrett,21
Montgomery,5 Cumberland,U.S. House,7,Republican,Joe Leurs,1
Montgomery,5 Cumberland,U.S. House,7,Republican,Lee Reeves,5
Montgomery,5 Cumberland,U.S. House,7,Republican,Mason Foley,3
Montgomery,5 Cumberland,U.S. House,7,Republican,Matt Van Epps,111
Montgomery,5 Cumberland,U.S. House,7,Republican,Stewart Parks,1
Montgomery,5 Cumberland,U.S. House,7,Republican,Stuart Cooper,0
Montgomery,5 Cumberland,U.S. House,7,Republican,Tres Wittum,3
Montgomery,6A Cumberland,U.S. House,7,Democratic,Aftyn Behn,33
Montgomery,6A Cumberland,U.S. House,7,Democratic,Bo Mitchell,41
Montgomery,6A Cumberland,U.S. House,7,Democratic,Darden Hunter Copeland,35
Montgomery,6A Cumberland,U.S. House,7,Democratic,Vincent Dixie,5
Montgomery,6A Cumberland,U.S. House,7,Republican,Adolph Agbéko Dagan,1
Montgomery,6A Cumberland,U.S. House,7,Republican,Gino Bulso,32
Montgomery,6A Cumberland,U.S. House,7,Republican,Jason D. Knight,3
Montgomery,6A Cumberland,U.S. House,7,Republican,Jody Barrett,37
Montgomery,6A Cumberland,U.S. House,7,Republican,Joe Leurs,1
Montgomery,6A Cumberland,U.S. House,7,Republican,Lee Reeves,12
Montgomery,6A Cumberland,U.S. House,7,Republican,Mason Foley,3
Montgomery,6A Cumberland,U.S. House,7,Republican,Matt Van Epps,245
Montgomery,6A Cumberland,U.S. House,7,Republican,Stewart Parks,2
Montgomery,6A Cumberland,U.S. House,7,Republican,Stuart Cooper,0
Montgomery,6A Cumberland,U.S. House,7,Republican,Tres Wittum,6
Montgomery,6B Bethel,U.S. House,7,Democratic,Aftyn Behn,17
Montgomery,6B Bethel,U.S. House,7,Democratic,Bo Mitchell,31
Montgomery,6B Bethel,U.S. House,7,Democratic,Darden Hunter Copeland,39
Montgomery,6B Bethel,U.S. House,7,Democratic,Vincent Dixie,6
Montgomery,6B Bethel,U.S. House,7,Republican,Adolph Agbéko Dagan,1
Montgomery,6B Bethel,U.S. House,7,Republican,Gino Bulso,25
Montgomery,6B Bethel,U.S. House,7,Republican,Jason D. Knight,8
Montgomery,6B Bethel,U.S. House,7,Republican,Jody Barrett,60
Montgomery,6B Bethel,U.S. House,7,Republican,Joe Leurs,2
Montgomery,6B Bethel,U.S. House,7,Republican,Lee Reeves,8
Montgomery,6B Bethel,U.S. House,7,Republican,Mason Foley,1
Montgomery,6B Bethel,U.S. House,7,Republican,Matt Van Epps,251
Montgomery,6B Bethel,U.S. House,7,Republican,Stewart Parks,0
Montgomery,6B Bethel,U.S. House,7,Republican,Stuart Cooper,3
Montgomery,6B Bethel,U.S. House,7,Republican,Tres Wittum,2
Montgomery,7A Liberty,U.S. House,7,Democratic,Aftyn Behn,40
Montgomery,7A Liberty,U.S. House,7,Democratic,Bo Mitchell,29
Montgomery,7A Liberty,U.S. House,7,Democratic,Darden Hunter Copeland,50
Montgomery,7A Liberty,U.S. House,7,Democratic,Vincent Dixie,22
Montgomery,7A Liberty,U.S. House,7,Republican,Adolph Agbéko Dagan,0
Montgomery,7A Liberty,U.S. House,7,Republican,Gino Bulso,32
Montgomery,7A Liberty,U.S. House,7,Republican,Jason D. Knight,8
Montgomery,7A Liberty,U.S. House,7,Republican,Jody Barrett,29
Montgomery,7A Liberty,U.S. House,7,Republican,Joe Leurs,2
Montgomery,7A Liberty,U.S. House,7,Republican,Lee Reeves,5
Montgomery,7A Liberty,U.S. House,7,Republican,Mason Foley,5
Montgomery,7A Liberty,U.S. House,7,Republican,Matt Van Epps,173
Montgomery,7A Liberty,U.S. House,7,Republican,Stewart Parks,2
Montgomery,7A Liberty,U.S. House,7,Republican,Stuart Cooper,2
Montgomery,7A Liberty,U.S. House,7,Republican,Tres Wittum,1
Montgomery,7B Woodlawn,U.S. House,7,Democratic,Aftyn Behn,32
Montgomery,7B Woodlawn,U.S. House,7,Democratic,Bo Mitchell,23
Montgomery,7B Woodlawn,U.S. House,7,Democratic,Darden Hunter Copeland,35
Montgomery,7B Woodlawn,U.S. House,7,Democratic,Vincent Dixie,12
Montgomery,7B Woodlawn,U.S. House,7,Republican,Adolph Agbéko Dagan,0
Montgomery,7B Woodlawn,U.S. House,7,Republican,Gino Bulso,46
Montgomery,7B Woodlawn,U.S. House,7,Republican,Jason D. Knight,9
Montgomery,7B Woodlawn,U.S. House,7,Republican,Jody Barrett,69
Montgomery,7B Woodlawn,U.S. House,7,Republican,Joe Leurs,1
Montgomery,7B Woodlawn,U.S. House,7,Republican,Lee Reeves,15
Montgomery,7B Woodlawn,U.S. House,7,Republican,Mason Foley,5
Montgomery,7B Woodlawn,U.S. House,7,Republican,Matt Van Epps,300
Montgomery,7B Woodlawn,U.S. House,7,Republican,Stewart Parks,3
Montgomery,7B Woodlawn,U.S. House,7,Republican,Stuart Cooper,1
Montgomery,7B Woodlawn,U.S. House,7,Republican,Tres Wittum,1
Montgomery,8 Bethel,U.S. House,7,Democratic,Aftyn Behn,38
Montgomery,8 Bethel,U.S. House,7,Democratic,Bo Mitchell,28
Montgomery,8 Bethel,U.S. House,7,Democratic,Darden Hunter Copeland,69
Montgomery,8 Bethel,U.S. House,7,Democratic,Vincent Dixie,33
Montgomery,8 Bethel,U.S. House,7,Republican,Adolph Agbéko Dagan,0
Montgomery,8 Bethel,U.S. House,7,Republican,Gino Bulso,9
Montgomery,8 Bethel,U.S. House,7,Republican,Jason D. Knight,2
Montgomery,8 Bethel,U.S. House,7,Republican,Jody Barrett,12
Montgomery,8 Bethel,U.S. House,7,Republican,Joe Leurs,0
Montgomery,8 Bethel,U.S. House,7,Republican,Lee Reeves,1
Montgomery,8 Bethel,U.S. House,7,Republican,Mason Foley,0
Montgomery,8 Bethel,U.S. House,7,Republican,Matt Van Epps,64
Montgomery,8 Bethel,U.S. House,7,Republican,Stewart Parks,1
Montgomery,8 Bethel,U.S. House,7,Republican,Stuart Cooper,0
Montgomery,8 Bethel,U.S. House,7,Republican,Tres Wittum,0
Montgomery,9A Hazelwood,U.S. House,7,Democratic,Aftyn Behn,31
Montgomery,9A Hazelwood,U.S. House,7,Democratic,Bo Mitchell,26
Montgomery,9A Hazelwood,U.S. House,7,Democratic,Darden Hunter Copeland,65
Montgomery,9A Hazelwood,U.S. House,7,Democratic,Vincent Dixie,76
Montgomery,9A Hazelwood,U.S. House,7,Republican,Adolph Agbéko Dagan,0
Montgomery,9A Hazelwood,U.S. House,7,Republican,Gino Bulso,16
Montgomery,9A Hazelwood,U.S. House,7,Republican,Jason D. Knight,6
Montgomery,9A Hazelwood,U.S. House,7,Republican,Jody Barrett,20
Montgomery,9A Hazelwood,U.S. House,7,Republican,Joe Leurs,2
Montgomery,9A Hazelwood,U.S. House,7,Republican,Lee Reeves,3
Montgomery,9A Hazelwood,U.S. House,7,Republican,Mason Foley,1
Montgomery,9A Hazelwood,U.S. House,7,Republican,Matt Van Epps,93
Montgomery,9A Hazelwood,U.S. House,7,Republican,Stewart Parks,1
Montgomery,9A Hazelwood,U.S. House,7,Republican,Stuart Cooper,0
Montgomery,9A Hazelwood,U.S. House,7,Republican,Tres Wittum,0
Montgomery,9B St John,U.S. House,7,Democratic,Aftyn Behn,36
Montgomery,9B St John,U.S. House,7,Democratic,Bo Mitchell,18
Montgomery,9B St John,U.S. House,7,Democratic,Darden Hunter Copeland,50
Montgomery,9B St John,U.S. House,7,Democratic,Vincent Dixie,52
Montgomery,9B St John,U.S. House,7,Republican,Adolph Agbéko Dagan,0
Montgomery,9B St John,U.S. House,7,Republican,Gino Bulso,13
Montgomery,9B St John,U.S. House,7,Republican,Jason D. Knight,5
Montgomery,9B St John,U.S. House,7,Republican,Jody Barrett,15
Montgomery,9B St John,U.S. House,7,Republican,Joe Leurs,0
Montgomery,9B St John,U.S. House,7,Republican,Lee Reeves,4
Montgomery,9B St John,U.S. House,7,Republican,Mason Foley,2
Montgomery,9B St John,U.S. House,7,Republican,Matt Van Epps,64
Montgomery,9B St John,U.S. House,7,Republican,Stewart Parks,1
Montgomery,9B St John,U.S. House,7,Republican,Stuart Cooper,1
Montgomery,9B St John,U.S. House,7,Republican,Tres Wittum,0
Perry,1-1 Cedar Creek,U.S. House,7,Democratic,Aftyn Behn,1
Perry,1-1 Cedar Creek,U.S. House,7,Democratic,Bo Mitchell,8
Perry,1-1 Cedar Creek,U.S. House,7,Democratic,Darden Hunter Copeland,1
Perry,1-1 Cedar Creek,U.S. House,7,Democratic,Vincent Dixie,0
Perry,1-1 Cedar Creek,U.S. House,7,Republican,Adolph Agbéko Dagan,1
Perry,1-1 Cedar Creek,U.S. House,7,Republican,Gino Bulso,1
Perry,1-1 Cedar Creek,U.S. House,7,Republican,Jason D. Knight,1
Perry,1-1 Cedar Creek,U.S. House,7,Republican,Jody Barrett,14
Perry,1-1 Cedar Creek,U.S. House,7,Republican,Joe Leurs,0
Perry,1-1 Cedar Creek,U.S. House,7,Republican,Lee Reeves,0
Perry,1-1 Cedar Creek,U.S. House,7,Republican,Mason Foley,0
Perry,1-1 Cedar Creek,U.S. House,7,Republican,Matt Van Epps,31
Perry,1-1 Cedar Creek,U.S. House,7,Republican,Stewart Parks,3
Perry,1-1 Cedar Creek,U.S. House,7,Republican,Stuart Cooper,1
Perry,1-1 Cedar Creek,U.S. House,7,Republican,Tres Wittum,0
Perry,1-2 Marsh Creek,U.S. House,7,Democratic,Aftyn Behn,0
Perry,1-2 Marsh Creek,U.S. House,7,Democratic,Bo Mitchell,2
Perry,1-2 Marsh Creek,U.S. House,7,Democratic,Darden Hunter Copeland,0
Perry,1-2 Marsh Creek,U.S. House,7,Democratic,Vincent Dixie,0
Perry,1-2 Marsh Creek,U.S. House,7,Republican,Adolph Agbéko Dagan,0
Perry,1-2 Marsh Creek,U.S. House,7,Republican,Gino Bulso,3
Perry,1-2 Marsh Creek,U.S. House,7,Republican,Jason D. Knight,1
Perry,1-2 Marsh Creek,U.S. House,7,Republican,Jody Barrett,13
Perry,1-2 Marsh Creek,U.S. House,7,Republican,Joe Leurs,0
Perry,1-2 Marsh Creek,U.S. House,7,Republican,Lee Reeves,0
Perry,1-2 Marsh Creek,U.S. House,7,Republican,Mason Foley,0
Perry,1-2 Marsh Creek,U.S. House,7,Republican,Matt Van Epps,15
Perry,1-2 Marsh Creek,U.S. House,7,Republican,Stewart Parks,0
Perry,1-2 Marsh Creek,U.S. House,7,Republican,Stuart Cooper,1
Perry,1-2 Marsh Creek,U.S. House,7,Republican,Tres Wittum,0
Perry,2-1 Pineview,U.S. House,7,Democratic,Aftyn Behn,1
Perry,2-1 Pineview,U.S. House,7,Democratic,Bo Mitchell,16
Perry,2-1 Pineview,U.S. House,7,Democratic,Darden Hunter Copeland,8
Perry,2-1 Pineview,U.S. House,7,Democratic,Vincent Dixie,0
Perry,2-1 Pineview,U.S. House,7,Republican,Adolph Agbéko Dagan,0
Perry,2-1 Pineview,U.S. House,7,Republican,Gino Bulso,1
Perry,2-1 Pineview,U.S. House,7,Republican,Jason D. Knight,0
Perry,2-1 Pineview,U.S. House,7,Republican,Jody Barrett,23
Perry,2-1 Pineview,U.S. House,7,Republican,Joe Leurs,0
Perry,2-1 Pineview,U.S. House,7,Republican,Lee Reeves,0
Perry,2-1 Pineview,U.S. House,7,Republican,Mason Foley,0
Perry,2-1 Pineview,U.S. House,7,Republican,Matt Van Epps,26
Perry,2-1 Pineview,U.S. House,7,Republican,Stewart Parks,0
Perry,2-1 Pineview,U.S. House,7,Republican,Stuart Cooper,0
Perry,2-1 Pineview,U.S. House,7,Republican,Tres Wittum,0
Perry,2-2 Pope,U.S. House,7,Democratic,Aftyn Behn,0
Perry,2-2 Pope,U.S. House,7,Democratic,Bo Mitchell,3
Perry,2-2 Pope,U.S. House,7,Democratic,Darden Hunter Copeland,1
Perry,2-2 Pope,U.S. House,7,Democratic,Vincent Dixie,1
Perry,2-2 Pope,U.S. House,7,Republican,Adolph Agbéko Dagan,0
Perry,2-2 Pope,U.S. House,7,Republican,Gino Bulso,8
Perry,2-2 Pope,U.S. House,7,Republican,Jason D. Knight,0
Perry,2-2 Pope,U.S. House,7,Republican,Jody Barrett,7
Perry,2-2 Pope,U.S. House,7,Republican,Joe Leurs,0
Perry,2-2 Pope,U.S. House,7,Republican,Lee Reeves,4
Perry,2-2 Pope,U.S. House,7,Republican,Mason Foley,1
Perry,2-2 Pope,U.S. House,7,Republican,Matt Van Epps,20
Perry,2-2 Pope,U.S. House,7,Republican,Stewart Parks,3
Perry,2-2 Pope,U.S. House,7,Republican,Stuart Cooper,0
Perry,2-2 Pope,U.S. House,7,Republican,Tres Wittum,0
Perry,3-1 Coon Creek,U.S. House,7,Democratic,Aftyn Behn,4
Perry,3-1 Coon Creek,U.S. House,7,Democratic,Bo Mitchell,19
Perry,3-1 Coon Creek,U.S. House,7,Democratic,Darden Hunter Copeland,5
Perry,3-1 Coon Creek,U.S. House,7,Democratic,Vincent Dixie,0
Perry,3-1 Coon Creek,U.S. House,7,Republican,Adolph Agbéko Dagan,0
Perry,3-1 Coon Creek,U.S. House,7,Republican,Gino Bulso,9
Perry,3-1 Coon Creek,U.S. House,7,Republican,Jason D. Knight,0
Perry,3-1 Coon Creek,U.S. House,7,Republican,Jody Barrett,22
Perry,3-1 Coon Creek,U.S. House,7,Republican,Joe Leurs,0
Perry,3-1 Coon Creek,U.S. House,7,Republican,Lee Reeves,2
Perry,3-1 Coon Creek,U.S. House,7,Republican,Mason Foley,0
Perry,3-1 Coon Creek,U.S. House,7,Republican,Matt Van Epps,23
Perry,3-1 Coon Creek,U.S. House,7,Republican,Stewart Parks,3
Perry,3-1 Coon Creek,U.S. House,7,Republican,Stuart Cooper,1
Perry,3-1 Coon Creek,U.S. House,7,Republican,Tres Wittum,0
Perry,3-2 Flatwoods,U.S. House,7,Democratic,Aftyn Behn,1
Perry,3-2 Flatwoods,U.S. House,7,Democratic,Bo Mitchell,5
Perry,3-2 Flatwoods,U.S. House,7,Democratic,Darden Hunter Copeland,3
Perry,3-2 Flatwoods,U.S. House,7,Democratic,Vincent Dixie,0
Perry,3-2 Flatwoods,U.S. House,7,Republican,Adolph Agbéko Dagan,0
Perry,3-2 Flatwoods,U.S. House,7,Republican,Gino Bulso,11
Perry,3-2 Flatwoods,U.S. House,7,Republican,Jason D. Knight,0
Perry,3-2 Flatwoods,U.S. House,7,Republican,Jody Barrett,10
Perry,3-2 Flatwoods,U.S. House,7,Republican,Joe Leurs,0
Perry,3-2 Flatwoods,U.S. House,7,Republican,Lee Reeves,1
Perry,3-2 Flatwoods,U.S. House,7,Republican,Mason Foley,0
Perry,3-2 Flatwoods,U.S. House,7,Republican,Matt Van Epps,19
Perry,3-2 Flatwoods,U.S. House,7,Republican,Stewart Parks,1
Perry,3-2 Flatwoods,U.S. House,7,Republican,Stuart Cooper,0
Perry,3-2 Flatwoods,U.S. House,7,Republican,Tres Wittum,0
Perry,4-1 Brush Creek,U.S. House,7,Democratic,Aftyn Behn,0
Perry,4-1 Brush Creek,U.S. House,7,Democratic,Bo Mitchell,8
Perry,4-1 Brush Creek,U.S. House,7,Democratic,Darden Hunter Copeland,3
Perry,4-1 Brush Creek,U.S. House,7,Democratic,Vincent Dixie,0
Perry,4-1 Brush Creek,U.S. House,7,Republican,Adolph Agbéko Dagan,0
Perry,4-1 Brush Creek,U.S. House,7,Republican,Gino Bulso,4
Perry,4-1 Brush Creek,U.S. House,7,Republican,Jason D. Knight,1
Perry,4-1 Brush Creek,U.S. House,7,Republican,Jody Barrett,0
Perry,4-1 Brush Creek,U.S. House,7,Republican,Joe Leurs,0
Perry,4-1 Brush Creek,U.S. House,7,Republican,Lee Reeves,2
Perry,4-1 Brush Creek,U.S. House,7,Republican,Mason Foley,0
Perry,4-1 Brush Creek,U.S. House,7,Republican,Matt Van Epps,12
Perry,4-1 Brush Creek,U.S. House,7,Republican,Stewart Parks,1
Perry,4-1 Brush Creek,U.S. House,7,Republican,Stuart Cooper,0
Perry,4-1 Brush Creek,U.S. House,7,Republican,Tres Wittum,0
Perry,4-3 Lobelville,U.S. House,7,Democratic,Aftyn Behn,2
Perry,4-3 Lobelville,U.S. House,7,Democratic,Bo Mitchell,10
Perry,4-3 Lobelville,U.S. House,7,Democratic,Darden Hunter Copeland,3
Perry,4-3 Lobelville,U.S. House,7,Democratic,Vincent Dixie,0
Perry,4-3 Lobelville,U.S. House,7,Republican,Adolph Agbéko Dagan,0
Perry,4-3 Lobelville,U.S. House,7,Republican,Gino Bulso,12
Perry,4-3 Lobelville,U.S. House,7,Republican,Jason D. Knight,0
Perry,4-3 Lobelville,U.S. House,7,Republican,Jody Barrett,17
Perry,4-3 Lobelville,U.S. House,7,Republican,Joe Leurs,0
Perry,4-3 Lobelville,U.S. House,7,Republican,Lee Reeves,1
Perry,4-3 Lobelville,U.S. House,7,Republican,Mason Foley,0
Perry,4-3 Lobelville,U.S. House,7,Republican,Matt Van Epps,28
Perry,4-3 Lobelville,U.S. House,7,Republican,Stewart Parks,0
Perry,4-3 Lobelville,U.S. House,7,Republican,Stuart Cooper,0
Perry,4-3 Lobelville,U.S. House,7,Republican,Tres Wittum,0
Perry,5-1 Linden,U.S. House,7,Democratic,Aftyn Behn,0
Perry,5-1 Linden,U.S. House,7,Democratic,Bo Mitchell,26
Perry,5-1 Linden,U.S. House,7,Democratic,Darden Hunter Copeland,5
Perry,5-1 Linden,U.S. House,7,Democratic,Vincent Dixie,1
Perry,5-1 Linden,U.S. House,7,Republican,Adolph Agbéko Dagan,0
Perry,5-1 Linden,U.S. House,7,Republican,Gino Bulso,7
Perry,5-1 Linden,U.S. House,7,Republican,Jason D. Knight,1
Perry,5-1 Linden,U.S. House,7,Republican,Jody Barrett,28
Perry,5-1 Linden,U.S. House,7,Republican,Joe Leurs,0
Perry,5-1 Linden,U.S. House,7,Republican,Lee Reeves,1
Perry,5-1 Linden,U.S. House,7,Republican,Mason Foley,1
Perry,5-1 Linden,U.S. House,7,Republican,Matt Van Epps,30
Perry,5-1 Linden,U.S. House,7,Republican,Stewart Parks,3
Perry,5-1 Linden,U.S. House,7,Republican,Stuart Cooper,0
Perry,5-1 Linden,U.S. House,7,Republican,Tres Wittum,1
Perry,6-1 Lobelville,U.S. House,7,Democratic,Aftyn Behn,6
Perry,6-1 Lobelville,U.S. House,7,Democratic,Bo Mitchell,9
Perry,6-1 Lobelville,U.S. House,7,Democratic,Darden Hunter Copeland,8
Perry,6-1 Lobelville,U.S. House,7,Democratic,Vincent Dixie,0
Perry,6-1 Lobelville,U.S. House,7,Republican,Adolph Agbéko Dagan,0
Perry,6-1 Lobelville,U.S. House,7,Republican,Gino Bulso,5
Perry,6-1 Lobelville,U.S. House,7,Republican,Jason D. Knight,0
Perry,6-1 Lobelville,U.S. House,7,Republican,Jody Barrett,33
Perry,6-1 Lobelville,U.S. House,7,Republican,Joe Leurs,0
Perry,6-1 Lobelville,U.S. House,7,Republican,Lee Reeves,2
Perry,6-1 Lobelville,U.S. House,7,Republican,Mason Foley,0
Perry,6-1 Lobelville,U.S. House,7,Republican,Matt Van Epps,26
Perry,6-1 Lobelville,U.S. House,7,Republican,Stewart Parks,4
Perry,6-1 Lobelville,U.S. House,7,Republican,Stuart Cooper,0
Perry,6-1 Lobelville,U.S. House,7,Republican,Tres Wittum,0
Robertson,01-1 East Robertson,U.S. House,7,Democratic,Aftyn Behn,17
Robertson,01-1 East Robertson,U.S. House,7,Democratic,Bo Mitchell,24
Robertson,01-1 East Robertson,U.S. House,7,Democratic,Darden Hunter Copeland,36
Robertson,01-1 East Robertson,U.S. House,7,Democratic,Vincent Dixie,8
Robertson,01-1 East Robertson,U.S. House,7,Republican,Adolph Agbéko Dagan,1
Robertson,01-1 East Robertson,U.S. House,7,Republican,Gino Bulso,48
Robertson,01-1 East Robertson,U.S. House,7,Republican,Jason D. Knight,1
Robertson,01-1 East Robertson,U.S. House,7,Republican,Jody Barrett,59
Robertson,01-1 East Robertson,U.S. House,7,Republican,Joe Leurs,2
Robertson,01-1 East Robertson,U.S. House,7,Republican,Lee Reeves,6
Robertson,01-1 East Robertson,U.S. House,7,Republican,Mason Foley,7
Robertson,01-1 East Robertson,U.S. House,7,Republican,Matt Van Epps,241
Robertson,01-1 East Robertson,U.S. House,7,Republican,Stewart Parks,4
Robertson,01-1 East Robertson,U.S. House,7,Republican,Stuart Cooper,0
Robertson,01-1 East Robertson,U.S. House,7,Republican,Tres Wittum,1
Robertson,02-1 Woodall,U.S. House,7,Democratic,Aftyn Behn,44
Robertson,02-1 Woodall,U.S. House,7,Democratic,Bo Mitchell,20
Robertson,02-1 Woodall,U.S. House,7,Democratic,Darden Hunter Copeland,51
Robertson,02-1 Woodall,U.S. House,7,Democratic,Vincent Dixie,11
Robertson,02-1 Woodall,U.S. House,7,Republican,Adolph Agbéko Dagan,0
Robertson,02-1 Woodall,U.S. House,7,Republican,Gino Bulso,29
Robertson,02-1 Woodall,U.S. House,7,Republican,Jason D. Knight,1
Robertson,02-1 Woodall,U.S. House,7,Republican,Jody Barrett,28
Robertson,02-1 Woodall,U.S. House,7,Republican,Joe Leurs,2
Robertson,02-1 Woodall,U.S. House,7,Republican,Lee Reeves,17
Robertson,02-1 Woodall,U.S. House,7,Republican,Mason Foley,19
Robertson,02-1 Woodall,U.S. House,7,Republican,Matt Van Epps,182
Robertson,02-1 Woodall,U.S. House,7,Republican,Stewart Parks,13
Robertson,02-1 Woodall,U.S. House,7,Republican,Stuart Cooper,2
Robertson,02-1 Woodall,U.S. House,7,Republican,Tres Wittum,0
Robertson,03-1 Ebenezer,U.S. House,7,Democratic,Aftyn Behn,13
Robertson,03-1 Ebenezer,U.S. House,7,Democratic,Bo Mitchell,21
Robertson,03-1 Ebenezer,U.S. House,7,Democratic,Darden Hunter Copeland,18
Robertson,03-1 Ebenezer,U.S. House,7,Democratic,Vincent Dixie,3
Robertson,03-1 Ebenezer,U.S. House,7,Republican,Adolph Agbéko Dagan,0
Robertson,03-1 Ebenezer,U.S. House,7,Republican,Gino Bulso,21
Robertson,03-1 Ebenezer,U.S. House,7,Republican,Jason D. Knight,0
Robertson,03-1 Ebenezer,U.S. House,7,Republican,Jody Barrett,29
Robertson,03-1 Ebenezer,U.S. House,7,Republican,Joe Leurs,0
Robertson,03-1 Ebenezer,U.S. House,7,Republican,Lee Reeves,2
Robertson,03-1 Ebenezer,U.S. House,7,Republican,Mason Foley,6
Robertson,03-1 Ebenezer,U.S. House,7,Republican,Matt Van Epps,129
Robertson,03-1 Ebenezer,U.S. House,7,Republican,Stewart Parks,8
Robertson,03-1 Ebenezer,U.S. House,7,Republican,Stuart Cooper,1
Robertson,03-1 Ebenezer,U.S. House,7,Republican,Tres Wittum,0
Robertson,03-2 Heritage,U.S. House,7,Democratic,Aftyn Behn,37
Robertson,03-2 Heritage,U.S. House,7,Democratic,Bo Mitchell,14
Robertson,03-2 Heritage,U.S. House,7,Democratic,Darden Hunter Copeland,21
Robertson,03-2 Heritage,U.S. House,7,Democratic,Vincent Dixie,6
Robertson,03-2 Heritage,U.S. House,7,Republican,Adolph Agbéko Dagan,0
Robertson,03-2 Heritage,U.S. House,7,Republican,Gino Bulso,30
Robertson,03-2 Heritage,U.S. House,7,Republican,Jason D. Knight,1
Robertson,03-2 Heritage,U.S. House,7,Republican,Jody Barrett,38
Robertson,03-2 Heritage,U.S. House,7,Republican,Joe Leurs,0
Robertson,03-2 Heritage,U.S. House,7,Republican,Lee Reeves,14
Robertson,03-2 Heritage,U.S. House,7,Republican,Mason Foley,4
Robertson,03-2 Heritage,U.S. House,7,Republican,Matt Van Epps,180
Robertson,03-2 Heritage,U.S. House,7,Republican,Stewart Parks,9
Robertson,03-2 Heritage,U.S. House,7,Republican,Stuart Cooper,2
Robertson,03-2 Heritage,U.S. House,7,Republican,Tres Wittum,2
Robertson,04-1 Watauga,U.S. House,7,Democratic,Aftyn Behn,27
Robertson,04-1 Watauga,U.S. House,7,Democratic,Bo Mitchell,56
Robertson,04-1 Watauga,U.S. House,7,Democratic,Darden Hunter Copeland,47
Robertson,04-1 Watauga,U.S. House,7,Democratic,Vincent Dixie,5
Robertson,04-1 Watauga,U.S. House,7,Republican,Adolph Agbéko Dagan,0
Robertson,04-1 Watauga,U.S. House,7,Republican,Gino Bulso,33
Robertson,04-1 Watauga,U.S. House,7,Republican,Jason D. Knight,2
Robertson,04-1 Watauga,U.S. House,7,Republican,Jody Barrett,44
Robertson,04-1 Watauga,U.S. House,7,Republican,Joe Leurs,0
Robertson,04-1 Watauga,U.S. House,7,Republican,Lee Reeves,11
Robertson,04-1 Watauga,U.S. House,7,Republican,Mason Foley,25
Robertson,04-1 Watauga,U.S. House,7,Republican,Matt Van Epps,229
Robertson,04-1 Watauga,U.S. House,7,Republican,Stewart Parks,2
Robertson,04-1 Watauga,U.S. House,7,Republican,Stuart Cooper,2
Robertson,04-1 Watauga,U.S. House,7,Republican,Tres Wittum,3
Robertson,05-1 Greenbrier,U.S. House,7,Democratic,Aftyn Behn,23
Robertson,05-1 Greenbrier,U.S. House,7,Democratic,Bo Mitchell,31
Robertson,05-1 Greenbrier,U.S. House,7,Democratic,Darden Hunter Copeland,60
Robertson,05-1 Greenbrier,U.S. House,7,Democratic,Vincent Dixie,4
Robertson,05-1 Greenbrier,U.S. House,7,Republican,Adolph Agbéko Dagan,1
Robertson,05-1 Greenbrier,U.S. House,7,Republican,Gino Bulso,43
Robertson,05-1 Greenbrier,U.S. House,7,Republican,Jason D. Knight,1
Robertson,05-1 Greenbrier,U.S. House,7,Republican,Jody Barrett,44
Robertson,05-1 Greenbrier,U.S. House,7,Republican,Joe Leurs,1
Robertson,05-1 Greenbrier,U.S. House,7,Republican,Lee Reeves,12
Robertson,05-1 Greenbrier,U.S. House,7,Republican,Mason Foley,7
Robertson,05-1 Greenbrier,U.S. House,7,Republican,Matt Van Epps,166
Robertson,05-1 Greenbrier,U.S. House,7,Republican,Stewart Parks,2
Robertson,05-1 Greenbrier,U.S. House,7,Republican,Stuart Cooper,1
Robertson,05-1 Greenbrier,U.S. House,7,Republican,Tres Wittum,0
Robertson,06-1 Coopertown,U.S. House,7,Democratic,Aftyn Behn,19
Robertson,06-1 Coopertown,U.S. House,7,Democratic,Bo Mitchell,29
Robertson,06-1 Coopertown,U.S. House,7,Democratic,Darden Hunter Copeland,30
Robertson,06-1 Coopertown,U.S. House,7,Democratic,Vincent Dixie,7
Robertson,06-1 Coopertown,U.S. House,7,Republican,Adolph Agbéko Dagan,0
Robertson,06-1 Coopertown,U.S. House,7,Republican,Gino Bulso,42
Robertson,06-1 Coopertown,U.S. House,7,Republican,Jason D. Knight,2
Robertson,06-1 Coopertown,U.S. House,7,Republican,Jody Barrett,49
Robertson,06-1 Coopertown,U.S. House,7,Republican,Joe Leurs,0
Robertson,06-1 Coopertown,U.S. House,7,Republican,Lee Reeves,6
Robertson,06-1 Coopertown,U.S. House,7,Republican,Mason Foley,9
Robertson,06-1 Coopertown,U.S. House,7,Republican,Matt Van Epps,172
Robertson,06-1 Coopertown,U.S. House,7,Republican,Stewart Parks,0
Robertson,06-1 Coopertown,U.S. House,7,Republican,Stuart Cooper,0
Robertson,06-1 Coopertown,U.S. House,7,Republican,Tres Wittum,2
Robertson,06-2 Mt. Sharon,U.S. House,7,Democratic,Aftyn Behn,21
Robertson,06-2 Mt. Sharon,U.S. House,7,Democratic,Bo Mitchell,31
Robertson,06-2 Mt. Sharon,U.S. House,7,Democratic,Darden Hunter Copeland,20
Robertson,06-2 Mt. Sharon,U.S. House,7,Democratic,Vincent Dixie,7
Robertson,06-2 Mt. Sharon,U.S. House,7,Republican,Adolph Agbéko Dagan,0
Robertson,06-2 Mt. Sharon,U.S. House,7,Republican,Gino Bulso,13
Robertson,06-2 Mt. Sharon,U.S. House,7,Republican,Jason D. Knight,0
Robertson,06-2 Mt. Sharon,U.S. House,7,Republican,Jody Barrett,39
Robertson,06-2 Mt. Sharon,U.S. House,7,Republican,Joe Leurs,0
Robertson,06-2 Mt. Sharon,U.S. House,7,Republican,Lee Reeves,11
Robertson,06-2 Mt. Sharon,U.S. House,7,Republican,Mason Foley,7
Robertson,06-2 Mt. Sharon,U.S. House,7,Republican,Matt Van Epps,138
Robertson,06-2 Mt. Sharon,U.S. House,7,Republican,Stewart Parks,7
Robertson,06-2 Mt. Sharon,U.S. House,7,Republican,Stuart Cooper,1
Robertson,06-2 Mt. Sharon,U.S. House,7,Republican,Tres Wittum,0
Robertson,07-1 Jo Byrns,U.S. House,7,Democratic,Aftyn Behn,11
Robertson,07-1 Jo Byrns,U.S. House,7,Democratic,Bo Mitchell,23
Robertson,07-1 Jo Byrns,U.S. House,7,Democratic,Darden Hunter Copeland,36
Robertson,07-1 Jo Byrns,U.S. House,7,Democratic,Vincent Dixie,3
Robertson,07-1 Jo Byrns,U.S. House,7,Republican,Adolph Agbéko Dagan,1
Robertson,07-1 Jo Byrns,U.S. House,7,Republican,Gino Bulso,36
Robertson,07-1 Jo Byrns,U.S. House,7,Republican,Jason D. Knight,3
Robertson,07-1 Jo Byrns,U.S. House,7,Republican,Jody Barrett,46
Robertson,07-1 Jo Byrns,U.S. House,7,Republican,Joe Leurs,0
Robertson,07-1 Jo Byrns,U.S. House,7,Republican,Lee Reeves,11
Robertson,07-1 Jo Byrns,U.S. House,7,Republican,Mason Foley,9
Robertson,07-1 Jo Byrns,U.S. House,7,Republican,Matt Van Epps,244
Robertson,07-1 Jo Byrns,U.S. House,7,Republican,Stewart Parks,6
Robertson,07-1 Jo Byrns,U.S. House,7,Republican,Stuart Cooper,3
Robertson,07-1 Jo Byrns,U.S. House,7,Republican,Tres Wittum,0
Robertson,07-2 Stroudsville,U.S. House,7,Democratic,Aftyn Behn,6
Robertson,07-2 Stroudsville,U.S. House,7,Democratic,Bo Mitchell,7
Robertson,07-2 Stroudsville,U.S. House,7,Democratic,Darden Hunter Copeland,14
Robertson,07-2 Stroudsville,U.S. House,7,Democratic,Vincent Dixie,2
Robertson,07-2 Stroudsville,U.S. House,7,Republican,Adolph Agbéko Dagan,1
Robertson,07-2 Stroudsville,U.S. House,7,Republican,Gino Bulso,10
Robertson,07-2 Stroudsville,U.S. House,7,Republican,Jason D. Knight,0
Robertson,07-2 Stroudsville,U.S. House,7,Republican,Jody Barrett,28
Robertson,07-2 Stroudsville,U.S. House,7,Republican,Joe Leurs,0
Robertson,07-2 Stroudsville,U.S. House,7,Republican,Lee Reeves,2
Robertson,07-2 Stroudsville,U.S. House,7,Republican,Mason Foley,1
Robertson,07-2 Stroudsville,U.S. House,7,Republican,Matt Van Epps,103
Robertson,07-2 Stroudsville,U.S. House,7,Republican,Stewart Parks,3
Robertson,07-2 Stroudsville,U.S. House,7,Republican,Stuart Cooper,0
Robertson,07-2 Stroudsville,U.S. House,7,Republican,Tres Wittum,0
Robertson,08-1 Krisle,U.S. House,7,Democratic,Aftyn Behn,6
Robertson,08-1 Krisle,U.S. House,7,Democratic,Bo Mitchell,8
Robertson,08-1 Krisle,U.S. House,7,Democratic,Darden Hunter Copeland,8
Robertson,08-1 Krisle,U.S. House,7,Democratic,Vincent Dixie,2
Robertson,08-1 Krisle,U.S. House,7,Republican,Adolph Agbéko Dagan,1
Robertson,08-1 Krisle,U.S. House,7,Republican,Gino Bulso,16
Robertson,08-1 Krisle,U.S. House,7,Republican,Jason D. Knight,0
Robertson,08-1 Krisle,U.S. House,7,Republican,Jody Barrett,25
Robertson,08-1 Krisle,U.S. House,7,Republican,Joe Leurs,1
Robertson,08-1 Krisle,U.S. House,7,Republican,Lee Reeves,3
Robertson,08-1 Krisle,U.S. House,7,Republican,Mason Foley,0
Robertson,08-1 Krisle,U.S. House,7,Republican,Matt Van Epps,84
Robertson,08-1 Krisle,U.S. House,7,Republican,Stewart Parks,1
Robertson,08-1 Krisle,U.S. House,7,Republican,Stuart Cooper,2
Robertson,08-1 Krisle,U.S. House,7,Republican,Tres Wittum,0
Robertson,08-2 HATS,U.S. House,7,Democratic,Aftyn Behn,7
Robertson,08-2 HATS,U.S. House,7,Democratic,Bo Mitchell,7
Robertson,08-2 HATS,U.S. House,7,Democratic,Darden Hunter Copeland,13
Robertson,08-2 HATS,U.S. House,7,Democratic,Vincent Dixie,1
Robertson,08-2 HATS,U.S. House,7,Republican,Adolph Agbéko Dagan,0
Robertson,08-2 HATS,U.S. House,7,Republican,Gino Bulso,13
Robertson,08-2 HATS,U.S. House,7,Republican,Jason D. Knight,2
Robertson,08-2 HATS,U.S. House,7,Republican,Jody Barrett,18
Robertson,08-2 HATS,U.S. House,7,Republican,Joe Leurs,0
Robertson,08-2 HATS,U.S. House,7,Republican,Lee Reeves,5
Robertson,08-2 HATS,U.S. House,7,Republican,Mason Foley,3
Robertson,08-2 HATS,U.S. House,7,Republican,Matt Van Epps,98
Robertson,08-2 HATS,U.S. House,7,Republican,Stewart Parks,4
Robertson,08-2 HATS,U.S. House,7,Republican,Stuart Cooper,0
Robertson,08-2 HATS,U.S. House,7,Republican,Tres Wittum,0
Robertson,08-3 Owens Chapel,U.S. House,7,Democratic,Aftyn Behn,13
Robertson,08-3 Owens Chapel,U.S. House,7,Democratic,Bo Mitchell,7
Robertson,08-3 Owens Chapel,U.S. House,7,Democratic,Darden Hunter Copeland,19
Robertson,08-3 Owens Chapel,U.S. House,7,Democratic,Vincent Dixie,2
Robertson,08-3 Owens Chapel,U.S. House,7,Republican,Adolph Agbéko Dagan,0
Robertson,08-3 Owens Chapel,U.S. House,7,Republican,Gino Bulso,19
Robertson,08-3 Owens Chapel,U.S. House,7,Republican,Jason D. Knight,1
Robertson,08-3 Owens Chapel,U.S. House,7,Republican,Jody Barrett,32
Robertson,08-3 Owens Chapel,U.S. House,7,Republican,Joe Leurs,0
Robertson,08-3 Owens Chapel,U.S. House,7,Republican,Lee Reeves,1
Robertson,08-3 Owens Chapel,U.S. House,7,Republican,Mason Foley,4
Robertson,08-3 Owens Chapel,U.S. House,7,Republican,Matt Van Epps,157
Robertson,08-3 Owens Chapel,U.S. House,7,Republican,Stewart Parks,1
Robertson,08-3 Owens Chapel,U.S. House,7,Republican,Stuart Cooper,1
Robertson,08-3 Owens Chapel,U.S. House,7,Republican,Tres Wittum,0
Robertson,09-1 Fair Assoc.,U.S. House,7,Democratic,Aftyn Behn,28
Robertson,09-1 Fair Assoc.,U.S. House,7,Democratic,Bo Mitchell,27
Robertson,09-1 Fair Assoc.,U.S. House,7,Democratic,Darden Hunter Copeland,84
Robertson,09-1 Fair Assoc.,U.S. House,7,Democratic,Vincent Dixie,16
Robertson,09-1 Fair Assoc.,U.S. House,7,Republican,Adolph Agbéko Dagan,1
Robertson,09-1 Fair Assoc.,U.S. House,7,Republican,Gino Bulso,48
Robertson,09-1 Fair Assoc.,U.S. House,7,Republican,Jason D. Knight,5
Robertson,09-1 Fair Assoc.,U.S. House,7,Republican,Jody Barrett,24
Robertson,09-1 Fair Assoc.,U.S. House,7,Republican,Joe Leurs,0
Robertson,09-1 Fair Assoc.,U.S. House,7,Republican,Lee Reeves,8
Robertson,09-1 Fair Assoc.,U.S. House,7,Republican,Mason Foley,16
Robertson,09-1 Fair Assoc.,U.S. House,7,Republican,Matt Van Epps,164
Robertson,09-1 Fair Assoc.,U.S. House,7,Republican,Stewart Parks,1
Robertson,09-1 Fair Assoc.,U.S. House,7,Republican,Stuart Cooper,3
Robertson,09-1 Fair Assoc.,U.S. House,7,Republican,Tres Wittum,1
Robertson,10-1 South Haven,U.S. House,7,Democratic,Aftyn Behn,31
Robertson,10-1 South Haven,U.S. House,7,Democratic,Bo Mitchell,42
Robertson,10-1 South Haven,U.S. House,7,Democratic,Darden Hunter Copeland,88
Robertson,10-1 South Haven,U.S. House,7,Democratic,Vincent Dixie,18
Robertson,10-1 South Haven,U.S. House,7,Republican,Adolph Agbéko Dagan,1
Robertson,10-1 South Haven,U.S. House,7,Republican,Gino Bulso,44
Robertson,10-1 South Haven,U.S. House,7,Republican,Jason D. Knight,2
Robertson,10-1 South Haven,U.S. House,7,Republican,Jody Barrett,51
Robertson,10-1 South Haven,U.S. House,7,Republican,Joe Leurs,0
Robertson,10-1 South Haven,U.S. House,7,Republican,Lee Reeves,26
Robertson,10-1 South Haven,U.S. House,7,Republican,Mason Foley,12
Robertson,10-1 South Haven,U.S. House,7,Republican,Matt Van Epps,257
Robertson,10-1 South Haven,U.S. House,7,Republican,Stewart Parks,3
Robertson,10-1 South Haven,U.S. House,7,Republican,Stuart Cooper,2
Robertson,10-1 South Haven,U.S. House,7,Republican,Tres Wittum,1
Robertson,11-1 Westside,U.S. House,7,Democratic,Aftyn Behn,50
Robertson,11-1 Westside,U.S. House,7,Democratic,Bo Mitchell,33
Robertson,11-1 Westside,U.S. House,7,Democratic,Darden Hunter Copeland,73
Robertson,11-1 Westside,U.S. House,7,Democratic,Vincent Dixie,13
Robertson,11-1 Westside,U.S. House,7,Republican,Adolph Agbéko Dagan,1
Robertson,11-1 Westside,U.S. House,7,Republican,Gino Bulso,28
Robertson,11-1 Westside,U.S. House,7,Republican,Jason D. Knight,3
Robertson,11-1 Westside,U.S. House,7,Republican,Jody Barrett,53
Robertson,11-1 Westside,U.S. House,7,Republican,Joe Leurs,1
Robertson,11-1 Westside,U.S. House,7,Republican,Lee Reeves,9
Robertson,11-1 Westside,U.S. House,7,Republican,Mason Foley,8
Robertson,11-1 Westside,U.S. House,7,Republican,Matt Van Epps,200
Robertson,11-1 Westside,U.S. House,7,Republican,Stewart Parks,3
Robertson,11-1 Westside,U.S. House,7,Republican,Stuart Cooper,1
Robertson,11-1 Westside,U.S. House,7,Republican,Tres Wittum,3
Robertson,11-2 Heads,U.S. House,7,Democratic,Aftyn Behn,2
Robertson,11-2 Heads,U.S. House,7,Democratic,Bo Mitchell,1
Robertson,11-2 Heads,U.S. House,7,Democratic,Darden Hunter Copeland,8
Robertson,11-2 Heads,U.S. House,7,Democratic,Vincent Dixie,1
Robertson,11-2 Heads,U.S. House,7,Republican,Adolph Agbéko Dagan,0
Robertson,11-2 Heads,U.S. House,7,Republican,Gino Bulso,20
Robertson,11-2 Heads,U.S. House,7,Republican,Jason D. Knight,1
Robertson,11-2 Heads,U.S. House,7,Republican,Jody Barrett,16
Robertson,11-2 Heads,U.S. House,7,Republican,Joe Leurs,0
Robertson,11-2 Heads,U.S. House,7,Republican,Lee Reeves,8
Robertson,11-2 Heads,U.S. House,7,Republican,Mason Foley,0
Robertson,11-2 Heads,U.S. House,7,Republican,Matt Van Epps,54
Robertson,11-2 Heads,U.S. House,7,Republican,Stewart Parks,1
Robertson,11-2 Heads,U.S. House,7,Republican,Stuart Cooper,0
Robertson,11-2 Heads,U.S. House,7,Republican,Tres Wittum,0
Robertson,12-1 Bransford,U.S. House,7,Democratic,Aftyn Behn,17
Robertson,12-1 Bransford,U.S. House,7,Democratic,Bo Mitchell,36
Robertson,12-1 Bransford,U.S. House,7,Democratic,Darden Hunter Copeland,52
Robertson,12-1 Bransford,U.S. House,7,Democratic,Vincent Dixie,31
Robertson,12-1 Bransford,U.S. House,7,Republican,Adolph Agbéko Dagan,0
Robertson,12-1 Bransford,U.S. House,7,Republican,Gino Bulso,10
Robertson,12-1 Bransford,U.S. House,7,Republican,Jason D. Knight,0
Robertson,12-1 Bransford,U.S. House,7,Republican,Jody Barrett,5
Robertson,12-1 Bransford,U.S. House,7,Republican,Joe Leurs,0
Robertson,12-1 Bransford,U.S. House,7,Republican,Lee Reeves,1
Robertson,12-1 Bransford,U.S. House,7,Republican,Mason Foley,4
Robertson,12-1 Bransford,U.S. House,7,Republican,Matt Van Epps,12
Robertson,12-1 Bransford,U.S. House,7,Republican,Stewart Parks,1
Robertson,12-1 Bransford,U.S. House,7,Republican,Stuart Cooper,0
Robertson,12-1 Bransford,U.S. House,7,Republican,Tres Wittum,0
Stewart,1-1 Indian Mound,U.S. House,7,Democratic,Aftyn Behn,9
Stewart,1-1 Indian Mound,U.S. House,7,Democratic,Bo Mitchell,6
Stewart,1-1 Indian Mound,U.S. House,7,Democratic,Darden Hunter Copeland,21
Stewart,1-1 Indian Mound,U.S. House,7,Democratic,Vincent Dixie,2
Stewart,1-1 Indian Mound,U.S. House,7,Republican,Adolph Agbéko Dagan,0
Stewart,1-1 Indian Mound,U.S. House,7,Republican,Gino Bulso,13
Stewart,1-1 Indian Mound,U.S. House,7,Republican,Jason D. Knight,0
Stewart,1-1 Indian Mound,U.S. House,7,Republican,Jody Barrett,13
Stewart,1-1 Indian Mound,U.S. House,7,Republican,Joe Leurs,0
Stewart,1-1 Indian Mound,U.S. House,7,Republican,Lee Reeves,3
Stewart,1-1 Indian Mound,U.S. House,7,Republican,Mason Foley,1
Stewart,1-1 Indian Mound,U.S. House,7,Republican,Matt Van Epps,64
Stewart,1-1 Indian Mound,U.S. House,7,Republican,Stewart Parks,4
Stewart,1-1 Indian Mound,U.S. House,7,Republican,Stuart Cooper,1
Stewart,1-1 Indian Mound,U.S. House,7,Republican,Tres Wittum,0
Stewart,2-1 Big Rock,U.S. House,7,Democratic,Aftyn Behn,7
Stewart,2-1 Big Rock,U.S. House,7,Democratic,Bo Mitchell,4
Stewart,2-1 Big Rock,U.S. House,7,Democratic,Darden Hunter Copeland,31
Stewart,2-1 Big Rock,U.S. House,7,Democratic,Vincent Dixie,2
Stewart,2-1 Big Rock,U.S. House,7,Republican,Adolph Agbéko Dagan,0
Stewart,2-1 Big Rock,U.S. House,7,Republican,Gino Bulso,17
Stewart,2-1 Big Rock,U.S. House,7,Republican,Jason D. Knight,6
Stewart,2-1 Big Rock,U.S. House,7,Republican,Jody Barrett,17
Stewart,2-1 Big Rock,U.S. House,7,Republican,Joe Leurs,0
Stewart,2-1 Big Rock,U.S. House,7,Republican,Lee Reeves,3
Stewart,2-1 Big Rock,U.S. House,7,Republican,Mason Foley,0
Stewart,2-1 Big Rock,U.S. House,7,Republican,Matt Van Epps,70
Stewart,2-1 Big Rock,U.S. House,7,Republican,Stewart Parks,7
Stewart,2-1 Big Rock,U.S. House,7,Republican,Stuart Cooper,0
Stewart,2-1 Big Rock,U.S. House,7,Republican,Tres Wittum,0
Stewart,3-1 Bumpus Mills,U.S. House,7,Democratic,Aftyn Behn,9
Stewart,3-1 Bumpus Mills,U.S. House,7,Democratic,Bo Mitchell,7
Stewart,3-1 Bumpus Mills,U.S. House,7,Democratic,Darden Hunter Copeland,19
Stewart,3-1 Bumpus Mills,U.S. House,7,Democratic,Vincent Dixie,1
Stewart,3-1 Bumpus Mills,U.S. House,7,Republican,Adolph Agbéko Dagan,0
Stewart,3-1 Bumpus Mills,U.S. House,7,Republican,Gino Bulso,19
Stewart,3-1 Bumpus Mills,U.S. House,7,Republican,Jason D. Knight,2
Stewart,3-1 Bumpus Mills,U.S. House,7,Republican,Jody Barrett,37
Stewart,3-1 Bumpus Mills,U.S. House,7,Republican,Joe Leurs,1
Stewart,3-1 Bumpus Mills,U.S. House,7,Republican,Lee Reeves,8
Stewart,3-1 Bumpus Mills,U.S. House,7,Republican,Mason Foley,1
Stewart,3-1 Bumpus Mills,U.S. House,7,Republican,Matt Van Epps,112
Stewart,3-1 Bumpus Mills,U.S. House,7,Republican,Stewart Parks,7
Stewart,3-1 Bumpus Mills,U.S. House,7,Republican,Stuart Cooper,0
Stewart,3-1 Bumpus Mills,U.S. House,7,Republican,Tres Wittum,1
Stewart,4-1 Church Street,U.S. House,7,Democratic,Aftyn Behn,8
Stewart,4-1 Church Street,U.S. House,7,Democratic,Bo Mitchell,9
Stewart,4-1 Church Street,U.S. House,7,Democratic,Darden Hunter Copeland,18
Stewart,4-1 Church Street,U.S. House,7,Democratic,Vincent Dixie,1
Stewart,4-1 Church Street,U.S. House,7,Republican,Adolph Agbéko Dagan,1
Stewart,4-1 Church Street,U.S. House,7,Republican,Gino Bulso,15
Stewart,4-1 Church Street,U.S. House,7,Republican,Jason D. Knight,1
Stewart,4-1 Church Street,U.S. House,7,Republican,Jody Barrett,22
Stewart,4-1 Church Street,U.S. House,7,Republican,Joe Leurs,0
Stewart,4-1 Church Street,U.S. House,7,Republican,Lee Reeves,3
Stewart,4-1 Church Street,U.S. House,7,Republican,Mason Foley,1
Stewart,4-1 Church Street,U.S. House,7,Republican,Matt Van Epps,67
Stewart,4-1 Church Street,U.S. House,7,Republican,Stewart Parks,3
Stewart,4-1 Church Street,U.S. House,7,Republican,Stuart Cooper,0
Stewart,4-1 Church Street,U.S. House,7,Republican,Tres Wittum,0
Stewart,5-1 Visitors Center,U.S. House,7,Democratic,Aftyn Behn,5
Stewart,5-1 Visitors Center,U.S. House,7,Democratic,Bo Mitchell,16
Stewart,5-1 Visitors Center,U.S. House,7,Democratic,Darden Hunter Copeland,30
Stewart,5-1 Visitors Center,U.S. House,7,Democratic,Vincent Dixie,2
Stewart,5-1 Visitors Center,U.S. House,7,Republican,Adolph Agbéko Dagan,0
Stewart,5-1 Visitors Center,U.S. House,7,Republican,Gino Bulso,34
Stewart,5-1 Visitors Center,U.S. House,7,Republican,Jason D. Knight,1
Stewart,5-1 Visitors Center,U.S. House,7,Republican,Jody Barrett,19
Stewart,5-1 Visitors Center,U.S. House,7,Republican,Joe Leurs,0
Stewart,5-1 Visitors Center,U.S. House,7,Republican,Lee Reeves,8
Stewart,5-1 Visitors Center,U.S. House,7,Republican,Mason Foley,0
Stewart,5-1 Visitors Center,U.S. House,7,Republican,Matt Van Epps,101
Stewart,5-1 Visitors Center,U.S. House,7,Republican,Stewart Parks,3
Stewart,5-1 Visitors Center,U.S. House,7,Republican,Stuart Cooper,0
Stewart,5-1 Visitors Center,U.S. House,7,Republican,Tres Wittum,1
Stewart,6-1 Public Library,U.S. House,7,Democratic,Aftyn Behn,9
Stewart,6-1 Public Library,U.S. House,7,Democratic,Bo Mitchell,25
Stewart,6-1 Public Library,U.S. House,7,Democratic,Darden Hunter Copeland,36
Stewart,6-1 Public Library,U.S. House,7,Democratic,Vincent Dixie,5
Stewart,6-1 Public Library,U.S. House,7,Republican,Adolph Agbéko Dagan,0
Stewart,6-1 Public Library,U.S. House,7,Republican,Gino Bulso,27
Stewart,6-1 Public Library,U.S. House,7,Republican,Jason D. Knight,5
Stewart,6-1 Public Library,U.S. House,7,Republican,Jody Barrett,27
Stewart,6-1 Public Library,U.S. House,7,Republican,Joe Leurs,2
Stewart,6-1 Public Library,U.S. House,7,Republican,Lee Reeves,2
Stewart,6-1 Public Library,U.S. House,7,Republican,Mason Foley,2
Stewart,6-1 Public Library,U.S. House,7,Republican,Matt Van Epps,84
Stewart,6-1 Public Library,U.S. House,7,Republican,Stewart Parks,10
Stewart,6-1 Public Library,U.S. House,7,Republican,Stuart Cooper,1
Stewart,6-1 Public Library,U.S. House,7,Republican,Tres Wittum,0
Stewart,7-1 Cumberland City,U.S. House,7,Democratic,Aftyn Behn,9
Stewart,7-1 Cumberland City,U.S. House,7,Democratic,Bo Mitchell,13
Stewart,7-1 Cumberland City,U.S. House,7,Democratic,Darden Hunter Copeland,19
Stewart,7-1 Cumberland City,U.S. House,7,Democratic,Vincent Dixie,1
Stewart,7-1 Cumberland City,U.S. House,7,Republican,Adolph Agbéko Dagan,0
Stewart,7-1 Cumberland City,U.S. House,7,Republican,Gino Bulso,39
Stewart,7-1 Cumberland City,U.S. House,7,Republican,Jason D. Knight,1
Stewart,7-1 Cumberland City,U.S. House,7,Republican,Jody Barrett,12
Stewart,7-1 Cumberland City,U.S. House,7,Republican,Joe Leurs,1
Stewart,7-1 Cumberland City,U.S. House,7,Republican,Lee Reeves,7
Stewart,7-1 Cumberland City,U.S. House,7,Republican,Mason Foley,1
Stewart,7-1 Cumberland City,U.S. House,7,Republican,Matt Van Epps,92
Stewart,7-1 Cumberland City,U.S. House,7,Republican,Stewart Parks,6
Stewart,7-1 Cumberland City,U.S. House,7,Republican,Stuart Cooper,0
Stewart,7-1 Cumberland City,U.S. House,7,Republican,Tres Wittum,0
Wayne,1-1 Waynesboro,U.S. House,7,Democratic,Aftyn Behn,5
Wayne,1-1 Waynesboro,U.S. House,7,Democratic,Bo Mitchell,15
Wayne,1-1 Waynesboro,U.S. House,7,Democratic,Darden Hunter Copeland,20
Wayne,1-1 Waynesboro,U.S. House,7,Democratic,Vincent Dixie,1
Wayne,1-1 Waynesboro,U.S. House,7,Republican,Adolph Agbéko Dagan,0
Wayne,1-1 Waynesboro,U.S. House,7,Republican,Gino Bulso,14
Wayne,1-1 Waynesboro,U.S. House,7,Republican,Jason D. Knight,1
Wayne,1-1 Waynesboro,U.S. House,7,Republican,Jody Barrett,43
Wayne,1-1 Waynesboro,U.S. House,7,Republican,Joe Leurs,0
Wayne,1-1 Waynesboro,U.S. House,7,Republican,Lee Reeves,5
Wayne,1-1 Waynesboro,U.S. House,7,Republican,Mason Foley,2
Wayne,1-1 Waynesboro,U.S. House,7,Republican,Matt Van Epps,66
Wayne,1-1 Waynesboro,U.S. House,7,Republican,Stewart Parks,8
Wayne,1-1 Waynesboro,U.S. House,7,Republican,Stuart Cooper,0
Wayne,1-1 Waynesboro,U.S. House,7,Republican,Tres Wittum,0
Wayne,2-1 Clifton,U.S. House,7,Democratic,Aftyn Behn,0
Wayne,2-1 Clifton,U.S. House,7,Democratic,Bo Mitchell,2
Wayne,2-1 Clifton,U.S. House,7,Democratic,Darden Hunter Copeland,4
Wayne,2-1 Clifton,U.S. House,7,Democratic,Vincent Dixie,0
Wayne,2-1 Clifton,U.S. House,7,Republican,Adolph Agbéko Dagan,0
Wayne,2-1 Clifton,U.S. House,7,Republican,Gino Bulso,2
Wayne,2-1 Clifton,U.S. House,7,Republican,Jason D. Knight,0
Wayne,2-1 Clifton,U.S. House,7,Republican,Jody Barrett,7
Wayne,2-1 Clifton,U.S. House,7,Republican,Joe Leurs,0
Wayne,2-1 Clifton,U.S. House,7,Republican,Lee Reeves,0
Wayne,2-1 Clifton,U.S. House,7,Republican,Mason Foley,1
Wayne,2-1 Clifton,U.S. House,7,Republican,Matt Van Epps,13
Wayne,2-1 Clifton,U.S. House,7,Republican,Stewart Parks,0
Wayne,2-1 Clifton,U.S. House,7,Republican,Stuart Cooper,0
Wayne,2-1 Clifton,U.S. House,7,Republican,Tres Wittum,0
Wayne,3-1 Beech Creek,U.S. House,7,Democratic,Aftyn Behn,0
Wayne,3-1 Beech Creek,U.S. House,7,Democratic,Bo Mitchell,1
Wayne,3-1 Beech Creek,U.S. House,7,Democratic,Darden Hunter Copeland,5
Wayne,3-1 Beech Creek,U.S. House,7,Democratic,Vincent Dixie,0
Wayne,3-1 Beech Creek,U.S. House,7,Republican,Adolph Agbéko Dagan,0
Wayne,3-1 Beech Creek,U.S. House,7,Republican,Gino Bulso,3
Wayne,3-1 Beech Creek,U.S. House,7,Republican,Jason D. Knight,0
Wayne,3-1 Beech Creek,U.S. House,7,Republican,Jody Barrett,29
Wayne,3-1 Beech Creek,U.S. House,7,Republican,Joe Leurs,0
Wayne,3-1 Beech Creek,U.S. House,7,Republican,Lee Reeves,0
Wayne,3-1 Beech Creek,U.S. House,7,Republican,Mason Foley,2
Wayne,3-1 Beech Creek,U.S. House,7,Republican,Matt Van Epps,44
Wayne,3-1 Beech Creek,U.S. House,7,Republican,Stewart Parks,0
Wayne,3-1 Beech Creek,U.S. House,7,Republican,Stuart Cooper,0
Wayne,3-1 Beech Creek,U.S. House,7,Republican,Tres Wittum,0
Wayne,3-2 Crazy Horse,U.S. House,7,Democratic,Aftyn Behn,0
Wayne,3-2 Crazy Horse,U.S. House,7,Democratic,Bo Mitchell,4
Wayne,3-2 Crazy Horse,U.S. House,7,Democratic,Darden Hunter Copeland,7
Wayne,3-2 Crazy Horse,U.S. House,7,Democratic,Vincent Dixie,1
Wayne,3-2 Crazy Horse,U.S. House,7,Republican,Adolph Agbéko Dagan,0
Wayne,3-2 Crazy Horse,U.S. House,7,Republican,Gino Bulso,5
Wayne,3-2 Crazy Horse,U.S. House,7,Republican,Jason D. Knight,0
Wayne,3-2 Crazy Horse,U.S. House,7,Republican,Jody Barrett,22
Wayne,3-2 Crazy Horse,U.S. House,7,Republican,Joe Leurs,0
Wayne,3-2 Crazy Horse,U.S. House,7,Republican,Lee Reeves,3
Wayne,3-2 Crazy Horse,U.S. House,7,Republican,Mason Foley,0
Wayne,3-2 Crazy Horse,U.S. House,7,Republican,Matt Van Epps,21
Wayne,3-2 Crazy Horse,U.S. House,7,Republican,Stewart Parks,6
Wayne,3-2 Crazy Horse,U.S. House,7,Republican,Stuart Cooper,2
Wayne,3-2 Crazy Horse,U.S. House,7,Republican,Tres Wittum,0
Wayne,3-3 Eagle Creek,U.S. House,7,Democratic,Aftyn Behn,1
Wayne,3-3 Eagle Creek,U.S. House,7,Democratic,Bo Mitchell,4
Wayne,3-3 Eagle Creek,U.S. House,7,Democratic,Darden Hunter Copeland,5
Wayne,3-3 Eagle Creek,U.S. House,7,Democratic,Vincent Dixie,0
Wayne,3-3 Eagle Creek,U.S. House,7,Republican,Adolph Agbéko Dagan,0
Wayne,3-3 Eagle Creek,U.S. House,7,Republican,Gino Bulso,3
Wayne,3-3 Eagle Creek,U.S. House,7,Republican,Jason D. Knight,0
Wayne,3-3 Eagle Creek,U.S. House,7,Republican,Jody Barrett,12
Wayne,3-3 Eagle Creek,U.S. House,7,Republican,Joe Leurs,0
Wayne,3-3 Eagle Creek,U.S. House,7,Republican,Lee Reeves,1
Wayne,3-3 Eagle Creek,U.S. House,7,Republican,Mason Foley,0
Wayne,3-3 Eagle Creek,U.S. House,7,Republican,Matt Van Epps,21
Wayne,3-3 Eagle Creek,U.S. House,7,Republican,Stewart Parks,0
Wayne,3-3 Eagle Creek,U.S. House,7,Republican,Stuart Cooper,0
Wayne,3-3 Eagle Creek,U.S. House,7,Republican,Tres Wittum,0
Wayne,4-1 Collinwood,U.S. House,7,Democratic,Aftyn Behn,2
Wayne,4-1 Collinwood,U.S. House,7,Democratic,Bo Mitchell,7
Wayne,4-1 Collinwood,U.S. House,7,Democratic,Darden Hunter Copeland,7
Wayne,4-1 Collinwood,U.S. House,7,Democratic,Vincent Dixie,2
Wayne,4-1 Collinwood,U.S. House,7,Republican,Adolph Agbéko Dagan,0
Wayne,4-1 Collinwood,U.S. House,7,Republican,Gino Bulso,6
Wayne,4-1 Collinwood,U.S. House,7,Republican,Jason D. Knight,0
Wayne,4-1 Collinwood,U.S. House,7,Republican,Jody Barrett,14
Wayne,4-1 Collinwood,U.S. House,7,Republican,Joe Leurs,0
Wayne,4-1 Collinwood,U.S. House,7,Republican,Lee Reeves,1
Wayne,4-1 Collinwood,U.S. House,7,Republican,Mason Foley,4
Wayne,4-1 Collinwood,U.S. House,7,Republican,Matt Van Epps,37
Wayne,4-1 Collinwood,U.S. House,7,Republican,Stewart Parks,5
Wayne,4-1 Collinwood,U.S. House,7,Republican,Stuart Cooper,2
Wayne,4-1 Collinwood,U.S. House,7,Republican,Tres Wittum,0
Wayne,4-2 Shawnettee,U.S. House,7,Democratic,Aftyn Behn,1
Wayne,4-2 Shawnettee,U.S. House,7,Democratic,Bo Mitchell,0
Wayne,4-2 Shawnettee,U.S. House,7,Democratic,Darden Hunter Copeland,0
Wayne,4-2 Shawnettee,U.S. House,7,Democratic,Vincent Dixie,0
Wayne,4-2 Shawnettee,U.S. House,7,Republican,Adolph Agbéko Dagan,0
Wayne,4-2 Shawnettee,U.S. House,7,Republican,Gino Bulso,3
Wayne,4-2 Shawnettee,U.S. House,7,Republican,Jason D. Knight,0
Wayne,4-2 Shawnettee,U.S. House,7,Republican,Jody Barrett,16
Wayne,4-2 Shawnettee,U.S. House,7,Republican,Joe Leurs,0
Wayne,4-2 Shawnettee,U.S. House,7,Republican,Lee Reeves,2
Wayne,4-2 Shawnettee,U.S. House,7,Republican,Mason Foley,6
Wayne,4-2 Shawnettee,U.S. House,7,Republican,Matt Van Epps,25
Wayne,4-2 Shawnettee,U.S. House,7,Republican,Stewart Parks,3
Wayne,4-2 Shawnettee,U.S. House,7,Republican,Stuart Cooper,0
Wayne,4-2 Shawnettee,U.S. House,7,Republican,Tres Wittum,0
Wayne,5-1 Big Cypress,U.S. House,7,Democratic,Aftyn Behn,2
Wayne,5-1 Big Cypress,U.S. House,7,Democratic,Bo Mitchell,1
Wayne,5-1 Big Cypress,U.S. House,7,Democratic,Darden Hunter Copeland,8
Wayne,5-1 Big Cypress,U.S. House,7,Democratic,Vincent Dixie,0
Wayne,5-1 Big Cypress,U.S. House,7,Republican,Adolph Agbéko Dagan,0
Wayne,5-1 Big Cypress,U.S. House,7,Republican,Gino Bulso,6
Wayne,5-1 Big Cypress,U.S. House,7,Republican,Jason D. Knight,0
Wayne,5-1 Big Cypress,U.S. House,7,Republican,Jody Barrett,21
Wayne,5-1 Big Cypress,U.S. House,7,Republican,Joe Leurs,0
Wayne,5-1 Big Cypress,U.S. House,7,Republican,Lee Reeves,3
Wayne,5-1 Big Cypress,U.S. House,7,Republican,Mason Foley,1
Wayne,5-1 Big Cypress,U.S. House,7,Republican,Matt Van Epps,44
Wayne,5-1 Big Cypress,U.S. House,7,Republican,Stewart Parks,2
Wayne,5-1 Big Cypress,U.S. House,7,Republican,Stuart Cooper,0
Wayne,5-1 Big Cypress,U.S. House,7,Republican,Tres Wittum,0
Wayne,5-2 Lutts,U.S. House,7,Democratic,Aftyn Behn,1
Wayne,5-2 Lutts,U.S. House,7,Democratic,Bo Mitchell,2
Wayne,5-2 Lutts,U.S. House,7,Democratic,Darden Hunter Copeland,2
Wayne,5-2 Lutts,U.S. House,7,Democratic,Vincent Dixie,2
Wayne,5-2 Lutts,U.S. House,7,Republican,Adolph Agbéko Dagan,0
Wayne,5-2 Lutts,U.S. House,7,Republican,Gino Bulso,7
Wayne,5-2 Lutts,U.S. House,7,Republican,Jason D. Knight,0
Wayne,5-2 Lutts,U.S. House,7,Republican,Jody Barrett,5
Wayne,5-2 Lutts,U.S. House,7,Republican,Joe Leurs,0
Wayne,5-2 Lutts,U.S. House,7,Republican,Lee Reeves,1
Wayne,5-2 Lutts,U.S. House,7,Republican,Mason Foley,0
Wayne,5-2 Lutts,U.S. House,7,Republican,Matt Van Epps,24
Wayne,5-2 Lutts,U.S. House,7,Republican,Stewart Parks,3
Wayne,5-2 Lutts,U.S. House,7,Republican,Stuart Cooper,0
Wayne,5-2 Lutts,U.S. House,7,Republican,Tres Wittum,0
Wayne,5-3 Woodmen,U.S. House,7,Democratic,Aftyn Behn,0
Wayne,5-3 Woodmen,U.S. House,7,Democratic,Bo Mitchell,6
Wayne,5-3 Woodmen,U.S. House,7,Democratic,Darden Hunter Copeland,1
Wayne,5-3 Woodmen,U.S. House,7,Democratic,Vincent Dixie,1
Wayne,5-3 Woodmen,U.S. House,7,Republican,Adolph Agbéko Dagan,0
Wayne,5-3 Woodmen,U.S. House,7,Republican,Gino Bulso,5
Wayne,5-3 Woodmen,U.S. House,7,Republican,Jason D. Knight,0
Wayne,5-3 Woodmen,U.S. House,7,Republican,Jody Barrett,11
Wayne,5-3 Woodmen,U.S. House,7,Republican,Joe Leurs,0
Wayne,5-3 Woodmen,U.S. House,7,Republican,Lee Reeves,1
Wayne,5-3 Woodmen,U.S. House,7,Republican,Mason Foley,1
Wayne,5-3 Woodmen,U.S. House,7,Republican,Matt Van Epps,14
Wayne,5-3 Woodmen,U.S. House,7,Republican,Stewart Parks,4
Wayne,5-3 Woodmen,U.S. House,7,Republican,Stuart Cooper,0
Wayne,5-3 Woodmen,U.S. House,7,Republican,Tres Wittum,0
Wayne,6-1 Holly Creek,U.S. House,7,Democratic,Aftyn Behn,1
Wayne,6-1 Holly Creek,U.S. House,7,Democratic,Bo Mitchell,2
Wayne,6-1 Holly Creek,U.S. House,7,Democratic,Darden Hunter Copeland,5
Wayne,6-1 Holly Creek,U.S. House,7,Democratic,Vincent Dixie,0
Wayne,6-1 Holly Creek,U.S. House,7,Republican,Adolph Agbéko Dagan,0
Wayne,6-1 Holly Creek,U.S. House,7,Republican,Gino Bulso,1
Wayne,6-1 Holly Creek,U.S. House,7,Republican,Jason D. Knight,0
Wayne,6-1 Holly Creek,U.S. House,7,Republican,Jody Barrett,14
Wayne,6-1 Holly Creek,U.S. House,7,Republican,Joe Leurs,0
Wayne,6-1 Holly Creek,U.S. House,7,Republican,Lee Reeves,0
Wayne,6-1 Holly Creek,U.S. House,7,Republican,Mason Foley,1
Wayne,6-1 Holly Creek,U.S. House,7,Republican,Matt Van Epps,27
Wayne,6-1 Holly Creek,U.S. House,7,Republican,Stewart Parks,1
Wayne,6-1 Holly Creek,U.S. House,7,Republican,Stuart Cooper,0
Wayne,6-1 Holly Creek,U.S. House,7,Republican,Tres Wittum,0
Wayne,6-2 South Gate,U.S. House,7,Democratic,Aftyn Behn,0
Wayne,6-2 South Gate,U.S. House,7,Democratic,Bo Mitchell,1
Wayne,6-2 South Gate,U.S. House,7,Democratic,Darden Hunter Copeland,7
Wayne,6-2 South Gate,U.S. House,7,Democratic,Vincent Dixie,0
Wayne,6-2 South Gate,U.S. House,7,Republican,Adolph Agbéko Dagan,0
Wayne,6-2 South Gate,U.S. House,7,Republican,Gino Bulso,5
Wayne,6-2 South Gate,U.S. House,7,Republican,Jason D. Knight,0
Wayne,6-2 South Gate,U.S. House,7,Republican,Jody Barrett,40
Wayne,6-2 South Gate,U.S. House,7,Republican,Joe Leurs,0
Wayne,6-2 South Gate,U.S. House,7,Republican,Lee Reeves,9
Wayne,6-2 South Gate,U.S. House,7,Republican,Mason Foley,7
Wayne,6-2 South Gate,U.S. House,7,Republican,Matt Van Epps,41
Wayne,6-2 South Gate,U.S. House,7,Republican,Stewart Parks,2
Wayne,6-2 South Gate,U.S. House,7,Republican,Stuart Cooper,0
Wayne,6-2 South Gate,U.S. House,7,Republican,Tres Wittum,0
Wayne,7-1 Buffalo River,U.S. House,7,Democratic,Aftyn Behn,0
Wayne,7-1 Buffalo River,U.S. House,7,Democratic,Bo Mitchell,5
Wayne,7-1 Buffalo River,U.S. House,7,Democratic,Darden Hunter Copeland,5
Wayne,7-1 Buffalo River,U.S. House,7,Democratic,Vincent Dixie,0
Wayne,7-1 Buffalo River,U.S. House,7,Republican,Adolph Agbéko Dagan,0
Wayne,7-1 Buffalo River,U.S. House,7,Republican,Gino Bulso,3
Wayne,7-1 Buffalo River,U.S. House,7,Republican,Jason D. Knight,0
Wayne,7-1 Buffalo River,U.S. House,7,Republican,Jody Barrett,14
Wayne,7-1 Buffalo River,U.S. House,7,Republican,Joe Leurs,0
Wayne,7-1 Buffalo River,U.S. House,7,Republican,Lee Reeves,1
Wayne,7-1 Buffalo River,U.S. House,7,Republican,Mason Foley,1
Wayne,7-1 Buffalo River,U.S. House,7,Republican,Matt Van Epps,33
Wayne,7-1 Buffalo River,U.S. House,7,Republican,Stewart Parks,3
Wayne,7-1 Buffalo River,U.S. House,7,Republican,Stuart Cooper,1
Wayne,7-1 Buffalo River,U.S. House,7,Republican,Tres Wittum,0
Wayne,7-2 Ovilla,U.S. House,7,Democratic,Aftyn Behn,2
Wayne,7-2 Ovilla,U.S. House,7,Democratic,Bo Mitchell,6
Wayne,7-2 Ovilla,U.S. House,7,Democratic,Darden Hunter Copeland,0
Wayne,7-2 Ovilla,U.S. House,7,Democratic,Vincent Dixie,0
Wayne,7-2 Ovilla,U.S. House,7,Republican,Adolph Agbéko Dagan,0
Wayne,7-2 Ovilla,U.S. House,7,Republican,Gino Bulso,6
Wayne,7-2 Ovilla,U.S. House,7,Republican,Jason D. Knight,1
Wayne,7-2 Ovilla,U.S. House,7,Republican,Jody Barrett,20
Wayne,7-2 Ovilla,U.S. House,7,Republican,Joe Leurs,0
Wayne,7-2 Ovilla,U.S. House,7,Republican,Lee Reeves,3
Wayne,7-2 Ovilla,U.S. House,7,Republican,Mason Foley,1
Wayne,7-2 Ovilla,U.S. House,7,Republican,Matt Van Epps,47
Wayne,7-2 Ovilla,U.S. House,7,Republican,Stewart Parks,3
Wayne,7-2 Ovilla,U.S. House,7,Republican,Stuart Cooper,0
Wayne,7-2 Ovilla,U.S. House,7,Republican,Tres Wittum,0
Williamson,1-1,U.S. House,7,Democratic,Aftyn Behn,79
Williamson,1-1,U.S. House,7,Democratic,Bo Mitchell,83
Williamson,1-1,U.S. House,7,Democratic,Darden Hunter Copeland,78
Williamson,1-1,U.S. House,7,Democratic,Vincent Dixie,16
Williamson,1-1,U.S. House,7,Republican,Adolph Agbéko Dagan,1
Williamson,1-1,U.S. House,7,Republican,Gino Bulso,62
Williamson,1-1,U.S. House,7,Republican,Jason D. Knight,2
Williamson,1-1,U.S. House,7,Republican,Jody Barrett,116
Williamson,1-1,U.S. House,7,Republican,Joe Leurs,0
Williamson,1-1,U.S. House,7,Republican,Lee Reeves,99
Williamson,1-1,U.S. House,7,Republican,Mason Foley,67
Williamson,1-1,U.S. House,7,Republican,Matt Van Epps,249
Williamson,1-1,U.S. House,7,Republican,Stewart Parks,21
Williamson,1-1,U.S. House,7,Republican,Stuart Cooper,5
Williamson,1-1,U.S. House,7,Republican,Tres Wittum,5
Williamson,1-5,U.S. House,7,Democratic,Aftyn Behn,35
Williamson,1-5,U.S. House,7,Democratic,Bo Mitchell,19
Williamson,1-5,U.S. House,7,Democratic,Darden Hunter Copeland,37
Williamson,1-5,U.S. House,7,Democratic,Vincent Dixie,6
Williamson,1-5,U.S. House,7,Republican,Adolph Agbéko Dagan,0
Williamson,1-5,U.S. House,7,Republican,Gino Bulso,15
Williamson,1-5,U.S. House,7,Republican,Jason D. Knight,1
Williamson,1-5,U.S. House,7,Republican,Jody Barrett,72
Williamson,1-5,U.S. House,7,Republican,Joe Leurs,0
Williamson,1-5,U.S. House,7,Republican,Lee Reeves,29
Williamson,1-5,U.S. House,7,Republican,Mason Foley,13
Williamson,1-5,U.S. House,7,Republican,Matt Van Epps,106
Williamson,1-5,U.S. House,7,Republican,Stewart Parks,4
Williamson,1-5,U.S. House,7,Republican,Stuart Cooper,0
Williamson,1-5,U.S. House,7,Republican,Tres Wittum,0
Williamson,1-6,U.S. House,7,Democratic,Aftyn Behn,55
Williamson,1-6,U.S. House,7,Democratic,Bo Mitchell,73
Williamson,1-6,U.S. House,7,Democratic,Darden Hunter Copeland,48
Williamson,1-6,U.S. House,7,Democratic,Vincent Dixie,5
Williamson,1-6,U.S. House,7,Republican,Adolph Agbéko Dagan,5
Williamson,1-6,U.S. House,7,Republican,Gino Bulso,31
Williamson,1-6,U.S. House,7,Republican,Jason D. Knight,1
Williamson,1-6,U.S. House,7,Republican,Jody Barrett,119
Williamson,1-6,U.S. House,7,Republican,Joe Leurs,3
Williamson,1-6,U.S. House,7,Republican,Lee Reeves,112
Williamson,1-6,U.S. House,7,Republican,Mason Foley,49
Williamson,1-6,U.S. House,7,Republican,Matt Van Epps,193
Williamson,1-6,U.S. House,7,Republican,Stewart Parks,28
Williamson,1-6,U.S. House,7,Republican,Stuart Cooper,5
Williamson,1-6,U.S. House,7,Republican,Tres Wittum,1
Williamson,10-1,U.S. House,7,Democratic,Aftyn Behn,131
Williamson,10-1,U.S. House,7,Democratic,Bo Mitchell,68
Williamson,10-1,U.S. House,7,Democratic,Darden Hunter Copeland,119
Williamson,10-1,U.S. House,7,Democratic,Vincent Dixie,14
Williamson,10-1,U.S. House,7,Republican,Adolph Agbéko Dagan,1
Williamson,10-1,U.S. House,7,Republican,Gino Bulso,54
Williamson,10-1,U.S. House,7,Republican,Jason D. Knight,2
Williamson,10-1,U.S. House,7,Republican,Jody Barrett,87
Williamson,10-1,U.S. House,7,Republican,Joe Leurs,1
Williamson,10-1,U.S. House,7,Republican,Lee Reeves,24
Williamson,10-1,U.S. House,7,Republican,Mason Foley,22
Williamson,10-1,U.S. House,7,Republican,Matt Van Epps,116
Williamson,10-1,U.S. House,7,Republican,Stewart Parks,4
Williamson,10-1,U.S. House,7,Republican,Stuart Cooper,3
Williamson,10-1,U.S. House,7,Republican,Tres Wittum,1
Williamson,10-2,U.S. House,7,Democratic,Aftyn Behn,93
Williamson,10-2,U.S. House,7,Democratic,Bo Mitchell,34
Williamson,10-2,U.S. House,7,Democratic,Darden Hunter Copeland,69
Williamson,10-2,U.S. House,7,Democratic,Vincent Dixie,8
Williamson,10-2,U.S. House,7,Republican,Adolph Agbéko Dagan,2
Williamson,10-2,U.S. House,7,Republican,Gino Bulso,38
Williamson,10-2,U.S. House,7,Republican,Jason D. Knight,0
Williamson,10-2,U.S. House,7,Republican,Jody Barrett,81
Williamson,10-2,U.S. House,7,Republican,Joe Leurs,0
Williamson,10-2,U.S. House,7,Republican,Lee Reeves,47
Williamson,10-2,U.S. House,7,Republican,Mason Foley,10
Williamson,10-2,U.S. House,7,Republican,Matt Van Epps,93
Williamson,10-2,U.S. House,7,Republican,Stewart Parks,0
Williamson,10-2,U.S. House,7,Republican,Stuart Cooper,6
Williamson,10-2,U.S. House,7,Republican,Tres Wittum,3
Williamson,10-3,U.S. House,7,Democratic,Aftyn Behn,6
Williamson,10-3,U.S. House,7,Democratic,Bo Mitchell,3
Williamson,10-3,U.S. House,7,Democratic,Darden Hunter Copeland,6
Williamson,10-3,U.S. House,7,Democratic,Vincent Dixie,2
Williamson,10-3,U.S. House,7,Republican,Adolph Agbéko Dagan,0
Williamson,10-3,U.S. House,7,Republican,Gino Bulso,9
Williamson,10-3,U.S. House,7,Republican,Jason D. Knight,0
Williamson,10-3,U.S. House,7,Republican,Jody Barrett,8
Williamson,10-3,U.S. House,7,Republican,Joe Leurs,0
Williamson,10-3,U.S. House,7,Republican,Lee Reeves,1
Williamson,10-3,U.S. House,7,Republican,Mason Foley,2
Williamson,10-3,U.S. House,7,Republican,Matt Van Epps,14
Williamson,10-3,U.S. House,7,Republican,Stewart Parks,0
Williamson,10-3,U.S. House,7,Republican,Stuart Cooper,0
Williamson,10-3,U.S. House,7,Republican,Tres Wittum,0
Williamson,10-4,U.S. House,7,Democratic,Aftyn Behn,72
Williamson,10-4,U.S. House,7,Democratic,Bo Mitchell,24
Williamson,10-4,U.S. House,7,Democratic,Darden Hunter Copeland,56
Williamson,10-4,U.S. House,7,Democratic,Vincent Dixie,15
Williamson,10-4,U.S. House,7,Republican,Adolph Agbéko Dagan,0
Williamson,10-4,U.S. House,7,Republican,Gino Bulso,37
Williamson,10-4,U.S. House,7,Republican,Jason D. Knight,3
Williamson,10-4,U.S. House,7,Republican,Jody Barrett,52
Williamson,10-4,U.S. House,7,Republican,Joe Leurs,0
Williamson,10-4,U.S. House,7,Republican,Lee Reeves,7
Williamson,10-4,U.S. House,7,Republican,Mason Foley,24
Williamson,10-4,U.S. House,7,Republican,Matt Van Epps,78
Williamson,10-4,U.S. House,7,Republican,Stewart Parks,1
Williamson,10-4,U.S. House,7,Republican,Stuart Cooper,3
Williamson,10-4,U.S. House,7,Republican,Tres Wittum,3
Williamson,10-5,U.S. House,7,Democratic,Aftyn Behn,76
Williamson,10-5,U.S. House,7,Democratic,Bo Mitchell,30
Williamson,10-5,U.S. House,7,Democratic,Darden Hunter Copeland,59
Williamson,10-5,U.S. House,7,Democratic,Vincent Dixie,22
Williamson,10-5,U.S. House,7,Republican,Adolph Agbéko Dagan,1
Williamson,10-5,U.S. House,7,Republican,Gino Bulso,18
Williamson,10-5,U.S. House,7,Republican,Jason D. Knight,0
Williamson,10-5,U.S. House,7,Republican,Jody Barrett,53
Williamson,10-5,U.S. House,7,Republican,Joe Leurs,0
Williamson,10-5,U.S. House,7,Republican,Lee Reeves,24
Williamson,10-5,U.S. House,7,Republican,Mason Foley,14
Williamson,10-5,U.S. House,7,Republican,Matt Van Epps,46
Williamson,10-5,U.S. House,7,Republican,Stewart Parks,0
Williamson,10-5,U.S. House,7,Republican,Stuart Cooper,0
Williamson,10-5,U.S. House,7,Republican,Tres Wittum,2
Williamson,10-6,U.S. House,7,Democratic,Aftyn Behn,27
Williamson,10-6,U.S. House,7,Democratic,Bo Mitchell,22
Williamson,10-6,U.S. House,7,Democratic,Darden Hunter Copeland,25
Williamson,10-6,U.S. House,7,Democratic,Vincent Dixie,6
Williamson,10-6,U.S. House,7,Republican,Adolph Agbéko Dagan,0
Williamson,10-6,U.S. House,7,Republican,Gino Bulso,37
Williamson,10-6,U.S. House,7,Republican,Jason D. Knight,3
Williamson,10-6,U.S. House,7,Republican,Jody Barrett,59
Williamson,10-6,U.S. House,7,Republican,Joe Leurs,0
Williamson,10-6,U.S. House,7,Republican,Lee Reeves,20
Williamson,10-6,U.S. House,7,Republican,Mason Foley,7
Williamson,10-6,U.S. House,7,Republican,Matt Van Epps,76
Williamson,10-6,U.S. House,7,Republican,Stewart Parks,3
Williamson,10-6,U.S. House,7,Republican,Stuart Cooper,1
Williamson,10-6,U.S. House,7,Republican,Tres Wittum,2
Williamson,11-1,U.S. House,7,Democratic,Aftyn Behn,150
Williamson,11-1,U.S. House,7,Democratic,Bo Mitchell,62
Williamson,11-1,U.S. House,7,Democratic,Darden Hunter Copeland,118
Williamson,11-1,U.S. House,7,Democratic,Vincent Dixie,20
Williamson,11-1,U.S. House,7,Republican,Adolph Agbéko Dagan,3
Williamson,11-1,U.S. House,7,Republican,Gino Bulso,32
Williamson,11-1,U.S. House,7,Republican,Jason D. Knight,2
Williamson,11-1,U.S. House,7,Republican,Jody Barrett,134
Williamson,11-1,U.S. House,7,Republican,Joe Leurs,2
Williamson,11-1,U.S. House,7,Republican,Lee Reeves,92
Williamson,11-1,U.S. House,7,Republican,Mason Foley,59
Williamson,11-1,U.S. House,7,Republican,Matt Van Epps,198
Williamson,11-1,U.S. House,7,Republican,Stewart Parks,1
Williamson,11-1,U.S. House,7,Republican,Stuart Cooper,16
Williamson,11-1,U.S. House,7,Republican,Tres Wittum,0
Williamson,11-2,U.S. House,7,Democratic,Aftyn Behn,7
Williamson,11-2,U.S. House,7,Democratic,Bo Mitchell,2
Williamson,11-2,U.S. House,7,Democratic,Darden Hunter Copeland,5
Williamson,11-2,U.S. House,7,Democratic,Vincent Dixie,0
Williamson,11-2,U.S. House,7,Republican,Adolph Agbéko Dagan,0
Williamson,11-2,U.S. House,7,Republican,Gino Bulso,3
Williamson,11-2,U.S. House,7,Republican,Jason D. Knight,1
Williamson,11-2,U.S. House,7,Republican,Jody Barrett,3
Williamson,11-2,U.S. House,7,Republican,Joe Leurs,0
Williamson,11-2,U.S. House,7,Republican,Lee Reeves,1
Williamson,11-2,U.S. House,7,Republican,Mason Foley,1
Williamson,11-2,U.S. House,7,Republican,Matt Van Epps,15
Williamson,11-2,U.S. House,7,Republican,Stewart Parks,0
Williamson,11-2,U.S. House,7,Republican,Stuart Cooper,0
Williamson,11-2,U.S. House,7,Republican,Tres Wittum,0
Williamson,11-3,U.S. House,7,Democratic,Aftyn Behn,33
Williamson,11-3,U.S. House,7,Democratic,Bo Mitchell,10
Williamson,11-3,U.S. House,7,Democratic,Darden Hunter Copeland,30
Williamson,11-3,U.S. House,7,Democratic,Vincent Dixie,3
Williamson,11-3,U.S. House,7,Republican,Adolph Agbéko Dagan,0
Williamson,11-3,U.S. House,7,Republican,Gino Bulso,15
Williamson,11-3,U.S. House,7,Republican,Jason D. Knight,0
Williamson,11-3,U.S. House,7,Republican,Jody Barrett,60
Williamson,11-3,U.S. House,7,Republican,Joe Leurs,0
Williamson,11-3,U.S. House,7,Republican,Lee Reeves,10
Williamson,11-3,U.S. House,7,Republican,Mason Foley,10
Williamson,11-3,U.S. House,7,Republican,Matt Van Epps,73
Williamson,11-3,U.S. House,7,Republican,Stewart Parks,3
Williamson,11-3,U.S. House,7,Republican,Stuart Cooper,4
Williamson,11-3,U.S. House,7,Republican,Tres Wittum,1
Williamson,11-4,U.S. House,7,Democratic,Aftyn Behn,59
Williamson,11-4,U.S. House,7,Democratic,Bo Mitchell,32
Williamson,11-4,U.S. House,7,Democratic,Darden Hunter Copeland,53
Williamson,11-4,U.S. House,7,Democratic,Vincent Dixie,43
Williamson,11-4,U.S. House,7,Republican,Adolph Agbéko Dagan,4
Williamson,11-4,U.S. House,7,Republican,Gino Bulso,28
Williamson,11-4,U.S. House,7,Republican,Jason D. Knight,0
Williamson,11-4,U.S. House,7,Republican,Jody Barrett,59
Williamson,11-4,U.S. House,7,Republican,Joe Leurs,1
Williamson,11-4,U.S. House,7,Republican,Lee Reeves,28
Williamson,11-4,U.S. House,7,Republican,Mason Foley,14
Williamson,11-4,U.S. House,7,Republican,Matt Van Epps,88
Williamson,11-4,U.S. House,7,Republican,Stewart Parks,3
Williamson,11-4,U.S. House,7,Republican,Stuart Cooper,1
Williamson,11-4,U.S. House,7,Republican,Tres Wittum,0
Williamson,11-5,U.S. House,7,Democratic,Aftyn Behn,58
Williamson,11-5,U.S. House,7,Democratic,Bo Mitchell,44
Williamson,11-5,U.S. House,7,Democratic,Darden Hunter Copeland,74
Williamson,11-5,U.S. House,7,Democratic,Vincent Dixie,35
Williamson,11-5,U.S. House,7,Republican,Adolph Agbéko Dagan,2
Williamson,11-5,U.S. House,7,Republican,Gino Bulso,32
Williamson,11-5,U.S. House,7,Republican,Jason D. Knight,2
Williamson,11-5,U.S. House,7,Republican,Jody Barrett,104
Williamson,11-5,U.S. House,7,Republican,Joe Leurs,1
Williamson,11-5,U.S. House,7,Republican,Lee Reeves,44
Williamson,11-5,U.S. House,7,Republican,Mason Foley,16
Williamson,11-5,U.S. House,7,Republican,Matt Van Epps,152
Williamson,11-5,U.S. House,7,Republican,Stewart Parks,6
Williamson,11-5,U.S. House,7,Republican,Stuart Cooper,2
Williamson,11-5,U.S. House,7,Republican,Tres Wittum,1
Williamson,12-1,U.S. House,7,Democratic,Aftyn Behn,137
Williamson,12-1,U.S. House,7,Democratic,Bo Mitchell,47
Williamson,12-1,U.S. House,7,Democratic,Darden Hunter Copeland,106
Williamson,12-1,U.S. House,7,Democratic,Vincent Dixie,18
Williamson,12-1,U.S. House,7,Republican,Adolph Agbéko Dagan,3
Williamson,12-1,U.S. House,7,Republican,Gino Bulso,48
Williamson,12-1,U.S. House,7,Republican,Jason D. Knight,2
Williamson,12-1,U.S. House,7,Republican,Jody Barrett,162
Williamson,12-1,U.S. House,7,Republican,Joe Leurs,4
Williamson,12-1,U.S. House,7,Republican,Lee Reeves,47
Williamson,12-1,U.S. House,7,Republican,Mason Foley,30
Williamson,12-1,U.S. House,7,Republican,Matt Van Epps,204
Williamson,12-1,U.S. House,7,Republican,Stewart Parks,0
Williamson,12-1,U.S. House,7,Republican,Stuart Cooper,12
Williamson,12-1,U.S. House,7,Republican,Tres Wittum,1
Williamson,2-1,U.S. House,7,Democratic,Aftyn Behn,45
Williamson,2-1,U.S. House,7,Democratic,Bo Mitchell,29
Williamson,2-1,U.S. House,7,Democratic,Darden Hunter Copeland,31
Williamson,2-1,U.S. House,7,Democratic,Vincent Dixie,6
Williamson,2-1,U.S. House,7,Republican,Adolph Agbéko Dagan,1
Williamson,2-1,U.S. House,7,Republican,Gino Bulso,27
Williamson,2-1,U.S. House,7,Republican,Jason D. Knight,3
Williamson,2-1,U.S. House,7,Republican,Jody Barrett,48
Williamson,2-1,U.S. House,7,Republican,Joe Leurs,1
Williamson,2-1,U.S. House,7,Republican,Lee Reeves,21
Williamson,2-1,U.S. House,7,Republican,Mason Foley,14
Williamson,2-1,U.S. House,7,Republican,Matt Van Epps,107
Williamson,2-1,U.S. House,7,Republican,Stewart Parks,0
Williamson,2-1,U.S. House,7,Republican,Stuart Cooper,1
Williamson,2-1,U.S. House,7,Republican,Tres Wittum,2
Williamson,7-2,U.S. House,7,Democratic,Aftyn Behn,6
Williamson,7-2,U.S. House,7,Democratic,Bo Mitchell,5
Williamson,7-2,U.S. House,7,Democratic,Darden Hunter Copeland,13
Williamson,7-2,U.S. House,7,Democratic,Vincent Dixie,6
Williamson,7-2,U.S. House,7,Republican,Adolph Agbéko Dagan,0
Williamson,7-2,U.S. House,7,Republican,Gino Bulso,7
Williamson,7-2,U.S. House,7,Republican,Jason D. Knight,0
Williamson,7-2,U.S. House,7,Republican,Jody Barrett,6
Williamson,7-2,U.S. House,7,Republican,Joe Leurs,0
Williamson,7-2,U.S. House,7,Republican,Lee Reeves,6
Williamson,7-2,U.S. House,7,Republican,Mason Foley,1
Williamson,7-2,U.S. House,7,Republican,Matt Van Epps,11
Williamson,7-2,U.S. House,7,Republican,Stewart Parks,0
Williamson,7-2,U.S. House,7,Republican,Stuart Cooper,0
Williamson,7-2,U.S. House,7,Republican,Tres Wittum,2
Williamson,8-2,U.S. House,7,Democratic,Aftyn Behn,70
Williamson,8-2,U.S. House,7,Democratic,Bo Mitchell,27
Williamson,8-2,U.S. House,7,Democratic,Darden Hunter Copeland,52
Williamson,8-2,U.S. House,7,Democratic,Vincent Dixie,5
Williamson,8-2,U.S. House,7,Republican,Adolph Agbéko Dagan,0
Williamson,8-2,U.S. House,7,Republican,Gino Bulso,92
Williamson,8-2,U.S. House,7,Republican,Jason D. Knight,1
Williamson,8-2,U.S. House,7,Republican,Jody Barrett,47
Williamson,8-2,U.S. House,7,Republican,Joe Leurs,0
Williamson,8-2,U.S. House,7,Republican,Lee Reeves,22
Williamson,8-2,U.S. House,7,Republican,Mason Foley,6
Williamson,8-2,U.S. House,7,Republican,Matt Van Epps,90
Williamson,8-2,U.S. House,7,Republican,Stewart Parks,3
Williamson,8-2,U.S. House,7,Republican,Stuart Cooper,2
Williamson,8-2,U.S. House,7,Republican,Tres Wittum,0
Williamson,8-4,U.S. House,7,Democratic,Aftyn Behn,49
Williamson,8-4,U.S. House,7,Democratic,Bo Mitchell,37
Williamson,8-4,U.S. House,7,Democratic,Darden Hunter Copeland,52
Williamson,8-4,U.S. House,7,Democratic,Vincent Dixie,16
Williamson,8-4,U.S. House,7,Republican,Adolph Agbéko Dagan,0
Williamson,8-4,U.S. House,7,Republican,Gino Bulso,74
Williamson,8-4,U.S. House,7,Republican,Jason D. Knight,2
Williamson,8-4,U.S. House,7,Republican,Jody Barrett,47
Williamson,8-4,U.S. House,7,Republican,Joe Leurs,0
Williamson,8-4,U.S. House,7,Republican,Lee Reeves,14
Williamson,8-4,U.S. House,7,Republican,Mason Foley,18
Williamson,8-4,U.S. House,7,Republican,Matt Van Epps,138
Williamson,8-4,U.S. House,7,Republican,Stewart Parks,0
Williamson,8-4,U.S. House,7,Republican,Stuart Cooper,5
Williamson,8-4,U.S. House,7,Republican,Tres Wittum,1
Williamson,9-3,U.S. House,7,Democratic,Aftyn Behn,56
Williamson,9-3,U.S. House,7,Democratic,Bo Mitchell,30
Williamson,9-3,U.S. House,7,Democratic,Darden Hunter Copeland,131
Williamson,9-3,U.S. House,7,Democratic,Vincent Dixie,6
Williamson,9-3,U.S. House,7,Republican,Adolph Agbéko Dagan,0
Williamson,9-3,U.S. House,7,Republican,Gino Bulso,28
Williamson,9-3,U.S. House,7,Republican,Jason D. Knight,0
Williamson,9-3,U.S. House,7,Republican,Jody Barrett,319
Williamson,9-3,U.S. House,7,Republican,Joe Leurs,2
Williamson,9-3,U.S. House,7,Republican,Lee Reeves,104
Williamson,9-3,U.S. House,7,Republican,Mason Foley,19
Williamson,9-3,U.S. House,7,Republican,Matt Van Epps,184
Williamson,9-3,U.S. House,7,Republican,Stewart Parks,0
Williamson,9-3,U.S. House,7,Republican,Stuart Cooper,2
Williamson,9-3,U.S. House,7,Republican,Tres Wittum,3
Williamson,9-6,U.S. House,7,Democratic,Aftyn Behn,79
Williamson,9-6,U.S. House,7,Democratic,Bo Mitchell,58
Williamson,9-6,U.S. House,7,Democratic,Darden Hunter Copeland,102
Williamson,9-6,U.S. House,7,Democratic,Vincent Dixie,13
Williamson,9-6,U.S. House,7,Republican,Adolph Agbéko Dagan,0
Williamson,9-6,U.S. House,7,Republican,Gino Bulso,44
Williamson,9-6,U.S. House,7,Republican,Jason D. Knight,0
Williamson,9-6,U.S. House,7,Republican,Jody Barrett,161
Williamson,9-6,U.S. House,7,Republican,Joe Leurs,1
Williamson,9-6,U.S. House,7,Republican,Lee Reeves,76
Williamson,9-6,U.S. House,7,Republican,Mason Foley,12
Williamson,9-6,U.S. House,7,Republican,Matt Van Epps,163
Williamson,9-6,U.S. House,7,Republican,Stewart Parks,5
Williamson,9-6,U.S. House,7,Republican,Stuart Cooper,8
Williamson,9-6,U.S. House,7,Republican,Tres Wittum,0
