county,precinct,office,district,party,candidate,votes
Carter,Central,Public Defender,1 (unexpired term),Democratic,No Candidate Qualified,0
Carter,Central,Public Defender,1 (unexpired term),Republican,Bill Donaldson,113
Carter,Central,Public Defender,1 (unexpired term),Republican,Melanie Sellers,173
Carter,Courthouse,Public Defender,1 (unexpired term),Democratic,No Candidate Qualified,0
Carter,Courthouse,Public Defender,1 (unexpired term),Republican,Bill Donaldson,174
Carter,Courthouse,Public Defender,1 (unexpired term),Republican,Melanie Sellers,239
Carter,Eastside,Public Defender,1 (unexpired term),Democratic,No Candidate Qualified,0
Carter,Eastside,Public Defender,1 (unexpired term),Republican,Bill Donaldson,143
Carter,Eastside,Public Defender,1 (unexpired term),Republican,Melanie Sellers,159
Carter,Elk Mills,Public Defender,1 (unexpired term),Democratic,No Candidate Qualified,0
Carter,Elk Mills,Public Defender,1 (unexpired term),Republican,Bill Donaldson,45
Carter,Elk Mills,Public Defender,1 (unexpired term),Republican,Melanie Sellers,21
Carter,Gap Creek,Public Defender,1 (unexpired term),Democratic,No Candidate Qualified,0
Carter,Gap Creek,Public Defender,1 (unexpired term),Republican,Bill Donaldson,166
Carter,Gap Creek,Public Defender,1 (unexpired term),Republican,Melanie Sellers,183
Carter,Hampton,Public Defender,1 (unexpired term),Democratic,No Candidate Qualified,0
Carter,Hampton,Public Defender,1 (unexpired term),Republican,Bill Donaldson,152
Carter,Hampton,Public Defender,1 (unexpired term),Republican,Melanie Sellers,171
Carter,Happy Valley,Public Defender,1 (unexpired term),Democratic,No Candidate Qualified,0
Carter,Happy Valley,Public Defender,1 (unexpired term),Republican,Bill Donaldson,209
Carter,Happy Valley,Public Defender,1 (unexpired term),Republican,Melanie Sellers,226
Carter,Harold McCormick,Public Defender,1 (unexpired term),Democratic,No Candidate Qualified,0
Carter,Harold McCormick,Public Defender,1 (unexpired term),Republican,Bill Donaldson,74
Carter,Harold McCormick,Public Defender,1 (unexpired term),Republican,Melanie Sellers,109
Carter,High School,Public Defender,1 (unexpired term),Democratic,No Candidate Qualified,0
Carter,High School,Public Defender,1 (unexpired term),Republican,Bill Donaldson,122
Carter,High School,Public Defender,1 (unexpired term),Republican,Melanie Sellers,201
Carter,Hunter,Public Defender,1 (unexpired term),Democratic,No Candidate Qualified,0
Carter,Hunter,Public Defender,1 (unexpired term),Republican,Bill Donaldson,203
Carter,Hunter,Public Defender,1 (unexpired term),Republican,Melanie Sellers,291
Carter,Keenburg,Public Defender,1 (unexpired term),Democratic,No Candidate Qualified,0
Carter,Keenburg,Public Defender,1 (unexpired term),Republican,Bill Donaldson,107
Carter,Keenburg,Public Defender,1 (unexpired term),Republican,Melanie Sellers,130
Carter,Little Milligan,Public Defender,1 (unexpired term),Democratic,No Candidate Qualified,0
Carter,Little Milligan,Public Defender,1 (unexpired term),Republican,Bill Donaldson,40
Carter,Little Milligan,Public Defender,1 (unexpired term),Republican,Melanie Sellers,32
Carter,Midway,Public Defender,1 (unexpired term),Democratic,No Candidate Qualified,0
Carter,Midway,Public Defender,1 (unexpired term),Republican,Bill Donaldson,137
Carter,Midway,Public Defender,1 (unexpired term),Republican,Melanie Sellers,93
Carter,National Guard,Public Defender,1 (unexpired term),Democratic,No Candidate Qualified,0
Carter,National Guard,Public Defender,1 (unexpired term),Republican,Bill Donaldson,37
Carter,National Guard,Public Defender,1 (unexpired term),Republican,Melanie Sellers,58
Carter,Range,Public Defender,1 (unexpired term),Democratic,No Candidate Qualified,0
Carter,Range,Public Defender,1 (unexpired term),Republican,Bill Donaldson,53
Carter,Range,Public Defender,1 (unexpired term),Republican,Melanie Sellers,86
Carter,Roan Mountain,Public Defender,1 (unexpired term),Democratic,No Candidate Qualified,0
Carter,Roan Mountain,Public Defender,1 (unexpired term),Republican,Bill Donaldson,264
Carter,Roan Mountain,Public Defender,1 (unexpired term),Republican,Melanie Sellers,196
Carter,Siam,Public Defender,1 (unexpired term),Democratic,No Candidate Qualified,0
Carter,Siam,Public Defender,1 (unexpired term),Republican,Bill Donaldson,82
Carter,Siam,Public Defender,1 (unexpired term),Republican,Melanie Sellers,113
Carter,Tiger Valley,Public Defender,1 (unexpired term),Democratic,No Candidate Qualified,0
Carter,Tiger Valley,Public Defender,1 (unexpired term),Republican,Bill Donaldson,240
Carter,Tiger Valley,Public Defender,1 (unexpired term),Republican,Melanie Sellers,154
Carter,Unaka,Public Defender,1 (unexpired term),Democratic,No Candidate Qualified,0
Carter,Unaka,Public Defender,1 (unexpired term),Republican,Bill Donaldson,133
Carter,Unaka,Public Defender,1 (unexpired term),Republican,Melanie Sellers,204
Carter,Valley Forge,Public Defender,1 (unexpired term),Democratic,No Candidate Qualified,0
Carter,Valley Forge,Public Defender,1 (unexpired term),Republican,Bill Donaldson,190
Carter,Valley Forge,Public Defender,1 (unexpired term),Republican,Melanie Sellers,211
Carter,Watauga,Public Defender,1 (unexpired term),Democratic,No Candidate Qualified,0
Carter,Watauga,Public Defender,1 (unexpired term),Republican,Bill Donaldson,16
Carter,Watauga,Public Defender,1 (unexpired term),Republican,Melanie Sellers,26
Carter,Westside,Public Defender,1 (unexpired term),Democratic,No Candidate Qualified,0
Carter,Westside,Public Defender,1 (unexpired term),Republican,Bill Donaldson,196
Carter,Westside,Public Defender,1 (unexpired term),Republican,Melanie Sellers,298
Cheatham,1-1 Sycamore Square,Circuit Court Judge Division IV,23 (unexpired term),Democratic,No Candidate Qualified,0
Cheatham,1-1 Sycamore Square,Circuit Court Judge Division IV,23 (unexpired term),Republican,Joshua Turnbow,281
Cheatham,2-1 East Cheatham,Circuit Court Judge Division IV,23 (unexpired term),Democratic,No Candidate Qualified,0
Cheatham,2-1 East Cheatham,Circuit Court Judge Division IV,23 (unexpired term),Republican,Joshua Turnbow,444
Cheatham,3-1 Pleasant View,Circuit Court Judge Division IV,23 (unexpired term),Democratic,No Candidate Qualified,0
Cheatham,3-1 Pleasant View,Circuit Court Judge Division IV,23 (unexpired term),Republican,Joshua Turnbow,609
Cheatham,4-1 West Cheatham,Circuit Court Judge Division IV,23 (unexpired term),Democratic,No Candidate Qualified,0
Cheatham,4-1 West Cheatham,Circuit Court Judge Division IV,23 (unexpired term),Republican,Joshua Turnbow,397
Cheatham,4-3 Sycamore,Circuit Court Judge Division IV,23 (unexpired term),Democratic,No Candidate Qualified,0
Cheatham,4-3 Sycamore,Circuit Court Judge Division IV,23 (unexpired term),Republican,Joshua Turnbow,306
Cheatham,5-1 AC Church of Christ,Circuit Court Judge Division IV,23 (unexpired term),Democratic,No Candidate Qualified,0
Cheatham,5-1 AC Church of Christ,Circuit Court Judge Division IV,23 (unexpired term),Republican,Joshua Turnbow,184
Cheatham,5-2 Pegram,Circuit Court Judge Division IV,23 (unexpired term),Democratic,No Candidate Qualified,0
Cheatham,5-2 Pegram,Circuit Court Judge Division IV,23 (unexpired term),Republican,Joshua Turnbow,215
Cheatham,6-1 Harpeth,Circuit Court Judge Division IV,23 (unexpired term),Democratic,No Candidate Qualified,0
Cheatham,6-1 Harpeth,Circuit Court Judge Division IV,23 (unexpired term),Republican,Joshua Turnbow,343
Cocke,Armory,Circuit Court Judge Part IV,4 (unexpired term),Democratic,No Candidate Qualified,0
Cocke,Armory,Circuit Court Judge Part IV,4 (unexpired term),Republican,Jeremy Ball,189
Cocke,Armory,Circuit Court Judge Part V,4 (unexpired term),Democratic,No Candidate Qualified,0
Cocke,Armory,Circuit Court Judge Part V,4 (unexpired term),Republican,Adrienne Ogle,179
Cocke,Bridgeport,Circuit Court Judge Part IV,4 (unexpired term),Democratic,No Candidate Qualified,0
Cocke,Bridgeport,Circuit Court Judge Part IV,4 (unexpired term),Republican,Jeremy Ball,235
Cocke,Bridgeport,Circuit Court Judge Part V,4 (unexpired term),Democratic,No Candidate Qualified,0
Cocke,Bridgeport,Circuit Court Judge Part V,4 (unexpired term),Republican,Adrienne Ogle,222
Cocke,Centerview,Circuit Court Judge Part IV,4 (unexpired term),Democratic,No Candidate Qualified,0
Cocke,Centerview,Circuit Court Judge Part IV,4 (unexpired term),Republican,Jeremy Ball,341
Cocke,Centerview,Circuit Court Judge Part V,4 (unexpired term),Democratic,No Candidate Qualified,0
Cocke,Centerview,Circuit Court Judge Part V,4 (unexpired term),Republican,Adrienne Ogle,306
Cocke,Central,Circuit Court Judge Part IV,4 (unexpired term),Democratic,No Candidate Qualified,0
Cocke,Central,Circuit Court Judge Part IV,4 (unexpired term),Republican,Jeremy Ball,199
Cocke,Central,Circuit Court Judge Part V,4 (unexpired term),Democratic,No Candidate Qualified,0
Cocke,Central,Circuit Court Judge Part V,4 (unexpired term),Republican,Adrienne Ogle,183
Cocke,Cocke County High,Circuit Court Judge Part IV,4 (unexpired term),Democratic,No Candidate Qualified,0
Cocke,Cocke County High,Circuit Court Judge Part IV,4 (unexpired term),Republican,Jeremy Ball,106
Cocke,Cocke County High,Circuit Court Judge Part V,4 (unexpired term),Democratic,No Candidate Qualified,0
Cocke,Cocke County High,Circuit Court Judge Part V,4 (unexpired term),Republican,Adrienne Ogle,98
Cocke,Cosby,Circuit Court Judge Part IV,4 (unexpired term),Democratic,No Candidate Qualified,0
Cocke,Cosby,Circuit Court Judge Part IV,4 (unexpired term),Republican,Jeremy Ball,422
Cocke,Cosby,Circuit Court Judge Part V,4 (unexpired term),Democratic,No Candidate Qualified,0
Cocke,Cosby,Circuit Court Judge Part V,4 (unexpired term),Republican,Adrienne Ogle,393
Cocke,Del Rio,Circuit Court Judge Part IV,4 (unexpired term),Democratic,No Candidate Qualified,0
Cocke,Del Rio,Circuit Court Judge Part IV,4 (unexpired term),Republican,Jeremy Ball,255
Cocke,Del Rio,Circuit Court Judge Part V,4 (unexpired term),Democratic,No Candidate Qualified,0
Cocke,Del Rio,Circuit Court Judge Part V,4 (unexpired term),Republican,Adrienne Ogle,238
Cocke,Edgemont,Circuit Court Judge Part IV,4 (unexpired term),Democratic,No Candidate Qualified,0
Cocke,Edgemont,Circuit Court Judge Part IV,4 (unexpired term),Republican,Jeremy Ball,280
Cocke,Edgemont,Circuit Court Judge Part V,4 (unexpired term),Democratic,No Candidate Qualified,0
Cocke,Edgemont,Circuit Court Judge Part V,4 (unexpired term),Republican,Adrienne Ogle,249
Cocke,Edwina,Circuit Court Judge Part IV,4 (unexpired term),Democratic,No Candidate Qualified,0
Cocke,Edwina,Circuit Court Judge Part IV,4 (unexpired term),Republican,Jeremy Ball,487
Cocke,Edwina,Circuit Court Judge Part V,4 (unexpired term),Democratic,No Candidate Qualified,0
Cocke,Edwina,Circuit Court Judge Part V,4 (unexpired term),Republican,Adrienne Ogle,397
Cocke,Forest Hill,Circuit Court Judge Part IV,4 (unexpired term),Democratic,No Candidate Qualified,0
Cocke,Forest Hill,Circuit Court Judge Part IV,4 (unexpired term),Republican,Jeremy Ball,224
Cocke,Forest Hill,Circuit Court Judge Part V,4 (unexpired term),Democratic,No Candidate Qualified,0
Cocke,Forest Hill,Circuit Court Judge Part V,4 (unexpired term),Republican,Adrienne Ogle,204
Cocke,Grassy Fork,Circuit Court Judge Part IV,4 (unexpired term),Democratic,No Candidate Qualified,0
Cocke,Grassy Fork,Circuit Court Judge Part IV,4 (unexpired term),Republican,Jeremy Ball,178
Cocke,Grassy Fork,Circuit Court Judge Part V,4 (unexpired term),Democratic,No Candidate Qualified,0
Cocke,Grassy Fork,Circuit Court Judge Part V,4 (unexpired term),Republican,Adrienne Ogle,174
Cocke,Long Creek,Circuit Court Judge Part IV,4 (unexpired term),Democratic,No Candidate Qualified,0
Cocke,Long Creek,Circuit Court Judge Part IV,4 (unexpired term),Republican,Jeremy Ball,167
Cocke,Long Creek,Circuit Court Judge Part V,4 (unexpired term),Democratic,No Candidate Qualified,0
Cocke,Long Creek,Circuit Court Judge Part V,4 (unexpired term),Republican,Adrienne Ogle,155
Cocke,Newport Grammar,Circuit Court Judge Part IV,4 (unexpired term),Democratic,No Candidate Qualified,0
Cocke,Newport Grammar,Circuit Court Judge Part IV,4 (unexpired term),Republican,Jeremy Ball,467
Cocke,Newport Grammar,Circuit Court Judge Part V,4 (unexpired term),Democratic,No Candidate Qualified,0
Cocke,Newport Grammar,Circuit Court Judge Part V,4 (unexpired term),Republican,Adrienne Ogle,396
Cocke,Northport,Circuit Court Judge Part IV,4 (unexpired term),Democratic,No Candidate Qualified,0
Cocke,Northport,Circuit Court Judge Part IV,4 (unexpired term),Republican,Jeremy Ball,215
Cocke,Northport,Circuit Court Judge Part V,4 (unexpired term),Democratic,No Candidate Qualified,0
Cocke,Northport,Circuit Court Judge Part V,4 (unexpired term),Republican,Adrienne Ogle,200
Cocke,Parrottsville,Circuit Court Judge Part IV,4 (unexpired term),Democratic,No Candidate Qualified,0
Cocke,Parrottsville,Circuit Court Judge Part IV,4 (unexpired term),Republican,Jeremy Ball,406
Cocke,Parrottsville,Circuit Court Judge Part V,4 (unexpired term),Democratic,No Candidate Qualified,0
Cocke,Parrottsville,Circuit Court Judge Part V,4 (unexpired term),Republican,Adrienne Ogle,373
Cocke,Rankin,Circuit Court Judge Part IV,4 (unexpired term),Democratic,No Candidate Qualified,0
Cocke,Rankin,Circuit Court Judge Part IV,4 (unexpired term),Republican,Jeremy Ball,131
Cocke,Rankin,Circuit Court Judge Part V,4 (unexpired term),Democratic,No Candidate Qualified,0
Cocke,Rankin,Circuit Court Judge Part V,4 (unexpired term),Republican,Adrienne Ogle,121
Cocke,Smoky Mountain,Circuit Court Judge Part IV,4 (unexpired term),Democratic,No Candidate Qualified,0
Cocke,Smoky Mountain,Circuit Court Judge Part IV,4 (unexpired term),Republican,Jeremy Ball,211
Cocke,Smoky Mountain,Circuit Court Judge Part V,4 (unexpired term),Democratic,No Candidate Qualified,0
Cocke,Smoky Mountain,Circuit Court Judge Part V,4 (unexpired term),Republican,Adrienne Ogle,201
Cocke,West End,Circuit Court Judge Part IV,4 (unexpired term),Democratic,No Candidate Qualified,0
Cocke,West End,Circuit Court Judge Part IV,4 (unexpired term),Republican,Jeremy Ball,250
Cocke,West End,Circuit Court Judge Part V,4 (unexpired term),Democratic,No Candidate Qualified,0
Cocke,West End,Circuit Court Judge Part V,4 (unexpired term),Republican,Adrienne Ogle,225
Davidson,01-1,Circuit Court Judge Division III,20 (unexpired term),Democratic,Audrey Anderson,52
Davidson,01-1,Circuit Court Judge Division III,20 (unexpired term),Democratic,Bethany Peery Glandorf,97
Davidson,01-1,Circuit Court Judge Division III,20 (unexpired term),Democratic,Corletra Mance,84
Davidson,01-1,Circuit Court Judge Division III,20 (unexpired term),Republican,No Candidate Qualified,0
Davidson,01-1,Criminal Court Judge Division III,20 (unexpired term),Democratic,Dawn Deaner,47
Davidson,01-1,Criminal Court Judge Division III,20 (unexpired term),Democratic,Jim Todd,136
Davidson,01-1,Criminal Court Judge Division III,20 (unexpired term),Democratic,Ronald Jamar Dowdy,59
Davidson,01-1,Criminal Court Judge Division III,20 (unexpired term),Republican,No Candidate Qualified,0
Davidson,01-1,Public Defender,20,Democratic,Martesha Johnson,191
Davidson,01-1,Public Defender,20,Republican,No Candidate Qualified,0
Davidson,01-2,Circuit Court Judge Division III,20 (unexpired term),Democratic,Audrey Anderson,21
Davidson,01-2,Circuit Court Judge Division III,20 (unexpired term),Democratic,Bethany Peery Glandorf,39
Davidson,01-2,Circuit Court Judge Division III,20 (unexpired term),Democratic,Corletra Mance,19
Davidson,01-2,Circuit Court Judge Division III,20 (unexpired term),Republican,No Candidate Qualified,0
Davidson,01-2,Criminal Court Judge Division III,20 (unexpired term),Democratic,Dawn Deaner,27
Davidson,01-2,Criminal Court Judge Division III,20 (unexpired term),Democratic,Jim Todd,44
Davidson,01-2,Criminal Court Judge Division III,20 (unexpired term),Democratic,Ronald Jamar Dowdy,19
Davidson,01-2,Criminal Court Judge Division III,20 (unexpired term),Republican,No Candidate Qualified,0
Davidson,01-2,Public Defender,20,Democratic,Martesha Johnson,65
Davidson,01-2,Public Defender,20,Republican,No Candidate Qualified,0
Davidson,01-3,Circuit Court Judge Division III,20 (unexpired term),Democratic,Audrey Anderson,63
Davidson,01-3,Circuit Court Judge Division III,20 (unexpired term),Democratic,Bethany Peery Glandorf,54
Davidson,01-3,Circuit Court Judge Division III,20 (unexpired term),Democratic,Corletra Mance,168
Davidson,01-3,Circuit Court Judge Division III,20 (unexpired term),Republican,No Candidate Qualified,0
Davidson,01-3,Criminal Court Judge Division III,20 (unexpired term),Democratic,Dawn Deaner,53
Davidson,01-3,Criminal Court Judge Division III,20 (unexpired term),Democratic,Jim Todd,95
Davidson,01-3,Criminal Court Judge Division III,20 (unexpired term),Democratic,Ronald Jamar Dowdy,157
Davidson,01-3,Criminal Court Judge Division III,20 (unexpired term),Republican,No Candidate Qualified,0
Davidson,01-3,Public Defender,20,Democratic,Martesha Johnson,257
Davidson,01-3,Public Defender,20,Republican,No Candidate Qualified,0
Davidson,01-4,Circuit Court Judge Division III,20 (unexpired term),Democratic,Audrey Anderson,72
Davidson,01-4,Circuit Court Judge Division III,20 (unexpired term),Democratic,Bethany Peery Glandorf,61
Davidson,01-4,Circuit Court Judge Division III,20 (unexpired term),Democratic,Corletra Mance,210
Davidson,01-4,Circuit Court Judge Division III,20 (unexpired term),Republican,No Candidate Qualified,0
Davidson,01-4,Criminal Court Judge Division III,20 (unexpired term),Democratic,Dawn Deaner,65
Davidson,01-4,Criminal Court Judge Division III,20 (unexpired term),Democratic,Jim Todd,121
Davidson,01-4,Criminal Court Judge Division III,20 (unexpired term),Democratic,Ronald Jamar Dowdy,168
Davidson,01-4,Criminal Court Judge Division III,20 (unexpired term),Republican,No Candidate Qualified,0
Davidson,01-4,Public Defender,20,Democratic,Martesha Johnson,329
Davidson,01-4,Public Defender,20,Republican,No Candidate Qualified,0
Davidson,01-5,Circuit Court Judge Division III,20 (unexpired term),Democratic,Audrey Anderson,84
Davidson,01-5,Circuit Court Judge Division III,20 (unexpired term),Democratic,Bethany Peery Glandorf,63
Davidson,01-5,Circuit Court Judge Division III,20 (unexpired term),Democratic,Corletra Mance,207
Davidson,01-5,Circuit Court Judge Division III,20 (unexpired term),Republican,No Candidate Qualified,0
Davidson,01-5,Criminal Court Judge Division III,20 (unexpired term),Democratic,Dawn Deaner,73
Davidson,01-5,Criminal Court Judge Division III,20 (unexpired term),Democratic,Jim Todd,110
Davidson,01-5,Criminal Court Judge Division III,20 (unexpired term),Democratic,Ronald Jamar Dowdy,189
Davidson,01-5,Criminal Court Judge Division III,20 (unexpired term),Republican,No Candidate Qualified,0
Davidson,01-5,Public Defender,20,Democratic,Martesha Johnson,329
Davidson,01-5,Public Defender,20,Republican,No Candidate Qualified,0
Davidson,01-6,Circuit Court Judge Division III,20 (unexpired term),Democratic,Audrey Anderson,29
Davidson,01-6,Circuit Court Judge Division III,20 (unexpired term),Democratic,Bethany Peery Glandorf,26
Davidson,01-6,Circuit Court Judge Division III,20 (unexpired term),Democratic,Corletra Mance,74
Davidson,01-6,Circuit Court Judge Division III,20 (unexpired term),Republican,No Candidate Qualified,0
Davidson,01-6,Criminal Court Judge Division III,20 (unexpired term),Democratic,Dawn Deaner,18
Davidson,01-6,Criminal Court Judge Division III,20 (unexpired term),Democratic,Jim Todd,47
Davidson,01-6,Criminal Court Judge Division III,20 (unexpired term),Democratic,Ronald Jamar Dowdy,72
Davidson,01-6,Criminal Court Judge Division III,20 (unexpired term),Republican,No Candidate Qualified,0
Davidson,01-6,Public Defender,20,Democratic,Martesha Johnson,115
Davidson,01-6,Public Defender,20,Republican,No Candidate Qualified,0
Davidson,01-7,Circuit Court Judge Division III,20 (unexpired term),Democratic,Audrey Anderson,240
Davidson,01-7,Circuit Court Judge Division III,20 (unexpired term),Democratic,Bethany Peery Glandorf,146
Davidson,01-7,Circuit Court Judge Division III,20 (unexpired term),Democratic,Corletra Mance,700
Davidson,01-7,Circuit Court Judge Division III,20 (unexpired term),Republican,No Candidate Qualified,0
Davidson,01-7,Criminal Court Judge Division III,20 (unexpired term),Democratic,Dawn Deaner,164
Davidson,01-7,Criminal Court Judge Division III,20 (unexpired term),Democratic,Jim Todd,318
Davidson,01-7,Criminal Court Judge Division III,20 (unexpired term),Democratic,Ronald Jamar Dowdy,672
Davidson,01-7,Criminal Court Judge Division III,20 (unexpired term),Republican,No Candidate Qualified,0
Davidson,01-7,Public Defender,20,Democratic,Martesha Johnson,1023
Davidson,01-7,Public Defender,20,Republican,No Candidate Qualified,0
Davidson,02-1,Circuit Court Judge Division III,20 (unexpired term),Democratic,Audrey Anderson,55
Davidson,02-1,Circuit Court Judge Division III,20 (unexpired term),Democratic,Bethany Peery Glandorf,37
Davidson,02-1,Circuit Court Judge Division III,20 (unexpired term),Democratic,Corletra Mance,91
Davidson,02-1,Circuit Court Judge Division III,20 (unexpired term),Republican,No Candidate Qualified,0
Davidson,02-1,Criminal Court Judge Division III,20 (unexpired term),Democratic,Dawn Deaner,53
Davidson,02-1,Criminal Court Judge Division III,20 (unexpired term),Democratic,Jim Todd,50
Davidson,02-1,Criminal Court Judge Division III,20 (unexpired term),Democratic,Ronald Jamar Dowdy,89
Davidson,02-1,Criminal Court Judge Division III,20 (unexpired term),Republican,No Candidate Qualified,0
Davidson,02-1,Public Defender,20,Democratic,Martesha Johnson,169
Davidson,02-1,Public Defender,20,Republican,No Candidate Qualified,0
Davidson,02-2,Circuit Court Judge Division III,20 (unexpired term),Democratic,Audrey Anderson,87
Davidson,02-2,Circuit Court Judge Division III,20 (unexpired term),Democratic,Bethany Peery Glandorf,45
Davidson,02-2,Circuit Court Judge Division III,20 (unexpired term),Democratic,Corletra Mance,163
Davidson,02-2,Circuit Court Judge Division III,20 (unexpired term),Republican,No Candidate Qualified,0
Davidson,02-2,Criminal Court Judge Division III,20 (unexpired term),Democratic,Dawn Deaner,60
Davidson,02-2,Criminal Court Judge Division III,20 (unexpired term),Democratic,Jim Todd,116
Davidson,02-2,Criminal Court Judge Division III,20 (unexpired term),Democratic,Ronald Jamar Dowdy,140
Davidson,02-2,Criminal Court Judge Division III,20 (unexpired term),Republican,No Candidate Qualified,0
Davidson,02-2,Public Defender,20,Democratic,Martesha Johnson,280
Davidson,02-2,Public Defender,20,Republican,No Candidate Qualified,0
Davidson,02-3,Circuit Court Judge Division III,20 (unexpired term),Democratic,Audrey Anderson,30
Davidson,02-3,Circuit Court Judge Division III,20 (unexpired term),Democratic,Bethany Peery Glandorf,20
Davidson,02-3,Circuit Court Judge Division III,20 (unexpired term),Democratic,Corletra Mance,64
Davidson,02-3,Circuit Court Judge Division III,20 (unexpired term),Republican,No Candidate Qualified,0
Davidson,02-3,Criminal Court Judge Division III,20 (unexpired term),Democratic,Dawn Deaner,34
Davidson,02-3,Criminal Court Judge Division III,20 (unexpired term),Democratic,Jim Todd,31
Davidson,02-3,Criminal Court Judge Division III,20 (unexpired term),Democratic,Ronald Jamar Dowdy,54
Davidson,02-3,Criminal Court Judge Division III,20 (unexpired term),Republican,No Candidate Qualified,0
Davidson,02-3,Public Defender,20,Democratic,Martesha Johnson,107
Davidson,02-3,Public Defender,20,Republican,No Candidate Qualified,0
Davidson,02-4,Circuit Court Judge Division III,20 (unexpired term),Democratic,Audrey Anderson,59
Davidson,02-4,Circuit Court Judge Division III,20 (unexpired term),Democratic,Bethany Peery Glandorf,50
Davidson,02-4,Circuit Court Judge Division III,20 (unexpired term),Democratic,Corletra Mance,175
Davidson,02-4,Circuit Court Judge Division III,20 (unexpired term),Republican,No Candidate Qualified,0
Davidson,02-4,Criminal Court Judge Division III,20 (unexpired term),Democratic,Dawn Deaner,79
Davidson,02-4,Criminal Court Judge Division III,20 (unexpired term),Democratic,Jim Todd,73
Davidson,02-4,Criminal Court Judge Division III,20 (unexpired term),Democratic,Ronald Jamar Dowdy,137
Davidson,02-4,Criminal Court Judge Division III,20 (unexpired term),Republican,No Candidate Qualified,0
Davidson,02-4,Public Defender,20,Democratic,Martesha Johnson,262
Davidson,02-4,Public Defender,20,Republican,No Candidate Qualified,0
Davidson,02-5,Circuit Court Judge Division III,20 (unexpired term),Democratic,Audrey Anderson,222
Davidson,02-5,Circuit Court Judge Division III,20 (unexpired term),Democratic,Bethany Peery Glandorf,134
Davidson,02-5,Circuit Court Judge Division III,20 (unexpired term),Democratic,Corletra Mance,588
Davidson,02-5,Circuit Court Judge Division III,20 (unexpired term),Republican,No Candidate Qualified,0
Davidson,02-5,Criminal Court Judge Division III,20 (unexpired term),Democratic,Dawn Deaner,150
Davidson,02-5,Criminal Court Judge Division III,20 (unexpired term),Democratic,Jim Todd,286
Davidson,02-5,Criminal Court Judge Division III,20 (unexpired term),Democratic,Ronald Jamar Dowdy,557
Davidson,02-5,Criminal Court Judge Division III,20 (unexpired term),Republican,No Candidate Qualified,0
Davidson,02-5,Public Defender,20,Democratic,Martesha Johnson,878
Davidson,02-5,Public Defender,20,Republican,No Candidate Qualified,0
Davidson,03-1,Circuit Court Judge Division III,20 (unexpired term),Democratic,Audrey Anderson,0
Davidson,03-1,Circuit Court Judge Division III,20 (unexpired term),Democratic,Bethany Peery Glandorf,0
Davidson,03-1,Circuit Court Judge Division III,20 (unexpired term),Democratic,Corletra Mance,0
Davidson,03-1,Circuit Court Judge Division III,20 (unexpired term),Republican,No Candidate Qualified,0
Davidson,03-1,Criminal Court Judge Division III,20 (unexpired term),Democratic,Dawn Deaner,0
Davidson,03-1,Criminal Court Judge Division III,20 (unexpired term),Democratic,Jim Todd,0
Davidson,03-1,Criminal Court Judge Division III,20 (unexpired term),Democratic,Ronald Jamar Dowdy,0
Davidson,03-1,Criminal Court Judge Division III,20 (unexpired term),Republican,No Candidate Qualified,0
Davidson,03-1,Public Defender,20,Democratic,Martesha Johnson,0
Davidson,03-1,Public Defender,20,Republican,No Candidate Qualified,0
Davidson,03-2,Circuit Court Judge Division III,20 (unexpired term),Democratic,Audrey Anderson,147
Davidson,03-2,Circuit Court Judge Division III,20 (unexpired term),Democratic,Bethany Peery Glandorf,157
Davidson,03-2,Circuit Court Judge Division III,20 (unexpired term),Democratic,Corletra Mance,439
Davidson,03-2,Circuit Court Judge Division III,20 (unexpired term),Republican,No Candidate Qualified,0
Davidson,03-2,Criminal Court Judge Division III,20 (unexpired term),Democratic,Dawn Deaner,167
Davidson,03-2,Criminal Court Judge Division III,20 (unexpired term),Democratic,Jim Todd,218
Davidson,03-2,Criminal Court Judge Division III,20 (unexpired term),Democratic,Ronald Jamar Dowdy,373
Davidson,03-2,Criminal Court Judge Division III,20 (unexpired term),Republican,No Candidate Qualified,0
Davidson,03-2,Public Defender,20,Democratic,Martesha Johnson,694
Davidson,03-2,Public Defender,20,Republican,No Candidate Qualified,0
Davidson,03-3,Circuit Court Judge Division III,20 (unexpired term),Democratic,Audrey Anderson,8
Davidson,03-3,Circuit Court Judge Division III,20 (unexpired term),Democratic,Bethany Peery Glandorf,5
Davidson,03-3,Circuit Court Judge Division III,20 (unexpired term),Democratic,Corletra Mance,15
Davidson,03-3,Circuit Court Judge Division III,20 (unexpired term),Republican,No Candidate Qualified,0
Davidson,03-3,Criminal Court Judge Division III,20 (unexpired term),Democratic,Dawn Deaner,11
Davidson,03-3,Criminal Court Judge Division III,20 (unexpired term),Democratic,Jim Todd,6
Davidson,03-3,Criminal Court Judge Division III,20 (unexpired term),Democratic,Ronald Jamar Dowdy,11
Davidson,03-3,Criminal Court Judge Division III,20 (unexpired term),Republican,No Candidate Qualified,0
Davidson,03-3,Public Defender,20,Democratic,Martesha Johnson,27
Davidson,03-3,Public Defender,20,Republican,No Candidate Qualified,0
Davidson,03-4,Circuit Court Judge Division III,20 (unexpired term),Democratic,Audrey Anderson,66
Davidson,03-4,Circuit Court Judge Division III,20 (unexpired term),Democratic,Bethany Peery Glandorf,57
Davidson,03-4,Circuit Court Judge Division III,20 (unexpired term),Democratic,Corletra Mance,77
Davidson,03-4,Circuit Court Judge Division III,20 (unexpired term),Republican,No Candidate Qualified,0
Davidson,03-4,Criminal Court Judge Division III,20 (unexpired term),Democratic,Dawn Deaner,88
Davidson,03-4,Criminal Court Judge Division III,20 (unexpired term),Democratic,Jim Todd,72
Davidson,03-4,Criminal Court Judge Division III,20 (unexpired term),Democratic,Ronald Jamar Dowdy,50
Davidson,03-4,Criminal Court Judge Division III,20 (unexpired term),Republican,No Candidate Qualified,0
Davidson,03-4,Public Defender,20,Democratic,Martesha Johnson,183
Davidson,03-4,Public Defender,20,Republican,No Candidate Qualified,0
Davidson,03-5,Circuit Court Judge Division III,20 (unexpired term),Democratic,Audrey Anderson,27
Davidson,03-5,Circuit Court Judge Division III,20 (unexpired term),Democratic,Bethany Peery Glandorf,26
Davidson,03-5,Circuit Court Judge Division III,20 (unexpired term),Democratic,Corletra Mance,42
Davidson,03-5,Circuit Court Judge Division III,20 (unexpired term),Republican,No Candidate Qualified,0
Davidson,03-5,Criminal Court Judge Division III,20 (unexpired term),Democratic,Dawn Deaner,36
Davidson,03-5,Criminal Court Judge Division III,20 (unexpired term),Democratic,Jim Todd,25
Davidson,03-5,Criminal Court Judge Division III,20 (unexpired term),Democratic,Ronald Jamar Dowdy,34
Davidson,03-5,Criminal Court Judge Division III,20 (unexpired term),Republican,No Candidate Qualified,0
Davidson,03-5,Public Defender,20,Democratic,Martesha Johnson,86
Davidson,03-5,Public Defender,20,Republican,No Candidate Qualified,0
Davidson,03-6,Circuit Court Judge Division III,20 (unexpired term),Democratic,Audrey Anderson,29
Davidson,03-6,Circuit Court Judge Division III,20 (unexpired term),Democratic,Bethany Peery Glandorf,27
Davidson,03-6,Circuit Court Judge Division III,20 (unexpired term),Democratic,Corletra Mance,52
Davidson,03-6,Circuit Court Judge Division III,20 (unexpired term),Republican,No Candidate Qualified,0
Davidson,03-6,Criminal Court Judge Division III,20 (unexpired term),Democratic,Dawn Deaner,31
Davidson,03-6,Criminal Court Judge Division III,20 (unexpired term),Democratic,Jim Todd,40
Davidson,03-6,Criminal Court Judge Division III,20 (unexpired term),Democratic,Ronald Jamar Dowdy,45
Davidson,03-6,Criminal Court Judge Division III,20 (unexpired term),Republican,No Candidate Qualified,0
Davidson,03-6,Public Defender,20,Democratic,Martesha Johnson,104
Davidson,03-6,Public Defender,20,Republican,No Candidate Qualified,0
Davidson,03-7,Circuit Court Judge Division III,20 (unexpired term),Democratic,Audrey Anderson,69
Davidson,03-7,Circuit Court Judge Division III,20 (unexpired term),Democratic,Bethany Peery Glandorf,60
Davidson,03-7,Circuit Court Judge Division III,20 (unexpired term),Democratic,Corletra Mance,135
Davidson,03-7,Circuit Court Judge Division III,20 (unexpired term),Republican,No Candidate Qualified,0
Davidson,03-7,Criminal Court Judge Division III,20 (unexpired term),Democratic,Dawn Deaner,83
Davidson,03-7,Criminal Court Judge Division III,20 (unexpired term),Democratic,Jim Todd,82
Davidson,03-7,Criminal Court Judge Division III,20 (unexpired term),Democratic,Ronald Jamar Dowdy,113
Davidson,03-7,Criminal Court Judge Division III,20 (unexpired term),Republican,No Candidate Qualified,0
Davidson,03-7,Public Defender,20,Democratic,Martesha Johnson,245
Davidson,03-7,Public Defender,20,Republican,No Candidate Qualified,0
Davidson,03-8,Circuit Court Judge Division III,20 (unexpired term),Democratic,Audrey Anderson,181
Davidson,03-8,Circuit Court Judge Division III,20 (unexpired term),Democratic,Bethany Peery Glandorf,110
Davidson,03-8,Circuit Court Judge Division III,20 (unexpired term),Democratic,Corletra Mance,368
Davidson,03-8,Circuit Court Judge Division III,20 (unexpired term),Republican,No Candidate Qualified,0
Davidson,03-8,Criminal Court Judge Division III,20 (unexpired term),Democratic,Dawn Deaner,143
Davidson,03-8,Criminal Court Judge Division III,20 (unexpired term),Democratic,Jim Todd,191
Davidson,03-8,Criminal Court Judge Division III,20 (unexpired term),Democratic,Ronald Jamar Dowdy,358
Davidson,03-8,Criminal Court Judge Division III,20 (unexpired term),Republican,No Candidate Qualified,0
Davidson,03-8,Public Defender,20,Democratic,Martesha Johnson,610
Davidson,03-8,Public Defender,20,Republican,No Candidate Qualified,0
Davidson,04-1,Circuit Court Judge Division III,20 (unexpired term),Democratic,Audrey Anderson,68
Davidson,04-1,Circuit Court Judge Division III,20 (unexpired term),Democratic,Bethany Peery Glandorf,111
Davidson,04-1,Circuit Court Judge Division III,20 (unexpired term),Democratic,Corletra Mance,101
Davidson,04-1,Circuit Court Judge Division III,20 (unexpired term),Republican,No Candidate Qualified,0
Davidson,04-1,Criminal Court Judge Division III,20 (unexpired term),Democratic,Dawn Deaner,134
Davidson,04-1,Criminal Court Judge Division III,20 (unexpired term),Democratic,Jim Todd,64
Davidson,04-1,Criminal Court Judge Division III,20 (unexpired term),Democratic,Ronald Jamar Dowdy,85
Davidson,04-1,Criminal Court Judge Division III,20 (unexpired term),Republican,No Candidate Qualified,0
Davidson,04-1,Public Defender,20,Democratic,Martesha Johnson,262
Davidson,04-1,Public Defender,20,Republican,No Candidate Qualified,0
Davidson,04-2,Circuit Court Judge Division III,20 (unexpired term),Democratic,Audrey Anderson,89
Davidson,04-2,Circuit Court Judge Division III,20 (unexpired term),Democratic,Bethany Peery Glandorf,161
Davidson,04-2,Circuit Court Judge Division III,20 (unexpired term),Democratic,Corletra Mance,152
Davidson,04-2,Circuit Court Judge Division III,20 (unexpired term),Republican,No Candidate Qualified,0
Davidson,04-2,Criminal Court Judge Division III,20 (unexpired term),Democratic,Dawn Deaner,108
Davidson,04-2,Criminal Court Judge Division III,20 (unexpired term),Democratic,Jim Todd,160
Davidson,04-2,Criminal Court Judge Division III,20 (unexpired term),Democratic,Ronald Jamar Dowdy,145
Davidson,04-2,Criminal Court Judge Division III,20 (unexpired term),Republican,No Candidate Qualified,0
Davidson,04-2,Public Defender,20,Democratic,Martesha Johnson,375
Davidson,04-2,Public Defender,20,Republican,No Candidate Qualified,0
Davidson,04-3,Circuit Court Judge Division III,20 (unexpired term),Democratic,Audrey Anderson,54
Davidson,04-3,Circuit Court Judge Division III,20 (unexpired term),Democratic,Bethany Peery Glandorf,127
Davidson,04-3,Circuit Court Judge Division III,20 (unexpired term),Democratic,Corletra Mance,69
Davidson,04-3,Circuit Court Judge Division III,20 (unexpired term),Republican,No Candidate Qualified,0
Davidson,04-3,Criminal Court Judge Division III,20 (unexpired term),Democratic,Dawn Deaner,95
Davidson,04-3,Criminal Court Judge Division III,20 (unexpired term),Democratic,Jim Todd,102
Davidson,04-3,Criminal Court Judge Division III,20 (unexpired term),Democratic,Ronald Jamar Dowdy,64
Davidson,04-3,Criminal Court Judge Division III,20 (unexpired term),Republican,No Candidate Qualified,0
Davidson,04-3,Public Defender,20,Democratic,Martesha Johnson,225
Davidson,04-3,Public Defender,20,Republican,No Candidate Qualified,0
Davidson,05-1,Circuit Court Judge Division III,20 (unexpired term),Democratic,Audrey Anderson,20
Davidson,05-1,Circuit Court Judge Division III,20 (unexpired term),Democratic,Bethany Peery Glandorf,16
Davidson,05-1,Circuit Court Judge Division III,20 (unexpired term),Democratic,Corletra Mance,45
Davidson,05-1,Circuit Court Judge Division III,20 (unexpired term),Republican,No Candidate Qualified,0
Davidson,05-1,Criminal Court Judge Division III,20 (unexpired term),Democratic,Dawn Deaner,35
Davidson,05-1,Criminal Court Judge Division III,20 (unexpired term),Democratic,Jim Todd,16
Davidson,05-1,Criminal Court Judge Division III,20 (unexpired term),Democratic,Ronald Jamar Dowdy,34
Davidson,05-1,Criminal Court Judge Division III,20 (unexpired term),Republican,No Candidate Qualified,0
Davidson,05-1,Public Defender,20,Democratic,Martesha Johnson,77
Davidson,05-1,Public Defender,20,Republican,No Candidate Qualified,0
Davidson,05-2,Circuit Court Judge Division III,20 (unexpired term),Democratic,Audrey Anderson,3
Davidson,05-2,Circuit Court Judge Division III,20 (unexpired term),Democratic,Bethany Peery Glandorf,2
Davidson,05-2,Circuit Court Judge Division III,20 (unexpired term),Democratic,Corletra Mance,3
Davidson,05-2,Circuit Court Judge Division III,20 (unexpired term),Republican,No Candidate Qualified,0
Davidson,05-2,Criminal Court Judge Division III,20 (unexpired term),Democratic,Dawn Deaner,3
Davidson,05-2,Criminal Court Judge Division III,20 (unexpired term),Democratic,Jim Todd,4
Davidson,05-2,Criminal Court Judge Division III,20 (unexpired term),Democratic,Ronald Jamar Dowdy,2
Davidson,05-2,Criminal Court Judge Division III,20 (unexpired term),Republican,No Candidate Qualified,0
Davidson,05-2,Public Defender,20,Democratic,Martesha Johnson,6
Davidson,05-2,Public Defender,20,Republican,No Candidate Qualified,0
Davidson,05-3,Circuit Court Judge Division III,20 (unexpired term),Democratic,Audrey Anderson,13
Davidson,05-3,Circuit Court Judge Division III,20 (unexpired term),Democratic,Bethany Peery Glandorf,21
Davidson,05-3,Circuit Court Judge Division III,20 (unexpired term),Democratic,Corletra Mance,31
Davidson,05-3,Circuit Court Judge Division III,20 (unexpired term),Republican,No Candidate Qualified,0
Davidson,05-3,Criminal Court Judge Division III,20 (unexpired term),Democratic,Dawn Deaner,25
Davidson,05-3,Criminal Court Judge Division III,20 (unexpired term),Democratic,Jim Todd,21
Davidson,05-3,Criminal Court Judge Division III,20 (unexpired term),Democratic,Ronald Jamar Dowdy,20
Davidson,05-3,Criminal Court Judge Division III,20 (unexpired term),Republican,No Candidate Qualified,0
Davidson,05-3,Public Defender,20,Democratic,Martesha Johnson,57
Davidson,05-3,Public Defender,20,Republican,No Candidate Qualified,0
Davidson,05-4,Circuit Court Judge Division III,20 (unexpired term),Democratic,Audrey Anderson,99
Davidson,05-4,Circuit Court Judge Division III,20 (unexpired term),Democratic,Bethany Peery Glandorf,74
Davidson,05-4,Circuit Court Judge Division III,20 (unexpired term),Democratic,Corletra Mance,130
Davidson,05-4,Circuit Court Judge Division III,20 (unexpired term),Republican,No Candidate Qualified,0
Davidson,05-4,Criminal Court Judge Division III,20 (unexpired term),Democratic,Dawn Deaner,138
Davidson,05-4,Criminal Court Judge Division III,20 (unexpired term),Democratic,Jim Todd,76
Davidson,05-4,Criminal Court Judge Division III,20 (unexpired term),Democratic,Ronald Jamar Dowdy,98
Davidson,05-4,Criminal Court Judge Division III,20 (unexpired term),Republican,No Candidate Qualified,0
Davidson,05-4,Public Defender,20,Democratic,Martesha Johnson,279
Davidson,05-4,Public Defender,20,Republican,No Candidate Qualified,0
Davidson,05-5,Circuit Court Judge Division III,20 (unexpired term),Democratic,Audrey Anderson,33
Davidson,05-5,Circuit Court Judge Division III,20 (unexpired term),Democratic,Bethany Peery Glandorf,31
Davidson,05-5,Circuit Court Judge Division III,20 (unexpired term),Democratic,Corletra Mance,74
Davidson,05-5,Circuit Court Judge Division III,20 (unexpired term),Republican,No Candidate Qualified,0
Davidson,05-5,Criminal Court Judge Division III,20 (unexpired term),Democratic,Dawn Deaner,50
Davidson,05-5,Criminal Court Judge Division III,20 (unexpired term),Democratic,Jim Todd,37
Davidson,05-5,Criminal Court Judge Division III,20 (unexpired term),Democratic,Ronald Jamar Dowdy,58
Davidson,05-5,Criminal Court Judge Division III,20 (unexpired term),Republican,No Candidate Qualified,0
Davidson,05-5,Public Defender,20,Democratic,Martesha Johnson,136
Davidson,05-5,Public Defender,20,Republican,No Candidate Qualified,0
Davidson,05-6,Circuit Court Judge Division III,20 (unexpired term),Democratic,Audrey Anderson,93
Davidson,05-6,Circuit Court Judge Division III,20 (unexpired term),Democratic,Bethany Peery Glandorf,147
Davidson,05-6,Circuit Court Judge Division III,20 (unexpired term),Democratic,Corletra Mance,209
Davidson,05-6,Circuit Court Judge Division III,20 (unexpired term),Republican,No Candidate Qualified,0
Davidson,05-6,Criminal Court Judge Division III,20 (unexpired term),Democratic,Dawn Deaner,187
Davidson,05-6,Criminal Court Judge Division III,20 (unexpired term),Democratic,Jim Todd,109
Davidson,05-6,Criminal Court Judge Division III,20 (unexpired term),Democratic,Ronald Jamar Dowdy,177
Davidson,05-6,Criminal Court Judge Division III,20 (unexpired term),Republican,No Candidate Qualified,0
Davidson,05-6,Public Defender,20,Democratic,Martesha Johnson,412
Davidson,05-6,Public Defender,20,Republican,No Candidate Qualified,0
Davidson,05-7,Circuit Court Judge Division III,20 (unexpired term),Democratic,Audrey Anderson,59
Davidson,05-7,Circuit Court Judge Division III,20 (unexpired term),Democratic,Bethany Peery Glandorf,88
Davidson,05-7,Circuit Court Judge Division III,20 (unexpired term),Democratic,Corletra Mance,143
Davidson,05-7,Circuit Court Judge Division III,20 (unexpired term),Republican,No Candidate Qualified,0
Davidson,05-7,Criminal Court Judge Division III,20 (unexpired term),Democratic,Dawn Deaner,149
Davidson,05-7,Criminal Court Judge Division III,20 (unexpired term),Democratic,Jim Todd,65
Davidson,05-7,Criminal Court Judge Division III,20 (unexpired term),Democratic,Ronald Jamar Dowdy,80
Davidson,05-7,Criminal Court Judge Division III,20 (unexpired term),Republican,No Candidate Qualified,0
Davidson,05-7,Public Defender,20,Democratic,Martesha Johnson,253
Davidson,05-7,Public Defender,20,Republican,No Candidate Qualified,0
Davidson,05-8,Circuit Court Judge Division III,20 (unexpired term),Democratic,Audrey Anderson,22
Davidson,05-8,Circuit Court Judge Division III,20 (unexpired term),Democratic,Bethany Peery Glandorf,42
Davidson,05-8,Circuit Court Judge Division III,20 (unexpired term),Democratic,Corletra Mance,49
Davidson,05-8,Circuit Court Judge Division III,20 (unexpired term),Republican,No Candidate Qualified,0
Davidson,05-8,Criminal Court Judge Division III,20 (unexpired term),Democratic,Dawn Deaner,60
Davidson,05-8,Criminal Court Judge Division III,20 (unexpired term),Democratic,Jim Todd,28
Davidson,05-8,Criminal Court Judge Division III,20 (unexpired term),Democratic,Ronald Jamar Dowdy,26
Davidson,05-8,Criminal Court Judge Division III,20 (unexpired term),Republican,No Candidate Qualified,0
Davidson,05-8,Public Defender,20,Democratic,Martesha Johnson,105
Davidson,05-8,Public Defender,20,Republican,No Candidate Qualified,0
Davidson,06-1,Circuit Court Judge Division III,20 (unexpired term),Democratic,Audrey Anderson,11
Davidson,06-1,Circuit Court Judge Division III,20 (unexpired term),Democratic,Bethany Peery Glandorf,17
Davidson,06-1,Circuit Court Judge Division III,20 (unexpired term),Democratic,Corletra Mance,23
Davidson,06-1,Circuit Court Judge Division III,20 (unexpired term),Republican,No Candidate Qualified,0
Davidson,06-1,Criminal Court Judge Division III,20 (unexpired term),Democratic,Dawn Deaner,23
Davidson,06-1,Criminal Court Judge Division III,20 (unexpired term),Democratic,Jim Todd,14
Davidson,06-1,Criminal Court Judge Division III,20 (unexpired term),Democratic,Ronald Jamar Dowdy,14
Davidson,06-1,Criminal Court Judge Division III,20 (unexpired term),Republican,No Candidate Qualified,0
Davidson,06-1,Public Defender,20,Democratic,Martesha Johnson,48
Davidson,06-1,Public Defender,20,Republican,No Candidate Qualified,0
Davidson,06-2,Circuit Court Judge Division III,20 (unexpired term),Democratic,Audrey Anderson,5
Davidson,06-2,Circuit Court Judge Division III,20 (unexpired term),Democratic,Bethany Peery Glandorf,7
Davidson,06-2,Circuit Court Judge Division III,20 (unexpired term),Democratic,Corletra Mance,15
Davidson,06-2,Circuit Court Judge Division III,20 (unexpired term),Republican,No Candidate Qualified,0
Davidson,06-2,Criminal Court Judge Division III,20 (unexpired term),Democratic,Dawn Deaner,16
Davidson,06-2,Criminal Court Judge Division III,20 (unexpired term),Democratic,Jim Todd,8
Davidson,06-2,Criminal Court Judge Division III,20 (unexpired term),Democratic,Ronald Jamar Dowdy,4
Davidson,06-2,Criminal Court Judge Division III,20 (unexpired term),Republican,No Candidate Qualified,0
Davidson,06-2,Public Defender,20,Democratic,Martesha Johnson,22
Davidson,06-2,Public Defender,20,Republican,No Candidate Qualified,0
Davidson,06-3,Circuit Court Judge Division III,20 (unexpired term),Democratic,Audrey Anderson,86
Davidson,06-3,Circuit Court Judge Division III,20 (unexpired term),Democratic,Bethany Peery Glandorf,224
Davidson,06-3,Circuit Court Judge Division III,20 (unexpired term),Democratic,Corletra Mance,151
Davidson,06-3,Circuit Court Judge Division III,20 (unexpired term),Republican,No Candidate Qualified,0
Davidson,06-3,Criminal Court Judge Division III,20 (unexpired term),Democratic,Dawn Deaner,262
Davidson,06-3,Criminal Court Judge Division III,20 (unexpired term),Democratic,Jim Todd,147
Davidson,06-3,Criminal Court Judge Division III,20 (unexpired term),Democratic,Ronald Jamar Dowdy,83
Davidson,06-3,Criminal Court Judge Division III,20 (unexpired term),Republican,No Candidate Qualified,0
Davidson,06-3,Public Defender,20,Democratic,Martesha Johnson,422
Davidson,06-3,Public Defender,20,Republican,No Candidate Qualified,0
Davidson,06-4,Circuit Court Judge Division III,20 (unexpired term),Democratic,Audrey Anderson,88
Davidson,06-4,Circuit Court Judge Division III,20 (unexpired term),Democratic,Bethany Peery Glandorf,174
Davidson,06-4,Circuit Court Judge Division III,20 (unexpired term),Democratic,Corletra Mance,158
Davidson,06-4,Circuit Court Judge Division III,20 (unexpired term),Republican,No Candidate Qualified,0
Davidson,06-4,Criminal Court Judge Division III,20 (unexpired term),Democratic,Dawn Deaner,238
Davidson,06-4,Criminal Court Judge Division III,20 (unexpired term),Democratic,Jim Todd,105
Davidson,06-4,Criminal Court Judge Division III,20 (unexpired term),Democratic,Ronald Jamar Dowdy,89
Davidson,06-4,Criminal Court Judge Division III,20 (unexpired term),Republican,No Candidate Qualified,0
Davidson,06-4,Public Defender,20,Democratic,Martesha Johnson,372
Davidson,06-4,Public Defender,20,Republican,No Candidate Qualified,0
Davidson,06-5,Circuit Court Judge Division III,20 (unexpired term),Democratic,Audrey Anderson,48
Davidson,06-5,Circuit Court Judge Division III,20 (unexpired term),Democratic,Bethany Peery Glandorf,68
Davidson,06-5,Circuit Court Judge Division III,20 (unexpired term),Democratic,Corletra Mance,76
Davidson,06-5,Circuit Court Judge Division III,20 (unexpired term),Republican,No Candidate Qualified,0
Davidson,06-5,Criminal Court Judge Division III,20 (unexpired term),Democratic,Dawn Deaner,108
Davidson,06-5,Criminal Court Judge Division III,20 (unexpired term),Democratic,Jim Todd,41
Davidson,06-5,Criminal Court Judge Division III,20 (unexpired term),Democratic,Ronald Jamar Dowdy,51
Davidson,06-5,Criminal Court Judge Division III,20 (unexpired term),Republican,No Candidate Qualified,0
Davidson,06-5,Public Defender,20,Democratic,Martesha Johnson,185
Davidson,06-5,Public Defender,20,Republican,No Candidate Qualified,0
Davidson,06-6,Circuit Court Judge Division III,20 (unexpired term),Democratic,Audrey Anderson,41
Davidson,06-6,Circuit Court Judge Division III,20 (unexpired term),Democratic,Bethany Peery Glandorf,118
Davidson,06-6,Circuit Court Judge Division III,20 (unexpired term),Democratic,Corletra Mance,89
Davidson,06-6,Circuit Court Judge Division III,20 (unexpired term),Republican,No Candidate Qualified,0
Davidson,06-6,Criminal Court Judge Division III,20 (unexpired term),Democratic,Dawn Deaner,172
Davidson,06-6,Criminal Court Judge Division III,20 (unexpired term),Democratic,Jim Todd,60
Davidson,06-6,Criminal Court Judge Division III,20 (unexpired term),Democratic,Ronald Jamar Dowdy,27
Davidson,06-6,Criminal Court Judge Division III,20 (unexpired term),Republican,No Candidate Qualified,0
Davidson,06-6,Public Defender,20,Democratic,Martesha Johnson,212
Davidson,06-6,Public Defender,20,Republican,No Candidate Qualified,0
Davidson,06-7,Circuit Court Judge Division III,20 (unexpired term),Democratic,Audrey Anderson,43
Davidson,06-7,Circuit Court Judge Division III,20 (unexpired term),Democratic,Bethany Peery Glandorf,56
Davidson,06-7,Circuit Court Judge Division III,20 (unexpired term),Democratic,Corletra Mance,63
Davidson,06-7,Circuit Court Judge Division III,20 (unexpired term),Republican,No Candidate Qualified,0
Davidson,06-7,Criminal Court Judge Division III,20 (unexpired term),Democratic,Dawn Deaner,80
Davidson,06-7,Criminal Court Judge Division III,20 (unexpired term),Democratic,Jim Todd,46
Davidson,06-7,Criminal Court Judge Division III,20 (unexpired term),Democratic,Ronald Jamar Dowdy,45
Davidson,06-7,Criminal Court Judge Division III,20 (unexpired term),Republican,No Candidate Qualified,0
Davidson,06-7,Public Defender,20,Democratic,Martesha Johnson,147
Davidson,06-7,Public Defender,20,Republican,No Candidate Qualified,0
Davidson,06-8,Circuit Court Judge Division III,20 (unexpired term),Democratic,Audrey Anderson,119
Davidson,06-8,Circuit Court Judge Division III,20 (unexpired term),Democratic,Bethany Peery Glandorf,236
Davidson,06-8,Circuit Court Judge Division III,20 (unexpired term),Democratic,Corletra Mance,154
Davidson,06-8,Circuit Court Judge Division III,20 (unexpired term),Republican,No Candidate Qualified,0
Davidson,06-8,Criminal Court Judge Division III,20 (unexpired term),Democratic,Dawn Deaner,343
Davidson,06-8,Criminal Court Judge Division III,20 (unexpired term),Democratic,Jim Todd,145
Davidson,06-8,Criminal Court Judge Division III,20 (unexpired term),Democratic,Ronald Jamar Dowdy,55
Davidson,06-8,Criminal Court Judge Division III,20 (unexpired term),Republican,No Candidate Qualified,0
Davidson,06-8,Public Defender,20,Democratic,Martesha Johnson,447
Davidson,06-8,Public Defender,20,Republican,No Candidate Qualified,0
Davidson,07-1,Circuit Court Judge Division III,20 (unexpired term),Democratic,Audrey Anderson,50
Davidson,07-1,Circuit Court Judge Division III,20 (unexpired term),Democratic,Bethany Peery Glandorf,73
Davidson,07-1,Circuit Court Judge Division III,20 (unexpired term),Democratic,Corletra Mance,82
Davidson,07-1,Circuit Court Judge Division III,20 (unexpired term),Republican,No Candidate Qualified,0
Davidson,07-1,Criminal Court Judge Division III,20 (unexpired term),Democratic,Dawn Deaner,86
Davidson,07-1,Criminal Court Judge Division III,20 (unexpired term),Democratic,Jim Todd,50
Davidson,07-1,Criminal Court Judge Division III,20 (unexpired term),Democratic,Ronald Jamar Dowdy,73
Davidson,07-1,Criminal Court Judge Division III,20 (unexpired term),Republican,No Candidate Qualified,0
Davidson,07-1,Public Defender,20,Democratic,Martesha Johnson,183
Davidson,07-1,Public Defender,20,Republican,No Candidate Qualified,0
Davidson,07-2,Circuit Court Judge Division III,20 (unexpired term),Democratic,Audrey Anderson,35
Davidson,07-2,Circuit Court Judge Division III,20 (unexpired term),Democratic,Bethany Peery Glandorf,34
Davidson,07-2,Circuit Court Judge Division III,20 (unexpired term),Democratic,Corletra Mance,49
Davidson,07-2,Circuit Court Judge Division III,20 (unexpired term),Republican,No Candidate Qualified,0
Davidson,07-2,Criminal Court Judge Division III,20 (unexpired term),Democratic,Dawn Deaner,45
Davidson,07-2,Criminal Court Judge Division III,20 (unexpired term),Democratic,Jim Todd,36
Davidson,07-2,Criminal Court Judge Division III,20 (unexpired term),Democratic,Ronald Jamar Dowdy,36
Davidson,07-2,Criminal Court Judge Division III,20 (unexpired term),Republican,No Candidate Qualified,0
Davidson,07-2,Public Defender,20,Democratic,Martesha Johnson,107
Davidson,07-2,Public Defender,20,Republican,No Candidate Qualified,0
Davidson,07-3,Circuit Court Judge Division III,20 (unexpired term),Democratic,Audrey Anderson,63
Davidson,07-3,Circuit Court Judge Division III,20 (unexpired term),Democratic,Bethany Peery Glandorf,64
Davidson,07-3,Circuit Court Judge Division III,20 (unexpired term),Democratic,Corletra Mance,84
Davidson,07-3,Circuit Court Judge Division III,20 (unexpired term),Republican,No Candidate Qualified,0
Davidson,07-3,Criminal Court Judge Division III,20 (unexpired term),Democratic,Dawn Deaner,87
Davidson,07-3,Criminal Court Judge Division III,20 (unexpired term),Democratic,Jim Todd,70
Davidson,07-3,Criminal Court Judge Division III,20 (unexpired term),Democratic,Ronald Jamar Dowdy,68
Davidson,07-3,Criminal Court Judge Division III,20 (unexpired term),Republican,No Candidate Qualified,0
Davidson,07-3,Public Defender,20,Democratic,Martesha Johnson,194
Davidson,07-3,Public Defender,20,Republican,No Candidate Qualified,0
Davidson,07-4,Circuit Court Judge Division III,20 (unexpired term),Democratic,Audrey Anderson,86
Davidson,07-4,Circuit Court Judge Division III,20 (unexpired term),Democratic,Bethany Peery Glandorf,214
Davidson,07-4,Circuit Court Judge Division III,20 (unexpired term),Democratic,Corletra Mance,111
Davidson,07-4,Circuit Court Judge Division III,20 (unexpired term),Republican,No Candidate Qualified,0
Davidson,07-4,Criminal Court Judge Division III,20 (unexpired term),Democratic,Dawn Deaner,202
Davidson,07-4,Criminal Court Judge Division III,20 (unexpired term),Democratic,Jim Todd,161
Davidson,07-4,Criminal Court Judge Division III,20 (unexpired term),Democratic,Ronald Jamar Dowdy,62
Davidson,07-4,Criminal Court Judge Division III,20 (unexpired term),Republican,No Candidate Qualified,0
Davidson,07-4,Public Defender,20,Democratic,Martesha Johnson,358
Davidson,07-4,Public Defender,20,Republican,No Candidate Qualified,0
Davidson,07-5,Circuit Court Judge Division III,20 (unexpired term),Democratic,Audrey Anderson,105
Davidson,07-5,Circuit Court Judge Division III,20 (unexpired term),Democratic,Bethany Peery Glandorf,179
Davidson,07-5,Circuit Court Judge Division III,20 (unexpired term),Democratic,Corletra Mance,131
Davidson,07-5,Circuit Court Judge Division III,20 (unexpired term),Republican,No Candidate Qualified,0
Davidson,07-5,Criminal Court Judge Division III,20 (unexpired term),Democratic,Dawn Deaner,247
Davidson,07-5,Criminal Court Judge Division III,20 (unexpired term),Democratic,Jim Todd,116
Davidson,07-5,Criminal Court Judge Division III,20 (unexpired term),Democratic,Ronald Jamar Dowdy,73
Davidson,07-5,Criminal Court Judge Division III,20 (unexpired term),Republican,No Candidate Qualified,0
Davidson,07-5,Public Defender,20,Democratic,Martesha Johnson,388
Davidson,07-5,Public Defender,20,Republican,No Candidate Qualified,0
Davidson,07-6,Circuit Court Judge Division III,20 (unexpired term),Democratic,Audrey Anderson,38
Davidson,07-6,Circuit Court Judge Division III,20 (unexpired term),Democratic,Bethany Peery Glandorf,61
Davidson,07-6,Circuit Court Judge Division III,20 (unexpired term),Democratic,Corletra Mance,61
Davidson,07-6,Circuit Court Judge Division III,20 (unexpired term),Republican,No Candidate Qualified,0
Davidson,07-6,Criminal Court Judge Division III,20 (unexpired term),Democratic,Dawn Deaner,89
Davidson,07-6,Criminal Court Judge Division III,20 (unexpired term),Democratic,Jim Todd,38
Davidson,07-6,Criminal Court Judge Division III,20 (unexpired term),Democratic,Ronald Jamar Dowdy,43
Davidson,07-6,Criminal Court Judge Division III,20 (unexpired term),Republican,No Candidate Qualified,0
Davidson,07-6,Public Defender,20,Democratic,Martesha Johnson,153
Davidson,07-6,Public Defender,20,Republican,No Candidate Qualified,0
Davidson,07-7,Circuit Court Judge Division III,20 (unexpired term),Democratic,Audrey Anderson,75
Davidson,07-7,Circuit Court Judge Division III,20 (unexpired term),Democratic,Bethany Peery Glandorf,170
Davidson,07-7,Circuit Court Judge Division III,20 (unexpired term),Democratic,Corletra Mance,149
Davidson,07-7,Circuit Court Judge Division III,20 (unexpired term),Republican,No Candidate Qualified,0
Davidson,07-7,Criminal Court Judge Division III,20 (unexpired term),Democratic,Dawn Deaner,201
Davidson,07-7,Criminal Court Judge Division III,20 (unexpired term),Democratic,Jim Todd,121
Davidson,07-7,Criminal Court Judge Division III,20 (unexpired term),Democratic,Ronald Jamar Dowdy,83
Davidson,07-7,Criminal Court Judge Division III,20 (unexpired term),Republican,No Candidate Qualified,0
Davidson,07-7,Public Defender,20,Democratic,Martesha Johnson,348
Davidson,07-7,Public Defender,20,Republican,No Candidate Qualified,0
Davidson,08-1,Circuit Court Judge Division III,20 (unexpired term),Democratic,Audrey Anderson,145
Davidson,08-1,Circuit Court Judge Division III,20 (unexpired term),Democratic,Bethany Peery Glandorf,79
Davidson,08-1,Circuit Court Judge Division III,20 (unexpired term),Democratic,Corletra Mance,276
Davidson,08-1,Circuit Court Judge Division III,20 (unexpired term),Republican,No Candidate Qualified,0
Davidson,08-1,Criminal Court Judge Division III,20 (unexpired term),Democratic,Dawn Deaner,107
Davidson,08-1,Criminal Court Judge Division III,20 (unexpired term),Democratic,Jim Todd,111
Davidson,08-1,Criminal Court Judge Division III,20 (unexpired term),Democratic,Ronald Jamar Dowdy,299
Davidson,08-1,Criminal Court Judge Division III,20 (unexpired term),Republican,No Candidate Qualified,0
Davidson,08-1,Public Defender,20,Democratic,Martesha Johnson,473
Davidson,08-1,Public Defender,20,Republican,No Candidate Qualified,0
Davidson,08-2,Circuit Court Judge Division III,20 (unexpired term),Democratic,Audrey Anderson,20
Davidson,08-2,Circuit Court Judge Division III,20 (unexpired term),Democratic,Bethany Peery Glandorf,13
Davidson,08-2,Circuit Court Judge Division III,20 (unexpired term),Democratic,Corletra Mance,30
Davidson,08-2,Circuit Court Judge Division III,20 (unexpired term),Republican,No Candidate Qualified,0
Davidson,08-2,Criminal Court Judge Division III,20 (unexpired term),Democratic,Dawn Deaner,17
Davidson,08-2,Criminal Court Judge Division III,20 (unexpired term),Democratic,Jim Todd,19
Davidson,08-2,Criminal Court Judge Division III,20 (unexpired term),Democratic,Ronald Jamar Dowdy,33
Davidson,08-2,Criminal Court Judge Division III,20 (unexpired term),Republican,No Candidate Qualified,0
Davidson,08-2,Public Defender,20,Democratic,Martesha Johnson,61
Davidson,08-2,Public Defender,20,Republican,No Candidate Qualified,0
Davidson,08-3,Circuit Court Judge Division III,20 (unexpired term),Democratic,Audrey Anderson,116
Davidson,08-3,Circuit Court Judge Division III,20 (unexpired term),Democratic,Bethany Peery Glandorf,97
Davidson,08-3,Circuit Court Judge Division III,20 (unexpired term),Democratic,Corletra Mance,302
Davidson,08-3,Circuit Court Judge Division III,20 (unexpired term),Republican,No Candidate Qualified,0
Davidson,08-3,Criminal Court Judge Division III,20 (unexpired term),Democratic,Dawn Deaner,101
Davidson,08-3,Criminal Court Judge Division III,20 (unexpired term),Democratic,Jim Todd,151
Davidson,08-3,Criminal Court Judge Division III,20 (unexpired term),Democratic,Ronald Jamar Dowdy,276
Davidson,08-3,Criminal Court Judge Division III,20 (unexpired term),Republican,No Candidate Qualified,0
Davidson,08-3,Public Defender,20,Democratic,Martesha Johnson,482
Davidson,08-3,Public Defender,20,Republican,No Candidate Qualified,0
Davidson,09-1,Circuit Court Judge Division III,20 (unexpired term),Democratic,Audrey Anderson,66
Davidson,09-1,Circuit Court Judge Division III,20 (unexpired term),Democratic,Bethany Peery Glandorf,56
Davidson,09-1,Circuit Court Judge Division III,20 (unexpired term),Democratic,Corletra Mance,136
Davidson,09-1,Circuit Court Judge Division III,20 (unexpired term),Republican,No Candidate Qualified,0
Davidson,09-1,Criminal Court Judge Division III,20 (unexpired term),Democratic,Dawn Deaner,106
Davidson,09-1,Criminal Court Judge Division III,20 (unexpired term),Democratic,Jim Todd,73
Davidson,09-1,Criminal Court Judge Division III,20 (unexpired term),Democratic,Ronald Jamar Dowdy,93
Davidson,09-1,Criminal Court Judge Division III,20 (unexpired term),Republican,No Candidate Qualified,0
Davidson,09-1,Public Defender,20,Democratic,Martesha Johnson,241
Davidson,09-1,Public Defender,20,Republican,No Candidate Qualified,0
Davidson,09-2,Circuit Court Judge Division III,20 (unexpired term),Democratic,Audrey Anderson,116
Davidson,09-2,Circuit Court Judge Division III,20 (unexpired term),Democratic,Bethany Peery Glandorf,91
Davidson,09-2,Circuit Court Judge Division III,20 (unexpired term),Democratic,Corletra Mance,243
Davidson,09-2,Circuit Court Judge Division III,20 (unexpired term),Republican,No Candidate Qualified,0
Davidson,09-2,Criminal Court Judge Division III,20 (unexpired term),Democratic,Dawn Deaner,155
Davidson,09-2,Criminal Court Judge Division III,20 (unexpired term),Democratic,Jim Todd,101
Davidson,09-2,Criminal Court Judge Division III,20 (unexpired term),Democratic,Ronald Jamar Dowdy,200
Davidson,09-2,Criminal Court Judge Division III,20 (unexpired term),Republican,No Candidate Qualified,0
Davidson,09-2,Public Defender,20,Democratic,Martesha Johnson,425
Davidson,09-2,Public Defender,20,Republican,No Candidate Qualified,0
Davidson,09-3,Circuit Court Judge Division III,20 (unexpired term),Democratic,Audrey Anderson,101
Davidson,09-3,Circuit Court Judge Division III,20 (unexpired term),Democratic,Bethany Peery Glandorf,83
Davidson,09-3,Circuit Court Judge Division III,20 (unexpired term),Democratic,Corletra Mance,116
Davidson,09-3,Circuit Court Judge Division III,20 (unexpired term),Republican,No Candidate Qualified,0
Davidson,09-3,Criminal Court Judge Division III,20 (unexpired term),Democratic,Dawn Deaner,129
Davidson,09-3,Criminal Court Judge Division III,20 (unexpired term),Democratic,Jim Todd,106
Davidson,09-3,Criminal Court Judge Division III,20 (unexpired term),Democratic,Ronald Jamar Dowdy,76
Davidson,09-3,Criminal Court Judge Division III,20 (unexpired term),Republican,No Candidate Qualified,0
Davidson,09-3,Public Defender,20,Democratic,Martesha Johnson,265
Davidson,09-3,Public Defender,20,Republican,No Candidate Qualified,0
Davidson,10-1,Circuit Court Judge Division III,20 (unexpired term),Democratic,Audrey Anderson,26
Davidson,10-1,Circuit Court Judge Division III,20 (unexpired term),Democratic,Bethany Peery Glandorf,20
Davidson,10-1,Circuit Court Judge Division III,20 (unexpired term),Democratic,Corletra Mance,20
Davidson,10-1,Circuit Court Judge Division III,20 (unexpired term),Republican,No Candidate Qualified,0
Davidson,10-1,Criminal Court Judge Division III,20 (unexpired term),Democratic,Dawn Deaner,19
Davidson,10-1,Criminal Court Judge Division III,20 (unexpired term),Democratic,Jim Todd,34
Davidson,10-1,Criminal Court Judge Division III,20 (unexpired term),Democratic,Ronald Jamar Dowdy,18
Davidson,10-1,Criminal Court Judge Division III,20 (unexpired term),Republican,No Candidate Qualified,0
Davidson,10-1,Public Defender,20,Democratic,Martesha Johnson,61
Davidson,10-1,Public Defender,20,Republican,No Candidate Qualified,0
Davidson,10-2,Circuit Court Judge Division III,20 (unexpired term),Democratic,Audrey Anderson,13
Davidson,10-2,Circuit Court Judge Division III,20 (unexpired term),Democratic,Bethany Peery Glandorf,16
Davidson,10-2,Circuit Court Judge Division III,20 (unexpired term),Democratic,Corletra Mance,0
Davidson,10-2,Circuit Court Judge Division III,20 (unexpired term),Republican,No Candidate Qualified,0
Davidson,10-2,Criminal Court Judge Division III,20 (unexpired term),Democratic,Dawn Deaner,10
Davidson,10-2,Criminal Court Judge Division III,20 (unexpired term),Democratic,Jim Todd,18
Davidson,10-2,Criminal Court Judge Division III,20 (unexpired term),Democratic,Ronald Jamar Dowdy,3
Davidson,10-2,Criminal Court Judge Division III,20 (unexpired term),Republican,No Candidate Qualified,0
Davidson,10-2,Public Defender,20,Democratic,Martesha Johnson,21
Davidson,10-2,Public Defender,20,Republican,No Candidate Qualified,0
Davidson,10-3,Circuit Court Judge Division III,20 (unexpired term),Democratic,Audrey Anderson,37
Davidson,10-3,Circuit Court Judge Division III,20 (unexpired term),Democratic,Bethany Peery Glandorf,33
Davidson,10-3,Circuit Court Judge Division III,20 (unexpired term),Democratic,Corletra Mance,24
Davidson,10-3,Circuit Court Judge Division III,20 (unexpired term),Republican,No Candidate Qualified,0
Davidson,10-3,Criminal Court Judge Division III,20 (unexpired term),Democratic,Dawn Deaner,44
Davidson,10-3,Criminal Court Judge Division III,20 (unexpired term),Democratic,Jim Todd,52
Davidson,10-3,Criminal Court Judge Division III,20 (unexpired term),Democratic,Ronald Jamar Dowdy,9
Davidson,10-3,Criminal Court Judge Division III,20 (unexpired term),Republican,No Candidate Qualified,0
Davidson,10-3,Public Defender,20,Democratic,Martesha Johnson,81
Davidson,10-3,Public Defender,20,Republican,No Candidate Qualified,0
Davidson,10-4,Circuit Court Judge Division III,20 (unexpired term),Democratic,Audrey Anderson,122
Davidson,10-4,Circuit Court Judge Division III,20 (unexpired term),Democratic,Bethany Peery Glandorf,106
Davidson,10-4,Circuit Court Judge Division III,20 (unexpired term),Democratic,Corletra Mance,175
Davidson,10-4,Circuit Court Judge Division III,20 (unexpired term),Republican,No Candidate Qualified,0
Davidson,10-4,Criminal Court Judge Division III,20 (unexpired term),Democratic,Dawn Deaner,139
Davidson,10-4,Criminal Court Judge Division III,20 (unexpired term),Democratic,Jim Todd,125
Davidson,10-4,Criminal Court Judge Division III,20 (unexpired term),Democratic,Ronald Jamar Dowdy,159
Davidson,10-4,Criminal Court Judge Division III,20 (unexpired term),Republican,No Candidate Qualified,0
Davidson,10-4,Public Defender,20,Democratic,Martesha Johnson,369
Davidson,10-4,Public Defender,20,Republican,No Candidate Qualified,0
Davidson,10-5,Circuit Court Judge Division III,20 (unexpired term),Democratic,Audrey Anderson,44
Davidson,10-5,Circuit Court Judge Division III,20 (unexpired term),Democratic,Bethany Peery Glandorf,30
Davidson,10-5,Circuit Court Judge Division III,20 (unexpired term),Democratic,Corletra Mance,74
Davidson,10-5,Circuit Court Judge Division III,20 (unexpired term),Republican,No Candidate Qualified,0
Davidson,10-5,Criminal Court Judge Division III,20 (unexpired term),Democratic,Dawn Deaner,51
Davidson,10-5,Criminal Court Judge Division III,20 (unexpired term),Democratic,Jim Todd,45
Davidson,10-5,Criminal Court Judge Division III,20 (unexpired term),Democratic,Ronald Jamar Dowdy,50
Davidson,10-5,Criminal Court Judge Division III,20 (unexpired term),Republican,No Candidate Qualified,0
Davidson,10-5,Public Defender,20,Democratic,Martesha Johnson,132
Davidson,10-5,Public Defender,20,Republican,No Candidate Qualified,0
Davidson,10-6,Circuit Court Judge Division III,20 (unexpired term),Democratic,Audrey Anderson,32
Davidson,10-6,Circuit Court Judge Division III,20 (unexpired term),Democratic,Bethany Peery Glandorf,31
Davidson,10-6,Circuit Court Judge Division III,20 (unexpired term),Democratic,Corletra Mance,51
Davidson,10-6,Circuit Court Judge Division III,20 (unexpired term),Republican,No Candidate Qualified,0
Davidson,10-6,Criminal Court Judge Division III,20 (unexpired term),Democratic,Dawn Deaner,37
Davidson,10-6,Criminal Court Judge Division III,20 (unexpired term),Democratic,Jim Todd,40
Davidson,10-6,Criminal Court Judge Division III,20 (unexpired term),Democratic,Ronald Jamar Dowdy,47
Davidson,10-6,Criminal Court Judge Division III,20 (unexpired term),Republican,No Candidate Qualified,0
Davidson,10-6,Public Defender,20,Democratic,Martesha Johnson,108
Davidson,10-6,Public Defender,20,Republican,No Candidate Qualified,0
Davidson,10-7,Circuit Court Judge Division III,20 (unexpired term),Democratic,Audrey Anderson,3
Davidson,10-7,Circuit Court Judge Division III,20 (unexpired term),Democratic,Bethany Peery Glandorf,3
Davidson,10-7,Circuit Court Judge Division III,20 (unexpired term),Democratic,Corletra Mance,7
Davidson,10-7,Circuit Court Judge Division III,20 (unexpired term),Republican,No Candidate Qualified,0
Davidson,10-7,Criminal Court Judge Division III,20 (unexpired term),Democratic,Dawn Deaner,3
Davidson,10-7,Criminal Court Judge Division III,20 (unexpired term),Democratic,Jim Todd,10
Davidson,10-7,Criminal Court Judge Division III,20 (unexpired term),Democratic,Ronald Jamar Dowdy,3
Davidson,10-7,Criminal Court Judge Division III,20 (unexpired term),Republican,No Candidate Qualified,0
Davidson,10-7,Public Defender,20,Democratic,Martesha Johnson,12
Davidson,10-7,Public Defender,20,Republican,No Candidate Qualified,0
Davidson,10-8,Circuit Court Judge Division III,20 (unexpired term),Democratic,Audrey Anderson,53
Davidson,10-8,Circuit Court Judge Division III,20 (unexpired term),Democratic,Bethany Peery Glandorf,29
Davidson,10-8,Circuit Court Judge Division III,20 (unexpired term),Democratic,Corletra Mance,90
Davidson,10-8,Circuit Court Judge Division III,20 (unexpired term),Republican,No Candidate Qualified,0
Davidson,10-8,Criminal Court Judge Division III,20 (unexpired term),Democratic,Dawn Deaner,45
Davidson,10-8,Criminal Court Judge Division III,20 (unexpired term),Democratic,Jim Todd,53
Davidson,10-8,Criminal Court Judge Division III,20 (unexpired term),Democratic,Ronald Jamar Dowdy,82
Davidson,10-8,Criminal Court Judge Division III,20 (unexpired term),Republican,No Candidate Qualified,0
Davidson,10-8,Public Defender,20,Democratic,Martesha Johnson,167
Davidson,10-8,Public Defender,20,Republican,No Candidate Qualified,0
Davidson,10-9,Circuit Court Judge Division III,20 (unexpired term),Democratic,Audrey Anderson,14
Davidson,10-9,Circuit Court Judge Division III,20 (unexpired term),Democratic,Bethany Peery Glandorf,29
Davidson,10-9,Circuit Court Judge Division III,20 (unexpired term),Democratic,Corletra Mance,7
Davidson,10-9,Circuit Court Judge Division III,20 (unexpired term),Republican,No Candidate Qualified,0
Davidson,10-9,Criminal Court Judge Division III,20 (unexpired term),Democratic,Dawn Deaner,8
Davidson,10-9,Criminal Court Judge Division III,20 (unexpired term),Democratic,Jim Todd,32
Davidson,10-9,Criminal Court Judge Division III,20 (unexpired term),Democratic,Ronald Jamar Dowdy,12
Davidson,10-9,Criminal Court Judge Division III,20 (unexpired term),Republican,No Candidate Qualified,0
Davidson,10-9,Public Defender,20,Democratic,Martesha Johnson,37
Davidson,10-9,Public Defender,20,Republican,No Candidate Qualified,0
Davidson,11-1,Circuit Court Judge Division III,20 (unexpired term),Democratic,Audrey Anderson,144
Davidson,11-1,Circuit Court Judge Division III,20 (unexpired term),Democratic,Bethany Peery Glandorf,127
Davidson,11-1,Circuit Court Judge Division III,20 (unexpired term),Democratic,Corletra Mance,106
Davidson,11-1,Circuit Court Judge Division III,20 (unexpired term),Republican,No Candidate Qualified,0
Davidson,11-1,Criminal Court Judge Division III,20 (unexpired term),Democratic,Dawn Deaner,174
Davidson,11-1,Criminal Court Judge Division III,20 (unexpired term),Democratic,Jim Todd,122
Davidson,11-1,Criminal Court Judge Division III,20 (unexpired term),Democratic,Ronald Jamar Dowdy,96
Davidson,11-1,Criminal Court Judge Division III,20 (unexpired term),Republican,No Candidate Qualified,0
Davidson,11-1,Public Defender,20,Democratic,Martesha Johnson,347
Davidson,11-1,Public Defender,20,Republican,No Candidate Qualified,0
Davidson,11-2,Circuit Court Judge Division III,20 (unexpired term),Democratic,Audrey Anderson,25
Davidson,11-2,Circuit Court Judge Division III,20 (unexpired term),Democratic,Bethany Peery Glandorf,32
Davidson,11-2,Circuit Court Judge Division III,20 (unexpired term),Democratic,Corletra Mance,22
Davidson,11-2,Circuit Court Judge Division III,20 (unexpired term),Republican,No Candidate Qualified,0
Davidson,11-2,Criminal Court Judge Division III,20 (unexpired term),Democratic,Dawn Deaner,26
Davidson,11-2,Criminal Court Judge Division III,20 (unexpired term),Democratic,Jim Todd,35
Davidson,11-2,Criminal Court Judge Division III,20 (unexpired term),Democratic,Ronald Jamar Dowdy,23
Davidson,11-2,Criminal Court Judge Division III,20 (unexpired term),Republican,No Candidate Qualified,0
Davidson,11-2,Public Defender,20,Democratic,Martesha Johnson,65
Davidson,11-2,Public Defender,20,Republican,No Candidate Qualified,0
Davidson,11-3,Circuit Court Judge Division III,20 (unexpired term),Democratic,Audrey Anderson,82
Davidson,11-3,Circuit Court Judge Division III,20 (unexpired term),Democratic,Bethany Peery Glandorf,120
Davidson,11-3,Circuit Court Judge Division III,20 (unexpired term),Democratic,Corletra Mance,95
Davidson,11-3,Circuit Court Judge Division III,20 (unexpired term),Republican,No Candidate Qualified,0
Davidson,11-3,Criminal Court Judge Division III,20 (unexpired term),Democratic,Dawn Deaner,93
Davidson,11-3,Criminal Court Judge Division III,20 (unexpired term),Democratic,Jim Todd,140
Davidson,11-3,Criminal Court Judge Division III,20 (unexpired term),Democratic,Ronald Jamar Dowdy,88
Davidson,11-3,Criminal Court Judge Division III,20 (unexpired term),Republican,No Candidate Qualified,0
Davidson,11-3,Public Defender,20,Democratic,Martesha Johnson,264
Davidson,11-3,Public Defender,20,Republican,No Candidate Qualified,0
Davidson,11-4,Circuit Court Judge Division III,20 (unexpired term),Democratic,Audrey Anderson,122
Davidson,11-4,Circuit Court Judge Division III,20 (unexpired term),Democratic,Bethany Peery Glandorf,119
Davidson,11-4,Circuit Court Judge Division III,20 (unexpired term),Democratic,Corletra Mance,128
Davidson,11-4,Circuit Court Judge Division III,20 (unexpired term),Republican,No Candidate Qualified,0
Davidson,11-4,Criminal Court Judge Division III,20 (unexpired term),Democratic,Dawn Deaner,146
Davidson,11-4,Criminal Court Judge Division III,20 (unexpired term),Democratic,Jim Todd,114
Davidson,11-4,Criminal Court Judge Division III,20 (unexpired term),Democratic,Ronald Jamar Dowdy,117
Davidson,11-4,Criminal Court Judge Division III,20 (unexpired term),Republican,No Candidate Qualified,0
Davidson,11-4,Public Defender,20,Democratic,Martesha Johnson,334
Davidson,11-4,Public Defender,20,Republican,No Candidate Qualified,0
Davidson,12-1,Circuit Court Judge Division III,20 (unexpired term),Democratic,Audrey Anderson,97
Davidson,12-1,Circuit Court Judge Division III,20 (unexpired term),Democratic,Bethany Peery Glandorf,135
Davidson,12-1,Circuit Court Judge Division III,20 (unexpired term),Democratic,Corletra Mance,135
Davidson,12-1,Circuit Court Judge Division III,20 (unexpired term),Republican,No Candidate Qualified,0
Davidson,12-1,Criminal Court Judge Division III,20 (unexpired term),Democratic,Dawn Deaner,151
Davidson,12-1,Criminal Court Judge Division III,20 (unexpired term),Democratic,Jim Todd,120
Davidson,12-1,Criminal Court Judge Division III,20 (unexpired term),Democratic,Ronald Jamar Dowdy,107
Davidson,12-1,Criminal Court Judge Division III,20 (unexpired term),Republican,No Candidate Qualified,0
Davidson,12-1,Public Defender,20,Democratic,Martesha Johnson,329
Davidson,12-1,Public Defender,20,Republican,No Candidate Qualified,0
Davidson,12-2,Circuit Court Judge Division III,20 (unexpired term),Democratic,Audrey Anderson,53
Davidson,12-2,Circuit Court Judge Division III,20 (unexpired term),Democratic,Bethany Peery Glandorf,40
Davidson,12-2,Circuit Court Judge Division III,20 (unexpired term),Democratic,Corletra Mance,75
Davidson,12-2,Circuit Court Judge Division III,20 (unexpired term),Republican,No Candidate Qualified,0
Davidson,12-2,Criminal Court Judge Division III,20 (unexpired term),Democratic,Dawn Deaner,70
Davidson,12-2,Criminal Court Judge Division III,20 (unexpired term),Democratic,Jim Todd,44
Davidson,12-2,Criminal Court Judge Division III,20 (unexpired term),Democratic,Ronald Jamar Dowdy,62
Davidson,12-2,Criminal Court Judge Division III,20 (unexpired term),Republican,No Candidate Qualified,0
Davidson,12-2,Public Defender,20,Democratic,Martesha Johnson,166
Davidson,12-2,Public Defender,20,Republican,No Candidate Qualified,0
Davidson,12-3,Circuit Court Judge Division III,20 (unexpired term),Democratic,Audrey Anderson,128
Davidson,12-3,Circuit Court Judge Division III,20 (unexpired term),Democratic,Bethany Peery Glandorf,167
Davidson,12-3,Circuit Court Judge Division III,20 (unexpired term),Democratic,Corletra Mance,164
Davidson,12-3,Circuit Court Judge Division III,20 (unexpired term),Republican,No Candidate Qualified,0
Davidson,12-3,Criminal Court Judge Division III,20 (unexpired term),Democratic,Dawn Deaner,143
Davidson,12-3,Criminal Court Judge Division III,20 (unexpired term),Democratic,Jim Todd,193
Davidson,12-3,Criminal Court Judge Division III,20 (unexpired term),Democratic,Ronald Jamar Dowdy,140
Davidson,12-3,Criminal Court Judge Division III,20 (unexpired term),Republican,No Candidate Qualified,0
Davidson,12-3,Public Defender,20,Democratic,Martesha Johnson,434
Davidson,12-3,Public Defender,20,Republican,No Candidate Qualified,0
Davidson,12-4,Circuit Court Judge Division III,20 (unexpired term),Democratic,Audrey Anderson,7
Davidson,12-4,Circuit Court Judge Division III,20 (unexpired term),Democratic,Bethany Peery Glandorf,6
Davidson,12-4,Circuit Court Judge Division III,20 (unexpired term),Democratic,Corletra Mance,15
Davidson,12-4,Circuit Court Judge Division III,20 (unexpired term),Republican,No Candidate Qualified,0
Davidson,12-4,Criminal Court Judge Division III,20 (unexpired term),Democratic,Dawn Deaner,10
Davidson,12-4,Criminal Court Judge Division III,20 (unexpired term),Democratic,Jim Todd,11
Davidson,12-4,Criminal Court Judge Division III,20 (unexpired term),Democratic,Ronald Jamar Dowdy,8
Davidson,12-4,Criminal Court Judge Division III,20 (unexpired term),Republican,No Candidate Qualified,0
Davidson,12-4,Public Defender,20,Democratic,Martesha Johnson,24
Davidson,12-4,Public Defender,20,Republican,No Candidate Qualified,0
Davidson,13-1,Circuit Court Judge Division III,20 (unexpired term),Democratic,Audrey Anderson,37
Davidson,13-1,Circuit Court Judge Division III,20 (unexpired term),Democratic,Bethany Peery Glandorf,38
Davidson,13-1,Circuit Court Judge Division III,20 (unexpired term),Democratic,Corletra Mance,48
Davidson,13-1,Circuit Court Judge Division III,20 (unexpired term),Republican,No Candidate Qualified,0
Davidson,13-1,Criminal Court Judge Division III,20 (unexpired term),Democratic,Dawn Deaner,51
Davidson,13-1,Criminal Court Judge Division III,20 (unexpired term),Democratic,Jim Todd,30
Davidson,13-1,Criminal Court Judge Division III,20 (unexpired term),Democratic,Ronald Jamar Dowdy,42
Davidson,13-1,Criminal Court Judge Division III,20 (unexpired term),Republican,No Candidate Qualified,0
Davidson,13-1,Public Defender,20,Democratic,Martesha Johnson,111
Davidson,13-1,Public Defender,20,Republican,No Candidate Qualified,0
Davidson,13-2,Circuit Court Judge Division III,20 (unexpired term),Democratic,Audrey Anderson,29
Davidson,13-2,Circuit Court Judge Division III,20 (unexpired term),Democratic,Bethany Peery Glandorf,34
Davidson,13-2,Circuit Court Judge Division III,20 (unexpired term),Democratic,Corletra Mance,50
Davidson,13-2,Circuit Court Judge Division III,20 (unexpired term),Republican,No Candidate Qualified,0
Davidson,13-2,Criminal Court Judge Division III,20 (unexpired term),Democratic,Dawn Deaner,52
Davidson,13-2,Criminal Court Judge Division III,20 (unexpired term),Democratic,Jim Todd,27
Davidson,13-2,Criminal Court Judge Division III,20 (unexpired term),Democratic,Ronald Jamar Dowdy,42
Davidson,13-2,Criminal Court Judge Division III,20 (unexpired term),Republican,No Candidate Qualified,0
Davidson,13-2,Public Defender,20,Democratic,Martesha Johnson,107
Davidson,13-2,Public Defender,20,Republican,No Candidate Qualified,0
Davidson,13-3,Circuit Court Judge Division III,20 (unexpired term),Democratic,Audrey Anderson,45
Davidson,13-3,Circuit Court Judge Division III,20 (unexpired term),Democratic,Bethany Peery Glandorf,65
Davidson,13-3,Circuit Court Judge Division III,20 (unexpired term),Democratic,Corletra Mance,31
Davidson,13-3,Circuit Court Judge Division III,20 (unexpired term),Republican,No Candidate Qualified,0
Davidson,13-3,Criminal Court Judge Division III,20 (unexpired term),Democratic,Dawn Deaner,66
Davidson,13-3,Criminal Court Judge Division III,20 (unexpired term),Democratic,Jim Todd,54
Davidson,13-3,Criminal Court Judge Division III,20 (unexpired term),Democratic,Ronald Jamar Dowdy,34
Davidson,13-3,Criminal Court Judge Division III,20 (unexpired term),Republican,No Candidate Qualified,0
Davidson,13-3,Public Defender,20,Democratic,Martesha Johnson,136
Davidson,13-3,Public Defender,20,Republican,No Candidate Qualified,0
Davidson,13-4,Circuit Court Judge Division III,20 (unexpired term),Democratic,Audrey Anderson,9
Davidson,13-4,Circuit Court Judge Division III,20 (unexpired term),Democratic,Bethany Peery Glandorf,5
Davidson,13-4,Circuit Court Judge Division III,20 (unexpired term),Democratic,Corletra Mance,10
Davidson,13-4,Circuit Court Judge Division III,20 (unexpired term),Republican,No Candidate Qualified,0
Davidson,13-4,Criminal Court Judge Division III,20 (unexpired term),Democratic,Dawn Deaner,6
Davidson,13-4,Criminal Court Judge Division III,20 (unexpired term),Democratic,Jim Todd,13
Davidson,13-4,Criminal Court Judge Division III,20 (unexpired term),Democratic,Ronald Jamar Dowdy,7
Davidson,13-4,Criminal Court Judge Division III,20 (unexpired term),Republican,No Candidate Qualified,0
Davidson,13-4,Public Defender,20,Democratic,Martesha Johnson,23
Davidson,13-4,Public Defender,20,Republican,No Candidate Qualified,0
Davidson,13-5,Circuit Court Judge Division III,20 (unexpired term),Democratic,Audrey Anderson,86
Davidson,13-5,Circuit Court Judge Division III,20 (unexpired term),Democratic,Bethany Peery Glandorf,87
Davidson,13-5,Circuit Court Judge Division III,20 (unexpired term),Democratic,Corletra Mance,130
Davidson,13-5,Circuit Court Judge Division III,20 (unexpired term),Republican,No Candidate Qualified,0
Davidson,13-5,Criminal Court Judge Division III,20 (unexpired term),Democratic,Dawn Deaner,101
Davidson,13-5,Criminal Court Judge Division III,20 (unexpired term),Democratic,Jim Todd,100
Davidson,13-5,Criminal Court Judge Division III,20 (unexpired term),Democratic,Ronald Jamar Dowdy,115
Davidson,13-5,Criminal Court Judge Division III,20 (unexpired term),Republican,No Candidate Qualified,0
Davidson,13-5,Public Defender,20,Democratic,Martesha Johnson,289
Davidson,13-5,Public Defender,20,Republican,No Candidate Qualified,0
Davidson,14-1,Circuit Court Judge Division III,20 (unexpired term),Democratic,Audrey Anderson,31
Davidson,14-1,Circuit Court Judge Division III,20 (unexpired term),Democratic,Bethany Peery Glandorf,41
Davidson,14-1,Circuit Court Judge Division III,20 (unexpired term),Democratic,Corletra Mance,45
Davidson,14-1,Circuit Court Judge Division III,20 (unexpired term),Republican,No Candidate Qualified,0
Davidson,14-1,Criminal Court Judge Division III,20 (unexpired term),Democratic,Dawn Deaner,55
Davidson,14-1,Criminal Court Judge Division III,20 (unexpired term),Democratic,Jim Todd,37
Davidson,14-1,Criminal Court Judge Division III,20 (unexpired term),Democratic,Ronald Jamar Dowdy,32
Davidson,14-1,Criminal Court Judge Division III,20 (unexpired term),Republican,No Candidate Qualified,0
Davidson,14-1,Public Defender,20,Democratic,Martesha Johnson,114
Davidson,14-1,Public Defender,20,Republican,No Candidate Qualified,0
Davidson,14-2,Circuit Court Judge Division III,20 (unexpired term),Democratic,Audrey Anderson,63
Davidson,14-2,Circuit Court Judge Division III,20 (unexpired term),Democratic,Bethany Peery Glandorf,86
Davidson,14-2,Circuit Court Judge Division III,20 (unexpired term),Democratic,Corletra Mance,69
Davidson,14-2,Circuit Court Judge Division III,20 (unexpired term),Republican,No Candidate Qualified,0
Davidson,14-2,Criminal Court Judge Division III,20 (unexpired term),Democratic,Dawn Deaner,104
Davidson,14-2,Criminal Court Judge Division III,20 (unexpired term),Democratic,Jim Todd,64
Davidson,14-2,Criminal Court Judge Division III,20 (unexpired term),Democratic,Ronald Jamar Dowdy,60
Davidson,14-2,Criminal Court Judge Division III,20 (unexpired term),Republican,No Candidate Qualified,0
Davidson,14-2,Public Defender,20,Democratic,Martesha Johnson,201
Davidson,14-2,Public Defender,20,Republican,No Candidate Qualified,0
Davidson,14-3,Circuit Court Judge Division III,20 (unexpired term),Democratic,Audrey Anderson,84
Davidson,14-3,Circuit Court Judge Division III,20 (unexpired term),Democratic,Bethany Peery Glandorf,107
Davidson,14-3,Circuit Court Judge Division III,20 (unexpired term),Democratic,Corletra Mance,64
Davidson,14-3,Circuit Court Judge Division III,20 (unexpired term),Republican,No Candidate Qualified,0
Davidson,14-3,Criminal Court Judge Division III,20 (unexpired term),Democratic,Dawn Deaner,109
Davidson,14-3,Criminal Court Judge Division III,20 (unexpired term),Democratic,Jim Todd,94
Davidson,14-3,Criminal Court Judge Division III,20 (unexpired term),Democratic,Ronald Jamar Dowdy,57
Davidson,14-3,Criminal Court Judge Division III,20 (unexpired term),Republican,No Candidate Qualified,0
Davidson,14-3,Public Defender,20,Democratic,Martesha Johnson,233
Davidson,14-3,Public Defender,20,Republican,No Candidate Qualified,0
Davidson,14-4,Circuit Court Judge Division III,20 (unexpired term),Democratic,Audrey Anderson,109
Davidson,14-4,Circuit Court Judge Division III,20 (unexpired term),Democratic,Bethany Peery Glandorf,121
Davidson,14-4,Circuit Court Judge Division III,20 (unexpired term),Democratic,Corletra Mance,124
Davidson,14-4,Circuit Court Judge Division III,20 (unexpired term),Republican,No Candidate Qualified,0
Davidson,14-4,Criminal Court Judge Division III,20 (unexpired term),Democratic,Dawn Deaner,151
Davidson,14-4,Criminal Court Judge Division III,20 (unexpired term),Democratic,Jim Todd,95
Davidson,14-4,Criminal Court Judge Division III,20 (unexpired term),Democratic,Ronald Jamar Dowdy,116
Davidson,14-4,Criminal Court Judge Division III,20 (unexpired term),Republican,No Candidate Qualified,0
Davidson,14-4,Public Defender,20,Democratic,Martesha Johnson,332
Davidson,14-4,Public Defender,20,Republican,No Candidate Qualified,0
Davidson,14-5,Circuit Court Judge Division III,20 (unexpired term),Democratic,Audrey Anderson,13
Davidson,14-5,Circuit Court Judge Division III,20 (unexpired term),Democratic,Bethany Peery Glandorf,18
Davidson,14-5,Circuit Court Judge Division III,20 (unexpired term),Democratic,Corletra Mance,20
Davidson,14-5,Circuit Court Judge Division III,20 (unexpired term),Republican,No Candidate Qualified,0
Davidson,14-5,Criminal Court Judge Division III,20 (unexpired term),Democratic,Dawn Deaner,25
Davidson,14-5,Criminal Court Judge Division III,20 (unexpired term),Democratic,Jim Todd,13
Davidson,14-5,Criminal Court Judge Division III,20 (unexpired term),Democratic,Ronald Jamar Dowdy,13
Davidson,14-5,Criminal Court Judge Division III,20 (unexpired term),Republican,No Candidate Qualified,0
Davidson,14-5,Public Defender,20,Democratic,Martesha Johnson,48
Davidson,14-5,Public Defender,20,Republican,No Candidate Qualified,0
Davidson,15-1,Circuit Court Judge Division III,20 (unexpired term),Democratic,Audrey Anderson,136
Davidson,15-1,Circuit Court Judge Division III,20 (unexpired term),Democratic,Bethany Peery Glandorf,180
Davidson,15-1,Circuit Court Judge Division III,20 (unexpired term),Democratic,Corletra Mance,141
Davidson,15-1,Circuit Court Judge Division III,20 (unexpired term),Republican,No Candidate Qualified,0
Davidson,15-1,Criminal Court Judge Division III,20 (unexpired term),Democratic,Dawn Deaner,226
Davidson,15-1,Criminal Court Judge Division III,20 (unexpired term),Democratic,Jim Todd,154
Davidson,15-1,Criminal Court Judge Division III,20 (unexpired term),Democratic,Ronald Jamar Dowdy,98
Davidson,15-1,Criminal Court Judge Division III,20 (unexpired term),Republican,No Candidate Qualified,0
Davidson,15-1,Public Defender,20,Democratic,Martesha Johnson,433
Davidson,15-1,Public Defender,20,Republican,No Candidate Qualified,0
Davidson,15-2,Circuit Court Judge Division III,20 (unexpired term),Democratic,Audrey Anderson,11
Davidson,15-2,Circuit Court Judge Division III,20 (unexpired term),Democratic,Bethany Peery Glandorf,7
Davidson,15-2,Circuit Court Judge Division III,20 (unexpired term),Democratic,Corletra Mance,8
Davidson,15-2,Circuit Court Judge Division III,20 (unexpired term),Republican,No Candidate Qualified,0
Davidson,15-2,Criminal Court Judge Division III,20 (unexpired term),Democratic,Dawn Deaner,5
Davidson,15-2,Criminal Court Judge Division III,20 (unexpired term),Democratic,Jim Todd,8
Davidson,15-2,Criminal Court Judge Division III,20 (unexpired term),Democratic,Ronald Jamar Dowdy,14
Davidson,15-2,Criminal Court Judge Division III,20 (unexpired term),Republican,No Candidate Qualified,0
Davidson,15-2,Public Defender,20,Democratic,Martesha Johnson,25
Davidson,15-2,Public Defender,20,Republican,No Candidate Qualified,0
Davidson,15-3,Circuit Court Judge Division III,20 (unexpired term),Democratic,Audrey Anderson,79
Davidson,15-3,Circuit Court Judge Division III,20 (unexpired term),Democratic,Bethany Peery Glandorf,120
Davidson,15-3,Circuit Court Judge Division III,20 (unexpired term),Democratic,Corletra Mance,66
Davidson,15-3,Circuit Court Judge Division III,20 (unexpired term),Republican,No Candidate Qualified,0
Davidson,15-3,Criminal Court Judge Division III,20 (unexpired term),Democratic,Dawn Deaner,135
Davidson,15-3,Criminal Court Judge Division III,20 (unexpired term),Democratic,Jim Todd,94
Davidson,15-3,Criminal Court Judge Division III,20 (unexpired term),Democratic,Ronald Jamar Dowdy,48
Davidson,15-3,Criminal Court Judge Division III,20 (unexpired term),Republican,No Candidate Qualified,0
Davidson,15-3,Public Defender,20,Democratic,Martesha Johnson,234
Davidson,15-3,Public Defender,20,Republican,No Candidate Qualified,0
Davidson,15-4,Circuit Court Judge Division III,20 (unexpired term),Democratic,Audrey Anderson,66
Davidson,15-4,Circuit Court Judge Division III,20 (unexpired term),Democratic,Bethany Peery Glandorf,85
Davidson,15-4,Circuit Court Judge Division III,20 (unexpired term),Democratic,Corletra Mance,68
Davidson,15-4,Circuit Court Judge Division III,20 (unexpired term),Republican,No Candidate Qualified,0
Davidson,15-4,Criminal Court Judge Division III,20 (unexpired term),Democratic,Dawn Deaner,107
Davidson,15-4,Criminal Court Judge Division III,20 (unexpired term),Democratic,Jim Todd,74
Davidson,15-4,Criminal Court Judge Division III,20 (unexpired term),Democratic,Ronald Jamar Dowdy,44
Davidson,15-4,Criminal Court Judge Division III,20 (unexpired term),Republican,No Candidate Qualified,0
Davidson,15-4,Public Defender,20,Democratic,Martesha Johnson,200
Davidson,15-4,Public Defender,20,Republican,No Candidate Qualified,0
Davidson,15-5,Circuit Court Judge Division III,20 (unexpired term),Democratic,Audrey Anderson,48
Davidson,15-5,Circuit Court Judge Division III,20 (unexpired term),Democratic,Bethany Peery Glandorf,88
Davidson,15-5,Circuit Court Judge Division III,20 (unexpired term),Democratic,Corletra Mance,58
Davidson,15-5,Circuit Court Judge Division III,20 (unexpired term),Republican,No Candidate Qualified,0
Davidson,15-5,Criminal Court Judge Division III,20 (unexpired term),Democratic,Dawn Deaner,88
Davidson,15-5,Criminal Court Judge Division III,20 (unexpired term),Democratic,Jim Todd,59
Davidson,15-5,Criminal Court Judge Division III,20 (unexpired term),Democratic,Ronald Jamar Dowdy,51
Davidson,15-5,Criminal Court Judge Division III,20 (unexpired term),Republican,No Candidate Qualified,0
Davidson,15-5,Public Defender,20,Democratic,Martesha Johnson,183
Davidson,15-5,Public Defender,20,Republican,No Candidate Qualified,0
Davidson,15-6,Circuit Court Judge Division III,20 (unexpired term),Democratic,Audrey Anderson,41
Davidson,15-6,Circuit Court Judge Division III,20 (unexpired term),Democratic,Bethany Peery Glandorf,70
Davidson,15-6,Circuit Court Judge Division III,20 (unexpired term),Democratic,Corletra Mance,43
Davidson,15-6,Circuit Court Judge Division III,20 (unexpired term),Republican,No Candidate Qualified,0
Davidson,15-6,Criminal Court Judge Division III,20 (unexpired term),Democratic,Dawn Deaner,77
Davidson,15-6,Criminal Court Judge Division III,20 (unexpired term),Democratic,Jim Todd,58
Davidson,15-6,Criminal Court Judge Division III,20 (unexpired term),Democratic,Ronald Jamar Dowdy,25
Davidson,15-6,Criminal Court Judge Division III,20 (unexpired term),Republican,No Candidate Qualified,0
Davidson,15-6,Public Defender,20,Democratic,Martesha Johnson,147
Davidson,15-6,Public Defender,20,Republican,No Candidate Qualified,0
Davidson,16-1,Circuit Court Judge Division III,20 (unexpired term),Democratic,Audrey Anderson,34
Davidson,16-1,Circuit Court Judge Division III,20 (unexpired term),Democratic,Bethany Peery Glandorf,69
Davidson,16-1,Circuit Court Judge Division III,20 (unexpired term),Democratic,Corletra Mance,48
Davidson,16-1,Circuit Court Judge Division III,20 (unexpired term),Republican,No Candidate Qualified,0
Davidson,16-1,Criminal Court Judge Division III,20 (unexpired term),Democratic,Dawn Deaner,87
Davidson,16-1,Criminal Court Judge Division III,20 (unexpired term),Democratic,Jim Todd,35
Davidson,16-1,Criminal Court Judge Division III,20 (unexpired term),Democratic,Ronald Jamar Dowdy,35
Davidson,16-1,Criminal Court Judge Division III,20 (unexpired term),Republican,No Candidate Qualified,0
Davidson,16-1,Public Defender,20,Democratic,Martesha Johnson,138
Davidson,16-1,Public Defender,20,Republican,No Candidate Qualified,0
Davidson,16-2,Circuit Court Judge Division III,20 (unexpired term),Democratic,Audrey Anderson,71
Davidson,16-2,Circuit Court Judge Division III,20 (unexpired term),Democratic,Bethany Peery Glandorf,102
Davidson,16-2,Circuit Court Judge Division III,20 (unexpired term),Democratic,Corletra Mance,77
Davidson,16-2,Circuit Court Judge Division III,20 (unexpired term),Republican,No Candidate Qualified,0
Davidson,16-2,Criminal Court Judge Division III,20 (unexpired term),Democratic,Dawn Deaner,155
Davidson,16-2,Criminal Court Judge Division III,20 (unexpired term),Democratic,Jim Todd,69
Davidson,16-2,Criminal Court Judge Division III,20 (unexpired term),Democratic,Ronald Jamar Dowdy,40
Davidson,16-2,Criminal Court Judge Division III,20 (unexpired term),Republican,No Candidate Qualified,0
Davidson,16-2,Public Defender,20,Democratic,Martesha Johnson,228
Davidson,16-2,Public Defender,20,Republican,No Candidate Qualified,0
Davidson,16-3,Circuit Court Judge Division III,20 (unexpired term),Democratic,Audrey Anderson,30
Davidson,16-3,Circuit Court Judge Division III,20 (unexpired term),Democratic,Bethany Peery Glandorf,33
Davidson,16-3,Circuit Court Judge Division III,20 (unexpired term),Democratic,Corletra Mance,42
Davidson,16-3,Circuit Court Judge Division III,20 (unexpired term),Republican,No Candidate Qualified,0
Davidson,16-3,Criminal Court Judge Division III,20 (unexpired term),Democratic,Dawn Deaner,60
Davidson,16-3,Criminal Court Judge Division III,20 (unexpired term),Democratic,Jim Todd,27
Davidson,16-3,Criminal Court Judge Division III,20 (unexpired term),Democratic,Ronald Jamar Dowdy,19
Davidson,16-3,Criminal Court Judge Division III,20 (unexpired term),Republican,No Candidate Qualified,0
Davidson,16-3,Public Defender,20,Democratic,Martesha Johnson,96
Davidson,16-3,Public Defender,20,Republican,No Candidate Qualified,0
Davidson,16-4,Circuit Court Judge Division III,20 (unexpired term),Democratic,Audrey Anderson,14
Davidson,16-4,Circuit Court Judge Division III,20 (unexpired term),Democratic,Bethany Peery Glandorf,19
Davidson,16-4,Circuit Court Judge Division III,20 (unexpired term),Democratic,Corletra Mance,29
Davidson,16-4,Circuit Court Judge Division III,20 (unexpired term),Republican,No Candidate Qualified,0
Davidson,16-4,Criminal Court Judge Division III,20 (unexpired term),Democratic,Dawn Deaner,39
Davidson,16-4,Criminal Court Judge Division III,20 (unexpired term),Democratic,Jim Todd,8
Davidson,16-4,Criminal Court Judge Division III,20 (unexpired term),Democratic,Ronald Jamar Dowdy,16
Davidson,16-4,Criminal Court Judge Division III,20 (unexpired term),Republican,No Candidate Qualified,0
Davidson,16-4,Public Defender,20,Democratic,Martesha Johnson,51
Davidson,16-4,Public Defender,20,Republican,No Candidate Qualified,0
Davidson,17-1,Circuit Court Judge Division III,20 (unexpired term),Democratic,Audrey Anderson,28
Davidson,17-1,Circuit Court Judge Division III,20 (unexpired term),Democratic,Bethany Peery Glandorf,58
Davidson,17-1,Circuit Court Judge Division III,20 (unexpired term),Democratic,Corletra Mance,39
Davidson,17-1,Circuit Court Judge Division III,20 (unexpired term),Republican,No Candidate Qualified,0
Davidson,17-1,Criminal Court Judge Division III,20 (unexpired term),Democratic,Dawn Deaner,53
Davidson,17-1,Criminal Court Judge Division III,20 (unexpired term),Democratic,Jim Todd,54
Davidson,17-1,Criminal Court Judge Division III,20 (unexpired term),Democratic,Ronald Jamar Dowdy,30
Davidson,17-1,Criminal Court Judge Division III,20 (unexpired term),Republican,No Candidate Qualified,0
Davidson,17-1,Public Defender,20,Democratic,Martesha Johnson,114
Davidson,17-1,Public Defender,20,Republican,No Candidate Qualified,0
Davidson,17-2,Circuit Court Judge Division III,20 (unexpired term),Democratic,Audrey Anderson,29
Davidson,17-2,Circuit Court Judge Division III,20 (unexpired term),Democratic,Bethany Peery Glandorf,33
Davidson,17-2,Circuit Court Judge Division III,20 (unexpired term),Democratic,Corletra Mance,43
Davidson,17-2,Circuit Court Judge Division III,20 (unexpired term),Republican,No Candidate Qualified,0
Davidson,17-2,Criminal Court Judge Division III,20 (unexpired term),Democratic,Dawn Deaner,47
Davidson,17-2,Criminal Court Judge Division III,20 (unexpired term),Democratic,Jim Todd,37
Davidson,17-2,Criminal Court Judge Division III,20 (unexpired term),Democratic,Ronald Jamar Dowdy,35
Davidson,17-2,Criminal Court Judge Division III,20 (unexpired term),Republican,No Candidate Qualified,0
Davidson,17-2,Public Defender,20,Democratic,Martesha Johnson,97
Davidson,17-2,Public Defender,20,Republican,No Candidate Qualified,0
Davidson,17-3,Circuit Court Judge Division III,20 (unexpired term),Democratic,Audrey Anderson,22
Davidson,17-3,Circuit Court Judge Division III,20 (unexpired term),Democratic,Bethany Peery Glandorf,8
Davidson,17-3,Circuit Court Judge Division III,20 (unexpired term),Democratic,Corletra Mance,9
Davidson,17-3,Circuit Court Judge Division III,20 (unexpired term),Republican,No Candidate Qualified,0
Davidson,17-3,Criminal Court Judge Division III,20 (unexpired term),Democratic,Dawn Deaner,13
Davidson,17-3,Criminal Court Judge Division III,20 (unexpired term),Democratic,Jim Todd,11
Davidson,17-3,Criminal Court Judge Division III,20 (unexpired term),Democratic,Ronald Jamar Dowdy,13
Davidson,17-3,Criminal Court Judge Division III,20 (unexpired term),Republican,No Candidate Qualified,0
Davidson,17-3,Public Defender,20,Democratic,Martesha Johnson,35
Davidson,17-3,Public Defender,20,Republican,No Candidate Qualified,0
Davidson,17-4,Circuit Court Judge Division III,20 (unexpired term),Democratic,Audrey Anderson,36
Davidson,17-4,Circuit Court Judge Division III,20 (unexpired term),Democratic,Bethany Peery Glandorf,31
Davidson,17-4,Circuit Court Judge Division III,20 (unexpired term),Democratic,Corletra Mance,45
Davidson,17-4,Circuit Court Judge Division III,20 (unexpired term),Republican,No Candidate Qualified,0
Davidson,17-4,Criminal Court Judge Division III,20 (unexpired term),Democratic,Dawn Deaner,51
Davidson,17-4,Criminal Court Judge Division III,20 (unexpired term),Democratic,Jim Todd,33
Davidson,17-4,Criminal Court Judge Division III,20 (unexpired term),Democratic,Ronald Jamar Dowdy,32
Davidson,17-4,Criminal Court Judge Division III,20 (unexpired term),Republican,No Candidate Qualified,0
Davidson,17-4,Public Defender,20,Democratic,Martesha Johnson,102
Davidson,17-4,Public Defender,20,Republican,No Candidate Qualified,0
Davidson,17-5,Circuit Court Judge Division III,20 (unexpired term),Democratic,Audrey Anderson,12
Davidson,17-5,Circuit Court Judge Division III,20 (unexpired term),Democratic,Bethany Peery Glandorf,14
Davidson,17-5,Circuit Court Judge Division III,20 (unexpired term),Democratic,Corletra Mance,10
Davidson,17-5,Circuit Court Judge Division III,20 (unexpired term),Republican,No Candidate Qualified,0
Davidson,17-5,Criminal Court Judge Division III,20 (unexpired term),Democratic,Dawn Deaner,10
Davidson,17-5,Criminal Court Judge Division III,20 (unexpired term),Democratic,Jim Todd,14
Davidson,17-5,Criminal Court Judge Division III,20 (unexpired term),Democratic,Ronald Jamar Dowdy,13
Davidson,17-5,Criminal Court Judge Division III,20 (unexpired term),Republican,No Candidate Qualified,0
Davidson,17-5,Public Defender,20,Democratic,Martesha Johnson,32
Davidson,17-5,Public Defender,20,Republican,No Candidate Qualified,0
Davidson,17-6,Circuit Court Judge Division III,20 (unexpired term),Democratic,Audrey Anderson,8
Davidson,17-6,Circuit Court Judge Division III,20 (unexpired term),Democratic,Bethany Peery Glandorf,7
Davidson,17-6,Circuit Court Judge Division III,20 (unexpired term),Democratic,Corletra Mance,22
Davidson,17-6,Circuit Court Judge Division III,20 (unexpired term),Republican,No Candidate Qualified,0
Davidson,17-6,Criminal Court Judge Division III,20 (unexpired term),Democratic,Dawn Deaner,9
Davidson,17-6,Criminal Court Judge Division III,20 (unexpired term),Democratic,Jim Todd,11
Davidson,17-6,Criminal Court Judge Division III,20 (unexpired term),Democratic,Ronald Jamar Dowdy,18
Davidson,17-6,Criminal Court Judge Division III,20 (unexpired term),Republican,No Candidate Qualified,0
Davidson,17-6,Public Defender,20,Democratic,Martesha Johnson,36
Davidson,17-6,Public Defender,20,Republican,No Candidate Qualified,0
Davidson,17-7,Circuit Court Judge Division III,20 (unexpired term),Democratic,Audrey Anderson,71
Davidson,17-7,Circuit Court Judge Division III,20 (unexpired term),Democratic,Bethany Peery Glandorf,189
Davidson,17-7,Circuit Court Judge Division III,20 (unexpired term),Democratic,Corletra Mance,128
Davidson,17-7,Circuit Court Judge Division III,20 (unexpired term),Republican,No Candidate Qualified,0
Davidson,17-7,Criminal Court Judge Division III,20 (unexpired term),Democratic,Dawn Deaner,195
Davidson,17-7,Criminal Court Judge Division III,20 (unexpired term),Democratic,Jim Todd,126
Davidson,17-7,Criminal Court Judge Division III,20 (unexpired term),Democratic,Ronald Jamar Dowdy,82
Davidson,17-7,Criminal Court Judge Division III,20 (unexpired term),Republican,No Candidate Qualified,0
Davidson,17-7,Public Defender,20,Democratic,Martesha Johnson,351
Davidson,17-7,Public Defender,20,Republican,No Candidate Qualified,0
Davidson,17-8,Circuit Court Judge Division III,20 (unexpired term),Democratic,Audrey Anderson,45
Davidson,17-8,Circuit Court Judge Division III,20 (unexpired term),Democratic,Bethany Peery Glandorf,59
Davidson,17-8,Circuit Court Judge Division III,20 (unexpired term),Democratic,Corletra Mance,39
Davidson,17-8,Circuit Court Judge Division III,20 (unexpired term),Republican,No Candidate Qualified,0
Davidson,17-8,Criminal Court Judge Division III,20 (unexpired term),Democratic,Dawn Deaner,78
Davidson,17-8,Criminal Court Judge Division III,20 (unexpired term),Democratic,Jim Todd,30
Davidson,17-8,Criminal Court Judge Division III,20 (unexpired term),Democratic,Ronald Jamar Dowdy,42
Davidson,17-8,Criminal Court Judge Division III,20 (unexpired term),Republican,No Candidate Qualified,0
Davidson,17-8,Public Defender,20,Democratic,Martesha Johnson,130
Davidson,17-8,Public Defender,20,Republican,No Candidate Qualified,0
Davidson,18-1,Circuit Court Judge Division III,20 (unexpired term),Democratic,Audrey Anderson,44
Davidson,18-1,Circuit Court Judge Division III,20 (unexpired term),Democratic,Bethany Peery Glandorf,123
Davidson,18-1,Circuit Court Judge Division III,20 (unexpired term),Democratic,Corletra Mance,52
Davidson,18-1,Circuit Court Judge Division III,20 (unexpired term),Republican,No Candidate Qualified,0
Davidson,18-1,Criminal Court Judge Division III,20 (unexpired term),Democratic,Dawn Deaner,107
Davidson,18-1,Criminal Court Judge Division III,20 (unexpired term),Democratic,Jim Todd,86
Davidson,18-1,Criminal Court Judge Division III,20 (unexpired term),Democratic,Ronald Jamar Dowdy,35
Davidson,18-1,Criminal Court Judge Division III,20 (unexpired term),Republican,No Candidate Qualified,0
Davidson,18-1,Public Defender,20,Democratic,Martesha Johnson,184
Davidson,18-1,Public Defender,20,Republican,No Candidate Qualified,0
Davidson,18-2,Circuit Court Judge Division III,20 (unexpired term),Democratic,Audrey Anderson,41
Davidson,18-2,Circuit Court Judge Division III,20 (unexpired term),Democratic,Bethany Peery Glandorf,119
Davidson,18-2,Circuit Court Judge Division III,20 (unexpired term),Democratic,Corletra Mance,53
Davidson,18-2,Circuit Court Judge Division III,20 (unexpired term),Republican,No Candidate Qualified,0
Davidson,18-2,Criminal Court Judge Division III,20 (unexpired term),Democratic,Dawn Deaner,95
Davidson,18-2,Criminal Court Judge Division III,20 (unexpired term),Democratic,Jim Todd,84
Davidson,18-2,Criminal Court Judge Division III,20 (unexpired term),Democratic,Ronald Jamar Dowdy,44
Davidson,18-2,Criminal Court Judge Division III,20 (unexpired term),Republican,No Candidate Qualified,0
Davidson,18-2,Public Defender,20,Democratic,Martesha Johnson,182
Davidson,18-2,Public Defender,20,Republican,No Candidate Qualified,0
Davidson,18-3,Circuit Court Judge Division III,20 (unexpired term),Democratic,Audrey Anderson,99
Davidson,18-3,Circuit Court Judge Division III,20 (unexpired term),Democratic,Bethany Peery Glandorf,455
Davidson,18-3,Circuit Court Judge Division III,20 (unexpired term),Democratic,Corletra Mance,145
Davidson,18-3,Circuit Court Judge Division III,20 (unexpired term),Republican,No Candidate Qualified,0
Davidson,18-3,Criminal Court Judge Division III,20 (unexpired term),Democratic,Dawn Deaner,337
Davidson,18-3,Criminal Court Judge Division III,20 (unexpired term),Democratic,Jim Todd,292
Davidson,18-3,Criminal Court Judge Division III,20 (unexpired term),Democratic,Ronald Jamar Dowdy,110
Davidson,18-3,Criminal Court Judge Division III,20 (unexpired term),Republican,No Candidate Qualified,0
Davidson,18-3,Public Defender,20,Democratic,Martesha Johnson,595
Davidson,18-3,Public Defender,20,Republican,No Candidate Qualified,0
Davidson,19-1,Circuit Court Judge Division III,20 (unexpired term),Democratic,Audrey Anderson,6
Davidson,19-1,Circuit Court Judge Division III,20 (unexpired term),Democratic,Bethany Peery Glandorf,5
Davidson,19-1,Circuit Court Judge Division III,20 (unexpired term),Democratic,Corletra Mance,14
Davidson,19-1,Circuit Court Judge Division III,20 (unexpired term),Republican,No Candidate Qualified,0
Davidson,19-1,Criminal Court Judge Division III,20 (unexpired term),Democratic,Dawn Deaner,18
Davidson,19-1,Criminal Court Judge Division III,20 (unexpired term),Democratic,Jim Todd,3
Davidson,19-1,Criminal Court Judge Division III,20 (unexpired term),Democratic,Ronald Jamar Dowdy,9
Davidson,19-1,Criminal Court Judge Division III,20 (unexpired term),Republican,No Candidate Qualified,0
Davidson,19-1,Public Defender,20,Democratic,Martesha Johnson,24
Davidson,19-1,Public Defender,20,Republican,No Candidate Qualified,0
Davidson,19-2,Circuit Court Judge Division III,20 (unexpired term),Democratic,Audrey Anderson,56
Davidson,19-2,Circuit Court Judge Division III,20 (unexpired term),Democratic,Bethany Peery Glandorf,107
Davidson,19-2,Circuit Court Judge Division III,20 (unexpired term),Democratic,Corletra Mance,84
Davidson,19-2,Circuit Court Judge Division III,20 (unexpired term),Republican,No Candidate Qualified,0
Davidson,19-2,Criminal Court Judge Division III,20 (unexpired term),Democratic,Dawn Deaner,123
Davidson,19-2,Criminal Court Judge Division III,20 (unexpired term),Democratic,Jim Todd,85
Davidson,19-2,Criminal Court Judge Division III,20 (unexpired term),Democratic,Ronald Jamar Dowdy,41
Davidson,19-2,Criminal Court Judge Division III,20 (unexpired term),Republican,No Candidate Qualified,0
Davidson,19-2,Public Defender,20,Democratic,Martesha Johnson,237
Davidson,19-2,Public Defender,20,Republican,No Candidate Qualified,0
Davidson,19-3,Circuit Court Judge Division III,20 (unexpired term),Democratic,Audrey Anderson,58
Davidson,19-3,Circuit Court Judge Division III,20 (unexpired term),Democratic,Bethany Peery Glandorf,45
Davidson,19-3,Circuit Court Judge Division III,20 (unexpired term),Democratic,Corletra Mance,141
Davidson,19-3,Circuit Court Judge Division III,20 (unexpired term),Republican,No Candidate Qualified,0
Davidson,19-3,Criminal Court Judge Division III,20 (unexpired term),Democratic,Dawn Deaner,101
Davidson,19-3,Criminal Court Judge Division III,20 (unexpired term),Democratic,Jim Todd,60
Davidson,19-3,Criminal Court Judge Division III,20 (unexpired term),Democratic,Ronald Jamar Dowdy,94
Davidson,19-3,Criminal Court Judge Division III,20 (unexpired term),Republican,No Candidate Qualified,0
Davidson,19-3,Public Defender,20,Democratic,Martesha Johnson,235
Davidson,19-3,Public Defender,20,Republican,No Candidate Qualified,0
Davidson,19-4,Circuit Court Judge Division III,20 (unexpired term),Democratic,Audrey Anderson,29
Davidson,19-4,Circuit Court Judge Division III,20 (unexpired term),Democratic,Bethany Peery Glandorf,61
Davidson,19-4,Circuit Court Judge Division III,20 (unexpired term),Democratic,Corletra Mance,40
Davidson,19-4,Circuit Court Judge Division III,20 (unexpired term),Republican,No Candidate Qualified,0
Davidson,19-4,Criminal Court Judge Division III,20 (unexpired term),Democratic,Dawn Deaner,62
Davidson,19-4,Criminal Court Judge Division III,20 (unexpired term),Democratic,Jim Todd,48
Davidson,19-4,Criminal Court Judge Division III,20 (unexpired term),Democratic,Ronald Jamar Dowdy,22
Davidson,19-4,Criminal Court Judge Division III,20 (unexpired term),Republican,No Candidate Qualified,0
Davidson,19-4,Public Defender,20,Democratic,Martesha Johnson,112
Davidson,19-4,Public Defender,20,Republican,No Candidate Qualified,0
Davidson,19-5,Circuit Court Judge Division III,20 (unexpired term),Democratic,Audrey Anderson,43
Davidson,19-5,Circuit Court Judge Division III,20 (unexpired term),Democratic,Bethany Peery Glandorf,77
Davidson,19-5,Circuit Court Judge Division III,20 (unexpired term),Democratic,Corletra Mance,38
Davidson,19-5,Circuit Court Judge Division III,20 (unexpired term),Republican,No Candidate Qualified,0
Davidson,19-5,Criminal Court Judge Division III,20 (unexpired term),Democratic,Dawn Deaner,89
Davidson,19-5,Criminal Court Judge Division III,20 (unexpired term),Democratic,Jim Todd,48
Davidson,19-5,Criminal Court Judge Division III,20 (unexpired term),Democratic,Ronald Jamar Dowdy,27
Davidson,19-5,Criminal Court Judge Division III,20 (unexpired term),Republican,No Candidate Qualified,0
Davidson,19-5,Public Defender,20,Democratic,Martesha Johnson,141
Davidson,19-5,Public Defender,20,Republican,No Candidate Qualified,0
Davidson,20-1,Circuit Court Judge Division III,20 (unexpired term),Democratic,Audrey Anderson,9
Davidson,20-1,Circuit Court Judge Division III,20 (unexpired term),Democratic,Bethany Peery Glandorf,8
Davidson,20-1,Circuit Court Judge Division III,20 (unexpired term),Democratic,Corletra Mance,10
Davidson,20-1,Circuit Court Judge Division III,20 (unexpired term),Republican,No Candidate Qualified,0
Davidson,20-1,Criminal Court Judge Division III,20 (unexpired term),Democratic,Dawn Deaner,14
Davidson,20-1,Criminal Court Judge Division III,20 (unexpired term),Democratic,Jim Todd,5
Davidson,20-1,Criminal Court Judge Division III,20 (unexpired term),Democratic,Ronald Jamar Dowdy,8
Davidson,20-1,Criminal Court Judge Division III,20 (unexpired term),Republican,No Candidate Qualified,0
Davidson,20-1,Public Defender,20,Democratic,Martesha Johnson,26
Davidson,20-1,Public Defender,20,Republican,No Candidate Qualified,0
Davidson,20-2,Circuit Court Judge Division III,20 (unexpired term),Democratic,Audrey Anderson,27
Davidson,20-2,Circuit Court Judge Division III,20 (unexpired term),Democratic,Bethany Peery Glandorf,91
Davidson,20-2,Circuit Court Judge Division III,20 (unexpired term),Democratic,Corletra Mance,73
Davidson,20-2,Circuit Court Judge Division III,20 (unexpired term),Republican,No Candidate Qualified,0
Davidson,20-2,Criminal Court Judge Division III,20 (unexpired term),Democratic,Dawn Deaner,111
Davidson,20-2,Criminal Court Judge Division III,20 (unexpired term),Democratic,Jim Todd,55
Davidson,20-2,Criminal Court Judge Division III,20 (unexpired term),Democratic,Ronald Jamar Dowdy,32
Davidson,20-2,Criminal Court Judge Division III,20 (unexpired term),Republican,No Candidate Qualified,0
Davidson,20-2,Public Defender,20,Democratic,Martesha Johnson,172
Davidson,20-2,Public Defender,20,Republican,No Candidate Qualified,0
Davidson,20-3,Circuit Court Judge Division III,20 (unexpired term),Democratic,Audrey Anderson,75
Davidson,20-3,Circuit Court Judge Division III,20 (unexpired term),Democratic,Bethany Peery Glandorf,140
Davidson,20-3,Circuit Court Judge Division III,20 (unexpired term),Democratic,Corletra Mance,119
Davidson,20-3,Circuit Court Judge Division III,20 (unexpired term),Republican,No Candidate Qualified,0
Davidson,20-3,Criminal Court Judge Division III,20 (unexpired term),Democratic,Dawn Deaner,177
Davidson,20-3,Criminal Court Judge Division III,20 (unexpired term),Democratic,Jim Todd,101
Davidson,20-3,Criminal Court Judge Division III,20 (unexpired term),Democratic,Ronald Jamar Dowdy,64
Davidson,20-3,Criminal Court Judge Division III,20 (unexpired term),Republican,No Candidate Qualified,0
Davidson,20-3,Public Defender,20,Democratic,Martesha Johnson,313
Davidson,20-3,Public Defender,20,Republican,No Candidate Qualified,0
Davidson,20-4,Circuit Court Judge Division III,20 (unexpired term),Democratic,Audrey Anderson,6
Davidson,20-4,Circuit Court Judge Division III,20 (unexpired term),Democratic,Bethany Peery Glandorf,13
Davidson,20-4,Circuit Court Judge Division III,20 (unexpired term),Democratic,Corletra Mance,2
Davidson,20-4,Circuit Court Judge Division III,20 (unexpired term),Republican,No Candidate Qualified,0
Davidson,20-4,Criminal Court Judge Division III,20 (unexpired term),Democratic,Dawn Deaner,5
Davidson,20-4,Criminal Court Judge Division III,20 (unexpired term),Democratic,Jim Todd,18
Davidson,20-4,Criminal Court Judge Division III,20 (unexpired term),Democratic,Ronald Jamar Dowdy,0
Davidson,20-4,Criminal Court Judge Division III,20 (unexpired term),Republican,No Candidate Qualified,0
Davidson,20-4,Public Defender,20,Democratic,Martesha Johnson,20
Davidson,20-4,Public Defender,20,Republican,No Candidate Qualified,0
Davidson,20-5,Circuit Court Judge Division III,20 (unexpired term),Democratic,Audrey Anderson,47
Davidson,20-5,Circuit Court Judge Division III,20 (unexpired term),Democratic,Bethany Peery Glandorf,107
Davidson,20-5,Circuit Court Judge Division III,20 (unexpired term),Democratic,Corletra Mance,65
Davidson,20-5,Circuit Court Judge Division III,20 (unexpired term),Republican,No Candidate Qualified,0
Davidson,20-5,Criminal Court Judge Division III,20 (unexpired term),Democratic,Dawn Deaner,102
Davidson,20-5,Criminal Court Judge Division III,20 (unexpired term),Democratic,Jim Todd,100
Davidson,20-5,Criminal Court Judge Division III,20 (unexpired term),Democratic,Ronald Jamar Dowdy,37
Davidson,20-5,Criminal Court Judge Division III,20 (unexpired term),Republican,No Candidate Qualified,0
Davidson,20-5,Public Defender,20,Democratic,Martesha Johnson,199
Davidson,20-5,Public Defender,20,Republican,No Candidate Qualified,0
Davidson,21-1,Circuit Court Judge Division III,20 (unexpired term),Democratic,Audrey Anderson,31
Davidson,21-1,Circuit Court Judge Division III,20 (unexpired term),Democratic,Bethany Peery Glandorf,74
Davidson,21-1,Circuit Court Judge Division III,20 (unexpired term),Democratic,Corletra Mance,35
Davidson,21-1,Circuit Court Judge Division III,20 (unexpired term),Republican,No Candidate Qualified,0
Davidson,21-1,Criminal Court Judge Division III,20 (unexpired term),Democratic,Dawn Deaner,64
Davidson,21-1,Criminal Court Judge Division III,20 (unexpired term),Democratic,Jim Todd,52
Davidson,21-1,Criminal Court Judge Division III,20 (unexpired term),Democratic,Ronald Jamar Dowdy,27
Davidson,21-1,Criminal Court Judge Division III,20 (unexpired term),Republican,No Candidate Qualified,0
Davidson,21-1,Public Defender,20,Democratic,Martesha Johnson,116
Davidson,21-1,Public Defender,20,Republican,No Candidate Qualified,0
Davidson,21-2,Circuit Court Judge Division III,20 (unexpired term),Democratic,Audrey Anderson,70
Davidson,21-2,Circuit Court Judge Division III,20 (unexpired term),Democratic,Bethany Peery Glandorf,35
Davidson,21-2,Circuit Court Judge Division III,20 (unexpired term),Democratic,Corletra Mance,135
Davidson,21-2,Circuit Court Judge Division III,20 (unexpired term),Republican,No Candidate Qualified,0
Davidson,21-2,Criminal Court Judge Division III,20 (unexpired term),Democratic,Dawn Deaner,67
Davidson,21-2,Criminal Court Judge Division III,20 (unexpired term),Democratic,Jim Todd,71
Davidson,21-2,Criminal Court Judge Division III,20 (unexpired term),Democratic,Ronald Jamar Dowdy,105
Davidson,21-2,Criminal Court Judge Division III,20 (unexpired term),Republican,No Candidate Qualified,0
Davidson,21-2,Public Defender,20,Democratic,Martesha Johnson,219
Davidson,21-2,Public Defender,20,Republican,No Candidate Qualified,0
Davidson,21-3,Circuit Court Judge Division III,20 (unexpired term),Democratic,Audrey Anderson,107
Davidson,21-3,Circuit Court Judge Division III,20 (unexpired term),Democratic,Bethany Peery Glandorf,80
Davidson,21-3,Circuit Court Judge Division III,20 (unexpired term),Democratic,Corletra Mance,295
Davidson,21-3,Circuit Court Judge Division III,20 (unexpired term),Republican,No Candidate Qualified,0
Davidson,21-3,Criminal Court Judge Division III,20 (unexpired term),Democratic,Dawn Deaner,113
Davidson,21-3,Criminal Court Judge Division III,20 (unexpired term),Democratic,Jim Todd,143
Davidson,21-3,Criminal Court Judge Division III,20 (unexpired term),Democratic,Ronald Jamar Dowdy,255
Davidson,21-3,Criminal Court Judge Division III,20 (unexpired term),Republican,No Candidate Qualified,0
Davidson,21-3,Public Defender,20,Democratic,Martesha Johnson,452
Davidson,21-3,Public Defender,20,Republican,No Candidate Qualified,0
Davidson,21-4,Circuit Court Judge Division III,20 (unexpired term),Democratic,Audrey Anderson,49
Davidson,21-4,Circuit Court Judge Division III,20 (unexpired term),Democratic,Bethany Peery Glandorf,47
Davidson,21-4,Circuit Court Judge Division III,20 (unexpired term),Democratic,Corletra Mance,186
Davidson,21-4,Circuit Court Judge Division III,20 (unexpired term),Republican,No Candidate Qualified,0
Davidson,21-4,Criminal Court Judge Division III,20 (unexpired term),Democratic,Dawn Deaner,75
Davidson,21-4,Criminal Court Judge Division III,20 (unexpired term),Democratic,Jim Todd,74
Davidson,21-4,Criminal Court Judge Division III,20 (unexpired term),Democratic,Ronald Jamar Dowdy,137
Davidson,21-4,Criminal Court Judge Division III,20 (unexpired term),Republican,No Candidate Qualified,0
Davidson,21-4,Public Defender,20,Democratic,Martesha Johnson,255
Davidson,21-4,Public Defender,20,Republican,No Candidate Qualified,0
Davidson,22-1,Circuit Court Judge Division III,20 (unexpired term),Democratic,Audrey Anderson,73
Davidson,22-1,Circuit Court Judge Division III,20 (unexpired term),Democratic,Bethany Peery Glandorf,107
Davidson,22-1,Circuit Court Judge Division III,20 (unexpired term),Democratic,Corletra Mance,81
Davidson,22-1,Circuit Court Judge Division III,20 (unexpired term),Republican,No Candidate Qualified,0
Davidson,22-1,Criminal Court Judge Division III,20 (unexpired term),Democratic,Dawn Deaner,107
Davidson,22-1,Criminal Court Judge Division III,20 (unexpired term),Democratic,Jim Todd,99
Davidson,22-1,Criminal Court Judge Division III,20 (unexpired term),Democratic,Ronald Jamar Dowdy,73
Davidson,22-1,Criminal Court Judge Division III,20 (unexpired term),Republican,No Candidate Qualified,0
Davidson,22-1,Public Defender,20,Democratic,Martesha Johnson,241
Davidson,22-1,Public Defender,20,Republican,No Candidate Qualified,0
Davidson,22-2,Circuit Court Judge Division III,20 (unexpired term),Democratic,Audrey Anderson,85
Davidson,22-2,Circuit Court Judge Division III,20 (unexpired term),Democratic,Bethany Peery Glandorf,124
Davidson,22-2,Circuit Court Judge Division III,20 (unexpired term),Democratic,Corletra Mance,111
Davidson,22-2,Circuit Court Judge Division III,20 (unexpired term),Republican,No Candidate Qualified,0
Davidson,22-2,Criminal Court Judge Division III,20 (unexpired term),Democratic,Dawn Deaner,129
Davidson,22-2,Criminal Court Judge Division III,20 (unexpired term),Democratic,Jim Todd,117
Davidson,22-2,Criminal Court Judge Division III,20 (unexpired term),Democratic,Ronald Jamar Dowdy,84
Davidson,22-2,Criminal Court Judge Division III,20 (unexpired term),Republican,No Candidate Qualified,0
Davidson,22-2,Public Defender,20,Democratic,Martesha Johnson,283
Davidson,22-2,Public Defender,20,Republican,No Candidate Qualified,0
Davidson,22-3,Circuit Court Judge Division III,20 (unexpired term),Democratic,Audrey Anderson,52
Davidson,22-3,Circuit Court Judge Division III,20 (unexpired term),Democratic,Bethany Peery Glandorf,85
Davidson,22-3,Circuit Court Judge Division III,20 (unexpired term),Democratic,Corletra Mance,43
Davidson,22-3,Circuit Court Judge Division III,20 (unexpired term),Republican,No Candidate Qualified,0
Davidson,22-3,Criminal Court Judge Division III,20 (unexpired term),Democratic,Dawn Deaner,78
Davidson,22-3,Criminal Court Judge Division III,20 (unexpired term),Democratic,Jim Todd,88
Davidson,22-3,Criminal Court Judge Division III,20 (unexpired term),Democratic,Ronald Jamar Dowdy,29
Davidson,22-3,Criminal Court Judge Division III,20 (unexpired term),Republican,No Candidate Qualified,0
Davidson,22-3,Public Defender,20,Democratic,Martesha Johnson,164
Davidson,22-3,Public Defender,20,Republican,No Candidate Qualified,0
Davidson,22-4,Circuit Court Judge Division III,20 (unexpired term),Democratic,Audrey Anderson,124
Davidson,22-4,Circuit Court Judge Division III,20 (unexpired term),Democratic,Bethany Peery Glandorf,194
Davidson,22-4,Circuit Court Judge Division III,20 (unexpired term),Democratic,Corletra Mance,83
Davidson,22-4,Circuit Court Judge Division III,20 (unexpired term),Republican,No Candidate Qualified,0
Davidson,22-4,Criminal Court Judge Division III,20 (unexpired term),Democratic,Dawn Deaner,170
Davidson,22-4,Criminal Court Judge Division III,20 (unexpired term),Democratic,Jim Todd,170
Davidson,22-4,Criminal Court Judge Division III,20 (unexpired term),Democratic,Ronald Jamar Dowdy,87
Davidson,22-4,Criminal Court Judge Division III,20 (unexpired term),Republican,No Candidate Qualified,0
Davidson,22-4,Public Defender,20,Democratic,Martesha Johnson,375
Davidson,22-4,Public Defender,20,Republican,No Candidate Qualified,0
Davidson,23-1,Circuit Court Judge Division III,20 (unexpired term),Democratic,Audrey Anderson,26
Davidson,23-1,Circuit Court Judge Division III,20 (unexpired term),Democratic,Bethany Peery Glandorf,133
Davidson,23-1,Circuit Court Judge Division III,20 (unexpired term),Democratic,Corletra Mance,14
Davidson,23-1,Circuit Court Judge Division III,20 (unexpired term),Republican,No Candidate Qualified,0
Davidson,23-1,Criminal Court Judge Division III,20 (unexpired term),Democratic,Dawn Deaner,37
Davidson,23-1,Criminal Court Judge Division III,20 (unexpired term),Democratic,Jim Todd,154
Davidson,23-1,Criminal Court Judge Division III,20 (unexpired term),Democratic,Ronald Jamar Dowdy,10
Davidson,23-1,Criminal Court Judge Division III,20 (unexpired term),Republican,No Candidate Qualified,0
Davidson,23-1,Public Defender,20,Democratic,Martesha Johnson,120
Davidson,23-1,Public Defender,20,Republican,No Candidate Qualified,0
Davidson,23-2,Circuit Court Judge Division III,20 (unexpired term),Democratic,Audrey Anderson,81
Davidson,23-2,Circuit Court Judge Division III,20 (unexpired term),Democratic,Bethany Peery Glandorf,218
Davidson,23-2,Circuit Court Judge Division III,20 (unexpired term),Democratic,Corletra Mance,68
Davidson,23-2,Circuit Court Judge Division III,20 (unexpired term),Republican,No Candidate Qualified,0
Davidson,23-2,Criminal Court Judge Division III,20 (unexpired term),Democratic,Dawn Deaner,109
Davidson,23-2,Criminal Court Judge Division III,20 (unexpired term),Democratic,Jim Todd,264
Davidson,23-2,Criminal Court Judge Division III,20 (unexpired term),Democratic,Ronald Jamar Dowdy,34
Davidson,23-2,Criminal Court Judge Division III,20 (unexpired term),Republican,No Candidate Qualified,0
Davidson,23-2,Public Defender,20,Democratic,Martesha Johnson,296
Davidson,23-2,Public Defender,20,Republican,No Candidate Qualified,0
Davidson,23-3,Circuit Court Judge Division III,20 (unexpired term),Democratic,Audrey Anderson,75
Davidson,23-3,Circuit Court Judge Division III,20 (unexpired term),Democratic,Bethany Peery Glandorf,146
Davidson,23-3,Circuit Court Judge Division III,20 (unexpired term),Democratic,Corletra Mance,69
Davidson,23-3,Circuit Court Judge Division III,20 (unexpired term),Republican,No Candidate Qualified,0
Davidson,23-3,Criminal Court Judge Division III,20 (unexpired term),Democratic,Dawn Deaner,136
Davidson,23-3,Criminal Court Judge Division III,20 (unexpired term),Democratic,Jim Todd,121
Davidson,23-3,Criminal Court Judge Division III,20 (unexpired term),Democratic,Ronald Jamar Dowdy,45
Davidson,23-3,Criminal Court Judge Division III,20 (unexpired term),Republican,No Candidate Qualified,0
Davidson,23-3,Public Defender,20,Democratic,Martesha Johnson,254
Davidson,23-3,Public Defender,20,Republican,No Candidate Qualified,0
Davidson,23-4,Circuit Court Judge Division III,20 (unexpired term),Democratic,Audrey Anderson,91
Davidson,23-4,Circuit Court Judge Division III,20 (unexpired term),Democratic,Bethany Peery Glandorf,244
Davidson,23-4,Circuit Court Judge Division III,20 (unexpired term),Democratic,Corletra Mance,99
Davidson,23-4,Circuit Court Judge Division III,20 (unexpired term),Republican,No Candidate Qualified,0
Davidson,23-4,Criminal Court Judge Division III,20 (unexpired term),Democratic,Dawn Deaner,178
Davidson,23-4,Criminal Court Judge Division III,20 (unexpired term),Democratic,Jim Todd,239
Davidson,23-4,Criminal Court Judge Division III,20 (unexpired term),Democratic,Ronald Jamar Dowdy,60
Davidson,23-4,Criminal Court Judge Division III,20 (unexpired term),Republican,No Candidate Qualified,0
Davidson,23-4,Public Defender,20,Democratic,Martesha Johnson,379
Davidson,23-4,Public Defender,20,Republican,No Candidate Qualified,0
Davidson,23-5,Circuit Court Judge Division III,20 (unexpired term),Democratic,Audrey Anderson,12
Davidson,23-5,Circuit Court Judge Division III,20 (unexpired term),Democratic,Bethany Peery Glandorf,39
Davidson,23-5,Circuit Court Judge Division III,20 (unexpired term),Democratic,Corletra Mance,13
Davidson,23-5,Circuit Court Judge Division III,20 (unexpired term),Republican,No Candidate Qualified,0
Davidson,23-5,Criminal Court Judge Division III,20 (unexpired term),Democratic,Dawn Deaner,17
Davidson,23-5,Criminal Court Judge Division III,20 (unexpired term),Democratic,Jim Todd,35
Davidson,23-5,Criminal Court Judge Division III,20 (unexpired term),Democratic,Ronald Jamar Dowdy,17
Davidson,23-5,Criminal Court Judge Division III,20 (unexpired term),Republican,No Candidate Qualified,0
Davidson,23-5,Public Defender,20,Democratic,Martesha Johnson,60
Davidson,23-5,Public Defender,20,Republican,No Candidate Qualified,0
Davidson,24-1,Circuit Court Judge Division III,20 (unexpired term),Democratic,Audrey Anderson,4
Davidson,24-1,Circuit Court Judge Division III,20 (unexpired term),Democratic,Bethany Peery Glandorf,3
Davidson,24-1,Circuit Court Judge Division III,20 (unexpired term),Democratic,Corletra Mance,2
Davidson,24-1,Circuit Court Judge Division III,20 (unexpired term),Republican,No Candidate Qualified,0
Davidson,24-1,Criminal Court Judge Division III,20 (unexpired term),Democratic,Dawn Deaner,4
Davidson,24-1,Criminal Court Judge Division III,20 (unexpired term),Democratic,Jim Todd,1
Davidson,24-1,Criminal Court Judge Division III,20 (unexpired term),Democratic,Ronald Jamar Dowdy,4
Davidson,24-1,Criminal Court Judge Division III,20 (unexpired term),Republican,No Candidate Qualified,0
Davidson,24-1,Public Defender,20,Democratic,Martesha Johnson,9
Davidson,24-1,Public Defender,20,Republican,No Candidate Qualified,0
Davidson,24-2,Circuit Court Judge Division III,20 (unexpired term),Democratic,Audrey Anderson,43
Davidson,24-2,Circuit Court Judge Division III,20 (unexpired term),Democratic,Bethany Peery Glandorf,165
Davidson,24-2,Circuit Court Judge Division III,20 (unexpired term),Democratic,Corletra Mance,40
Davidson,24-2,Circuit Court Judge Division III,20 (unexpired term),Republican,No Candidate Qualified,0
Davidson,24-2,Criminal Court Judge Division III,20 (unexpired term),Democratic,Dawn Deaner,78
Davidson,24-2,Criminal Court Judge Division III,20 (unexpired term),Democratic,Jim Todd,164
Davidson,24-2,Criminal Court Judge Division III,20 (unexpired term),Democratic,Ronald Jamar Dowdy,21
Davidson,24-2,Criminal Court Judge Division III,20 (unexpired term),Republican,No Candidate Qualified,0
Davidson,24-2,Public Defender,20,Democratic,Martesha Johnson,202
Davidson,24-2,Public Defender,20,Republican,No Candidate Qualified,0
Davidson,24-3,Circuit Court Judge Division III,20 (unexpired term),Democratic,Audrey Anderson,26
Davidson,24-3,Circuit Court Judge Division III,20 (unexpired term),Democratic,Bethany Peery Glandorf,60
Davidson,24-3,Circuit Court Judge Division III,20 (unexpired term),Democratic,Corletra Mance,64
Davidson,24-3,Circuit Court Judge Division III,20 (unexpired term),Republican,No Candidate Qualified,0
Davidson,24-3,Criminal Court Judge Division III,20 (unexpired term),Democratic,Dawn Deaner,71
Davidson,24-3,Criminal Court Judge Division III,20 (unexpired term),Democratic,Jim Todd,47
Davidson,24-3,Criminal Court Judge Division III,20 (unexpired term),Democratic,Ronald Jamar Dowdy,39
Davidson,24-3,Criminal Court Judge Division III,20 (unexpired term),Republican,No Candidate Qualified,0
Davidson,24-3,Public Defender,20,Democratic,Martesha Johnson,137
Davidson,24-3,Public Defender,20,Republican,No Candidate Qualified,0
Davidson,24-4,Circuit Court Judge Division III,20 (unexpired term),Democratic,Audrey Anderson,51
Davidson,24-4,Circuit Court Judge Division III,20 (unexpired term),Democratic,Bethany Peery Glandorf,232
Davidson,24-4,Circuit Court Judge Division III,20 (unexpired term),Democratic,Corletra Mance,62
Davidson,24-4,Circuit Court Judge Division III,20 (unexpired term),Republican,No Candidate Qualified,0
Davidson,24-4,Criminal Court Judge Division III,20 (unexpired term),Democratic,Dawn Deaner,158
Davidson,24-4,Criminal Court Judge Division III,20 (unexpired term),Democratic,Jim Todd,175
Davidson,24-4,Criminal Court Judge Division III,20 (unexpired term),Democratic,Ronald Jamar Dowdy,29
Davidson,24-4,Criminal Court Judge Division III,20 (unexpired term),Republican,No Candidate Qualified,0
Davidson,24-4,Public Defender,20,Democratic,Martesha Johnson,285
Davidson,24-4,Public Defender,20,Republican,No Candidate Qualified,0
Davidson,24-5,Circuit Court Judge Division III,20 (unexpired term),Democratic,Audrey Anderson,90
Davidson,24-5,Circuit Court Judge Division III,20 (unexpired term),Democratic,Bethany Peery Glandorf,259
Davidson,24-5,Circuit Court Judge Division III,20 (unexpired term),Democratic,Corletra Mance,130
Davidson,24-5,Circuit Court Judge Division III,20 (unexpired term),Republican,No Candidate Qualified,0
Davidson,24-5,Criminal Court Judge Division III,20 (unexpired term),Democratic,Dawn Deaner,240
Davidson,24-5,Criminal Court Judge Division III,20 (unexpired term),Democratic,Jim Todd,210
Davidson,24-5,Criminal Court Judge Division III,20 (unexpired term),Democratic,Ronald Jamar Dowdy,62
Davidson,24-5,Criminal Court Judge Division III,20 (unexpired term),Republican,No Candidate Qualified,0
Davidson,24-5,Public Defender,20,Democratic,Martesha Johnson,433
Davidson,24-5,Public Defender,20,Republican,No Candidate Qualified,0
Davidson,24-6,Circuit Court Judge Division III,20 (unexpired term),Democratic,Audrey Anderson,72
Davidson,24-6,Circuit Court Judge Division III,20 (unexpired term),Democratic,Bethany Peery Glandorf,239
Davidson,24-6,Circuit Court Judge Division III,20 (unexpired term),Democratic,Corletra Mance,77
Davidson,24-6,Circuit Court Judge Division III,20 (unexpired term),Republican,No Candidate Qualified,0
Davidson,24-6,Criminal Court Judge Division III,20 (unexpired term),Democratic,Dawn Deaner,136
Davidson,24-6,Criminal Court Judge Division III,20 (unexpired term),Democratic,Jim Todd,244
Davidson,24-6,Criminal Court Judge Division III,20 (unexpired term),Democratic,Ronald Jamar Dowdy,31
Davidson,24-6,Criminal Court Judge Division III,20 (unexpired term),Republican,No Candidate Qualified,0
Davidson,24-6,Public Defender,20,Democratic,Martesha Johnson,312
Davidson,24-6,Public Defender,20,Republican,No Candidate Qualified,0
Davidson,25-1,Circuit Court Judge Division III,20 (unexpired term),Democratic,Audrey Anderson,14
Davidson,25-1,Circuit Court Judge Division III,20 (unexpired term),Democratic,Bethany Peery Glandorf,31
Davidson,25-1,Circuit Court Judge Division III,20 (unexpired term),Democratic,Corletra Mance,10
Davidson,25-1,Circuit Court Judge Division III,20 (unexpired term),Republican,No Candidate Qualified,0
Davidson,25-1,Criminal Court Judge Division III,20 (unexpired term),Democratic,Dawn Deaner,17
Davidson,25-1,Criminal Court Judge Division III,20 (unexpired term),Democratic,Jim Todd,32
Davidson,25-1,Criminal Court Judge Division III,20 (unexpired term),Democratic,Ronald Jamar Dowdy,14
Davidson,25-1,Criminal Court Judge Division III,20 (unexpired term),Republican,No Candidate Qualified,0
Davidson,25-1,Public Defender,20,Democratic,Martesha Johnson,53
Davidson,25-1,Public Defender,20,Republican,No Candidate Qualified,0
Davidson,25-2,Circuit Court Judge Division III,20 (unexpired term),Democratic,Audrey Anderson,38
Davidson,25-2,Circuit Court Judge Division III,20 (unexpired term),Democratic,Bethany Peery Glandorf,166
Davidson,25-2,Circuit Court Judge Division III,20 (unexpired term),Democratic,Corletra Mance,36
Davidson,25-2,Circuit Court Judge Division III,20 (unexpired term),Republican,No Candidate Qualified,0
Davidson,25-2,Criminal Court Judge Division III,20 (unexpired term),Democratic,Dawn Deaner,81
Davidson,25-2,Criminal Court Judge Division III,20 (unexpired term),Democratic,Jim Todd,163
Davidson,25-2,Criminal Court Judge Division III,20 (unexpired term),Democratic,Ronald Jamar Dowdy,22
Davidson,25-2,Criminal Court Judge Division III,20 (unexpired term),Republican,No Candidate Qualified,0
Davidson,25-2,Public Defender,20,Democratic,Martesha Johnson,192
Davidson,25-2,Public Defender,20,Republican,No Candidate Qualified,0
Davidson,25-3,Circuit Court Judge Division III,20 (unexpired term),Democratic,Audrey Anderson,70
Davidson,25-3,Circuit Court Judge Division III,20 (unexpired term),Democratic,Bethany Peery Glandorf,291
Davidson,25-3,Circuit Court Judge Division III,20 (unexpired term),Democratic,Corletra Mance,59
Davidson,25-3,Circuit Court Judge Division III,20 (unexpired term),Republican,No Candidate Qualified,0
Davidson,25-3,Criminal Court Judge Division III,20 (unexpired term),Democratic,Dawn Deaner,148
Davidson,25-3,Criminal Court Judge Division III,20 (unexpired term),Democratic,Jim Todd,233
Davidson,25-3,Criminal Court Judge Division III,20 (unexpired term),Democratic,Ronald Jamar Dowdy,64
Davidson,25-3,Criminal Court Judge Division III,20 (unexpired term),Republican,No Candidate Qualified,0
Davidson,25-3,Public Defender,20,Democratic,Martesha Johnson,347
Davidson,25-3,Public Defender,20,Republican,No Candidate Qualified,0
Davidson,25-4,Circuit Court Judge Division III,20 (unexpired term),Democratic,Audrey Anderson,49
Davidson,25-4,Circuit Court Judge Division III,20 (unexpired term),Democratic,Bethany Peery Glandorf,157
Davidson,25-4,Circuit Court Judge Division III,20 (unexpired term),Democratic,Corletra Mance,53
Davidson,25-4,Circuit Court Judge Division III,20 (unexpired term),Republican,No Candidate Qualified,0
Davidson,25-4,Criminal Court Judge Division III,20 (unexpired term),Democratic,Dawn Deaner,114
Davidson,25-4,Criminal Court Judge Division III,20 (unexpired term),Democratic,Jim Todd,118
Davidson,25-4,Criminal Court Judge Division III,20 (unexpired term),Democratic,Ronald Jamar Dowdy,43
Davidson,25-4,Criminal Court Judge Division III,20 (unexpired term),Republican,No Candidate Qualified,0
Davidson,25-4,Public Defender,20,Democratic,Martesha Johnson,230
Davidson,25-4,Public Defender,20,Republican,No Candidate Qualified,0
Davidson,25-5,Circuit Court Judge Division III,20 (unexpired term),Democratic,Audrey Anderson,50
Davidson,25-5,Circuit Court Judge Division III,20 (unexpired term),Democratic,Bethany Peery Glandorf,133
Davidson,25-5,Circuit Court Judge Division III,20 (unexpired term),Democratic,Corletra Mance,55
Davidson,25-5,Circuit Court Judge Division III,20 (unexpired term),Republican,No Candidate Qualified,0
Davidson,25-5,Criminal Court Judge Division III,20 (unexpired term),Democratic,Dawn Deaner,106
Davidson,25-5,Criminal Court Judge Division III,20 (unexpired term),Democratic,Jim Todd,115
Davidson,25-5,Criminal Court Judge Division III,20 (unexpired term),Democratic,Ronald Jamar Dowdy,28
Davidson,25-5,Criminal Court Judge Division III,20 (unexpired term),Republican,No Candidate Qualified,0
Davidson,25-5,Public Defender,20,Democratic,Martesha Johnson,204
Davidson,25-5,Public Defender,20,Republican,No Candidate Qualified,0
Davidson,26-1,Circuit Court Judge Division III,20 (unexpired term),Democratic,Audrey Anderson,11
Davidson,26-1,Circuit Court Judge Division III,20 (unexpired term),Democratic,Bethany Peery Glandorf,26
Davidson,26-1,Circuit Court Judge Division III,20 (unexpired term),Democratic,Corletra Mance,24
Davidson,26-1,Circuit Court Judge Division III,20 (unexpired term),Republican,No Candidate Qualified,0
Davidson,26-1,Criminal Court Judge Division III,20 (unexpired term),Democratic,Dawn Deaner,28
Davidson,26-1,Criminal Court Judge Division III,20 (unexpired term),Democratic,Jim Todd,23
Davidson,26-1,Criminal Court Judge Division III,20 (unexpired term),Democratic,Ronald Jamar Dowdy,14
Davidson,26-1,Criminal Court Judge Division III,20 (unexpired term),Republican,No Candidate Qualified,0
Davidson,26-1,Public Defender,20,Democratic,Martesha Johnson,56
Davidson,26-1,Public Defender,20,Republican,No Candidate Qualified,0
Davidson,26-2,Circuit Court Judge Division III,20 (unexpired term),Democratic,Audrey Anderson,75
Davidson,26-2,Circuit Court Judge Division III,20 (unexpired term),Democratic,Bethany Peery Glandorf,189
Davidson,26-2,Circuit Court Judge Division III,20 (unexpired term),Democratic,Corletra Mance,72
Davidson,26-2,Circuit Court Judge Division III,20 (unexpired term),Republican,No Candidate Qualified,0
Davidson,26-2,Criminal Court Judge Division III,20 (unexpired term),Democratic,Dawn Deaner,119
Davidson,26-2,Criminal Court Judge Division III,20 (unexpired term),Democratic,Jim Todd,171
Davidson,26-2,Criminal Court Judge Division III,20 (unexpired term),Democratic,Ronald Jamar Dowdy,60
Davidson,26-2,Criminal Court Judge Division III,20 (unexpired term),Republican,No Candidate Qualified,0
Davidson,26-2,Public Defender,20,Democratic,Martesha Johnson,287
Davidson,26-2,Public Defender,20,Republican,No Candidate Qualified,0
Davidson,26-3,Circuit Court Judge Division III,20 (unexpired term),Democratic,Audrey Anderson,37
Davidson,26-3,Circuit Court Judge Division III,20 (unexpired term),Democratic,Bethany Peery Glandorf,113
Davidson,26-3,Circuit Court Judge Division III,20 (unexpired term),Democratic,Corletra Mance,52
Davidson,26-3,Circuit Court Judge Division III,20 (unexpired term),Republican,No Candidate Qualified,0
Davidson,26-3,Criminal Court Judge Division III,20 (unexpired term),Democratic,Dawn Deaner,72
Davidson,26-3,Criminal Court Judge Division III,20 (unexpired term),Democratic,Jim Todd,117
Davidson,26-3,Criminal Court Judge Division III,20 (unexpired term),Democratic,Ronald Jamar Dowdy,30
Davidson,26-3,Criminal Court Judge Division III,20 (unexpired term),Republican,No Candidate Qualified,0
Davidson,26-3,Public Defender,20,Democratic,Martesha Johnson,167
Davidson,26-3,Public Defender,20,Republican,No Candidate Qualified,0
Davidson,26-4,Circuit Court Judge Division III,20 (unexpired term),Democratic,Audrey Anderson,56
Davidson,26-4,Circuit Court Judge Division III,20 (unexpired term),Democratic,Bethany Peery Glandorf,105
Davidson,26-4,Circuit Court Judge Division III,20 (unexpired term),Democratic,Corletra Mance,58
Davidson,26-4,Circuit Court Judge Division III,20 (unexpired term),Republican,No Candidate Qualified,0
Davidson,26-4,Criminal Court Judge Division III,20 (unexpired term),Democratic,Dawn Deaner,87
Davidson,26-4,Criminal Court Judge Division III,20 (unexpired term),Democratic,Jim Todd,89
Davidson,26-4,Criminal Court Judge Division III,20 (unexpired term),Democratic,Ronald Jamar Dowdy,56
Davidson,26-4,Criminal Court Judge Division III,20 (unexpired term),Republican,No Candidate Qualified,0
Davidson,26-4,Public Defender,20,Democratic,Martesha Johnson,208
Davidson,26-4,Public Defender,20,Republican,No Candidate Qualified,0
Davidson,27-1,Circuit Court Judge Division III,20 (unexpired term),Democratic,Audrey Anderson,40
Davidson,27-1,Circuit Court Judge Division III,20 (unexpired term),Democratic,Bethany Peery Glandorf,35
Davidson,27-1,Circuit Court Judge Division III,20 (unexpired term),Democratic,Corletra Mance,61
Davidson,27-1,Circuit Court Judge Division III,20 (unexpired term),Republican,No Candidate Qualified,0
Davidson,27-1,Criminal Court Judge Division III,20 (unexpired term),Democratic,Dawn Deaner,45
Davidson,27-1,Criminal Court Judge Division III,20 (unexpired term),Democratic,Jim Todd,42
Davidson,27-1,Criminal Court Judge Division III,20 (unexpired term),Democratic,Ronald Jamar Dowdy,54
Davidson,27-1,Criminal Court Judge Division III,20 (unexpired term),Republican,No Candidate Qualified,0
Davidson,27-1,Public Defender,20,Democratic,Martesha Johnson,131
Davidson,27-1,Public Defender,20,Republican,No Candidate Qualified,0
Davidson,27-3,Circuit Court Judge Division III,20 (unexpired term),Democratic,Audrey Anderson,66
Davidson,27-3,Circuit Court Judge Division III,20 (unexpired term),Democratic,Bethany Peery Glandorf,76
Davidson,27-3,Circuit Court Judge Division III,20 (unexpired term),Democratic,Corletra Mance,80
Davidson,27-3,Circuit Court Judge Division III,20 (unexpired term),Republican,No Candidate Qualified,0
Davidson,27-3,Criminal Court Judge Division III,20 (unexpired term),Democratic,Dawn Deaner,98
Davidson,27-3,Criminal Court Judge Division III,20 (unexpired term),Democratic,Jim Todd,67
Davidson,27-3,Criminal Court Judge Division III,20 (unexpired term),Democratic,Ronald Jamar Dowdy,66
Davidson,27-3,Criminal Court Judge Division III,20 (unexpired term),Republican,No Candidate Qualified,0
Davidson,27-3,Public Defender,20,Democratic,Martesha Johnson,198
Davidson,27-3,Public Defender,20,Republican,No Candidate Qualified,0
Davidson,27-4,Circuit Court Judge Division III,20 (unexpired term),Democratic,Audrey Anderson,28
Davidson,27-4,Circuit Court Judge Division III,20 (unexpired term),Democratic,Bethany Peery Glandorf,43
Davidson,27-4,Circuit Court Judge Division III,20 (unexpired term),Democratic,Corletra Mance,31
Davidson,27-4,Circuit Court Judge Division III,20 (unexpired term),Republican,No Candidate Qualified,0
Davidson,27-4,Criminal Court Judge Division III,20 (unexpired term),Democratic,Dawn Deaner,39
Davidson,27-4,Criminal Court Judge Division III,20 (unexpired term),Democratic,Jim Todd,34
Davidson,27-4,Criminal Court Judge Division III,20 (unexpired term),Democratic,Ronald Jamar Dowdy,32
Davidson,27-4,Criminal Court Judge Division III,20 (unexpired term),Republican,No Candidate Qualified,0
Davidson,27-4,Public Defender,20,Democratic,Martesha Johnson,85
Davidson,27-4,Public Defender,20,Republican,No Candidate Qualified,0
Davidson,28-1,Circuit Court Judge Division III,20 (unexpired term),Democratic,Audrey Anderson,0
Davidson,28-1,Circuit Court Judge Division III,20 (unexpired term),Democratic,Bethany Peery Glandorf,2
Davidson,28-1,Circuit Court Judge Division III,20 (unexpired term),Democratic,Corletra Mance,0
Davidson,28-1,Circuit Court Judge Division III,20 (unexpired term),Republican,No Candidate Qualified,0
Davidson,28-1,Criminal Court Judge Division III,20 (unexpired term),Democratic,Dawn Deaner,0
Davidson,28-1,Criminal Court Judge Division III,20 (unexpired term),Democratic,Jim Todd,1
Davidson,28-1,Criminal Court Judge Division III,20 (unexpired term),Democratic,Ronald Jamar Dowdy,1
Davidson,28-1,Criminal Court Judge Division III,20 (unexpired term),Republican,No Candidate Qualified,0
Davidson,28-1,Public Defender,20,Democratic,Martesha Johnson,2
Davidson,28-1,Public Defender,20,Republican,No Candidate Qualified,0
Davidson,28-2,Circuit Court Judge Division III,20 (unexpired term),Democratic,Audrey Anderson,5
Davidson,28-2,Circuit Court Judge Division III,20 (unexpired term),Democratic,Bethany Peery Glandorf,11
Davidson,28-2,Circuit Court Judge Division III,20 (unexpired term),Democratic,Corletra Mance,17
Davidson,28-2,Circuit Court Judge Division III,20 (unexpired term),Republican,No Candidate Qualified,0
Davidson,28-2,Criminal Court Judge Division III,20 (unexpired term),Democratic,Dawn Deaner,12
Davidson,28-2,Criminal Court Judge Division III,20 (unexpired term),Democratic,Jim Todd,8
Davidson,28-2,Criminal Court Judge Division III,20 (unexpired term),Democratic,Ronald Jamar Dowdy,14
Davidson,28-2,Criminal Court Judge Division III,20 (unexpired term),Republican,No Candidate Qualified,0
Davidson,28-2,Public Defender,20,Democratic,Martesha Johnson,30
Davidson,28-2,Public Defender,20,Republican,No Candidate Qualified,0
Davidson,28-3,Circuit Court Judge Division III,20 (unexpired term),Democratic,Audrey Anderson,54
Davidson,28-3,Circuit Court Judge Division III,20 (unexpired term),Democratic,Bethany Peery Glandorf,28
Davidson,28-3,Circuit Court Judge Division III,20 (unexpired term),Democratic,Corletra Mance,60
Davidson,28-3,Circuit Court Judge Division III,20 (unexpired term),Republican,No Candidate Qualified,0
Davidson,28-3,Criminal Court Judge Division III,20 (unexpired term),Democratic,Dawn Deaner,39
Davidson,28-3,Criminal Court Judge Division III,20 (unexpired term),Democratic,Jim Todd,51
Davidson,28-3,Criminal Court Judge Division III,20 (unexpired term),Democratic,Ronald Jamar Dowdy,58
Davidson,28-3,Criminal Court Judge Division III,20 (unexpired term),Republican,No Candidate Qualified,0
Davidson,28-3,Public Defender,20,Democratic,Martesha Johnson,134
Davidson,28-3,Public Defender,20,Republican,No Candidate Qualified,0
Davidson,28-4,Circuit Court Judge Division III,20 (unexpired term),Democratic,Audrey Anderson,42
Davidson,28-4,Circuit Court Judge Division III,20 (unexpired term),Democratic,Bethany Peery Glandorf,34
Davidson,28-4,Circuit Court Judge Division III,20 (unexpired term),Democratic,Corletra Mance,119
Davidson,28-4,Circuit Court Judge Division III,20 (unexpired term),Republican,No Candidate Qualified,0
Davidson,28-4,Criminal Court Judge Division III,20 (unexpired term),Democratic,Dawn Deaner,40
Davidson,28-4,Criminal Court Judge Division III,20 (unexpired term),Democratic,Jim Todd,43
Davidson,28-4,Criminal Court Judge Division III,20 (unexpired term),Democratic,Ronald Jamar Dowdy,115
Davidson,28-4,Criminal Court Judge Division III,20 (unexpired term),Republican,No Candidate Qualified,0
Davidson,28-4,Public Defender,20,Democratic,Martesha Johnson,177
Davidson,28-4,Public Defender,20,Republican,No Candidate Qualified,0
Davidson,28-5,Circuit Court Judge Division III,20 (unexpired term),Democratic,Audrey Anderson,66
Davidson,28-5,Circuit Court Judge Division III,20 (unexpired term),Democratic,Bethany Peery Glandorf,45
Davidson,28-5,Circuit Court Judge Division III,20 (unexpired term),Democratic,Corletra Mance,171
Davidson,28-5,Circuit Court Judge Division III,20 (unexpired term),Republican,No Candidate Qualified,0
Davidson,28-5,Criminal Court Judge Division III,20 (unexpired term),Democratic,Dawn Deaner,64
Davidson,28-5,Criminal Court Judge Division III,20 (unexpired term),Democratic,Jim Todd,68
Davidson,28-5,Criminal Court Judge Division III,20 (unexpired term),Democratic,Ronald Jamar Dowdy,157
Davidson,28-5,Criminal Court Judge Division III,20 (unexpired term),Republican,No Candidate Qualified,0
Davidson,28-5,Public Defender,20,Democratic,Martesha Johnson,272
Davidson,28-5,Public Defender,20,Republican,No Candidate Qualified,0
Davidson,29-1,Circuit Court Judge Division III,20 (unexpired term),Democratic,Audrey Anderson,57
Davidson,29-1,Circuit Court Judge Division III,20 (unexpired term),Democratic,Bethany Peery Glandorf,47
Davidson,29-1,Circuit Court Judge Division III,20 (unexpired term),Democratic,Corletra Mance,143
Davidson,29-1,Circuit Court Judge Division III,20 (unexpired term),Republican,No Candidate Qualified,0
Davidson,29-1,Criminal Court Judge Division III,20 (unexpired term),Democratic,Dawn Deaner,57
Davidson,29-1,Criminal Court Judge Division III,20 (unexpired term),Democratic,Jim Todd,84
Davidson,29-1,Criminal Court Judge Division III,20 (unexpired term),Democratic,Ronald Jamar Dowdy,118
Davidson,29-1,Criminal Court Judge Division III,20 (unexpired term),Republican,No Candidate Qualified,0
Davidson,29-1,Public Defender,20,Democratic,Martesha Johnson,244
Davidson,29-1,Public Defender,20,Republican,No Candidate Qualified,0
Davidson,29-2,Circuit Court Judge Division III,20 (unexpired term),Democratic,Audrey Anderson,64
Davidson,29-2,Circuit Court Judge Division III,20 (unexpired term),Democratic,Bethany Peery Glandorf,47
Davidson,29-2,Circuit Court Judge Division III,20 (unexpired term),Democratic,Corletra Mance,143
Davidson,29-2,Circuit Court Judge Division III,20 (unexpired term),Republican,No Candidate Qualified,0
Davidson,29-2,Criminal Court Judge Division III,20 (unexpired term),Democratic,Dawn Deaner,53
Davidson,29-2,Criminal Court Judge Division III,20 (unexpired term),Democratic,Jim Todd,71
Davidson,29-2,Criminal Court Judge Division III,20 (unexpired term),Democratic,Ronald Jamar Dowdy,151
Davidson,29-2,Criminal Court Judge Division III,20 (unexpired term),Republican,No Candidate Qualified,0
Davidson,29-2,Public Defender,20,Democratic,Martesha Johnson,236
Davidson,29-2,Public Defender,20,Republican,No Candidate Qualified,0
Davidson,29-3,Circuit Court Judge Division III,20 (unexpired term),Democratic,Audrey Anderson,47
Davidson,29-3,Circuit Court Judge Division III,20 (unexpired term),Democratic,Bethany Peery Glandorf,38
Davidson,29-3,Circuit Court Judge Division III,20 (unexpired term),Democratic,Corletra Mance,96
Davidson,29-3,Circuit Court Judge Division III,20 (unexpired term),Republican,No Candidate Qualified,0
Davidson,29-3,Criminal Court Judge Division III,20 (unexpired term),Democratic,Dawn Deaner,51
Davidson,29-3,Criminal Court Judge Division III,20 (unexpired term),Democratic,Jim Todd,53
Davidson,29-3,Criminal Court Judge Division III,20 (unexpired term),Democratic,Ronald Jamar Dowdy,85
Davidson,29-3,Criminal Court Judge Division III,20 (unexpired term),Republican,No Candidate Qualified,0
Davidson,29-3,Public Defender,20,Democratic,Martesha Johnson,168
Davidson,29-3,Public Defender,20,Republican,No Candidate Qualified,0
Davidson,29-4,Circuit Court Judge Division III,20 (unexpired term),Democratic,Audrey Anderson,121
Davidson,29-4,Circuit Court Judge Division III,20 (unexpired term),Democratic,Bethany Peery Glandorf,93
Davidson,29-4,Circuit Court Judge Division III,20 (unexpired term),Democratic,Corletra Mance,208
Davidson,29-4,Circuit Court Judge Division III,20 (unexpired term),Republican,No Candidate Qualified,0
Davidson,29-4,Criminal Court Judge Division III,20 (unexpired term),Democratic,Dawn Deaner,101
Davidson,29-4,Criminal Court Judge Division III,20 (unexpired term),Democratic,Jim Todd,136
Davidson,29-4,Criminal Court Judge Division III,20 (unexpired term),Democratic,Ronald Jamar Dowdy,205
Davidson,29-4,Criminal Court Judge Division III,20 (unexpired term),Republican,No Candidate Qualified,0
Davidson,29-4,Public Defender,20,Democratic,Martesha Johnson,397
Davidson,29-4,Public Defender,20,Republican,No Candidate Qualified,0
Davidson,30-1,Circuit Court Judge Division III,20 (unexpired term),Democratic,Audrey Anderson,34
Davidson,30-1,Circuit Court Judge Division III,20 (unexpired term),Democratic,Bethany Peery Glandorf,34
Davidson,30-1,Circuit Court Judge Division III,20 (unexpired term),Democratic,Corletra Mance,53
Davidson,30-1,Circuit Court Judge Division III,20 (unexpired term),Republican,No Candidate Qualified,0
Davidson,30-1,Criminal Court Judge Division III,20 (unexpired term),Democratic,Dawn Deaner,56
Davidson,30-1,Criminal Court Judge Division III,20 (unexpired term),Democratic,Jim Todd,40
Davidson,30-1,Criminal Court Judge Division III,20 (unexpired term),Democratic,Ronald Jamar Dowdy,34
Davidson,30-1,Criminal Court Judge Division III,20 (unexpired term),Republican,No Candidate Qualified,0
Davidson,30-1,Public Defender,20,Democratic,Martesha Johnson,106
Davidson,30-1,Public Defender,20,Republican,No Candidate Qualified,0
Davidson,30-2,Circuit Court Judge Division III,20 (unexpired term),Democratic,Audrey Anderson,42
Davidson,30-2,Circuit Court Judge Division III,20 (unexpired term),Democratic,Bethany Peery Glandorf,31
Davidson,30-2,Circuit Court Judge Division III,20 (unexpired term),Democratic,Corletra Mance,52
Davidson,30-2,Circuit Court Judge Division III,20 (unexpired term),Republican,No Candidate Qualified,0
Davidson,30-2,Criminal Court Judge Division III,20 (unexpired term),Democratic,Dawn Deaner,22
Davidson,30-2,Criminal Court Judge Division III,20 (unexpired term),Democratic,Jim Todd,36
Davidson,30-2,Criminal Court Judge Division III,20 (unexpired term),Democratic,Ronald Jamar Dowdy,71
Davidson,30-2,Criminal Court Judge Division III,20 (unexpired term),Republican,No Candidate Qualified,0
Davidson,30-2,Public Defender,20,Democratic,Martesha Johnson,116
Davidson,30-2,Public Defender,20,Republican,No Candidate Qualified,0
Davidson,30-3,Circuit Court Judge Division III,20 (unexpired term),Democratic,Audrey Anderson,39
Davidson,30-3,Circuit Court Judge Division III,20 (unexpired term),Democratic,Bethany Peery Glandorf,56
Davidson,30-3,Circuit Court Judge Division III,20 (unexpired term),Democratic,Corletra Mance,57
Davidson,30-3,Circuit Court Judge Division III,20 (unexpired term),Republican,No Candidate Qualified,0
Davidson,30-3,Criminal Court Judge Division III,20 (unexpired term),Democratic,Dawn Deaner,56
Davidson,30-3,Criminal Court Judge Division III,20 (unexpired term),Democratic,Jim Todd,47
Davidson,30-3,Criminal Court Judge Division III,20 (unexpired term),Democratic,Ronald Jamar Dowdy,53
Davidson,30-3,Criminal Court Judge Division III,20 (unexpired term),Republican,No Candidate Qualified,0
Davidson,30-3,Public Defender,20,Democratic,Martesha Johnson,134
Davidson,30-3,Public Defender,20,Republican,No Candidate Qualified,0
Davidson,31-1,Circuit Court Judge Division III,20 (unexpired term),Democratic,Audrey Anderson,16
Davidson,31-1,Circuit Court Judge Division III,20 (unexpired term),Democratic,Bethany Peery Glandorf,5
Davidson,31-1,Circuit Court Judge Division III,20 (unexpired term),Democratic,Corletra Mance,25
Davidson,31-1,Circuit Court Judge Division III,20 (unexpired term),Republican,No Candidate Qualified,0
Davidson,31-1,Criminal Court Judge Division III,20 (unexpired term),Democratic,Dawn Deaner,5
Davidson,31-1,Criminal Court Judge Division III,20 (unexpired term),Democratic,Jim Todd,18
Davidson,31-1,Criminal Court Judge Division III,20 (unexpired term),Democratic,Ronald Jamar Dowdy,23
Davidson,31-1,Criminal Court Judge Division III,20 (unexpired term),Republican,No Candidate Qualified,0
Davidson,31-1,Public Defender,20,Democratic,Martesha Johnson,47
Davidson,31-1,Public Defender,20,Republican,No Candidate Qualified,0
Davidson,31-2,Circuit Court Judge Division III,20 (unexpired term),Democratic,Audrey Anderson,76
Davidson,31-2,Circuit Court Judge Division III,20 (unexpired term),Democratic,Bethany Peery Glandorf,87
Davidson,31-2,Circuit Court Judge Division III,20 (unexpired term),Democratic,Corletra Mance,155
Davidson,31-2,Circuit Court Judge Division III,20 (unexpired term),Republican,No Candidate Qualified,0
Davidson,31-2,Criminal Court Judge Division III,20 (unexpired term),Democratic,Dawn Deaner,132
Davidson,31-2,Criminal Court Judge Division III,20 (unexpired term),Democratic,Jim Todd,84
Davidson,31-2,Criminal Court Judge Division III,20 (unexpired term),Democratic,Ronald Jamar Dowdy,112
Davidson,31-2,Criminal Court Judge Division III,20 (unexpired term),Republican,No Candidate Qualified,0
Davidson,31-2,Public Defender,20,Democratic,Martesha Johnson,301
Davidson,31-2,Public Defender,20,Republican,No Candidate Qualified,0
Davidson,31-3,Circuit Court Judge Division III,20 (unexpired term),Democratic,Audrey Anderson,63
Davidson,31-3,Circuit Court Judge Division III,20 (unexpired term),Democratic,Bethany Peery Glandorf,64
Davidson,31-3,Circuit Court Judge Division III,20 (unexpired term),Democratic,Corletra Mance,101
Davidson,31-3,Circuit Court Judge Division III,20 (unexpired term),Republican,No Candidate Qualified,0
Davidson,31-3,Criminal Court Judge Division III,20 (unexpired term),Democratic,Dawn Deaner,78
Davidson,31-3,Criminal Court Judge Division III,20 (unexpired term),Democratic,Jim Todd,61
Davidson,31-3,Criminal Court Judge Division III,20 (unexpired term),Democratic,Ronald Jamar Dowdy,99
Davidson,31-3,Criminal Court Judge Division III,20 (unexpired term),Republican,No Candidate Qualified,0
Davidson,31-3,Public Defender,20,Democratic,Martesha Johnson,219
Davidson,31-3,Public Defender,20,Republican,No Candidate Qualified,0
Davidson,31-4,Circuit Court Judge Division III,20 (unexpired term),Democratic,Audrey Anderson,80
Davidson,31-4,Circuit Court Judge Division III,20 (unexpired term),Democratic,Bethany Peery Glandorf,68
Davidson,31-4,Circuit Court Judge Division III,20 (unexpired term),Democratic,Corletra Mance,113
Davidson,31-4,Circuit Court Judge Division III,20 (unexpired term),Republican,No Candidate Qualified,0
Davidson,31-4,Criminal Court Judge Division III,20 (unexpired term),Democratic,Dawn Deaner,67
Davidson,31-4,Criminal Court Judge Division III,20 (unexpired term),Democratic,Jim Todd,84
Davidson,31-4,Criminal Court Judge Division III,20 (unexpired term),Democratic,Ronald Jamar Dowdy,121
Davidson,31-4,Criminal Court Judge Division III,20 (unexpired term),Republican,No Candidate Qualified,0
Davidson,31-4,Public Defender,20,Democratic,Martesha Johnson,247
Davidson,31-4,Public Defender,20,Republican,No Candidate Qualified,0
Davidson,32-1,Circuit Court Judge Division III,20 (unexpired term),Democratic,Audrey Anderson,15
Davidson,32-1,Circuit Court Judge Division III,20 (unexpired term),Democratic,Bethany Peery Glandorf,12
Davidson,32-1,Circuit Court Judge Division III,20 (unexpired term),Democratic,Corletra Mance,38
Davidson,32-1,Circuit Court Judge Division III,20 (unexpired term),Republican,No Candidate Qualified,0
Davidson,32-1,Criminal Court Judge Division III,20 (unexpired term),Democratic,Dawn Deaner,17
Davidson,32-1,Criminal Court Judge Division III,20 (unexpired term),Democratic,Jim Todd,10
Davidson,32-1,Criminal Court Judge Division III,20 (unexpired term),Democratic,Ronald Jamar Dowdy,38
Davidson,32-1,Criminal Court Judge Division III,20 (unexpired term),Republican,No Candidate Qualified,0
Davidson,32-1,Public Defender,20,Democratic,Martesha Johnson,60
Davidson,32-1,Public Defender,20,Republican,No Candidate Qualified,0
Davidson,32-2,Circuit Court Judge Division III,20 (unexpired term),Democratic,Audrey Anderson,41
Davidson,32-2,Circuit Court Judge Division III,20 (unexpired term),Democratic,Bethany Peery Glandorf,26
Davidson,32-2,Circuit Court Judge Division III,20 (unexpired term),Democratic,Corletra Mance,59
Davidson,32-2,Circuit Court Judge Division III,20 (unexpired term),Republican,No Candidate Qualified,0
Davidson,32-2,Criminal Court Judge Division III,20 (unexpired term),Democratic,Dawn Deaner,36
Davidson,32-2,Criminal Court Judge Division III,20 (unexpired term),Democratic,Jim Todd,18
Davidson,32-2,Criminal Court Judge Division III,20 (unexpired term),Democratic,Ronald Jamar Dowdy,76
Davidson,32-2,Criminal Court Judge Division III,20 (unexpired term),Republican,No Candidate Qualified,0
Davidson,32-2,Public Defender,20,Democratic,Martesha Johnson,124
Davidson,32-2,Public Defender,20,Republican,No Candidate Qualified,0
Davidson,32-3,Circuit Court Judge Division III,20 (unexpired term),Democratic,Audrey Anderson,101
Davidson,32-3,Circuit Court Judge Division III,20 (unexpired term),Democratic,Bethany Peery Glandorf,81
Davidson,32-3,Circuit Court Judge Division III,20 (unexpired term),Democratic,Corletra Mance,205
Davidson,32-3,Circuit Court Judge Division III,20 (unexpired term),Republican,No Candidate Qualified,0
Davidson,32-3,Criminal Court Judge Division III,20 (unexpired term),Democratic,Dawn Deaner,85
Davidson,32-3,Criminal Court Judge Division III,20 (unexpired term),Democratic,Jim Todd,85
Davidson,32-3,Criminal Court Judge Division III,20 (unexpired term),Democratic,Ronald Jamar Dowdy,231
Davidson,32-3,Criminal Court Judge Division III,20 (unexpired term),Republican,No Candidate Qualified,0
Davidson,32-3,Public Defender,20,Democratic,Martesha Johnson,373
Davidson,32-3,Public Defender,20,Republican,No Candidate Qualified,0
Davidson,32-4,Circuit Court Judge Division III,20 (unexpired term),Democratic,Audrey Anderson,72
Davidson,32-4,Circuit Court Judge Division III,20 (unexpired term),Democratic,Bethany Peery Glandorf,55
Davidson,32-4,Circuit Court Judge Division III,20 (unexpired term),Democratic,Corletra Mance,170
Davidson,32-4,Circuit Court Judge Division III,20 (unexpired term),Republican,No Candidate Qualified,0
Davidson,32-4,Criminal Court Judge Division III,20 (unexpired term),Democratic,Dawn Deaner,70
Davidson,32-4,Criminal Court Judge Division III,20 (unexpired term),Democratic,Jim Todd,64
Davidson,32-4,Criminal Court Judge Division III,20 (unexpired term),Democratic,Ronald Jamar Dowdy,173
Davidson,32-4,Criminal Court Judge Division III,20 (unexpired term),Republican,No Candidate Qualified,0
Davidson,32-4,Public Defender,20,Democratic,Martesha Johnson,278
Davidson,32-4,Public Defender,20,Republican,No Candidate Qualified,0
Davidson,33-1,Circuit Court Judge Division III,20 (unexpired term),Democratic,Audrey Anderson,74
Davidson,33-1,Circuit Court Judge Division III,20 (unexpired term),Democratic,Bethany Peery Glandorf,79
Davidson,33-1,Circuit Court Judge Division III,20 (unexpired term),Democratic,Corletra Mance,104
Davidson,33-1,Circuit Court Judge Division III,20 (unexpired term),Republican,No Candidate Qualified,0
Davidson,33-1,Criminal Court Judge Division III,20 (unexpired term),Democratic,Dawn Deaner,92
Davidson,33-1,Criminal Court Judge Division III,20 (unexpired term),Democratic,Jim Todd,79
Davidson,33-1,Criminal Court Judge Division III,20 (unexpired term),Democratic,Ronald Jamar Dowdy,102
Davidson,33-1,Criminal Court Judge Division III,20 (unexpired term),Republican,No Candidate Qualified,0
Davidson,33-1,Public Defender,20,Democratic,Martesha Johnson,241
Davidson,33-1,Public Defender,20,Republican,No Candidate Qualified,0
Davidson,33-2,Circuit Court Judge Division III,20 (unexpired term),Democratic,Audrey Anderson,81
Davidson,33-2,Circuit Court Judge Division III,20 (unexpired term),Democratic,Bethany Peery Glandorf,44
Davidson,33-2,Circuit Court Judge Division III,20 (unexpired term),Democratic,Corletra Mance,171
Davidson,33-2,Circuit Court Judge Division III,20 (unexpired term),Republican,No Candidate Qualified,0
Davidson,33-2,Criminal Court Judge Division III,20 (unexpired term),Democratic,Dawn Deaner,60
Davidson,33-2,Criminal Court Judge Division III,20 (unexpired term),Democratic,Jim Todd,76
Davidson,33-2,Criminal Court Judge Division III,20 (unexpired term),Democratic,Ronald Jamar Dowdy,172
Davidson,33-2,Criminal Court Judge Division III,20 (unexpired term),Republican,No Candidate Qualified,0
Davidson,33-2,Public Defender,20,Democratic,Martesha Johnson,275
Davidson,33-2,Public Defender,20,Republican,No Candidate Qualified,0
Davidson,33-3,Circuit Court Judge Division III,20 (unexpired term),Democratic,Audrey Anderson,1
Davidson,33-3,Circuit Court Judge Division III,20 (unexpired term),Democratic,Bethany Peery Glandorf,3
Davidson,33-3,Circuit Court Judge Division III,20 (unexpired term),Democratic,Corletra Mance,1
Davidson,33-3,Circuit Court Judge Division III,20 (unexpired term),Republican,No Candidate Qualified,0
Davidson,33-3,Criminal Court Judge Division III,20 (unexpired term),Democratic,Dawn Deaner,1
Davidson,33-3,Criminal Court Judge Division III,20 (unexpired term),Democratic,Jim Todd,2
Davidson,33-3,Criminal Court Judge Division III,20 (unexpired term),Democratic,Ronald Jamar Dowdy,2
Davidson,33-3,Criminal Court Judge Division III,20 (unexpired term),Republican,No Candidate Qualified,0
Davidson,33-3,Public Defender,20,Democratic,Martesha Johnson,4
Davidson,33-3,Public Defender,20,Republican,No Candidate Qualified,0
Davidson,33-4,Circuit Court Judge Division III,20 (unexpired term),Democratic,Audrey Anderson,36
Davidson,33-4,Circuit Court Judge Division III,20 (unexpired term),Democratic,Bethany Peery Glandorf,26
Davidson,33-4,Circuit Court Judge Division III,20 (unexpired term),Democratic,Corletra Mance,73
Davidson,33-4,Circuit Court Judge Division III,20 (unexpired term),Republican,No Candidate Qualified,0
Davidson,33-4,Criminal Court Judge Division III,20 (unexpired term),Democratic,Dawn Deaner,48
Davidson,33-4,Criminal Court Judge Division III,20 (unexpired term),Democratic,Jim Todd,25
Davidson,33-4,Criminal Court Judge Division III,20 (unexpired term),Democratic,Ronald Jamar Dowdy,66
Davidson,33-4,Criminal Court Judge Division III,20 (unexpired term),Republican,No Candidate Qualified,0
Davidson,33-4,Public Defender,20,Democratic,Martesha Johnson,129
Davidson,33-4,Public Defender,20,Republican,No Candidate Qualified,0
Davidson,33-5,Circuit Court Judge Division III,20 (unexpired term),Democratic,Audrey Anderson,10
Davidson,33-5,Circuit Court Judge Division III,20 (unexpired term),Democratic,Bethany Peery Glandorf,5
Davidson,33-5,Circuit Court Judge Division III,20 (unexpired term),Democratic,Corletra Mance,20
Davidson,33-5,Circuit Court Judge Division III,20 (unexpired term),Republican,No Candidate Qualified,0
Davidson,33-5,Criminal Court Judge Division III,20 (unexpired term),Democratic,Dawn Deaner,8
Davidson,33-5,Criminal Court Judge Division III,20 (unexpired term),Democratic,Jim Todd,8
Davidson,33-5,Criminal Court Judge Division III,20 (unexpired term),Democratic,Ronald Jamar Dowdy,22
Davidson,33-5,Criminal Court Judge Division III,20 (unexpired term),Republican,No Candidate Qualified,0
Davidson,33-5,Public Defender,20,Democratic,Martesha Johnson,33
Davidson,33-5,Public Defender,20,Republican,No Candidate Qualified,0
Davidson,33-6,Circuit Court Judge Division III,20 (unexpired term),Democratic,Audrey Anderson,35
Davidson,33-6,Circuit Court Judge Division III,20 (unexpired term),Democratic,Bethany Peery Glandorf,29
Davidson,33-6,Circuit Court Judge Division III,20 (unexpired term),Democratic,Corletra Mance,33
Davidson,33-6,Circuit Court Judge Division III,20 (unexpired term),Republican,No Candidate Qualified,0
Davidson,33-6,Criminal Court Judge Division III,20 (unexpired term),Democratic,Dawn Deaner,27
Davidson,33-6,Criminal Court Judge Division III,20 (unexpired term),Democratic,Jim Todd,27
Davidson,33-6,Criminal Court Judge Division III,20 (unexpired term),Democratic,Ronald Jamar Dowdy,50
Davidson,33-6,Criminal Court Judge Division III,20 (unexpired term),Republican,No Candidate Qualified,0
Davidson,33-6,Public Defender,20,Democratic,Martesha Johnson,85
Davidson,33-6,Public Defender,20,Republican,No Candidate Qualified,0
Davidson,34-1,Circuit Court Judge Division III,20 (unexpired term),Democratic,Audrey Anderson,55
Davidson,34-1,Circuit Court Judge Division III,20 (unexpired term),Democratic,Bethany Peery Glandorf,220
Davidson,34-1,Circuit Court Judge Division III,20 (unexpired term),Democratic,Corletra Mance,47
Davidson,34-1,Circuit Court Judge Division III,20 (unexpired term),Republican,No Candidate Qualified,0
Davidson,34-1,Criminal Court Judge Division III,20 (unexpired term),Democratic,Dawn Deaner,83
Davidson,34-1,Criminal Court Judge Division III,20 (unexpired term),Democratic,Jim Todd,240
Davidson,34-1,Criminal Court Judge Division III,20 (unexpired term),Democratic,Ronald Jamar Dowdy,32
Davidson,34-1,Criminal Court Judge Division III,20 (unexpired term),Republican,No Candidate Qualified,0
Davidson,34-1,Public Defender,20,Democratic,Martesha Johnson,270
Davidson,34-1,Public Defender,20,Republican,No Candidate Qualified,0
Davidson,34-2,Circuit Court Judge Division III,20 (unexpired term),Democratic,Audrey Anderson,17
Davidson,34-2,Circuit Court Judge Division III,20 (unexpired term),Democratic,Bethany Peery Glandorf,92
Davidson,34-2,Circuit Court Judge Division III,20 (unexpired term),Democratic,Corletra Mance,12
Davidson,34-2,Circuit Court Judge Division III,20 (unexpired term),Republican,No Candidate Qualified,0
Davidson,34-2,Criminal Court Judge Division III,20 (unexpired term),Democratic,Dawn Deaner,37
Davidson,34-2,Criminal Court Judge Division III,20 (unexpired term),Democratic,Jim Todd,79
Davidson,34-2,Criminal Court Judge Division III,20 (unexpired term),Democratic,Ronald Jamar Dowdy,11
Davidson,34-2,Criminal Court Judge Division III,20 (unexpired term),Republican,No Candidate Qualified,0
Davidson,34-2,Public Defender,20,Democratic,Martesha Johnson,96
Davidson,34-2,Public Defender,20,Republican,No Candidate Qualified,0
Davidson,34-3,Circuit Court Judge Division III,20 (unexpired term),Democratic,Audrey Anderson,56
Davidson,34-3,Circuit Court Judge Division III,20 (unexpired term),Democratic,Bethany Peery Glandorf,62
Davidson,34-3,Circuit Court Judge Division III,20 (unexpired term),Democratic,Corletra Mance,75
Davidson,34-3,Circuit Court Judge Division III,20 (unexpired term),Republican,No Candidate Qualified,0
Davidson,34-3,Criminal Court Judge Division III,20 (unexpired term),Democratic,Dawn Deaner,104
Davidson,34-3,Criminal Court Judge Division III,20 (unexpired term),Democratic,Jim Todd,53
Davidson,34-3,Criminal Court Judge Division III,20 (unexpired term),Democratic,Ronald Jamar Dowdy,40
Davidson,34-3,Criminal Court Judge Division III,20 (unexpired term),Republican,No Candidate Qualified,0
Davidson,34-3,Public Defender,20,Democratic,Martesha Johnson,181
Davidson,34-3,Public Defender,20,Republican,No Candidate Qualified,0
Davidson,34-4,Circuit Court Judge Division III,20 (unexpired term),Democratic,Audrey Anderson,57
Davidson,34-4,Circuit Court Judge Division III,20 (unexpired term),Democratic,Bethany Peery Glandorf,181
Davidson,34-4,Circuit Court Judge Division III,20 (unexpired term),Democratic,Corletra Mance,35
Davidson,34-4,Circuit Court Judge Division III,20 (unexpired term),Republican,No Candidate Qualified,0
Davidson,34-4,Criminal Court Judge Division III,20 (unexpired term),Democratic,Dawn Deaner,80
Davidson,34-4,Criminal Court Judge Division III,20 (unexpired term),Democratic,Jim Todd,203
Davidson,34-4,Criminal Court Judge Division III,20 (unexpired term),Democratic,Ronald Jamar Dowdy,20
Davidson,34-4,Criminal Court Judge Division III,20 (unexpired term),Republican,No Candidate Qualified,0
Davidson,34-4,Public Defender,20,Democratic,Martesha Johnson,234
Davidson,34-4,Public Defender,20,Republican,No Candidate Qualified,0
Davidson,34-5,Circuit Court Judge Division III,20 (unexpired term),Democratic,Audrey Anderson,68
Davidson,34-5,Circuit Court Judge Division III,20 (unexpired term),Democratic,Bethany Peery Glandorf,234
Davidson,34-5,Circuit Court Judge Division III,20 (unexpired term),Democratic,Corletra Mance,44
Davidson,34-5,Circuit Court Judge Division III,20 (unexpired term),Republican,No Candidate Qualified,0
Davidson,34-5,Criminal Court Judge Division III,20 (unexpired term),Democratic,Dawn Deaner,121
Davidson,34-5,Criminal Court Judge Division III,20 (unexpired term),Democratic,Jim Todd,236
Davidson,34-5,Criminal Court Judge Division III,20 (unexpired term),Democratic,Ronald Jamar Dowdy,28
Davidson,34-5,Criminal Court Judge Division III,20 (unexpired term),Republican,No Candidate Qualified,0
Davidson,34-5,Public Defender,20,Democratic,Martesha Johnson,288
Davidson,34-5,Public Defender,20,Republican,No Candidate Qualified,0
Davidson,34-6,Circuit Court Judge Division III,20 (unexpired term),Democratic,Audrey Anderson,6
Davidson,34-6,Circuit Court Judge Division III,20 (unexpired term),Democratic,Bethany Peery Glandorf,15
Davidson,34-6,Circuit Court Judge Division III,20 (unexpired term),Democratic,Corletra Mance,3
Davidson,34-6,Circuit Court Judge Division III,20 (unexpired term),Republican,No Candidate Qualified,0
Davidson,34-6,Criminal Court Judge Division III,20 (unexpired term),Democratic,Dawn Deaner,6
Davidson,34-6,Criminal Court Judge Division III,20 (unexpired term),Democratic,Jim Todd,13
Davidson,34-6,Criminal Court Judge Division III,20 (unexpired term),Democratic,Ronald Jamar Dowdy,5
Davidson,34-6,Criminal Court Judge Division III,20 (unexpired term),Republican,No Candidate Qualified,0
Davidson,34-6,Public Defender,20,Democratic,Martesha Johnson,18
Davidson,34-6,Public Defender,20,Republican,No Candidate Qualified,0
Davidson,35-1,Circuit Court Judge Division III,20 (unexpired term),Democratic,Audrey Anderson,8
Davidson,35-1,Circuit Court Judge Division III,20 (unexpired term),Democratic,Bethany Peery Glandorf,23
Davidson,35-1,Circuit Court Judge Division III,20 (unexpired term),Democratic,Corletra Mance,6
Davidson,35-1,Circuit Court Judge Division III,20 (unexpired term),Republican,No Candidate Qualified,0
Davidson,35-1,Criminal Court Judge Division III,20 (unexpired term),Democratic,Dawn Deaner,14
Davidson,35-1,Criminal Court Judge Division III,20 (unexpired term),Democratic,Jim Todd,21
Davidson,35-1,Criminal Court Judge Division III,20 (unexpired term),Democratic,Ronald Jamar Dowdy,8
Davidson,35-1,Criminal Court Judge Division III,20 (unexpired term),Republican,No Candidate Qualified,0
Davidson,35-1,Public Defender,20,Democratic,Martesha Johnson,30
Davidson,35-1,Public Defender,20,Republican,No Candidate Qualified,0
Davidson,35-2,Circuit Court Judge Division III,20 (unexpired term),Democratic,Audrey Anderson,99
Davidson,35-2,Circuit Court Judge Division III,20 (unexpired term),Democratic,Bethany Peery Glandorf,224
Davidson,35-2,Circuit Court Judge Division III,20 (unexpired term),Democratic,Corletra Mance,92
Davidson,35-2,Circuit Court Judge Division III,20 (unexpired term),Republican,No Candidate Qualified,0
Davidson,35-2,Criminal Court Judge Division III,20 (unexpired term),Democratic,Dawn Deaner,172
Davidson,35-2,Criminal Court Judge Division III,20 (unexpired term),Democratic,Jim Todd,203
Davidson,35-2,Criminal Court Judge Division III,20 (unexpired term),Democratic,Ronald Jamar Dowdy,64
Davidson,35-2,Criminal Court Judge Division III,20 (unexpired term),Republican,No Candidate Qualified,0
Davidson,35-2,Public Defender,20,Democratic,Martesha Johnson,371
Davidson,35-2,Public Defender,20,Republican,No Candidate Qualified,0
Davidson,35-3,Circuit Court Judge Division III,20 (unexpired term),Democratic,Audrey Anderson,90
Davidson,35-3,Circuit Court Judge Division III,20 (unexpired term),Democratic,Bethany Peery Glandorf,195
Davidson,35-3,Circuit Court Judge Division III,20 (unexpired term),Democratic,Corletra Mance,87
Davidson,35-3,Circuit Court Judge Division III,20 (unexpired term),Republican,No Candidate Qualified,0
Davidson,35-3,Criminal Court Judge Division III,20 (unexpired term),Democratic,Dawn Deaner,168
Davidson,35-3,Criminal Court Judge Division III,20 (unexpired term),Democratic,Jim Todd,146
Davidson,35-3,Criminal Court Judge Division III,20 (unexpired term),Democratic,Ronald Jamar Dowdy,73
Davidson,35-3,Criminal Court Judge Division III,20 (unexpired term),Republican,No Candidate Qualified,0
Davidson,35-3,Public Defender,20,Democratic,Martesha Johnson,346
Davidson,35-3,Public Defender,20,Republican,No Candidate Qualified,0
Davidson,35-4,Circuit Court Judge Division III,20 (unexpired term),Democratic,Audrey Anderson,14
Davidson,35-4,Circuit Court Judge Division III,20 (unexpired term),Democratic,Bethany Peery Glandorf,26
Davidson,35-4,Circuit Court Judge Division III,20 (unexpired term),Democratic,Corletra Mance,27
Davidson,35-4,Circuit Court Judge Division III,20 (unexpired term),Republican,No Candidate Qualified,0
Davidson,35-4,Criminal Court Judge Division III,20 (unexpired term),Democratic,Dawn Deaner,31
Davidson,35-4,Criminal Court Judge Division III,20 (unexpired term),Democratic,Jim Todd,17
Davidson,35-4,Criminal Court Judge Division III,20 (unexpired term),Democratic,Ronald Jamar Dowdy,19
Davidson,35-4,Criminal Court Judge Division III,20 (unexpired term),Republican,No Candidate Qualified,0
Davidson,35-4,Public Defender,20,Democratic,Martesha Johnson,65
Davidson,35-4,Public Defender,20,Republican,No Candidate Qualified,0
Davidson,35-5,Circuit Court Judge Division III,20 (unexpired term),Democratic,Audrey Anderson,112
Davidson,35-5,Circuit Court Judge Division III,20 (unexpired term),Democratic,Bethany Peery Glandorf,183
Davidson,35-5,Circuit Court Judge Division III,20 (unexpired term),Democratic,Corletra Mance,98
Davidson,35-5,Circuit Court Judge Division III,20 (unexpired term),Republican,No Candidate Qualified,0
Davidson,35-5,Criminal Court Judge Division III,20 (unexpired term),Democratic,Dawn Deaner,174
Davidson,35-5,Criminal Court Judge Division III,20 (unexpired term),Democratic,Jim Todd,158
Davidson,35-5,Criminal Court Judge Division III,20 (unexpired term),Democratic,Ronald Jamar Dowdy,73
Davidson,35-5,Criminal Court Judge Division III,20 (unexpired term),Republican,No Candidate Qualified,0
Davidson,35-5,Public Defender,20,Democratic,Martesha Johnson,363
Davidson,35-5,Public Defender,20,Republican,No Candidate Qualified,0
Davidson,All County Precinct,Circuit Court Judge Division III,20 (unexpired term),Democratic,Audrey Anderson,0
Davidson,All County Precinct,Circuit Court Judge Division III,20 (unexpired term),Democratic,Bethany Peery Glandorf,0
Davidson,All County Precinct,Circuit Court Judge Division III,20 (unexpired term),Democratic,Corletra Mance,0
Davidson,All County Precinct,Circuit Court Judge Division III,20 (unexpired term),Republican,No Candidate Qualified,0
Davidson,All County Precinct,Criminal Court Judge Division III,20 (unexpired term),Democratic,Dawn Deaner,0
Davidson,All County Precinct,Criminal Court Judge Division III,20 (unexpired term),Democratic,Jim Todd,0
Davidson,All County Precinct,Criminal Court Judge Division III,20 (unexpired term),Democratic,Ronald Jamar Dowdy,0
Davidson,All County Precinct,Criminal Court Judge Division III,20 (unexpired term),Republican,No Candidate Qualified,0
Davidson,All County Precinct,Public Defender,20,Democratic,Martesha Johnson,0
Davidson,All County Precinct,Public Defender,20,Republican,No Candidate Qualified,0
Dickson,1-1,Circuit Court Judge Division IV,23 (unexpired term),Republican,Joshua Turnbow,385
Dickson,10-1,Circuit Court Judge Division IV,23 (unexpired term),Republican,Joshua Turnbow,338
Dickson,11-1,Circuit Court Judge Division IV,23 (unexpired term),Republican,Joshua Turnbow,233
Dickson,12-1,Circuit Court Judge Division IV,23 (unexpired term),Republican,Joshua Turnbow,314
Dickson,2-1,Circuit Court Judge Division IV,23 (unexpired term),Republican,Joshua Turnbow,372
Dickson,3-1,Circuit Court Judge Division IV,23 (unexpired term),Republican,Joshua Turnbow,286
Dickson,4-1,Circuit Court Judge Division IV,23 (unexpired term),Republican,Joshua Turnbow,294
Dickson,5-1,Circuit Court Judge Division IV,23 (unexpired term),Republican,Joshua Turnbow,200
Dickson,6-1,Circuit Court Judge Division IV,23 (unexpired term),Republican,Joshua Turnbow,114
Dickson,6-2,Circuit Court Judge Division IV,23 (unexpired term),Republican,Joshua Turnbow,188
Dickson,7-1,Circuit Court Judge Division IV,23 (unexpired term),Republican,Joshua Turnbow,231
Dickson,8-1,Circuit Court Judge Division IV,23 (unexpired term),Republican,Joshua Turnbow,141
Dickson,9-1,Circuit Court Judge Division IV,23 (unexpired term),Republican,Joshua Turnbow,324
Giles,1A Ardmore,Circuit Court Judge Part I,22 (unexpired term),Democratic,No Candidate Qualified,0
Giles,1B Prospect,Circuit Court Judge Part I,22 (unexpired term),Democratic,No Candidate Qualified,0
Giles,2A Minor Hill,Circuit Court Judge Part I,22 (unexpired term),Democratic,No Candidate Qualified,0
Giles,2B Airport,Circuit Court Judge Part I,22 (unexpired term),Democratic,No Candidate Qualified,0
Giles,3A Richland Trace,Circuit Court Judge Part I,22 (unexpired term),Democratic,No Candidate Qualified,0
Giles,3B Campbellsville,Circuit Court Judge Part I,22 (unexpired term),Democratic,No Candidate Qualified,0
Giles,4A Lynnville,Circuit Court Judge Part I,22 (unexpired term),Democratic,No Candidate Qualified,0
Giles,4B Odd Fellows Hall,Circuit Court Judge Part I,22 (unexpired term),Democratic,No Candidate Qualified,0
Giles,5A TCAT,Circuit Court Judge Part I,22 (unexpired term),Democratic,No Candidate Qualified,0
Giles,5B Agri-Park,Circuit Court Judge Part I,22 (unexpired term),Democratic,No Candidate Qualified,0
Giles,6A UTS,Circuit Court Judge Part I,22 (unexpired term),Democratic,No Candidate Qualified,0
Giles,6B Bridgeforth,Circuit Court Judge Part I,22 (unexpired term),Democratic,No Candidate Qualified,0
Giles,7A GCHS,Circuit Court Judge Part I,22 (unexpired term),Democratic,No Candidate Qualified,0
Giles,7B Rec Center,Circuit Court Judge Part I,22 (unexpired term),Democratic,No Candidate Qualified,0
Grainger,1-1,Circuit Court Judge Part IV,4 (unexpired term),Democratic,No Candidate Qualified,0
Grainger,1-1,Circuit Court Judge Part IV,4 (unexpired term),Republican,Jeremy Ball,221
Grainger,1-1,Circuit Court Judge Part V,4 (unexpired term),Democratic,No Candidate Qualified,0
Grainger,1-1,Circuit Court Judge Part V,4 (unexpired term),Republican,Adrienne Ogle,217
Grainger,1-2,Circuit Court Judge Part IV,4 (unexpired term),Democratic,No Candidate Qualified,0
Grainger,1-2,Circuit Court Judge Part IV,4 (unexpired term),Republican,Jeremy Ball,273
Grainger,1-2,Circuit Court Judge Part V,4 (unexpired term),Democratic,No Candidate Qualified,0
Grainger,1-2,Circuit Court Judge Part V,4 (unexpired term),Republican,Adrienne Ogle,260
Grainger,2-1,Circuit Court Judge Part IV,4 (unexpired term),Democratic,No Candidate Qualified,0
Grainger,2-1,Circuit Court Judge Part IV,4 (unexpired term),Republican,Jeremy Ball,97
Grainger,2-1,Circuit Court Judge Part V,4 (unexpired term),Democratic,No Candidate Qualified,0
Grainger,2-1,Circuit Court Judge Part V,4 (unexpired term),Republican,Adrienne Ogle,97
Grainger,2-2,Circuit Court Judge Part IV,4 (unexpired term),Democratic,No Candidate Qualified,0
Grainger,2-2,Circuit Court Judge Part IV,4 (unexpired term),Republican,Jeremy Ball,271
Grainger,2-2,Circuit Court Judge Part V,4 (unexpired term),Democratic,No Candidate Qualified,0
Grainger,2-2,Circuit Court Judge Part V,4 (unexpired term),Republican,Adrienne Ogle,261
Grainger,3-1,Circuit Court Judge Part IV,4 (unexpired term),Democratic,No Candidate Qualified,0
Grainger,3-1,Circuit Court Judge Part IV,4 (unexpired term),Republican,Jeremy Ball,149
Grainger,3-1,Circuit Court Judge Part V,4 (unexpired term),Democratic,No Candidate Qualified,0
Grainger,3-1,Circuit Court Judge Part V,4 (unexpired term),Republican,Adrienne Ogle,144
Grainger,3-2,Circuit Court Judge Part IV,4 (unexpired term),Democratic,No Candidate Qualified,0
Grainger,3-2,Circuit Court Judge Part IV,4 (unexpired term),Republican,Jeremy Ball,279
Grainger,3-2,Circuit Court Judge Part V,4 (unexpired term),Democratic,No Candidate Qualified,0
Grainger,3-2,Circuit Court Judge Part V,4 (unexpired term),Republican,Adrienne Ogle,278
Grainger,4-1,Circuit Court Judge Part IV,4 (unexpired term),Democratic,No Candidate Qualified,0
Grainger,4-1,Circuit Court Judge Part IV,4 (unexpired term),Republican,Jeremy Ball,148
Grainger,4-1,Circuit Court Judge Part V,4 (unexpired term),Democratic,No Candidate Qualified,0
Grainger,4-1,Circuit Court Judge Part V,4 (unexpired term),Republican,Adrienne Ogle,147
Grainger,4-2,Circuit Court Judge Part IV,4 (unexpired term),Democratic,No Candidate Qualified,0
Grainger,4-2,Circuit Court Judge Part IV,4 (unexpired term),Republican,Jeremy Ball,249
Grainger,4-2,Circuit Court Judge Part V,4 (unexpired term),Democratic,No Candidate Qualified,0
Grainger,4-2,Circuit Court Judge Part V,4 (unexpired term),Republican,Adrienne Ogle,238
Grainger,5-1,Circuit Court Judge Part IV,4 (unexpired term),Democratic,No Candidate Qualified,0
Grainger,5-1,Circuit Court Judge Part IV,4 (unexpired term),Republican,Jeremy Ball,148
Grainger,5-1,Circuit Court Judge Part V,4 (unexpired term),Democratic,No Candidate Qualified,0
Grainger,5-1,Circuit Court Judge Part V,4 (unexpired term),Republican,Adrienne Ogle,141
Grainger,5-2,Circuit Court Judge Part IV,4 (unexpired term),Democratic,No Candidate Qualified,0
Grainger,5-2,Circuit Court Judge Part IV,4 (unexpired term),Republican,Jeremy Ball,175
Grainger,5-2,Circuit Court Judge Part V,4 (unexpired term),Democratic,No Candidate Qualified,0
Grainger,5-2,Circuit Court Judge Part V,4 (unexpired term),Republican,Adrienne Ogle,169
Hamilton,Airport A,Circuit Court Judge Division 2,11 (unexpired term),Democratic,No Candidate Qualified,0
Hamilton,Airport A,Circuit Court Judge Division 2,11 (unexpired term),Republican,Jennifer K. Peck,2
Hamilton,Airport B,Circuit Court Judge Division 2,11 (unexpired term),Democratic,No Candidate Qualified,0
Hamilton,Airport B,Circuit Court Judge Division 2,11 (unexpired term),Republican,Jennifer K. Peck,48
Hamilton,Alton Park,Circuit Court Judge Division 2,11 (unexpired term),Democratic,No Candidate Qualified,0
Hamilton,Alton Park,Circuit Court Judge Division 2,11 (unexpired term),Republican,Jennifer K. Peck,6
Hamilton,Apison A,Circuit Court Judge Division 2,11 (unexpired term),Democratic,No Candidate Qualified,0
Hamilton,Apison A,Circuit Court Judge Division 2,11 (unexpired term),Republican,Jennifer K. Peck,66
Hamilton,Apison B,Circuit Court Judge Division 2,11 (unexpired term),Democratic,No Candidate Qualified,0
Hamilton,Apison B,Circuit Court Judge Division 2,11 (unexpired term),Republican,Jennifer K. Peck,192
Hamilton,Avondale,Circuit Court Judge Division 2,11 (unexpired term),Democratic,No Candidate Qualified,0
Hamilton,Avondale,Circuit Court Judge Division 2,11 (unexpired term),Republican,Jennifer K. Peck,2
Hamilton,Birchwood,Circuit Court Judge Division 2,11 (unexpired term),Democratic,No Candidate Qualified,0
Hamilton,Birchwood,Circuit Court Judge Division 2,11 (unexpired term),Republican,Jennifer K. Peck,241
Hamilton,Bonny Oaks,Circuit Court Judge Division 2,11 (unexpired term),Democratic,No Candidate Qualified,0
Hamilton,Bonny Oaks,Circuit Court Judge Division 2,11 (unexpired term),Republican,Jennifer K. Peck,18
Hamilton,Brainerd,Circuit Court Judge Division 2,11 (unexpired term),Democratic,No Candidate Qualified,0
Hamilton,Brainerd,Circuit Court Judge Division 2,11 (unexpired term),Republican,Jennifer K. Peck,49
Hamilton,Brainerd Hills,Circuit Court Judge Division 2,11 (unexpired term),Democratic,No Candidate Qualified,0
Hamilton,Brainerd Hills,Circuit Court Judge Division 2,11 (unexpired term),Republican,Jennifer K. Peck,45
Hamilton,Bushtown,Circuit Court Judge Division 2,11 (unexpired term),Democratic,No Candidate Qualified,0
Hamilton,Bushtown,Circuit Court Judge Division 2,11 (unexpired term),Republican,Jennifer K. Peck,16
Hamilton,Collegedale A,Circuit Court Judge Division 2,11 (unexpired term),Democratic,No Candidate Qualified,0
Hamilton,Collegedale A,Circuit Court Judge Division 2,11 (unexpired term),Republican,Jennifer K. Peck,84
Hamilton,Collegedale B,Circuit Court Judge Division 2,11 (unexpired term),Democratic,No Candidate Qualified,0
Hamilton,Collegedale B,Circuit Court Judge Division 2,11 (unexpired term),Republican,Jennifer K. Peck,100
Hamilton,Concord A,Circuit Court Judge Division 2,11 (unexpired term),Democratic,No Candidate Qualified,0
Hamilton,Concord A,Circuit Court Judge Division 2,11 (unexpired term),Republican,Jennifer K. Peck,42
Hamilton,Concord B,Circuit Court Judge Division 2,11 (unexpired term),Democratic,No Candidate Qualified,0
Hamilton,Concord B,Circuit Court Judge Division 2,11 (unexpired term),Republican,Jennifer K. Peck,80
Hamilton,Courthouse,Circuit Court Judge Division 2,11 (unexpired term),Democratic,No Candidate Qualified,0
Hamilton,Courthouse,Circuit Court Judge Division 2,11 (unexpired term),Republican,Jennifer K. Peck,12
Hamilton,Dalewood,Circuit Court Judge Division 2,11 (unexpired term),Democratic,No Candidate Qualified,0
Hamilton,Dalewood,Circuit Court Judge Division 2,11 (unexpired term),Republican,Jennifer K. Peck,11
Hamilton,Dallas,Circuit Court Judge Division 2,11 (unexpired term),Democratic,No Candidate Qualified,0
Hamilton,Dallas,Circuit Court Judge Division 2,11 (unexpired term),Republican,Jennifer K. Peck,137
Hamilton,Downtown,Circuit Court Judge Division 2,11 (unexpired term),Democratic,No Candidate Qualified,0
Hamilton,Downtown,Circuit Court Judge Division 2,11 (unexpired term),Republican,Jennifer K. Peck,35
Hamilton,DuPont,Circuit Court Judge Division 2,11 (unexpired term),Democratic,No Candidate Qualified,0
Hamilton,DuPont,Circuit Court Judge Division 2,11 (unexpired term),Republican,Jennifer K. Peck,116
Hamilton,East Brainerd A,Circuit Court Judge Division 2,11 (unexpired term),Democratic,No Candidate Qualified,0
Hamilton,East Brainerd A,Circuit Court Judge Division 2,11 (unexpired term),Republican,Jennifer K. Peck,85
Hamilton,East Brainerd B,Circuit Court Judge Division 2,11 (unexpired term),Democratic,No Candidate Qualified,0
Hamilton,East Brainerd B,Circuit Court Judge Division 2,11 (unexpired term),Republican,Jennifer K. Peck,136
Hamilton,East Chattanooga,Circuit Court Judge Division 2,11 (unexpired term),Democratic,No Candidate Qualified,0
Hamilton,East Chattanooga,Circuit Court Judge Division 2,11 (unexpired term),Republican,Jennifer K. Peck,9
Hamilton,East Lake,Circuit Court Judge Division 2,11 (unexpired term),Democratic,No Candidate Qualified,0
Hamilton,East Lake,Circuit Court Judge Division 2,11 (unexpired term),Republican,Jennifer K. Peck,27
Hamilton,East Ridge A,Circuit Court Judge Division 2,11 (unexpired term),Democratic,No Candidate Qualified,0
Hamilton,East Ridge A,Circuit Court Judge Division 2,11 (unexpired term),Republican,Jennifer K. Peck,139
Hamilton,East Ridge B,Circuit Court Judge Division 2,11 (unexpired term),Democratic,No Candidate Qualified,0
Hamilton,East Ridge B,Circuit Court Judge Division 2,11 (unexpired term),Republican,Jennifer K. Peck,168
Hamilton,East Ridge C,Circuit Court Judge Division 2,11 (unexpired term),Democratic,No Candidate Qualified,0
Hamilton,East Ridge C,Circuit Court Judge Division 2,11 (unexpired term),Republican,Jennifer K. Peck,62
Hamilton,East Ridge D,Circuit Court Judge Division 2,11 (unexpired term),Democratic,No Candidate Qualified,0
Hamilton,East Ridge D,Circuit Court Judge Division 2,11 (unexpired term),Republican,Jennifer K. Peck,93
Hamilton,Eastgate,Circuit Court Judge Division 2,11 (unexpired term),Democratic,No Candidate Qualified,0
Hamilton,Eastgate,Circuit Court Judge Division 2,11 (unexpired term),Republican,Jennifer K. Peck,24
Hamilton,Eastside,Circuit Court Judge Division 2,11 (unexpired term),Democratic,No Candidate Qualified,0
Hamilton,Eastside,Circuit Court Judge Division 2,11 (unexpired term),Republican,Jennifer K. Peck,42
Hamilton,Fairmount,Circuit Court Judge Division 2,11 (unexpired term),Democratic,No Candidate Qualified,0
Hamilton,Fairmount,Circuit Court Judge Division 2,11 (unexpired term),Republican,Jennifer K. Peck,222
Hamilton,Falling Water A,Circuit Court Judge Division 2,11 (unexpired term),Democratic,No Candidate Qualified,0
Hamilton,Falling Water A,Circuit Court Judge Division 2,11 (unexpired term),Republican,Jennifer K. Peck,24
Hamilton,Falling Water B,Circuit Court Judge Division 2,11 (unexpired term),Democratic,No Candidate Qualified,0
Hamilton,Falling Water B,Circuit Court Judge Division 2,11 (unexpired term),Republican,Jennifer K. Peck,92
Hamilton,Flat Top Mountain,Circuit Court Judge Division 2,11 (unexpired term),Democratic,No Candidate Qualified,0
Hamilton,Flat Top Mountain,Circuit Court Judge Division 2,11 (unexpired term),Republican,Jennifer K. Peck,34
Hamilton,Ganns,Circuit Court Judge Division 2,11 (unexpired term),Democratic,No Candidate Qualified,0
Hamilton,Ganns,Circuit Court Judge Division 2,11 (unexpired term),Republican,Jennifer K. Peck,169
Hamilton,Glenwood,Circuit Court Judge Division 2,11 (unexpired term),Democratic,No Candidate Qualified,0
Hamilton,Glenwood,Circuit Court Judge Division 2,11 (unexpired term),Republican,Jennifer K. Peck,21
Hamilton,Harrison,Circuit Court Judge Division 2,11 (unexpired term),Democratic,No Candidate Qualified,0
Hamilton,Harrison,Circuit Court Judge Division 2,11 (unexpired term),Republican,Jennifer K. Peck,258
Hamilton,Harrison Bay,Circuit Court Judge Division 2,11 (unexpired term),Democratic,No Candidate Qualified,0
Hamilton,Harrison Bay,Circuit Court Judge Division 2,11 (unexpired term),Republican,Jennifer K. Peck,436
Hamilton,Hixson,Circuit Court Judge Division 2,11 (unexpired term),Democratic,No Candidate Qualified,0
Hamilton,Hixson,Circuit Court Judge Division 2,11 (unexpired term),Republican,Jennifer K. Peck,90
Hamilton,Hunter,Circuit Court Judge Division 2,11 (unexpired term),Democratic,No Candidate Qualified,0
Hamilton,Hunter,Circuit Court Judge Division 2,11 (unexpired term),Republican,Jennifer K. Peck,309
Hamilton,Hurricane Creek,Circuit Court Judge Division 2,11 (unexpired term),Democratic,No Candidate Qualified,0
Hamilton,Hurricane Creek,Circuit Court Judge Division 2,11 (unexpired term),Republican,Jennifer K. Peck,192
Hamilton,Kingspoint,Circuit Court Judge Division 2,11 (unexpired term),Democratic,No Candidate Qualified,0
Hamilton,Kingspoint,Circuit Court Judge Division 2,11 (unexpired term),Republican,Jennifer K. Peck,17
Hamilton,Lake Hills,Circuit Court Judge Division 2,11 (unexpired term),Democratic,No Candidate Qualified,0
Hamilton,Lake Hills,Circuit Court Judge Division 2,11 (unexpired term),Republican,Jennifer K. Peck,16
Hamilton,Lakesite,Circuit Court Judge Division 2,11 (unexpired term),Democratic,No Candidate Qualified,0
Hamilton,Lakesite,Circuit Court Judge Division 2,11 (unexpired term),Republican,Jennifer K. Peck,58
Hamilton,Lookout Mountain,Circuit Court Judge Division 2,11 (unexpired term),Democratic,No Candidate Qualified,0
Hamilton,Lookout Mountain,Circuit Court Judge Division 2,11 (unexpired term),Republican,Jennifer K. Peck,50
Hamilton,Lookout Valley,Circuit Court Judge Division 2,11 (unexpired term),Democratic,No Candidate Qualified,0
Hamilton,Lookout Valley,Circuit Court Judge Division 2,11 (unexpired term),Republican,Jennifer K. Peck,184
Hamilton,Lupton City,Circuit Court Judge Division 2,11 (unexpired term),Democratic,No Candidate Qualified,0
Hamilton,Lupton City,Circuit Court Judge Division 2,11 (unexpired term),Republican,Jennifer K. Peck,87
Hamilton,Meadowview,Circuit Court Judge Division 2,11 (unexpired term),Democratic,No Candidate Qualified,0
Hamilton,Meadowview,Circuit Court Judge Division 2,11 (unexpired term),Republican,Jennifer K. Peck,317
Hamilton,Middle Valley,Circuit Court Judge Division 2,11 (unexpired term),Democratic,No Candidate Qualified,0
Hamilton,Middle Valley,Circuit Court Judge Division 2,11 (unexpired term),Republican,Jennifer K. Peck,85
Hamilton,Missionary Ridge,Circuit Court Judge Division 2,11 (unexpired term),Democratic,No Candidate Qualified,0
Hamilton,Missionary Ridge,Circuit Court Judge Division 2,11 (unexpired term),Republican,Jennifer K. Peck,38
Hamilton,Mountain Creek A,Circuit Court Judge Division 2,11 (unexpired term),Democratic,No Candidate Qualified,0
Hamilton,Mountain Creek A,Circuit Court Judge Division 2,11 (unexpired term),Republican,Jennifer K. Peck,227
Hamilton,Mountain Creek B,Circuit Court Judge Division 2,11 (unexpired term),Democratic,No Candidate Qualified,0
Hamilton,Mountain Creek B,Circuit Court Judge Division 2,11 (unexpired term),Republican,Jennifer K. Peck,57
Hamilton,Mountain Creek C,Circuit Court Judge Division 2,11 (unexpired term),Democratic,No Candidate Qualified,0
Hamilton,Mountain Creek C,Circuit Court Judge Division 2,11 (unexpired term),Republican,Jennifer K. Peck,3
Hamilton,Mowbray A,Circuit Court Judge Division 2,11 (unexpired term),Democratic,No Candidate Qualified,0
Hamilton,Mowbray A,Circuit Court Judge Division 2,11 (unexpired term),Republican,Jennifer K. Peck,48
Hamilton,Mowbray B,Circuit Court Judge Division 2,11 (unexpired term),Democratic,No Candidate Qualified,0
Hamilton,Mowbray B,Circuit Court Judge Division 2,11 (unexpired term),Republican,Jennifer K. Peck,60
Hamilton,Murray Hills,Circuit Court Judge Division 2,11 (unexpired term),Democratic,No Candidate Qualified,0
Hamilton,Murray Hills,Circuit Court Judge Division 2,11 (unexpired term),Republican,Jennifer K. Peck,39
Hamilton,North Chattanooga A,Circuit Court Judge Division 2,11 (unexpired term),Democratic,No Candidate Qualified,0
Hamilton,North Chattanooga A,Circuit Court Judge Division 2,11 (unexpired term),Republican,Jennifer K. Peck,45
Hamilton,North Chattanooga B,Circuit Court Judge Division 2,11 (unexpired term),Democratic,No Candidate Qualified,0
Hamilton,North Chattanooga B,Circuit Court Judge Division 2,11 (unexpired term),Republican,Jennifer K. Peck,16
Hamilton,Northgate,Circuit Court Judge Division 2,11 (unexpired term),Democratic,No Candidate Qualified,0
Hamilton,Northgate,Circuit Court Judge Division 2,11 (unexpired term),Republican,Jennifer K. Peck,115
Hamilton,Northshore,Circuit Court Judge Division 2,11 (unexpired term),Democratic,No Candidate Qualified,0
Hamilton,Northshore,Circuit Court Judge Division 2,11 (unexpired term),Republican,Jennifer K. Peck,65
Hamilton,Northwoods,Circuit Court Judge Division 2,11 (unexpired term),Democratic,No Candidate Qualified,0
Hamilton,Northwoods,Circuit Court Judge Division 2,11 (unexpired term),Republican,Jennifer K. Peck,176
Hamilton,Ooltewah,Circuit Court Judge Division 2,11 (unexpired term),Democratic,No Candidate Qualified,0
Hamilton,Ooltewah,Circuit Court Judge Division 2,11 (unexpired term),Republican,Jennifer K. Peck,276
Hamilton,Ooltewah Georgetown,Circuit Court Judge Division 2,11 (unexpired term),Democratic,No Candidate Qualified,0
Hamilton,Ooltewah Georgetown,Circuit Court Judge Division 2,11 (unexpired term),Republican,Jennifer K. Peck,216
Hamilton,Ooltewah Ringgold,Circuit Court Judge Division 2,11 (unexpired term),Democratic,No Candidate Qualified,0
Hamilton,Ooltewah Ringgold,Circuit Court Judge Division 2,11 (unexpired term),Republican,Jennifer K. Peck,190
Hamilton,Pleasant Grove A,Circuit Court Judge Division 2,11 (unexpired term),Democratic,No Candidate Qualified,0
Hamilton,Pleasant Grove A,Circuit Court Judge Division 2,11 (unexpired term),Republican,Jennifer K. Peck,139
Hamilton,Pleasant Grove B,Circuit Court Judge Division 2,11 (unexpired term),Democratic,No Candidate Qualified,0
Hamilton,Pleasant Grove B,Circuit Court Judge Division 2,11 (unexpired term),Republican,Jennifer K. Peck,3
Hamilton,Possum Creek,Circuit Court Judge Division 2,11 (unexpired term),Democratic,No Candidate Qualified,0
Hamilton,Possum Creek,Circuit Court Judge Division 2,11 (unexpired term),Republican,Jennifer K. Peck,161
Hamilton,Red Bank A,Circuit Court Judge Division 2,11 (unexpired term),Democratic,No Candidate Qualified,0
Hamilton,Red Bank A,Circuit Court Judge Division 2,11 (unexpired term),Republican,Jennifer K. Peck,47
Hamilton,Red Bank B,Circuit Court Judge Division 2,11 (unexpired term),Democratic,No Candidate Qualified,0
Hamilton,Red Bank B,Circuit Court Judge Division 2,11 (unexpired term),Republican,Jennifer K. Peck,63
Hamilton,Red Bank C,Circuit Court Judge Division 2,11 (unexpired term),Democratic,No Candidate Qualified,0
Hamilton,Red Bank C,Circuit Court Judge Division 2,11 (unexpired term),Republican,Jennifer K. Peck,55
Hamilton,Ridgedale,Circuit Court Judge Division 2,11 (unexpired term),Democratic,No Candidate Qualified,0
Hamilton,Ridgedale,Circuit Court Judge Division 2,11 (unexpired term),Republican,Jennifer K. Peck,20
Hamilton,Ridgeside,Circuit Court Judge Division 2,11 (unexpired term),Democratic,No Candidate Qualified,0
Hamilton,Ridgeside,Circuit Court Judge Division 2,11 (unexpired term),Republican,Jennifer K. Peck,18
Hamilton,Riverview,Circuit Court Judge Division 2,11 (unexpired term),Democratic,No Candidate Qualified,0
Hamilton,Riverview,Circuit Court Judge Division 2,11 (unexpired term),Republican,Jennifer K. Peck,29
Hamilton,Sale Creek,Circuit Court Judge Division 2,11 (unexpired term),Democratic,No Candidate Qualified,0
Hamilton,Sale Creek,Circuit Court Judge Division 2,11 (unexpired term),Republican,Jennifer K. Peck,124
Hamilton,Savannah Bay,Circuit Court Judge Division 2,11 (unexpired term),Democratic,No Candidate Qualified,0
Hamilton,Savannah Bay,Circuit Court Judge Division 2,11 (unexpired term),Republican,Jennifer K. Peck,296
Hamilton,Sequoyah,Circuit Court Judge Division 2,11 (unexpired term),Democratic,No Candidate Qualified,0
Hamilton,Sequoyah,Circuit Court Judge Division 2,11 (unexpired term),Republican,Jennifer K. Peck,109
Hamilton,Signal Mountain A,Circuit Court Judge Division 2,11 (unexpired term),Democratic,No Candidate Qualified,0
Hamilton,Signal Mountain A,Circuit Court Judge Division 2,11 (unexpired term),Republican,Jennifer K. Peck,197
Hamilton,Signal Mountain B,Circuit Court Judge Division 2,11 (unexpired term),Democratic,No Candidate Qualified,0
Hamilton,Signal Mountain B,Circuit Court Judge Division 2,11 (unexpired term),Republican,Jennifer K. Peck,371
Hamilton,Silverdale,Circuit Court Judge Division 2,11 (unexpired term),Democratic,No Candidate Qualified,0
Hamilton,Silverdale,Circuit Court Judge Division 2,11 (unexpired term),Republican,Jennifer K. Peck,61
Hamilton,Soddy Daisy A,Circuit Court Judge Division 2,11 (unexpired term),Democratic,No Candidate Qualified,0
Hamilton,Soddy Daisy A,Circuit Court Judge Division 2,11 (unexpired term),Republican,Jennifer K. Peck,156
Hamilton,Soddy Daisy B,Circuit Court Judge Division 2,11 (unexpired term),Democratic,No Candidate Qualified,0
Hamilton,Soddy Daisy B,Circuit Court Judge Division 2,11 (unexpired term),Republican,Jennifer K. Peck,156
Hamilton,Soddy Daisy C,Circuit Court Judge Division 2,11 (unexpired term),Democratic,No Candidate Qualified,0
Hamilton,Soddy Daisy C,Circuit Court Judge Division 2,11 (unexpired term),Republican,Jennifer K. Peck,108
Hamilton,St. Elmo,Circuit Court Judge Division 2,11 (unexpired term),Democratic,No Candidate Qualified,0
Hamilton,St. Elmo,Circuit Court Judge Division 2,11 (unexpired term),Republican,Jennifer K. Peck,53
Hamilton,Stuart Heights,Circuit Court Judge Division 2,11 (unexpired term),Democratic,No Candidate Qualified,0
Hamilton,Stuart Heights,Circuit Court Judge Division 2,11 (unexpired term),Republican,Jennifer K. Peck,68
Hamilton,Summit,Circuit Court Judge Division 2,11 (unexpired term),Democratic,No Candidate Qualified,0
Hamilton,Summit,Circuit Court Judge Division 2,11 (unexpired term),Republican,Jennifer K. Peck,155
Hamilton,Tyner,Circuit Court Judge Division 2,11 (unexpired term),Democratic,No Candidate Qualified,0
Hamilton,Tyner,Circuit Court Judge Division 2,11 (unexpired term),Republican,Jennifer K. Peck,89
Hamilton,Valleybrook,Circuit Court Judge Division 2,11 (unexpired term),Democratic,No Candidate Qualified,0
Hamilton,Valleybrook,Circuit Court Judge Division 2,11 (unexpired term),Republican,Jennifer K. Peck,238
Hamilton,Walden,Circuit Court Judge Division 2,11 (unexpired term),Democratic,No Candidate Qualified,0
Hamilton,Walden,Circuit Court Judge Division 2,11 (unexpired term),Republican,Jennifer K. Peck,143
Hamilton,Westview A,Circuit Court Judge Division 2,11 (unexpired term),Democratic,No Candidate Qualified,0
Hamilton,Westview A,Circuit Court Judge Division 2,11 (unexpired term),Republican,Jennifer K. Peck,46
Hamilton,Westview B,Circuit Court Judge Division 2,11 (unexpired term),Democratic,No Candidate Qualified,0
Hamilton,Westview B,Circuit Court Judge Division 2,11 (unexpired term),Republican,Jennifer K. Peck,114
Hamilton,Wolftever,Circuit Court Judge Division 2,11 (unexpired term),Democratic,No Candidate Qualified,0
Hamilton,Wolftever,Circuit Court Judge Division 2,11 (unexpired term),Republican,Jennifer K. Peck,301
Hamilton,Woodmore,Circuit Court Judge Division 2,11 (unexpired term),Democratic,No Candidate Qualified,0
Hamilton,Woodmore,Circuit Court Judge Division 2,11 (unexpired term),Republican,Jennifer K. Peck,10
Hickman,1-1 Nunnelly,Circuit and Chancery Court Judge,32 (unexpired term),Democratic,No Candidate Qualified,0
Hickman,1-1 Nunnelly,Circuit and Chancery Court Judge,32 (unexpired term),Republican,"William K. Lane, III",32
Hickman,1-2 Pinewood,Circuit and Chancery Court Judge,32 (unexpired term),Democratic,No Candidate Qualified,0
Hickman,1-2 Pinewood,Circuit and Chancery Court Judge,32 (unexpired term),Republican,"William K. Lane, III",46
Hickman,2-2 Fairfield,Circuit and Chancery Court Judge,32 (unexpired term),Democratic,No Candidate Qualified,0
Hickman,2-2 Fairfield,Circuit and Chancery Court Judge,32 (unexpired term),Republican,"William K. Lane, III",24
Hickman,2-3 East Bank,Circuit and Chancery Court Judge,32 (unexpired term),Democratic,No Candidate Qualified,0
Hickman,2-3 East Bank,Circuit and Chancery Court Judge,32 (unexpired term),Republican,"William K. Lane, III",62
Hickman,3-1 East CC,Circuit and Chancery Court Judge,32 (unexpired term),Democratic,No Candidate Qualified,0
Hickman,3-1 East CC,Circuit and Chancery Court Judge,32 (unexpired term),Republican,"William K. Lane, III",103
Hickman,4-1 Lake Benson,Circuit and Chancery Court Judge,32 (unexpired term),Democratic,No Candidate Qualified,0
Hickman,4-1 Lake Benson,Circuit and Chancery Court Judge,32 (unexpired term),Republican,"William K. Lane, III",71
Hickman,5-1 Mt. Pleasant,Circuit and Chancery Court Judge,32 (unexpired term),Democratic,No Candidate Qualified,0
Hickman,5-1 Mt. Pleasant,Circuit and Chancery Court Judge,32 (unexpired term),Republican,"William K. Lane, III",29
Hickman,5-2 Middle School,Circuit and Chancery Court Judge,32 (unexpired term),Democratic,No Candidate Qualified,0
Hickman,5-2 Middle School,Circuit and Chancery Court Judge,32 (unexpired term),Republican,"William K. Lane, III",33
Hickman,5-3 Shady Grove,Circuit and Chancery Court Judge,32 (unexpired term),Democratic,No Candidate Qualified,0
Hickman,5-3 Shady Grove,Circuit and Chancery Court Judge,32 (unexpired term),Republican,"William K. Lane, III",30
Hickman,6-1 Justice Center,Circuit and Chancery Court Judge,32 (unexpired term),Democratic,No Candidate Qualified,0
Hickman,6-1 Justice Center,Circuit and Chancery Court Judge,32 (unexpired term),Republican,"William K. Lane, III",122
Hickman,7-1 Nunnelly,Circuit and Chancery Court Judge,32 (unexpired term),Democratic,No Candidate Qualified,0
Hickman,7-1 Nunnelly,Circuit and Chancery Court Judge,32 (unexpired term),Republican,"William K. Lane, III",7
Hickman,7-2 Pleasantville,Circuit and Chancery Court Judge,32 (unexpired term),Democratic,No Candidate Qualified,0
Hickman,7-2 Pleasantville,Circuit and Chancery Court Judge,32 (unexpired term),Republican,"William K. Lane, III",10
Hickman,7-3 Brushy,Circuit and Chancery Court Judge,32 (unexpired term),Democratic,No Candidate Qualified,0
Hickman,7-3 Brushy,Circuit and Chancery Court Judge,32 (unexpired term),Republican,"William K. Lane, III",43
Hickman,7-4 Coble,Circuit and Chancery Court Judge,32 (unexpired term),Democratic,No Candidate Qualified,0
Hickman,7-4 Coble,Circuit and Chancery Court Judge,32 (unexpired term),Republican,"William K. Lane, III",18
Houston,Arlington,Circuit Court Judge Division IV,23 (unexpired term),Democratic,No Candidate Qualified,0
Houston,Arlington,Circuit Court Judge Division IV,23 (unexpired term),Republican,Joshua Turnbow,38
Houston,Erin,Circuit Court Judge Division IV,23 (unexpired term),Democratic,No Candidate Qualified,0
Houston,Erin,Circuit Court Judge Division IV,23 (unexpired term),Republican,Joshua Turnbow,27
Houston,Erin Elementary,Circuit Court Judge Division IV,23 (unexpired term),Democratic,No Candidate Qualified,0
Houston,Erin Elementary,Circuit Court Judge Division IV,23 (unexpired term),Republican,Joshua Turnbow,29
Houston,Griffins Chapel,Circuit Court Judge Division IV,23 (unexpired term),Democratic,No Candidate Qualified,0
Houston,Griffins Chapel,Circuit Court Judge Division IV,23 (unexpired term),Republican,Joshua Turnbow,39
Houston,Houston Co Middle,Circuit Court Judge Division IV,23 (unexpired term),Democratic,No Candidate Qualified,0
Houston,Houston Co Middle,Circuit Court Judge Division IV,23 (unexpired term),Republican,Joshua Turnbow,40
Houston,Stewart,Circuit Court Judge Division IV,23 (unexpired term),Democratic,No Candidate Qualified,0
Houston,Stewart,Circuit Court Judge Division IV,23 (unexpired term),Republican,Joshua Turnbow,47
Houston,Tennessee Ridge,Circuit Court Judge Division IV,23 (unexpired term),Democratic,No Candidate Qualified,0
Houston,Tennessee Ridge,Circuit Court Judge Division IV,23 (unexpired term),Republican,Joshua Turnbow,50
Humphreys,1-1 Jera,Circuit Court Judge Division IV,23 (unexpired term),Republican,Joshua Turnbow,5
Humphreys,1-2 Compassion Church,Circuit Court Judge Division IV,23 (unexpired term),Republican,Joshua Turnbow,23
Humphreys,2-3 WCN,Circuit Court Judge Division IV,23 (unexpired term),Republican,Joshua Turnbow,25
Humphreys,3-4 Apex,Circuit Court Judge Division IV,23 (unexpired term),Republican,Joshua Turnbow,10
Humphreys,4-5 Woodland,Circuit Court Judge Division IV,23 (unexpired term),Republican,Joshua Turnbow,21
Humphreys,5-6 Wildwood,Circuit Court Judge Division IV,23 (unexpired term),Republican,Joshua Turnbow,23
Humphreys,6-7 South McEwen,Circuit Court Judge Division IV,23 (unexpired term),Republican,Joshua Turnbow,40
Humphreys,7-8 North McEwen,Circuit Court Judge Division IV,23 (unexpired term),Republican,Joshua Turnbow,29
Jefferson,1 Dandridge ES,Circuit Court Judge Part IV,4 (unexpired term),Democratic,No Candidate Qualified,0
Jefferson,1 Dandridge ES,Circuit Court Judge Part IV,4 (unexpired term),Republican,Jeremy Ball,679
Jefferson,1 Dandridge ES,Circuit Court Judge Part V,4 (unexpired term),Democratic,No Candidate Qualified,0
Jefferson,1 Dandridge ES,Circuit Court Judge Part V,4 (unexpired term),Republican,Adrienne Ogle,636
Jefferson,10 Jeff City Fire Dp,Circuit Court Judge Part IV,4 (unexpired term),Democratic,No Candidate Qualified,0
Jefferson,10 Jeff City Fire Dp,Circuit Court Judge Part IV,4 (unexpired term),Republican,Jeremy Ball,266
Jefferson,10 Jeff City Fire Dp,Circuit Court Judge Part V,4 (unexpired term),Democratic,No Candidate Qualified,0
Jefferson,10 Jeff City Fire Dp,Circuit Court Judge Part V,4 (unexpired term),Republican,Adrienne Ogle,251
Jefferson,2 Piedmont,Circuit Court Judge Part IV,4 (unexpired term),Democratic,No Candidate Qualified,0
Jefferson,2 Piedmont,Circuit Court Judge Part IV,4 (unexpired term),Republican,Jeremy Ball,607
Jefferson,2 Piedmont,Circuit Court Judge Part V,4 (unexpired term),Democratic,No Candidate Qualified,0
Jefferson,2 Piedmont,Circuit Court Judge Part V,4 (unexpired term),Republican,Adrienne Ogle,575
Jefferson,3 White Pine,Circuit Court Judge Part IV,4 (unexpired term),Democratic,No Candidate Qualified,0
Jefferson,3 White Pine,Circuit Court Judge Part IV,4 (unexpired term),Republican,Jeremy Ball,770
Jefferson,3 White Pine,Circuit Court Judge Part V,4 (unexpired term),Democratic,No Candidate Qualified,0
Jefferson,3 White Pine,Circuit Court Judge Part V,4 (unexpired term),Republican,Adrienne Ogle,699
Jefferson,4 Jefferson ES,Circuit Court Judge Part IV,4 (unexpired term),Democratic,No Candidate Qualified,0
Jefferson,4 Jefferson ES,Circuit Court Judge Part IV,4 (unexpired term),Republican,Jeremy Ball,418
Jefferson,4 Jefferson ES,Circuit Court Judge Part V,4 (unexpired term),Democratic,No Candidate Qualified,0
Jefferson,4 Jefferson ES,Circuit Court Judge Part V,4 (unexpired term),Republican,Adrienne Ogle,385
Jefferson,5 Jefferson High,Circuit Court Judge Part IV,4 (unexpired term),Democratic,No Candidate Qualified,0
Jefferson,5 Jefferson High,Circuit Court Judge Part IV,4 (unexpired term),Republican,Jeremy Ball,656
Jefferson,5 Jefferson High,Circuit Court Judge Part V,4 (unexpired term),Democratic,No Candidate Qualified,0
Jefferson,5 Jefferson High,Circuit Court Judge Part V,4 (unexpired term),Republican,Adrienne Ogle,605
Jefferson,6 Rush Strong,Circuit Court Judge Part IV,4 (unexpired term),Democratic,No Candidate Qualified,0
Jefferson,6 Rush Strong,Circuit Court Judge Part IV,4 (unexpired term),Republican,Jeremy Ball,394
Jefferson,6 Rush Strong,Circuit Court Judge Part V,4 (unexpired term),Democratic,No Candidate Qualified,0
Jefferson,6 Rush Strong,Circuit Court Judge Part V,4 (unexpired term),Republican,Adrienne Ogle,374
Jefferson,7 New Market,Circuit Court Judge Part IV,4 (unexpired term),Democratic,No Candidate Qualified,0
Jefferson,7 New Market,Circuit Court Judge Part IV,4 (unexpired term),Republican,Jeremy Ball,609
Jefferson,7 New Market,Circuit Court Judge Part V,4 (unexpired term),Democratic,No Candidate Qualified,0
Jefferson,7 New Market,Circuit Court Judge Part V,4 (unexpired term),Republican,Adrienne Ogle,560
Jefferson,8-1 Chestnut Hill,Circuit Court Judge Part IV,4 (unexpired term),Democratic,No Candidate Qualified,0
Jefferson,8-1 Chestnut Hill,Circuit Court Judge Part IV,4 (unexpired term),Republican,Jeremy Ball,330
Jefferson,8-1 Chestnut Hill,Circuit Court Judge Part V,4 (unexpired term),Democratic,No Candidate Qualified,0
Jefferson,8-1 Chestnut Hill,Circuit Court Judge Part V,4 (unexpired term),Republican,Adrienne Ogle,291
Jefferson,8-2 Swannsylvania,Circuit Court Judge Part IV,4 (unexpired term),Democratic,No Candidate Qualified,0
Jefferson,8-2 Swannsylvania,Circuit Court Judge Part IV,4 (unexpired term),Republican,Jeremy Ball,266
Jefferson,8-2 Swannsylvania,Circuit Court Judge Part V,4 (unexpired term),Democratic,No Candidate Qualified,0
Jefferson,8-2 Swannsylvania,Circuit Court Judge Part V,4 (unexpired term),Republican,Adrienne Ogle,238
Jefferson,9 Talbott School,Circuit Court Judge Part IV,4 (unexpired term),Democratic,No Candidate Qualified,0
Jefferson,9 Talbott School,Circuit Court Judge Part IV,4 (unexpired term),Republican,Jeremy Ball,573
Jefferson,9 Talbott School,Circuit Court Judge Part V,4 (unexpired term),Democratic,No Candidate Qualified,0
Jefferson,9 Talbott School,Circuit Court Judge Part V,4 (unexpired term),Republican,Adrienne Ogle,531
Johnson,1A Laurel,Public Defender,1 (unexpired term),Democratic,No Candidate Qualified,0
Johnson,1A Laurel,Public Defender,1 (unexpired term),Republican,Bill Donaldson,147
Johnson,1A Laurel,Public Defender,1 (unexpired term),Republican,Melanie Sellers,138
Johnson,1B Cold Springs,Public Defender,1 (unexpired term),Democratic,No Candidate Qualified,0
Johnson,1B Cold Springs,Public Defender,1 (unexpired term),Republican,Bill Donaldson,119
Johnson,1B Cold Springs,Public Defender,1 (unexpired term),Republican,Melanie Sellers,159
Johnson,2 Forge/Shouns,Public Defender,1 (unexpired term),Democratic,No Candidate Qualified,0
Johnson,2 Forge/Shouns,Public Defender,1 (unexpired term),Republican,Bill Donaldson,98
Johnson,2 Forge/Shouns,Public Defender,1 (unexpired term),Republican,Melanie Sellers,99
Johnson,3A Trade,Public Defender,1 (unexpired term),Democratic,No Candidate Qualified,0
Johnson,3A Trade,Public Defender,1 (unexpired term),Republican,Bill Donaldson,60
Johnson,3A Trade,Public Defender,1 (unexpired term),Republican,Melanie Sellers,71
Johnson,3B Neva,Public Defender,1 (unexpired term),Democratic,No Candidate Qualified,0
Johnson,3B Neva,Public Defender,1 (unexpired term),Republican,Bill Donaldson,167
Johnson,3B Neva,Public Defender,1 (unexpired term),Republican,Melanie Sellers,170
Johnson,4A Dry Run,Public Defender,1 (unexpired term),Democratic,No Candidate Qualified,0
Johnson,4A Dry Run,Public Defender,1 (unexpired term),Republican,Bill Donaldson,80
Johnson,4A Dry Run,Public Defender,1 (unexpired term),Republican,Melanie Sellers,58
Johnson,4B Butler,Public Defender,1 (unexpired term),Democratic,No Candidate Qualified,0
Johnson,4B Butler,Public Defender,1 (unexpired term),Republican,Bill Donaldson,81
Johnson,4B Butler,Public Defender,1 (unexpired term),Republican,Melanie Sellers,92
Johnson,5 Doe,Public Defender,1 (unexpired term),Democratic,No Candidate Qualified,0
Johnson,5 Doe,Public Defender,1 (unexpired term),Republican,Bill Donaldson,161
Johnson,5 Doe,Public Defender,1 (unexpired term),Republican,Melanie Sellers,211
Johnson,6 Shady,Public Defender,1 (unexpired term),Democratic,No Candidate Qualified,0
Johnson,6 Shady,Public Defender,1 (unexpired term),Republican,Bill Donaldson,89
Johnson,6 Shady,Public Defender,1 (unexpired term),Republican,Melanie Sellers,72
Johnson,7 City,Public Defender,1 (unexpired term),Democratic,No Candidate Qualified,0
Johnson,7 City,Public Defender,1 (unexpired term),Republican,Bill Donaldson,183
Johnson,7 City,Public Defender,1 (unexpired term),Republican,Melanie Sellers,161
Knox,06 Green School,Criminal Court Judge Division I,6 (unexpired term),Democratic,No Candidate Qualified,0
Knox,06 Green School,Criminal Court Judge Division I,6 (unexpired term),Republican,Emily F. Abbott,131
Knox,09 Eternal Life Harvest,Criminal Court Judge Division I,6 (unexpired term),Democratic,No Candidate Qualified,0
Knox,09 Eternal Life Harvest,Criminal Court Judge Division I,6 (unexpired term),Republican,Emily F. Abbott,8
Knox,10A Howard Baker Center,Criminal Court Judge Division I,6 (unexpired term),Democratic,No Candidate Qualified,0
Knox,10A Howard Baker Center,Criminal Court Judge Division I,6 (unexpired term),Republican,Emily F. Abbott,0
Knox,10N Fort Sanders,Criminal Court Judge Division I,6 (unexpired term),Democratic,No Candidate Qualified,0
Knox,10N Fort Sanders,Criminal Court Judge Division I,6 (unexpired term),Republican,Emily F. Abbott,20
Knox,10S Howard Baker Center,Criminal Court Judge Division I,6 (unexpired term),Democratic,No Candidate Qualified,0
Knox,10S Howard Baker Center,Criminal Court Judge Division I,6 (unexpired term),Republican,Emily F. Abbott,2
Knox,10W Howard Baker Center,Criminal Court Judge Division I,6 (unexpired term),Democratic,No Candidate Qualified,0
Knox,10W Howard Baker Center,Criminal Court Judge Division I,6 (unexpired term),Republican,Emily F. Abbott,0
Knox,11 Central UMC,Criminal Court Judge Division I,6 (unexpired term),Democratic,No Candidate Qualified,0
Knox,11 Central UMC,Criminal Court Judge Division I,6 (unexpired term),Republican,Emily F. Abbott,123
Knox,12 YWCA,Criminal Court Judge Division I,6 (unexpired term),Democratic,No Candidate Qualified,0
Knox,12 YWCA,Criminal Court Judge Division I,6 (unexpired term),Republican,Emily F. Abbott,24
Knox,13 Fair Garden,Criminal Court Judge Division I,6 (unexpired term),Democratic,No Candidate Qualified,0
Knox,13 Fair Garden,Criminal Court Judge Division I,6 (unexpired term),Republican,Emily F. Abbott,75
Knox,14 Austin-East,Criminal Court Judge Division I,6 (unexpired term),Democratic,No Candidate Qualified,0
Knox,14 Austin-East,Criminal Court Judge Division I,6 (unexpired term),Republican,Emily F. Abbott,10
Knox,15E John T. O'Connor,Criminal Court Judge Division I,6 (unexpired term),Democratic,No Candidate Qualified,0
Knox,15E John T. O'Connor,Criminal Court Judge Division I,6 (unexpired term),Republican,Emily F. Abbott,39
Knox,15W John T. O'Connor,Criminal Court Judge Division I,6 (unexpired term),Democratic,No Candidate Qualified,0
Knox,15W John T. O'Connor,Criminal Court Judge Division I,6 (unexpired term),Republican,Emily F. Abbott,33
Knox,16E Larry Cox Sr Center,Criminal Court Judge Division I,6 (unexpired term),Democratic,No Candidate Qualified,0
Knox,16E Larry Cox Sr Center,Criminal Court Judge Division I,6 (unexpired term),Republican,Emily F. Abbott,232
Knox,16W Larry Cox Sr Center,Criminal Court Judge Division I,6 (unexpired term),Democratic,No Candidate Qualified,0
Knox,16W Larry Cox Sr Center,Criminal Court Judge Division I,6 (unexpired term),Republican,Emily F. Abbott,136
Knox,16X Larry Cox Sr Center,Criminal Court Judge Division I,6 (unexpired term),Democratic,No Candidate Qualified,0
Knox,16X Larry Cox Sr Center,Criminal Court Judge Division I,6 (unexpired term),Republican,Emily F. Abbott,0
Knox,17 Christenberry,Criminal Court Judge Division I,6 (unexpired term),Democratic,No Candidate Qualified,0
Knox,17 Christenberry,Criminal Court Judge Division I,6 (unexpired term),Republican,Emily F. Abbott,119
Knox,18 Lincoln Park,Criminal Court Judge Division I,6 (unexpired term),Democratic,No Candidate Qualified,0
Knox,18 Lincoln Park,Criminal Court Judge Division I,6 (unexpired term),Republican,Emily F. Abbott,71
Knox,19 Thrive Lonsdale,Criminal Court Judge Division I,6 (unexpired term),Democratic,No Candidate Qualified,0
Knox,19 Thrive Lonsdale,Criminal Court Judge Division I,6 (unexpired term),Republican,Emily F. Abbott,37
Knox,20 Beaumont,Criminal Court Judge Division I,6 (unexpired term),Democratic,No Candidate Qualified,0
Knox,20 Beaumont,Criminal Court Judge Division I,6 (unexpired term),Republican,Emily F. Abbott,22
Knox,23 Westview,Criminal Court Judge Division I,6 (unexpired term),Democratic,No Candidate Qualified,0
Knox,23 Westview,Criminal Court Judge Division I,6 (unexpired term),Republican,Emily F. Abbott,57
Knox,24Q Sequoyah Hills,Criminal Court Judge Division I,6 (unexpired term),Democratic,No Candidate Qualified,0
Knox,24Q Sequoyah Hills,Criminal Court Judge Division I,6 (unexpired term),Republican,Emily F. Abbott,435
Knox,25 South Knox CC,Criminal Court Judge Division I,6 (unexpired term),Democratic,No Candidate Qualified,0
Knox,25 South Knox CC,Criminal Court Judge Division I,6 (unexpired term),Republican,Emily F. Abbott,241
Knox,26 Dogwood,Criminal Court Judge Division I,6 (unexpired term),Democratic,No Candidate Qualified,0
Knox,26 Dogwood,Criminal Court Judge Division I,6 (unexpired term),Republican,Emily F. Abbott,283
Knox,27 South Knox,Criminal Court Judge Division I,6 (unexpired term),Democratic,No Candidate Qualified,0
Knox,27 South Knox,Criminal Court Judge Division I,6 (unexpired term),Republican,Emily F. Abbott,198
Knox,29 Anderson,Criminal Court Judge Division I,6 (unexpired term),Democratic,No Candidate Qualified,0
Knox,29 Anderson,Criminal Court Judge Division I,6 (unexpired term),Republican,Emily F. Abbott,218
Knox,30 Sarah Moore Greene,Criminal Court Judge Division I,6 (unexpired term),Democratic,No Candidate Qualified,0
Knox,30 Sarah Moore Greene,Criminal Court Judge Division I,6 (unexpired term),Republican,Emily F. Abbott,58
Knox,31 Chilhowee,Criminal Court Judge Division I,6 (unexpired term),Democratic,No Candidate Qualified,0
Knox,31 Chilhowee,Criminal Court Judge Division I,6 (unexpired term),Republican,Emily F. Abbott,166
Knox,32 Spring Hill,Criminal Court Judge Division I,6 (unexpired term),Democratic,No Candidate Qualified,0
Knox,32 Spring Hill,Criminal Court Judge Division I,6 (unexpired term),Republican,Emily F. Abbott,173
Knox,33N Richard Yoakley,Criminal Court Judge Division I,6 (unexpired term),Democratic,No Candidate Qualified,0
Knox,33N Richard Yoakley,Criminal Court Judge Division I,6 (unexpired term),Republican,Emily F. Abbott,38
Knox,33S Richard Yoakley,Criminal Court Judge Division I,6 (unexpired term),Democratic,No Candidate Qualified,0
Knox,33S Richard Yoakley,Criminal Court Judge Division I,6 (unexpired term),Republican,Emily F. Abbott,139
Knox,33X Richard Yoakley,Criminal Court Judge Division I,6 (unexpired term),Democratic,No Candidate Qualified,0
Knox,33X Richard Yoakley,Criminal Court Judge Division I,6 (unexpired term),Republican,Emily F. Abbott,0
Knox,34 Central,Criminal Court Judge Division I,6 (unexpired term),Democratic,No Candidate Qualified,0
Knox,34 Central,Criminal Court Judge Division I,6 (unexpired term),Republican,Emily F. Abbott,120
Knox,35 Shannondale,Criminal Court Judge Division I,6 (unexpired term),Democratic,No Candidate Qualified,0
Knox,35 Shannondale,Criminal Court Judge Division I,6 (unexpired term),Republican,Emily F. Abbott,338
Knox,36 Gresham,Criminal Court Judge Division I,6 (unexpired term),Democratic,No Candidate Qualified,0
Knox,36 Gresham,Criminal Court Judge Division I,6 (unexpired term),Republican,Emily F. Abbott,423
Knox,37 Inskip Elementary,Criminal Court Judge Division I,6 (unexpired term),Democratic,No Candidate Qualified,0
Knox,37 Inskip Elementary,Criminal Court Judge Division I,6 (unexpired term),Republican,Emily F. Abbott,381
Knox,39E Inskip Rec Center,Criminal Court Judge Division I,6 (unexpired term),Democratic,No Candidate Qualified,0
Knox,39E Inskip Rec Center,Criminal Court Judge Division I,6 (unexpired term),Republican,Emily F. Abbott,115
Knox,39W Inskip Rec Center,Criminal Court Judge Division I,6 (unexpired term),Democratic,No Candidate Qualified,0
Knox,39W Inskip Rec Center,Criminal Court Judge Division I,6 (unexpired term),Republican,Emily F. Abbott,81
Knox,40 Norwood,Criminal Court Judge Division I,6 (unexpired term),Democratic,No Candidate Qualified,0
Knox,40 Norwood,Criminal Court Judge Division I,6 (unexpired term),Republican,Emily F. Abbott,289
Knox,41 Norwood,Criminal Court Judge Division I,6 (unexpired term),Democratic,No Candidate Qualified,0
Knox,41 Norwood,Criminal Court Judge Division I,6 (unexpired term),Republican,Emily F. Abbott,51
Knox,42 Pleasant Ridge,Criminal Court Judge Division I,6 (unexpired term),Democratic,No Candidate Qualified,0
Knox,42 Pleasant Ridge,Criminal Court Judge Division I,6 (unexpired term),Republican,Emily F. Abbott,215
Knox,43 West Haven,Criminal Court Judge Division I,6 (unexpired term),Democratic,No Candidate Qualified,0
Knox,43 West Haven,Criminal Court Judge Division I,6 (unexpired term),Republican,Emily F. Abbott,185
Knox,44 Ridgedale,Criminal Court Judge Division I,6 (unexpired term),Democratic,No Candidate Qualified,0
Knox,44 Ridgedale,Criminal Court Judge Division I,6 (unexpired term),Republican,Emily F. Abbott,308
Knox,45 Bearden Middle,Criminal Court Judge Division I,6 (unexpired term),Democratic,No Candidate Qualified,0
Knox,45 Bearden Middle,Criminal Court Judge Division I,6 (unexpired term),Republican,Emily F. Abbott,564
Knox,46 1st Nazarene,Criminal Court Judge Division I,6 (unexpired term),Democratic,No Candidate Qualified,0
Knox,46 1st Nazarene,Criminal Court Judge Division I,6 (unexpired term),Republican,Emily F. Abbott,498
Knox,47N Bearden High,Criminal Court Judge Division I,6 (unexpired term),Democratic,No Candidate Qualified,0
Knox,47N Bearden High,Criminal Court Judge Division I,6 (unexpired term),Republican,Emily F. Abbott,325
Knox,47S Bearden High,Criminal Court Judge Division I,6 (unexpired term),Democratic,No Candidate Qualified,0
Knox,47S Bearden High,Criminal Court Judge Division I,6 (unexpired term),Republican,Emily F. Abbott,206
Knox,48 Pond Gap,Criminal Court Judge Division I,6 (unexpired term),Democratic,No Candidate Qualified,0
Knox,48 Pond Gap,Criminal Court Judge Division I,6 (unexpired term),Republican,Emily F. Abbott,139
Knox,49N Bearden Elementary,Criminal Court Judge Division I,6 (unexpired term),Democratic,No Candidate Qualified,0
Knox,49N Bearden Elementary,Criminal Court Judge Division I,6 (unexpired term),Republican,Emily F. Abbott,115
Knox,49S Bearden Elementary,Criminal Court Judge Division I,6 (unexpired term),Democratic,No Candidate Qualified,0
Knox,49S Bearden Elementary,Criminal Court Judge Division I,6 (unexpired term),Republican,Emily F. Abbott,56
Knox,50N West High,Criminal Court Judge Division I,6 (unexpired term),Democratic,No Candidate Qualified,0
Knox,50N West High,Criminal Court Judge Division I,6 (unexpired term),Republican,Emily F. Abbott,42
Knox,50S West High,Criminal Court Judge Division I,6 (unexpired term),Democratic,No Candidate Qualified,0
Knox,50S West High,Criminal Court Judge Division I,6 (unexpired term),Republican,Emily F. Abbott,10
Knox,51 Deane Hill Rec Ctr,Criminal Court Judge Division I,6 (unexpired term),Democratic,No Candidate Qualified,0
Knox,51 Deane Hill Rec Ctr,Criminal Court Judge Division I,6 (unexpired term),Republican,Emily F. Abbott,635
Knox,55 Lonas,Criminal Court Judge Division I,6 (unexpired term),Democratic,No Candidate Qualified,0
Knox,55 Lonas,Criminal Court Judge Division I,6 (unexpired term),Republican,Emily F. Abbott,389
Knox,56 Heiskell,Criminal Court Judge Division I,6 (unexpired term),Democratic,No Candidate Qualified,0
Knox,56 Heiskell,Criminal Court Judge Division I,6 (unexpired term),Republican,Emily F. Abbott,248
Knox,57 Hills,Criminal Court Judge Division I,6 (unexpired term),Democratic,No Candidate Qualified,0
Knox,57 Hills,Criminal Court Judge Division I,6 (unexpired term),Republican,Emily F. Abbott,91
Knox,58 Pedigo,Criminal Court Judge Division I,6 (unexpired term),Democratic,No Candidate Qualified,0
Knox,58 Pedigo,Criminal Court Judge Division I,6 (unexpired term),Republican,Emily F. Abbott,573
Knox,59 Brickey,Criminal Court Judge Division I,6 (unexpired term),Democratic,No Candidate Qualified,0
Knox,59 Brickey,Criminal Court Judge Division I,6 (unexpired term),Republican,Emily F. Abbott,987
Knox,60 Fort Sumter,Criminal Court Judge Division I,6 (unexpired term),Democratic,No Candidate Qualified,0
Knox,60 Fort Sumter,Criminal Court Judge Division I,6 (unexpired term),Republican,Emily F. Abbott,392
Knox,61E Halls East,Criminal Court Judge Division I,6 (unexpired term),Democratic,No Candidate Qualified,0
Knox,61E Halls East,Criminal Court Judge Division I,6 (unexpired term),Republican,Emily F. Abbott,725
Knox,61W Halls,Criminal Court Judge Division I,6 (unexpired term),Democratic,No Candidate Qualified,0
Knox,61W Halls,Criminal Court Judge Division I,6 (unexpired term),Republican,Emily F. Abbott,886
Knox,62 Hardin Valley,Criminal Court Judge Division I,6 (unexpired term),Democratic,No Candidate Qualified,0
Knox,62 Hardin Valley,Criminal Court Judge Division I,6 (unexpired term),Republican,Emily F. Abbott,783
Knox,63 Karns,Criminal Court Judge Division I,6 (unexpired term),Democratic,No Candidate Qualified,0
Knox,63 Karns,Criminal Court Judge Division I,6 (unexpired term),Republican,Emily F. Abbott,990
Knox,63N Karns North,Criminal Court Judge Division I,6 (unexpired term),Democratic,No Candidate Qualified,0
Knox,63N Karns North,Criminal Court Judge Division I,6 (unexpired term),Republican,Emily F. Abbott,558
Knox,64 Solway,Criminal Court Judge Division I,6 (unexpired term),Democratic,No Candidate Qualified,0
Knox,64 Solway,Criminal Court Judge Division I,6 (unexpired term),Republican,Emily F. Abbott,763
Knox,65E Concord East,Criminal Court Judge Division I,6 (unexpired term),Democratic,No Candidate Qualified,0
Knox,65E Concord East,Criminal Court Judge Division I,6 (unexpired term),Republican,Emily F. Abbott,230
Knox,65N Concord North,Criminal Court Judge Division I,6 (unexpired term),Democratic,No Candidate Qualified,0
Knox,65N Concord North,Criminal Court Judge Division I,6 (unexpired term),Republican,Emily F. Abbott,351
Knox,65S Concord South,Criminal Court Judge Division I,6 (unexpired term),Democratic,No Candidate Qualified,0
Knox,65S Concord South,Criminal Court Judge Division I,6 (unexpired term),Republican,Emily F. Abbott,639
Knox,65SW Concord Southwest,Criminal Court Judge Division I,6 (unexpired term),Democratic,No Candidate Qualified,0
Knox,65SW Concord Southwest,Criminal Court Judge Division I,6 (unexpired term),Republican,Emily F. Abbott,561
Knox,65W Concord West,Criminal Court Judge Division I,6 (unexpired term),Democratic,No Candidate Qualified,0
Knox,65W Concord West,Criminal Court Judge Division I,6 (unexpired term),Republican,Emily F. Abbott,381
Knox,66NE NE Farragut Middle,Criminal Court Judge Division I,6 (unexpired term),Democratic,No Candidate Qualified,0
Knox,66NE NE Farragut Middle,Criminal Court Judge Division I,6 (unexpired term),Republican,Emily F. Abbott,251
Knox,66NW NW Farragut Middle,Criminal Court Judge Division I,6 (unexpired term),Democratic,No Candidate Qualified,0
Knox,66NW NW Farragut Middle,Criminal Court Judge Division I,6 (unexpired term),Republican,Emily F. Abbott,951
Knox,66SE SE Farragut,Criminal Court Judge Division I,6 (unexpired term),Democratic,No Candidate Qualified,0
Knox,66SE SE Farragut,Criminal Court Judge Division I,6 (unexpired term),Republican,Emily F. Abbott,969
Knox,66SW SW Farragut High,Criminal Court Judge Division I,6 (unexpired term),Democratic,No Candidate Qualified,0
Knox,66SW SW Farragut High,Criminal Court Judge Division I,6 (unexpired term),Republican,Emily F. Abbott,437
Knox,67 North Cedar Bluff,Criminal Court Judge Division I,6 (unexpired term),Democratic,No Candidate Qualified,0
Knox,67 North Cedar Bluff,Criminal Court Judge Division I,6 (unexpired term),Republican,Emily F. Abbott,673
Knox,68 South Cedar Bluff,Criminal Court Judge Division I,6 (unexpired term),Democratic,No Candidate Qualified,0
Knox,68 South Cedar Bluff,Criminal Court Judge Division I,6 (unexpired term),Republican,Emily F. Abbott,478
Knox,68E East Cedar Bluff,Criminal Court Judge Division I,6 (unexpired term),Democratic,No Candidate Qualified,0
Knox,68E East Cedar Bluff,Criminal Court Judge Division I,6 (unexpired term),Republican,Emily F. Abbott,167
Knox,69E Bluegrass,Criminal Court Judge Division I,6 (unexpired term),Democratic,No Candidate Qualified,0
Knox,69E Bluegrass,Criminal Court Judge Division I,6 (unexpired term),Republican,Emily F. Abbott,686
Knox,69N West Valley,Criminal Court Judge Division I,6 (unexpired term),Democratic,No Candidate Qualified,0
Knox,69N West Valley,Criminal Court Judge Division I,6 (unexpired term),Republican,Emily F. Abbott,489
Knox,69S Northshore,Criminal Court Judge Division I,6 (unexpired term),Democratic,No Candidate Qualified,0
Knox,69S Northshore,Criminal Court Judge Division I,6 (unexpired term),Republican,Emily F. Abbott,562
Knox,69W A. L. Lotts,Criminal Court Judge Division I,6 (unexpired term),Democratic,No Candidate Qualified,0
Knox,69W A. L. Lotts,Criminal Court Judge Division I,6 (unexpired term),Republican,Emily F. Abbott,558
Knox,70E Amherst,Criminal Court Judge Division I,6 (unexpired term),Democratic,No Candidate Qualified,0
Knox,70E Amherst,Criminal Court Judge Division I,6 (unexpired term),Republican,Emily F. Abbott,750
Knox,70W Ball Camp,Criminal Court Judge Division I,6 (unexpired term),Democratic,No Candidate Qualified,0
Knox,70W Ball Camp,Criminal Court Judge Division I,6 (unexpired term),Republican,Emily F. Abbott,705
Knox,71 Rocky Hill,Criminal Court Judge Division I,6 (unexpired term),Democratic,No Candidate Qualified,0
Knox,71 Rocky Hill,Criminal Court Judge Division I,6 (unexpired term),Republican,Emily F. Abbott,1048
Knox,72E Dante East,Criminal Court Judge Division I,6 (unexpired term),Democratic,No Candidate Qualified,0
Knox,72E Dante East,Criminal Court Judge Division I,6 (unexpired term),Republican,Emily F. Abbott,306
Knox,72W Dante West,Criminal Court Judge Division I,6 (unexpired term),Democratic,No Candidate Qualified,0
Knox,72W Dante West,Criminal Court Judge Division I,6 (unexpired term),Republican,Emily F. Abbott,299
Knox,73E Powell East,Criminal Court Judge Division I,6 (unexpired term),Democratic,No Candidate Qualified,0
Knox,73E Powell East,Criminal Court Judge Division I,6 (unexpired term),Republican,Emily F. Abbott,557
Knox,73W Powell West,Criminal Court Judge Division I,6 (unexpired term),Democratic,No Candidate Qualified,0
Knox,73W Powell West,Criminal Court Judge Division I,6 (unexpired term),Republican,Emily F. Abbott,428
Knox,74 Shannondale,Criminal Court Judge Division I,6 (unexpired term),Democratic,No Candidate Qualified,0
Knox,74 Shannondale,Criminal Court Judge Division I,6 (unexpired term),Republican,Emily F. Abbott,571
Knox,76 Sunnyview,Criminal Court Judge Division I,6 (unexpired term),Democratic,No Candidate Qualified,0
Knox,76 Sunnyview,Criminal Court Judge Division I,6 (unexpired term),Republican,Emily F. Abbott,327
Knox,78 Riverdale,Criminal Court Judge Division I,6 (unexpired term),Democratic,No Candidate Qualified,0
Knox,78 Riverdale,Criminal Court Judge Division I,6 (unexpired term),Republican,Emily F. Abbott,340
Knox,79 Dora Kennedy,Criminal Court Judge Division I,6 (unexpired term),Democratic,No Candidate Qualified,0
Knox,79 Dora Kennedy,Criminal Court Judge Division I,6 (unexpired term),Republican,Emily F. Abbott,215
Knox,80 Corryton,Criminal Court Judge Division I,6 (unexpired term),Democratic,No Candidate Qualified,0
Knox,80 Corryton,Criminal Court Judge Division I,6 (unexpired term),Republican,Emily F. Abbott,383
Knox,81 Gibbs,Criminal Court Judge Division I,6 (unexpired term),Democratic,No Candidate Qualified,0
Knox,81 Gibbs,Criminal Court Judge Division I,6 (unexpired term),Republican,Emily F. Abbott,1331
Knox,82 Ellistown,Criminal Court Judge Division I,6 (unexpired term),Democratic,No Candidate Qualified,0
Knox,82 Ellistown,Criminal Court Judge Division I,6 (unexpired term),Republican,Emily F. Abbott,280
Knox,84 Ritta,Criminal Court Judge Division I,6 (unexpired term),Democratic,No Candidate Qualified,0
Knox,84 Ritta,Criminal Court Judge Division I,6 (unexpired term),Republican,Emily F. Abbott,725
Knox,85 Skaggston,Criminal Court Judge Division I,6 (unexpired term),Democratic,No Candidate Qualified,0
Knox,85 Skaggston,Criminal Court Judge Division I,6 (unexpired term),Republican,Emily F. Abbott,297
Knox,86 Carter,Criminal Court Judge Division I,6 (unexpired term),Democratic,No Candidate Qualified,0
Knox,86 Carter,Criminal Court Judge Division I,6 (unexpired term),Republican,Emily F. Abbott,407
Knox,87 Thorngrove,Criminal Court Judge Division I,6 (unexpired term),Democratic,No Candidate Qualified,0
Knox,87 Thorngrove,Criminal Court Judge Division I,6 (unexpired term),Republican,Emily F. Abbott,278
Knox,89 Mt. Olive,Criminal Court Judge Division I,6 (unexpired term),Democratic,No Candidate Qualified,0
Knox,89 Mt. Olive,Criminal Court Judge Division I,6 (unexpired term),Republican,Emily F. Abbott,553
Knox,90 Bonny Kate,Criminal Court Judge Division I,6 (unexpired term),Democratic,No Candidate Qualified,0
Knox,90 Bonny Kate,Criminal Court Judge Division I,6 (unexpired term),Republican,Emily F. Abbott,757
Knox,92 Gap Creek,Criminal Court Judge Division I,6 (unexpired term),Democratic,No Candidate Qualified,0
Knox,92 Gap Creek,Criminal Court Judge Division I,6 (unexpired term),Republican,Emily F. Abbott,167
Knox,93 Hopewell,Criminal Court Judge Division I,6 (unexpired term),Democratic,No Candidate Qualified,0
Knox,93 Hopewell,Criminal Court Judge Division I,6 (unexpired term),Republican,Emily F. Abbott,400
Lewis,1-1,Circuit and Chancery Court Judge,32 (unexpired term),Republican,"William K. Lane, III",129
Lewis,2-1,Circuit and Chancery Court Judge,32 (unexpired term),Republican,"William K. Lane, III",256
Lewis,3-1,Circuit and Chancery Court Judge,32 (unexpired term),Republican,"William K. Lane, III",263
Lewis,4-1,Circuit and Chancery Court Judge,32 (unexpired term),Republican,"William K. Lane, III",300
Lewis,5-1,Circuit and Chancery Court Judge,32 (unexpired term),Republican,"William K. Lane, III",271
Lewis,6-1,Circuit and Chancery Court Judge,32 (unexpired term),Republican,"William K. Lane, III",240
Lewis,7-1,Circuit and Chancery Court Judge,32 (unexpired term),Republican,"William K. Lane, III",268
Lewis,8-1,Circuit and Chancery Court Judge,32 (unexpired term),Republican,"William K. Lane, III",247
Lewis,9-1,Circuit and Chancery Court Judge,32 (unexpired term),Republican,"William K. Lane, III",230
Montgomery,10 Minglewood,Chancellor Part II,19 (unexpired term),Democratic,No Candidate Qualified,0
Montgomery,10 Minglewood,Chancellor Part II,19 (unexpired term),Republican,Kimberly Lund,75
Montgomery,11A Mosaic,Chancellor Part II,19 (unexpired term),Democratic,No Candidate Qualified,0
Montgomery,11A Mosaic,Chancellor Part II,19 (unexpired term),Republican,Kimberly Lund,81
Montgomery,11B Northwest,Chancellor Part II,19 (unexpired term),Democratic,No Candidate Qualified,0
Montgomery,11B Northwest,Chancellor Part II,19 (unexpired term),Republican,Kimberly Lund,69
Montgomery,12A West Creek,Chancellor Part II,19 (unexpired term),Democratic,No Candidate Qualified,0
Montgomery,12A West Creek,Chancellor Part II,19 (unexpired term),Republican,Kimberly Lund,31
Montgomery,12B Airport,Chancellor Part II,19 (unexpired term),Democratic,No Candidate Qualified,0
Montgomery,12B Airport,Chancellor Part II,19 (unexpired term),Republican,Kimberly Lund,31
Montgomery,13A Byrns Darden,Chancellor Part II,19 (unexpired term),Democratic,No Candidate Qualified,0
Montgomery,13A Byrns Darden,Chancellor Part II,19 (unexpired term),Republican,Kimberly Lund,41
Montgomery,13B Kenwood,Chancellor Part II,19 (unexpired term),Democratic,No Candidate Qualified,0
Montgomery,13B Kenwood,Chancellor Part II,19 (unexpired term),Republican,Kimberly Lund,61
Montgomery,14A St B ELC,Chancellor Part II,19 (unexpired term),Democratic,No Candidate Qualified,0
Montgomery,14A St B ELC,Chancellor Part II,19 (unexpired term),Republican,Kimberly Lund,29
Montgomery,14B First MBC,Chancellor Part II,19 (unexpired term),Democratic,No Candidate Qualified,0
Montgomery,14B First MBC,Chancellor Part II,19 (unexpired term),Republican,Kimberly Lund,101
Montgomery,15A Excell,Chancellor Part II,19 (unexpired term),Democratic,No Candidate Qualified,0
Montgomery,15A Excell,Chancellor Part II,19 (unexpired term),Republican,Kimberly Lund,297
Montgomery,15B Sango,Chancellor Part II,19 (unexpired term),Democratic,No Candidate Qualified,0
Montgomery,15B Sango,Chancellor Part II,19 (unexpired term),Republican,Kimberly Lund,267
Montgomery,16A Ringgold,Chancellor Part II,19 (unexpired term),Democratic,No Candidate Qualified,0
Montgomery,16A Ringgold,Chancellor Part II,19 (unexpired term),Republican,Kimberly Lund,65
Montgomery,16B New Providence,Chancellor Part II,19 (unexpired term),Democratic,No Candidate Qualified,0
Montgomery,16B New Providence,Chancellor Part II,19 (unexpired term),Republican,Kimberly Lund,63
Montgomery,17A Grace,Chancellor Part II,19 (unexpired term),Democratic,No Candidate Qualified,0
Montgomery,17A Grace,Chancellor Part II,19 (unexpired term),Republican,Kimberly Lund,50
Montgomery,17B Glenellen,Chancellor Part II,19 (unexpired term),Democratic,No Candidate Qualified,0
Montgomery,17B Glenellen,Chancellor Part II,19 (unexpired term),Republican,Kimberly Lund,68
Montgomery,18A Barkers Mill,Chancellor Part II,19 (unexpired term),Democratic,No Candidate Qualified,0
Montgomery,18A Barkers Mill,Chancellor Part II,19 (unexpired term),Republican,Kimberly Lund,53
Montgomery,18B Pisgah,Chancellor Part II,19 (unexpired term),Democratic,No Candidate Qualified,0
Montgomery,18B Pisgah,Chancellor Part II,19 (unexpired term),Republican,Kimberly Lund,65
Montgomery,19A Rossview,Chancellor Part II,19 (unexpired term),Democratic,No Candidate Qualified,0
Montgomery,19A Rossview,Chancellor Part II,19 (unexpired term),Republican,Kimberly Lund,200
Montgomery,19B South Guthrie,Chancellor Part II,19 (unexpired term),Democratic,No Candidate Qualified,0
Montgomery,19B South Guthrie,Chancellor Part II,19 (unexpired term),Republican,Kimberly Lund,64
Montgomery,1A St B CC,Chancellor Part II,19 (unexpired term),Democratic,No Candidate Qualified,0
Montgomery,1A St B CC,Chancellor Part II,19 (unexpired term),Republican,Kimberly Lund,164
Montgomery,1B St B UMC,Chancellor Part II,19 (unexpired term),Democratic,No Candidate Qualified,0
Montgomery,1B St B UMC,Chancellor Part II,19 (unexpired term),Republican,Kimberly Lund,131
Montgomery,20A Northeast,Chancellor Part II,19 (unexpired term),Democratic,No Candidate Qualified,0
Montgomery,20A Northeast,Chancellor Part II,19 (unexpired term),Republican,Kimberly Lund,57
Montgomery,20B Oakland,Chancellor Part II,19 (unexpired term),Democratic,No Candidate Qualified,0
Montgomery,20B Oakland,Chancellor Part II,19 (unexpired term),Republican,Kimberly Lund,79
Montgomery,21A Hilldale,Chancellor Part II,19 (unexpired term),Democratic,No Candidate Qualified,0
Montgomery,21A Hilldale,Chancellor Part II,19 (unexpired term),Republican,Kimberly Lund,252
Montgomery,21B Barksdale,Chancellor Part II,19 (unexpired term),Democratic,No Candidate Qualified,0
Montgomery,21B Barksdale,Chancellor Part II,19 (unexpired term),Republican,Kimberly Lund,119
Montgomery,2A Clarksville,Chancellor Part II,19 (unexpired term),Democratic,No Candidate Qualified,0
Montgomery,2A Clarksville,Chancellor Part II,19 (unexpired term),Republican,Kimberly Lund,310
Montgomery,2B Bible,Chancellor Part II,19 (unexpired term),Democratic,No Candidate Qualified,0
Montgomery,2B Bible,Chancellor Part II,19 (unexpired term),Republican,Kimberly Lund,174
Montgomery,3A East Montgomery,Chancellor Part II,19 (unexpired term),Democratic,No Candidate Qualified,0
Montgomery,3A East Montgomery,Chancellor Part II,19 (unexpired term),Republican,Kimberly Lund,256
Montgomery,3B Fredonia,Chancellor Part II,19 (unexpired term),Democratic,No Candidate Qualified,0
Montgomery,3B Fredonia,Chancellor Part II,19 (unexpired term),Republican,Kimberly Lund,301
Montgomery,4A MCMS,Chancellor Part II,19 (unexpired term),Democratic,No Candidate Qualified,0
Montgomery,4A MCMS,Chancellor Part II,19 (unexpired term),Republican,Kimberly Lund,222
Montgomery,4B WR Event Center,Chancellor Part II,19 (unexpired term),Democratic,No Candidate Qualified,0
Montgomery,4B WR Event Center,Chancellor Part II,19 (unexpired term),Republican,Kimberly Lund,123
Montgomery,5 Cumberland,Chancellor Part II,19 (unexpired term),Democratic,No Candidate Qualified,0
Montgomery,5 Cumberland,Chancellor Part II,19 (unexpired term),Republican,Kimberly Lund,90
Montgomery,6A Cumberland,Chancellor Part II,19 (unexpired term),Democratic,No Candidate Qualified,0
Montgomery,6A Cumberland,Chancellor Part II,19 (unexpired term),Republican,Kimberly Lund,217
Montgomery,6B Bethel,Chancellor Part II,19 (unexpired term),Democratic,No Candidate Qualified,0
Montgomery,6B Bethel,Chancellor Part II,19 (unexpired term),Republican,Kimberly Lund,185
Montgomery,7A Liberty,Chancellor Part II,19 (unexpired term),Democratic,No Candidate Qualified,0
Montgomery,7A Liberty,Chancellor Part II,19 (unexpired term),Republican,Kimberly Lund,149
Montgomery,7B Woodlawn,Chancellor Part II,19 (unexpired term),Democratic,No Candidate Qualified,0
Montgomery,7B Woodlawn,Chancellor Part II,19 (unexpired term),Republican,Kimberly Lund,248
Montgomery,8 Bethel,Chancellor Part II,19 (unexpired term),Democratic,No Candidate Qualified,0
Montgomery,8 Bethel,Chancellor Part II,19 (unexpired term),Republican,Kimberly Lund,30
Montgomery,9A Hazelwood,Chancellor Part II,19 (unexpired term),Democratic,No Candidate Qualified,0
Montgomery,9A Hazelwood,Chancellor Part II,19 (unexpired term),Republican,Kimberly Lund,60
Montgomery,9B St John,Chancellor Part II,19 (unexpired term),Democratic,No Candidate Qualified,0
Montgomery,9B St John,Chancellor Part II,19 (unexpired term),Republican,Kimberly Lund,56
Perry,1-1 Cedar Creek,Circuit and Chancery Court Judge,32 (unexpired term),Republican,"William K. Lane, III",14
Perry,1-2 Marsh Creek,Circuit and Chancery Court Judge,32 (unexpired term),Republican,"William K. Lane, III",14
Perry,2-1 Pineview,Circuit and Chancery Court Judge,32 (unexpired term),Republican,"William K. Lane, III",21
Perry,2-2 Pope,Circuit and Chancery Court Judge,32 (unexpired term),Republican,"William K. Lane, III",12
Perry,3-1 Coon Creek,Circuit and Chancery Court Judge,32 (unexpired term),Republican,"William K. Lane, III",16
Perry,3-2 Flatwoods,Circuit and Chancery Court Judge,32 (unexpired term),Republican,"William K. Lane, III",21
Perry,4-1 Brush Creek,Circuit and Chancery Court Judge,32 (unexpired term),Republican,"William K. Lane, III",4
Perry,4-3 Lobelville,Circuit and Chancery Court Judge,32 (unexpired term),Republican,"William K. Lane, III",13
Perry,5-1 Linden,Circuit and Chancery Court Judge,32 (unexpired term),Republican,"William K. Lane, III",22
Perry,6-1 Lobelville,Circuit and Chancery Court Judge,32 (unexpired term),Republican,"William K. Lane, III",23
Robertson,01-1 East Robertson,Chancellor Part II,19 (unexpired term),Democratic,No Candidate Qualified,0
Robertson,01-1 East Robertson,Chancellor Part II,19 (unexpired term),Republican,Kimberly Lund,441
Robertson,02-1 Woodall,Chancellor Part II,19 (unexpired term),Democratic,No Candidate Qualified,0
Robertson,02-1 Woodall,Chancellor Part II,19 (unexpired term),Republican,Kimberly Lund,272
Robertson,03-1 Ebenezer,Chancellor Part II,19 (unexpired term),Democratic,No Candidate Qualified,0
Robertson,03-1 Ebenezer,Chancellor Part II,19 (unexpired term),Republican,Kimberly Lund,172
Robertson,03-2 Heritage,Chancellor Part II,19 (unexpired term),Democratic,No Candidate Qualified,0
Robertson,03-2 Heritage,Chancellor Part II,19 (unexpired term),Republican,Kimberly Lund,263
Robertson,04-1 Watauga,Chancellor Part II,19 (unexpired term),Democratic,No Candidate Qualified,0
Robertson,04-1 Watauga,Chancellor Part II,19 (unexpired term),Republican,Kimberly Lund,274
Robertson,05-1 Greenbrier,Chancellor Part II,19 (unexpired term),Democratic,No Candidate Qualified,0
Robertson,05-1 Greenbrier,Chancellor Part II,19 (unexpired term),Republican,Kimberly Lund,273
Robertson,06-1 Coopertown,Chancellor Part II,19 (unexpired term),Democratic,No Candidate Qualified,0
Robertson,06-1 Coopertown,Chancellor Part II,19 (unexpired term),Republican,Kimberly Lund,253
Robertson,06-2 Mt. Sharon,Chancellor Part II,19 (unexpired term),Democratic,No Candidate Qualified,0
Robertson,06-2 Mt. Sharon,Chancellor Part II,19 (unexpired term),Republican,Kimberly Lund,222
Robertson,07-1 Jo Byrns,Chancellor Part II,19 (unexpired term),Democratic,No Candidate Qualified,0
Robertson,07-1 Jo Byrns,Chancellor Part II,19 (unexpired term),Republican,Kimberly Lund,601
Robertson,07-2 Stroudsville,Chancellor Part II,19 (unexpired term),Democratic,No Candidate Qualified,0
Robertson,07-2 Stroudsville,Chancellor Part II,19 (unexpired term),Republican,Kimberly Lund,153
Robertson,08-1 Krisle,Chancellor Part II,19 (unexpired term),Democratic,No Candidate Qualified,0
Robertson,08-1 Krisle,Chancellor Part II,19 (unexpired term),Republican,Kimberly Lund,206
Robertson,08-2 HATS,Chancellor Part II,19 (unexpired term),Democratic,No Candidate Qualified,0
Robertson,08-2 HATS,Chancellor Part II,19 (unexpired term),Republican,Kimberly Lund,220
Robertson,08-3 Owens Chapel,Chancellor Part II,19 (unexpired term),Democratic,No Candidate Qualified,0
Robertson,08-3 Owens Chapel,Chancellor Part II,19 (unexpired term),Republican,Kimberly Lund,256
Robertson,09-1 Fair Assoc.,Chancellor Part II,19 (unexpired term),Democratic,No Candidate Qualified,0
Robertson,09-1 Fair Assoc.,Chancellor Part II,19 (unexpired term),Republican,Kimberly Lund,312
Robertson,10-1 South Haven,Chancellor Part II,19 (unexpired term),Democratic,No Candidate Qualified,0
Robertson,10-1 South Haven,Chancellor Part II,19 (unexpired term),Republican,Kimberly Lund,468
Robertson,11-1 Westside,Chancellor Part II,19 (unexpired term),Democratic,No Candidate Qualified,0
Robertson,11-1 Westside,Chancellor Part II,19 (unexpired term),Republican,Kimberly Lund,440
Robertson,11-2 Heads,Chancellor Part II,19 (unexpired term),Democratic,No Candidate Qualified,0
Robertson,11-2 Heads,Chancellor Part II,19 (unexpired term),Republican,Kimberly Lund,101
Robertson,12-1 Bransford,Chancellor Part II,19 (unexpired term),Democratic,No Candidate Qualified,0
Robertson,12-1 Bransford,Chancellor Part II,19 (unexpired term),Republican,Kimberly Lund,62
Sevier,1-1 Caton's Chapel,Circuit Court Judge Part IV,4 (unexpired term),Democratic,No Candidate Qualified,0
Sevier,1-1 Caton's Chapel,Circuit Court Judge Part IV,4 (unexpired term),Republican,Jeremy Ball,128
Sevier,1-1 Caton's Chapel,Circuit Court Judge Part V,4 (unexpired term),Democratic,No Candidate Qualified,0
Sevier,1-1 Caton's Chapel,Circuit Court Judge Part V,4 (unexpired term),Republican,Adrienne Ogle,124
Sevier,1-2 Caton's Chapel,Circuit Court Judge Part IV,4 (unexpired term),Democratic,No Candidate Qualified,0
Sevier,1-2 Caton's Chapel,Circuit Court Judge Part IV,4 (unexpired term),Republican,Jeremy Ball,582
Sevier,1-2 Caton's Chapel,Circuit Court Judge Part V,4 (unexpired term),Democratic,No Candidate Qualified,0
Sevier,1-2 Caton's Chapel,Circuit Court Judge Part V,4 (unexpired term),Republican,Adrienne Ogle,566
Sevier,1-3 Jones Cove,Circuit Court Judge Part IV,4 (unexpired term),Democratic,No Candidate Qualified,0
Sevier,1-3 Jones Cove,Circuit Court Judge Part IV,4 (unexpired term),Republican,Jeremy Ball,296
Sevier,1-3 Jones Cove,Circuit Court Judge Part V,4 (unexpired term),Democratic,No Candidate Qualified,0
Sevier,1-3 Jones Cove,Circuit Court Judge Part V,4 (unexpired term),Republican,Adrienne Ogle,303
Sevier,10-1 Boyds Creek,Circuit Court Judge Part IV,4 (unexpired term),Democratic,No Candidate Qualified,0
Sevier,10-1 Boyds Creek,Circuit Court Judge Part IV,4 (unexpired term),Republican,Jeremy Ball,523
Sevier,10-1 Boyds Creek,Circuit Court Judge Part V,4 (unexpired term),Democratic,No Candidate Qualified,0
Sevier,10-1 Boyds Creek,Circuit Court Judge Part V,4 (unexpired term),Republican,Adrienne Ogle,513
Sevier,10-2 DuPont,Circuit Court Judge Part IV,4 (unexpired term),Democratic,No Candidate Qualified,0
Sevier,10-2 DuPont,Circuit Court Judge Part IV,4 (unexpired term),Republican,Jeremy Ball,266
Sevier,10-2 DuPont,Circuit Court Judge Part V,4 (unexpired term),Democratic,No Candidate Qualified,0
Sevier,10-2 DuPont,Circuit Court Judge Part V,4 (unexpired term),Republican,Adrienne Ogle,256
Sevier,10-3 Zion Hill,Circuit Court Judge Part IV,4 (unexpired term),Democratic,No Candidate Qualified,0
Sevier,10-3 Zion Hill,Circuit Court Judge Part IV,4 (unexpired term),Republican,Jeremy Ball,100
Sevier,10-3 Zion Hill,Circuit Court Judge Part V,4 (unexpired term),Democratic,No Candidate Qualified,0
Sevier,10-3 Zion Hill,Circuit Court Judge Part V,4 (unexpired term),Republican,Adrienne Ogle,95
Sevier,11-1 Gatlinburg,Circuit Court Judge Part IV,4 (unexpired term),Democratic,No Candidate Qualified,0
Sevier,11-1 Gatlinburg,Circuit Court Judge Part IV,4 (unexpired term),Republican,Jeremy Ball,29
Sevier,11-1 Gatlinburg,Circuit Court Judge Part V,4 (unexpired term),Democratic,No Candidate Qualified,0
Sevier,11-1 Gatlinburg,Circuit Court Judge Part V,4 (unexpired term),Republican,Adrienne Ogle,26
Sevier,11-2 Gatlinburg,Circuit Court Judge Part IV,4 (unexpired term),Democratic,No Candidate Qualified,0
Sevier,11-2 Gatlinburg,Circuit Court Judge Part IV,4 (unexpired term),Republican,Jeremy Ball,443
Sevier,11-2 Gatlinburg,Circuit Court Judge Part V,4 (unexpired term),Democratic,No Candidate Qualified,0
Sevier,11-2 Gatlinburg,Circuit Court Judge Part V,4 (unexpired term),Republican,Adrienne Ogle,455
Sevier,11-3 Pittman Center,Circuit Court Judge Part IV,4 (unexpired term),Democratic,No Candidate Qualified,0
Sevier,11-3 Pittman Center,Circuit Court Judge Part IV,4 (unexpired term),Republican,Jeremy Ball,173
Sevier,11-3 Pittman Center,Circuit Court Judge Part V,4 (unexpired term),Democratic,No Candidate Qualified,0
Sevier,11-3 Pittman Center,Circuit Court Judge Part V,4 (unexpired term),Republican,Adrienne Ogle,174
Sevier,2-1 Waldens Creek,Circuit Court Judge Part IV,4 (unexpired term),Democratic,No Candidate Qualified,0
Sevier,2-1 Waldens Creek,Circuit Court Judge Part IV,4 (unexpired term),Republican,Jeremy Ball,362
Sevier,2-1 Waldens Creek,Circuit Court Judge Part V,4 (unexpired term),Democratic,No Candidate Qualified,0
Sevier,2-1 Waldens Creek,Circuit Court Judge Part V,4 (unexpired term),Republican,Adrienne Ogle,360
Sevier,2-2 Whites,Circuit Court Judge Part IV,4 (unexpired term),Democratic,No Candidate Qualified,0
Sevier,2-2 Whites,Circuit Court Judge Part IV,4 (unexpired term),Republican,Jeremy Ball,103
Sevier,2-2 Whites,Circuit Court Judge Part V,4 (unexpired term),Democratic,No Candidate Qualified,0
Sevier,2-2 Whites,Circuit Court Judge Part V,4 (unexpired term),Republican,Adrienne Ogle,102
Sevier,2-3 Wearwood,Circuit Court Judge Part IV,4 (unexpired term),Democratic,No Candidate Qualified,0
Sevier,2-3 Wearwood,Circuit Court Judge Part IV,4 (unexpired term),Republican,Jeremy Ball,461
Sevier,2-3 Wearwood,Circuit Court Judge Part V,4 (unexpired term),Democratic,No Candidate Qualified,0
Sevier,2-3 Wearwood,Circuit Court Judge Part V,4 (unexpired term),Republican,Adrienne Ogle,467
Sevier,3-1 Harrisburg,Circuit Court Judge Part IV,4 (unexpired term),Democratic,No Candidate Qualified,0
Sevier,3-1 Harrisburg,Circuit Court Judge Part IV,4 (unexpired term),Republican,Jeremy Ball,50
Sevier,3-1 Harrisburg,Circuit Court Judge Part V,4 (unexpired term),Democratic,No Candidate Qualified,0
Sevier,3-1 Harrisburg,Circuit Court Judge Part V,4 (unexpired term),Republican,Adrienne Ogle,49
Sevier,3-2 New Center,Circuit Court Judge Part IV,4 (unexpired term),Democratic,No Candidate Qualified,0
Sevier,3-2 New Center,Circuit Court Judge Part IV,4 (unexpired term),Republican,Jeremy Ball,1075
Sevier,3-2 New Center,Circuit Court Judge Part V,4 (unexpired term),Democratic,No Candidate Qualified,0
Sevier,3-2 New Center,Circuit Court Judge Part V,4 (unexpired term),Republican,Adrienne Ogle,1067
Sevier,4-1 Pigeon Forge,Circuit Court Judge Part IV,4 (unexpired term),Democratic,No Candidate Qualified,0
Sevier,4-1 Pigeon Forge,Circuit Court Judge Part IV,4 (unexpired term),Republican,Jeremy Ball,488
Sevier,4-1 Pigeon Forge,Circuit Court Judge Part V,4 (unexpired term),Democratic,No Candidate Qualified,0
Sevier,4-1 Pigeon Forge,Circuit Court Judge Part V,4 (unexpired term),Republican,Adrienne Ogle,487
Sevier,4-2 Sevierville Elem,Circuit Court Judge Part IV,4 (unexpired term),Democratic,No Candidate Qualified,0
Sevier,4-2 Sevierville Elem,Circuit Court Judge Part IV,4 (unexpired term),Republican,Jeremy Ball,584
Sevier,4-2 Sevierville Elem,Circuit Court Judge Part V,4 (unexpired term),Democratic,No Candidate Qualified,0
Sevier,4-2 Sevierville Elem,Circuit Court Judge Part V,4 (unexpired term),Republican,Adrienne Ogle,585
Sevier,5-1 Sevierville,Circuit Court Judge Part IV,4 (unexpired term),Democratic,No Candidate Qualified,0
Sevier,5-1 Sevierville,Circuit Court Judge Part IV,4 (unexpired term),Republican,Jeremy Ball,756
Sevier,5-1 Sevierville,Circuit Court Judge Part V,4 (unexpired term),Democratic,No Candidate Qualified,0
Sevier,5-1 Sevierville,Circuit Court Judge Part V,4 (unexpired term),Republican,Adrienne Ogle,750
Sevier,5-2 Senior Center,Circuit Court Judge Part IV,4 (unexpired term),Democratic,No Candidate Qualified,0
Sevier,5-2 Senior Center,Circuit Court Judge Part IV,4 (unexpired term),Republican,Jeremy Ball,403
Sevier,5-2 Senior Center,Circuit Court Judge Part V,4 (unexpired term),Democratic,No Candidate Qualified,0
Sevier,5-2 Senior Center,Circuit Court Judge Part V,4 (unexpired term),Republican,Adrienne Ogle,401
Sevier,6-1 Seymour,Circuit Court Judge Part IV,4 (unexpired term),Democratic,No Candidate Qualified,0
Sevier,6-1 Seymour,Circuit Court Judge Part IV,4 (unexpired term),Republican,Jeremy Ball,1078
Sevier,6-1 Seymour,Circuit Court Judge Part V,4 (unexpired term),Democratic,No Candidate Qualified,0
Sevier,6-1 Seymour,Circuit Court Judge Part V,4 (unexpired term),Republican,Adrienne Ogle,1070
Sevier,7-1 Catlettsburg,Circuit Court Judge Part IV,4 (unexpired term),Democratic,No Candidate Qualified,0
Sevier,7-1 Catlettsburg,Circuit Court Judge Part IV,4 (unexpired term),Republican,Jeremy Ball,314
Sevier,7-1 Catlettsburg,Circuit Court Judge Part V,4 (unexpired term),Democratic,No Candidate Qualified,0
Sevier,7-1 Catlettsburg,Circuit Court Judge Part V,4 (unexpired term),Republican,Adrienne Ogle,309
Sevier,7-2 Catlettsburg,Circuit Court Judge Part IV,4 (unexpired term),Democratic,No Candidate Qualified,0
Sevier,7-2 Catlettsburg,Circuit Court Judge Part IV,4 (unexpired term),Republican,Jeremy Ball,149
Sevier,7-2 Catlettsburg,Circuit Court Judge Part V,4 (unexpired term),Democratic,No Candidate Qualified,0
Sevier,7-2 Catlettsburg,Circuit Court Judge Part V,4 (unexpired term),Republican,Adrienne Ogle,145
Sevier,7-3 Walnut Grove,Circuit Court Judge Part IV,4 (unexpired term),Democratic,No Candidate Qualified,0
Sevier,7-3 Walnut Grove,Circuit Court Judge Part IV,4 (unexpired term),Republican,Jeremy Ball,126
Sevier,7-3 Walnut Grove,Circuit Court Judge Part V,4 (unexpired term),Democratic,No Candidate Qualified,0
Sevier,7-3 Walnut Grove,Circuit Court Judge Part V,4 (unexpired term),Republican,Adrienne Ogle,122
Sevier,8-1 Kodak,Circuit Court Judge Part IV,4 (unexpired term),Democratic,No Candidate Qualified,0
Sevier,8-1 Kodak,Circuit Court Judge Part IV,4 (unexpired term),Republican,Jeremy Ball,938
Sevier,8-1 Kodak,Circuit Court Judge Part V,4 (unexpired term),Democratic,No Candidate Qualified,0
Sevier,8-1 Kodak,Circuit Court Judge Part V,4 (unexpired term),Republican,Adrienne Ogle,913
Sevier,8-2 Underwood,Circuit Court Judge Part IV,4 (unexpired term),Democratic,No Candidate Qualified,0
Sevier,8-2 Underwood,Circuit Court Judge Part IV,4 (unexpired term),Republican,Jeremy Ball,417
Sevier,8-2 Underwood,Circuit Court Judge Part V,4 (unexpired term),Democratic,No Candidate Qualified,0
Sevier,8-2 Underwood,Circuit Court Judge Part V,4 (unexpired term),Republican,Adrienne Ogle,407
Sevier,9-1 Seymour Primary,Circuit Court Judge Part IV,4 (unexpired term),Democratic,No Candidate Qualified,0
Sevier,9-1 Seymour Primary,Circuit Court Judge Part IV,4 (unexpired term),Republican,Jeremy Ball,782
Sevier,9-1 Seymour Primary,Circuit Court Judge Part V,4 (unexpired term),Democratic,No Candidate Qualified,0
Sevier,9-1 Seymour Primary,Circuit Court Judge Part V,4 (unexpired term),Republican,Adrienne Ogle,782
Stewart,1-1 Indian Mound,Circuit Court Judge Division IV,23 (unexpired term),Democratic,No Candidate Qualified,0
Stewart,1-1 Indian Mound,Circuit Court Judge Division IV,23 (unexpired term),Republican,Joshua Turnbow,22
Stewart,2-1 Big Rock,Circuit Court Judge Division IV,23 (unexpired term),Democratic,No Candidate Qualified,0
Stewart,2-1 Big Rock,Circuit Court Judge Division IV,23 (unexpired term),Republican,Joshua Turnbow,26
Stewart,3-1 Bumpus Mills,Circuit Court Judge Division IV,23 (unexpired term),Democratic,No Candidate Qualified,0
Stewart,3-1 Bumpus Mills,Circuit Court Judge Division IV,23 (unexpired term),Republican,Joshua Turnbow,52
Stewart,4-1 Church Street,Circuit Court Judge Division IV,23 (unexpired term),Democratic,No Candidate Qualified,0
Stewart,4-1 Church Street,Circuit Court Judge Division IV,23 (unexpired term),Republican,Joshua Turnbow,35
Stewart,5-1 Visitors Center,Circuit Court Judge Division IV,23 (unexpired term),Democratic,No Candidate Qualified,0
Stewart,5-1 Visitors Center,Circuit Court Judge Division IV,23 (unexpired term),Republican,Joshua Turnbow,28
Stewart,6-1 Public Library,Circuit Court Judge Division IV,23 (unexpired term),Democratic,No Candidate Qualified,0
Stewart,6-1 Public Library,Circuit Court Judge Division IV,23 (unexpired term),Republican,Joshua Turnbow,22
Stewart,7-1 Cumberland City,Circuit Court Judge Division IV,23 (unexpired term),Democratic,No Candidate Qualified,0
Stewart,7-1 Cumberland City,Circuit Court Judge Division IV,23 (unexpired term),Republican,Joshua Turnbow,23
Sumner,1-1 Westmoreland,Circuit Court Judge Division II,18 (unexpired term),Democratic,No Candidate Qualified,0
Sumner,1-1 Westmoreland,Circuit Court Judge Division II,18 (unexpired term),Republican,Jennifer Nichols,275
Sumner,1-1 Westmoreland,Circuit Court Judge Division II,18 (unexpired term),Republican,Michael Begley,244
Sumner,1-1 Westmoreland,District Attorney General,18 (unexpired term),Democratic,No Candidate Qualified,0
Sumner,1-1 Westmoreland,District Attorney General,18 (unexpired term),Republican,Thomas Dean,456
Sumner,10-1 Vol State,Circuit Court Judge Division II,18 (unexpired term),Democratic,No Candidate Qualified,0
Sumner,10-1 Vol State,Circuit Court Judge Division II,18 (unexpired term),Republican,Jennifer Nichols,332
Sumner,10-1 Vol State,Circuit Court Judge Division II,18 (unexpired term),Republican,Michael Begley,306
Sumner,10-1 Vol State,District Attorney General,18 (unexpired term),Democratic,No Candidate Qualified,0
Sumner,10-1 Vol State,District Attorney General,18 (unexpired term),Republican,Thomas Dean,559
Sumner,11-1 Station Camp MS,Circuit Court Judge Division II,18 (unexpired term),Democratic,No Candidate Qualified,0
Sumner,11-1 Station Camp MS,Circuit Court Judge Division II,18 (unexpired term),Republican,Jennifer Nichols,220
Sumner,11-1 Station Camp MS,Circuit Court Judge Division II,18 (unexpired term),Republican,Michael Begley,165
Sumner,11-1 Station Camp MS,District Attorney General,18 (unexpired term),Democratic,No Candidate Qualified,0
Sumner,11-1 Station Camp MS,District Attorney General,18 (unexpired term),Republican,Thomas Dean,350
Sumner,12-1 Howard,Circuit Court Judge Division II,18 (unexpired term),Democratic,No Candidate Qualified,0
Sumner,12-1 Howard,Circuit Court Judge Division II,18 (unexpired term),Republican,Jennifer Nichols,117
Sumner,12-1 Howard,Circuit Court Judge Division II,18 (unexpired term),Republican,Michael Begley,66
Sumner,12-1 Howard,District Attorney General,18 (unexpired term),Democratic,No Candidate Qualified,0
Sumner,12-1 Howard,District Attorney General,18 (unexpired term),Republican,Thomas Dean,158
Sumner,12-2 Station Camp HS,Circuit Court Judge Division II,18 (unexpired term),Democratic,No Candidate Qualified,0
Sumner,12-2 Station Camp HS,Circuit Court Judge Division II,18 (unexpired term),Republican,Jennifer Nichols,238
Sumner,12-2 Station Camp HS,Circuit Court Judge Division II,18 (unexpired term),Republican,Michael Begley,124
Sumner,12-2 Station Camp HS,District Attorney General,18 (unexpired term),Democratic,No Candidate Qualified,0
Sumner,12-2 Station Camp HS,District Attorney General,18 (unexpired term),Republican,Thomas Dean,309
Sumner,13-1 Union,Circuit Court Judge Division II,18 (unexpired term),Democratic,No Candidate Qualified,0
Sumner,13-1 Union,Circuit Court Judge Division II,18 (unexpired term),Republican,Jennifer Nichols,206
Sumner,13-1 Union,Circuit Court Judge Division II,18 (unexpired term),Republican,Michael Begley,137
Sumner,13-1 Union,District Attorney General,18 (unexpired term),Democratic,No Candidate Qualified,0
Sumner,13-1 Union,District Attorney General,18 (unexpired term),Republican,Thomas Dean,294
Sumner,14-1 Beech,Circuit Court Judge Division II,18 (unexpired term),Democratic,No Candidate Qualified,0
Sumner,14-1 Beech,Circuit Court Judge Division II,18 (unexpired term),Republican,Jennifer Nichols,218
Sumner,14-1 Beech,Circuit Court Judge Division II,18 (unexpired term),Republican,Michael Begley,177
Sumner,14-1 Beech,District Attorney General,18 (unexpired term),Democratic,No Candidate Qualified,0
Sumner,14-1 Beech,District Attorney General,18 (unexpired term),Republican,Thomas Dean,314
Sumner,14-2 Birdwell,Circuit Court Judge Division II,18 (unexpired term),Democratic,No Candidate Qualified,0
Sumner,14-2 Birdwell,Circuit Court Judge Division II,18 (unexpired term),Republican,Jennifer Nichols,146
Sumner,14-2 Birdwell,Circuit Court Judge Division II,18 (unexpired term),Republican,Michael Begley,139
Sumner,14-2 Birdwell,District Attorney General,18 (unexpired term),Democratic,No Candidate Qualified,0
Sumner,14-2 Birdwell,District Attorney General,18 (unexpired term),Republican,Thomas Dean,237
Sumner,15-1 White House,Circuit Court Judge Division II,18 (unexpired term),Democratic,No Candidate Qualified,0
Sumner,15-1 White House,Circuit Court Judge Division II,18 (unexpired term),Republican,Jennifer Nichols,166
Sumner,15-1 White House,Circuit Court Judge Division II,18 (unexpired term),Republican,Michael Begley,143
Sumner,15-1 White House,District Attorney General,18 (unexpired term),Democratic,No Candidate Qualified,0
Sumner,15-1 White House,District Attorney General,18 (unexpired term),Republican,Thomas Dean,267
Sumner,16-1 Millersville,Circuit Court Judge Division II,18 (unexpired term),Democratic,No Candidate Qualified,0
Sumner,16-1 Millersville,Circuit Court Judge Division II,18 (unexpired term),Republican,Jennifer Nichols,193
Sumner,16-1 Millersville,Circuit Court Judge Division II,18 (unexpired term),Republican,Michael Begley,187
Sumner,16-1 Millersville,District Attorney General,18 (unexpired term),Democratic,No Candidate Qualified,0
Sumner,16-1 Millersville,District Attorney General,18 (unexpired term),Republican,Thomas Dean,313
Sumner,17-1 Goodlettsville,Circuit Court Judge Division II,18 (unexpired term),Democratic,No Candidate Qualified,0
Sumner,17-1 Goodlettsville,Circuit Court Judge Division II,18 (unexpired term),Republican,Jennifer Nichols,305
Sumner,17-1 Goodlettsville,Circuit Court Judge Division II,18 (unexpired term),Republican,Michael Begley,286
Sumner,17-1 Goodlettsville,District Attorney General,18 (unexpired term),Democratic,No Candidate Qualified,0
Sumner,17-1 Goodlettsville,District Attorney General,18 (unexpired term),Republican,Thomas Dean,465
Sumner,18-1 Merrol Hyde,Circuit Court Judge Division II,18 (unexpired term),Democratic,No Candidate Qualified,0
Sumner,18-1 Merrol Hyde,Circuit Court Judge Division II,18 (unexpired term),Republican,Jennifer Nichols,122
Sumner,18-1 Merrol Hyde,Circuit Court Judge Division II,18 (unexpired term),Republican,Michael Begley,121
Sumner,18-1 Merrol Hyde,District Attorney General,18 (unexpired term),Democratic,No Candidate Qualified,0
Sumner,18-1 Merrol Hyde,District Attorney General,18 (unexpired term),Republican,Thomas Dean,212
Sumner,19-1 Brown,Circuit Court Judge Division II,18 (unexpired term),Democratic,No Candidate Qualified,0
Sumner,19-1 Brown,Circuit Court Judge Division II,18 (unexpired term),Republican,Jennifer Nichols,113
Sumner,19-1 Brown,Circuit Court Judge Division II,18 (unexpired term),Republican,Michael Begley,97
Sumner,19-1 Brown,District Attorney General,18 (unexpired term),Democratic,No Candidate Qualified,0
Sumner,19-1 Brown,District Attorney General,18 (unexpired term),Republican,Thomas Dean,184
Sumner,2-1 Corinth,Circuit Court Judge Division II,18 (unexpired term),Democratic,No Candidate Qualified,0
Sumner,2-1 Corinth,Circuit Court Judge Division II,18 (unexpired term),Republican,Jennifer Nichols,149
Sumner,2-1 Corinth,Circuit Court Judge Division II,18 (unexpired term),Republican,Michael Begley,226
Sumner,2-1 Corinth,District Attorney General,18 (unexpired term),Democratic,No Candidate Qualified,0
Sumner,2-1 Corinth,District Attorney General,18 (unexpired term),Republican,Thomas Dean,318
Sumner,20-1 Hawkins,Circuit Court Judge Division II,18 (unexpired term),Democratic,No Candidate Qualified,0
Sumner,20-1 Hawkins,Circuit Court Judge Division II,18 (unexpired term),Republican,Jennifer Nichols,195
Sumner,20-1 Hawkins,Circuit Court Judge Division II,18 (unexpired term),Republican,Michael Begley,173
Sumner,20-1 Hawkins,District Attorney General,18 (unexpired term),Democratic,No Candidate Qualified,0
Sumner,20-1 Hawkins,District Attorney General,18 (unexpired term),Republican,Thomas Dean,304
Sumner,21-1 Indian Lake,Circuit Court Judge Division II,18 (unexpired term),Democratic,No Candidate Qualified,0
Sumner,21-1 Indian Lake,Circuit Court Judge Division II,18 (unexpired term),Republican,Jennifer Nichols,690
Sumner,21-1 Indian Lake,Circuit Court Judge Division II,18 (unexpired term),Republican,Michael Begley,570
Sumner,21-1 Indian Lake,District Attorney General,18 (unexpired term),Democratic,No Candidate Qualified,0
Sumner,21-1 Indian Lake,District Attorney General,18 (unexpired term),Republican,Thomas Dean,1051
Sumner,22-1 Jack Anderson,Circuit Court Judge Division II,18 (unexpired term),Democratic,No Candidate Qualified,0
Sumner,22-1 Jack Anderson,Circuit Court Judge Division II,18 (unexpired term),Republican,Jennifer Nichols,335
Sumner,22-1 Jack Anderson,Circuit Court Judge Division II,18 (unexpired term),Republican,Michael Begley,241
Sumner,22-1 Jack Anderson,District Attorney General,18 (unexpired term),Democratic,No Candidate Qualified,0
Sumner,22-1 Jack Anderson,District Attorney General,18 (unexpired term),Republican,Thomas Dean,499
Sumner,23-1 Whitten,Circuit Court Judge Division II,18 (unexpired term),Democratic,No Candidate Qualified,0
Sumner,23-1 Whitten,Circuit Court Judge Division II,18 (unexpired term),Republican,Jennifer Nichols,103
Sumner,23-1 Whitten,Circuit Court Judge Division II,18 (unexpired term),Republican,Michael Begley,84
Sumner,23-1 Whitten,District Attorney General,18 (unexpired term),Democratic,No Candidate Qualified,0
Sumner,23-1 Whitten,District Attorney General,18 (unexpired term),Republican,Thomas Dean,161
Sumner,23-2 Hendersonville,Circuit Court Judge Division II,18 (unexpired term),Democratic,No Candidate Qualified,0
Sumner,23-2 Hendersonville,Circuit Court Judge Division II,18 (unexpired term),Republican,Jennifer Nichols,148
Sumner,23-2 Hendersonville,Circuit Court Judge Division II,18 (unexpired term),Republican,Michael Begley,88
Sumner,23-2 Hendersonville,District Attorney General,18 (unexpired term),Democratic,No Candidate Qualified,0
Sumner,23-2 Hendersonville,District Attorney General,18 (unexpired term),Republican,Thomas Dean,194
Sumner,24-1 Long Hollow,Circuit Court Judge Division II,18 (unexpired term),Democratic,No Candidate Qualified,0
Sumner,24-1 Long Hollow,Circuit Court Judge Division II,18 (unexpired term),Republican,Jennifer Nichols,291
Sumner,24-1 Long Hollow,Circuit Court Judge Division II,18 (unexpired term),Republican,Michael Begley,323
Sumner,24-1 Long Hollow,District Attorney General,18 (unexpired term),Democratic,No Candidate Qualified,0
Sumner,24-1 Long Hollow,District Attorney General,18 (unexpired term),Republican,Thomas Dean,522
Sumner,3-1 Portland,Circuit Court Judge Division II,18 (unexpired term),Democratic,No Candidate Qualified,0
Sumner,3-1 Portland,Circuit Court Judge Division II,18 (unexpired term),Republican,Jennifer Nichols,109
Sumner,3-1 Portland,Circuit Court Judge Division II,18 (unexpired term),Republican,Michael Begley,132
Sumner,3-1 Portland,District Attorney General,18 (unexpired term),Democratic,No Candidate Qualified,0
Sumner,3-1 Portland,District Attorney General,18 (unexpired term),Republican,Thomas Dean,222
Sumner,4-1 Oakmont,Circuit Court Judge Division II,18 (unexpired term),Democratic,No Candidate Qualified,0
Sumner,4-1 Oakmont,Circuit Court Judge Division II,18 (unexpired term),Republican,Jennifer Nichols,92
Sumner,4-1 Oakmont,Circuit Court Judge Division II,18 (unexpired term),Republican,Michael Begley,101
Sumner,4-1 Oakmont,District Attorney General,18 (unexpired term),Democratic,No Candidate Qualified,0
Sumner,4-1 Oakmont,District Attorney General,18 (unexpired term),Republican,Thomas Dean,178
Sumner,4-2 Cottontown,Circuit Court Judge Division II,18 (unexpired term),Democratic,No Candidate Qualified,0
Sumner,4-2 Cottontown,Circuit Court Judge Division II,18 (unexpired term),Republican,Jennifer Nichols,154
Sumner,4-2 Cottontown,Circuit Court Judge Division II,18 (unexpired term),Republican,Michael Begley,118
Sumner,4-2 Cottontown,District Attorney General,18 (unexpired term),Democratic,No Candidate Qualified,0
Sumner,4-2 Cottontown,District Attorney General,18 (unexpired term),Republican,Thomas Dean,227
Sumner,5-1 Bethpage,Circuit Court Judge Division II,18 (unexpired term),Democratic,No Candidate Qualified,0
Sumner,5-1 Bethpage,Circuit Court Judge Division II,18 (unexpired term),Republican,Jennifer Nichols,123
Sumner,5-1 Bethpage,Circuit Court Judge Division II,18 (unexpired term),Republican,Michael Begley,90
Sumner,5-1 Bethpage,District Attorney General,18 (unexpired term),Democratic,No Candidate Qualified,0
Sumner,5-1 Bethpage,District Attorney General,18 (unexpired term),Republican,Thomas Dean,182
Sumner,5-2 Highland,Circuit Court Judge Division II,18 (unexpired term),Democratic,No Candidate Qualified,0
Sumner,5-2 Highland,Circuit Court Judge Division II,18 (unexpired term),Republican,Jennifer Nichols,135
Sumner,5-2 Highland,Circuit Court Judge Division II,18 (unexpired term),Republican,Michael Begley,109
Sumner,5-2 Highland,District Attorney General,18 (unexpired term),Democratic,No Candidate Qualified,0
Sumner,5-2 Highland,District Attorney General,18 (unexpired term),Republican,Thomas Dean,205
Sumner,6-1 Creekside,Circuit Court Judge Division II,18 (unexpired term),Democratic,No Candidate Qualified,0
Sumner,6-1 Creekside,Circuit Court Judge Division II,18 (unexpired term),Republican,Jennifer Nichols,440
Sumner,6-1 Creekside,Circuit Court Judge Division II,18 (unexpired term),Republican,Michael Begley,293
Sumner,6-1 Creekside,District Attorney General,18 (unexpired term),Democratic,No Candidate Qualified,0
Sumner,6-1 Creekside,District Attorney General,18 (unexpired term),Republican,Thomas Dean,649
Sumner,7-1 Civic Center,Circuit Court Judge Division II,18 (unexpired term),Democratic,No Candidate Qualified,0
Sumner,7-1 Civic Center,Circuit Court Judge Division II,18 (unexpired term),Republican,Jennifer Nichols,341
Sumner,7-1 Civic Center,Circuit Court Judge Division II,18 (unexpired term),Republican,Michael Begley,189
Sumner,7-1 Civic Center,District Attorney General,18 (unexpired term),Democratic,No Candidate Qualified,0
Sumner,7-1 Civic Center,District Attorney General,18 (unexpired term),Republican,Thomas Dean,437
Sumner,8-1 Guild,Circuit Court Judge Division II,18 (unexpired term),Democratic,No Candidate Qualified,0
Sumner,8-1 Guild,Circuit Court Judge Division II,18 (unexpired term),Republican,Jennifer Nichols,143
Sumner,8-1 Guild,Circuit Court Judge Division II,18 (unexpired term),Republican,Michael Begley,104
Sumner,8-1 Guild,District Attorney General,18 (unexpired term),Democratic,No Candidate Qualified,0
Sumner,8-1 Guild,District Attorney General,18 (unexpired term),Republican,Thomas Dean,206
Sumner,9-1 Gallatin HS,Circuit Court Judge Division II,18 (unexpired term),Democratic,No Candidate Qualified,0
Sumner,9-1 Gallatin HS,Circuit Court Judge Division II,18 (unexpired term),Republican,Jennifer Nichols,547
Sumner,9-1 Gallatin HS,Circuit Court Judge Division II,18 (unexpired term),Republican,Michael Begley,332
Sumner,9-1 Gallatin HS,District Attorney General,18 (unexpired term),Democratic,No Candidate Qualified,0
Sumner,9-1 Gallatin HS,District Attorney General,18 (unexpired term),Republican,Thomas Dean,723
Unicoi,Fishery,Public Defender,1 (unexpired term),Democratic,No Candidate Qualified,0
Unicoi,Fishery,Public Defender,1 (unexpired term),Republican,Bill Donaldson,117
Unicoi,Fishery,Public Defender,1 (unexpired term),Republican,Melanie Sellers,105
Unicoi,Flag Pond,Public Defender,1 (unexpired term),Democratic,No Candidate Qualified,0
Unicoi,Flag Pond,Public Defender,1 (unexpired term),Republican,Bill Donaldson,123
Unicoi,Flag Pond,Public Defender,1 (unexpired term),Republican,Melanie Sellers,120
Unicoi,High School,Public Defender,1 (unexpired term),Democratic,No Candidate Qualified,0
Unicoi,High School,Public Defender,1 (unexpired term),Republican,Bill Donaldson,234
Unicoi,High School,Public Defender,1 (unexpired term),Republican,Melanie Sellers,232
Unicoi,Limestone Cove,Public Defender,1 (unexpired term),Democratic,No Candidate Qualified,0
Unicoi,Limestone Cove,Public Defender,1 (unexpired term),Republican,Bill Donaldson,137
Unicoi,Limestone Cove,Public Defender,1 (unexpired term),Republican,Melanie Sellers,96
Unicoi,Love Chapel,Public Defender,1 (unexpired term),Democratic,No Candidate Qualified,0
Unicoi,Love Chapel,Public Defender,1 (unexpired term),Republican,Bill Donaldson,273
Unicoi,Love Chapel,Public Defender,1 (unexpired term),Republican,Melanie Sellers,227
Unicoi,Rock Creek,Public Defender,1 (unexpired term),Democratic,No Candidate Qualified,0
Unicoi,Rock Creek,Public Defender,1 (unexpired term),Republican,Bill Donaldson,274
Unicoi,Rock Creek,Public Defender,1 (unexpired term),Republican,Melanie Sellers,265
Unicoi,Temple Hill,Public Defender,1 (unexpired term),Democratic,No Candidate Qualified,0
Unicoi,Temple Hill,Public Defender,1 (unexpired term),Republican,Bill Donaldson,141
Unicoi,Temple Hill,Public Defender,1 (unexpired term),Republican,Melanie Sellers,116
Unicoi,Unicoi,Public Defender,1 (unexpired term),Democratic,No Candidate Qualified,0
Unicoi,Unicoi,Public Defender,1 (unexpired term),Republican,Bill Donaldson,322
Unicoi,Unicoi,Public Defender,1 (unexpired term),Republican,Melanie Sellers,237
Washington,01 Fall Branch,Public Defender,1 (unexpired term),Democratic,No Candidate Qualified,0
Washington,01 Fall Branch,Public Defender,1 (unexpired term),Republican,Bill Donaldson,168
Washington,01 Fall Branch,Public Defender,1 (unexpired term),Republican,Melanie Sellers,130
Washington,02 Grandview,Public Defender,1 (unexpired term),Democratic,No Candidate Qualified,0
Washington,02 Grandview,Public Defender,1 (unexpired term),Republican,Bill Donaldson,166
Washington,02 Grandview,Public Defender,1 (unexpired term),Republican,Melanie Sellers,153
Washington,03 West View,Public Defender,1 (unexpired term),Democratic,No Candidate Qualified,0
Washington,03 West View,Public Defender,1 (unexpired term),Republican,Bill Donaldson,343
Washington,03 West View,Public Defender,1 (unexpired term),Republican,Melanie Sellers,299
Washington,04 Visitor's Center,Public Defender,1 (unexpired term),Democratic,No Candidate Qualified,0
Washington,04 Visitor's Center,Public Defender,1 (unexpired term),Republican,Bill Donaldson,243
Washington,04 Visitor's Center,Public Defender,1 (unexpired term),Republican,Melanie Sellers,254
Washington,05 Jonesborough County,Public Defender,1 (unexpired term),Democratic,No Candidate Qualified,0
Washington,05 Jonesborough County,Public Defender,1 (unexpired term),Republican,Bill Donaldson,113
Washington,05 Jonesborough County,Public Defender,1 (unexpired term),Republican,Melanie Sellers,110
Washington,06 Lamar,Public Defender,1 (unexpired term),Democratic,No Candidate Qualified,0
Washington,06 Lamar,Public Defender,1 (unexpired term),Republican,Bill Donaldson,348
Washington,06 Lamar,Public Defender,1 (unexpired term),Republican,Melanie Sellers,308
Washington,07 Gray West,Public Defender,1 (unexpired term),Democratic,No Candidate Qualified,0
Washington,07 Gray West,Public Defender,1 (unexpired term),Republican,Bill Donaldson,142
Washington,07 Gray West,Public Defender,1 (unexpired term),Republican,Melanie Sellers,101
Washington,08 Gray East,Public Defender,1 (unexpired term),Democratic,No Candidate Qualified,0
Washington,08 Gray East,Public Defender,1 (unexpired term),Republican,Bill Donaldson,139
Washington,08 Gray East,Public Defender,1 (unexpired term),Republican,Melanie Sellers,113
Washington,09 Lakeridge City,Public Defender,1 (unexpired term),Democratic,No Candidate Qualified,0
Washington,09 Lakeridge City,Public Defender,1 (unexpired term),Republican,Bill Donaldson,71
Washington,09 Lakeridge City,Public Defender,1 (unexpired term),Republican,Melanie Sellers,94
Washington,10 Lakeridge County,Public Defender,1 (unexpired term),Democratic,No Candidate Qualified,0
Washington,10 Lakeridge County,Public Defender,1 (unexpired term),Republican,Bill Donaldson,99
Washington,10 Lakeridge County,Public Defender,1 (unexpired term),Republican,Melanie Sellers,89
Washington,11 Town Acres,Public Defender,1 (unexpired term),Democratic,No Candidate Qualified,0
Washington,11 Town Acres,Public Defender,1 (unexpired term),Republican,Bill Donaldson,179
Washington,11 Town Acres,Public Defender,1 (unexpired term),Republican,Melanie Sellers,158
Washington,12 Freedom Hall,Public Defender,1 (unexpired term),Democratic,No Candidate Qualified,0
Washington,12 Freedom Hall,Public Defender,1 (unexpired term),Republican,Bill Donaldson,190
Washington,12 Freedom Hall,Public Defender,1 (unexpired term),Republican,Melanie Sellers,163
Washington,13 Indian Trail North,Public Defender,1 (unexpired term),Democratic,No Candidate Qualified,0
Washington,13 Indian Trail North,Public Defender,1 (unexpired term),Republican,Bill Donaldson,116
Washington,13 Indian Trail North,Public Defender,1 (unexpired term),Republican,Melanie Sellers,137
Washington,14 Indian Trail South,Public Defender,1 (unexpired term),Democratic,No Candidate Qualified,0
Washington,14 Indian Trail South,Public Defender,1 (unexpired term),Republican,Bill Donaldson,63
Washington,14 Indian Trail South,Public Defender,1 (unexpired term),Republican,Melanie Sellers,96
Washington,15 Carver,Public Defender,1 (unexpired term),Democratic,No Candidate Qualified,0
Washington,15 Carver,Public Defender,1 (unexpired term),Republican,Bill Donaldson,132
Washington,15 Carver,Public Defender,1 (unexpired term),Republican,Melanie Sellers,192
Washington,16 Keystone,Public Defender,1 (unexpired term),Democratic,No Candidate Qualified,0
Washington,16 Keystone,Public Defender,1 (unexpired term),Republican,Bill Donaldson,111
Washington,16 Keystone,Public Defender,1 (unexpired term),Republican,Melanie Sellers,108
Washington,17 South Side,Public Defender,1 (unexpired term),Democratic,No Candidate Qualified,0
Washington,17 South Side,Public Defender,1 (unexpired term),Republican,Bill Donaldson,57
Washington,17 South Side,Public Defender,1 (unexpired term),Republican,Melanie Sellers,77
Washington,18 Cherokee,Public Defender,1 (unexpired term),Democratic,No Candidate Qualified,0
Washington,18 Cherokee,Public Defender,1 (unexpired term),Republican,Bill Donaldson,128
Washington,18 Cherokee,Public Defender,1 (unexpired term),Republican,Melanie Sellers,145
Washington,19 Henry Johnson,Public Defender,1 (unexpired term),Democratic,No Candidate Qualified,0
Washington,19 Henry Johnson,Public Defender,1 (unexpired term),Republican,Bill Donaldson,116
Washington,19 Henry Johnson,Public Defender,1 (unexpired term),Republican,Melanie Sellers,149
Washington,20 Woodland,Public Defender,1 (unexpired term),Democratic,No Candidate Qualified,0
Washington,20 Woodland,Public Defender,1 (unexpired term),Republican,Bill Donaldson,118
Washington,20 Woodland,Public Defender,1 (unexpired term),Republican,Melanie Sellers,133
Washington,21 Asbury School,Public Defender,1 (unexpired term),Democratic,No Candidate Qualified,0
Washington,21 Asbury School,Public Defender,1 (unexpired term),Republican,Bill Donaldson,87
Washington,21 Asbury School,Public Defender,1 (unexpired term),Republican,Melanie Sellers,71
Washington,22 Boones Creek,Public Defender,1 (unexpired term),Democratic,No Candidate Qualified,0
Washington,22 Boones Creek,Public Defender,1 (unexpired term),Republican,Bill Donaldson,143
Washington,22 Boones Creek,Public Defender,1 (unexpired term),Republican,Melanie Sellers,149
Washington,23 Sulphur Springs,Public Defender,1 (unexpired term),Democratic,No Candidate Qualified,0
Washington,23 Sulphur Springs,Public Defender,1 (unexpired term),Republican,Bill Donaldson,219
Washington,23 Sulphur Springs,Public Defender,1 (unexpired term),Republican,Melanie Sellers,202
