county,office,district,party,candidate,votes
Anderson,President,NA,Democratic,Kamala D. Harris,11525
Anderson,President,NA,Independent,Claudia De la Cruz,33
Anderson,President,NA,Independent,Jay J Bowman,89
Anderson,President,NA,Independent,Jill Stein,73
Anderson,President,NA,Independent,Rachele Fruit,16
Anderson,President,NA,Independent,Robert F. Kennedy Jr.,230
Anderson,President,NA,Republican,Donald J. Trump,24582
Anderson,State House,33,Democratic,Anne Backus,9685
Anderson,State House,33,Republican,Rick Scarbrough,20299
Anderson,State House,41,Democratic,Joel Derek Hawn,1095
Anderson,State House,41,Republican,Ed Butler,4236
Anderson,U.S. House,3,Democratic,Jack Allen,10285
Anderson,U.S. House,3,Independent,Jean Howard-Hill,483
Anderson,U.S. House,3,Independent,"Stephen ""Scooter"" King",564
Anderson,U.S. House,3,Republican,Chuck Fleischmann,24159
Anderson,U.S. Senate,NA,Democratic,Gloria Johnson,11587
Anderson,U.S. Senate,NA,Independent,Hastina Robinson,97
Anderson,U.S. Senate,NA,Independent,"Pamela Jeanine ""P."" Moses",272
Anderson,U.S. Senate,NA,Independent,Tharon Chandler,353
Anderson,U.S. Senate,NA,Republican,Marsha Blackburn,23718
Bedford,President,NA,Democratic,Kamala D. Harris,4122
Bedford,President,NA,Independent,Claudia De la Cruz,13
Bedford,President,NA,Independent,Jay J Bowman,25
Bedford,President,NA,Independent,Jill Stein,37
Bedford,President,NA,Independent,Rachele Fruit,4
Bedford,President,NA,Independent,Robert F. Kennedy Jr.,117
Bedford,President,NA,Republican,Donald J. Trump,15772
Bedford,State House,62,Republican,Pat Marsh,16889
Bedford,State Senate,14,Democratic,E. R. Smith,3362
Bedford,State Senate,14,Republican,Shane Reeves,14727
Bedford,U.S. House,4,Democratic,Victoria Isabel Broderick,3478
Bedford,U.S. House,4,Independent,Earnest Ensley,269
Bedford,U.S. House,4,Independent,Keith Nolan,256
Bedford,U.S. House,4,Republican,Scott DesJarlais,14358
Bedford,U.S. Senate,NA,Democratic,Gloria Johnson,4067
Bedford,U.S. Senate,NA,Independent,Hastina Robinson,63
Bedford,U.S. Senate,NA,Independent,"Pamela Jeanine ""P."" Moses",155
Bedford,U.S. Senate,NA,Independent,Tharon Chandler,197
Bedford,U.S. Senate,NA,Republican,Marsha Blackburn,15098
Benton,President,NA,Democratic,Kamala D. Harris,1317
Benton,President,NA,Independent,Claudia De la Cruz,3
Benton,President,NA,Independent,Jay J Bowman,8
Benton,President,NA,Independent,Jill Stein,10
Benton,President,NA,Independent,Rachele Fruit,3
Benton,President,NA,Independent,Robert F. Kennedy Jr.,33
Benton,President,NA,Republican,Donald J. Trump,5886
Benton,State House,74,Republican,Jay D. Reedy,5730
Benton,State Senate,24,Republican,John D. Stevens,5806
Benton,U.S. House,7,Democratic,Megan Barry,892
Benton,U.S. House,7,Independent,Shaun Greene,91
Benton,U.S. House,7,Republican,Mark E. Green,3867
Benton,U.S. House,8,Democratic,Sarah Freeman,428
Benton,U.S. House,8,Independent,James Hart,78
Benton,U.S. House,8,Republican,David Kustoff,1622
Benton,U.S. Senate,NA,Democratic,Gloria Johnson,1283
Benton,U.S. Senate,NA,Independent,Hastina Robinson,21
Benton,U.S. Senate,NA,Independent,"Pamela Jeanine ""P."" Moses",68
Benton,U.S. Senate,NA,Independent,Tharon Chandler,65
Benton,U.S. Senate,NA,Republican,Marsha Blackburn,5653
Bledsoe,President,NA,Democratic,Kamala D. Harris,891
Bledsoe,President,NA,Independent,Claudia De la Cruz,5
Bledsoe,President,NA,Independent,Jay J Bowman,15
Bledsoe,President,NA,Independent,Jill Stein,5
Bledsoe,President,NA,Independent,Rachele Fruit,2
Bledsoe,President,NA,Independent,Robert F. Kennedy Jr.,19
Bledsoe,President,NA,Republican,Donald J. Trump,5254
Bledsoe,State House,31,Democratic,Brittany Lynn Warfel,751
Bledsoe,State House,31,Independent,"William ""Jay"" Jenkins",135
Bledsoe,State House,31,Republican,Ron Travis,5121
Bledsoe,State Senate,10,Democratic,Missy Crutchfield,955
Bledsoe,State Senate,10,Republican,Todd Gardenhire,5035
Bledsoe,U.S. House,4,Democratic,Victoria Isabel Broderick,820
Bledsoe,U.S. House,4,Independent,Earnest Ensley,74
Bledsoe,U.S. House,4,Independent,Keith Nolan,95
Bledsoe,U.S. House,4,Republican,Scott DesJarlais,4987
Bledsoe,U.S. Senate,NA,Democratic,Gloria Johnson,897
Bledsoe,U.S. Senate,NA,Independent,Hastina Robinson,16
Bledsoe,U.S. Senate,NA,Independent,"Pamela Jeanine ""P."" Moses",38
Bledsoe,U.S. Senate,NA,Independent,Tharon Chandler,49
Bledsoe,U.S. Senate,NA,Republican,Marsha Blackburn,5061
Blount,President,NA,Democratic,Kamala D. Harris,17664
Blount,President,NA,Independent,Claudia De la Cruz,37
Blount,President,NA,Independent,Jay J Bowman,193
Blount,President,NA,Independent,Jill Stein,139
Blount,President,NA,Independent,Rachele Fruit,26
Blount,President,NA,Independent,Robert F. Kennedy Jr.,466
Blount,President,NA,Republican,Donald J. Trump,50699
Blount,State House,20,Democratic,Karen Gertz,8312
Blount,State House,20,Republican,Tom Stinnett,24704
Blount,State House,8,Democratic,Sue DuBois,7827
Blount,State House,8,Republican,Jerome Moon,26450
Blount,State Senate,2,Democratic,Patti Young,16095
Blount,State Senate,2,Republican,Tom Hatcher,51549
Blount,U.S. House,2,Democratic,Jane George,16170
Blount,U.S. House,2,Republican,Tim Burchett,52172
Blount,U.S. Senate,NA,Democratic,Gloria Johnson,17632
Blount,U.S. Senate,NA,Independent,Hastina Robinson,145
Blount,U.S. Senate,NA,Independent,"Pamela Jeanine ""P."" Moses",490
Blount,U.S. Senate,NA,Independent,Tharon Chandler,636
Blount,U.S. Senate,NA,Republican,Marsha Blackburn,49551
Bradley,President,NA,Democratic,Kamala D. Harris,9852
Bradley,President,NA,Independent,Claudia De la Cruz,46
Bradley,President,NA,Independent,Jay J Bowman,98
Bradley,President,NA,Independent,Jill Stein,66
Bradley,President,NA,Independent,Rachele Fruit,21
Bradley,President,NA,Independent,Robert F. Kennedy Jr.,327
Bradley,President,NA,Republican,Donald J. Trump,38836
Bradley,State House,22,Democratic,Anna Grabowski,2612
Bradley,State House,22,Republican,Dan Howell,15857
Bradley,State House,24,Democratic,Andrea Chase,5769
Bradley,State House,24,Republican,Kevin Raper,20826
Bradley,State Senate,2,Democratic,Patti Young,235
Bradley,State Senate,2,Republican,Tom Hatcher,1582
Bradley,U.S. House,3,Democratic,Jack Allen,8487
Bradley,U.S. House,3,Independent,Jean Howard-Hill,647
Bradley,U.S. House,3,Independent,"Stephen ""Scooter"" King",733
Bradley,U.S. House,3,Republican,Chuck Fleischmann,36301
Bradley,U.S. Senate,NA,Democratic,Gloria Johnson,9494
Bradley,U.S. Senate,NA,Independent,Hastina Robinson,135
Bradley,U.S. Senate,NA,Independent,"Pamela Jeanine ""P."" Moses",426
Bradley,U.S. Senate,NA,Independent,Tharon Chandler,468
Bradley,U.S. Senate,NA,Republican,Marsha Blackburn,37622
Campbell,President,NA,Democratic,Kamala D. Harris,2305
Campbell,President,NA,Independent,Claudia De la Cruz,6
Campbell,President,NA,Independent,Jay J Bowman,25
Campbell,President,NA,Independent,Jill Stein,16
Campbell,President,NA,Independent,Rachele Fruit,2
Campbell,President,NA,Independent,Robert F. Kennedy Jr.,59
Campbell,President,NA,Republican,Donald J. Trump,13115
Campbell,State House,36,Republican,Dennis Powers,13232
Campbell,State Senate,12,Independent,Charles Hutson II,1911
Campbell,State Senate,12,Republican,Ken Yager,12576
Campbell,U.S. House,2,Democratic,Jane George,1093
Campbell,U.S. House,2,Republican,Tim Burchett,6608
Campbell,U.S. House,3,Democratic,Jack Allen,1034
Campbell,U.S. House,3,Independent,Jean Howard-Hill,75
Campbell,U.S. House,3,Independent,"Stephen ""Scooter"" King",124
Campbell,U.S. House,3,Republican,Chuck Fleischmann,5832
Campbell,U.S. Senate,NA,Democratic,Gloria Johnson,2495
Campbell,U.S. Senate,NA,Independent,Hastina Robinson,34
Campbell,U.S. Senate,NA,Independent,"Pamela Jeanine ""P."" Moses",117
Campbell,U.S. Senate,NA,Independent,Tharon Chandler,138
Campbell,U.S. Senate,NA,Republican,Marsha Blackburn,12250
Cannon,President,NA,Democratic,Kamala D. Harris,1132
Cannon,President,NA,Independent,Claudia De la Cruz,6
Cannon,President,NA,Independent,Jay J Bowman,14
Cannon,President,NA,Independent,Jill Stein,10
Cannon,President,NA,Independent,Rachele Fruit,0
Cannon,President,NA,Independent,Robert F. Kennedy Jr.,37
Cannon,President,NA,Republican,Donald J. Trump,5682
Cannon,State House,40,Democratic,Daniel T. Hawthorne,1038
Cannon,State House,40,Republican,Michael Hale,5275
Cannon,State Senate,14,Democratic,E. R. Smith,1011
Cannon,State Senate,14,Republican,Shane Reeves,5223
Cannon,U.S. House,6,Democratic,Lore Bergman,1049
Cannon,U.S. House,6,Republican,John Rose,5214
Cannon,U.S. Senate,NA,Democratic,Gloria Johnson,1171
Cannon,U.S. Senate,NA,Independent,Hastina Robinson,15
Cannon,U.S. Senate,NA,Independent,"Pamela Jeanine ""P."" Moses",53
Cannon,U.S. Senate,NA,Independent,Tharon Chandler,62
Cannon,U.S. Senate,NA,Republican,Marsha Blackburn,5308
Carroll,President,NA,Democratic,Kamala D. Harris,2233
Carroll,President,NA,Independent,Claudia De la Cruz,7
Carroll,President,NA,Independent,Jay J Bowman,11
Carroll,President,NA,Independent,Jill Stein,7
Carroll,President,NA,Independent,Rachele Fruit,1
Carroll,President,NA,Independent,Robert F. Kennedy Jr.,76
Carroll,President,NA,Republican,Donald J. Trump,9547
Carroll,State House,76,Independent,James Hart,747
Carroll,State House,76,Republican,Tandy Darby,4119
Carroll,State House,79,Republican,Brock Martin,5649
Carroll,State Senate,24,Republican,John D. Stevens,9809
Carroll,U.S. House,8,Democratic,Sarah Freeman,1873
Carroll,U.S. House,8,Independent,James Hart,282
Carroll,U.S. House,8,Republican,David Kustoff,9427
Carroll,U.S. Senate,NA,Democratic,Gloria Johnson,2017
Carroll,U.S. Senate,NA,Independent,Hastina Robinson,27
Carroll,U.S. Senate,NA,Independent,"Pamela Jeanine ""P."" Moses",73
Carroll,U.S. Senate,NA,Independent,Tharon Chandler,92
Carroll,U.S. Senate,NA,Republican,Marsha Blackburn,9446
Carter,President,NA,Democratic,Kamala D. Harris,4454
Carter,President,NA,Independent,Claudia De la Cruz,22
Carter,President,NA,Independent,Jay J Bowman,45
Carter,President,NA,Independent,Jill Stein,38
Carter,President,NA,Independent,Rachele Fruit,3
Carter,President,NA,Independent,Robert F. Kennedy Jr.,123
Carter,President,NA,Republican,Donald J. Trump,20167
Carter,State House,3,Democratic,Lori Love,397
Carter,State House,3,Republican,Timothy Aaron Hill,2775
Carter,State House,4,Republican,Renea Jones,15724
Carter,U.S. House,1,Democratic,Kevin Jenkins,3844
Carter,U.S. House,1,Independent,Levi Brake,175
Carter,U.S. House,1,Independent,Richard G. Baker,446
Carter,U.S. House,1,Republican,Diana Harshbarger,18707
Carter,U.S. Senate,NA,Democratic,Gloria Johnson,4081
Carter,U.S. Senate,NA,Independent,Hastina Robinson,64
Carter,U.S. Senate,NA,Independent,"Pamela Jeanine ""P."" Moses",171
Carter,U.S. Senate,NA,Independent,Tharon Chandler,213
Carter,U.S. Senate,NA,Republican,Marsha Blackburn,19687
Cheatham,President,NA,Democratic,Kamala D. Harris,5464
Cheatham,President,NA,Independent,Claudia De la Cruz,11
Cheatham,President,NA,Independent,Jay J Bowman,35
Cheatham,President,NA,Independent,Jill Stein,43
Cheatham,President,NA,Independent,Rachele Fruit,6
Cheatham,President,NA,Independent,Robert F. Kennedy Jr.,195
Cheatham,President,NA,Republican,Donald J. Trump,14987
Cheatham,State House,78,Democratic,Deborah Castle Doyle,5445
Cheatham,State House,78,Republican,Mary Littleton,14866
Cheatham,U.S. House,7,Democratic,Megan Barry,5596
Cheatham,U.S. House,7,Independent,Shaun Greene,546
Cheatham,U.S. House,7,Republican,Mark E. Green,14266
Cheatham,U.S. Senate,NA,Democratic,Gloria Johnson,5563
Cheatham,U.S. Senate,NA,Independent,Hastina Robinson,46
Cheatham,U.S. Senate,NA,Independent,"Pamela Jeanine ""P."" Moses",155
Cheatham,U.S. Senate,NA,Independent,Tharon Chandler,213
Cheatham,U.S. Senate,NA,Republican,Marsha Blackburn,14518
Chester,President,NA,Democratic,Kamala D. Harris,1286
Chester,President,NA,Independent,Claudia De la Cruz,9
Chester,President,NA,Independent,Jay J Bowman,9
Chester,President,NA,Independent,Jill Stein,7
Chester,President,NA,Independent,Rachele Fruit,3
Chester,President,NA,Independent,Robert F. Kennedy Jr.,57
Chester,President,NA,Republican,Donald J. Trump,6206
Chester,State House,72,Republican,Kirk Haston,6437
Chester,State Senate,26,,Write-In - James Gray,0
Chester,State Senate,26,Republican,Page Walley,6609
Chester,U.S. House,8,Democratic,Sarah Freeman,1065
Chester,U.S. House,8,Independent,James Hart,134
Chester,U.S. House,8,Republican,David Kustoff,6100
Chester,U.S. Senate,NA,Democratic,Gloria Johnson,1135
Chester,U.S. Senate,NA,Independent,Hastina Robinson,25
Chester,U.S. Senate,NA,Independent,"Pamela Jeanine ""P."" Moses",52
Chester,U.S. Senate,NA,Independent,Tharon Chandler,64
Chester,U.S. Senate,NA,Republican,Marsha Blackburn,6169
Claiborne,President,NA,Democratic,Kamala D. Harris,1971
Claiborne,President,NA,Independent,Claudia De la Cruz,4
Claiborne,President,NA,Independent,Jay J Bowman,13
Claiborne,President,NA,Independent,Jill Stein,13
Claiborne,President,NA,Independent,Rachele Fruit,1
Claiborne,President,NA,Independent,Robert F. Kennedy Jr.,69
Claiborne,President,NA,Republican,Donald J. Trump,11463
Claiborne,State House,36,Republican,Dennis Powers,4435
Claiborne,State House,9,Republican,Gary W Hicks Jr,6550
Claiborne,State Senate,8,Democratic,R. E. Ellison,1923
Claiborne,State Senate,8,Republican,Jessie Seal,10994
Claiborne,U.S. House,2,Democratic,Jane George,1804
Claiborne,U.S. House,2,Republican,Tim Burchett,11432
Claiborne,U.S. Senate,NA,Democratic,Gloria Johnson,2118
Claiborne,U.S. Senate,NA,Independent,Hastina Robinson,24
Claiborne,U.S. Senate,NA,Independent,"Pamela Jeanine ""P."" Moses",58
Claiborne,U.S. Senate,NA,Independent,Tharon Chandler,111
Claiborne,U.S. Senate,NA,Republican,Marsha Blackburn,10885
Clay,President,NA,Democratic,Kamala D. Harris,614
Clay,President,NA,Independent,Claudia De la Cruz,0
Clay,President,NA,Independent,Jay J Bowman,5
Clay,President,NA,Independent,Jill Stein,2
Clay,President,NA,Independent,Rachele Fruit,1
Clay,President,NA,Independent,Robert F. Kennedy Jr.,21
Clay,President,NA,Republican,Donald J. Trump,3117
Clay,State House,38,Independent,Alexander Armor,412
Clay,State House,38,Republican,Kelly T Keisling,2787
Clay,State Senate,12,Independent,Charles Hutson II,422
Clay,State Senate,12,Republican,Ken Yager,2663
Clay,U.S. House,6,Democratic,Lore Bergman,491
Clay,U.S. House,6,Republican,John Rose,2751
Clay,U.S. Senate,NA,Democratic,Gloria Johnson,593
Clay,U.S. Senate,NA,Independent,Hastina Robinson,10
Clay,U.S. Senate,NA,Independent,"Pamela Jeanine ""P."" Moses",21
Clay,U.S. Senate,NA,Independent,Tharon Chandler,27
Clay,U.S. Senate,NA,Republican,Marsha Blackburn,2900
Cocke,President,NA,Democratic,Kamala D. Harris,2415
Cocke,President,NA,Independent,Claudia De la Cruz,11
Cocke,President,NA,Independent,Jay J Bowman,25
Cocke,President,NA,Independent,Jill Stein,19
Cocke,President,NA,Independent,Rachele Fruit,4
Cocke,President,NA,Independent,Robert F. Kennedy Jr.,84
Cocke,President,NA,Republican,Donald J. Trump,13105
Cocke,State House,11,Democratic,Justin L. Gross,2124
Cocke,State House,11,Republican,Jeremy Faison,11856
Cocke,U.S. House,1,Democratic,Kevin Jenkins,1993
Cocke,U.S. House,1,Independent,Levi Brake,144
Cocke,U.S. House,1,Independent,Richard G. Baker,225
Cocke,U.S. House,1,Republican,Diana Harshbarger,11759
Cocke,U.S. Senate,NA,Democratic,Gloria Johnson,2456
Cocke,U.S. Senate,NA,Independent,Hastina Robinson,42
Cocke,U.S. Senate,NA,Independent,"Pamela Jeanine ""P."" Moses",106
Cocke,U.S. Senate,NA,Independent,Tharon Chandler,148
Cocke,U.S. Senate,NA,Republican,Marsha Blackburn,12471
Coffee,President,NA,Democratic,Kamala D. Harris,5440
Coffee,President,NA,Independent,Claudia De la Cruz,22
Coffee,President,NA,Independent,Jay J Bowman,45
Coffee,President,NA,Independent,Jill Stein,52
Coffee,President,NA,Independent,Rachele Fruit,10
Coffee,President,NA,Independent,Robert F. Kennedy Jr.,189
Coffee,President,NA,Republican,Donald J. Trump,19174
Coffee,State House,47,Independent,Veronica Owens,4912
Coffee,State House,47,Republican,Rush Bricken,18556
Coffee,State Senate,16,Democratic,Wayne Steele,4645
Coffee,State Senate,16,Independent,Scott Bean,1207
Coffee,State Senate,16,Republican,Janice Bowling,18392
Coffee,U.S. House,4,Democratic,Victoria Isabel Broderick,5086
Coffee,U.S. House,4,Independent,Earnest Ensley,337
Coffee,U.S. House,4,Independent,Keith Nolan,477
Coffee,U.S. House,4,Republican,Scott DesJarlais,18037
Coffee,U.S. Senate,NA,Democratic,Gloria Johnson,5428
Coffee,U.S. Senate,NA,Independent,Hastina Robinson,72
Coffee,U.S. Senate,NA,Independent,"Pamela Jeanine ""P."" Moses",236
Coffee,U.S. Senate,NA,Independent,Tharon Chandler,282
Coffee,U.S. Senate,NA,Republican,Marsha Blackburn,18463
Crockett,President,NA,Democratic,Kamala D. Harris,1196
Crockett,President,NA,Independent,Claudia De la Cruz,5
Crockett,President,NA,Independent,Jay J Bowman,12
Crockett,President,NA,Independent,Jill Stein,6
Crockett,President,NA,Independent,Rachele Fruit,4
Crockett,President,NA,Independent,Robert F. Kennedy Jr.,24
Crockett,President,NA,Republican,Donald J. Trump,4674
Crockett,State House,82,Republican,Chris Hurt,4858
Crockett,U.S. House,8,Democratic,Sarah Freeman,982
Crockett,U.S. House,8,Independent,James Hart,96
Crockett,U.S. House,8,Republican,David Kustoff,4403
Crockett,U.S. Senate,NA,Democratic,Gloria Johnson,1124
Crockett,U.S. Senate,NA,Independent,Hastina Robinson,20
Crockett,U.S. Senate,NA,Independent,"Pamela Jeanine ""P."" Moses",20
Crockett,U.S. Senate,NA,Independent,Tharon Chandler,44
Crockett,U.S. Senate,NA,Republican,Marsha Blackburn,4530
Cumberland,President,NA,Democratic,Kamala D. Harris,6996
Cumberland,President,NA,Independent,Claudia De la Cruz,18
Cumberland,President,NA,Independent,Jay J Bowman,49
Cumberland,President,NA,Independent,Jill Stein,34
Cumberland,President,NA,Independent,Rachele Fruit,9
Cumberland,President,NA,Independent,Robert F. Kennedy Jr.,137
Cumberland,President,NA,Republican,Donald J. Trump,27399
Cumberland,State House,25,Democratic,Wesley M. Adkins,5851
Cumberland,State House,25,Republican,Cameron Sexton,26692
Cumberland,U.S. House,6,Democratic,Lore Bergman,6056
Cumberland,U.S. House,6,Republican,John Rose,25375
Cumberland,U.S. Senate,NA,Democratic,Gloria Johnson,6751
Cumberland,U.S. Senate,NA,Independent,Hastina Robinson,56
Cumberland,U.S. Senate,NA,Independent,"Pamela Jeanine ""P."" Moses",211
Cumberland,U.S. Senate,NA,Independent,Tharon Chandler,273
Cumberland,U.S. Senate,NA,Republican,Marsha Blackburn,26427
Davidson,President,NA,Democratic,Kamala D. Harris,181862
Davidson,President,NA,Independent,Claudia De la Cruz,749
Davidson,President,NA,Independent,Jay J Bowman,579
Davidson,President,NA,Independent,Jill Stein,1775
Davidson,President,NA,Independent,Rachele Fruit,122
Davidson,President,NA,Independent,Robert F. Kennedy Jr.,2693
Davidson,President,NA,Republican,Donald J. Trump,102256
Davidson,State House,50,Democratic,Bo Mitchell,16632
Davidson,State House,50,Republican,Jennifer Frensley Webb,14117
Davidson,State House,51,Democratic,Aftyn Behn,24391
Davidson,State House,51,Independent,Jeff Ketelsen,8626
Davidson,State House,52,Democratic,Justin Jones,13479
Davidson,State House,52,Republican,Laura Nelson,5995
Davidson,State House,53,Democratic,Jason L Powell,14004
Davidson,State House,53,Independent,Rueben I Dockery,921
Davidson,State House,53,Republican,Yog Nepal,7494
Davidson,State House,54,Democratic,Vincent Dixie,22893
Davidson,State House,55,Democratic,John Ray Clemmons,13388
Davidson,State House,56,Democratic,Bob Freeman,25690
Davidson,State House,58,Democratic,"Harold M. Love, Jr.",19027
Davidson,State House,59,Democratic,Caleb Hemmer,25812
Davidson,State House,60,Democratic,Shaundelle Brooks,16681
Davidson,State House,60,Republican,Chad Bobo,14335
Davidson,State Senate,20,Democratic,Heidi Campbell,63353
Davidson,State Senate,20,Republican,Wyatt Rampy,46997
Davidson,U.S. House,5,Democratic,Maryam Abolfazli,77673
Davidson,U.S. House,5,Independent,Bob Titley,1198
Davidson,U.S. House,5,Independent,Jim Larkin,2662
Davidson,U.S. House,5,Independent,"Yomi ""Fapas"" Faparusi",1195
Davidson,U.S. House,5,Republican,Andy Ogles,53142
Davidson,U.S. House,6,Democratic,Lore Bergman,48853
Davidson,U.S. House,6,Republican,John Rose,21750
Davidson,U.S. House,7,Democratic,Megan Barry,48125
Davidson,U.S. House,7,Independent,Shaun Greene,1997
Davidson,U.S. House,7,Republican,Mark E. Green,21740
Davidson,U.S. Senate,NA,Democratic,Gloria Johnson,179312
Davidson,U.S. Senate,NA,Independent,Hastina Robinson,792
Davidson,U.S. Senate,NA,Independent,"Pamela Jeanine ""P."" Moses",2459
Davidson,U.S. Senate,NA,Independent,Tharon Chandler,2714
Davidson,U.S. Senate,NA,Republican,Marsha Blackburn,100124
DeKalb,President,NA,Democratic,Kamala D. Harris,1706
DeKalb,President,NA,Independent,Claudia De la Cruz,5
DeKalb,President,NA,Independent,Jay J Bowman,14
DeKalb,President,NA,Independent,Jill Stein,16
DeKalb,President,NA,Independent,Rachele Fruit,1
DeKalb,President,NA,Independent,Robert F. Kennedy Jr.,55
DeKalb,President,NA,Republican,Donald J. Trump,7599
DeKalb,State House,40,Democratic,Daniel T. Hawthorne,1316
DeKalb,State House,40,Republican,Michael Hale,7462
DeKalb,State Senate,16,Democratic,Wayne Steele,1421
DeKalb,State Senate,16,Independent,Scott Bean,218
DeKalb,State Senate,16,Republican,Janice Bowling,6614
DeKalb,U.S. House,6,Democratic,Lore Bergman,1505
DeKalb,U.S. House,6,Republican,John Rose,7001
DeKalb,U.S. Senate,NA,Democratic,Gloria Johnson,1707
DeKalb,U.S. Senate,NA,Independent,Hastina Robinson,30
DeKalb,U.S. Senate,NA,Independent,"Pamela Jeanine ""P."" Moses",74
DeKalb,U.S. Senate,NA,Independent,Tharon Chandler,87
DeKalb,U.S. Senate,NA,Republican,Marsha Blackburn,7137
Decatur,President,NA,Democratic,Kamala D. Harris,819
Decatur,President,NA,Independent,Claudia De la Cruz,3
Decatur,President,NA,Independent,Jay J Bowman,14
Decatur,President,NA,Independent,Jill Stein,4
Decatur,President,NA,Independent,Rachele Fruit,2
Decatur,President,NA,Independent,Robert F. Kennedy Jr.,28
Decatur,President,NA,Republican,Donald J. Trump,4596
Decatur,State House,72,Republican,Kirk Haston,4678
Decatur,U.S. House,7,Democratic,Megan Barry,848
Decatur,U.S. House,7,Independent,Shaun Greene,78
Decatur,U.S. House,7,Republican,Mark E. Green,4224
Decatur,U.S. Senate,NA,Democratic,Gloria Johnson,811
Decatur,U.S. Senate,NA,Independent,Hastina Robinson,15
Decatur,U.S. Senate,NA,Independent,"Pamela Jeanine ""P."" Moses",38
Decatur,U.S. Senate,NA,Independent,Tharon Chandler,44
Decatur,U.S. Senate,NA,Republican,Marsha Blackburn,4410
Dickson,President,NA,Democratic,Kamala D. Harris,5913
Dickson,President,NA,Independent,Claudia De la Cruz,20
Dickson,President,NA,Independent,Jay J Bowman,39
Dickson,President,NA,Independent,Jill Stein,45
Dickson,President,NA,Independent,Rachele Fruit,13
Dickson,President,NA,Independent,Robert F. Kennedy Jr.,172
Dickson,President,NA,Republican,Donald J. Trump,19002
Dickson,State House,69,Republican,"Joseph M. ""Jody"" Barrett",10510
Dickson,State House,78,Democratic,Deborah Castle Doyle,2825
Dickson,State House,78,Republican,Mary Littleton,8812
Dickson,U.S. House,7,Democratic,Megan Barry,6030
Dickson,U.S. House,7,Independent,Shaun Greene,489
Dickson,U.S. House,7,Republican,Mark E. Green,17677
Dickson,U.S. Senate,NA,Democratic,Gloria Johnson,5967
Dickson,U.S. Senate,NA,Independent,Hastina Robinson,67
Dickson,U.S. Senate,NA,Independent,"Pamela Jeanine ""P."" Moses",228
Dickson,U.S. Senate,NA,Independent,Tharon Chandler,290
Dickson,U.S. Senate,NA,Republican,Marsha Blackburn,18149
Dyer,President,NA,Democratic,Kamala D. Harris,2707
Dyer,President,NA,Independent,Claudia De la Cruz,4
Dyer,President,NA,Independent,Jay J Bowman,14
Dyer,President,NA,Independent,Jill Stein,12
Dyer,President,NA,Independent,Rachele Fruit,4
Dyer,President,NA,Independent,Robert F. Kennedy Jr.,50
Dyer,President,NA,Republican,Donald J. Trump,11603
Dyer,State House,77,Republican,Rusty Grills,11237
Dyer,U.S. House,8,Democratic,Sarah Freeman,2167
Dyer,U.S. House,8,Independent,James Hart,271
Dyer,U.S. House,8,Republican,David Kustoff,10841
Dyer,U.S. Senate,NA,Democratic,Gloria Johnson,2556
Dyer,U.S. Senate,NA,Independent,Hastina Robinson,37
Dyer,U.S. Senate,NA,Independent,"Pamela Jeanine ""P."" Moses",98
Dyer,U.S. Senate,NA,Independent,Tharon Chandler,118
Dyer,U.S. Senate,NA,Republican,Marsha Blackburn,11050
Fayette,President,NA,Democratic,Kamala D. Harris,6720
Fayette,President,NA,Independent,Claudia De la Cruz,25
Fayette,President,NA,Independent,Jay J Bowman,37
Fayette,President,NA,Independent,Jill Stein,53
Fayette,President,NA,Independent,Rachele Fruit,9
Fayette,President,NA,Independent,Robert F. Kennedy Jr.,96
Fayette,President,NA,Republican,Donald J. Trump,16756
Fayette,State House,94,Democratic,Terry S. Saine,5385
Fayette,State House,94,Republican,Ron M. Gant,16045
Fayette,State Senate,26,,Write-In - James Gray,0
Fayette,State Senate,26,Republican,Page Walley,17298
Fayette,U.S. House,8,Democratic,Sarah Freeman,5460
Fayette,U.S. House,8,Independent,James Hart,402
Fayette,U.S. House,8,Republican,David Kustoff,16316
Fayette,U.S. Senate,NA,Democratic,Gloria Johnson,6111
Fayette,U.S. Senate,NA,Independent,Hastina Robinson,57
Fayette,U.S. Senate,NA,Independent,"Pamela Jeanine ""P."" Moses",165
Fayette,U.S. Senate,NA,Independent,Tharon Chandler,148
Fayette,U.S. Senate,NA,Republican,Marsha Blackburn,16600
Fentress,President,NA,Democratic,Kamala D. Harris,1149
Fentress,President,NA,Independent,Claudia De la Cruz,4
Fentress,President,NA,Independent,Jay J Bowman,11
Fentress,President,NA,Independent,Jill Stein,10
Fentress,President,NA,Independent,Rachele Fruit,4
Fentress,President,NA,Independent,Robert F. Kennedy Jr.,38
Fentress,President,NA,Republican,Donald J. Trump,8555
Fentress,State House,38,Independent,Alexander Armor,486
Fentress,State House,38,Republican,Kelly T Keisling,3860
Fentress,State House,41,Democratic,Joel Derek Hawn,504
Fentress,State House,41,Republican,Ed Butler,4107
Fentress,State Senate,12,Independent,Charles Hutson II,987
Fentress,State Senate,12,Republican,Ken Yager,7926
Fentress,U.S. House,6,Democratic,Lore Bergman,1031
Fentress,U.S. House,6,Republican,John Rose,7939
Fentress,U.S. Senate,NA,Democratic,Gloria Johnson,1188
Fentress,U.S. Senate,NA,Independent,Hastina Robinson,16
Fentress,U.S. Senate,NA,Independent,"Pamela Jeanine ""P."" Moses",66
Fentress,U.S. Senate,NA,Independent,Tharon Chandler,83
Fentress,U.S. Senate,NA,Republican,Marsha Blackburn,8064
Franklin,President,NA,Democratic,Kamala D. Harris,4529
Franklin,President,NA,Independent,Claudia De la Cruz,20
Franklin,President,NA,Independent,Jay J Bowman,39
Franklin,President,NA,Independent,Jill Stein,19
Franklin,President,NA,Independent,Rachele Fruit,6
Franklin,President,NA,Independent,Robert F. Kennedy Jr.,99
Franklin,President,NA,Republican,Donald J. Trump,15016
Franklin,State House,39,Democratic,Rose Mary Drake,4496
Franklin,State House,39,Republican,Iris Rudder,14460
Franklin,State Senate,16,Democratic,Wayne Steele,3733
Franklin,State Senate,16,Independent,Scott Bean,1101
Franklin,State Senate,16,Republican,Janice Bowling,13517
Franklin,U.S. House,4,Democratic,Victoria Isabel Broderick,4013
Franklin,U.S. House,4,Independent,Earnest Ensley,273
Franklin,U.S. House,4,Independent,Keith Nolan,281
Franklin,U.S. House,4,Republican,Scott DesJarlais,13834
Franklin,U.S. Senate,NA,Democratic,Gloria Johnson,4493
Franklin,U.S. Senate,NA,Independent,Hastina Robinson,46
Franklin,U.S. Senate,NA,Independent,"Pamela Jeanine ""P."" Moses",124
Franklin,U.S. Senate,NA,Independent,Tharon Chandler,174
Franklin,U.S. Senate,NA,Republican,Marsha Blackburn,14437
Gibson,President,NA,Democratic,Kamala D. Harris,5100
Gibson,President,NA,Independent,Claudia De la Cruz,11
Gibson,President,NA,Independent,Jay J Bowman,58
Gibson,President,NA,Independent,Jill Stein,22
Gibson,President,NA,Independent,Rachele Fruit,8
Gibson,President,NA,Independent,Robert F. Kennedy Jr.,103
Gibson,President,NA,Republican,Donald J. Trump,16346
Gibson,State House,79,Republican,Brock Martin,8750
Gibson,State House,82,Republican,Chris Hurt,6559
Gibson,State Senate,24,Republican,John D. Stevens,15829
Gibson,U.S. House,8,Democratic,Sarah Freeman,4079
Gibson,U.S. House,8,Independent,James Hart,437
Gibson,U.S. House,8,Republican,David Kustoff,15658
Gibson,U.S. Senate,NA,Democratic,Gloria Johnson,4386
Gibson,U.S. Senate,NA,Independent,Hastina Robinson,58
Gibson,U.S. Senate,NA,Independent,"Pamela Jeanine ""P."" Moses",150
Gibson,U.S. Senate,NA,Independent,Tharon Chandler,214
Gibson,U.S. Senate,NA,Republican,Marsha Blackburn,16078
Giles,President,NA,Democratic,Kamala D. Harris,2974
Giles,President,NA,Independent,Claudia De la Cruz,7
Giles,President,NA,Independent,Jay J Bowman,16
Giles,President,NA,Independent,Jill Stein,20
Giles,President,NA,Independent,Rachele Fruit,5
Giles,President,NA,Independent,Robert F. Kennedy Jr.,71
Giles,President,NA,Republican,Donald J. Trump,10394
Giles,State House,70,Democratic,Jason Luttrell,2404
Giles,State House,70,Republican,Clay Doggett,10181
Giles,State Senate,28,Democratic,James Dallas,2661
Giles,State Senate,28,Republican,Joey Hensley,9825
Giles,U.S. House,4,Democratic,Victoria Isabel Broderick,2467
Giles,U.S. House,4,Independent,Earnest Ensley,161
Giles,U.S. House,4,Independent,Keith Nolan,187
Giles,U.S. House,4,Republican,Scott DesJarlais,9248
Giles,U.S. Senate,NA,Democratic,Gloria Johnson,2844
Giles,U.S. Senate,NA,Independent,Hastina Robinson,40
Giles,U.S. Senate,NA,Independent,"Pamela Jeanine ""P."" Moses",110
Giles,U.S. Senate,NA,Independent,Tharon Chandler,117
Giles,U.S. Senate,NA,Republican,Marsha Blackburn,10027
Grainger,President,NA,Democratic,Kamala D. Harris,1432
Grainger,President,NA,Independent,Claudia De la Cruz,2
Grainger,President,NA,Independent,Jay J Bowman,8
Grainger,President,NA,Independent,Jill Stein,10
Grainger,President,NA,Independent,Rachele Fruit,1
Grainger,President,NA,Independent,Robert F. Kennedy Jr.,47
Grainger,President,NA,Republican,Donald J. Trump,9630
Grainger,State House,10,,Write-In - Nathan Dressel,38
Grainger,State House,10,Republican,Rick Eldridge,9400
Grainger,State Senate,8,Democratic,R. E. Ellison,1345
Grainger,State Senate,8,Republican,Jessie Seal,9207
Grainger,U.S. House,2,Democratic,Jane George,1259
Grainger,U.S. House,2,Republican,Tim Burchett,9661
Grainger,U.S. Senate,NA,Democratic,Gloria Johnson,1537
Grainger,U.S. Senate,NA,Independent,Hastina Robinson,13
Grainger,U.S. Senate,NA,Independent,"Pamela Jeanine ""P."" Moses",58
Grainger,U.S. Senate,NA,Independent,Tharon Chandler,75
Grainger,U.S. Senate,NA,Republican,Marsha Blackburn,9226
Greene,President,NA,Democratic,Kamala D. Harris,5145
Greene,President,NA,Independent,Claudia De la Cruz,16
Greene,President,NA,Independent,Jay J Bowman,61
Greene,President,NA,Independent,Jill Stein,57
Greene,President,NA,Independent,Rachele Fruit,18
Greene,President,NA,Independent,Robert F. Kennedy Jr.,212
Greene,President,NA,Republican,Donald J. Trump,25586
Greene,State House,5,Independent,Rebecca Anderson,5383
Greene,State House,5,Republican,David B. Hawk,24547
Greene,U.S. House,1,Democratic,Kevin Jenkins,4604
Greene,U.S. House,1,Independent,Levi Brake,242
Greene,U.S. House,1,Independent,Richard G. Baker,431
Greene,U.S. House,1,Republican,Diana Harshbarger,24631
Greene,U.S. Senate,NA,Democratic,Gloria Johnson,4841
Greene,U.S. Senate,NA,Independent,Hastina Robinson,81
Greene,U.S. Senate,NA,Independent,"Pamela Jeanine ""P."" Moses",202
Greene,U.S. Senate,NA,Independent,Tharon Chandler,278
Greene,U.S. Senate,NA,Republican,Marsha Blackburn,25157
Grundy,President,NA,Democratic,Kamala D. Harris,948
Grundy,President,NA,Independent,Claudia De la Cruz,2
Grundy,President,NA,Independent,Jay J Bowman,3
Grundy,President,NA,Independent,Jill Stein,7
Grundy,President,NA,Independent,Rachele Fruit,1
Grundy,President,NA,Independent,Robert F. Kennedy Jr.,33
Grundy,President,NA,Republican,Donald J. Trump,5334
Grundy,State House,47,Independent,Veronica Owens,910
Grundy,State House,47,Republican,Rush Bricken,4496
Grundy,State Senate,16,Democratic,Wayne Steele,830
Grundy,State Senate,16,Independent,Scott Bean,253
Grundy,State Senate,16,Republican,Janice Bowling,4811
Grundy,U.S. House,4,Democratic,Victoria Isabel Broderick,855
Grundy,U.S. House,4,Independent,Earnest Ensley,87
Grundy,U.S. House,4,Independent,Keith Nolan,125
Grundy,U.S. House,4,Republican,Scott DesJarlais,4564
Grundy,U.S. Senate,NA,Democratic,Gloria Johnson,960
Grundy,U.S. Senate,NA,Independent,Hastina Robinson,18
Grundy,U.S. Senate,NA,Independent,"Pamela Jeanine ""P."" Moses",55
Grundy,U.S. Senate,NA,Independent,Tharon Chandler,65
Grundy,U.S. Senate,NA,Republican,Marsha Blackburn,4931
Hamblen,President,NA,Democratic,Kamala D. Harris,5132
Hamblen,President,NA,Independent,Claudia De la Cruz,19
Hamblen,President,NA,Independent,Jay J Bowman,32
Hamblen,President,NA,Independent,Jill Stein,42
Hamblen,President,NA,Independent,Rachele Fruit,4
Hamblen,President,NA,Independent,Robert F. Kennedy Jr.,118
Hamblen,President,NA,Republican,Donald J. Trump,20154
Hamblen,State House,10,,Write-In - Nathan Dressel,174
Hamblen,State House,10,Republican,Rick Eldridge,12893
Hamblen,State House,11,Democratic,Justin L. Gross,1031
Hamblen,State House,11,Republican,Jeremy Faison,5523
Hamblen,U.S. House,1,Democratic,Kevin Jenkins,4423
Hamblen,U.S. House,1,Independent,Levi Brake,162
Hamblen,U.S. House,1,Independent,Richard G. Baker,321
Hamblen,U.S. House,1,Republican,Diana Harshbarger,18676
Hamblen,U.S. Senate,NA,Democratic,Gloria Johnson,5225
Hamblen,U.S. Senate,NA,Independent,Hastina Robinson,46
Hamblen,U.S. Senate,NA,Independent,"Pamela Jeanine ""P."" Moses",130
Hamblen,U.S. Senate,NA,Independent,Tharon Chandler,194
Hamblen,U.S. Senate,NA,Republican,Marsha Blackburn,19382
Hamilton,President,NA,Democratic,Kamala D. Harris,74437
Hamilton,President,NA,Independent,Claudia De la Cruz,250
Hamilton,President,NA,Independent,Jay J Bowman,375
Hamilton,President,NA,Independent,Jill Stein,679
Hamilton,President,NA,Independent,Rachele Fruit,51
Hamilton,President,NA,Independent,Robert F. Kennedy Jr.,1451
Hamilton,President,NA,Republican,Donald J. Trump,97195
Hamilton,State House,26,Democratic,Allison Gorman,14986
Hamilton,State House,26,Republican,Greg Martin,24582
Hamilton,State House,27,Democratic,Kathy Lennon,15276
Hamilton,State House,27,Republican,Michele Reneau,23085
Hamilton,State House,28,Democratic,Yusuf A. Hakeem,17735
Hamilton,State House,28,Independent,Thomas J. Brooks III,5946
Hamilton,State House,29,Democratic,Ryan Scofield,10671
Hamilton,State House,29,Republican,Greg Vital,25690
Hamilton,State House,30,Democratic,Heather McClendon,13136
Hamilton,State House,30,Republican,Esther Helton-Haynes,19473
Hamilton,State Senate,10,Democratic,Missy Crutchfield,28909
Hamilton,State Senate,10,Republican,Todd Gardenhire,33251
Hamilton,U.S. House,3,Democratic,Jack Allen,67720
Hamilton,U.S. House,3,Independent,Jean Howard-Hill,2830
Hamilton,U.S. House,3,Independent,"Stephen ""Scooter"" King",3072
Hamilton,U.S. House,3,Republican,Chuck Fleischmann,97614
Hamilton,U.S. Senate,NA,Democratic,Gloria Johnson,72115
Hamilton,U.S. Senate,NA,Independent,Hastina Robinson,456
Hamilton,U.S. Senate,NA,Independent,"Pamela Jeanine ""P."" Moses",1479
Hamilton,U.S. Senate,NA,Independent,Tharon Chandler,1592
Hamilton,U.S. Senate,NA,Republican,Marsha Blackburn,97475
Hancock,President,NA,Democratic,Kamala D. Harris,334
Hancock,President,NA,Independent,Claudia De la Cruz,0
Hancock,President,NA,Independent,Jay J Bowman,7
Hancock,President,NA,Independent,Jill Stein,0
Hancock,President,NA,Independent,Rachele Fruit,0
Hancock,President,NA,Independent,Robert F. Kennedy Jr.,9
Hancock,President,NA,Republican,Donald J. Trump,2558
Hancock,State House,9,Republican,Gary W Hicks Jr,2408
Hancock,State Senate,8,Democratic,R. E. Ellison,266
Hancock,State Senate,8,Republican,Jessie Seal,2471
Hancock,U.S. House,1,Democratic,Kevin Jenkins,303
Hancock,U.S. House,1,Independent,Levi Brake,21
Hancock,U.S. House,1,Independent,Richard G. Baker,35
Hancock,U.S. House,1,Republican,Diana Harshbarger,2277
Hancock,U.S. Senate,NA,Democratic,Gloria Johnson,343
Hancock,U.S. Senate,NA,Independent,Hastina Robinson,7
Hancock,U.S. Senate,NA,Independent,"Pamela Jeanine ""P."" Moses",18
Hancock,U.S. Senate,NA,Independent,Tharon Chandler,21
Hancock,U.S. Senate,NA,Republican,Marsha Blackburn,2365
Hardeman,President,NA,Democratic,Kamala D. Harris,3527
Hardeman,President,NA,Independent,Claudia De la Cruz,6
Hardeman,President,NA,Independent,Jay J Bowman,10
Hardeman,President,NA,Independent,Jill Stein,10
Hardeman,President,NA,Independent,Rachele Fruit,2
Hardeman,President,NA,Independent,Robert F. Kennedy Jr.,51
Hardeman,President,NA,Republican,Donald J. Trump,5793
Hardeman,State House,80,Democratic,Johnny W. Shaw,3741
Hardeman,State House,80,Republican,Brad Grantham,4195
Hardeman,State House,94,Democratic,Terry S. Saine,236
Hardeman,State House,94,Republican,Ron M. Gant,951
Hardeman,State Senate,26,,Write-In - James Gray,0
Hardeman,State Senate,26,Republican,Page Walley,6988
Hardeman,U.S. House,8,Democratic,Sarah Freeman,3141
Hardeman,U.S. House,8,Independent,James Hart,204
Hardeman,U.S. House,8,Republican,David Kustoff,5584
Hardeman,U.S. Senate,NA,Democratic,Gloria Johnson,3204
Hardeman,U.S. Senate,NA,Independent,Hastina Robinson,40
Hardeman,U.S. Senate,NA,Independent,"Pamela Jeanine ""P."" Moses",78
Hardeman,U.S. Senate,NA,Independent,Tharon Chandler,68
Hardeman,U.S. Senate,NA,Republican,Marsha Blackburn,5731
Hardin,President,NA,Democratic,Kamala D. Harris,1704
Hardin,President,NA,Independent,Claudia De la Cruz,5
Hardin,President,NA,Independent,Jay J Bowman,8
Hardin,President,NA,Independent,Jill Stein,16
Hardin,President,NA,Independent,Rachele Fruit,3
Hardin,President,NA,Independent,Robert F. Kennedy Jr.,65
Hardin,President,NA,Republican,Donald J. Trump,10293
Hardin,State House,71,Democratic,Tim Coy,234
Hardin,State House,71,Republican,Kip Capley,1252
Hardin,State House,72,Republican,Kirk Haston,8602
Hardin,State Senate,26,,Write-In - James Gray,4
Hardin,State Senate,26,Republican,Page Walley,10480
Hardin,U.S. House,8,Democratic,Sarah Freeman,1458
Hardin,U.S. House,8,Independent,James Hart,215
Hardin,U.S. House,8,Republican,David Kustoff,9620
Hardin,U.S. Senate,NA,Democratic,Gloria Johnson,1572
Hardin,U.S. Senate,NA,Independent,Hastina Robinson,22
Hardin,U.S. Senate,NA,Independent,"Pamela Jeanine ""P."" Moses",73
Hardin,U.S. Senate,NA,Independent,Tharon Chandler,112
Hardin,U.S. Senate,NA,Republican,Marsha Blackburn,9945
Hawkins,President,NA,Democratic,Kamala D. Harris,3987
Hawkins,President,NA,Independent,Claudia De la Cruz,15
Hawkins,President,NA,Independent,Jay J Bowman,45
Hawkins,President,NA,Independent,Jill Stein,30
Hawkins,President,NA,Independent,Rachele Fruit,8
Hawkins,President,NA,Independent,Robert F. Kennedy Jr.,115
Hawkins,President,NA,Republican,Donald J. Trump,22066
Hawkins,State House,3,Democratic,Lori Love,1354
Hawkins,State House,3,Republican,Timothy Aaron Hill,5770
Hawkins,State House,9,Republican,Gary W Hicks Jr,16378
Hawkins,State Senate,4,Independent,Dalia M. Price,4314
Hawkins,State Senate,4,Republican,Bobby Harshbarger,18747
Hawkins,U.S. House,1,Democratic,Kevin Jenkins,3571
Hawkins,U.S. House,1,Independent,Levi Brake,209
Hawkins,U.S. House,1,Independent,Richard G. Baker,440
Hawkins,U.S. House,1,Republican,Diana Harshbarger,20141
Hawkins,U.S. Senate,NA,Democratic,Gloria Johnson,3715
Hawkins,U.S. Senate,NA,Independent,Hastina Robinson,63
Hawkins,U.S. Senate,NA,Independent,"Pamela Jeanine ""P."" Moses",165
Hawkins,U.S. Senate,NA,Independent,Tharon Chandler,247
Hawkins,U.S. Senate,NA,Republican,Marsha Blackburn,21209
Haywood,President,NA,Democratic,Kamala D. Harris,3311
Haywood,President,NA,Independent,Claudia De la Cruz,6
Haywood,President,NA,Independent,Jay J Bowman,22
Haywood,President,NA,Independent,Jill Stein,3
Haywood,President,NA,Independent,Rachele Fruit,2
Haywood,President,NA,Independent,Robert F. Kennedy Jr.,22
Haywood,President,NA,Republican,Donald J. Trump,3286
Haywood,State House,80,Democratic,Johnny W. Shaw,2616
Haywood,State House,80,Republican,Brad Grantham,1482
Haywood,State House,81,Republican,Debra Moody,1760
Haywood,State Senate,26,,Write-In - James Gray,0
Haywood,State Senate,26,Republican,Page Walley,4140
Haywood,U.S. House,8,Democratic,Sarah Freeman,3081
Haywood,U.S. House,8,Independent,James Hart,96
Haywood,U.S. House,8,Republican,David Kustoff,3296
Haywood,U.S. Senate,NA,Democratic,Gloria Johnson,3122
Haywood,U.S. Senate,NA,Independent,Hastina Robinson,23
Haywood,U.S. Senate,NA,Independent,"Pamela Jeanine ""P."" Moses",51
Haywood,U.S. Senate,NA,Independent,Tharon Chandler,46
Haywood,U.S. Senate,NA,Republican,Marsha Blackburn,3269
Henderson,President,NA,Democratic,Kamala D. Harris,1902
Henderson,President,NA,Independent,Claudia De la Cruz,3
Henderson,President,NA,Independent,Jay J Bowman,12
Henderson,President,NA,Independent,Jill Stein,8
Henderson,President,NA,Independent,Rachele Fruit,2
Henderson,President,NA,Independent,Robert F. Kennedy Jr.,37
Henderson,President,NA,Republican,Donald J. Trump,10083
Henderson,State House,72,Republican,Kirk Haston,3150
Henderson,State House,79,Republican,Brock Martin,7259
Henderson,U.S. House,8,Democratic,Sarah Freeman,1631
Henderson,U.S. House,8,Independent,James Hart,222
Henderson,U.S. House,8,Republican,David Kustoff,9949
Henderson,U.S. Senate,NA,Democratic,Gloria Johnson,1704
Henderson,U.S. Senate,NA,Independent,Hastina Robinson,34
Henderson,U.S. Senate,NA,Independent,"Pamela Jeanine ""P."" Moses",59
Henderson,U.S. Senate,NA,Independent,Tharon Chandler,89
Henderson,U.S. Senate,NA,Republican,Marsha Blackburn,9994
Henry,President,NA,Democratic,Kamala D. Harris,3286
Henry,President,NA,Independent,Claudia De la Cruz,8
Henry,President,NA,Independent,Jay J Bowman,23
Henry,President,NA,Independent,Jill Stein,19
Henry,President,NA,Independent,Rachele Fruit,5
Henry,President,NA,Independent,Robert F. Kennedy Jr.,106
Henry,President,NA,Republican,Donald J. Trump,11629
Henry,State House,74,Republican,Jay D. Reedy,3617
Henry,State House,76,Independent,James Hart,1494
Henry,State House,76,Republican,Tandy Darby,6448
Henry,State Senate,24,Republican,John D. Stevens,11096
Henry,U.S. House,8,Democratic,Sarah Freeman,2631
Henry,U.S. House,8,Independent,James Hart,853
Henry,U.S. House,8,Republican,David Kustoff,10416
Henry,U.S. Senate,NA,Democratic,Gloria Johnson,3085
Henry,U.S. Senate,NA,Independent,Hastina Robinson,40
Henry,U.S. Senate,NA,Independent,"Pamela Jeanine ""P."" Moses",122
Henry,U.S. Senate,NA,Independent,Tharon Chandler,124
Henry,U.S. Senate,NA,Republican,Marsha Blackburn,11048
Hickman,President,NA,Democratic,Kamala D. Harris,1968
Hickman,President,NA,Independent,Claudia De la Cruz,3
Hickman,President,NA,Independent,Jay J Bowman,7
Hickman,President,NA,Independent,Jill Stein,13
Hickman,President,NA,Independent,Rachele Fruit,0
Hickman,President,NA,Independent,Robert F. Kennedy Jr.,53
Hickman,President,NA,Republican,Donald J. Trump,8265
Hickman,State House,69,Republican,"Joseph M. ""Jody"" Barrett",8503
Hickman,U.S. House,7,Democratic,Megan Barry,2047
Hickman,U.S. House,7,Independent,Shaun Greene,210
Hickman,U.S. House,7,Republican,Mark E. Green,7881
Hickman,U.S. Senate,NA,Democratic,Gloria Johnson,1947
Hickman,U.S. Senate,NA,Independent,Hastina Robinson,22
Hickman,U.S. Senate,NA,Independent,"Pamela Jeanine ""P."" Moses",81
Hickman,U.S. Senate,NA,Independent,Tharon Chandler,92
Hickman,U.S. Senate,NA,Republican,Marsha Blackburn,8055
Houston,President,NA,Democratic,Kamala D. Harris,773
Houston,President,NA,Independent,Claudia De la Cruz,1
Houston,President,NA,Independent,Jay J Bowman,10
Houston,President,NA,Independent,Jill Stein,8
Houston,President,NA,Independent,Rachele Fruit,1
Houston,President,NA,Independent,Robert F. Kennedy Jr.,28
Houston,President,NA,Republican,Donald J. Trump,2989
Houston,State House,74,Republican,Jay D. Reedy,3097
Houston,State Senate,24,Republican,John D. Stevens,2863
Houston,U.S. House,7,Democratic,Megan Barry,814
Houston,U.S. House,7,Independent,Shaun Greene,59
Houston,U.S. House,7,Republican,Mark E. Green,2806
Houston,U.S. Senate,NA,Democratic,Gloria Johnson,801
Houston,U.S. Senate,NA,Independent,Hastina Robinson,6
Houston,U.S. Senate,NA,Independent,"Pamela Jeanine ""P."" Moses",26
Houston,U.S. Senate,NA,Independent,Tharon Chandler,37
Houston,U.S. Senate,NA,Republican,Marsha Blackburn,2814
Humphreys,President,NA,Democratic,Kamala D. Harris,1767
Humphreys,President,NA,Independent,Claudia De la Cruz,6
Humphreys,President,NA,Independent,Jay J Bowman,22
Humphreys,President,NA,Independent,Jill Stein,13
Humphreys,President,NA,Independent,Rachele Fruit,2
Humphreys,President,NA,Independent,Robert F. Kennedy Jr.,54
Humphreys,President,NA,Republican,Donald J. Trump,6400
Humphreys,State House,74,Republican,Jay D. Reedy,6762
Humphreys,U.S. House,7,Democratic,Megan Barry,1891
Humphreys,U.S. House,7,Independent,Shaun Greene,152
Humphreys,U.S. House,7,Republican,Mark E. Green,6054
Humphreys,U.S. Senate,NA,Democratic,Gloria Johnson,1789
Humphreys,U.S. Senate,NA,Independent,Hastina Robinson,26
Humphreys,U.S. Senate,NA,Independent,"Pamela Jeanine ""P."" Moses",60
Humphreys,U.S. Senate,NA,Independent,Tharon Chandler,91
Humphreys,U.S. Senate,NA,Republican,Marsha Blackburn,6153
Jackson,President,NA,Democratic,Kamala D. Harris,1040
Jackson,President,NA,Independent,Claudia De la Cruz,2
Jackson,President,NA,Independent,Jay J Bowman,13
Jackson,President,NA,Independent,Jill Stein,5
Jackson,President,NA,Independent,Rachele Fruit,3
Jackson,President,NA,Independent,Robert F. Kennedy Jr.,27
Jackson,President,NA,Republican,Donald J. Trump,4586
Jackson,State House,40,Democratic,Daniel T. Hawthorne,945
Jackson,State House,40,Republican,Michael Hale,4125
Jackson,U.S. House,6,Democratic,Lore Bergman,944
Jackson,U.S. House,6,Republican,John Rose,4134
Jackson,U.S. Senate,NA,Democratic,Gloria Johnson,1093
Jackson,U.S. Senate,NA,Independent,Hastina Robinson,10
Jackson,U.S. Senate,NA,Independent,"Pamela Jeanine ""P."" Moses",40
Jackson,U.S. Senate,NA,Independent,Tharon Chandler,46
Jackson,U.S. Senate,NA,Republican,Marsha Blackburn,4279
Jefferson,President,NA,Democratic,Kamala D. Harris,4503
Jefferson,President,NA,Independent,Claudia De la Cruz,17
Jefferson,President,NA,Independent,Jay J Bowman,46
Jefferson,President,NA,Independent,Jill Stein,28
Jefferson,President,NA,Independent,Rachele Fruit,6
Jefferson,President,NA,Independent,Robert F. Kennedy Jr.,147
Jefferson,President,NA,Republican,Donald J. Trump,21068
Jefferson,State House,11,Democratic,Justin L. Gross,1362
Jefferson,State House,11,Republican,Jeremy Faison,7045
Jefferson,State House,17,Republican,Andrew Ellis Farmer,13526
Jefferson,State Senate,8,Democratic,R. E. Ellison,4156
Jefferson,State Senate,8,Republican,Jessie Seal,19687
Jefferson,U.S. House,1,Democratic,Kevin Jenkins,3678
Jefferson,U.S. House,1,Independent,Levi Brake,170
Jefferson,U.S. House,1,Independent,Richard G. Baker,321
Jefferson,U.S. House,1,Republican,Diana Harshbarger,18182
Jefferson,U.S. House,2,Democratic,Jane George,183
Jefferson,U.S. House,2,Republican,Tim Burchett,845
Jefferson,U.S. Senate,NA,Democratic,Gloria Johnson,4666
Jefferson,U.S. Senate,NA,Independent,Hastina Robinson,50
Jefferson,U.S. Senate,NA,Independent,"Pamela Jeanine ""P."" Moses",191
Jefferson,U.S. Senate,NA,Independent,Tharon Chandler,187
Jefferson,U.S. Senate,NA,Republican,Marsha Blackburn,20239
Johnson,President,NA,Democratic,Kamala D. Harris,1212
Johnson,President,NA,Independent,Claudia De la Cruz,1
Johnson,President,NA,Independent,Jay J Bowman,15
Johnson,President,NA,Independent,Jill Stein,6
Johnson,President,NA,Independent,Rachele Fruit,2
Johnson,President,NA,Independent,Robert F. Kennedy Jr.,37
Johnson,President,NA,Republican,Donald J. Trump,6829
Johnson,State House,3,Democratic,Lori Love,1040
Johnson,State House,3,Republican,Timothy Aaron Hill,6430
Johnson,U.S. House,1,Democratic,Kevin Jenkins,1053
Johnson,U.S. House,1,Independent,Levi Brake,42
Johnson,U.S. House,1,Independent,Richard G. Baker,85
Johnson,U.S. House,1,Republican,Diana Harshbarger,6467
Johnson,U.S. Senate,NA,Democratic,Gloria Johnson,1085
Johnson,U.S. Senate,NA,Independent,Hastina Robinson,10
Johnson,U.S. Senate,NA,Independent,"Pamela Jeanine ""P."" Moses",38
Johnson,U.S. Senate,NA,Independent,Tharon Chandler,50
Johnson,U.S. Senate,NA,Republican,Marsha Blackburn,6666
Knox,President,NA,Democratic,Kamala D. Harris,87516
Knox,President,NA,Independent,Claudia De la Cruz,301
Knox,President,NA,Independent,Jay J Bowman,461
Knox,President,NA,Independent,Jill Stein,896
Knox,President,NA,Independent,Rachele Fruit,58
Knox,President,NA,Independent,Robert F. Kennedy Jr.,1817
Knox,President,NA,Republican,Donald J. Trump,130815
Knox,State House,14,Democratic,Amanda S Collins,14716
Knox,State House,14,Republican,Jason Zachary,27129
Knox,State House,15,Democratic,Sam McKenzie,12281
Knox,State House,15,Republican,Justin Hirst,5790
Knox,State House,16,Democratic,Lauren Carver,9331
Knox,State House,16,Independent,Sean Eastham,854
Knox,State House,16,Republican,Michele Carringer,22376
Knox,State House,18,Democratic,Bryan Goldberg,16013
Knox,State House,18,Republican,Elaine Davis,18611
Knox,State House,19,Republican,Dave Wright,27784
Knox,State House,89,Democratic,Cary Hammond,11920
Knox,State House,89,Republican,Justin Lafferty,23733
Knox,State House,90,,Write-In - Zachary Houk,51
Knox,State House,90,Democratic,Gloria Johnson,16372
Knox,State Senate,6,Democratic,Domonica Bryan,35219
Knox,State Senate,6,Republican,Becky Duncan Massey,63009
Knox,U.S. House,2,Democratic,Jane George,82965
Knox,U.S. House,2,Republican,Tim Burchett,137759
Knox,U.S. Senate,NA,Democratic,Gloria Johnson,88913
Knox,U.S. Senate,NA,Independent,Hastina Robinson,402
Knox,U.S. Senate,NA,Independent,"Pamela Jeanine ""P."" Moses",1241
Knox,U.S. Senate,NA,Independent,Tharon Chandler,1730
Knox,U.S. Senate,NA,Republican,Marsha Blackburn,129275
Lake,President,NA,Democratic,Kamala D. Harris,429
Lake,President,NA,Independent,Claudia De la Cruz,2
Lake,President,NA,Independent,Jay J Bowman,2
Lake,President,NA,Independent,Jill Stein,3
Lake,President,NA,Independent,Rachele Fruit,2
Lake,President,NA,Independent,Robert F. Kennedy Jr.,8
Lake,President,NA,Republican,Donald J. Trump,1493
Lake,State House,77,Republican,Rusty Grills,1534
Lake,U.S. House,8,Democratic,Sarah Freeman,353
Lake,U.S. House,8,Independent,James Hart,39
Lake,U.S. House,8,Republican,David Kustoff,1353
Lake,U.S. Senate,NA,Democratic,Gloria Johnson,384
Lake,U.S. Senate,NA,Independent,Hastina Robinson,5
Lake,U.S. Senate,NA,Independent,"Pamela Jeanine ""P."" Moses",11
Lake,U.S. Senate,NA,Independent,Tharon Chandler,16
Lake,U.S. Senate,NA,Republican,Marsha Blackburn,1414
Lauderdale,President,NA,Democratic,Kamala D. Harris,2571
Lauderdale,President,NA,Independent,Claudia De la Cruz,11
Lauderdale,President,NA,Independent,Jay J Bowman,9
Lauderdale,President,NA,Independent,Jill Stein,4
Lauderdale,President,NA,Independent,Rachele Fruit,1
Lauderdale,President,NA,Independent,Robert F. Kennedy Jr.,37
Lauderdale,President,NA,Republican,Donald J. Trump,5633
Lauderdale,State House,82,Republican,Chris Hurt,5765
Lauderdale,State Senate,32,Republican,Paul W. Rose,5495
Lauderdale,U.S. House,8,Democratic,Sarah Freeman,2080
Lauderdale,U.S. House,8,Independent,James Hart,151
Lauderdale,U.S. House,8,Republican,David Kustoff,5387
Lauderdale,U.S. Senate,NA,Democratic,Gloria Johnson,2311
Lauderdale,U.S. Senate,NA,Independent,Hastina Robinson,25
Lauderdale,U.S. Senate,NA,Independent,"Pamela Jeanine ""P."" Moses",76
Lauderdale,U.S. Senate,NA,Independent,Tharon Chandler,55
Lauderdale,U.S. Senate,NA,Republican,Marsha Blackburn,5434
Lawrence,President,NA,Democratic,Kamala D. Harris,2939
Lawrence,President,NA,Independent,Claudia De la Cruz,12
Lawrence,President,NA,Independent,Jay J Bowman,28
Lawrence,President,NA,Independent,Jill Stein,29
Lawrence,President,NA,Independent,Rachele Fruit,6
Lawrence,President,NA,Independent,Robert F. Kennedy Jr.,90
Lawrence,President,NA,Republican,Donald J. Trump,16429
Lawrence,State House,70,Democratic,Jason Luttrell,1380
Lawrence,State House,70,Republican,Clay Doggett,8346
Lawrence,State House,71,Democratic,Tim Coy,1407
Lawrence,State House,71,Republican,Kip Capley,7387
Lawrence,State Senate,26,,Write-In - James Gray,3
Lawrence,State Senate,26,Republican,Page Walley,13839
Lawrence,U.S. House,4,Democratic,Victoria Isabel Broderick,2535
Lawrence,U.S. House,4,Independent,Earnest Ensley,250
Lawrence,U.S. House,4,Independent,Keith Nolan,279
Lawrence,U.S. House,4,Republican,Scott DesJarlais,14109
Lawrence,U.S. Senate,NA,Democratic,Gloria Johnson,2933
Lawrence,U.S. Senate,NA,Independent,Hastina Robinson,39
Lawrence,U.S. Senate,NA,Independent,"Pamela Jeanine ""P."" Moses",116
Lawrence,U.S. Senate,NA,Independent,Tharon Chandler,343
Lawrence,U.S. Senate,NA,Republican,Marsha Blackburn,15484
Lewis,President,NA,Democratic,Kamala D. Harris,991
Lewis,President,NA,Independent,Claudia De la Cruz,1
Lewis,President,NA,Independent,Jay J Bowman,3
Lewis,President,NA,Independent,Jill Stein,10
Lewis,President,NA,Independent,Rachele Fruit,1
Lewis,President,NA,Independent,Robert F. Kennedy Jr.,32
Lewis,President,NA,Republican,Donald J. Trump,4852
Lewis,State House,69,Republican,"Joseph M. ""Jody"" Barrett",4826
Lewis,State Senate,28,Democratic,James Dallas,914
Lewis,State Senate,28,Republican,Joey Hensley,4841
Lewis,U.S. House,5,Democratic,Maryam Abolfazli,928
Lewis,U.S. House,5,Independent,Bob Titley,56
Lewis,U.S. House,5,Independent,Jim Larkin,131
Lewis,U.S. House,5,Independent,"Yomi ""Fapas"" Faparusi",23
Lewis,U.S. House,5,Republican,Andy Ogles,4515
Lewis,U.S. Senate,NA,Democratic,Gloria Johnson,1002
Lewis,U.S. Senate,NA,Independent,Hastina Robinson,21
Lewis,U.S. Senate,NA,Independent,"Pamela Jeanine ""P."" Moses",50
Lewis,U.S. Senate,NA,Independent,Tharon Chandler,63
Lewis,U.S. Senate,NA,Republican,Marsha Blackburn,4613
Lincoln,President,NA,Democratic,Kamala D. Harris,2782
Lincoln,President,NA,Independent,Claudia De la Cruz,15
Lincoln,President,NA,Independent,Jay J Bowman,18
Lincoln,President,NA,Independent,Jill Stein,15
Lincoln,President,NA,Independent,Rachele Fruit,1
Lincoln,President,NA,Independent,Robert F. Kennedy Jr.,89
Lincoln,President,NA,Republican,Donald J. Trump,13208
Lincoln,State House,62,Republican,Pat Marsh,6172
Lincoln,State House,70,Democratic,Jason Luttrell,1181
Lincoln,State House,70,Republican,Clay Doggett,6935
Lincoln,State Senate,16,Democratic,Wayne Steele,2304
Lincoln,State Senate,16,Independent,Scott Bean,1719
Lincoln,State Senate,16,Republican,Janice Bowling,11254
Lincoln,U.S. House,4,Democratic,Victoria Isabel Broderick,2488
Lincoln,U.S. House,4,Independent,Earnest Ensley,185
Lincoln,U.S. House,4,Independent,Keith Nolan,224
Lincoln,U.S. House,4,Republican,Scott DesJarlais,12491
Lincoln,U.S. Senate,NA,Democratic,Gloria Johnson,2562
Lincoln,U.S. Senate,NA,Independent,Hastina Robinson,46
Lincoln,U.S. Senate,NA,Independent,"Pamela Jeanine ""P."" Moses",102
Lincoln,U.S. Senate,NA,Independent,Tharon Chandler,159
Lincoln,U.S. Senate,NA,Republican,Marsha Blackburn,12744
Loudon,President,NA,Democratic,Kamala D. Harris,7625
Loudon,President,NA,Independent,Claudia De la Cruz,20
Loudon,President,NA,Independent,Jay J Bowman,59
Loudon,President,NA,Independent,Jill Stein,44
Loudon,President,NA,Independent,Rachele Fruit,16
Loudon,President,NA,Independent,Robert F. Kennedy Jr.,219
Loudon,President,NA,Republican,Donald J. Trump,25226
Loudon,State House,21,Democratic,Kenneth R. Moore,4459
Loudon,State House,21,Republican,Lowell Russell,17144
Loudon,State House,32,Republican,Monty G. Fritts,8841
Loudon,U.S. House,2,Democratic,Jane George,6802
Loudon,U.S. House,2,Republican,Tim Burchett,25268
Loudon,U.S. Senate,NA,Democratic,Gloria Johnson,7428
Loudon,U.S. Senate,NA,Independent,Hastina Robinson,43
Loudon,U.S. Senate,NA,Independent,"Pamela Jeanine ""P."" Moses",194
Loudon,U.S. Senate,NA,Independent,Tharon Chandler,279
Loudon,U.S. Senate,NA,Republican,Marsha Blackburn,24848
Macon,President,NA,Democratic,Kamala D. Harris,1277
Macon,President,NA,Independent,Claudia De la Cruz,8
Macon,President,NA,Independent,Jay J Bowman,17
Macon,President,NA,Independent,Jill Stein,10
Macon,President,NA,Independent,Rachele Fruit,3
Macon,President,NA,Independent,Robert F. Kennedy Jr.,60
Macon,President,NA,Republican,Donald J. Trump,8958
Macon,State House,38,Independent,Alexander Armor,1058
Macon,State House,38,Republican,Kelly T Keisling,7915
Macon,State Senate,12,Independent,Charles Hutson II,1126
Macon,State Senate,12,Republican,Ken Yager,7672
Macon,U.S. House,6,Democratic,Lore Bergman,1148
Macon,U.S. House,6,Republican,John Rose,7948
Macon,U.S. Senate,NA,Democratic,Gloria Johnson,1321
Macon,U.S. Senate,NA,Independent,Hastina Robinson,22
Macon,U.S. Senate,NA,Independent,"Pamela Jeanine ""P."" Moses",78
Macon,U.S. Senate,NA,Independent,Tharon Chandler,85
Macon,U.S. Senate,NA,Republican,Marsha Blackburn,8342
Madison,President,NA,Democratic,Kamala D. Harris,16115
Madison,President,NA,Independent,Claudia De la Cruz,32
Madison,President,NA,Independent,Jay J Bowman,86
Madison,President,NA,Independent,Jill Stein,90
Madison,President,NA,Independent,Rachele Fruit,18
Madison,President,NA,Independent,Robert F. Kennedy Jr.,238
Madison,President,NA,Republican,Donald J. Trump,23385
Madison,State House,73,Republican,Chris Todd,24238
Madison,State House,80,Democratic,Johnny W. Shaw,5783
Madison,State House,80,Republican,Brad Grantham,2166
Madison,U.S. House,8,Democratic,Sarah Freeman,13874
Madison,U.S. House,8,Independent,James Hart,762
Madison,U.S. House,8,Republican,David Kustoff,23133
Madison,U.S. Senate,NA,Democratic,Gloria Johnson,14807
Madison,U.S. Senate,NA,Independent,Hastina Robinson,89
Madison,U.S. Senate,NA,Independent,"Pamela Jeanine ""P."" Moses",407
Madison,U.S. Senate,NA,Independent,Tharon Chandler,285
Madison,U.S. Senate,NA,Republican,Marsha Blackburn,23578
Marion,President,NA,Democratic,Kamala D. Harris,3026
Marion,President,NA,Independent,Claudia De la Cruz,8
Marion,President,NA,Independent,Jay J Bowman,36
Marion,President,NA,Independent,Jill Stein,13
Marion,President,NA,Independent,Rachele Fruit,2
Marion,President,NA,Independent,Robert F. Kennedy Jr.,60
Marion,President,NA,Republican,Donald J. Trump,10788
Marion,State House,39,Democratic,Rose Mary Drake,3136
Marion,State House,39,Republican,Iris Rudder,10195
Marion,State Senate,10,Democratic,Missy Crutchfield,3309
Marion,State Senate,10,Republican,Todd Gardenhire,10158
Marion,U.S. House,4,Democratic,Victoria Isabel Broderick,2796
Marion,U.S. House,4,Independent,Earnest Ensley,158
Marion,U.S. House,4,Independent,Keith Nolan,249
Marion,U.S. House,4,Republican,Scott DesJarlais,10376
Marion,U.S. Senate,NA,Democratic,Gloria Johnson,3042
Marion,U.S. Senate,NA,Independent,Hastina Robinson,29
Marion,U.S. Senate,NA,Independent,"Pamela Jeanine ""P."" Moses",124
Marion,U.S. Senate,NA,Independent,Tharon Chandler,137
Marion,U.S. Senate,NA,Republican,Marsha Blackburn,10314
Marshall,President,NA,Democratic,Kamala D. Harris,3390
Marshall,President,NA,Independent,Claudia De la Cruz,12
Marshall,President,NA,Independent,Jay J Bowman,17
Marshall,President,NA,Independent,Jill Stein,27
Marshall,President,NA,Independent,Rachele Fruit,1
Marshall,President,NA,Independent,Robert F. Kennedy Jr.,89
Marshall,President,NA,Republican,Donald J. Trump,12426
Marshall,State House,92,Democratic,Teri Mai,3139
Marshall,State House,92,Republican,Todd Warner,11971
Marshall,State Senate,28,Democratic,James Dallas,3182
Marshall,State Senate,28,Republican,Joey Hensley,11661
Marshall,U.S. House,5,Democratic,Maryam Abolfazli,2980
Marshall,U.S. House,5,Independent,Bob Titley,170
Marshall,U.S. House,5,Independent,Jim Larkin,271
Marshall,U.S. House,5,Independent,"Yomi ""Fapas"" Faparusi",57
Marshall,U.S. House,5,Republican,Andy Ogles,11088
Marshall,U.S. Senate,NA,Democratic,Gloria Johnson,3391
Marshall,U.S. Senate,NA,Independent,Hastina Robinson,38
Marshall,U.S. Senate,NA,Independent,"Pamela Jeanine ""P."" Moses",108
Marshall,U.S. Senate,NA,Independent,Tharon Chandler,143
Marshall,U.S. Senate,NA,Republican,Marsha Blackburn,11916
Maury,President,NA,Democratic,Kamala D. Harris,14145
Maury,President,NA,Independent,Claudia De la Cruz,31
Maury,President,NA,Independent,Jay J Bowman,78
Maury,President,NA,Independent,Jill Stein,79
Maury,President,NA,Independent,Rachele Fruit,16
Maury,President,NA,Independent,Robert F. Kennedy Jr.,365
Maury,President,NA,Republican,Donald J. Trump,37376
Maury,State House,64,Democratic,Eileen H. Longstreet,10590
Maury,State House,64,Republican,Scott Cepicky,24898
Maury,State House,71,Democratic,Tim Coy,3543
Maury,State House,71,Republican,Kip Capley,11797
Maury,State Senate,28,Democratic,James Dallas,13371
Maury,State Senate,28,Republican,Joey Hensley,36679
Maury,U.S. House,5,Democratic,Maryam Abolfazli,13690
Maury,U.S. House,5,Independent,Bob Titley,459
Maury,U.S. House,5,Independent,Jim Larkin,1349
Maury,U.S. House,5,Independent,"Yomi ""Fapas"" Faparusi",304
Maury,U.S. House,5,Republican,Andy Ogles,35040
Maury,U.S. Senate,NA,Democratic,Gloria Johnson,14008
Maury,U.S. Senate,NA,Independent,Hastina Robinson,88
Maury,U.S. Senate,NA,Independent,"Pamela Jeanine ""P."" Moses",348
Maury,U.S. Senate,NA,Independent,Tharon Chandler,514
Maury,U.S. Senate,NA,Republican,Marsha Blackburn,36665
McMinn,President,NA,Democratic,Kamala D. Harris,4207
McMinn,President,NA,Independent,Claudia De la Cruz,11
McMinn,President,NA,Independent,Jay J Bowman,33
McMinn,President,NA,Independent,Jill Stein,31
McMinn,President,NA,Independent,Rachele Fruit,2
McMinn,President,NA,Independent,Robert F. Kennedy Jr.,115
McMinn,President,NA,Republican,Donald J. Trump,19673
McMinn,State House,23,Democratic,David W Thomforde,3755
McMinn,State House,23,Republican,Mark Cochran,19661
McMinn,U.S. House,3,Democratic,Jack Allen,4380
McMinn,U.S. House,3,Independent,Jean Howard-Hill,235
McMinn,U.S. House,3,Independent,"Stephen ""Scooter"" King",353
McMinn,U.S. House,3,Republican,Chuck Fleischmann,18591
McMinn,U.S. Senate,NA,Democratic,Gloria Johnson,4205
McMinn,U.S. Senate,NA,Independent,Hastina Robinson,64
McMinn,U.S. Senate,NA,Independent,"Pamela Jeanine ""P."" Moses",212
McMinn,U.S. Senate,NA,Independent,Tharon Chandler,227
McMinn,U.S. Senate,NA,Republican,Marsha Blackburn,18934
McNairy,President,NA,Democratic,Kamala D. Harris,1727
McNairy,President,NA,Independent,Claudia De la Cruz,6
McNairy,President,NA,Independent,Jay J Bowman,19
McNairy,President,NA,Independent,Jill Stein,7
McNairy,President,NA,Independent,Rachele Fruit,4
McNairy,President,NA,Independent,Robert F. Kennedy Jr.,67
McNairy,President,NA,Republican,Donald J. Trump,9437
McNairy,State House,94,Democratic,Terry S. Saine,1557
McNairy,State House,94,Republican,Ron M. Gant,9057
McNairy,State Senate,26,,Write-In - James Gray,0
McNairy,State Senate,26,Republican,Page Walley,9544
McNairy,U.S. House,8,Democratic,Sarah Freeman,1581
McNairy,U.S. House,8,Independent,James Hart,176
McNairy,U.S. House,8,Republican,David Kustoff,9008
McNairy,U.S. Senate,NA,Democratic,Gloria Johnson,1680
McNairy,U.S. Senate,NA,Independent,Hastina Robinson,21
McNairy,U.S. Senate,NA,Independent,"Pamela Jeanine ""P."" Moses",59
McNairy,U.S. Senate,NA,Independent,Tharon Chandler,85
McNairy,U.S. Senate,NA,Republican,Marsha Blackburn,9155
Meigs,President,NA,Democratic,Kamala D. Harris,968
Meigs,President,NA,Independent,Claudia De la Cruz,4
Meigs,President,NA,Independent,Jay J Bowman,11
Meigs,President,NA,Independent,Jill Stein,3
Meigs,President,NA,Independent,Rachele Fruit,1
Meigs,President,NA,Independent,Robert F. Kennedy Jr.,27
Meigs,President,NA,Republican,Donald J. Trump,5085
Meigs,State House,22,Democratic,Anna Grabowski,855
Meigs,State House,22,Republican,Dan Howell,4524
Meigs,U.S. House,4,Democratic,Victoria Isabel Broderick,849
Meigs,U.S. House,4,Independent,Earnest Ensley,83
Meigs,U.S. House,4,Independent,Keith Nolan,85
Meigs,U.S. House,4,Republican,Scott DesJarlais,4430
Meigs,U.S. Senate,NA,Democratic,Gloria Johnson,985
Meigs,U.S. Senate,NA,Independent,Hastina Robinson,8
Meigs,U.S. Senate,NA,Independent,"Pamela Jeanine ""P."" Moses",44
Meigs,U.S. Senate,NA,Independent,Tharon Chandler,57
Meigs,U.S. Senate,NA,Republican,Marsha Blackburn,4810
Monroe,President,NA,Democratic,Kamala D. Harris,3608
Monroe,President,NA,Independent,Claudia De la Cruz,13
Monroe,President,NA,Independent,Jay J Bowman,44
Monroe,President,NA,Independent,Jill Stein,25
Monroe,President,NA,Independent,Rachele Fruit,6
Monroe,President,NA,Independent,Robert F. Kennedy Jr.,101
Monroe,President,NA,Republican,Donald J. Trump,18526
Monroe,State House,21,Democratic,Kenneth R. Moore,2508
Monroe,State House,21,Republican,Lowell Russell,12785
Monroe,State House,23,Democratic,David W Thomforde,715
Monroe,State House,23,Republican,Mark Cochran,5604
Monroe,State Senate,2,Democratic,Patti Young,3426
Monroe,State Senate,2,Republican,Tom Hatcher,18140
Monroe,U.S. House,3,Democratic,Jack Allen,3279
Monroe,U.S. House,3,Independent,Jean Howard-Hill,263
Monroe,U.S. House,3,Independent,"Stephen ""Scooter"" King",333
Monroe,U.S. House,3,Republican,Chuck Fleischmann,17742
Monroe,U.S. Senate,NA,Democratic,Gloria Johnson,3694
Monroe,U.S. Senate,NA,Independent,Hastina Robinson,50
Monroe,U.S. Senate,NA,Independent,"Pamela Jeanine ""P."" Moses",177
Monroe,U.S. Senate,NA,Independent,Tharon Chandler,222
Monroe,U.S. Senate,NA,Republican,Marsha Blackburn,17759
Montgomery,President,NA,Democratic,Kamala D. Harris,32736
Montgomery,President,NA,Independent,Claudia De la Cruz,137
Montgomery,President,NA,Independent,Jay J Bowman,198
Montgomery,President,NA,Independent,Jill Stein,229
Montgomery,President,NA,Independent,Rachele Fruit,34
Montgomery,President,NA,Independent,Robert F. Kennedy Jr.,626
Montgomery,President,NA,Republican,Donald J. Trump,47795
Montgomery,State House,67,Democratic,Ronnie Glynn,11055
Montgomery,State House,67,Republican,Jamie Dean Peltz,10924
Montgomery,State House,68,Democratic,Garfield Scott,10950
Montgomery,State House,68,Republican,Aron Maberry,23249
Montgomery,State House,75,Democratic,Allie Phillips,9230
Montgomery,State House,75,Republican,Jeff Burkhart,11164
Montgomery,State Senate,22,Democratic,Karen Reynolds,29180
Montgomery,State Senate,22,Republican,Bill Powers,45571
Montgomery,U.S. House,7,Democratic,Megan Barry,30119
Montgomery,U.S. House,7,Independent,Shaun Greene,2201
Montgomery,U.S. House,7,Republican,Mark E. Green,45449
Montgomery,U.S. Senate,NA,Democratic,Gloria Johnson,30669
Montgomery,U.S. Senate,NA,Independent,Hastina Robinson,297
Montgomery,U.S. Senate,NA,Independent,"Pamela Jeanine ""P."" Moses",1003
Montgomery,U.S. Senate,NA,Independent,Tharon Chandler,930
Montgomery,U.S. Senate,NA,Republican,Marsha Blackburn,46104
Moore,President,NA,Democratic,Kamala D. Harris,542
Moore,President,NA,Independent,Claudia De la Cruz,3
Moore,President,NA,Independent,Jay J Bowman,10
Moore,President,NA,Independent,Jill Stein,9
Moore,President,NA,Independent,Rachele Fruit,0
Moore,President,NA,Independent,Robert F. Kennedy Jr.,30
Moore,President,NA,Republican,Donald J. Trump,3060
Moore,State House,62,Republican,Pat Marsh,3049
Moore,State Senate,14,Democratic,E. R. Smith,489
Moore,State Senate,14,Republican,Shane Reeves,3010
Moore,U.S. House,4,Democratic,Victoria Isabel Broderick,491
Moore,U.S. House,4,Independent,Earnest Ensley,45
Moore,U.S. House,4,Independent,Keith Nolan,71
Moore,U.S. House,4,Republican,Scott DesJarlais,2894
Moore,U.S. Senate,NA,Democratic,Gloria Johnson,545
Moore,U.S. Senate,NA,Independent,Hastina Robinson,6
Moore,U.S. Senate,NA,Independent,"Pamela Jeanine ""P."" Moses",32
Moore,U.S. Senate,NA,Independent,Tharon Chandler,49
Moore,U.S. Senate,NA,Republican,Marsha Blackburn,2954
Morgan,President,NA,Democratic,Kamala D. Harris,1054
Morgan,President,NA,Independent,Claudia De la Cruz,2
Morgan,President,NA,Independent,Jay J Bowman,5
Morgan,President,NA,Independent,Jill Stein,11
Morgan,President,NA,Independent,Rachele Fruit,0
Morgan,President,NA,Independent,Robert F. Kennedy Jr.,61
Morgan,President,NA,Republican,Donald J. Trump,7427
Morgan,State House,41,Democratic,Joel Derek Hawn,1310
Morgan,State House,41,Republican,Ed Butler,7029
Morgan,State Senate,12,Independent,Charles Hutson II,1062
Morgan,State Senate,12,Republican,Ken Yager,7225
Morgan,U.S. House,3,Democratic,Jack Allen,957
Morgan,U.S. House,3,Independent,Jean Howard-Hill,72
Morgan,U.S. House,3,Independent,"Stephen ""Scooter"" King",131
Morgan,U.S. House,3,Republican,Chuck Fleischmann,7176
Morgan,U.S. Senate,NA,Democratic,Gloria Johnson,1215
Morgan,U.S. Senate,NA,Independent,Hastina Robinson,13
Morgan,U.S. Senate,NA,Independent,"Pamela Jeanine ""P."" Moses",54
Morgan,U.S. Senate,NA,Independent,Tharon Chandler,65
Morgan,U.S. Senate,NA,Republican,Marsha Blackburn,7090
Obion,President,NA,Democratic,Kamala D. Harris,2221
Obion,President,NA,Independent,Claudia De la Cruz,3
Obion,President,NA,Independent,Jay J Bowman,11
Obion,President,NA,Independent,Jill Stein,5
Obion,President,NA,Independent,Rachele Fruit,0
Obion,President,NA,Independent,Robert F. Kennedy Jr.,64
Obion,President,NA,Republican,Donald J. Trump,10596
Obion,State House,77,Republican,Rusty Grills,7686
Obion,State House,82,Republican,Chris Hurt,2825
Obion,State Senate,24,Republican,John D. Stevens,10522
Obion,U.S. House,8,Democratic,Sarah Freeman,1992
Obion,U.S. House,8,Independent,James Hart,213
Obion,U.S. House,8,Republican,David Kustoff,10324
Obion,U.S. Senate,NA,Democratic,Gloria Johnson,2041
Obion,U.S. Senate,NA,Independent,Hastina Robinson,29
Obion,U.S. Senate,NA,Independent,"Pamela Jeanine ""P."" Moses",58
Obion,U.S. Senate,NA,Independent,Tharon Chandler,92
Obion,U.S. Senate,NA,Republican,Marsha Blackburn,10378
Overton,President,NA,Democratic,Kamala D. Harris,1931
Overton,President,NA,Independent,Claudia De la Cruz,7
Overton,President,NA,Independent,Jay J Bowman,17
Overton,President,NA,Independent,Jill Stein,14
Overton,President,NA,Independent,Rachele Fruit,2
Overton,President,NA,Independent,Robert F. Kennedy Jr.,56
Overton,President,NA,Republican,Donald J. Trump,9042
Overton,State House,41,Democratic,Joel Derek Hawn,1926
Overton,State House,41,Republican,Ed Butler,8026
Overton,State Senate,12,Independent,Charles Hutson II,1514
Overton,State Senate,12,Republican,Ken Yager,7920
Overton,U.S. House,6,Democratic,Lore Bergman,1729
Overton,U.S. House,6,Republican,John Rose,8185
Overton,U.S. Senate,NA,Democratic,Gloria Johnson,1970
Overton,U.S. Senate,NA,Independent,Hastina Robinson,32
Overton,U.S. Senate,NA,Independent,"Pamela Jeanine ""P."" Moses",77
Overton,U.S. Senate,NA,Independent,Tharon Chandler,102
Overton,U.S. Senate,NA,Republican,Marsha Blackburn,8413
Perry,President,NA,Democratic,Kamala D. Harris,558
Perry,President,NA,Independent,Claudia De la Cruz,0
Perry,President,NA,Independent,Jay J Bowman,2
Perry,President,NA,Independent,Jill Stein,5
Perry,President,NA,Independent,Rachele Fruit,1
Perry,President,NA,Independent,Robert F. Kennedy Jr.,11
Perry,President,NA,Republican,Donald J. Trump,3139
Perry,State House,72,Republican,Kirk Haston,3057
Perry,U.S. House,7,Democratic,Megan Barry,601
Perry,U.S. House,7,Independent,Shaun Greene,51
Perry,U.S. House,7,Republican,Mark E. Green,2776
Perry,U.S. Senate,NA,Democratic,Gloria Johnson,569
Perry,U.S. Senate,NA,Independent,Hastina Robinson,14
Perry,U.S. Senate,NA,Independent,"Pamela Jeanine ""P."" Moses",23
Perry,U.S. Senate,NA,Independent,Tharon Chandler,28
Perry,U.S. Senate,NA,Republican,Marsha Blackburn,2906
Pickett,President,NA,Democratic,Kamala D. Harris,487
Pickett,President,NA,Independent,Claudia De la Cruz,2
Pickett,President,NA,Independent,Jay J Bowman,1
Pickett,President,NA,Independent,Jill Stein,3
Pickett,President,NA,Independent,Rachele Fruit,1
Pickett,President,NA,Independent,Robert F. Kennedy Jr.,19
Pickett,President,NA,Republican,Donald J. Trump,2441
Pickett,State House,38,Independent,Alexander Armor,362
Pickett,State House,38,Republican,Kelly T Keisling,2471
Pickett,State Senate,12,Independent,Charles Hutson II,419
Pickett,State Senate,12,Republican,Ken Yager,2357
Pickett,U.S. House,6,Democratic,Lore Bergman,451
Pickett,U.S. House,6,Republican,John Rose,2361
Pickett,U.S. Senate,NA,Democratic,Gloria Johnson,513
Pickett,U.S. Senate,NA,Independent,Hastina Robinson,12
Pickett,U.S. Senate,NA,Independent,"Pamela Jeanine ""P."" Moses",19
Pickett,U.S. Senate,NA,Independent,Tharon Chandler,33
Pickett,U.S. Senate,NA,Republican,Marsha Blackburn,2306
Polk,President,NA,Democratic,Kamala D. Harris,1356
Polk,President,NA,Independent,Claudia De la Cruz,4
Polk,President,NA,Independent,Jay J Bowman,6
Polk,President,NA,Independent,Jill Stein,3
Polk,President,NA,Independent,Rachele Fruit,0
Polk,President,NA,Independent,Robert F. Kennedy Jr.,56
Polk,President,NA,Republican,Donald J. Trump,7302
Polk,State House,22,Democratic,Anna Grabowski,1306
Polk,State House,22,Republican,Dan Howell,7082
Polk,State Senate,2,Democratic,Patti Young,1355
Polk,State Senate,2,Republican,Tom Hatcher,7080
Polk,U.S. House,3,Democratic,Jack Allen,1326
Polk,U.S. House,3,Independent,Jean Howard-Hill,75
Polk,U.S. House,3,Independent,"Stephen ""Scooter"" King",109
Polk,U.S. House,3,Republican,Chuck Fleischmann,7060
Polk,U.S. Senate,NA,Democratic,Gloria Johnson,1429
Polk,U.S. Senate,NA,Independent,Hastina Robinson,15
Polk,U.S. Senate,NA,Independent,"Pamela Jeanine ""P."" Moses",48
Polk,U.S. Senate,NA,Independent,Tharon Chandler,68
Polk,U.S. Senate,NA,Republican,Marsha Blackburn,7041
Putnam,President,NA,Democratic,Kamala D. Harris,8991
Putnam,President,NA,Independent,Claudia De la Cruz,25
Putnam,President,NA,Independent,Jay J Bowman,67
Putnam,President,NA,Independent,Jill Stein,80
Putnam,President,NA,Independent,Rachele Fruit,10
Putnam,President,NA,Independent,Robert F. Kennedy Jr.,212
Putnam,President,NA,Republican,Donald J. Trump,25554
Putnam,State House,25,Democratic,Wesley M. Adkins,752
Putnam,State House,25,Republican,Cameron Sexton,3033
Putnam,State House,42,Democratic,"Amber ""Bennie"" Taylor",7482
Putnam,State House,42,Republican,Ryan D. Williams,21184
Putnam,U.S. House,6,Democratic,Lore Bergman,8212
Putnam,U.S. House,6,Republican,John Rose,24290
Putnam,U.S. Senate,NA,Democratic,Gloria Johnson,8960
Putnam,U.S. Senate,NA,Independent,Hastina Robinson,78
Putnam,U.S. Senate,NA,Independent,"Pamela Jeanine ""P."" Moses",248
Putnam,U.S. Senate,NA,Independent,Tharon Chandler,362
Putnam,U.S. Senate,NA,Republican,Marsha Blackburn,24520
Rhea,President,NA,Democratic,Kamala D. Harris,2312
Rhea,President,NA,Independent,Claudia De la Cruz,4
Rhea,President,NA,Independent,Jay J Bowman,23
Rhea,President,NA,Independent,Jill Stein,23
Rhea,President,NA,Independent,Rachele Fruit,4
Rhea,President,NA,Independent,Robert F. Kennedy Jr.,104
Rhea,President,NA,Republican,Donald J. Trump,11974
Rhea,State House,31,Democratic,Brittany Lynn Warfel,1802
Rhea,State House,31,Independent,"William ""Jay"" Jenkins",454
Rhea,State House,31,Republican,Ron Travis,11834
Rhea,U.S. House,4,Democratic,Victoria Isabel Broderick,2082
Rhea,U.S. House,4,Independent,Earnest Ensley,170
Rhea,U.S. House,4,Independent,Keith Nolan,241
Rhea,U.S. House,4,Republican,Scott DesJarlais,11457
Rhea,U.S. Senate,NA,Democratic,Gloria Johnson,2284
Rhea,U.S. Senate,NA,Independent,Hastina Robinson,29
Rhea,U.S. Senate,NA,Independent,"Pamela Jeanine ""P."" Moses",112
Rhea,U.S. Senate,NA,Independent,Tharon Chandler,151
Rhea,U.S. Senate,NA,Republican,Marsha Blackburn,11553
Roane,President,NA,Democratic,Kamala D. Harris,6073
Roane,President,NA,Independent,Claudia De la Cruz,24
Roane,President,NA,Independent,Jay J Bowman,60
Roane,President,NA,Independent,Jill Stein,45
Roane,President,NA,Independent,Rachele Fruit,7
Roane,President,NA,Independent,Robert F. Kennedy Jr.,192
Roane,President,NA,Republican,Donald J. Trump,21011
Roane,State House,32,Republican,Monty G. Fritts,20603
Roane,State House,41,Democratic,Joel Derek Hawn,278
Roane,State House,41,Republican,Ed Butler,1365
Roane,State Senate,12,Independent,Charles Hutson II,4717
Roane,State Senate,12,Republican,Ken Yager,21167
Roane,U.S. House,3,Democratic,Jack Allen,5200
Roane,U.S. House,3,Independent,Jean Howard-Hill,426
Roane,U.S. House,3,Independent,"Stephen ""Scooter"" King",394
Roane,U.S. House,3,Republican,Chuck Fleischmann,20191
Roane,U.S. Senate,NA,Democratic,Gloria Johnson,6255
Roane,U.S. Senate,NA,Independent,Hastina Robinson,67
Roane,U.S. Senate,NA,Independent,"Pamela Jeanine ""P."" Moses",198
Roane,U.S. Senate,NA,Independent,Tharon Chandler,255
Roane,U.S. Senate,NA,Republican,Marsha Blackburn,20207
Robertson,President,NA,Democratic,Kamala D. Harris,8428
Robertson,President,NA,Independent,Claudia De la Cruz,21
Robertson,President,NA,Independent,Jay J Bowman,61
Robertson,President,NA,Independent,Jill Stein,56
Robertson,President,NA,Independent,Rachele Fruit,16
Robertson,President,NA,Independent,Robert F. Kennedy Jr.,228
Robertson,President,NA,Republican,Donald J. Trump,26260
Robertson,State House,66,Democratic,Elizabeth Webb,6152
Robertson,State House,66,Independent,Kevin Mead,2626
Robertson,State House,66,Republican,Sabi (Doc) Kumar,23760
Robertson,U.S. House,7,Democratic,Megan Barry,8254
Robertson,U.S. House,7,Independent,Shaun Greene,764
Robertson,U.S. House,7,Republican,Mark E. Green,23808
Robertson,U.S. Senate,NA,Democratic,Gloria Johnson,8322
Robertson,U.S. Senate,NA,Independent,Hastina Robinson,122
Robertson,U.S. Senate,NA,Independent,"Pamela Jeanine ""P."" Moses",307
Robertson,U.S. Senate,NA,Independent,Tharon Chandler,397
Robertson,U.S. Senate,NA,Republican,Marsha Blackburn,25146
Rutherford,President,NA,Democratic,Kamala D. Harris,56656
Rutherford,President,NA,Independent,Claudia De la Cruz,200
Rutherford,President,NA,Independent,Jay J Bowman,322
Rutherford,President,NA,Independent,Jill Stein,483
Rutherford,President,NA,Independent,Rachele Fruit,51
Rutherford,President,NA,Independent,Robert F. Kennedy Jr.,1133
Rutherford,President,NA,Republican,Donald J. Trump,88811
Rutherford,State House,13,Democratic,Jonathan Yancey,10859
Rutherford,State House,13,Republican,Robert Stevens,16210
Rutherford,State House,34,Democratic,Amelia Pant,11624
Rutherford,State House,34,Republican,Tim Rudd,17805
Rutherford,State House,37,Democratic,Cheri Brown,9399
Rutherford,State House,37,Republican,Charlie Baum,16859
Rutherford,State House,48,Democratic,Matt Ferry,10903
Rutherford,State House,48,Republican,Bryan Terry,20555
Rutherford,State House,49,Democratic,Luis Mata,11492
Rutherford,State House,49,Republican,Mike Sparks,15361
Rutherford,State Senate,14,Democratic,E. R. Smith,18193
Rutherford,State Senate,14,Republican,Shane Reeves,26004
Rutherford,U.S. House,4,Democratic,Victoria Isabel Broderick,51523
Rutherford,U.S. House,4,Independent,Earnest Ensley,2250
Rutherford,U.S. House,4,Independent,Keith Nolan,2571
Rutherford,U.S. House,4,Republican,Scott DesJarlais,81334
Rutherford,U.S. Senate,NA,Democratic,Gloria Johnson,55605
Rutherford,U.S. Senate,NA,Independent,Hastina Robinson,403
Rutherford,U.S. Senate,NA,Independent,"Pamela Jeanine ""P."" Moses",1525
Rutherford,U.S. Senate,NA,Independent,Tharon Chandler,1554
Rutherford,U.S. Senate,NA,Republican,Marsha Blackburn,86026
Scott,President,NA,Democratic,Kamala D. Harris,942
Scott,President,NA,Independent,Claudia De la Cruz,4
Scott,President,NA,Independent,Jay J Bowman,5
Scott,President,NA,Independent,Jill Stein,5
Scott,President,NA,Independent,Rachele Fruit,2
Scott,President,NA,Independent,Robert F. Kennedy Jr.,39
Scott,President,NA,Republican,Donald J. Trump,8608
Scott,State House,38,Independent,Alexander Armor,812
Scott,State House,38,Republican,Kelly T Keisling,7752
Scott,State Senate,12,Independent,Charles Hutson II,796
Scott,State Senate,12,Republican,Ken Yager,7780
Scott,U.S. House,3,Democratic,Jack Allen,173
Scott,U.S. House,3,Independent,Jean Howard-Hill,14
Scott,U.S. House,3,Independent,"Stephen ""Scooter"" King",35
Scott,U.S. House,3,Republican,Chuck Fleischmann,1853
Scott,U.S. House,6,Democratic,Lore Bergman,629
Scott,U.S. House,6,Republican,John Rose,5059
Scott,U.S. Senate,NA,Democratic,Gloria Johnson,1062
Scott,U.S. Senate,NA,Independent,Hastina Robinson,25
Scott,U.S. Senate,NA,Independent,"Pamela Jeanine ""P."" Moses",44
Scott,U.S. Senate,NA,Independent,Tharon Chandler,91
Scott,U.S. Senate,NA,Republican,Marsha Blackburn,7924
Sequatchie,President,NA,Democratic,Kamala D. Harris,1292
Sequatchie,President,NA,Independent,Claudia De la Cruz,7
Sequatchie,President,NA,Independent,Jay J Bowman,17
Sequatchie,President,NA,Independent,Jill Stein,8
Sequatchie,President,NA,Independent,Rachele Fruit,0
Sequatchie,President,NA,Independent,Robert F. Kennedy Jr.,44
Sequatchie,President,NA,Republican,Donald J. Trump,6522
Sequatchie,State House,31,Democratic,Brittany Lynn Warfel,1058
Sequatchie,State House,31,Independent,"William ""Jay"" Jenkins",143
Sequatchie,State House,31,Republican,Ron Travis,6167
Sequatchie,State Senate,10,Democratic,Missy Crutchfield,1363
Sequatchie,State Senate,10,Republican,Todd Gardenhire,6077
Sequatchie,U.S. House,4,Democratic,Victoria Isabel Broderick,1111
Sequatchie,U.S. House,4,Independent,Earnest Ensley,112
Sequatchie,U.S. House,4,Independent,Keith Nolan,134
Sequatchie,U.S. House,4,Republican,Scott DesJarlais,5751
Sequatchie,U.S. Senate,NA,Democratic,Gloria Johnson,1275
Sequatchie,U.S. Senate,NA,Independent,Hastina Robinson,18
Sequatchie,U.S. Senate,NA,Independent,"Pamela Jeanine ""P."" Moses",58
Sequatchie,U.S. Senate,NA,Independent,Tharon Chandler,85
Sequatchie,U.S. Senate,NA,Republican,Marsha Blackburn,6253
Sevier,President,NA,Democratic,Kamala D. Harris,8322
Sevier,President,NA,Independent,Claudia De la Cruz,28
Sevier,President,NA,Independent,Jay J Bowman,58
Sevier,President,NA,Independent,Jill Stein,77
Sevier,President,NA,Independent,Rachele Fruit,13
Sevier,President,NA,Independent,Robert F. Kennedy Jr.,265
Sevier,President,NA,Republican,Donald J. Trump,35207
Sevier,State House,12,Democratic,Leslie P Braddock,5196
Sevier,State House,12,Republican,Fred A. Atchley,23955
Sevier,State House,17,Republican,Andrew Ellis Farmer,11521
Sevier,State Senate,8,Democratic,R. E. Ellison,5891
Sevier,State Senate,8,Republican,Jessie Seal,25871
Sevier,U.S. House,1,Democratic,Kevin Jenkins,7516
Sevier,U.S. House,1,Independent,Levi Brake,311
Sevier,U.S. House,1,Independent,Richard G. Baker,656
Sevier,U.S. House,1,Republican,Diana Harshbarger,33587
Sevier,U.S. Senate,NA,Democratic,Gloria Johnson,8399
Sevier,U.S. Senate,NA,Independent,Hastina Robinson,88
Sevier,U.S. Senate,NA,Independent,"Pamela Jeanine ""P."" Moses",295
Sevier,U.S. Senate,NA,Independent,Tharon Chandler,387
Sevier,U.S. Senate,NA,Republican,Marsha Blackburn,34101
Shelby,President,NA,Democratic,Kamala D. Harris,201759
Shelby,President,NA,Independent,Claudia De la Cruz,555
Shelby,President,NA,Independent,Jay J Bowman,780
Shelby,President,NA,Independent,Jill Stein,1829
Shelby,President,NA,Independent,Rachele Fruit,165
Shelby,President,NA,Independent,Robert F. Kennedy Jr.,2492
Shelby,President,NA,Republican,Donald J. Trump,118917
Shelby,State House,83,Democratic,Noah Nordstrom,14488
Shelby,State House,83,Republican,Mark White,19910
Shelby,State House,84,Democratic,Joe Towns Jr.,13785
Shelby,State House,85,,Write-In - Daisy Shotwell,19
Shelby,State House,85,Democratic,Jesse Chism,23721
Shelby,State House,86,Democratic,Justin J. Pearson,15612
Shelby,State House,86,Independent,Jeff Johnston,4436
Shelby,State House,87,Democratic,Karen Camper,13669
Shelby,State House,88,Democratic,Larry J. Miller,15043
Shelby,State House,88,Republican,Larry Hunter,5896
Shelby,State House,91,Democratic,Torrey C. Harris,17049
Shelby,State House,93,Democratic,"G. A. Hardaway, Sr.",12398
Shelby,State House,93,Republican,Renarda Renee Clariett,2920
Shelby,State House,95,Republican,Kevin Vaughan,27790
Shelby,State House,96,Democratic,Gabby Salinas,19055
Shelby,State House,97,,Write-In - Christopher Yard,0
Shelby,State House,97,Democratic,Jesse Huseth,15292
Shelby,State House,97,Republican,John Gillespie,16368
Shelby,State House,98,Democratic,Antonio Parkinson,15348
Shelby,State House,98,Republican,Cecil Hale,5410
Shelby,State House,99,Independent,William P Mouzon,8275
Shelby,State House,99,Republican,Tom Leatherwood,25259
Shelby,State Senate,30,Democratic,Sara P. Kyle,40232
Shelby,State Senate,30,Independent,Mitchell Morrison,10370
Shelby,State Senate,32,Republican,Paul W. Rose,30420
Shelby,U.S. House,8,Democratic,Sarah Freeman,32073
Shelby,U.S. House,8,Independent,James Hart,1697
Shelby,U.S. House,8,Republican,David Kustoff,68202
Shelby,U.S. House,9,Democratic,Steve Cohen,157018
Shelby,U.S. House,9,Independent,Dennis Clark,2911
Shelby,U.S. House,9,Independent,"Wendell ""Wells"" Blankenship",3516
Shelby,U.S. House,9,Republican,Charlotte Bergmann,48706
Shelby,U.S. Senate,NA,Democratic,Gloria Johnson,189954
Shelby,U.S. Senate,NA,Independent,Hastina Robinson,1691
Shelby,U.S. Senate,NA,Independent,"Pamela Jeanine ""P."" Moses",3923
Shelby,U.S. Senate,NA,Independent,Tharon Chandler,2958
Shelby,U.S. Senate,NA,Republican,Marsha Blackburn,120568
Smith,President,NA,Democratic,Kamala D. Harris,1595
Smith,President,NA,Independent,Claudia De la Cruz,5
Smith,President,NA,Independent,Jay J Bowman,12
Smith,President,NA,Independent,Jill Stein,8
Smith,President,NA,Independent,Rachele Fruit,1
Smith,President,NA,Independent,Robert F. Kennedy Jr.,60
Smith,President,NA,Republican,Donald J. Trump,7655
Smith,State House,40,Democratic,Daniel T. Hawthorne,1354
Smith,State House,40,Republican,Michael Hale,7222
Smith,U.S. House,6,Democratic,Lore Bergman,1341
Smith,U.S. House,6,Republican,John Rose,7260
Smith,U.S. Senate,NA,Democratic,Gloria Johnson,1576
Smith,U.S. Senate,NA,Independent,Hastina Robinson,19
Smith,U.S. Senate,NA,Independent,"Pamela Jeanine ""P."" Moses",75
Smith,U.S. Senate,NA,Independent,Tharon Chandler,83
Smith,U.S. Senate,NA,Republican,Marsha Blackburn,7255
Stewart,President,NA,Democratic,Kamala D. Harris,1160
Stewart,President,NA,Independent,Claudia De la Cruz,7
Stewart,President,NA,Independent,Jay J Bowman,10
Stewart,President,NA,Independent,Jill Stein,9
Stewart,President,NA,Independent,Rachele Fruit,2
Stewart,President,NA,Independent,Robert F. Kennedy Jr.,43
Stewart,President,NA,Republican,Donald J. Trump,5389
Stewart,State House,74,Republican,Jay D. Reedy,5258
Stewart,State Senate,24,Republican,John D. Stevens,5342
Stewart,U.S. House,7,Democratic,Megan Barry,1130
Stewart,U.S. House,7,Independent,Shaun Greene,170
Stewart,U.S. House,7,Republican,Mark E. Green,5018
Stewart,U.S. Senate,NA,Democratic,Gloria Johnson,1101
Stewart,U.S. Senate,NA,Independent,Hastina Robinson,20
Stewart,U.S. Senate,NA,Independent,"Pamela Jeanine ""P."" Moses",51
Stewart,U.S. Senate,NA,Independent,Tharon Chandler,72
Stewart,U.S. Senate,NA,Republican,Marsha Blackburn,5201
Sullivan,President,NA,Democratic,Kamala D. Harris,16624
Sullivan,President,NA,Independent,Claudia De la Cruz,63
Sullivan,President,NA,Independent,Jay J Bowman,122
Sullivan,President,NA,Independent,Jill Stein,119
Sullivan,President,NA,Independent,Rachele Fruit,15
Sullivan,President,NA,Independent,Robert F. Kennedy Jr.,444
Sullivan,President,NA,Republican,Donald J. Trump,58154
Sullivan,State House,1,Republican,John Crawford,24296
Sullivan,State House,2,Republican,Bud Hulsey,26619
Sullivan,State House,3,Democratic,Lori Love,2457
Sullivan,State House,3,Republican,Timothy Aaron Hill,10659
Sullivan,State Senate,4,Independent,Dalia M. Price,17745
Sullivan,State Senate,4,Republican,Bobby Harshbarger,54153
Sullivan,U.S. House,1,Democratic,Kevin Jenkins,15536
Sullivan,U.S. House,1,Independent,Levi Brake,652
Sullivan,U.S. House,1,Independent,Richard G. Baker,1472
Sullivan,U.S. House,1,Republican,Diana Harshbarger,56699
Sullivan,U.S. Senate,NA,Democratic,Gloria Johnson,15646
Sullivan,U.S. Senate,NA,Independent,Hastina Robinson,157
Sullivan,U.S. Senate,NA,Independent,"Pamela Jeanine ""P."" Moses",488
Sullivan,U.S. Senate,NA,Independent,Tharon Chandler,622
Sullivan,U.S. Senate,NA,Republican,Marsha Blackburn,57989
Sumner,President,NA,Democratic,Kamala D. Harris,27874
Sumner,President,NA,Independent,Claudia De la Cruz,89
Sumner,President,NA,Independent,Jay J Bowman,168
Sumner,President,NA,Independent,Jill Stein,183
Sumner,President,NA,Independent,Rachele Fruit,23
Sumner,President,NA,Independent,Robert F. Kennedy Jr.,657
Sumner,President,NA,Republican,Donald J. Trump,68767
Sumner,State House,35,Democratic,Lexi Melton,7557
Sumner,State House,35,Republican,William H Slater,17218
Sumner,State House,44,Democratic,Brian Robertson,8039
Sumner,State House,44,Republican,William Lamberth,27028
Sumner,State House,45,Democratic,Alison Beale,10354
Sumner,State House,45,Republican,Johnny Garrett,21845
Sumner,State Senate,18,Democratic,Walter S. Chandler,22853
Sumner,State Senate,18,Independent,John Gentry,3840
Sumner,State Senate,18,Independent,Laura A. Black,3271
Sumner,State Senate,18,Republican,Ferrell Haile,61435
Sumner,U.S. House,6,Democratic,Lore Bergman,25235
Sumner,U.S. House,6,Republican,John Rose,65313
Sumner,U.S. Senate,NA,Democratic,Gloria Johnson,27119
Sumner,U.S. Senate,NA,Independent,Hastina Robinson,235
Sumner,U.S. Senate,NA,Independent,"Pamela Jeanine ""P."" Moses",778
Sumner,U.S. Senate,NA,Independent,Tharon Chandler,1027
Sumner,U.S. Senate,NA,Republican,Marsha Blackburn,66413
Tipton,President,NA,Democratic,Kamala D. Harris,6178
Tipton,President,NA,Independent,Claudia De la Cruz,20
Tipton,President,NA,Independent,Jay J Bowman,45
Tipton,President,NA,Independent,Jill Stein,46
Tipton,President,NA,Independent,Rachele Fruit,7
Tipton,President,NA,Independent,Robert F. Kennedy Jr.,134
Tipton,President,NA,Republican,Donald J. Trump,20303
Tipton,State House,81,Republican,Debra Moody,22029
Tipton,State Senate,32,Republican,Paul W. Rose,19981
Tipton,U.S. House,8,Democratic,Sarah Freeman,2750
Tipton,U.S. House,8,Independent,James Hart,288
Tipton,U.S. House,8,Republican,David Kustoff,9554
Tipton,U.S. House,9,Democratic,Steve Cohen,2504
Tipton,U.S. House,9,Independent,Dennis Clark,151
Tipton,U.S. House,9,Independent,"Wendell ""Wells"" Blankenship",192
Tipton,U.S. House,9,Republican,Charlotte Bergmann,8705
Tipton,U.S. Senate,NA,Democratic,Gloria Johnson,5839
Tipton,U.S. Senate,NA,Independent,Hastina Robinson,60
Tipton,U.S. Senate,NA,Independent,"Pamela Jeanine ""P."" Moses",226
Tipton,U.S. Senate,NA,Independent,Tharon Chandler,253
Tipton,U.S. Senate,NA,Republican,Marsha Blackburn,19625
Trousdale,President,NA,Democratic,Kamala D. Harris,856
Trousdale,President,NA,Independent,Claudia De la Cruz,4
Trousdale,President,NA,Independent,Jay J Bowman,10
Trousdale,President,NA,Independent,Jill Stein,3
Trousdale,President,NA,Independent,Rachele Fruit,1
Trousdale,President,NA,Independent,Robert F. Kennedy Jr.,18
Trousdale,President,NA,Republican,Donald J. Trump,3359
Trousdale,State House,35,Democratic,Lexi Melton,788
Trousdale,State House,35,Republican,William H Slater,2972
Trousdale,State Senate,18,Democratic,Walter S. Chandler,671
Trousdale,State Senate,18,Independent,John Gentry,116
Trousdale,State Senate,18,Independent,Laura A. Black,104
Trousdale,State Senate,18,Republican,Ferrell Haile,2932
Trousdale,U.S. House,6,Democratic,Lore Bergman,758
Trousdale,U.S. House,6,Republican,John Rose,3014
Trousdale,U.S. Senate,NA,Democratic,Gloria Johnson,842
Trousdale,U.S. Senate,NA,Independent,Hastina Robinson,16
Trousdale,U.S. Senate,NA,Independent,"Pamela Jeanine ""P."" Moses",34
Trousdale,U.S. Senate,NA,Independent,Tharon Chandler,39
Trousdale,U.S. Senate,NA,Republican,Marsha Blackburn,3079
Unicoi,President,NA,Democratic,Kamala D. Harris,1578
Unicoi,President,NA,Independent,Claudia De la Cruz,11
Unicoi,President,NA,Independent,Jay J Bowman,18
Unicoi,President,NA,Independent,Jill Stein,14
Unicoi,President,NA,Independent,Rachele Fruit,1
Unicoi,President,NA,Independent,Robert F. Kennedy Jr.,43
Unicoi,President,NA,Republican,Donald J. Trump,6876
Unicoi,State House,4,Republican,Renea Jones,6554
Unicoi,U.S. House,1,Democratic,Kevin Jenkins,1345
Unicoi,U.S. House,1,Independent,Levi Brake,62
Unicoi,U.S. House,1,Independent,Richard G. Baker,131
Unicoi,U.S. House,1,Republican,Diana Harshbarger,6454
Unicoi,U.S. Senate,NA,Democratic,Gloria Johnson,1403
Unicoi,U.S. Senate,NA,Independent,Hastina Robinson,19
Unicoi,U.S. Senate,NA,Independent,"Pamela Jeanine ""P."" Moses",59
Unicoi,U.S. Senate,NA,Independent,Tharon Chandler,78
Unicoi,U.S. Senate,NA,Republican,Marsha Blackburn,6754
Union,President,NA,Democratic,Kamala D. Harris,1216
Union,President,NA,Independent,Claudia De la Cruz,8
Union,President,NA,Independent,Jay J Bowman,11
Union,President,NA,Independent,Jill Stein,11
Union,President,NA,Independent,Rachele Fruit,4
Union,President,NA,Independent,Robert F. Kennedy Jr.,35
Union,President,NA,Republican,Donald J. Trump,7384
Union,State House,36,Republican,Dennis Powers,6451
Union,State Senate,8,Democratic,R. E. Ellison,1097
Union,State Senate,8,Republican,Jessie Seal,6372
Union,U.S. House,2,Democratic,Jane George,1040
Union,U.S. House,2,Republican,Tim Burchett,7037
Union,U.S. Senate,NA,Democratic,Gloria Johnson,1315
Union,U.S. Senate,NA,Independent,Hastina Robinson,18
Union,U.S. Senate,NA,Independent,"Pamela Jeanine ""P."" Moses",44
Union,U.S. Senate,NA,Independent,Tharon Chandler,68
Union,U.S. Senate,NA,Republican,Marsha Blackburn,6834
Van Buren,President,NA,Democratic,Kamala D. Harris,524
Van Buren,President,NA,Independent,Claudia De la Cruz,1
Van Buren,President,NA,Independent,Jay J Bowman,4
Van Buren,President,NA,Independent,Jill Stein,5
Van Buren,President,NA,Independent,Rachele Fruit,0
Van Buren,President,NA,Independent,Robert F. Kennedy Jr.,13
Van Buren,President,NA,Republican,Donald J. Trump,2718
Van Buren,State House,31,Democratic,Brittany Lynn Warfel,483
Van Buren,State House,31,Independent,"William ""Jay"" Jenkins",78
Van Buren,State House,31,Republican,Ron Travis,2307
Van Buren,U.S. House,6,Democratic,Lore Bergman,495
Van Buren,U.S. House,6,Republican,John Rose,2391
Van Buren,U.S. Senate,NA,Democratic,Gloria Johnson,532
Van Buren,U.S. Senate,NA,Independent,Hastina Robinson,15
Van Buren,U.S. Senate,NA,Independent,"Pamela Jeanine ""P."" Moses",27
Van Buren,U.S. Senate,NA,Independent,Tharon Chandler,37
Van Buren,U.S. Senate,NA,Republican,Marsha Blackburn,2533
Warren,President,NA,Democratic,Kamala D. Harris,3647
Warren,President,NA,Independent,Claudia De la Cruz,9
Warren,President,NA,Independent,Jay J Bowman,29
Warren,President,NA,Independent,Jill Stein,32
Warren,President,NA,Independent,Rachele Fruit,4
Warren,President,NA,Independent,Robert F. Kennedy Jr.,102
Warren,President,NA,Republican,Donald J. Trump,13192
Warren,State House,43,Republican,Paul Sherrell,13372
Warren,State Senate,16,Democratic,Wayne Steele,2983
Warren,State Senate,16,Independent,Scott Bean,605
Warren,State Senate,16,Republican,Janice Bowling,11768
Warren,U.S. House,4,Democratic,Victoria Isabel Broderick,3238
Warren,U.S. House,4,Independent,Earnest Ensley,235
Warren,U.S. House,4,Independent,Keith Nolan,326
Warren,U.S. House,4,Republican,Scott DesJarlais,11263
Warren,U.S. House,6,Democratic,Lore Bergman,42
Warren,U.S. House,6,Republican,John Rose,150
Warren,U.S. Senate,NA,Democratic,Gloria Johnson,3648
Warren,U.S. Senate,NA,Independent,Hastina Robinson,69
Warren,U.S. Senate,NA,Independent,"Pamela Jeanine ""P."" Moses",121
Warren,U.S. Senate,NA,Independent,Tharon Chandler,204
Warren,U.S. Senate,NA,Republican,Marsha Blackburn,12287
Washington,President,NA,Democratic,Kamala D. Harris,18131
Washington,President,NA,Independent,Claudia De la Cruz,71
Washington,President,NA,Independent,Jay J Bowman,135
Washington,President,NA,Independent,Jill Stein,169
Washington,President,NA,Independent,Rachele Fruit,15
Washington,President,NA,Independent,Robert F. Kennedy Jr.,414
Washington,President,NA,Republican,Donald J. Trump,42299
Washington,State House,6,Democratic,Brad Batt,8356
Washington,State House,6,Republican,Tim Hicks,22531
Washington,State House,7,Democratic,Sylvain Bruni,7665
Washington,State House,7,Republican,Rebecca K. Alexander,19016
Washington,U.S. House,1,Democratic,Kevin Jenkins,16155
Washington,U.S. House,1,Independent,Levi Brake,449
Washington,U.S. House,1,Independent,Richard G. Baker,1151
Washington,U.S. House,1,Republican,Diana Harshbarger,40245
Washington,U.S. Senate,NA,Democratic,Gloria Johnson,16872
Washington,U.S. Senate,NA,Independent,Hastina Robinson,160
Washington,U.S. Senate,NA,Independent,"Pamela Jeanine ""P."" Moses",436
Washington,U.S. Senate,NA,Independent,Tharon Chandler,609
Washington,U.S. Senate,NA,Republican,Marsha Blackburn,42160
Wayne,President,NA,Democratic,Kamala D. Harris,762
Wayne,President,NA,Independent,Claudia De la Cruz,1
Wayne,President,NA,Independent,Jay J Bowman,8
Wayne,President,NA,Independent,Jill Stein,6
Wayne,President,NA,Independent,Rachele Fruit,2
Wayne,President,NA,Independent,Robert F. Kennedy Jr.,36
Wayne,President,NA,Republican,Donald J. Trump,6016
Wayne,State House,71,Democratic,Tim Coy,669
Wayne,State House,71,Republican,Kip Capley,5171
Wayne,State Senate,26,,Write-In - James Gray,4
Wayne,State Senate,26,Republican,Page Walley,5316
Wayne,U.S. House,7,Democratic,Megan Barry,752
Wayne,U.S. House,7,Independent,Shaun Greene,115
Wayne,U.S. House,7,Republican,Mark E. Green,5420
Wayne,U.S. Senate,NA,Democratic,Gloria Johnson,755
Wayne,U.S. Senate,NA,Independent,Hastina Robinson,13
Wayne,U.S. Senate,NA,Independent,"Pamela Jeanine ""P."" Moses",42
Wayne,U.S. Senate,NA,Independent,Tharon Chandler,65
Wayne,U.S. Senate,NA,Republican,Marsha Blackburn,5690
Weakley,President,NA,Democratic,Kamala D. Harris,2725
Weakley,President,NA,Independent,Claudia De la Cruz,7
Weakley,President,NA,Independent,Jay J Bowman,20
Weakley,President,NA,Independent,Jill Stein,22
Weakley,President,NA,Independent,Rachele Fruit,3
Weakley,President,NA,Independent,Robert F. Kennedy Jr.,76
Weakley,President,NA,Republican,Donald J. Trump,10541
Weakley,State House,76,Independent,James Hart,1705
Weakley,State House,76,Republican,Tandy Darby,10806
Weakley,State Senate,24,Republican,John D. Stevens,11240
Weakley,U.S. House,8,Democratic,Sarah Freeman,2344
Weakley,U.S. House,8,Independent,James Hart,245
Weakley,U.S. House,8,Republican,David Kustoff,10218
Weakley,U.S. Senate,NA,Democratic,Gloria Johnson,2494
Weakley,U.S. Senate,NA,Independent,Hastina Robinson,36
Weakley,U.S. Senate,NA,Independent,"Pamela Jeanine ""P."" Moses",81
Weakley,U.S. Senate,NA,Independent,Tharon Chandler,121
Weakley,U.S. Senate,NA,Republican,Marsha Blackburn,10375
White,President,NA,Democratic,Kamala D. Harris,2105
White,President,NA,Independent,Claudia De la Cruz,7
White,President,NA,Independent,Jay J Bowman,14
White,President,NA,Independent,Jill Stein,16
White,President,NA,Independent,Rachele Fruit,2
White,President,NA,Independent,Robert F. Kennedy Jr.,70
White,President,NA,Republican,Donald J. Trump,10717
White,State House,43,Republican,Paul Sherrell,10074
White,U.S. House,6,Democratic,Lore Bergman,2005
White,U.S. House,6,Republican,John Rose,10546
White,U.S. Senate,NA,Democratic,Gloria Johnson,2174
White,U.S. Senate,NA,Independent,Hastina Robinson,32
White,U.S. Senate,NA,Independent,"Pamela Jeanine ""P."" Moses",89
White,U.S. Senate,NA,Independent,Tharon Chandler,125
White,U.S. Senate,NA,Republican,Marsha Blackburn,10316
Williamson,President,NA,Democratic,Kamala D. Harris,47695
Williamson,President,NA,Independent,Claudia De la Cruz,104
Williamson,President,NA,Independent,Jay J Bowman,327
Williamson,President,NA,Independent,Jill Stein,486
Williamson,President,NA,Independent,Rachele Fruit,42
Williamson,President,NA,Independent,Robert F. Kennedy Jr.,1452
Williamson,President,NA,Republican,Donald J. Trump,94562
Williamson,State House,61,Democratic,Claire Jones,14711
Williamson,State House,61,Independent,Alana LeBlanc,929
Williamson,State House,61,Republican,Gino Bulso,25594
Williamson,State House,63,Democratic,Laura Andreson,13433
Williamson,State House,63,Republican,Jake McCalmon,28667
Williamson,State House,65,Democratic,LaRhonda Williams,12503
Williamson,State House,65,Republican,Lee Reeves,28234
Williamson,State House,92,Democratic,Teri Mai,5430
Williamson,State House,92,Republican,Todd Warner,13115
Williamson,State Senate,28,Democratic,James Dallas,4958
Williamson,State Senate,28,Republican,Joey Hensley,11280
Williamson,U.S. House,5,Democratic,Maryam Abolfazli,29210
Williamson,U.S. House,5,Independent,Bob Titley,666
Williamson,U.S. House,5,Independent,Jim Larkin,1822
Williamson,U.S. House,5,Independent,"Yomi ""Fapas"" Faparusi",640
Williamson,U.S. House,5,Republican,Andy Ogles,62135
Williamson,U.S. House,7,Democratic,Megan Barry,15665
Williamson,U.S. House,7,Independent,Shaun Greene,977
Williamson,U.S. House,7,Republican,Mark E. Green,31006
Williamson,U.S. Senate,NA,Democratic,Gloria Johnson,46785
Williamson,U.S. Senate,NA,Independent,Hastina Robinson,252
Williamson,U.S. Senate,NA,Independent,"Pamela Jeanine ""P."" Moses",947
Williamson,U.S. Senate,NA,Independent,Tharon Chandler,1359
Williamson,U.S. Senate,NA,Republican,Marsha Blackburn,94791
Wilson,President,NA,Democratic,Kamala D. Harris,23855
Wilson,President,NA,Independent,Claudia De la Cruz,69
Wilson,President,NA,Independent,Jay J Bowman,112
Wilson,President,NA,Independent,Jill Stein,160
Wilson,President,NA,Independent,Rachele Fruit,21
Wilson,President,NA,Independent,Robert F. Kennedy Jr.,612
Wilson,President,NA,Republican,Donald J. Trump,56425
Wilson,State House,40,Democratic,Daniel T. Hawthorne,260
Wilson,State House,40,Republican,Michael Hale,1203
Wilson,State House,46,Democratic,Joni Cochran,9508
Wilson,State House,46,Republican,Clark Boyd,28319
Wilson,State House,57,Democratic,Ailina Carona,12895
Wilson,State House,57,Republican,Susan M Lynn,27040
Wilson,U.S. House,5,Democratic,Maryam Abolfazli,17906
Wilson,U.S. House,5,Independent,Bob Titley,516
Wilson,U.S. House,5,Independent,Jim Larkin,1372
Wilson,U.S. House,5,Independent,"Yomi ""Fapas"" Faparusi",361
Wilson,U.S. House,5,Republican,Andy Ogles,39155
Wilson,U.S. House,6,Democratic,Lore Bergman,4170
Wilson,U.S. House,6,Republican,John Rose,14862
Wilson,U.S. Senate,NA,Democratic,Gloria Johnson,23556
Wilson,U.S. Senate,NA,Independent,Hastina Robinson,191
Wilson,U.S. Senate,NA,Independent,"Pamela Jeanine ""P."" Moses",653
Wilson,U.S. Senate,NA,Independent,Tharon Chandler,837
Wilson,U.S. Senate,NA,Republican,Marsha Blackburn,54895
