county,office,district,party,candidate,votes
Anderson,Chancellor,7 (unexpired term),Democratic,No Candidate Qualified,0
Anderson,Chancellor,7 (unexpired term),Republican,Daniel Forrester,3663
Anderson,Chancellor,7 (unexpired term),Republican,Evan Hauser,1242
Anderson,Chancellor,7 (unexpired term),Republican,James W. Brooks Jr,2488
Anderson,Chancellor,7 (unexpired term),Republican,Roger Miller,512
Anderson,Delegate,3,Republican,Ann Ayers-Colvin (Trump),1274
Anderson,Delegate,3,Republican,Brenda Fleischmann (Trump),2178
Anderson,Delegate,3,Republican,Bruce Bradford (Haley),575
Anderson,Delegate,3,Republican,Chuck Fleischmann (Trump),3301
Anderson,Delegate,3,Republican,Dalton Temple (Trump),1821
Anderson,Delegate,3,Republican,David Queen (DeSantis),197
Anderson,Delegate,3,Republican,Dustin Summers (Haley),585
Anderson,Delegate,3,Republican,Emily Goldberg (DeSantis),262
Anderson,Delegate,3,Republican,George Gray (DeSantis),283
Anderson,Delegate,3,Republican,John Samuel Stanbery (DeSantis),182
Anderson,Delegate,3,Republican,Jonathan Malloch (Haley),581
Anderson,Delegate,3,Republican,Ken Meyer (DeSantis),200
Anderson,Delegate,3,Republican,Lawrence O. Grohn (Uncommited),112
Anderson,Delegate,3,Republican,Marsha Yessick (Trump),1178
Anderson,Delegate,3,Republican,Rebecca Denise Cope English (DeSantis),296
Anderson,Delegate,3,Republican,Rhonda Champion (Haley),854
Anderson,Delegate,3,Republican,Teresa Lorraine Davanzo (Haley),1057
Anderson,Delegate,3,Republican,William 'Bill' Crawford (Uncommited),239
Anderson,Delegate,3,Republican,William Andrew Guffee (Trump),2029
Anderson,Delegate,At-Large,Republican,Abigail Arpin (Trump),2395
Anderson,Delegate,At-Large,Republican,Archie Pierce (Haley),248
Anderson,Delegate,At-Large,Republican,Barbara Boswell (Trump),2859
Anderson,Delegate,At-Large,Republican,Betsy Funk (Haley),1239
Anderson,Delegate,At-Large,Republican,Bill Campbell (DeSantis),481
Anderson,Delegate,At-Large,Republican,Bill Young (Haley),281
Anderson,Delegate,At-Large,Republican,Billy J. Stokes (DeSantis),171
Anderson,Delegate,At-Large,Republican,Brad Grantham (DeSantis),314
Anderson,Delegate,At-Large,Republican,Calvin Rogers Clayton (Trump),3019
Anderson,Delegate,At-Large,Republican,Chad Blackburn (Trump),3431
Anderson,Delegate,At-Large,Republican,Chad Story (DeSantis),131
Anderson,Delegate,At-Large,Republican,Charles E. Allen Jr. (DeSantis),506
Anderson,Delegate,At-Large,Republican,Charlie Cato (DeSantis),339
Anderson,Delegate,At-Large,Republican,Charlotte Myers (Trump),1048
Anderson,Delegate,At-Large,Republican,Cheryl S. Harvey (Haley),1162
Anderson,Delegate,At-Large,Republican,Chris Walker (DeSantis),135
Anderson,Delegate,At-Large,Republican,Debra Maggart Breske (Haley),919
Anderson,Delegate,At-Large,Republican,Dennis H. Beavers (Trump),3140
Anderson,Delegate,At-Large,Republican,Derrick Calcote (DeSantis),334
Anderson,Delegate,At-Large,Republican,Dia Hart (Uncommitted),102
Anderson,Delegate,At-Large,Republican,Don Alan Miller (Haley),966
Anderson,Delegate,At-Large,Republican,Emily Pearse (Haley),704
Anderson,Delegate,At-Large,Republican,Eric Joe Mayo (Haley),1074
Anderson,Delegate,At-Large,Republican,Forrest B. Hutchinson (DeSantis),368
Anderson,Delegate,At-Large,Republican,Gloria A. Giorno (Trump),2815
Anderson,Delegate,At-Large,Republican,Harrison Vinett (Trump),831
Anderson,Delegate,At-Large,Republican,Jaclyn Colbeth (Trump),2863
Anderson,Delegate,At-Large,Republican,"James C. Phillips, Jr. (Haley)",375
Anderson,Delegate,At-Large,Republican,Jane G. Ferrell (Haley),1222
Anderson,Delegate,At-Large,Republican,Jason Emert (DeSantis),320
Anderson,Delegate,At-Large,Republican,John R Roberts (DeSantis),212
Anderson,Delegate,At-Large,Republican,John Rose (Trump),1123
Anderson,Delegate,At-Large,Republican,Jonathan Merkh (Haley),1045
Anderson,Delegate,At-Large,Republican,Julia Atchley-Pace (Trump),2762
Anderson,Delegate,At-Large,Republican,Kelly Barger (Trump),3020
Anderson,Delegate,At-Large,Republican,Kevin Desmond (Haley),1132
Anderson,Delegate,At-Large,Republican,Layne Provine (DeSantis),126
Anderson,Delegate,At-Large,Republican,Lisa Ann Flowers (Uncommitted),164
Anderson,Delegate,At-Large,Republican,Lucas Heaton (Trump),1973
Anderson,Delegate,At-Large,Republican,Marilyn Betz (Trump),2883
Anderson,Delegate,At-Large,Republican,Marilyn Hutchinson (DeSantis),332
Anderson,Delegate,At-Large,Republican,Mary Kate Brown (DeSantis),396
Anderson,Delegate,At-Large,Republican,Mason Foley (Haley),1134
Anderson,Delegate,At-Large,Republican,Max Bonner (Trump),3096
Anderson,Delegate,At-Large,Republican,Michael Fulbright (Haley),1177
Anderson,Delegate,At-Large,Republican,Monica Mountain (DeSantis),252
Anderson,Delegate,At-Large,Republican,Mya Conrad (Trump),2824
Anderson,Delegate,At-Large,Republican,Neil Rader (Haley),232
Anderson,Delegate,At-Large,Republican,Patricia Woodard (Trump),831
Anderson,Delegate,At-Large,Republican,Paul Van Hoesen (Haley),212
Anderson,Delegate,At-Large,Republican,Preston George (Haley),1172
Anderson,Delegate,At-Large,Republican,Rick Williams (Trump),1062
Anderson,Delegate,At-Large,Republican,Robbyn Maylott (Trump),906
Anderson,Delegate,At-Large,Republican,Samuel Funk (Haley),1165
Anderson,Delegate,At-Large,Republican,Sandi Figg (Haley),1169
Anderson,Delegate,At-Large,Republican,Scott Smith (DeSantis),184
Anderson,Delegate,At-Large,Republican,Sharon B. Anderson (Trump),2326
Anderson,Delegate,At-Large,Republican,Sherri P. Lee (DeSantis),325
Anderson,Delegate,At-Large,Republican,Sondra Morris (DeSantis),260
Anderson,Delegate,At-Large,Republican,Stephanie Nash (Trump),1077
Anderson,Delegate,At-Large,Republican,Steven Tyler Giorno (Trump),2960
Anderson,Delegate,At-Large,Republican,Teresa Dix (DeSantis),332
Anderson,Delegate,At-Large,Republican,Terri Nicholson (Trump),1007
Anderson,Delegate,At-Large,Republican,Tina Benkiser (DeSantis),344
Anderson,Delegate,At-Large,Republican,Todd R. Cruse (Haley),1048
Anderson,Delegate,At-Large,Republican,Zachary Lambert (Trump),1540
Anderson,Presidential Preference,NA,Democratic,Joseph R. Biden,1249
Anderson,Presidential Preference,NA,Democratic,Uncommitted,92
Anderson,Presidential Preference,NA,Republican,Asa Hutchinson,11
Anderson,Presidential Preference,NA,Republican,Chris Christie,31
Anderson,Presidential Preference,NA,Republican,David Stuckenberg,8
Anderson,Presidential Preference,NA,Republican,Donald J. Trump,6372
Anderson,Presidential Preference,NA,Republican,Nikki Haley,1784
Anderson,Presidential Preference,NA,Republican,Ron DeSantis,129
Anderson,Presidential Preference,NA,Republican,Ryan Binkley,15
Anderson,Presidential Preference,NA,Republican,Uncommitted,47
Anderson,Presidential Preference,NA,Republican,Vivek Ramaswamy,25
Bedford,Delegate,4,Republican,Andrew Joseph Kingsolver (Haley),174
Bedford,Delegate,4,Republican,Ashley S. Moore (DeSantis),27
Bedford,Delegate,4,Republican,Caleb Tidwell (DeSantis),15
Bedford,Delegate,4,Republican,Claudia Coco (Trump),725
Bedford,Delegate,4,Republican,Clay Doggett (Trump),980
Bedford,Delegate,4,Republican,Iva Michelle Russell (Trump),694
Bedford,Delegate,4,Republican,James S. Kennedy (Haley),166
Bedford,Delegate,4,Republican,Jeffrey W. Dillard (Trump),1107
Bedford,Delegate,4,Republican,Katherine Hudgins (DeSantis),39
Bedford,Delegate,4,Republican,Kip Capley (Trump),995
Bedford,Delegate,4,Republican,Lucas Hutchinson (DeSantis),38
Bedford,Delegate,4,Republican,Lynne Davis (Trump),1192
Bedford,Delegate,4,Republican,Matt Herriman (DeSantis),49
Bedford,Delegate,4,Republican,Myra Simons (DeSantis),19
Bedford,Delegate,4,Republican,Rhonda R Page (Haley),191
Bedford,Delegate,4,Republican,Susan Lightner Harris (Haley),175
Bedford,Delegate,4,Republican,Teresa (Terrie) Kirby (Haley),162
Bedford,Delegate,At-Large,Republican,Abigail Arpin (Trump),1492
Bedford,Delegate,At-Large,Republican,Archie Pierce (Haley),42
Bedford,Delegate,At-Large,Republican,Barbara Boswell (Trump),1680
Bedford,Delegate,At-Large,Republican,Betsy Funk (Haley),251
Bedford,Delegate,At-Large,Republican,Bill Campbell (DeSantis),152
Bedford,Delegate,At-Large,Republican,Bill Young (Haley),61
Bedford,Delegate,At-Large,Republican,Billy J. Stokes (DeSantis),71
Bedford,Delegate,At-Large,Republican,Brad Grantham (DeSantis),130
Bedford,Delegate,At-Large,Republican,Calvin Rogers Clayton (Trump),1706
Bedford,Delegate,At-Large,Republican,Chad Blackburn (Trump),1937
Bedford,Delegate,At-Large,Republican,Chad Story (DeSantis),80
Bedford,Delegate,At-Large,Republican,Charles E. Allen Jr. (DeSantis),176
Bedford,Delegate,At-Large,Republican,Charlie Cato (DeSantis),124
Bedford,Delegate,At-Large,Republican,Charlotte Myers (Trump),371
Bedford,Delegate,At-Large,Republican,Cheryl S. Harvey (Haley),254
Bedford,Delegate,At-Large,Republican,Chris Walker (DeSantis),80
Bedford,Delegate,At-Large,Republican,Debra Maggart Breske (Haley),308
Bedford,Delegate,At-Large,Republican,Dennis H. Beavers (Trump),1730
Bedford,Delegate,At-Large,Republican,Derrick Calcote (DeSantis),110
Bedford,Delegate,At-Large,Republican,Dia Hart (Uncommitted),13
Bedford,Delegate,At-Large,Republican,Don Alan Miller (Haley),210
Bedford,Delegate,At-Large,Republican,Emily Pearse (Haley),103
Bedford,Delegate,At-Large,Republican,Eric Joe Mayo (Haley),235
Bedford,Delegate,At-Large,Republican,Forrest B. Hutchinson (DeSantis),133
Bedford,Delegate,At-Large,Republican,Gloria A. Giorno (Trump),1587
Bedford,Delegate,At-Large,Republican,Harrison Vinett (Trump),280
Bedford,Delegate,At-Large,Republican,Jaclyn Colbeth (Trump),1605
Bedford,Delegate,At-Large,Republican,"James C. Phillips, Jr. (Haley)",57
Bedford,Delegate,At-Large,Republican,Jane G. Ferrell (Haley),314
Bedford,Delegate,At-Large,Republican,Jason Emert (DeSantis),120
Bedford,Delegate,At-Large,Republican,John R Roberts (DeSantis),102
Bedford,Delegate,At-Large,Republican,John Rose (Trump),503
Bedford,Delegate,At-Large,Republican,Jonathan Merkh (Haley),216
Bedford,Delegate,At-Large,Republican,Julia Atchley-Pace (Trump),1566
Bedford,Delegate,At-Large,Republican,Kelly Barger (Trump),1627
Bedford,Delegate,At-Large,Republican,Kevin Desmond (Haley),304
Bedford,Delegate,At-Large,Republican,Layne Provine (DeSantis),56
Bedford,Delegate,At-Large,Republican,Lisa Ann Flowers (Uncommitted),55
Bedford,Delegate,At-Large,Republican,Lucas Heaton (Trump),766
Bedford,Delegate,At-Large,Republican,Marilyn Betz (Trump),1541
Bedford,Delegate,At-Large,Republican,Marilyn Hutchinson (DeSantis),132
Bedford,Delegate,At-Large,Republican,Mary Kate Brown (DeSantis),136
Bedford,Delegate,At-Large,Republican,Mason Foley (Haley),242
Bedford,Delegate,At-Large,Republican,Max Bonner (Trump),1691
Bedford,Delegate,At-Large,Republican,Michael Fulbright (Haley),233
Bedford,Delegate,At-Large,Republican,Monica Mountain (DeSantis),111
Bedford,Delegate,At-Large,Republican,Mya Conrad (Trump),1543
Bedford,Delegate,At-Large,Republican,Neil Rader (Haley),44
Bedford,Delegate,At-Large,Republican,Patricia Woodard (Trump),370
Bedford,Delegate,At-Large,Republican,Paul Van Hoesen (Haley),47
Bedford,Delegate,At-Large,Republican,Preston George (Haley),239
Bedford,Delegate,At-Large,Republican,Rick Williams (Trump),485
Bedford,Delegate,At-Large,Republican,Robbyn Maylott (Trump),294
Bedford,Delegate,At-Large,Republican,Samuel Funk (Haley),229
Bedford,Delegate,At-Large,Republican,Sandi Figg (Haley),290
Bedford,Delegate,At-Large,Republican,Scott Smith (DeSantis),90
Bedford,Delegate,At-Large,Republican,Sharon B. Anderson (Trump),1559
Bedford,Delegate,At-Large,Republican,Sherri P. Lee (DeSantis),119
Bedford,Delegate,At-Large,Republican,Sondra Morris (DeSantis),118
Bedford,Delegate,At-Large,Republican,Stephanie Nash (Trump),472
Bedford,Delegate,At-Large,Republican,Steven Tyler Giorno (Trump),1635
Bedford,Delegate,At-Large,Republican,Teresa Dix (DeSantis),120
Bedford,Delegate,At-Large,Republican,Terri Nicholson (Trump),357
Bedford,Delegate,At-Large,Republican,Tina Benkiser (DeSantis),108
Bedford,Delegate,At-Large,Republican,Todd R. Cruse (Haley),320
Bedford,Delegate,At-Large,Republican,Zachary Lambert (Trump),525
Bedford,Presidential Preference,NA,Democratic,Joseph R. Biden,337
Bedford,Presidential Preference,NA,Democratic,Uncommitted,26
Bedford,Presidential Preference,NA,Republican,Asa Hutchinson,1
Bedford,Presidential Preference,NA,Republican,Chris Christie,12
Bedford,Presidential Preference,NA,Republican,David Stuckenberg,2
Bedford,Presidential Preference,NA,Republican,Donald J. Trump,3250
Bedford,Presidential Preference,NA,Republican,Nikki Haley,404
Bedford,Presidential Preference,NA,Republican,Ron DeSantis,42
Bedford,Presidential Preference,NA,Republican,Ryan Binkley,4
Bedford,Presidential Preference,NA,Republican,Uncommitted,16
Bedford,Presidential Preference,NA,Republican,Vivek Ramaswamy,5
Benton,Delegate,7,Republican,"Cassandra ""Casey"" Mahoney (DeSantis)",5
Benton,Delegate,7,Republican,Cheryl Brown (Trump),344
Benton,Delegate,7,Republican,Jeffrey L. Eby (DeSantis),10
Benton,Delegate,7,Republican,Mark Moore (Trump),502
Benton,Delegate,7,Republican,Mary Ann Degan (Haley),54
Benton,Delegate,7,Republican,Mary Ann Parks (Trump),296
Benton,Delegate,7,Republican,Mary Littleton (Trump),305
Benton,Delegate,7,Republican,Michelle Foreman (Trump),333
Benton,Delegate,7,Republican,Natalie Pearce (Trump),333
Benton,Delegate,7,Republican,Nina M. Kumar (Haley),61
Benton,Delegate,7,Republican,Patti Carroll (DeSantis),14
Benton,Delegate,7,Republican,Richard Lee (DeSantis),17
Benton,Delegate,7,Republican,Sabi 'Doc' Kumar (Haley),35
Benton,Delegate,7,Republican,Susan Price (Haley),47
Benton,Delegate,8,Republican,Jimmy Harris (DeSantis),2
Benton,Delegate,8,Republican,Johnny Bellis (DeSantis),3
Benton,Delegate,8,Republican,Joseph Coury (Trump),113
Benton,Delegate,8,Republican,Joseph Glenn Butler (Trump),175
Benton,Delegate,8,Republican,Kathryn Bryson (DeSantis),4
Benton,Delegate,8,Republican,Kevin J. Powers (Trump),155
Benton,Delegate,8,Republican,Kimberly Ann Perry (Haley),28
Benton,Delegate,8,Republican,Kimberly Lax (Trump),102
Benton,Delegate,8,Republican,Lauren W. Douglass (Haley),26
Benton,Delegate,8,Republican,Luke Cymbal (DeSantis),4
Benton,Delegate,8,Republican,Missy Marshall (DeSantis),2
Benton,Delegate,8,Republican,Nicholas Perry (Haley),19
Benton,Delegate,8,Republican,Pam Proctor (DeSantis),1
Benton,Delegate,8,Republican,Ron M. Gant (Trump),182
Benton,Delegate,8,Republican,Scott Douglass (Haley),22
Benton,Delegate,8,Republican,Tess Robbins (Trump),115
Benton,Delegate,At-Large,Republican,Abigail Arpin (Trump),567
Benton,Delegate,At-Large,Republican,Archie Pierce (Haley),37
Benton,Delegate,At-Large,Republican,Barbara Boswell (Trump),606
Benton,Delegate,At-Large,Republican,Betsy Funk (Haley),107
Benton,Delegate,At-Large,Republican,Bill Campbell (DeSantis),30
Benton,Delegate,At-Large,Republican,Bill Young (Haley),42
Benton,Delegate,At-Large,Republican,Billy J. Stokes (DeSantis),9
Benton,Delegate,At-Large,Republican,Brad Grantham (DeSantis),22
Benton,Delegate,At-Large,Republican,Calvin Rogers Clayton (Trump),660
Benton,Delegate,At-Large,Republican,Chad Blackburn (Trump),837
Benton,Delegate,At-Large,Republican,Chad Story (DeSantis),8
Benton,Delegate,At-Large,Republican,Charles E. Allen Jr. (DeSantis),44
Benton,Delegate,At-Large,Republican,Charlie Cato (DeSantis),22
Benton,Delegate,At-Large,Republican,Charlotte Myers (Trump),430
Benton,Delegate,At-Large,Republican,Cheryl S. Harvey (Haley),95
Benton,Delegate,At-Large,Republican,Chris Walker (DeSantis),12
Benton,Delegate,At-Large,Republican,Debra Maggart Breske (Haley),109
Benton,Delegate,At-Large,Republican,Dennis H. Beavers (Trump),711
Benton,Delegate,At-Large,Republican,Derrick Calcote (DeSantis),29
Benton,Delegate,At-Large,Republican,Dia Hart (Uncommitted),10
Benton,Delegate,At-Large,Republican,Don Alan Miller (Haley),74
Benton,Delegate,At-Large,Republican,Emily Pearse (Haley),47
Benton,Delegate,At-Large,Republican,Eric Joe Mayo (Haley),79
Benton,Delegate,At-Large,Republican,Forrest B. Hutchinson (DeSantis),28
Benton,Delegate,At-Large,Republican,Gloria A. Giorno (Trump),577
Benton,Delegate,At-Large,Republican,Harrison Vinett (Trump),392
Benton,Delegate,At-Large,Republican,Jaclyn Colbeth (Trump),588
Benton,Delegate,At-Large,Republican,"James C. Phillips, Jr. (Haley)",30
Benton,Delegate,At-Large,Republican,Jane G. Ferrell (Haley),108
Benton,Delegate,At-Large,Republican,Jason Emert (DeSantis),23
Benton,Delegate,At-Large,Republican,John R Roberts (DeSantis),23
Benton,Delegate,At-Large,Republican,John Rose (Trump),571
Benton,Delegate,At-Large,Republican,Jonathan Merkh (Haley),68
Benton,Delegate,At-Large,Republican,Julia Atchley-Pace (Trump),584
Benton,Delegate,At-Large,Republican,Kelly Barger (Trump),654
Benton,Delegate,At-Large,Republican,Kevin Desmond (Haley),99
Benton,Delegate,At-Large,Republican,Layne Provine (DeSantis),8
Benton,Delegate,At-Large,Republican,Lisa Ann Flowers (Uncommitted),98
Benton,Delegate,At-Large,Republican,Lucas Heaton (Trump),483
Benton,Delegate,At-Large,Republican,Marilyn Betz (Trump),534
Benton,Delegate,At-Large,Republican,Marilyn Hutchinson (DeSantis),13
Benton,Delegate,At-Large,Republican,Mary Kate Brown (DeSantis),37
Benton,Delegate,At-Large,Republican,Mason Foley (Haley),91
Benton,Delegate,At-Large,Republican,Max Bonner (Trump),682
Benton,Delegate,At-Large,Republican,Michael Fulbright (Haley),101
Benton,Delegate,At-Large,Republican,Monica Mountain (DeSantis),20
Benton,Delegate,At-Large,Republican,Mya Conrad (Trump),574
Benton,Delegate,At-Large,Republican,Neil Rader (Haley),29
Benton,Delegate,At-Large,Republican,Patricia Woodard (Trump),466
Benton,Delegate,At-Large,Republican,Paul Van Hoesen (Haley),31
Benton,Delegate,At-Large,Republican,Preston George (Haley),91
Benton,Delegate,At-Large,Republican,Rick Williams (Trump),574
Benton,Delegate,At-Large,Republican,Robbyn Maylott (Trump),358
Benton,Delegate,At-Large,Republican,Samuel Funk (Haley),94
Benton,Delegate,At-Large,Republican,Sandi Figg (Haley),105
Benton,Delegate,At-Large,Republican,Scott Smith (DeSantis),19
Benton,Delegate,At-Large,Republican,Sharon B. Anderson (Trump),689
Benton,Delegate,At-Large,Republican,Sherri P. Lee (DeSantis),19
Benton,Delegate,At-Large,Republican,Sondra Morris (DeSantis),18
Benton,Delegate,At-Large,Republican,Stephanie Nash (Trump),464
Benton,Delegate,At-Large,Republican,Steven Tyler Giorno (Trump),694
Benton,Delegate,At-Large,Republican,Teresa Dix (DeSantis),20
Benton,Delegate,At-Large,Republican,Terri Nicholson (Trump),438
Benton,Delegate,At-Large,Republican,Tina Benkiser (DeSantis),31
Benton,Delegate,At-Large,Republican,Todd R. Cruse (Haley),100
Benton,Delegate,At-Large,Republican,Zachary Lambert (Trump),546
Benton,Presidential Preference,NA,Democratic,Joseph R. Biden,139
Benton,Presidential Preference,NA,Democratic,Uncommitted,10
Benton,Presidential Preference,NA,Republican,Asa Hutchinson,2
Benton,Presidential Preference,NA,Republican,Chris Christie,1
Benton,Presidential Preference,NA,Republican,David Stuckenberg,0
Benton,Presidential Preference,NA,Republican,Donald J. Trump,1560
Benton,Presidential Preference,NA,Republican,Nikki Haley,151
Benton,Presidential Preference,NA,Republican,Ron DeSantis,11
Benton,Presidential Preference,NA,Republican,Ryan Binkley,1
Benton,Presidential Preference,NA,Republican,Uncommitted,2
Benton,Presidential Preference,NA,Republican,Vivek Ramaswamy,2
Bledsoe,Delegate,4,Republican,Andrew Joseph Kingsolver (Haley),54
Bledsoe,Delegate,4,Republican,Ashley S. Moore (DeSantis),55
Bledsoe,Delegate,4,Republican,Caleb Tidwell (DeSantis),42
Bledsoe,Delegate,4,Republican,Claudia Coco (Trump),281
Bledsoe,Delegate,4,Republican,Clay Doggett (Trump),406
Bledsoe,Delegate,4,Republican,Iva Michelle Russell (Trump),284
Bledsoe,Delegate,4,Republican,James S. Kennedy (Haley),44
Bledsoe,Delegate,4,Republican,Jeffrey W. Dillard (Trump),576
Bledsoe,Delegate,4,Republican,Katherine Hudgins (DeSantis),66
Bledsoe,Delegate,4,Republican,Kip Capley (Trump),263
Bledsoe,Delegate,4,Republican,Lucas Hutchinson (DeSantis),74
Bledsoe,Delegate,4,Republican,Lynne Davis (Trump),487
Bledsoe,Delegate,4,Republican,Matt Herriman (DeSantis),89
Bledsoe,Delegate,4,Republican,Myra Simons (DeSantis),28
Bledsoe,Delegate,4,Republican,Rhonda R Page (Haley),53
Bledsoe,Delegate,4,Republican,Susan Lightner Harris (Haley),45
Bledsoe,Delegate,4,Republican,Teresa (Terrie) Kirby (Haley),57
Bledsoe,Delegate,At-Large,Republican,Abigail Arpin (Trump),485
Bledsoe,Delegate,At-Large,Republican,Archie Pierce (Haley),15
Bledsoe,Delegate,At-Large,Republican,Barbara Boswell (Trump),595
Bledsoe,Delegate,At-Large,Republican,Betsy Funk (Haley),84
Bledsoe,Delegate,At-Large,Republican,Bill Campbell (DeSantis),111
Bledsoe,Delegate,At-Large,Republican,Bill Young (Haley),20
Bledsoe,Delegate,At-Large,Republican,Billy J. Stokes (DeSantis),27
Bledsoe,Delegate,At-Large,Republican,Brad Grantham (DeSantis),70
Bledsoe,Delegate,At-Large,Republican,Calvin Rogers Clayton (Trump),639
Bledsoe,Delegate,At-Large,Republican,Chad Blackburn (Trump),691
Bledsoe,Delegate,At-Large,Republican,Chad Story (DeSantis),21
Bledsoe,Delegate,At-Large,Republican,Charles E. Allen Jr. (DeSantis),109
Bledsoe,Delegate,At-Large,Republican,Charlie Cato (DeSantis),85
Bledsoe,Delegate,At-Large,Republican,Charlotte Myers (Trump),178
Bledsoe,Delegate,At-Large,Republican,Cheryl S. Harvey (Haley),79
Bledsoe,Delegate,At-Large,Republican,Chris Walker (DeSantis),28
Bledsoe,Delegate,At-Large,Republican,Debra Maggart Breske (Haley),75
Bledsoe,Delegate,At-Large,Republican,Dennis H. Beavers (Trump),640
Bledsoe,Delegate,At-Large,Republican,Derrick Calcote (DeSantis),82
Bledsoe,Delegate,At-Large,Republican,Dia Hart (Uncommitted),8
Bledsoe,Delegate,At-Large,Republican,Don Alan Miller (Haley),58
Bledsoe,Delegate,At-Large,Republican,Emily Pearse (Haley),46
Bledsoe,Delegate,At-Large,Republican,Eric Joe Mayo (Haley),69
Bledsoe,Delegate,At-Large,Republican,Forrest B. Hutchinson (DeSantis),66
Bledsoe,Delegate,At-Large,Republican,Gloria A. Giorno (Trump),598
Bledsoe,Delegate,At-Large,Republican,Harrison Vinett (Trump),127
Bledsoe,Delegate,At-Large,Republican,Jaclyn Colbeth (Trump),602
Bledsoe,Delegate,At-Large,Republican,"James C. Phillips, Jr. (Haley)",22
Bledsoe,Delegate,At-Large,Republican,Jane G. Ferrell (Haley),94
Bledsoe,Delegate,At-Large,Republican,Jason Emert (DeSantis),66
Bledsoe,Delegate,At-Large,Republican,John R Roberts (DeSantis),38
Bledsoe,Delegate,At-Large,Republican,John Rose (Trump),209
Bledsoe,Delegate,At-Large,Republican,Jonathan Merkh (Haley),65
Bledsoe,Delegate,At-Large,Republican,Julia Atchley-Pace (Trump),576
Bledsoe,Delegate,At-Large,Republican,Kelly Barger (Trump),631
Bledsoe,Delegate,At-Large,Republican,Kevin Desmond (Haley),80
Bledsoe,Delegate,At-Large,Republican,Layne Provine (DeSantis),30
Bledsoe,Delegate,At-Large,Republican,Lisa Ann Flowers (Uncommitted),15
Bledsoe,Delegate,At-Large,Republican,Lucas Heaton (Trump),301
Bledsoe,Delegate,At-Large,Republican,Marilyn Betz (Trump),595
Bledsoe,Delegate,At-Large,Republican,Marilyn Hutchinson (DeSantis),74
Bledsoe,Delegate,At-Large,Republican,Mary Kate Brown (DeSantis),105
Bledsoe,Delegate,At-Large,Republican,Mason Foley (Haley),75
Bledsoe,Delegate,At-Large,Republican,Max Bonner (Trump),651
Bledsoe,Delegate,At-Large,Republican,Michael Fulbright (Haley),80
Bledsoe,Delegate,At-Large,Republican,Monica Mountain (DeSantis),49
Bledsoe,Delegate,At-Large,Republican,Mya Conrad (Trump),591
Bledsoe,Delegate,At-Large,Republican,Neil Rader (Haley),18
Bledsoe,Delegate,At-Large,Republican,Patricia Woodard (Trump),120
Bledsoe,Delegate,At-Large,Republican,Paul Van Hoesen (Haley),16
Bledsoe,Delegate,At-Large,Republican,Preston George (Haley),82
Bledsoe,Delegate,At-Large,Republican,Rick Williams (Trump),163
Bledsoe,Delegate,At-Large,Republican,Robbyn Maylott (Trump),151
Bledsoe,Delegate,At-Large,Republican,Samuel Funk (Haley),77
Bledsoe,Delegate,At-Large,Republican,Sandi Figg (Haley),79
Bledsoe,Delegate,At-Large,Republican,Scott Smith (DeSantis),42
Bledsoe,Delegate,At-Large,Republican,Sharon B. Anderson (Trump),462
Bledsoe,Delegate,At-Large,Republican,Sherri P. Lee (DeSantis),69
Bledsoe,Delegate,At-Large,Republican,Sondra Morris (DeSantis),58
Bledsoe,Delegate,At-Large,Republican,Stephanie Nash (Trump),191
Bledsoe,Delegate,At-Large,Republican,Steven Tyler Giorno (Trump),605
Bledsoe,Delegate,At-Large,Republican,Teresa Dix (DeSantis),76
Bledsoe,Delegate,At-Large,Republican,Terri Nicholson (Trump),167
Bledsoe,Delegate,At-Large,Republican,Tina Benkiser (DeSantis),78
Bledsoe,Delegate,At-Large,Republican,Todd R. Cruse (Haley),81
Bledsoe,Delegate,At-Large,Republican,Zachary Lambert (Trump),253
Bledsoe,Presidential Preference,NA,Democratic,Joseph R. Biden,141
Bledsoe,Presidential Preference,NA,Democratic,Uncommitted,15
Bledsoe,Presidential Preference,NA,Republican,Asa Hutchinson,0
Bledsoe,Presidential Preference,NA,Republican,Chris Christie,2
Bledsoe,Presidential Preference,NA,Republican,David Stuckenberg,1
Bledsoe,Presidential Preference,NA,Republican,Donald J. Trump,1597
Bledsoe,Presidential Preference,NA,Republican,Nikki Haley,146
Bledsoe,Presidential Preference,NA,Republican,Ron DeSantis,14
Bledsoe,Presidential Preference,NA,Republican,Ryan Binkley,2
Bledsoe,Presidential Preference,NA,Republican,Uncommitted,5
Bledsoe,Presidential Preference,NA,Republican,Vivek Ramaswamy,2
Blount,Delegate,2,Republican,Brian R Hornback (Haley),1105
Blount,Delegate,2,Republican,Chris Kinney (DeSantis),589
Blount,Delegate,2,Republican,Cindy Hatcher (DeSantis),724
Blount,Delegate,2,Republican,Deborah Bailey (Trump),2213
Blount,Delegate,2,Republican,Derrick Hatcher (Haley),1469
Blount,Delegate,2,Republican,Douglas S. Ford (DeSantis),725
Blount,Delegate,2,Republican,Elizabeth Wellington (Haley),1240
Blount,Delegate,2,Republican,Eric R Forrestall (Haley),1235
Blount,Delegate,2,Republican,Glenn Jacobs (Trump),5530
Blount,Delegate,2,Republican,Jason Zachary (DeSantis),484
Blount,Delegate,2,Republican,"John J. Duncan, Jr. (Trump)",5996
Blount,Delegate,2,Republican,Michele Carringer (Trump),2243
Blount,Delegate,2,Republican,Mindy M. Coulter (Haley),1717
Blount,Delegate,2,Republican,Nicholas J. Nugent (Haley),780
Blount,Delegate,2,Republican,Patricia Mills (Trump),2067
Blount,Delegate,2,Republican,Susan Richardson Williams (DeSantis),409
Blount,Delegate,2,Republican,Tim Hutchison (Trump),6157
Blount,Delegate,At-Large,Republican,Abigail Arpin (Trump),4823
Blount,Delegate,At-Large,Republican,Archie Pierce (Haley),522
Blount,Delegate,At-Large,Republican,Barbara Boswell (Trump),6004
Blount,Delegate,At-Large,Republican,Betsy Funk (Haley),2321
Blount,Delegate,At-Large,Republican,Bill Campbell (DeSantis),942
Blount,Delegate,At-Large,Republican,Bill Young (Haley),577
Blount,Delegate,At-Large,Republican,Billy J. Stokes (DeSantis),303
Blount,Delegate,At-Large,Republican,Brad Grantham (DeSantis),634
Blount,Delegate,At-Large,Republican,Calvin Rogers Clayton (Trump),6488
Blount,Delegate,At-Large,Republican,Chad Blackburn (Trump),7156
Blount,Delegate,At-Large,Republican,Chad Story (DeSantis),254
Blount,Delegate,At-Large,Republican,Charles E. Allen Jr. (DeSantis),957
Blount,Delegate,At-Large,Republican,Charlie Cato (DeSantis),706
Blount,Delegate,At-Large,Republican,Charlotte Myers (Trump),2112
Blount,Delegate,At-Large,Republican,Cheryl S. Harvey (Haley),2218
Blount,Delegate,At-Large,Republican,Chris Walker (DeSantis),277
Blount,Delegate,At-Large,Republican,Debra Maggart Breske (Haley),1696
Blount,Delegate,At-Large,Republican,Dennis H. Beavers (Trump),6601
Blount,Delegate,At-Large,Republican,Derrick Calcote (DeSantis),675
Blount,Delegate,At-Large,Republican,Dia Hart (Uncommitted),136
Blount,Delegate,At-Large,Republican,Don Alan Miller (Haley),1903
Blount,Delegate,At-Large,Republican,Emily Pearse (Haley),1418
Blount,Delegate,At-Large,Republican,Eric Joe Mayo (Haley),2045
Blount,Delegate,At-Large,Republican,Forrest B. Hutchinson (DeSantis),666
Blount,Delegate,At-Large,Republican,Gloria A. Giorno (Trump),5972
Blount,Delegate,At-Large,Republican,Harrison Vinett (Trump),1616
Blount,Delegate,At-Large,Republican,Jaclyn Colbeth (Trump),5976
Blount,Delegate,At-Large,Republican,"James C. Phillips, Jr. (Haley)",791
Blount,Delegate,At-Large,Republican,Jane G. Ferrell (Haley),2308
Blount,Delegate,At-Large,Republican,Jason Emert (DeSantis),763
Blount,Delegate,At-Large,Republican,John R Roberts (DeSantis),393
Blount,Delegate,At-Large,Republican,John Rose (Trump),2302
Blount,Delegate,At-Large,Republican,Jonathan Merkh (Haley),2019
Blount,Delegate,At-Large,Republican,Julia Atchley-Pace (Trump),5864
Blount,Delegate,At-Large,Republican,Kelly Barger (Trump),6223
Blount,Delegate,At-Large,Republican,Kevin Desmond (Haley),2186
Blount,Delegate,At-Large,Republican,Layne Provine (DeSantis),244
Blount,Delegate,At-Large,Republican,Lisa Ann Flowers (Uncommitted),252
Blount,Delegate,At-Large,Republican,Lucas Heaton (Trump),3383
Blount,Delegate,At-Large,Republican,Marilyn Betz (Trump),6043
Blount,Delegate,At-Large,Republican,Marilyn Hutchinson (DeSantis),660
Blount,Delegate,At-Large,Republican,Mary Kate Brown (DeSantis),833
Blount,Delegate,At-Large,Republican,Mason Foley (Haley),2191
Blount,Delegate,At-Large,Republican,Max Bonner (Trump),6548
Blount,Delegate,At-Large,Republican,Michael Fulbright (Haley),2248
Blount,Delegate,At-Large,Republican,Monica Mountain (DeSantis),460
Blount,Delegate,At-Large,Republican,Mya Conrad (Trump),5915
Blount,Delegate,At-Large,Republican,Neil Rader (Haley),510
Blount,Delegate,At-Large,Republican,Patricia Woodard (Trump),1617
Blount,Delegate,At-Large,Republican,Paul Van Hoesen (Haley),438
Blount,Delegate,At-Large,Republican,Preston George (Haley),2258
Blount,Delegate,At-Large,Republican,Rick Williams (Trump),2198
Blount,Delegate,At-Large,Republican,Robbyn Maylott (Trump),1743
Blount,Delegate,At-Large,Republican,Samuel Funk (Haley),2202
Blount,Delegate,At-Large,Republican,Sandi Figg (Haley),2228
Blount,Delegate,At-Large,Republican,Scott Smith (DeSantis),367
Blount,Delegate,At-Large,Republican,Sharon B. Anderson (Trump),4672
Blount,Delegate,At-Large,Republican,Sherri P. Lee (DeSantis),595
Blount,Delegate,At-Large,Republican,Sondra Morris (DeSantis),471
Blount,Delegate,At-Large,Republican,Stephanie Nash (Trump),2111
Blount,Delegate,At-Large,Republican,Steven Tyler Giorno (Trump),6286
Blount,Delegate,At-Large,Republican,Teresa Dix (DeSantis),656
Blount,Delegate,At-Large,Republican,Terri Nicholson (Trump),2095
Blount,Delegate,At-Large,Republican,Tina Benkiser (DeSantis),654
Blount,Delegate,At-Large,Republican,Todd R. Cruse (Haley),2030
Blount,Delegate,At-Large,Republican,Zachary Lambert (Trump),3188
Blount,Presidential Preference,NA,Democratic,Joseph R. Biden,1620
Blount,Presidential Preference,NA,Democratic,Uncommitted,119
Blount,Presidential Preference,NA,Republican,Asa Hutchinson,15
Blount,Presidential Preference,NA,Republican,Chris Christie,57
Blount,Presidential Preference,NA,Republican,David Stuckenberg,8
Blount,Presidential Preference,NA,Republican,Donald J. Trump,12239
Blount,Presidential Preference,NA,Republican,Nikki Haley,3294
Blount,Presidential Preference,NA,Republican,Ron DeSantis,281
Blount,Presidential Preference,NA,Republican,Ryan Binkley,17
Blount,Presidential Preference,NA,Republican,Uncommitted,79
Blount,Presidential Preference,NA,Republican,Vivek Ramaswamy,44
Bradley,Delegate,3,Republican,Ann Ayers-Colvin (Trump),5966
Bradley,Delegate,3,Republican,Brenda Fleischmann (Trump),4647
Bradley,Delegate,3,Republican,Bruce Bradford (Haley),986
Bradley,Delegate,3,Republican,Chuck Fleischmann (Trump),6893
Bradley,Delegate,3,Republican,Dalton Temple (Trump),1547
Bradley,Delegate,3,Republican,David Queen (DeSantis),172
Bradley,Delegate,3,Republican,Dustin Summers (Haley),772
Bradley,Delegate,3,Republican,Emily Goldberg (DeSantis),265
Bradley,Delegate,3,Republican,George Gray (DeSantis),455
Bradley,Delegate,3,Republican,John Samuel Stanbery (DeSantis),626
Bradley,Delegate,3,Republican,Jonathan Malloch (Haley),746
Bradley,Delegate,3,Republican,Ken Meyer (DeSantis),276
Bradley,Delegate,3,Republican,Lawrence O. Grohn (Uncommited),104
Bradley,Delegate,3,Republican,Marsha Yessick (Trump),1461
Bradley,Delegate,3,Republican,Rebecca Denise Cope English (DeSantis),228
Bradley,Delegate,3,Republican,Rhonda Champion (Haley),1246
Bradley,Delegate,3,Republican,Teresa Lorraine Davanzo (Haley),1321
Bradley,Delegate,3,Republican,William 'Bill' Crawford (Uncommited),432
Bradley,Delegate,3,Republican,William Andrew Guffee (Trump),1947
Bradley,Delegate,At-Large,Republican,Abigail Arpin (Trump),5243
Bradley,Delegate,At-Large,Republican,Archie Pierce (Haley),258
Bradley,Delegate,At-Large,Republican,Barbara Boswell (Trump),5729
Bradley,Delegate,At-Large,Republican,Betsy Funk (Haley),1472
Bradley,Delegate,At-Large,Republican,Bill Campbell (DeSantis),757
Bradley,Delegate,At-Large,Republican,Bill Young (Haley),307
Bradley,Delegate,At-Large,Republican,Billy J. Stokes (DeSantis),420
Bradley,Delegate,At-Large,Republican,Brad Grantham (DeSantis),592
Bradley,Delegate,At-Large,Republican,Calvin Rogers Clayton (Trump),5943
Bradley,Delegate,At-Large,Republican,Chad Blackburn (Trump),6440
Bradley,Delegate,At-Large,Republican,Chad Story (DeSantis),363
Bradley,Delegate,At-Large,Republican,Charles E. Allen Jr. (DeSantis),779
Bradley,Delegate,At-Large,Republican,Charlie Cato (DeSantis),527
Bradley,Delegate,At-Large,Republican,Charlotte Myers (Trump),1430
Bradley,Delegate,At-Large,Republican,Cheryl S. Harvey (Haley),1480
Bradley,Delegate,At-Large,Republican,Chris Walker (DeSantis),456
Bradley,Delegate,At-Large,Republican,Debra Maggart Breske (Haley),1740
Bradley,Delegate,At-Large,Republican,Dennis H. Beavers (Trump),6045
Bradley,Delegate,At-Large,Republican,Derrick Calcote (DeSantis),492
Bradley,Delegate,At-Large,Republican,Dia Hart (Uncommitted),89
Bradley,Delegate,At-Large,Republican,Don Alan Miller (Haley),1299
Bradley,Delegate,At-Large,Republican,Emily Pearse (Haley),520
Bradley,Delegate,At-Large,Republican,Eric Joe Mayo (Haley),1413
Bradley,Delegate,At-Large,Republican,Forrest B. Hutchinson (DeSantis),664
Bradley,Delegate,At-Large,Republican,Gloria A. Giorno (Trump),5614
Bradley,Delegate,At-Large,Republican,Harrison Vinett (Trump),1005
Bradley,Delegate,At-Large,Republican,Jaclyn Colbeth (Trump),5728
Bradley,Delegate,At-Large,Republican,"James C. Phillips, Jr. (Haley)",287
Bradley,Delegate,At-Large,Republican,Jane G. Ferrell (Haley),1794
Bradley,Delegate,At-Large,Republican,Jason Emert (DeSantis),556
Bradley,Delegate,At-Large,Republican,John R Roberts (DeSantis),469
Bradley,Delegate,At-Large,Republican,John Rose (Trump),1626
Bradley,Delegate,At-Large,Republican,Jonathan Merkh (Haley),1366
Bradley,Delegate,At-Large,Republican,Julia Atchley-Pace (Trump),5661
Bradley,Delegate,At-Large,Republican,Kelly Barger (Trump),5813
Bradley,Delegate,At-Large,Republican,Kevin Desmond (Haley),1789
Bradley,Delegate,At-Large,Republican,Layne Provine (DeSantis),338
Bradley,Delegate,At-Large,Republican,Lisa Ann Flowers (Uncommitted),268
Bradley,Delegate,At-Large,Republican,Lucas Heaton (Trump),2693
Bradley,Delegate,At-Large,Republican,Marilyn Betz (Trump),5333
Bradley,Delegate,At-Large,Republican,Marilyn Hutchinson (DeSantis),701
Bradley,Delegate,At-Large,Republican,Mary Kate Brown (DeSantis),666
Bradley,Delegate,At-Large,Republican,Mason Foley (Haley),1467
Bradley,Delegate,At-Large,Republican,Max Bonner (Trump),5854
Bradley,Delegate,At-Large,Republican,Michael Fulbright (Haley),1473
Bradley,Delegate,At-Large,Republican,Monica Mountain (DeSantis),547
Bradley,Delegate,At-Large,Republican,Mya Conrad (Trump),5486
Bradley,Delegate,At-Large,Republican,Neil Rader (Haley),265
Bradley,Delegate,At-Large,Republican,Patricia Woodard (Trump),1302
Bradley,Delegate,At-Large,Republican,Paul Van Hoesen (Haley),236
Bradley,Delegate,At-Large,Republican,Preston George (Haley),1436
Bradley,Delegate,At-Large,Republican,Rick Williams (Trump),1549
Bradley,Delegate,At-Large,Republican,Robbyn Maylott (Trump),938
Bradley,Delegate,At-Large,Republican,Samuel Funk (Haley),1396
Bradley,Delegate,At-Large,Republican,Sandi Figg (Haley),1774
Bradley,Delegate,At-Large,Republican,Scott Smith (DeSantis),474
Bradley,Delegate,At-Large,Republican,Sharon B. Anderson (Trump),5554
Bradley,Delegate,At-Large,Republican,Sherri P. Lee (DeSantis),634
Bradley,Delegate,At-Large,Republican,Sondra Morris (DeSantis),594
Bradley,Delegate,At-Large,Republican,Stephanie Nash (Trump),1442
Bradley,Delegate,At-Large,Republican,Steven Tyler Giorno (Trump),5728
Bradley,Delegate,At-Large,Republican,Teresa Dix (DeSantis),569
Bradley,Delegate,At-Large,Republican,Terri Nicholson (Trump),1289
Bradley,Delegate,At-Large,Republican,Tina Benkiser (DeSantis),510
Bradley,Delegate,At-Large,Republican,Todd R. Cruse (Haley),1804
Bradley,Delegate,At-Large,Republican,Zachary Lambert (Trump),2019
Bradley,District Attorney General,10 (unexpired term),Democratic,No Candidate Qualified,0
Bradley,District Attorney General,10 (unexpired term),Republican,Jeff Miller,3843
Bradley,District Attorney General,10 (unexpired term),Republican,Shari Tayloe,4815
Bradley,District Attorney General,10 (unexpired term),Republican,Stephen Hatchett,3316
Bradley,Presidential Preference,NA,Democratic,Joseph R. Biden,670
Bradley,Presidential Preference,NA,Democratic,Uncommitted,68
Bradley,Presidential Preference,NA,Republican,Asa Hutchinson,9
Bradley,Presidential Preference,NA,Republican,Chris Christie,43
Bradley,Presidential Preference,NA,Republican,David Stuckenberg,11
Bradley,Presidential Preference,NA,Republican,Donald J. Trump,10068
Bradley,Presidential Preference,NA,Republican,Nikki Haley,2050
Bradley,Presidential Preference,NA,Republican,Ron DeSantis,188
Bradley,Presidential Preference,NA,Republican,Ryan Binkley,32
Bradley,Presidential Preference,NA,Republican,Uncommitted,108
Bradley,Presidential Preference,NA,Republican,Vivek Ramaswamy,35
Campbell,Delegate,2,Republican,Brian R Hornback (Haley),41
Campbell,Delegate,2,Republican,Chris Kinney (DeSantis),40
Campbell,Delegate,2,Republican,Cindy Hatcher (DeSantis),37
Campbell,Delegate,2,Republican,Deborah Bailey (Trump),232
Campbell,Delegate,2,Republican,Derrick Hatcher (Haley),58
Campbell,Delegate,2,Republican,Douglas S. Ford (DeSantis),60
Campbell,Delegate,2,Republican,Elizabeth Wellington (Haley),50
Campbell,Delegate,2,Republican,Eric R Forrestall (Haley),47
Campbell,Delegate,2,Republican,Glenn Jacobs (Trump),542
Campbell,Delegate,2,Republican,Jason Zachary (DeSantis),53
Campbell,Delegate,2,Republican,"John J. Duncan, Jr. (Trump)",532
Campbell,Delegate,2,Republican,Michele Carringer (Trump),228
Campbell,Delegate,2,Republican,Mindy M. Coulter (Haley),78
Campbell,Delegate,2,Republican,Nicholas J. Nugent (Haley),37
Campbell,Delegate,2,Republican,Patricia Mills (Trump),226
Campbell,Delegate,2,Republican,Susan Richardson Williams (DeSantis),40
Campbell,Delegate,2,Republican,Tim Hutchison (Trump),591
Campbell,Delegate,3,Republican,Ann Ayers-Colvin (Trump),399
Campbell,Delegate,3,Republican,Brenda Fleischmann (Trump),400
Campbell,Delegate,3,Republican,Bruce Bradford (Haley),34
Campbell,Delegate,3,Republican,Chuck Fleischmann (Trump),623
Campbell,Delegate,3,Republican,Dalton Temple (Trump),281
Campbell,Delegate,3,Republican,David Queen (DeSantis),25
Campbell,Delegate,3,Republican,Dustin Summers (Haley),27
Campbell,Delegate,3,Republican,Emily Goldberg (DeSantis),35
Campbell,Delegate,3,Republican,George Gray (DeSantis),37
Campbell,Delegate,3,Republican,John Samuel Stanbery (DeSantis),21
Campbell,Delegate,3,Republican,Jonathan Malloch (Haley),25
Campbell,Delegate,3,Republican,Ken Meyer (DeSantis),33
Campbell,Delegate,3,Republican,Lawrence O. Grohn (Uncommited),8
Campbell,Delegate,3,Republican,Marsha Yessick (Trump),161
Campbell,Delegate,3,Republican,Rebecca Denise Cope English (DeSantis),32
Campbell,Delegate,3,Republican,Rhonda Champion (Haley),47
Campbell,Delegate,3,Republican,Teresa Lorraine Davanzo (Haley),54
Campbell,Delegate,3,Republican,William 'Bill' Crawford (Uncommited),23
Campbell,Delegate,3,Republican,William Andrew Guffee (Trump),311
Campbell,Delegate,At-Large,Republican,Abigail Arpin (Trump),840
Campbell,Delegate,At-Large,Republican,Archie Pierce (Haley),37
Campbell,Delegate,At-Large,Republican,Barbara Boswell (Trump),1086
Campbell,Delegate,At-Large,Republican,Betsy Funk (Haley),150
Campbell,Delegate,At-Large,Republican,Bill Campbell (DeSantis),168
Campbell,Delegate,At-Large,Republican,Bill Young (Haley),35
Campbell,Delegate,At-Large,Republican,Billy J. Stokes (DeSantis),38
Campbell,Delegate,At-Large,Republican,Brad Grantham (DeSantis),87
Campbell,Delegate,At-Large,Republican,Calvin Rogers Clayton (Trump),1127
Campbell,Delegate,At-Large,Republican,Chad Blackburn (Trump),1293
Campbell,Delegate,At-Large,Republican,Chad Story (DeSantis),23
Campbell,Delegate,At-Large,Republican,Charles E. Allen Jr. (DeSantis),146
Campbell,Delegate,At-Large,Republican,Charlie Cato (DeSantis),103
Campbell,Delegate,At-Large,Republican,Charlotte Myers (Trump),381
Campbell,Delegate,At-Large,Republican,Cheryl S. Harvey (Haley),141
Campbell,Delegate,At-Large,Republican,Chris Walker (DeSantis),32
Campbell,Delegate,At-Large,Republican,Debra Maggart Breske (Haley),121
Campbell,Delegate,At-Large,Republican,Dennis H. Beavers (Trump),1147
Campbell,Delegate,At-Large,Republican,Derrick Calcote (DeSantis),117
Campbell,Delegate,At-Large,Republican,Dia Hart (Uncommitted),18
Campbell,Delegate,At-Large,Republican,Don Alan Miller (Haley),120
Campbell,Delegate,At-Large,Republican,Emily Pearse (Haley),84
Campbell,Delegate,At-Large,Republican,Eric Joe Mayo (Haley),123
Campbell,Delegate,At-Large,Republican,Forrest B. Hutchinson (DeSantis),92
Campbell,Delegate,At-Large,Republican,Gloria A. Giorno (Trump),1059
Campbell,Delegate,At-Large,Republican,Harrison Vinett (Trump),284
Campbell,Delegate,At-Large,Republican,Jaclyn Colbeth (Trump),1059
Campbell,Delegate,At-Large,Republican,"James C. Phillips, Jr. (Haley)",48
Campbell,Delegate,At-Large,Republican,Jane G. Ferrell (Haley),151
Campbell,Delegate,At-Large,Republican,Jason Emert (DeSantis),90
Campbell,Delegate,At-Large,Republican,John R Roberts (DeSantis),55
Campbell,Delegate,At-Large,Republican,John Rose (Trump),437
Campbell,Delegate,At-Large,Republican,Jonathan Merkh (Haley),119
Campbell,Delegate,At-Large,Republican,Julia Atchley-Pace (Trump),974
Campbell,Delegate,At-Large,Republican,Kelly Barger (Trump),1107
Campbell,Delegate,At-Large,Republican,Kevin Desmond (Haley),153
Campbell,Delegate,At-Large,Republican,Layne Provine (DeSantis),39
Campbell,Delegate,At-Large,Republican,Lisa Ann Flowers (Uncommitted),38
Campbell,Delegate,At-Large,Republican,Lucas Heaton (Trump),590
Campbell,Delegate,At-Large,Republican,Marilyn Betz (Trump),1054
Campbell,Delegate,At-Large,Republican,Marilyn Hutchinson (DeSantis),85
Campbell,Delegate,At-Large,Republican,Mary Kate Brown (DeSantis),117
Campbell,Delegate,At-Large,Republican,Mason Foley (Haley),137
Campbell,Delegate,At-Large,Republican,Max Bonner (Trump),1137
Campbell,Delegate,At-Large,Republican,Michael Fulbright (Haley),142
Campbell,Delegate,At-Large,Republican,Monica Mountain (DeSantis),72
Campbell,Delegate,At-Large,Republican,Mya Conrad (Trump),1022
Campbell,Delegate,At-Large,Republican,Neil Rader (Haley),31
Campbell,Delegate,At-Large,Republican,Patricia Woodard (Trump),288
Campbell,Delegate,At-Large,Republican,Paul Van Hoesen (Haley),24
Campbell,Delegate,At-Large,Republican,Preston George (Haley),147
Campbell,Delegate,At-Large,Republican,Rick Williams (Trump),383
Campbell,Delegate,At-Large,Republican,Robbyn Maylott (Trump),330
Campbell,Delegate,At-Large,Republican,Samuel Funk (Haley),144
Campbell,Delegate,At-Large,Republican,Sandi Figg (Haley),144
Campbell,Delegate,At-Large,Republican,Scott Smith (DeSantis),45
Campbell,Delegate,At-Large,Republican,Sharon B. Anderson (Trump),826
Campbell,Delegate,At-Large,Republican,Sherri P. Lee (DeSantis),87
Campbell,Delegate,At-Large,Republican,Sondra Morris (DeSantis),71
Campbell,Delegate,At-Large,Republican,Stephanie Nash (Trump),382
Campbell,Delegate,At-Large,Republican,Steven Tyler Giorno (Trump),1100
Campbell,Delegate,At-Large,Republican,Teresa Dix (DeSantis),99
Campbell,Delegate,At-Large,Republican,Terri Nicholson (Trump),344
Campbell,Delegate,At-Large,Republican,Tina Benkiser (DeSantis),115
Campbell,Delegate,At-Large,Republican,Todd R. Cruse (Haley),141
Campbell,Delegate,At-Large,Republican,Zachary Lambert (Trump),560
Campbell,Presidential Preference,NA,Democratic,Joseph R. Biden,168
Campbell,Presidential Preference,NA,Democratic,Uncommitted,20
Campbell,Presidential Preference,NA,Republican,Asa Hutchinson,1
Campbell,Presidential Preference,NA,Republican,Chris Christie,4
Campbell,Presidential Preference,NA,Republican,David Stuckenberg,0
Campbell,Presidential Preference,NA,Republican,Donald J. Trump,2668
Campbell,Presidential Preference,NA,Republican,Nikki Haley,253
Campbell,Presidential Preference,NA,Republican,Ron DeSantis,19
Campbell,Presidential Preference,NA,Republican,Ryan Binkley,2
Campbell,Presidential Preference,NA,Republican,Uncommitted,6
Campbell,Presidential Preference,NA,Republican,Vivek Ramaswamy,2
Cannon,Delegate,6,Republican,Brock Hill (DeSantis),12
Cannon,Delegate,6,Republican,Chelsea Rose (Trump),416
Cannon,Delegate,6,Republican,Craig Clark (Trump),554
Cannon,Delegate,6,Republican,Garrett T Floyd (Trump),450
Cannon,Delegate,6,Republican,Jeff Coker (Haley),71
Cannon,Delegate,6,Republican,Kelly Keisling (Trump),289
Cannon,Delegate,6,Republican,Kristy Freewalt (Haley),93
Cannon,Delegate,6,Republican,Laura Baigert (Trump),399
Cannon,Delegate,6,Republican,Luke Tinsley (DeSantis),6
Cannon,Delegate,6,Republican,Mary Andersen (DeSantis),9
Cannon,Delegate,6,Republican,Mike Callahan (Trump),611
Cannon,Delegate,6,Republican,Nicholas Ivey (Haley),47
Cannon,Delegate,6,Republican,Paige Brown (DeSantis),11
Cannon,Delegate,6,Republican,Randy Stamps (Haley),29
Cannon,Delegate,6,Republican,Richard Murphy (DeSantis),8
Cannon,Delegate,6,Republican,Stanley Bertch (Haley),46
Cannon,Delegate,At-Large,Republican,Abigail Arpin (Trump),674
Cannon,Delegate,At-Large,Republican,Archie Pierce (Haley),15
Cannon,Delegate,At-Large,Republican,Barbara Boswell (Trump),738
Cannon,Delegate,At-Large,Republican,Betsy Funk (Haley),92
Cannon,Delegate,At-Large,Republican,Bill Campbell (DeSantis),26
Cannon,Delegate,At-Large,Republican,Bill Young (Haley),16
Cannon,Delegate,At-Large,Republican,Billy J. Stokes (DeSantis),20
Cannon,Delegate,At-Large,Republican,Brad Grantham (DeSantis),22
Cannon,Delegate,At-Large,Republican,Calvin Rogers Clayton (Trump),761
Cannon,Delegate,At-Large,Republican,Chad Blackburn (Trump),865
Cannon,Delegate,At-Large,Republican,Chad Story (DeSantis),23
Cannon,Delegate,At-Large,Republican,Charles E. Allen Jr. (DeSantis),35
Cannon,Delegate,At-Large,Republican,Charlie Cato (DeSantis),19
Cannon,Delegate,At-Large,Republican,Charlotte Myers (Trump),177
Cannon,Delegate,At-Large,Republican,Cheryl S. Harvey (Haley),92
Cannon,Delegate,At-Large,Republican,Chris Walker (DeSantis),27
Cannon,Delegate,At-Large,Republican,Debra Maggart Breske (Haley),96
Cannon,Delegate,At-Large,Republican,Dennis H. Beavers (Trump),780
Cannon,Delegate,At-Large,Republican,Derrick Calcote (DeSantis),20
Cannon,Delegate,At-Large,Republican,Dia Hart (Uncommitted),5
Cannon,Delegate,At-Large,Republican,Don Alan Miller (Haley),68
Cannon,Delegate,At-Large,Republican,Emily Pearse (Haley),39
Cannon,Delegate,At-Large,Republican,Eric Joe Mayo (Haley),85
Cannon,Delegate,At-Large,Republican,Forrest B. Hutchinson (DeSantis),24
Cannon,Delegate,At-Large,Republican,Gloria A. Giorno (Trump),739
Cannon,Delegate,At-Large,Republican,Harrison Vinett (Trump),143
Cannon,Delegate,At-Large,Republican,Jaclyn Colbeth (Trump),743
Cannon,Delegate,At-Large,Republican,"James C. Phillips, Jr. (Haley)",13
Cannon,Delegate,At-Large,Republican,Jane G. Ferrell (Haley),102
Cannon,Delegate,At-Large,Republican,Jason Emert (DeSantis),20
Cannon,Delegate,At-Large,Republican,John R Roberts (DeSantis),32
Cannon,Delegate,At-Large,Republican,John Rose (Trump),395
Cannon,Delegate,At-Large,Republican,Jonathan Merkh (Haley),77
Cannon,Delegate,At-Large,Republican,Julia Atchley-Pace (Trump),679
Cannon,Delegate,At-Large,Republican,Kelly Barger (Trump),732
Cannon,Delegate,At-Large,Republican,Kevin Desmond (Haley),95
Cannon,Delegate,At-Large,Republican,Layne Provine (DeSantis),17
Cannon,Delegate,At-Large,Republican,Lisa Ann Flowers (Uncommitted),15
Cannon,Delegate,At-Large,Republican,Lucas Heaton (Trump),383
Cannon,Delegate,At-Large,Republican,Marilyn Betz (Trump),690
Cannon,Delegate,At-Large,Republican,Marilyn Hutchinson (DeSantis),31
Cannon,Delegate,At-Large,Republican,Mary Kate Brown (DeSantis),28
Cannon,Delegate,At-Large,Republican,Mason Foley (Haley),80
Cannon,Delegate,At-Large,Republican,Max Bonner (Trump),762
Cannon,Delegate,At-Large,Republican,Michael Fulbright (Haley),82
Cannon,Delegate,At-Large,Republican,Monica Mountain (DeSantis),25
Cannon,Delegate,At-Large,Republican,Mya Conrad (Trump),726
Cannon,Delegate,At-Large,Republican,Neil Rader (Haley),15
Cannon,Delegate,At-Large,Republican,Patricia Woodard (Trump),152
Cannon,Delegate,At-Large,Republican,Paul Van Hoesen (Haley),14
Cannon,Delegate,At-Large,Republican,Preston George (Haley),82
Cannon,Delegate,At-Large,Republican,Rick Williams (Trump),204
Cannon,Delegate,At-Large,Republican,Robbyn Maylott (Trump),144
Cannon,Delegate,At-Large,Republican,Samuel Funk (Haley),81
Cannon,Delegate,At-Large,Republican,Sandi Figg (Haley),101
Cannon,Delegate,At-Large,Republican,Scott Smith (DeSantis),29
Cannon,Delegate,At-Large,Republican,Sharon B. Anderson (Trump),666
Cannon,Delegate,At-Large,Republican,Sherri P. Lee (DeSantis),27
Cannon,Delegate,At-Large,Republican,Sondra Morris (DeSantis),26
Cannon,Delegate,At-Large,Republican,Stephanie Nash (Trump),190
Cannon,Delegate,At-Large,Republican,Steven Tyler Giorno (Trump),714
Cannon,Delegate,At-Large,Republican,Teresa Dix (DeSantis),20
Cannon,Delegate,At-Large,Republican,Terri Nicholson (Trump),190
Cannon,Delegate,At-Large,Republican,Tina Benkiser (DeSantis),23
Cannon,Delegate,At-Large,Republican,Todd R. Cruse (Haley),99
Cannon,Delegate,At-Large,Republican,Zachary Lambert (Trump),232
Cannon,Presidential Preference,NA,Democratic,Joseph R. Biden,110
Cannon,Presidential Preference,NA,Democratic,Uncommitted,23
Cannon,Presidential Preference,NA,Republican,Asa Hutchinson,2
Cannon,Presidential Preference,NA,Republican,Chris Christie,4
Cannon,Presidential Preference,NA,Republican,David Stuckenberg,1
Cannon,Presidential Preference,NA,Republican,Donald J. Trump,1462
Cannon,Presidential Preference,NA,Republican,Nikki Haley,140
Cannon,Presidential Preference,NA,Republican,Ron DeSantis,10
Cannon,Presidential Preference,NA,Republican,Ryan Binkley,5
Cannon,Presidential Preference,NA,Republican,Uncommitted,4
Cannon,Presidential Preference,NA,Republican,Vivek Ramaswamy,4
Carroll,Delegate,8,Republican,Jimmy Harris (DeSantis),28
Carroll,Delegate,8,Republican,Johnny Bellis (DeSantis),12
Carroll,Delegate,8,Republican,Joseph Coury (Trump),486
Carroll,Delegate,8,Republican,Joseph Glenn Butler (Trump),1133
Carroll,Delegate,8,Republican,Kathryn Bryson (DeSantis),22
Carroll,Delegate,8,Republican,Kevin J. Powers (Trump),684
Carroll,Delegate,8,Republican,Kimberly Ann Perry (Haley),143
Carroll,Delegate,8,Republican,Kimberly Lax (Trump),477
Carroll,Delegate,8,Republican,Lauren W. Douglass (Haley),128
Carroll,Delegate,8,Republican,Luke Cymbal (DeSantis),12
Carroll,Delegate,8,Republican,Missy Marshall (DeSantis),14
Carroll,Delegate,8,Republican,Nicholas Perry (Haley),74
Carroll,Delegate,8,Republican,Pam Proctor (DeSantis),10
Carroll,Delegate,8,Republican,Ron M. Gant (Trump),887
Carroll,Delegate,8,Republican,Scott Douglass (Haley),141
Carroll,Delegate,8,Republican,Tess Robbins (Trump),485
Carroll,Delegate,At-Large,Republican,Abigail Arpin (Trump),749
Carroll,Delegate,At-Large,Republican,Archie Pierce (Haley),52
Carroll,Delegate,At-Large,Republican,Barbara Boswell (Trump),836
Carroll,Delegate,At-Large,Republican,Betsy Funk (Haley),152
Carroll,Delegate,At-Large,Republican,Bill Campbell (DeSantis),57
Carroll,Delegate,At-Large,Republican,Bill Young (Haley),73
Carroll,Delegate,At-Large,Republican,Billy J. Stokes (DeSantis),24
Carroll,Delegate,At-Large,Republican,Brad Grantham (DeSantis),41
Carroll,Delegate,At-Large,Republican,Calvin Rogers Clayton (Trump),929
Carroll,Delegate,At-Large,Republican,Chad Blackburn (Trump),1163
Carroll,Delegate,At-Large,Republican,Chad Story (DeSantis),18
Carroll,Delegate,At-Large,Republican,Charles E. Allen Jr. (DeSantis),64
Carroll,Delegate,At-Large,Republican,Charlie Cato (DeSantis),27
Carroll,Delegate,At-Large,Republican,Charlotte Myers (Trump),563
Carroll,Delegate,At-Large,Republican,Cheryl S. Harvey (Haley),134
Carroll,Delegate,At-Large,Republican,Chris Walker (DeSantis),34
Carroll,Delegate,At-Large,Republican,Debra Maggart Breske (Haley),153
Carroll,Delegate,At-Large,Republican,Dennis H. Beavers (Trump),941
Carroll,Delegate,At-Large,Republican,Derrick Calcote (DeSantis),30
Carroll,Delegate,At-Large,Republican,Dia Hart (Uncommitted),14
Carroll,Delegate,At-Large,Republican,Don Alan Miller (Haley),104
Carroll,Delegate,At-Large,Republican,Emily Pearse (Haley),73
Carroll,Delegate,At-Large,Republican,Eric Joe Mayo (Haley),115
Carroll,Delegate,At-Large,Republican,Forrest B. Hutchinson (DeSantis),43
Carroll,Delegate,At-Large,Republican,Gloria A. Giorno (Trump),760
Carroll,Delegate,At-Large,Republican,Harrison Vinett (Trump),487
Carroll,Delegate,At-Large,Republican,Jaclyn Colbeth (Trump),768
Carroll,Delegate,At-Large,Republican,"James C. Phillips, Jr. (Haley)",43
Carroll,Delegate,At-Large,Republican,Jane G. Ferrell (Haley),151
Carroll,Delegate,At-Large,Republican,Jason Emert (DeSantis),40
Carroll,Delegate,At-Large,Republican,John R Roberts (DeSantis),54
Carroll,Delegate,At-Large,Republican,John Rose (Trump),771
Carroll,Delegate,At-Large,Republican,Jonathan Merkh (Haley),97
Carroll,Delegate,At-Large,Republican,Julia Atchley-Pace (Trump),742
Carroll,Delegate,At-Large,Republican,Kelly Barger (Trump),1043
Carroll,Delegate,At-Large,Republican,Kevin Desmond (Haley),144
Carroll,Delegate,At-Large,Republican,Layne Provine (DeSantis),20
Carroll,Delegate,At-Large,Republican,Lisa Ann Flowers (Uncommitted),118
Carroll,Delegate,At-Large,Republican,Lucas Heaton (Trump),640
Carroll,Delegate,At-Large,Republican,Marilyn Betz (Trump),714
Carroll,Delegate,At-Large,Republican,Marilyn Hutchinson (DeSantis),33
Carroll,Delegate,At-Large,Republican,Mary Kate Brown (DeSantis),51
Carroll,Delegate,At-Large,Republican,Mason Foley (Haley),133
Carroll,Delegate,At-Large,Republican,Max Bonner (Trump),927
Carroll,Delegate,At-Large,Republican,Michael Fulbright (Haley),137
Carroll,Delegate,At-Large,Republican,Monica Mountain (DeSantis),30
Carroll,Delegate,At-Large,Republican,Mya Conrad (Trump),743
Carroll,Delegate,At-Large,Republican,Neil Rader (Haley),41
Carroll,Delegate,At-Large,Republican,Patricia Woodard (Trump),631
Carroll,Delegate,At-Large,Republican,Paul Van Hoesen (Haley),41
Carroll,Delegate,At-Large,Republican,Preston George (Haley),147
Carroll,Delegate,At-Large,Republican,Rick Williams (Trump),775
Carroll,Delegate,At-Large,Republican,Robbyn Maylott (Trump),430
Carroll,Delegate,At-Large,Republican,Samuel Funk (Haley),133
Carroll,Delegate,At-Large,Republican,Sandi Figg (Haley),147
Carroll,Delegate,At-Large,Republican,Scott Smith (DeSantis),36
Carroll,Delegate,At-Large,Republican,Sharon B. Anderson (Trump),937
Carroll,Delegate,At-Large,Republican,Sherri P. Lee (DeSantis),33
Carroll,Delegate,At-Large,Republican,Sondra Morris (DeSantis),34
Carroll,Delegate,At-Large,Republican,Stephanie Nash (Trump),635
Carroll,Delegate,At-Large,Republican,Steven Tyler Giorno (Trump),904
Carroll,Delegate,At-Large,Republican,Teresa Dix (DeSantis),38
Carroll,Delegate,At-Large,Republican,Terri Nicholson (Trump),598
Carroll,Delegate,At-Large,Republican,Tina Benkiser (DeSantis),34
Carroll,Delegate,At-Large,Republican,Todd R. Cruse (Haley),149
Carroll,Delegate,At-Large,Republican,Zachary Lambert (Trump),754
Carroll,Presidential Preference,NA,Democratic,Joseph R. Biden,248
Carroll,Presidential Preference,NA,Democratic,Uncommitted,15
Carroll,Presidential Preference,NA,Republican,Asa Hutchinson,1
Carroll,Presidential Preference,NA,Republican,Chris Christie,3
Carroll,Presidential Preference,NA,Republican,David Stuckenberg,0
Carroll,Presidential Preference,NA,Republican,Donald J. Trump,2004
Carroll,Presidential Preference,NA,Republican,Nikki Haley,225
Carroll,Presidential Preference,NA,Republican,Ron DeSantis,12
Carroll,Presidential Preference,NA,Republican,Ryan Binkley,3
Carroll,Presidential Preference,NA,Republican,Uncommitted,8
Carroll,Presidential Preference,NA,Republican,Vivek Ramaswamy,2
Carter,Delegate,1,Republican,Debra Gardner (Haley),608
Carter,Delegate,1,Republican,Donald F. Thompson (DeSantis),125
Carter,Delegate,1,Republican,Doris Ladd (DeSantis),73
Carter,Delegate,1,Republican,Jerome Cochran (Haley),661
Carter,Delegate,1,Republican,Jim Slaight (DeSantis),80
Carter,Delegate,1,Republican,John Gardner (Haley),327
Carter,Delegate,1,Republican,Kenneth Lahn (Haley),218
Carter,Delegate,1,Republican,Linda D. Buckles (Trump),2562
Carter,Delegate,1,Republican,Nicholas Castle (Trump),2961
Carter,Delegate,1,Republican,Randy L. Dandurand (Trump),2048
Carter,Delegate,1,Republican,Richard Venable (DeSantis),136
Carter,Delegate,1,Republican,Robert Mathis (Trump),2409
Carter,Delegate,1,Republican,Sharon Boreing (Trump),1681
Carter,Delegate,1,Republican,Steven J. Cantrell (Haley),421
Carter,Delegate,At-Large,Republican,Abigail Arpin (Trump),3077
Carter,Delegate,At-Large,Republican,Archie Pierce (Haley),129
Carter,Delegate,At-Large,Republican,Barbara Boswell (Trump),3365
Carter,Delegate,At-Large,Republican,Betsy Funk (Haley),663
Carter,Delegate,At-Large,Republican,Bill Campbell (DeSantis),385
Carter,Delegate,At-Large,Republican,Bill Young (Haley),150
Carter,Delegate,At-Large,Republican,Billy J. Stokes (DeSantis),176
Carter,Delegate,At-Large,Republican,Brad Grantham (DeSantis),260
Carter,Delegate,At-Large,Republican,Calvin Rogers Clayton (Trump),3399
Carter,Delegate,At-Large,Republican,Chad Blackburn (Trump),3720
Carter,Delegate,At-Large,Republican,Chad Story (DeSantis),210
Carter,Delegate,At-Large,Republican,Charles E. Allen Jr. (DeSantis),384
Carter,Delegate,At-Large,Republican,Charlie Cato (DeSantis),239
Carter,Delegate,At-Large,Republican,Charlotte Myers (Trump),704
Carter,Delegate,At-Large,Republican,Cheryl S. Harvey (Haley),653
Carter,Delegate,At-Large,Republican,Chris Walker (DeSantis),198
Carter,Delegate,At-Large,Republican,Debra Maggart Breske (Haley),768
Carter,Delegate,At-Large,Republican,Dennis H. Beavers (Trump),3413
Carter,Delegate,At-Large,Republican,Derrick Calcote (DeSantis),243
Carter,Delegate,At-Large,Republican,Dia Hart (Uncommitted),46
Carter,Delegate,At-Large,Republican,Don Alan Miller (Haley),562
Carter,Delegate,At-Large,Republican,Emily Pearse (Haley),237
Carter,Delegate,At-Large,Republican,Eric Joe Mayo (Haley),616
Carter,Delegate,At-Large,Republican,Forrest B. Hutchinson (DeSantis),286
Carter,Delegate,At-Large,Republican,Gloria A. Giorno (Trump),3179
Carter,Delegate,At-Large,Republican,Harrison Vinett (Trump),513
Carter,Delegate,At-Large,Republican,Jaclyn Colbeth (Trump),3300
Carter,Delegate,At-Large,Republican,"James C. Phillips, Jr. (Haley)",148
Carter,Delegate,At-Large,Republican,Jane G. Ferrell (Haley),822
Carter,Delegate,At-Large,Republican,Jason Emert (DeSantis),304
Carter,Delegate,At-Large,Republican,John R Roberts (DeSantis),222
Carter,Delegate,At-Large,Republican,John Rose (Trump),909
Carter,Delegate,At-Large,Republican,Jonathan Merkh (Haley),598
Carter,Delegate,At-Large,Republican,Julia Atchley-Pace (Trump),3153
Carter,Delegate,At-Large,Republican,Kelly Barger (Trump),3414
Carter,Delegate,At-Large,Republican,Kevin Desmond (Haley),788
Carter,Delegate,At-Large,Republican,Layne Provine (DeSantis),162
Carter,Delegate,At-Large,Republican,Lisa Ann Flowers (Uncommitted),111
Carter,Delegate,At-Large,Republican,Lucas Heaton (Trump),1735
Carter,Delegate,At-Large,Republican,Marilyn Betz (Trump),3076
Carter,Delegate,At-Large,Republican,Marilyn Hutchinson (DeSantis),301
Carter,Delegate,At-Large,Republican,Mary Kate Brown (DeSantis),323
Carter,Delegate,At-Large,Republican,Mason Foley (Haley),645
Carter,Delegate,At-Large,Republican,Max Bonner (Trump),3320
Carter,Delegate,At-Large,Republican,Michael Fulbright (Haley),632
Carter,Delegate,At-Large,Republican,Monica Mountain (DeSantis),261
Carter,Delegate,At-Large,Republican,Mya Conrad (Trump),3165
Carter,Delegate,At-Large,Republican,Neil Rader (Haley),124
Carter,Delegate,At-Large,Republican,Patricia Woodard (Trump),713
Carter,Delegate,At-Large,Republican,Paul Van Hoesen (Haley),113
Carter,Delegate,At-Large,Republican,Preston George (Haley),636
Carter,Delegate,At-Large,Republican,Rick Williams (Trump),878
Carter,Delegate,At-Large,Republican,Robbyn Maylott (Trump),535
Carter,Delegate,At-Large,Republican,Samuel Funk (Haley),609
Carter,Delegate,At-Large,Republican,Sandi Figg (Haley),763
Carter,Delegate,At-Large,Republican,Scott Smith (DeSantis),215
Carter,Delegate,At-Large,Republican,Sharon B. Anderson (Trump),3108
Carter,Delegate,At-Large,Republican,Sherri P. Lee (DeSantis),259
Carter,Delegate,At-Large,Republican,Sondra Morris (DeSantis),262
Carter,Delegate,At-Large,Republican,Stephanie Nash (Trump),710
Carter,Delegate,At-Large,Republican,Steven Tyler Giorno (Trump),3158
Carter,Delegate,At-Large,Republican,Teresa Dix (DeSantis),247
Carter,Delegate,At-Large,Republican,Terri Nicholson (Trump),661
Carter,Delegate,At-Large,Republican,Tina Benkiser (DeSantis),245
Carter,Delegate,At-Large,Republican,Todd R. Cruse (Haley),794
Carter,Delegate,At-Large,Republican,Zachary Lambert (Trump),950
Carter,Presidential Preference,NA,Democratic,Joseph R. Biden,279
Carter,Presidential Preference,NA,Democratic,Uncommitted,58
Carter,Presidential Preference,NA,Republican,Asa Hutchinson,3
Carter,Presidential Preference,NA,Republican,Chris Christie,29
Carter,Presidential Preference,NA,Republican,David Stuckenberg,5
Carter,Presidential Preference,NA,Republican,Donald J. Trump,5985
Carter,Presidential Preference,NA,Republican,Nikki Haley,1039
Carter,Presidential Preference,NA,Republican,Ron DeSantis,73
Carter,Presidential Preference,NA,Republican,Ryan Binkley,10
Carter,Presidential Preference,NA,Republican,Uncommitted,67
Carter,Presidential Preference,NA,Republican,Vivek Ramaswamy,16
Cheatham,Delegate,7,Republican,"Cassandra ""Casey"" Mahoney (DeSantis)",37
Cheatham,Delegate,7,Republican,Cheryl Brown (Trump),829
Cheatham,Delegate,7,Republican,Jeffrey L. Eby (DeSantis),93
Cheatham,Delegate,7,Republican,Mark Moore (Trump),1393
Cheatham,Delegate,7,Republican,Mary Ann Degan (Haley),387
Cheatham,Delegate,7,Republican,Mary Ann Parks (Trump),1066
Cheatham,Delegate,7,Republican,Mary Littleton (Trump),1964
Cheatham,Delegate,7,Republican,Michelle Foreman (Trump),1008
Cheatham,Delegate,7,Republican,Natalie Pearce (Trump),811
Cheatham,Delegate,7,Republican,Nina M. Kumar (Haley),387
Cheatham,Delegate,7,Republican,Patti Carroll (DeSantis),107
Cheatham,Delegate,7,Republican,Richard Lee (DeSantis),127
Cheatham,Delegate,7,Republican,Sabi 'Doc' Kumar (Haley),266
Cheatham,Delegate,7,Republican,Susan Price (Haley),292
Cheatham,Delegate,At-Large,Republican,Abigail Arpin (Trump),1454
Cheatham,Delegate,At-Large,Republican,Archie Pierce (Haley),109
Cheatham,Delegate,At-Large,Republican,Barbara Boswell (Trump),1653
Cheatham,Delegate,At-Large,Republican,Betsy Funk (Haley),417
Cheatham,Delegate,At-Large,Republican,Bill Campbell (DeSantis),166
Cheatham,Delegate,At-Large,Republican,Bill Young (Haley),130
Cheatham,Delegate,At-Large,Republican,Billy J. Stokes (DeSantis),81
Cheatham,Delegate,At-Large,Republican,Brad Grantham (DeSantis),164
Cheatham,Delegate,At-Large,Republican,Calvin Rogers Clayton (Trump),1662
Cheatham,Delegate,At-Large,Republican,Chad Blackburn (Trump),1853
Cheatham,Delegate,At-Large,Republican,Chad Story (DeSantis),62
Cheatham,Delegate,At-Large,Republican,Charles E. Allen Jr. (DeSantis),190
Cheatham,Delegate,At-Large,Republican,Charlie Cato (DeSantis),119
Cheatham,Delegate,At-Large,Republican,Charlotte Myers (Trump),633
Cheatham,Delegate,At-Large,Republican,Cheryl S. Harvey (Haley),435
Cheatham,Delegate,At-Large,Republican,Chris Walker (DeSantis),76
Cheatham,Delegate,At-Large,Republican,Debra Maggart Breske (Haley),374
Cheatham,Delegate,At-Large,Republican,Dennis H. Beavers (Trump),1661
Cheatham,Delegate,At-Large,Republican,Derrick Calcote (DeSantis),111
Cheatham,Delegate,At-Large,Republican,Dia Hart (Uncommitted),51
Cheatham,Delegate,At-Large,Republican,Don Alan Miller (Haley),330
Cheatham,Delegate,At-Large,Republican,Emily Pearse (Haley),200
Cheatham,Delegate,At-Large,Republican,Eric Joe Mayo (Haley),424
Cheatham,Delegate,At-Large,Republican,Forrest B. Hutchinson (DeSantis),121
Cheatham,Delegate,At-Large,Republican,Gloria A. Giorno (Trump),1603
Cheatham,Delegate,At-Large,Republican,Harrison Vinett (Trump),532
Cheatham,Delegate,At-Large,Republican,Jaclyn Colbeth (Trump),1669
Cheatham,Delegate,At-Large,Republican,"James C. Phillips, Jr. (Haley)",111
Cheatham,Delegate,At-Large,Republican,Jane G. Ferrell (Haley),407
Cheatham,Delegate,At-Large,Republican,Jason Emert (DeSantis),115
Cheatham,Delegate,At-Large,Republican,John R Roberts (DeSantis),113
Cheatham,Delegate,At-Large,Republican,John Rose (Trump),771
Cheatham,Delegate,At-Large,Republican,Jonathan Merkh (Haley),352
Cheatham,Delegate,At-Large,Republican,Julia Atchley-Pace (Trump),1507
Cheatham,Delegate,At-Large,Republican,Kelly Barger (Trump),1595
Cheatham,Delegate,At-Large,Republican,Kevin Desmond (Haley),366
Cheatham,Delegate,At-Large,Republican,Layne Provine (DeSantis),58
Cheatham,Delegate,At-Large,Republican,Lisa Ann Flowers (Uncommitted),90
Cheatham,Delegate,At-Large,Republican,Lucas Heaton (Trump),780
Cheatham,Delegate,At-Large,Republican,Marilyn Betz (Trump),1523
Cheatham,Delegate,At-Large,Republican,Marilyn Hutchinson (DeSantis),134
Cheatham,Delegate,At-Large,Republican,Mary Kate Brown (DeSantis),155
Cheatham,Delegate,At-Large,Republican,Mason Foley (Haley),375
Cheatham,Delegate,At-Large,Republican,Max Bonner (Trump),1702
Cheatham,Delegate,At-Large,Republican,Michael Fulbright (Haley),393
Cheatham,Delegate,At-Large,Republican,Monica Mountain (DeSantis),113
Cheatham,Delegate,At-Large,Republican,Mya Conrad (Trump),1645
Cheatham,Delegate,At-Large,Republican,Neil Rader (Haley),106
Cheatham,Delegate,At-Large,Republican,Patricia Woodard (Trump),630
Cheatham,Delegate,At-Large,Republican,Paul Van Hoesen (Haley),90
Cheatham,Delegate,At-Large,Republican,Preston George (Haley),401
Cheatham,Delegate,At-Large,Republican,Rick Williams (Trump),735
Cheatham,Delegate,At-Large,Republican,Robbyn Maylott (Trump),550
Cheatham,Delegate,At-Large,Republican,Samuel Funk (Haley),390
Cheatham,Delegate,At-Large,Republican,Sandi Figg (Haley),409
Cheatham,Delegate,At-Large,Republican,Scott Smith (DeSantis),89
Cheatham,Delegate,At-Large,Republican,Sharon B. Anderson (Trump),1551
Cheatham,Delegate,At-Large,Republican,Sherri P. Lee (DeSantis),134
Cheatham,Delegate,At-Large,Republican,Sondra Morris (DeSantis),137
Cheatham,Delegate,At-Large,Republican,Stephanie Nash (Trump),685
Cheatham,Delegate,At-Large,Republican,Steven Tyler Giorno (Trump),1574
Cheatham,Delegate,At-Large,Republican,Teresa Dix (DeSantis),146
Cheatham,Delegate,At-Large,Republican,Terri Nicholson (Trump),703
Cheatham,Delegate,At-Large,Republican,Tina Benkiser (DeSantis),118
Cheatham,Delegate,At-Large,Republican,Todd R. Cruse (Haley),374
Cheatham,Delegate,At-Large,Republican,Zachary Lambert (Trump),890
Cheatham,Presidential Preference,NA,Democratic,Joseph R. Biden,547
Cheatham,Presidential Preference,NA,Democratic,Uncommitted,53
Cheatham,Presidential Preference,NA,Republican,Asa Hutchinson,1
Cheatham,Presidential Preference,NA,Republican,Chris Christie,6
Cheatham,Presidential Preference,NA,Republican,David Stuckenberg,2
Cheatham,Presidential Preference,NA,Republican,Donald J. Trump,3132
Cheatham,Presidential Preference,NA,Republican,Nikki Haley,602
Cheatham,Presidential Preference,NA,Republican,Ron DeSantis,37
Cheatham,Presidential Preference,NA,Republican,Ryan Binkley,3
Cheatham,Presidential Preference,NA,Republican,Uncommitted,25
Cheatham,Presidential Preference,NA,Republican,Vivek Ramaswamy,13
Chester,Delegate,8,Republican,Jimmy Harris (DeSantis),38
Chester,Delegate,8,Republican,Johnny Bellis (DeSantis),34
Chester,Delegate,8,Republican,Joseph Coury (Trump),412
Chester,Delegate,8,Republican,Joseph Glenn Butler (Trump),568
Chester,Delegate,8,Republican,Kathryn Bryson (DeSantis),27
Chester,Delegate,8,Republican,Kevin J. Powers (Trump),466
Chester,Delegate,8,Republican,Kimberly Ann Perry (Haley),142
Chester,Delegate,8,Republican,Kimberly Lax (Trump),377
Chester,Delegate,8,Republican,Lauren W. Douglass (Haley),122
Chester,Delegate,8,Republican,Luke Cymbal (DeSantis),25
Chester,Delegate,8,Republican,Missy Marshall (DeSantis),14
Chester,Delegate,8,Republican,Nicholas Perry (Haley),83
Chester,Delegate,8,Republican,Pam Proctor (DeSantis),9
Chester,Delegate,8,Republican,Ron M. Gant (Trump),597
Chester,Delegate,8,Republican,Scott Douglass (Haley),120
Chester,Delegate,8,Republican,Tess Robbins (Trump),291
Chester,Delegate,At-Large,Republican,Abigail Arpin (Trump),576
Chester,Delegate,At-Large,Republican,Archie Pierce (Haley),35
Chester,Delegate,At-Large,Republican,Barbara Boswell (Trump),722
Chester,Delegate,At-Large,Republican,Betsy Funk (Haley),138
Chester,Delegate,At-Large,Republican,Bill Campbell (DeSantis),65
Chester,Delegate,At-Large,Republican,Bill Young (Haley),52
Chester,Delegate,At-Large,Republican,Billy J. Stokes (DeSantis),25
Chester,Delegate,At-Large,Republican,Brad Grantham (DeSantis),62
Chester,Delegate,At-Large,Republican,Calvin Rogers Clayton (Trump),807
Chester,Delegate,At-Large,Republican,Chad Blackburn (Trump),896
Chester,Delegate,At-Large,Republican,Chad Story (DeSantis),24
Chester,Delegate,At-Large,Republican,Charles E. Allen Jr. (DeSantis),62
Chester,Delegate,At-Large,Republican,Charlie Cato (DeSantis),39
Chester,Delegate,At-Large,Republican,Charlotte Myers (Trump),333
Chester,Delegate,At-Large,Republican,Cheryl S. Harvey (Haley),137
Chester,Delegate,At-Large,Republican,Chris Walker (DeSantis),36
Chester,Delegate,At-Large,Republican,Debra Maggart Breske (Haley),147
Chester,Delegate,At-Large,Republican,Dennis H. Beavers (Trump),750
Chester,Delegate,At-Large,Republican,Derrick Calcote (DeSantis),43
Chester,Delegate,At-Large,Republican,Dia Hart (Uncommitted),8
Chester,Delegate,At-Large,Republican,Don Alan Miller (Haley),113
Chester,Delegate,At-Large,Republican,Emily Pearse (Haley),67
Chester,Delegate,At-Large,Republican,Eric Joe Mayo (Haley),131
Chester,Delegate,At-Large,Republican,Forrest B. Hutchinson (DeSantis),59
Chester,Delegate,At-Large,Republican,Gloria A. Giorno (Trump),540
Chester,Delegate,At-Large,Republican,Harrison Vinett (Trump),340
Chester,Delegate,At-Large,Republican,Jaclyn Colbeth (Trump),577
Chester,Delegate,At-Large,Republican,"James C. Phillips, Jr. (Haley)",41
Chester,Delegate,At-Large,Republican,Jane G. Ferrell (Haley),160
Chester,Delegate,At-Large,Republican,Jason Emert (DeSantis),48
Chester,Delegate,At-Large,Republican,John R Roberts (DeSantis),31
Chester,Delegate,At-Large,Republican,John Rose (Trump),494
Chester,Delegate,At-Large,Republican,Jonathan Merkh (Haley),122
Chester,Delegate,At-Large,Republican,Julia Atchley-Pace (Trump),623
Chester,Delegate,At-Large,Republican,Kelly Barger (Trump),706
Chester,Delegate,At-Large,Republican,Kevin Desmond (Haley),152
Chester,Delegate,At-Large,Republican,Layne Provine (DeSantis),17
Chester,Delegate,At-Large,Republican,Lisa Ann Flowers (Uncommitted),14
Chester,Delegate,At-Large,Republican,Lucas Heaton (Trump),361
Chester,Delegate,At-Large,Republican,Marilyn Betz (Trump),609
Chester,Delegate,At-Large,Republican,Marilyn Hutchinson (DeSantis),60
Chester,Delegate,At-Large,Republican,Mary Kate Brown (DeSantis),56
Chester,Delegate,At-Large,Republican,Mason Foley (Haley),131
Chester,Delegate,At-Large,Republican,Max Bonner (Trump),726
Chester,Delegate,At-Large,Republican,Michael Fulbright (Haley),139
Chester,Delegate,At-Large,Republican,Monica Mountain (DeSantis),43
Chester,Delegate,At-Large,Republican,Mya Conrad (Trump),514
Chester,Delegate,At-Large,Republican,Neil Rader (Haley),40
Chester,Delegate,At-Large,Republican,Patricia Woodard (Trump),221
Chester,Delegate,At-Large,Republican,Paul Van Hoesen (Haley),37
Chester,Delegate,At-Large,Republican,Preston George (Haley),137
Chester,Delegate,At-Large,Republican,Rick Williams (Trump),480
Chester,Delegate,At-Large,Republican,Robbyn Maylott (Trump),270
Chester,Delegate,At-Large,Republican,Samuel Funk (Haley),128
Chester,Delegate,At-Large,Republican,Sandi Figg (Haley),138
Chester,Delegate,At-Large,Republican,Scott Smith (DeSantis),38
Chester,Delegate,At-Large,Republican,Sharon B. Anderson (Trump),649
Chester,Delegate,At-Large,Republican,Sherri P. Lee (DeSantis),43
Chester,Delegate,At-Large,Republican,Sondra Morris (DeSantis),41
Chester,Delegate,At-Large,Republican,Stephanie Nash (Trump),445
Chester,Delegate,At-Large,Republican,Steven Tyler Giorno (Trump),616
Chester,Delegate,At-Large,Republican,Teresa Dix (DeSantis),49
Chester,Delegate,At-Large,Republican,Terri Nicholson (Trump),366
Chester,Delegate,At-Large,Republican,Tina Benkiser (DeSantis),34
Chester,Delegate,At-Large,Republican,Todd R. Cruse (Haley),162
Chester,Delegate,At-Large,Republican,Zachary Lambert (Trump),442
Chester,Presidential Preference,NA,Democratic,Joseph R. Biden,123
Chester,Presidential Preference,NA,Democratic,Uncommitted,9
Chester,Presidential Preference,NA,Republican,Asa Hutchinson,2
Chester,Presidential Preference,NA,Republican,Chris Christie,2
Chester,Presidential Preference,NA,Republican,David Stuckenberg,1
Chester,Presidential Preference,NA,Republican,Donald J. Trump,1463
Chester,Presidential Preference,NA,Republican,Nikki Haley,197
Chester,Presidential Preference,NA,Republican,Ron DeSantis,33
Chester,Presidential Preference,NA,Republican,Ryan Binkley,2
Chester,Presidential Preference,NA,Republican,Uncommitted,8
Chester,Presidential Preference,NA,Republican,Vivek Ramaswamy,2
Claiborne,Delegate,2,Republican,Brian R Hornback (Haley),77
Claiborne,Delegate,2,Republican,Chris Kinney (DeSantis),28
Claiborne,Delegate,2,Republican,Cindy Hatcher (DeSantis),28
Claiborne,Delegate,2,Republican,Deborah Bailey (Trump),782
Claiborne,Delegate,2,Republican,Derrick Hatcher (Haley),141
Claiborne,Delegate,2,Republican,Douglas S. Ford (DeSantis),60
Claiborne,Delegate,2,Republican,Elizabeth Wellington (Haley),138
Claiborne,Delegate,2,Republican,Eric R Forrestall (Haley),124
Claiborne,Delegate,2,Republican,Glenn Jacobs (Trump),1924
Claiborne,Delegate,2,Republican,Jason Zachary (DeSantis),47
Claiborne,Delegate,2,Republican,"John J. Duncan, Jr. (Trump)",1968
Claiborne,Delegate,2,Republican,Michele Carringer (Trump),589
Claiborne,Delegate,2,Republican,Mindy M. Coulter (Haley),168
Claiborne,Delegate,2,Republican,Nicholas J. Nugent (Haley),67
Claiborne,Delegate,2,Republican,Patricia Mills (Trump),686
Claiborne,Delegate,2,Republican,Susan Richardson Williams (DeSantis),23
Claiborne,Delegate,2,Republican,Tim Hutchison (Trump),2011
Claiborne,Delegate,At-Large,Republican,Abigail Arpin (Trump),1615
Claiborne,Delegate,At-Large,Republican,Archie Pierce (Haley),90
Claiborne,Delegate,At-Large,Republican,Barbara Boswell (Trump),1506
Claiborne,Delegate,At-Large,Republican,Betsy Funk (Haley),270
Claiborne,Delegate,At-Large,Republican,Bill Campbell (DeSantis),116
Claiborne,Delegate,At-Large,Republican,Bill Young (Haley),115
Claiborne,Delegate,At-Large,Republican,Billy J. Stokes (DeSantis),29
Claiborne,Delegate,At-Large,Republican,Brad Grantham (DeSantis),64
Claiborne,Delegate,At-Large,Republican,Calvin Rogers Clayton (Trump),1766
Claiborne,Delegate,At-Large,Republican,Chad Blackburn (Trump),2083
Claiborne,Delegate,At-Large,Republican,Chad Story (DeSantis),23
Claiborne,Delegate,At-Large,Republican,Charles E. Allen Jr. (DeSantis),117
Claiborne,Delegate,At-Large,Republican,Charlie Cato (DeSantis),46
Claiborne,Delegate,At-Large,Republican,Charlotte Myers (Trump),901
Claiborne,Delegate,At-Large,Republican,Cheryl S. Harvey (Haley),266
Claiborne,Delegate,At-Large,Republican,Chris Walker (DeSantis),53
Claiborne,Delegate,At-Large,Republican,Debra Maggart Breske (Haley),235
Claiborne,Delegate,At-Large,Republican,Dennis H. Beavers (Trump),2044
Claiborne,Delegate,At-Large,Republican,Derrick Calcote (DeSantis),62
Claiborne,Delegate,At-Large,Republican,Dia Hart (Uncommitted),53
Claiborne,Delegate,At-Large,Republican,Don Alan Miller (Haley),205
Claiborne,Delegate,At-Large,Republican,Emily Pearse (Haley),156
Claiborne,Delegate,At-Large,Republican,Eric Joe Mayo (Haley),227
Claiborne,Delegate,At-Large,Republican,Forrest B. Hutchinson (DeSantis),81
Claiborne,Delegate,At-Large,Republican,Gloria A. Giorno (Trump),1351
Claiborne,Delegate,At-Large,Republican,Harrison Vinett (Trump),796
Claiborne,Delegate,At-Large,Republican,Jaclyn Colbeth (Trump),1396
Claiborne,Delegate,At-Large,Republican,"James C. Phillips, Jr. (Haley)",89
Claiborne,Delegate,At-Large,Republican,Jane G. Ferrell (Haley),253
Claiborne,Delegate,At-Large,Republican,Jason Emert (DeSantis),61
Claiborne,Delegate,At-Large,Republican,John R Roberts (DeSantis),54
Claiborne,Delegate,At-Large,Republican,John Rose (Trump),1255
Claiborne,Delegate,At-Large,Republican,Jonathan Merkh (Haley),221
Claiborne,Delegate,At-Large,Republican,Julia Atchley-Pace (Trump),1637
Claiborne,Delegate,At-Large,Republican,Kelly Barger (Trump),2087
Claiborne,Delegate,At-Large,Republican,Kevin Desmond (Haley),221
Claiborne,Delegate,At-Large,Republican,Layne Provine (DeSantis),20
Claiborne,Delegate,At-Large,Republican,Lisa Ann Flowers (Uncommitted),143
Claiborne,Delegate,At-Large,Republican,Lucas Heaton (Trump),1002
Claiborne,Delegate,At-Large,Republican,Marilyn Betz (Trump),1411
Claiborne,Delegate,At-Large,Republican,Marilyn Hutchinson (DeSantis),60
Claiborne,Delegate,At-Large,Republican,Mary Kate Brown (DeSantis),80
Claiborne,Delegate,At-Large,Republican,Mason Foley (Haley),238
Claiborne,Delegate,At-Large,Republican,Max Bonner (Trump),1764
Claiborne,Delegate,At-Large,Republican,Michael Fulbright (Haley),226
Claiborne,Delegate,At-Large,Republican,Monica Mountain (DeSantis),159
Claiborne,Delegate,At-Large,Republican,Mya Conrad (Trump),1358
Claiborne,Delegate,At-Large,Republican,Neil Rader (Haley),88
Claiborne,Delegate,At-Large,Republican,Patricia Woodard (Trump),839
Claiborne,Delegate,At-Large,Republican,Paul Van Hoesen (Haley),73
Claiborne,Delegate,At-Large,Republican,Preston George (Haley),242
Claiborne,Delegate,At-Large,Republican,Rick Williams (Trump),1246
Claiborne,Delegate,At-Large,Republican,Robbyn Maylott (Trump),677
Claiborne,Delegate,At-Large,Republican,Samuel Funk (Haley),236
Claiborne,Delegate,At-Large,Republican,Sandi Figg (Haley),245
Claiborne,Delegate,At-Large,Republican,Scott Smith (DeSantis),32
Claiborne,Delegate,At-Large,Republican,Sharon B. Anderson (Trump),1790
Claiborne,Delegate,At-Large,Republican,Sherri P. Lee (DeSantis),43
Claiborne,Delegate,At-Large,Republican,Sondra Morris (DeSantis),43
Claiborne,Delegate,At-Large,Republican,Stephanie Nash (Trump),916
Claiborne,Delegate,At-Large,Republican,Steven Tyler Giorno (Trump),1559
Claiborne,Delegate,At-Large,Republican,Teresa Dix (DeSantis),61
Claiborne,Delegate,At-Large,Republican,Terri Nicholson (Trump),832
Claiborne,Delegate,At-Large,Republican,Tina Benkiser (DeSantis),53
Claiborne,Delegate,At-Large,Republican,Todd R. Cruse (Haley),241
Claiborne,Delegate,At-Large,Republican,Zachary Lambert (Trump),1323
Claiborne,Presidential Preference,NA,Democratic,Joseph R. Biden,314
Claiborne,Presidential Preference,NA,Democratic,Uncommitted,53
Claiborne,Presidential Preference,NA,Republican,Asa Hutchinson,1
Claiborne,Presidential Preference,NA,Republican,Chris Christie,6
Claiborne,Presidential Preference,NA,Republican,David Stuckenberg,4
Claiborne,Presidential Preference,NA,Republican,Donald J. Trump,3907
Claiborne,Presidential Preference,NA,Republican,Nikki Haley,409
Claiborne,Presidential Preference,NA,Republican,Ron DeSantis,37
Claiborne,Presidential Preference,NA,Republican,Ryan Binkley,2
Claiborne,Presidential Preference,NA,Republican,Uncommitted,24
Claiborne,Presidential Preference,NA,Republican,Vivek Ramaswamy,7
Clay,Criminal Court Judge Part III,13,Republican,Shawn C. Fry,471
Clay,Delegate,6,Republican,Brock Hill (DeSantis),8
Clay,Delegate,6,Republican,Chelsea Rose (Trump),173
Clay,Delegate,6,Republican,Craig Clark (Trump),190
Clay,Delegate,6,Republican,Garrett T Floyd (Trump),131
Clay,Delegate,6,Republican,Jeff Coker (Haley),24
Clay,Delegate,6,Republican,Kelly Keisling (Trump),298
Clay,Delegate,6,Republican,Kristy Freewalt (Haley),37
Clay,Delegate,6,Republican,Laura Baigert (Trump),130
Clay,Delegate,6,Republican,Luke Tinsley (DeSantis),5
Clay,Delegate,6,Republican,Mary Andersen (DeSantis),4
Clay,Delegate,6,Republican,Mike Callahan (Trump),205
Clay,Delegate,6,Republican,Nicholas Ivey (Haley),17
Clay,Delegate,6,Republican,Paige Brown (DeSantis),3
Clay,Delegate,6,Republican,Randy Stamps (Haley),22
Clay,Delegate,6,Republican,Richard Murphy (DeSantis),4
Clay,Delegate,6,Republican,Stanley Bertch (Haley),20
Clay,Delegate,At-Large,Republican,Abigail Arpin (Trump),246
Clay,Delegate,At-Large,Republican,Archie Pierce (Haley),7
Clay,Delegate,At-Large,Republican,Barbara Boswell (Trump),279
Clay,Delegate,At-Large,Republican,Betsy Funk (Haley),36
Clay,Delegate,At-Large,Republican,Bill Campbell (DeSantis),22
Clay,Delegate,At-Large,Republican,Bill Young (Haley),11
Clay,Delegate,At-Large,Republican,Billy J. Stokes (DeSantis),12
Clay,Delegate,At-Large,Republican,Brad Grantham (DeSantis),18
Clay,Delegate,At-Large,Republican,Calvin Rogers Clayton (Trump),290
Clay,Delegate,At-Large,Republican,Chad Blackburn (Trump),318
Clay,Delegate,At-Large,Republican,Chad Story (DeSantis),12
Clay,Delegate,At-Large,Republican,Charles E. Allen Jr. (DeSantis),27
Clay,Delegate,At-Large,Republican,Charlie Cato (DeSantis),14
Clay,Delegate,At-Large,Republican,Charlotte Myers (Trump),55
Clay,Delegate,At-Large,Republican,Cheryl S. Harvey (Haley),34
Clay,Delegate,At-Large,Republican,Chris Walker (DeSantis),21
Clay,Delegate,At-Large,Republican,Debra Maggart Breske (Haley),44
Clay,Delegate,At-Large,Republican,Dennis H. Beavers (Trump),295
Clay,Delegate,At-Large,Republican,Derrick Calcote (DeSantis),18
Clay,Delegate,At-Large,Republican,Dia Hart (Uncommitted),3
Clay,Delegate,At-Large,Republican,Don Alan Miller (Haley),30
Clay,Delegate,At-Large,Republican,Emily Pearse (Haley),16
Clay,Delegate,At-Large,Republican,Eric Joe Mayo (Haley),29
Clay,Delegate,At-Large,Republican,Forrest B. Hutchinson (DeSantis),15
Clay,Delegate,At-Large,Republican,Gloria A. Giorno (Trump),269
Clay,Delegate,At-Large,Republican,Harrison Vinett (Trump),48
Clay,Delegate,At-Large,Republican,Jaclyn Colbeth (Trump),268
Clay,Delegate,At-Large,Republican,"James C. Phillips, Jr. (Haley)",11
Clay,Delegate,At-Large,Republican,Jane G. Ferrell (Haley),51
Clay,Delegate,At-Large,Republican,Jason Emert (DeSantis),13
Clay,Delegate,At-Large,Republican,John R Roberts (DeSantis),19
Clay,Delegate,At-Large,Republican,John Rose (Trump),169
Clay,Delegate,At-Large,Republican,Jonathan Merkh (Haley),30
Clay,Delegate,At-Large,Republican,Julia Atchley-Pace (Trump),262
Clay,Delegate,At-Large,Republican,Kelly Barger (Trump),285
Clay,Delegate,At-Large,Republican,Kevin Desmond (Haley),48
Clay,Delegate,At-Large,Republican,Layne Provine (DeSantis),13
Clay,Delegate,At-Large,Republican,Lisa Ann Flowers (Uncommitted),13
Clay,Delegate,At-Large,Republican,Lucas Heaton (Trump),121
Clay,Delegate,At-Large,Republican,Marilyn Betz (Trump),260
Clay,Delegate,At-Large,Republican,Marilyn Hutchinson (DeSantis),21
Clay,Delegate,At-Large,Republican,Mary Kate Brown (DeSantis),18
Clay,Delegate,At-Large,Republican,Mason Foley (Haley),34
Clay,Delegate,At-Large,Republican,Max Bonner (Trump),282
Clay,Delegate,At-Large,Republican,Michael Fulbright (Haley),34
Clay,Delegate,At-Large,Republican,Monica Mountain (DeSantis),18
Clay,Delegate,At-Large,Republican,Mya Conrad (Trump),263
Clay,Delegate,At-Large,Republican,Neil Rader (Haley),9
Clay,Delegate,At-Large,Republican,Patricia Woodard (Trump),47
Clay,Delegate,At-Large,Republican,Paul Van Hoesen (Haley),10
Clay,Delegate,At-Large,Republican,Preston George (Haley),31
Clay,Delegate,At-Large,Republican,Rick Williams (Trump),70
Clay,Delegate,At-Large,Republican,Robbyn Maylott (Trump),42
Clay,Delegate,At-Large,Republican,Samuel Funk (Haley),34
Clay,Delegate,At-Large,Republican,Sandi Figg (Haley),50
Clay,Delegate,At-Large,Republican,Scott Smith (DeSantis),14
Clay,Delegate,At-Large,Republican,Sharon B. Anderson (Trump),263
Clay,Delegate,At-Large,Republican,Sherri P. Lee (DeSantis),19
Clay,Delegate,At-Large,Republican,Sondra Morris (DeSantis),20
Clay,Delegate,At-Large,Republican,Stephanie Nash (Trump),65
Clay,Delegate,At-Large,Republican,Steven Tyler Giorno (Trump),264
Clay,Delegate,At-Large,Republican,Teresa Dix (DeSantis),17
Clay,Delegate,At-Large,Republican,Terri Nicholson (Trump),62
Clay,Delegate,At-Large,Republican,Tina Benkiser (DeSantis),15
Clay,Delegate,At-Large,Republican,Todd R. Cruse (Haley),56
Clay,Delegate,At-Large,Republican,Zachary Lambert (Trump),83
Clay,Presidential Preference,NA,Democratic,Joseph R. Biden,50
Clay,Presidential Preference,NA,Democratic,Uncommitted,3
Clay,Presidential Preference,NA,Republican,Asa Hutchinson,0
Clay,Presidential Preference,NA,Republican,Chris Christie,0
Clay,Presidential Preference,NA,Republican,David Stuckenberg,0
Clay,Presidential Preference,NA,Republican,Donald J. Trump,579
Clay,Presidential Preference,NA,Republican,Nikki Haley,65
Clay,Presidential Preference,NA,Republican,Ron DeSantis,5
Clay,Presidential Preference,NA,Republican,Ryan Binkley,2
Clay,Presidential Preference,NA,Republican,Uncommitted,2
Clay,Presidential Preference,NA,Republican,Vivek Ramaswamy,1
Cocke,Delegate,1,Republican,Debra Gardner (Haley),315
Cocke,Delegate,1,Republican,Donald F. Thompson (DeSantis),64
Cocke,Delegate,1,Republican,Doris Ladd (DeSantis),58
Cocke,Delegate,1,Republican,Jerome Cochran (Haley),219
Cocke,Delegate,1,Republican,Jim Slaight (DeSantis),48
Cocke,Delegate,1,Republican,John Gardner (Haley),158
Cocke,Delegate,1,Republican,Kenneth Lahn (Haley),106
Cocke,Delegate,1,Republican,Linda D. Buckles (Trump),1268
Cocke,Delegate,1,Republican,Nicholas Castle (Trump),1839
Cocke,Delegate,1,Republican,Randy L. Dandurand (Trump),1301
Cocke,Delegate,1,Republican,Richard Venable (DeSantis),53
Cocke,Delegate,1,Republican,Robert Mathis (Trump),1945
Cocke,Delegate,1,Republican,Sharon Boreing (Trump),1064
Cocke,Delegate,1,Republican,Steven J. Cantrell (Haley),236
Cocke,Delegate,At-Large,Republican,Abigail Arpin (Trump),1873
Cocke,Delegate,At-Large,Republican,Archie Pierce (Haley),72
Cocke,Delegate,At-Large,Republican,Barbara Boswell (Trump),2097
Cocke,Delegate,At-Large,Republican,Betsy Funk (Haley),333
Cocke,Delegate,At-Large,Republican,Bill Campbell (DeSantis),200
Cocke,Delegate,At-Large,Republican,Bill Young (Haley),75
Cocke,Delegate,At-Large,Republican,Billy J. Stokes (DeSantis),112
Cocke,Delegate,At-Large,Republican,Brad Grantham (DeSantis),142
Cocke,Delegate,At-Large,Republican,Calvin Rogers Clayton (Trump),2156
Cocke,Delegate,At-Large,Republican,Chad Blackburn (Trump),2437
Cocke,Delegate,At-Large,Republican,Chad Story (DeSantis),107
Cocke,Delegate,At-Large,Republican,Charles E. Allen Jr. (DeSantis),210
Cocke,Delegate,At-Large,Republican,Charlie Cato (DeSantis),114
Cocke,Delegate,At-Large,Republican,Charlotte Myers (Trump),575
Cocke,Delegate,At-Large,Republican,Cheryl S. Harvey (Haley),337
Cocke,Delegate,At-Large,Republican,Chris Walker (DeSantis),134
Cocke,Delegate,At-Large,Republican,Debra Maggart Breske (Haley),416
Cocke,Delegate,At-Large,Republican,Dennis H. Beavers (Trump),2133
Cocke,Delegate,At-Large,Republican,Derrick Calcote (DeSantis),118
Cocke,Delegate,At-Large,Republican,Dia Hart (Uncommitted),39
Cocke,Delegate,At-Large,Republican,Don Alan Miller (Haley),271
Cocke,Delegate,At-Large,Republican,Emily Pearse (Haley),150
Cocke,Delegate,At-Large,Republican,Eric Joe Mayo (Haley),300
Cocke,Delegate,At-Large,Republican,Forrest B. Hutchinson (DeSantis),190
Cocke,Delegate,At-Large,Republican,Gloria A. Giorno (Trump),2035
Cocke,Delegate,At-Large,Republican,Harrison Vinett (Trump),376
Cocke,Delegate,At-Large,Republican,Jaclyn Colbeth (Trump),2048
Cocke,Delegate,At-Large,Republican,"James C. Phillips, Jr. (Haley)",69
Cocke,Delegate,At-Large,Republican,Jane G. Ferrell (Haley),443
Cocke,Delegate,At-Large,Republican,Jason Emert (DeSantis),134
Cocke,Delegate,At-Large,Republican,John R Roberts (DeSantis),125
Cocke,Delegate,At-Large,Republican,John Rose (Trump),620
Cocke,Delegate,At-Large,Republican,Jonathan Merkh (Haley),280
Cocke,Delegate,At-Large,Republican,Julia Atchley-Pace (Trump),2015
Cocke,Delegate,At-Large,Republican,Kelly Barger (Trump),2153
Cocke,Delegate,At-Large,Republican,Kevin Desmond (Haley),431
Cocke,Delegate,At-Large,Republican,Layne Provine (DeSantis),96
Cocke,Delegate,At-Large,Republican,Lisa Ann Flowers (Uncommitted),87
Cocke,Delegate,At-Large,Republican,Lucas Heaton (Trump),1087
Cocke,Delegate,At-Large,Republican,Marilyn Betz (Trump),1908
Cocke,Delegate,At-Large,Republican,Marilyn Hutchinson (DeSantis),178
Cocke,Delegate,At-Large,Republican,Mary Kate Brown (DeSantis),172
Cocke,Delegate,At-Large,Republican,Mason Foley (Haley),328
Cocke,Delegate,At-Large,Republican,Max Bonner (Trump),2109
Cocke,Delegate,At-Large,Republican,Michael Fulbright (Haley),325
Cocke,Delegate,At-Large,Republican,Monica Mountain (DeSantis),134
Cocke,Delegate,At-Large,Republican,Mya Conrad (Trump),1998
Cocke,Delegate,At-Large,Republican,Neil Rader (Haley),128
Cocke,Delegate,At-Large,Republican,Patricia Woodard (Trump),469
Cocke,Delegate,At-Large,Republican,Paul Van Hoesen (Haley),55
Cocke,Delegate,At-Large,Republican,Preston George (Haley),304
Cocke,Delegate,At-Large,Republican,Rick Williams (Trump),612
Cocke,Delegate,At-Large,Republican,Robbyn Maylott (Trump),377
Cocke,Delegate,At-Large,Republican,Samuel Funk (Haley),303
Cocke,Delegate,At-Large,Republican,Sandi Figg (Haley),426
Cocke,Delegate,At-Large,Republican,Scott Smith (DeSantis),128
Cocke,Delegate,At-Large,Republican,Sharon B. Anderson (Trump),1939
Cocke,Delegate,At-Large,Republican,Sherri P. Lee (DeSantis),147
Cocke,Delegate,At-Large,Republican,Sondra Morris (DeSantis),139
Cocke,Delegate,At-Large,Republican,Stephanie Nash (Trump),503
Cocke,Delegate,At-Large,Republican,Steven Tyler Giorno (Trump),2053
Cocke,Delegate,At-Large,Republican,Teresa Dix (DeSantis),133
Cocke,Delegate,At-Large,Republican,Terri Nicholson (Trump),458
Cocke,Delegate,At-Large,Republican,Tina Benkiser (DeSantis),115
Cocke,Delegate,At-Large,Republican,Todd R. Cruse (Haley),420
Cocke,Delegate,At-Large,Republican,Zachary Lambert (Trump),684
Cocke,Presidential Preference,NA,Democratic,Joseph R. Biden,180
Cocke,Presidential Preference,NA,Democratic,Uncommitted,16
Cocke,Presidential Preference,NA,Republican,Asa Hutchinson,10
Cocke,Presidential Preference,NA,Republican,Chris Christie,20
Cocke,Presidential Preference,NA,Republican,David Stuckenberg,3
Cocke,Presidential Preference,NA,Republican,Donald J. Trump,4540
Cocke,Presidential Preference,NA,Republican,Nikki Haley,567
Cocke,Presidential Preference,NA,Republican,Ron DeSantis,32
Cocke,Presidential Preference,NA,Republican,Ryan Binkley,10
Cocke,Presidential Preference,NA,Republican,Uncommitted,45
Cocke,Presidential Preference,NA,Republican,Vivek Ramaswamy,7
Coffee,Delegate,4,Republican,Andrew Joseph Kingsolver (Haley),467
Coffee,Delegate,4,Republican,Ashley S. Moore (DeSantis),93
Coffee,Delegate,4,Republican,Caleb Tidwell (DeSantis),76
Coffee,Delegate,4,Republican,Claudia Coco (Trump),1146
Coffee,Delegate,4,Republican,Clay Doggett (Trump),1643
Coffee,Delegate,4,Republican,Iva Michelle Russell (Trump),1362
Coffee,Delegate,4,Republican,James S. Kennedy (Haley),576
Coffee,Delegate,4,Republican,Jeffrey W. Dillard (Trump),1992
Coffee,Delegate,4,Republican,Katherine Hudgins (DeSantis),137
Coffee,Delegate,4,Republican,Kip Capley (Trump),1801
Coffee,Delegate,4,Republican,Lucas Hutchinson (DeSantis),112
Coffee,Delegate,4,Republican,Lynne Davis (Trump),1932
Coffee,Delegate,4,Republican,Matt Herriman (DeSantis),164
Coffee,Delegate,4,Republican,Myra Simons (DeSantis),52
Coffee,Delegate,4,Republican,Rhonda R Page (Haley),436
Coffee,Delegate,4,Republican,Susan Lightner Harris (Haley),739
Coffee,Delegate,4,Republican,Teresa (Terrie) Kirby (Haley),468
Coffee,Delegate,At-Large,Republican,Abigail Arpin (Trump),1990
Coffee,Delegate,At-Large,Republican,Archie Pierce (Haley),360
Coffee,Delegate,At-Large,Republican,Barbara Boswell (Trump),2419
Coffee,Delegate,At-Large,Republican,Betsy Funk (Haley),816
Coffee,Delegate,At-Large,Republican,Bill Campbell (DeSantis),294
Coffee,Delegate,At-Large,Republican,Bill Young (Haley),269
Coffee,Delegate,At-Large,Republican,Billy J. Stokes (DeSantis),118
Coffee,Delegate,At-Large,Republican,Brad Grantham (DeSantis),235
Coffee,Delegate,At-Large,Republican,Calvin Rogers Clayton (Trump),2412
Coffee,Delegate,At-Large,Republican,Chad Blackburn (Trump),2831
Coffee,Delegate,At-Large,Republican,Chad Story (DeSantis),116
Coffee,Delegate,At-Large,Republican,Charles E. Allen Jr. (DeSantis),299
Coffee,Delegate,At-Large,Republican,Charlie Cato (DeSantis),173
Coffee,Delegate,At-Large,Republican,Charlotte Myers (Trump),1572
Coffee,Delegate,At-Large,Republican,Cheryl S. Harvey (Haley),873
Coffee,Delegate,At-Large,Republican,Chris Walker (DeSantis),156
Coffee,Delegate,At-Large,Republican,Debra Maggart Breske (Haley),721
Coffee,Delegate,At-Large,Republican,Dennis H. Beavers (Trump),2587
Coffee,Delegate,At-Large,Republican,Derrick Calcote (DeSantis),200
Coffee,Delegate,At-Large,Republican,Dia Hart (Uncommitted),69
Coffee,Delegate,At-Large,Republican,Don Alan Miller (Haley),755
Coffee,Delegate,At-Large,Republican,Emily Pearse (Haley),517
Coffee,Delegate,At-Large,Republican,Eric Joe Mayo (Haley),802
Coffee,Delegate,At-Large,Republican,Forrest B. Hutchinson (DeSantis),203
Coffee,Delegate,At-Large,Republican,Gloria A. Giorno (Trump),2000
Coffee,Delegate,At-Large,Republican,Harrison Vinett (Trump),1312
Coffee,Delegate,At-Large,Republican,Jaclyn Colbeth (Trump),2254
Coffee,Delegate,At-Large,Republican,"James C. Phillips, Jr. (Haley)",364
Coffee,Delegate,At-Large,Republican,Jane G. Ferrell (Haley),831
Coffee,Delegate,At-Large,Republican,Jason Emert (DeSantis),209
Coffee,Delegate,At-Large,Republican,John R Roberts (DeSantis),228
Coffee,Delegate,At-Large,Republican,John Rose (Trump),2095
Coffee,Delegate,At-Large,Republican,Jonathan Merkh (Haley),763
Coffee,Delegate,At-Large,Republican,Julia Atchley-Pace (Trump),2055
Coffee,Delegate,At-Large,Republican,Kelly Barger (Trump),2311
Coffee,Delegate,At-Large,Republican,Kevin Desmond (Haley),778
Coffee,Delegate,At-Large,Republican,Layne Provine (DeSantis),98
Coffee,Delegate,At-Large,Republican,Lisa Ann Flowers (Uncommitted),123
Coffee,Delegate,At-Large,Republican,Lucas Heaton (Trump),1471
Coffee,Delegate,At-Large,Republican,Marilyn Betz (Trump),1981
Coffee,Delegate,At-Large,Republican,Marilyn Hutchinson (DeSantis),231
Coffee,Delegate,At-Large,Republican,Mary Kate Brown (DeSantis),268
Coffee,Delegate,At-Large,Republican,Mason Foley (Haley),731
Coffee,Delegate,At-Large,Republican,Max Bonner (Trump),2389
Coffee,Delegate,At-Large,Republican,Michael Fulbright (Haley),764
Coffee,Delegate,At-Large,Republican,Monica Mountain (DeSantis),172
Coffee,Delegate,At-Large,Republican,Mya Conrad (Trump),1853
Coffee,Delegate,At-Large,Republican,Neil Rader (Haley),354
Coffee,Delegate,At-Large,Republican,Patricia Woodard (Trump),1666
Coffee,Delegate,At-Large,Republican,Paul Van Hoesen (Haley),196
Coffee,Delegate,At-Large,Republican,Preston George (Haley),819
Coffee,Delegate,At-Large,Republican,Rick Williams (Trump),1894
Coffee,Delegate,At-Large,Republican,Robbyn Maylott (Trump),1085
Coffee,Delegate,At-Large,Republican,Samuel Funk (Haley),726
Coffee,Delegate,At-Large,Republican,Sandi Figg (Haley),834
Coffee,Delegate,At-Large,Republican,Scott Smith (DeSantis),142
Coffee,Delegate,At-Large,Republican,Sharon B. Anderson (Trump),2386
Coffee,Delegate,At-Large,Republican,Sherri P. Lee (DeSantis),217
Coffee,Delegate,At-Large,Republican,Sondra Morris (DeSantis),216
Coffee,Delegate,At-Large,Republican,Stephanie Nash (Trump),1599
Coffee,Delegate,At-Large,Republican,Steven Tyler Giorno (Trump),2118
Coffee,Delegate,At-Large,Republican,Teresa Dix (DeSantis),235
Coffee,Delegate,At-Large,Republican,Terri Nicholson (Trump),1521
Coffee,Delegate,At-Large,Republican,Tina Benkiser (DeSantis),193
Coffee,Delegate,At-Large,Republican,Todd R. Cruse (Haley),770
Coffee,Delegate,At-Large,Republican,Zachary Lambert (Trump),1785
Coffee,Presidential Preference,NA,Democratic,Joseph R. Biden,444
Coffee,Presidential Preference,NA,Democratic,Uncommitted,32
Coffee,Presidential Preference,NA,Republican,Asa Hutchinson,10
Coffee,Presidential Preference,NA,Republican,Chris Christie,17
Coffee,Presidential Preference,NA,Republican,David Stuckenberg,8
Coffee,Presidential Preference,NA,Republican,Donald J. Trump,4820
Coffee,Presidential Preference,NA,Republican,Nikki Haley,1124
Coffee,Presidential Preference,NA,Republican,Ron DeSantis,110
Coffee,Presidential Preference,NA,Republican,Ryan Binkley,10
Coffee,Presidential Preference,NA,Republican,Uncommitted,117
Coffee,Presidential Preference,NA,Republican,Vivek Ramaswamy,13
Crockett,Delegate,8,Republican,Jimmy Harris (DeSantis),25
Crockett,Delegate,8,Republican,Johnny Bellis (DeSantis),15
Crockett,Delegate,8,Republican,Joseph Coury (Trump),208
Crockett,Delegate,8,Republican,Joseph Glenn Butler (Trump),304
Crockett,Delegate,8,Republican,Kathryn Bryson (DeSantis),10
Crockett,Delegate,8,Republican,Kevin J. Powers (Trump),233
Crockett,Delegate,8,Republican,Kimberly Ann Perry (Haley),60
Crockett,Delegate,8,Republican,Kimberly Lax (Trump),205
Crockett,Delegate,8,Republican,Lauren W. Douglass (Haley),45
Crockett,Delegate,8,Republican,Luke Cymbal (DeSantis),6
Crockett,Delegate,8,Republican,Missy Marshall (DeSantis),6
Crockett,Delegate,8,Republican,Nicholas Perry (Haley),41
Crockett,Delegate,8,Republican,Pam Proctor (DeSantis),5
Crockett,Delegate,8,Republican,Ron M. Gant (Trump),296
Crockett,Delegate,8,Republican,Scott Douglass (Haley),58
Crockett,Delegate,8,Republican,Tess Robbins (Trump),143
Crockett,Delegate,At-Large,Republican,Abigail Arpin (Trump),322
Crockett,Delegate,At-Large,Republican,Archie Pierce (Haley),18
Crockett,Delegate,At-Large,Republican,Barbara Boswell (Trump),351
Crockett,Delegate,At-Large,Republican,Betsy Funk (Haley),60
Crockett,Delegate,At-Large,Republican,Bill Campbell (DeSantis),45
Crockett,Delegate,At-Large,Republican,Bill Young (Haley),30
Crockett,Delegate,At-Large,Republican,Billy J. Stokes (DeSantis),17
Crockett,Delegate,At-Large,Republican,Brad Grantham (DeSantis),33
Crockett,Delegate,At-Large,Republican,Calvin Rogers Clayton (Trump),397
Crockett,Delegate,At-Large,Republican,Chad Blackburn (Trump),459
Crockett,Delegate,At-Large,Republican,Chad Story (DeSantis),15
Crockett,Delegate,At-Large,Republican,Charles E. Allen Jr. (DeSantis),68
Crockett,Delegate,At-Large,Republican,Charlie Cato (DeSantis),29
Crockett,Delegate,At-Large,Republican,Charlotte Myers (Trump),141
Crockett,Delegate,At-Large,Republican,Cheryl S. Harvey (Haley),57
Crockett,Delegate,At-Large,Republican,Chris Walker (DeSantis),16
Crockett,Delegate,At-Large,Republican,Debra Maggart Breske (Haley),51
Crockett,Delegate,At-Large,Republican,Dennis H. Beavers (Trump),373
Crockett,Delegate,At-Large,Republican,Derrick Calcote (DeSantis),28
Crockett,Delegate,At-Large,Republican,Dia Hart (Uncommitted),6
Crockett,Delegate,At-Large,Republican,Don Alan Miller (Haley),51
Crockett,Delegate,At-Large,Republican,Emily Pearse (Haley),23
Crockett,Delegate,At-Large,Republican,Eric Joe Mayo (Haley),58
Crockett,Delegate,At-Large,Republican,Forrest B. Hutchinson (DeSantis),38
Crockett,Delegate,At-Large,Republican,Gloria A. Giorno (Trump),323
Crockett,Delegate,At-Large,Republican,Harrison Vinett (Trump),100
Crockett,Delegate,At-Large,Republican,Jaclyn Colbeth (Trump),330
Crockett,Delegate,At-Large,Republican,"James C. Phillips, Jr. (Haley)",17
Crockett,Delegate,At-Large,Republican,Jane G. Ferrell (Haley),63
Crockett,Delegate,At-Large,Republican,Jason Emert (DeSantis),39
Crockett,Delegate,At-Large,Republican,John R Roberts (DeSantis),33
Crockett,Delegate,At-Large,Republican,John Rose (Trump),166
Crockett,Delegate,At-Large,Republican,Jonathan Merkh (Haley),54
Crockett,Delegate,At-Large,Republican,Julia Atchley-Pace (Trump),347
Crockett,Delegate,At-Large,Republican,Kelly Barger (Trump),381
Crockett,Delegate,At-Large,Republican,Kevin Desmond (Haley),56
Crockett,Delegate,At-Large,Republican,Layne Provine (DeSantis),23
Crockett,Delegate,At-Large,Republican,Lisa Ann Flowers (Uncommitted),11
Crockett,Delegate,At-Large,Republican,Lucas Heaton (Trump),257
Crockett,Delegate,At-Large,Republican,Marilyn Betz (Trump),329
Crockett,Delegate,At-Large,Republican,Marilyn Hutchinson (DeSantis),48
Crockett,Delegate,At-Large,Republican,Mary Kate Brown (DeSantis),53
Crockett,Delegate,At-Large,Republican,Mason Foley (Haley),57
Crockett,Delegate,At-Large,Republican,Max Bonner (Trump),373
Crockett,Delegate,At-Large,Republican,Michael Fulbright (Haley),61
Crockett,Delegate,At-Large,Republican,Monica Mountain (DeSantis),36
Crockett,Delegate,At-Large,Republican,Mya Conrad (Trump),342
Crockett,Delegate,At-Large,Republican,Neil Rader (Haley),18
Crockett,Delegate,At-Large,Republican,Patricia Woodard (Trump),109
Crockett,Delegate,At-Large,Republican,Paul Van Hoesen (Haley),15
Crockett,Delegate,At-Large,Republican,Preston George (Haley),64
Crockett,Delegate,At-Large,Republican,Rick Williams (Trump),163
Crockett,Delegate,At-Large,Republican,Robbyn Maylott (Trump),167
Crockett,Delegate,At-Large,Republican,Samuel Funk (Haley),60
Crockett,Delegate,At-Large,Republican,Sandi Figg (Haley),61
Crockett,Delegate,At-Large,Republican,Scott Smith (DeSantis),36
Crockett,Delegate,At-Large,Republican,Sharon B. Anderson (Trump),365
Crockett,Delegate,At-Large,Republican,Sherri P. Lee (DeSantis),34
Crockett,Delegate,At-Large,Republican,Sondra Morris (DeSantis),32
Crockett,Delegate,At-Large,Republican,Stephanie Nash (Trump),144
Crockett,Delegate,At-Large,Republican,Steven Tyler Giorno (Trump),355
Crockett,Delegate,At-Large,Republican,Teresa Dix (DeSantis),32
Crockett,Delegate,At-Large,Republican,Terri Nicholson (Trump),139
Crockett,Delegate,At-Large,Republican,Tina Benkiser (DeSantis),31
Crockett,Delegate,At-Large,Republican,Todd R. Cruse (Haley),65
Crockett,Delegate,At-Large,Republican,Zachary Lambert (Trump),291
Crockett,Presidential Preference,NA,Democratic,Joseph R. Biden,94
Crockett,Presidential Preference,NA,Democratic,Uncommitted,8
Crockett,Presidential Preference,NA,Republican,Asa Hutchinson,1
Crockett,Presidential Preference,NA,Republican,Chris Christie,2
Crockett,Presidential Preference,NA,Republican,David Stuckenberg,1
Crockett,Presidential Preference,NA,Republican,Donald J. Trump,1050
Crockett,Presidential Preference,NA,Republican,Nikki Haley,117
Crockett,Presidential Preference,NA,Republican,Ron DeSantis,8
Crockett,Presidential Preference,NA,Republican,Ryan Binkley,1
Crockett,Presidential Preference,NA,Republican,Uncommitted,10
Crockett,Presidential Preference,NA,Republican,Vivek Ramaswamy,0
Cumberland,Criminal Court Judge Part III,13,Democratic,No Candidate Qualified,0
Cumberland,Criminal Court Judge Part III,13,Republican,Shawn C. Fry,7800
Cumberland,Delegate,6,Republican,Brock Hill (DeSantis),373
Cumberland,Delegate,6,Republican,Chelsea Rose (Trump),3011
Cumberland,Delegate,6,Republican,Craig Clark (Trump),3754
Cumberland,Delegate,6,Republican,Garrett T Floyd (Trump),2618
Cumberland,Delegate,6,Republican,Jeff Coker (Haley),712
Cumberland,Delegate,6,Republican,Kelly Keisling (Trump),2495
Cumberland,Delegate,6,Republican,Kristy Freewalt (Haley),970
Cumberland,Delegate,6,Republican,Laura Baigert (Trump),2511
Cumberland,Delegate,6,Republican,Luke Tinsley (DeSantis),90
Cumberland,Delegate,6,Republican,Mary Andersen (DeSantis),168
Cumberland,Delegate,6,Republican,Mike Callahan (Trump),3766
Cumberland,Delegate,6,Republican,Nicholas Ivey (Haley),526
Cumberland,Delegate,6,Republican,Paige Brown (DeSantis),144
Cumberland,Delegate,6,Republican,Randy Stamps (Haley),461
Cumberland,Delegate,6,Republican,Richard Murphy (DeSantis),91
Cumberland,Delegate,6,Republican,Stanley Bertch (Haley),523
Cumberland,Delegate,At-Large,Republican,Abigail Arpin (Trump),4501
Cumberland,Delegate,At-Large,Republican,Archie Pierce (Haley),237
Cumberland,Delegate,At-Large,Republican,Barbara Boswell (Trump),5045
Cumberland,Delegate,At-Large,Republican,Betsy Funk (Haley),1031
Cumberland,Delegate,At-Large,Republican,Bill Campbell (DeSantis),555
Cumberland,Delegate,At-Large,Republican,Bill Young (Haley),269
Cumberland,Delegate,At-Large,Republican,Billy J. Stokes (DeSantis),293
Cumberland,Delegate,At-Large,Republican,Brad Grantham (DeSantis),464
Cumberland,Delegate,At-Large,Republican,Calvin Rogers Clayton (Trump),5124
Cumberland,Delegate,At-Large,Republican,Chad Blackburn (Trump),5763
Cumberland,Delegate,At-Large,Republican,Chad Story (DeSantis),274
Cumberland,Delegate,At-Large,Republican,Charles E. Allen Jr. (DeSantis),569
Cumberland,Delegate,At-Large,Republican,Charlie Cato (DeSantis),406
Cumberland,Delegate,At-Large,Republican,Charlotte Myers (Trump),1249
Cumberland,Delegate,At-Large,Republican,Cheryl S. Harvey (Haley),1028
Cumberland,Delegate,At-Large,Republican,Chris Walker (DeSantis),331
Cumberland,Delegate,At-Large,Republican,Debra Maggart Breske (Haley),1248
Cumberland,Delegate,At-Large,Republican,Dennis H. Beavers (Trump),5113
Cumberland,Delegate,At-Large,Republican,Derrick Calcote (DeSantis),381
Cumberland,Delegate,At-Large,Republican,Dia Hart (Uncommitted),65
Cumberland,Delegate,At-Large,Republican,Don Alan Miller (Haley),885
Cumberland,Delegate,At-Large,Republican,Emily Pearse (Haley),401
Cumberland,Delegate,At-Large,Republican,Eric Joe Mayo (Haley),948
Cumberland,Delegate,At-Large,Republican,Forrest B. Hutchinson (DeSantis),506
Cumberland,Delegate,At-Large,Republican,Gloria A. Giorno (Trump),4832
Cumberland,Delegate,At-Large,Republican,Harrison Vinett (Trump),931
Cumberland,Delegate,At-Large,Republican,Jaclyn Colbeth (Trump),4886
Cumberland,Delegate,At-Large,Republican,"James C. Phillips, Jr. (Haley)",267
Cumberland,Delegate,At-Large,Republican,Jane G. Ferrell (Haley),1319
Cumberland,Delegate,At-Large,Republican,Jason Emert (DeSantis),442
Cumberland,Delegate,At-Large,Republican,John R Roberts (DeSantis),346
Cumberland,Delegate,At-Large,Republican,John Rose (Trump),2310
Cumberland,Delegate,At-Large,Republican,Jonathan Merkh (Haley),930
Cumberland,Delegate,At-Large,Republican,Julia Atchley-Pace (Trump),4767
Cumberland,Delegate,At-Large,Republican,Kelly Barger (Trump),5040
Cumberland,Delegate,At-Large,Republican,Kevin Desmond (Haley),1258
Cumberland,Delegate,At-Large,Republican,Layne Provine (DeSantis),252
Cumberland,Delegate,At-Large,Republican,Lisa Ann Flowers (Uncommitted),199
Cumberland,Delegate,At-Large,Republican,Lucas Heaton (Trump),2505
Cumberland,Delegate,At-Large,Republican,Marilyn Betz (Trump),4621
Cumberland,Delegate,At-Large,Republican,Marilyn Hutchinson (DeSantis),534
Cumberland,Delegate,At-Large,Republican,Mary Kate Brown (DeSantis),510
Cumberland,Delegate,At-Large,Republican,Mason Foley (Haley),981
Cumberland,Delegate,At-Large,Republican,Max Bonner (Trump),5051
Cumberland,Delegate,At-Large,Republican,Michael Fulbright (Haley),994
Cumberland,Delegate,At-Large,Republican,Monica Mountain (DeSantis),424
Cumberland,Delegate,At-Large,Republican,Mya Conrad (Trump),4689
Cumberland,Delegate,At-Large,Republican,Neil Rader (Haley),233
Cumberland,Delegate,At-Large,Republican,Patricia Woodard (Trump),1160
Cumberland,Delegate,At-Large,Republican,Paul Van Hoesen (Haley),213
Cumberland,Delegate,At-Large,Republican,Preston George (Haley),954
Cumberland,Delegate,At-Large,Republican,Rick Williams (Trump),1506
Cumberland,Delegate,At-Large,Republican,Robbyn Maylott (Trump),889
Cumberland,Delegate,At-Large,Republican,Samuel Funk (Haley),942
Cumberland,Delegate,At-Large,Republican,Sandi Figg (Haley),1262
Cumberland,Delegate,At-Large,Republican,Scott Smith (DeSantis),342
Cumberland,Delegate,At-Large,Republican,Sharon B. Anderson (Trump),4635
Cumberland,Delegate,At-Large,Republican,Sherri P. Lee (DeSantis),474
Cumberland,Delegate,At-Large,Republican,Sondra Morris (DeSantis),452
Cumberland,Delegate,At-Large,Republican,Stephanie Nash (Trump),1278
Cumberland,Delegate,At-Large,Republican,Steven Tyler Giorno (Trump),4935
Cumberland,Delegate,At-Large,Republican,Teresa Dix (DeSantis),457
Cumberland,Delegate,At-Large,Republican,Terri Nicholson (Trump),1139
Cumberland,Delegate,At-Large,Republican,Tina Benkiser (DeSantis),404
Cumberland,Delegate,At-Large,Republican,Todd R. Cruse (Haley),1267
Cumberland,Delegate,At-Large,Republican,Zachary Lambert (Trump),1641
Cumberland,Presidential Preference,NA,Democratic,Joseph R. Biden,666
Cumberland,Presidential Preference,NA,Democratic,Uncommitted,36
Cumberland,Presidential Preference,NA,Republican,Asa Hutchinson,11
Cumberland,Presidential Preference,NA,Republican,Chris Christie,32
Cumberland,Presidential Preference,NA,Republican,David Stuckenberg,2
Cumberland,Presidential Preference,NA,Republican,Donald J. Trump,8910
Cumberland,Presidential Preference,NA,Republican,Nikki Haley,1521
Cumberland,Presidential Preference,NA,Republican,Ron DeSantis,151
Cumberland,Presidential Preference,NA,Republican,Ryan Binkley,20
Cumberland,Presidential Preference,NA,Republican,Uncommitted,63
Cumberland,Presidential Preference,NA,Republican,Vivek Ramaswamy,18
Davidson,Circuit Court Judge Division IV,20 (unexpired term),Democratic,Audrey Anderson,4614
Davidson,Circuit Court Judge Division IV,20 (unexpired term),Democratic,"Stanley ""Stan"" Kweller",3076
Davidson,Circuit Court Judge Division IV,20 (unexpired term),Democratic,Stephanie J. Williams,23500
Davidson,Circuit Court Judge Division IV,20 (unexpired term),Democratic,Tusca Alexis,4187
Davidson,Circuit Court Judge Division IV,20 (unexpired term),Republican,No Candidate Qualified,0
Davidson,Delegate,5,Republican,Angie McClanahan (DeSantis),195
Davidson,Delegate,5,Republican,Bernard Riney Green (Haley),993
Davidson,Delegate,5,Republican,Billy Wayne Akin (DeSantis),264
Davidson,Delegate,5,Republican,Brad Lytle (Trump),4478
Davidson,Delegate,5,Republican,"Charles ""Brian"" Shipp",1127
Davidson,Delegate,5,Republican,Cyndi Miller (Trump),3887
Davidson,Delegate,5,Republican,Gino Bulso (DeSantis),251
Davidson,Delegate,5,Republican,Lona R. Heins (Trump),3193
Davidson,Delegate,5,Republican,Lulu Elam (Trump),3454
Davidson,Delegate,5,Republican,Matthew Fitterer (Haley),1876
Davidson,Delegate,5,Republican,Minna Gioia (Haley),2200
Davidson,Delegate,5,Republican,Pam Prevost (DeSantis),181
Davidson,Delegate,5,Republican,Robert Arnold (DeSantis),267
Davidson,Delegate,5,Republican,Sandra R. Dickerson (Haley),3038
Davidson,Delegate,5,Republican,Sarah Lytton Buchanan (Haley),2988
Davidson,Delegate,5,Republican,Vincent A. Cuevas (Trump),3721
Davidson,Delegate,6,Republican,Brock Hill (DeSantis),90
Davidson,Delegate,6,Republican,Chelsea Rose (Trump),979
Davidson,Delegate,6,Republican,Craig Clark (Trump),1438
Davidson,Delegate,6,Republican,Garrett T Floyd (Trump),1177
Davidson,Delegate,6,Republican,Jeff Coker (Haley),745
Davidson,Delegate,6,Republican,Kelly Keisling (Trump),871
Davidson,Delegate,6,Republican,Kristy Freewalt (Haley),974
Davidson,Delegate,6,Republican,Laura Baigert (Trump),1157
Davidson,Delegate,6,Republican,Luke Tinsley (DeSantis),55
Davidson,Delegate,6,Republican,Mary Andersen (DeSantis),93
Davidson,Delegate,6,Republican,Mike Callahan (Trump),1711
Davidson,Delegate,6,Republican,Nicholas Ivey (Haley),467
Davidson,Delegate,6,Republican,Paige Brown (DeSantis),91
Davidson,Delegate,6,Republican,Randy Stamps (Haley),448
Davidson,Delegate,6,Republican,Richard Murphy (DeSantis),47
Davidson,Delegate,6,Republican,Stanley Bertch (Haley),537
Davidson,Delegate,7,Republican,"Cassandra ""Casey"" Mahoney (DeSantis)",52
Davidson,Delegate,7,Republican,Cheryl Brown (Trump),835
Davidson,Delegate,7,Republican,Jeffrey L. Eby (DeSantis),70
Davidson,Delegate,7,Republican,Mark Moore (Trump),1120
Davidson,Delegate,7,Republican,Mary Ann Degan (Haley),916
Davidson,Delegate,7,Republican,Mary Ann Parks (Trump),726
Davidson,Delegate,7,Republican,Mary Littleton (Trump),968
Davidson,Delegate,7,Republican,Michelle Foreman (Trump),965
Davidson,Delegate,7,Republican,Natalie Pearce (Trump),361
Davidson,Delegate,7,Republican,Nina M. Kumar (Haley),974
Davidson,Delegate,7,Republican,Patti Carroll (DeSantis),88
Davidson,Delegate,7,Republican,Richard Lee (DeSantis),97
Davidson,Delegate,7,Republican,Sabi 'Doc' Kumar (Haley),644
Davidson,Delegate,7,Republican,Susan Price (Haley),746
Davidson,Delegate,At-Large,Republican,Abigail Arpin (Trump),8289
Davidson,Delegate,At-Large,Republican,Archie Pierce (Haley),2750
Davidson,Delegate,At-Large,Republican,Barbara Boswell (Trump),8685
Davidson,Delegate,At-Large,Republican,Betsy Funk (Haley),7534
Davidson,Delegate,At-Large,Republican,Bill Campbell (DeSantis),959
Davidson,Delegate,At-Large,Republican,Bill Young (Haley),3011
Davidson,Delegate,At-Large,Republican,Billy J. Stokes (DeSantis),419
Davidson,Delegate,At-Large,Republican,Brad Grantham (DeSantis),677
Davidson,Delegate,At-Large,Republican,Calvin Rogers Clayton (Trump),8520
Davidson,Delegate,At-Large,Republican,Chad Blackburn (Trump),10793
Davidson,Delegate,At-Large,Republican,Chad Story (DeSantis),423
Davidson,Delegate,At-Large,Republican,Charles E. Allen Jr. (DeSantis),882
Davidson,Delegate,At-Large,Republican,Charlie Cato (DeSantis),713
Davidson,Delegate,At-Large,Republican,Charlotte Myers (Trump),4440
Davidson,Delegate,At-Large,Republican,Cheryl S. Harvey (Haley),7690
Davidson,Delegate,At-Large,Republican,Chris Walker (DeSantis),529
Davidson,Delegate,At-Large,Republican,Debra Maggart Breske (Haley),6785
Davidson,Delegate,At-Large,Republican,Dennis H. Beavers (Trump),9668
Davidson,Delegate,At-Large,Republican,Derrick Calcote (DeSantis),605
Davidson,Delegate,At-Large,Republican,Dia Hart (Uncommitted),580
Davidson,Delegate,At-Large,Republican,Don Alan Miller (Haley),6168
Davidson,Delegate,At-Large,Republican,Emily Pearse (Haley),4795
Davidson,Delegate,At-Large,Republican,Eric Joe Mayo (Haley),6894
Davidson,Delegate,At-Large,Republican,Forrest B. Hutchinson (DeSantis),708
Davidson,Delegate,At-Large,Republican,Gloria A. Giorno (Trump),8379
Davidson,Delegate,At-Large,Republican,Harrison Vinett (Trump),3652
Davidson,Delegate,At-Large,Republican,Jaclyn Colbeth (Trump),7889
Davidson,Delegate,At-Large,Republican,"James C. Phillips, Jr. (Haley)",2888
Davidson,Delegate,At-Large,Republican,Jane G. Ferrell (Haley),7439
Davidson,Delegate,At-Large,Republican,Jason Emert (DeSantis),651
Davidson,Delegate,At-Large,Republican,John R Roberts (DeSantis),528
Davidson,Delegate,At-Large,Republican,John Rose (Trump),6323
Davidson,Delegate,At-Large,Republican,Jonathan Merkh (Haley),6590
Davidson,Delegate,At-Large,Republican,Julia Atchley-Pace (Trump),8044
Davidson,Delegate,At-Large,Republican,Kelly Barger (Trump),8975
Davidson,Delegate,At-Large,Republican,Kevin Desmond (Haley),6615
Davidson,Delegate,At-Large,Republican,Layne Provine (DeSantis),307
Davidson,Delegate,At-Large,Republican,Lisa Ann Flowers (Uncommitted),967
Davidson,Delegate,At-Large,Republican,Lucas Heaton (Trump),5259
Davidson,Delegate,At-Large,Republican,Marilyn Betz (Trump),7607
Davidson,Delegate,At-Large,Republican,Marilyn Hutchinson (DeSantis),736
Davidson,Delegate,At-Large,Republican,Mary Kate Brown (DeSantis),839
Davidson,Delegate,At-Large,Republican,Mason Foley (Haley),6800
Davidson,Delegate,At-Large,Republican,Max Bonner (Trump),8886
Davidson,Delegate,At-Large,Republican,Michael Fulbright (Haley),7310
Davidson,Delegate,At-Large,Republican,Monica Mountain (DeSantis),609
Davidson,Delegate,At-Large,Republican,Mya Conrad (Trump),7155
Davidson,Delegate,At-Large,Republican,Neil Rader (Haley),2676
Davidson,Delegate,At-Large,Republican,Patricia Woodard (Trump),4657
Davidson,Delegate,At-Large,Republican,Paul Van Hoesen (Haley),2531
Davidson,Delegate,At-Large,Republican,Preston George (Haley),6971
Davidson,Delegate,At-Large,Republican,Rick Williams (Trump),5933
Davidson,Delegate,At-Large,Republican,Robbyn Maylott (Trump),3155
Davidson,Delegate,At-Large,Republican,Samuel Funk (Haley),6801
Davidson,Delegate,At-Large,Republican,Sandi Figg (Haley),7290
Davidson,Delegate,At-Large,Republican,Scott Smith (DeSantis),417
Davidson,Delegate,At-Large,Republican,Sharon B. Anderson (Trump),10814
Davidson,Delegate,At-Large,Republican,Sherri P. Lee (DeSantis),664
Davidson,Delegate,At-Large,Republican,Sondra Morris (DeSantis),633
Davidson,Delegate,At-Large,Republican,Stephanie Nash (Trump),5334
Davidson,Delegate,At-Large,Republican,Steven Tyler Giorno (Trump),8486
Davidson,Delegate,At-Large,Republican,Teresa Dix (DeSantis),721
Davidson,Delegate,At-Large,Republican,Terri Nicholson (Trump),4695
Davidson,Delegate,At-Large,Republican,Tina Benkiser (DeSantis),659
Davidson,Delegate,At-Large,Republican,Todd R. Cruse (Haley),6540
Davidson,Delegate,At-Large,Republican,Zachary Lambert (Trump),5489
Davidson,Presidential Preference,NA,Democratic,Joseph R. Biden,33313
Davidson,Presidential Preference,NA,Democratic,Uncommitted,3471
Davidson,Presidential Preference,NA,Republican,Asa Hutchinson,22
Davidson,Presidential Preference,NA,Republican,Chris Christie,107
Davidson,Presidential Preference,NA,Republican,David Stuckenberg,22
Davidson,Presidential Preference,NA,Republican,Donald J. Trump,17243
Davidson,Presidential Preference,NA,Republican,Nikki Haley,10221
Davidson,Presidential Preference,NA,Republican,Ron DeSantis,355
Davidson,Presidential Preference,NA,Republican,Ryan Binkley,42
Davidson,Presidential Preference,NA,Republican,Uncommitted,165
Davidson,Presidential Preference,NA,Republican,Vivek Ramaswamy,108
DeKalb,Criminal Court Judge Part III,13,Democratic,No Candidate Qualified,0
DeKalb,Criminal Court Judge Part III,13,Republican,Shawn C. Fry,1637
DeKalb,Delegate,6,Republican,Brock Hill (DeSantis),30
DeKalb,Delegate,6,Republican,Chelsea Rose (Trump),632
DeKalb,Delegate,6,Republican,Craig Clark (Trump),721
DeKalb,Delegate,6,Republican,Garrett T Floyd (Trump),602
DeKalb,Delegate,6,Republican,Jeff Coker (Haley),126
DeKalb,Delegate,6,Republican,Kelly Keisling (Trump),464
DeKalb,Delegate,6,Republican,Kristy Freewalt (Haley),159
DeKalb,Delegate,6,Republican,Laura Baigert (Trump),520
DeKalb,Delegate,6,Republican,Luke Tinsley (DeSantis),21
DeKalb,Delegate,6,Republican,Mary Andersen (DeSantis),21
DeKalb,Delegate,6,Republican,Mike Callahan (Trump),819
DeKalb,Delegate,6,Republican,Nicholas Ivey (Haley),69
DeKalb,Delegate,6,Republican,Paige Brown (DeSantis),19
DeKalb,Delegate,6,Republican,Randy Stamps (Haley),72
DeKalb,Delegate,6,Republican,Richard Murphy (DeSantis),22
DeKalb,Delegate,6,Republican,Stanley Bertch (Haley),92
DeKalb,Delegate,At-Large,Republican,Abigail Arpin (Trump),952
DeKalb,Delegate,At-Large,Republican,Archie Pierce (Haley),39
DeKalb,Delegate,At-Large,Republican,Barbara Boswell (Trump),1024
DeKalb,Delegate,At-Large,Republican,Betsy Funk (Haley),169
DeKalb,Delegate,At-Large,Republican,Bill Campbell (DeSantis),90
DeKalb,Delegate,At-Large,Republican,Bill Young (Haley),41
DeKalb,Delegate,At-Large,Republican,Billy J. Stokes (DeSantis),52
DeKalb,Delegate,At-Large,Republican,Brad Grantham (DeSantis),73
DeKalb,Delegate,At-Large,Republican,Calvin Rogers Clayton (Trump),1085
DeKalb,Delegate,At-Large,Republican,Chad Blackburn (Trump),1176
DeKalb,Delegate,At-Large,Republican,Chad Story (DeSantis),46
DeKalb,Delegate,At-Large,Republican,Charles E. Allen Jr. (DeSantis),96
DeKalb,Delegate,At-Large,Republican,Charlie Cato (DeSantis),60
DeKalb,Delegate,At-Large,Republican,Charlotte Myers (Trump),241
DeKalb,Delegate,At-Large,Republican,Cheryl S. Harvey (Haley),170
DeKalb,Delegate,At-Large,Republican,Chris Walker (DeSantis),56
DeKalb,Delegate,At-Large,Republican,Debra Maggart Breske (Haley),188
DeKalb,Delegate,At-Large,Republican,Dennis H. Beavers (Trump),1127
DeKalb,Delegate,At-Large,Republican,Derrick Calcote (DeSantis),60
DeKalb,Delegate,At-Large,Republican,Dia Hart (Uncommitted),13
DeKalb,Delegate,At-Large,Republican,Don Alan Miller (Haley),144
DeKalb,Delegate,At-Large,Republican,Emily Pearse (Haley),71
DeKalb,Delegate,At-Large,Republican,Eric Joe Mayo (Haley),156
DeKalb,Delegate,At-Large,Republican,Forrest B. Hutchinson (DeSantis),73
DeKalb,Delegate,At-Large,Republican,Gloria A. Giorno (Trump),977
DeKalb,Delegate,At-Large,Republican,Harrison Vinett (Trump),178
DeKalb,Delegate,At-Large,Republican,Jaclyn Colbeth (Trump),1022
DeKalb,Delegate,At-Large,Republican,"James C. Phillips, Jr. (Haley)",41
DeKalb,Delegate,At-Large,Republican,Jane G. Ferrell (Haley),205
DeKalb,Delegate,At-Large,Republican,Jason Emert (DeSantis),72
DeKalb,Delegate,At-Large,Republican,John R Roberts (DeSantis),69
DeKalb,Delegate,At-Large,Republican,John Rose (Trump),566
DeKalb,Delegate,At-Large,Republican,Jonathan Merkh (Haley),154
DeKalb,Delegate,At-Large,Republican,Julia Atchley-Pace (Trump),969
DeKalb,Delegate,At-Large,Republican,Kelly Barger (Trump),1035
DeKalb,Delegate,At-Large,Republican,Kevin Desmond (Haley),185
DeKalb,Delegate,At-Large,Republican,Layne Provine (DeSantis),43
DeKalb,Delegate,At-Large,Republican,Lisa Ann Flowers (Uncommitted),34
DeKalb,Delegate,At-Large,Republican,Lucas Heaton (Trump),490
DeKalb,Delegate,At-Large,Republican,Marilyn Betz (Trump),959
DeKalb,Delegate,At-Large,Republican,Marilyn Hutchinson (DeSantis),83
DeKalb,Delegate,At-Large,Republican,Mary Kate Brown (DeSantis),66
DeKalb,Delegate,At-Large,Republican,Mason Foley (Haley),161
DeKalb,Delegate,At-Large,Republican,Max Bonner (Trump),1069
DeKalb,Delegate,At-Large,Republican,Michael Fulbright (Haley),160
DeKalb,Delegate,At-Large,Republican,Monica Mountain (DeSantis),58
DeKalb,Delegate,At-Large,Republican,Mya Conrad (Trump),983
DeKalb,Delegate,At-Large,Republican,Neil Rader (Haley),40
DeKalb,Delegate,At-Large,Republican,Patricia Woodard (Trump),221
DeKalb,Delegate,At-Large,Republican,Paul Van Hoesen (Haley),41
DeKalb,Delegate,At-Large,Republican,Preston George (Haley),158
DeKalb,Delegate,At-Large,Republican,Rick Williams (Trump),289
DeKalb,Delegate,At-Large,Republican,Robbyn Maylott (Trump),205
DeKalb,Delegate,At-Large,Republican,Samuel Funk (Haley),161
DeKalb,Delegate,At-Large,Republican,Sandi Figg (Haley),191
DeKalb,Delegate,At-Large,Republican,Scott Smith (DeSantis),57
DeKalb,Delegate,At-Large,Republican,Sharon B. Anderson (Trump),960
DeKalb,Delegate,At-Large,Republican,Sherri P. Lee (DeSantis),51
DeKalb,Delegate,At-Large,Republican,Sondra Morris (DeSantis),56
DeKalb,Delegate,At-Large,Republican,Stephanie Nash (Trump),241
DeKalb,Delegate,At-Large,Republican,Steven Tyler Giorno (Trump),1007
DeKalb,Delegate,At-Large,Republican,Teresa Dix (DeSantis),63
DeKalb,Delegate,At-Large,Republican,Terri Nicholson (Trump),238
DeKalb,Delegate,At-Large,Republican,Tina Benkiser (DeSantis),52
DeKalb,Delegate,At-Large,Republican,Todd R. Cruse (Haley),198
DeKalb,Delegate,At-Large,Republican,Zachary Lambert (Trump),334
DeKalb,Presidential Preference,NA,Democratic,Joseph R. Biden,185
DeKalb,Presidential Preference,NA,Democratic,Uncommitted,23
DeKalb,Presidential Preference,NA,Republican,Asa Hutchinson,2
DeKalb,Presidential Preference,NA,Republican,Chris Christie,15
DeKalb,Presidential Preference,NA,Republican,David Stuckenberg,0
DeKalb,Presidential Preference,NA,Republican,Donald J. Trump,2242
DeKalb,Presidential Preference,NA,Republican,Nikki Haley,312
DeKalb,Presidential Preference,NA,Republican,Ron DeSantis,15
DeKalb,Presidential Preference,NA,Republican,Ryan Binkley,5
DeKalb,Presidential Preference,NA,Republican,Uncommitted,23
DeKalb,Presidential Preference,NA,Republican,Vivek Ramaswamy,4
Decatur,Delegate,7,Republican,"Cassandra ""Casey"" Mahoney (DeSantis)",11
Decatur,Delegate,7,Republican,Cheryl Brown (Trump),484
Decatur,Delegate,7,Republican,Jeffrey L. Eby (DeSantis),21
Decatur,Delegate,7,Republican,Mark Moore (Trump),562
Decatur,Delegate,7,Republican,Mary Ann Degan (Haley),97
Decatur,Delegate,7,Republican,Mary Ann Parks (Trump),301
Decatur,Delegate,7,Republican,Mary Littleton (Trump),411
Decatur,Delegate,7,Republican,Michelle Foreman (Trump),510
Decatur,Delegate,7,Republican,Natalie Pearce (Trump),301
Decatur,Delegate,7,Republican,Nina M. Kumar (Haley),83
Decatur,Delegate,7,Republican,Patti Carroll (DeSantis),21
Decatur,Delegate,7,Republican,Richard Lee (DeSantis),28
Decatur,Delegate,7,Republican,Sabi 'Doc' Kumar (Haley),55
Decatur,Delegate,7,Republican,Susan Price (Haley),80
Decatur,Delegate,At-Large,Republican,Abigail Arpin (Trump),650
Decatur,Delegate,At-Large,Republican,Archie Pierce (Haley),35
Decatur,Delegate,At-Large,Republican,Barbara Boswell (Trump),753
Decatur,Delegate,At-Large,Republican,Betsy Funk (Haley),103
Decatur,Delegate,At-Large,Republican,Bill Campbell (DeSantis),99
Decatur,Delegate,At-Large,Republican,Bill Young (Haley),58
Decatur,Delegate,At-Large,Republican,Billy J. Stokes (DeSantis),36
Decatur,Delegate,At-Large,Republican,Brad Grantham (DeSantis),59
Decatur,Delegate,At-Large,Republican,Calvin Rogers Clayton (Trump),807
Decatur,Delegate,At-Large,Republican,Chad Blackburn (Trump),905
Decatur,Delegate,At-Large,Republican,Chad Story (DeSantis),18
Decatur,Delegate,At-Large,Republican,Charles E. Allen Jr. (DeSantis),109
Decatur,Delegate,At-Large,Republican,Charlie Cato (DeSantis),56
Decatur,Delegate,At-Large,Republican,Charlotte Myers (Trump),224
Decatur,Delegate,At-Large,Republican,Cheryl S. Harvey (Haley),104
Decatur,Delegate,At-Large,Republican,Chris Walker (DeSantis),18
Decatur,Delegate,At-Large,Republican,Debra Maggart Breske (Haley),79
Decatur,Delegate,At-Large,Republican,Dennis H. Beavers (Trump),777
Decatur,Delegate,At-Large,Republican,Derrick Calcote (DeSantis),47
Decatur,Delegate,At-Large,Republican,Dia Hart (Uncommitted),22
Decatur,Delegate,At-Large,Republican,Don Alan Miller (Haley),93
Decatur,Delegate,At-Large,Republican,Emily Pearse (Haley),58
Decatur,Delegate,At-Large,Republican,Eric Joe Mayo (Haley),85
Decatur,Delegate,At-Large,Republican,Forrest B. Hutchinson (DeSantis),53
Decatur,Delegate,At-Large,Republican,Gloria A. Giorno (Trump),699
Decatur,Delegate,At-Large,Republican,Harrison Vinett (Trump),185
Decatur,Delegate,At-Large,Republican,Jaclyn Colbeth (Trump),718
Decatur,Delegate,At-Large,Republican,"James C. Phillips, Jr. (Haley)",34
Decatur,Delegate,At-Large,Republican,Jane G. Ferrell (Haley),95
Decatur,Delegate,At-Large,Republican,Jason Emert (DeSantis),61
Decatur,Delegate,At-Large,Republican,John R Roberts (DeSantis),45
Decatur,Delegate,At-Large,Republican,John Rose (Trump),279
Decatur,Delegate,At-Large,Republican,Jonathan Merkh (Haley),86
Decatur,Delegate,At-Large,Republican,Julia Atchley-Pace (Trump),665
Decatur,Delegate,At-Large,Republican,Kelly Barger (Trump),769
Decatur,Delegate,At-Large,Republican,Kevin Desmond (Haley),92
Decatur,Delegate,At-Large,Republican,Layne Provine (DeSantis),34
Decatur,Delegate,At-Large,Republican,Lisa Ann Flowers (Uncommitted),40
Decatur,Delegate,At-Large,Republican,Lucas Heaton (Trump),337
Decatur,Delegate,At-Large,Republican,Marilyn Betz (Trump),658
Decatur,Delegate,At-Large,Republican,Marilyn Hutchinson (DeSantis),53
Decatur,Delegate,At-Large,Republican,Mary Kate Brown (DeSantis),61
Decatur,Delegate,At-Large,Republican,Mason Foley (Haley),95
Decatur,Delegate,At-Large,Republican,Max Bonner (Trump),780
Decatur,Delegate,At-Large,Republican,Michael Fulbright (Haley),92
Decatur,Delegate,At-Large,Republican,Monica Mountain (DeSantis),55
Decatur,Delegate,At-Large,Republican,Mya Conrad (Trump),730
Decatur,Delegate,At-Large,Republican,Neil Rader (Haley),31
Decatur,Delegate,At-Large,Republican,Patricia Woodard (Trump),187
Decatur,Delegate,At-Large,Republican,Paul Van Hoesen (Haley),38
Decatur,Delegate,At-Large,Republican,Preston George (Haley),97
Decatur,Delegate,At-Large,Republican,Rick Williams (Trump),304
Decatur,Delegate,At-Large,Republican,Robbyn Maylott (Trump),257
Decatur,Delegate,At-Large,Republican,Samuel Funk (Haley),83
Decatur,Delegate,At-Large,Republican,Sandi Figg (Haley),90
Decatur,Delegate,At-Large,Republican,Scott Smith (DeSantis),37
Decatur,Delegate,At-Large,Republican,Sharon B. Anderson (Trump),752
Decatur,Delegate,At-Large,Republican,Sherri P. Lee (DeSantis),64
Decatur,Delegate,At-Large,Republican,Sondra Morris (DeSantis),55
Decatur,Delegate,At-Large,Republican,Stephanie Nash (Trump),228
Decatur,Delegate,At-Large,Republican,Steven Tyler Giorno (Trump),778
Decatur,Delegate,At-Large,Republican,Teresa Dix (DeSantis),49
Decatur,Delegate,At-Large,Republican,Terri Nicholson (Trump),212
Decatur,Delegate,At-Large,Republican,Tina Benkiser (DeSantis),57
Decatur,Delegate,At-Large,Republican,Todd R. Cruse (Haley),104
Decatur,Delegate,At-Large,Republican,Zachary Lambert (Trump),386
Decatur,Presidential Preference,NA,Democratic,Joseph R. Biden,117
Decatur,Presidential Preference,NA,Democratic,Uncommitted,7
Decatur,Presidential Preference,NA,Republican,Asa Hutchinson,2
Decatur,Presidential Preference,NA,Republican,Chris Christie,6
Decatur,Presidential Preference,NA,Republican,David Stuckenberg,1
Decatur,Presidential Preference,NA,Republican,Donald J. Trump,1639
Decatur,Presidential Preference,NA,Republican,Nikki Haley,193
Decatur,Presidential Preference,NA,Republican,Ron DeSantis,14
Decatur,Presidential Preference,NA,Republican,Ryan Binkley,2
Decatur,Presidential Preference,NA,Republican,Uncommitted,17
Decatur,Presidential Preference,NA,Republican,Vivek Ramaswamy,1
Dickson,Delegate,7,Republican,"Cassandra ""Casey"" Mahoney (DeSantis)",41
Dickson,Delegate,7,Republican,Cheryl Brown (Trump),1032
Dickson,Delegate,7,Republican,Jeffrey L. Eby (DeSantis),94
Dickson,Delegate,7,Republican,Mark Moore (Trump),1322
Dickson,Delegate,7,Republican,Mary Ann Degan (Haley),330
Dickson,Delegate,7,Republican,Mary Ann Parks (Trump),951
Dickson,Delegate,7,Republican,Mary Littleton (Trump),2042
Dickson,Delegate,7,Republican,Michelle Foreman (Trump),1069
Dickson,Delegate,7,Republican,Natalie Pearce (Trump),689
Dickson,Delegate,7,Republican,Nina M. Kumar (Haley),344
Dickson,Delegate,7,Republican,Patti Carroll (DeSantis),54
Dickson,Delegate,7,Republican,Richard Lee (DeSantis),80
Dickson,Delegate,7,Republican,Sabi 'Doc' Kumar (Haley),200
Dickson,Delegate,7,Republican,Susan Price (Haley),296
Dickson,Delegate,At-Large,Republican,Abigail Arpin (Trump),1831
Dickson,Delegate,At-Large,Republican,Archie Pierce (Haley),142
Dickson,Delegate,At-Large,Republican,Barbara Boswell (Trump),2085
Dickson,Delegate,At-Large,Republican,Betsy Funk (Haley),388
Dickson,Delegate,At-Large,Republican,Bill Campbell (DeSantis),151
Dickson,Delegate,At-Large,Republican,Bill Young (Haley),181
Dickson,Delegate,At-Large,Republican,Billy J. Stokes (DeSantis),40
Dickson,Delegate,At-Large,Republican,Brad Grantham (DeSantis),126
Dickson,Delegate,At-Large,Republican,Calvin Rogers Clayton (Trump),1945
Dickson,Delegate,At-Large,Republican,Chad Blackburn (Trump),2302
Dickson,Delegate,At-Large,Republican,Chad Story (DeSantis),41
Dickson,Delegate,At-Large,Republican,Charles E. Allen Jr. (DeSantis),185
Dickson,Delegate,At-Large,Republican,Charlie Cato (DeSantis),118
Dickson,Delegate,At-Large,Republican,Charlotte Myers (Trump),644
Dickson,Delegate,At-Large,Republican,Cheryl S. Harvey (Haley),381
Dickson,Delegate,At-Large,Republican,Chris Walker (DeSantis),49
Dickson,Delegate,At-Large,Republican,Debra Maggart Breske (Haley),353
Dickson,Delegate,At-Large,Republican,Dennis H. Beavers (Trump),2106
Dickson,Delegate,At-Large,Republican,Derrick Calcote (DeSantis),118
Dickson,Delegate,At-Large,Republican,Dia Hart (Uncommitted),32
Dickson,Delegate,At-Large,Republican,Don Alan Miller (Haley),309
Dickson,Delegate,At-Large,Republican,Emily Pearse (Haley),248
Dickson,Delegate,At-Large,Republican,Eric Joe Mayo (Haley),349
Dickson,Delegate,At-Large,Republican,Forrest B. Hutchinson (DeSantis),138
Dickson,Delegate,At-Large,Republican,Gloria A. Giorno (Trump),1634
Dickson,Delegate,At-Large,Republican,Harrison Vinett (Trump),537
Dickson,Delegate,At-Large,Republican,Jaclyn Colbeth (Trump),1791
Dickson,Delegate,At-Large,Republican,"James C. Phillips, Jr. (Haley)",177
Dickson,Delegate,At-Large,Republican,Jane G. Ferrell (Haley),368
Dickson,Delegate,At-Large,Republican,Jason Emert (DeSantis),120
Dickson,Delegate,At-Large,Republican,John R Roberts (DeSantis),92
Dickson,Delegate,At-Large,Republican,John Rose (Trump),862
Dickson,Delegate,At-Large,Republican,Jonathan Merkh (Haley),338
Dickson,Delegate,At-Large,Republican,Julia Atchley-Pace (Trump),1850
Dickson,Delegate,At-Large,Republican,Kelly Barger (Trump),1988
Dickson,Delegate,At-Large,Republican,Kevin Desmond (Haley),341
Dickson,Delegate,At-Large,Republican,Layne Provine (DeSantis),52
Dickson,Delegate,At-Large,Republican,Lisa Ann Flowers (Uncommitted),77
Dickson,Delegate,At-Large,Republican,Lucas Heaton (Trump),891
Dickson,Delegate,At-Large,Republican,Marilyn Betz (Trump),1895
Dickson,Delegate,At-Large,Republican,Marilyn Hutchinson (DeSantis),116
Dickson,Delegate,At-Large,Republican,Mary Kate Brown (DeSantis),171
Dickson,Delegate,At-Large,Republican,Mason Foley (Haley),356
Dickson,Delegate,At-Large,Republican,Max Bonner (Trump),2044
Dickson,Delegate,At-Large,Republican,Michael Fulbright (Haley),362
Dickson,Delegate,At-Large,Republican,Monica Mountain (DeSantis),98
Dickson,Delegate,At-Large,Republican,Mya Conrad (Trump),1742
Dickson,Delegate,At-Large,Republican,Neil Rader (Haley),131
Dickson,Delegate,At-Large,Republican,Patricia Woodard (Trump),704
Dickson,Delegate,At-Large,Republican,Paul Van Hoesen (Haley),128
Dickson,Delegate,At-Large,Republican,Preston George (Haley),354
Dickson,Delegate,At-Large,Republican,Rick Williams (Trump),825
Dickson,Delegate,At-Large,Republican,Robbyn Maylott (Trump),458
Dickson,Delegate,At-Large,Republican,Samuel Funk (Haley),348
Dickson,Delegate,At-Large,Republican,Sandi Figg (Haley),369
Dickson,Delegate,At-Large,Republican,Scott Smith (DeSantis),43
Dickson,Delegate,At-Large,Republican,Sharon B. Anderson (Trump),1914
Dickson,Delegate,At-Large,Republican,Sherri P. Lee (DeSantis),104
Dickson,Delegate,At-Large,Republican,Sondra Morris (DeSantis),103
Dickson,Delegate,At-Large,Republican,Stephanie Nash (Trump),685
Dickson,Delegate,At-Large,Republican,Steven Tyler Giorno (Trump),1673
Dickson,Delegate,At-Large,Republican,Teresa Dix (DeSantis),116
Dickson,Delegate,At-Large,Republican,Terri Nicholson (Trump),624
Dickson,Delegate,At-Large,Republican,Tina Benkiser (DeSantis),117
Dickson,Delegate,At-Large,Republican,Todd R. Cruse (Haley),359
Dickson,Delegate,At-Large,Republican,Zachary Lambert (Trump),824
Dickson,Presidential Preference,NA,Democratic,Joseph R. Biden,482
Dickson,Presidential Preference,NA,Democratic,Uncommitted,34
Dickson,Presidential Preference,NA,Republican,Asa Hutchinson,3
Dickson,Presidential Preference,NA,Republican,Chris Christie,8
Dickson,Presidential Preference,NA,Republican,David Stuckenberg,2
Dickson,Presidential Preference,NA,Republican,Donald J. Trump,3546
Dickson,Presidential Preference,NA,Republican,Nikki Haley,614
Dickson,Presidential Preference,NA,Republican,Ron DeSantis,60
Dickson,Presidential Preference,NA,Republican,Ryan Binkley,2
Dickson,Presidential Preference,NA,Republican,Uncommitted,17
Dickson,Presidential Preference,NA,Republican,Vivek Ramaswamy,10
Dyer,Delegate,8,Republican,Jimmy Harris (DeSantis),31
Dyer,Delegate,8,Republican,Johnny Bellis (DeSantis),27
Dyer,Delegate,8,Republican,Joseph Coury (Trump),581
Dyer,Delegate,8,Republican,Joseph Glenn Butler (Trump),860
Dyer,Delegate,8,Republican,Kathryn Bryson (DeSantis),16
Dyer,Delegate,8,Republican,Kevin J. Powers (Trump),686
Dyer,Delegate,8,Republican,Kimberly Ann Perry (Haley),154
Dyer,Delegate,8,Republican,Kimberly Lax (Trump),482
Dyer,Delegate,8,Republican,Lauren W. Douglass (Haley),131
Dyer,Delegate,8,Republican,Luke Cymbal (DeSantis),24
Dyer,Delegate,8,Republican,Missy Marshall (DeSantis),11
Dyer,Delegate,8,Republican,Nicholas Perry (Haley),70
Dyer,Delegate,8,Republican,Pam Proctor (DeSantis),12
Dyer,Delegate,8,Republican,Ron M. Gant (Trump),943
Dyer,Delegate,8,Republican,Scott Douglass (Haley),155
Dyer,Delegate,8,Republican,Tess Robbins (Trump),497
Dyer,Delegate,At-Large,Republican,Abigail Arpin (Trump),1035
Dyer,Delegate,At-Large,Republican,Archie Pierce (Haley),27
Dyer,Delegate,At-Large,Republican,Barbara Boswell (Trump),1199
Dyer,Delegate,At-Large,Republican,Betsy Funk (Haley),187
Dyer,Delegate,At-Large,Republican,Bill Campbell (DeSantis),97
Dyer,Delegate,At-Large,Republican,Bill Young (Haley),51
Dyer,Delegate,At-Large,Republican,Billy J. Stokes (DeSantis),44
Dyer,Delegate,At-Large,Republican,Brad Grantham (DeSantis),66
Dyer,Delegate,At-Large,Republican,Calvin Rogers Clayton (Trump),1202
Dyer,Delegate,At-Large,Republican,Chad Blackburn (Trump),1345
Dyer,Delegate,At-Large,Republican,Chad Story (DeSantis),44
Dyer,Delegate,At-Large,Republican,Charles E. Allen Jr. (DeSantis),101
Dyer,Delegate,At-Large,Republican,Charlie Cato (DeSantis),65
Dyer,Delegate,At-Large,Republican,Charlotte Myers (Trump),267
Dyer,Delegate,At-Large,Republican,Cheryl S. Harvey (Haley),196
Dyer,Delegate,At-Large,Republican,Chris Walker (DeSantis),57
Dyer,Delegate,At-Large,Republican,Debra Maggart Breske (Haley),213
Dyer,Delegate,At-Large,Republican,Dennis H. Beavers (Trump),1213
Dyer,Delegate,At-Large,Republican,Derrick Calcote (DeSantis),66
Dyer,Delegate,At-Large,Republican,Dia Hart (Uncommitted),13
Dyer,Delegate,At-Large,Republican,Don Alan Miller (Haley),172
Dyer,Delegate,At-Large,Republican,Emily Pearse (Haley),60
Dyer,Delegate,At-Large,Republican,Eric Joe Mayo (Haley),183
Dyer,Delegate,At-Large,Republican,Forrest B. Hutchinson (DeSantis),90
Dyer,Delegate,At-Large,Republican,Gloria A. Giorno (Trump),1104
Dyer,Delegate,At-Large,Republican,Harrison Vinett (Trump),158
Dyer,Delegate,At-Large,Republican,Jaclyn Colbeth (Trump),1130
Dyer,Delegate,At-Large,Republican,"James C. Phillips, Jr. (Haley)",37
Dyer,Delegate,At-Large,Republican,Jane G. Ferrell (Haley),225
Dyer,Delegate,At-Large,Republican,Jason Emert (DeSantis),72
Dyer,Delegate,At-Large,Republican,John R Roberts (DeSantis),72
Dyer,Delegate,At-Large,Republican,John Rose (Trump),364
Dyer,Delegate,At-Large,Republican,Jonathan Merkh (Haley),176
Dyer,Delegate,At-Large,Republican,Julia Atchley-Pace (Trump),1102
Dyer,Delegate,At-Large,Republican,Kelly Barger (Trump),1217
Dyer,Delegate,At-Large,Republican,Kevin Desmond (Haley),225
Dyer,Delegate,At-Large,Republican,Layne Provine (DeSantis),37
Dyer,Delegate,At-Large,Republican,Lisa Ann Flowers (Uncommitted),32
Dyer,Delegate,At-Large,Republican,Lucas Heaton (Trump),548
Dyer,Delegate,At-Large,Republican,Marilyn Betz (Trump),1077
Dyer,Delegate,At-Large,Republican,Marilyn Hutchinson (DeSantis),87
Dyer,Delegate,At-Large,Republican,Mary Kate Brown (DeSantis),83
Dyer,Delegate,At-Large,Republican,Mason Foley (Haley),196
Dyer,Delegate,At-Large,Republican,Max Bonner (Trump),1191
Dyer,Delegate,At-Large,Republican,Michael Fulbright (Haley),189
Dyer,Delegate,At-Large,Republican,Monica Mountain (DeSantis),64
Dyer,Delegate,At-Large,Republican,Mya Conrad (Trump),1084
Dyer,Delegate,At-Large,Republican,Neil Rader (Haley),25
Dyer,Delegate,At-Large,Republican,Patricia Woodard (Trump),228
Dyer,Delegate,At-Large,Republican,Paul Van Hoesen (Haley),29
Dyer,Delegate,At-Large,Republican,Preston George (Haley),186
Dyer,Delegate,At-Large,Republican,Rick Williams (Trump),309
Dyer,Delegate,At-Large,Republican,Robbyn Maylott (Trump),161
Dyer,Delegate,At-Large,Republican,Samuel Funk (Haley),178
Dyer,Delegate,At-Large,Republican,Sandi Figg (Haley),222
Dyer,Delegate,At-Large,Republican,Scott Smith (DeSantis),62
Dyer,Delegate,At-Large,Republican,Sharon B. Anderson (Trump),1097
Dyer,Delegate,At-Large,Republican,Sherri P. Lee (DeSantis),64
Dyer,Delegate,At-Large,Republican,Sondra Morris (DeSantis),61
Dyer,Delegate,At-Large,Republican,Stephanie Nash (Trump),264
Dyer,Delegate,At-Large,Republican,Steven Tyler Giorno (Trump),1113
Dyer,Delegate,At-Large,Republican,Teresa Dix (DeSantis),67
Dyer,Delegate,At-Large,Republican,Terri Nicholson (Trump),232
Dyer,Delegate,At-Large,Republican,Tina Benkiser (DeSantis),63
Dyer,Delegate,At-Large,Republican,Todd R. Cruse (Haley),234
Dyer,Delegate,At-Large,Republican,Zachary Lambert (Trump),363
Dyer,Presidential Preference,NA,Democratic,Joseph R. Biden,232
Dyer,Presidential Preference,NA,Democratic,Uncommitted,9
Dyer,Presidential Preference,NA,Republican,Asa Hutchinson,2
Dyer,Presidential Preference,NA,Republican,Chris Christie,8
Dyer,Presidential Preference,NA,Republican,David Stuckenberg,2
Dyer,Presidential Preference,NA,Republican,Donald J. Trump,2223
Dyer,Presidential Preference,NA,Republican,Nikki Haley,266
Dyer,Presidential Preference,NA,Republican,Ron DeSantis,31
Dyer,Presidential Preference,NA,Republican,Ryan Binkley,3
Dyer,Presidential Preference,NA,Republican,Uncommitted,2
Dyer,Presidential Preference,NA,Republican,Vivek Ramaswamy,5
Fayette,Delegate,8,Republican,Jimmy Harris (DeSantis),43
Fayette,Delegate,8,Republican,Johnny Bellis (DeSantis),53
Fayette,Delegate,8,Republican,Joseph Coury (Trump),1131
Fayette,Delegate,8,Republican,Joseph Glenn Butler (Trump),1544
Fayette,Delegate,8,Republican,Kathryn Bryson (DeSantis),76
Fayette,Delegate,8,Republican,Kevin J. Powers (Trump),1583
Fayette,Delegate,8,Republican,Kimberly Ann Perry (Haley),349
Fayette,Delegate,8,Republican,Kimberly Lax (Trump),833
Fayette,Delegate,8,Republican,Lauren W. Douglass (Haley),278
Fayette,Delegate,8,Republican,Luke Cymbal (DeSantis),43
Fayette,Delegate,8,Republican,Missy Marshall (DeSantis),38
Fayette,Delegate,8,Republican,Nicholas Perry (Haley),193
Fayette,Delegate,8,Republican,Pam Proctor (DeSantis),34
Fayette,Delegate,8,Republican,Ron M. Gant (Trump),2402
Fayette,Delegate,8,Republican,Scott Douglass (Haley),329
Fayette,Delegate,8,Republican,Tess Robbins (Trump),827
Fayette,Delegate,At-Large,Republican,Abigail Arpin (Trump),2143
Fayette,Delegate,At-Large,Republican,Archie Pierce (Haley),73
Fayette,Delegate,At-Large,Republican,Barbara Boswell (Trump),2391
Fayette,Delegate,At-Large,Republican,Betsy Funk (Haley),378
Fayette,Delegate,At-Large,Republican,Bill Campbell (DeSantis),198
Fayette,Delegate,At-Large,Republican,Bill Young (Haley),86
Fayette,Delegate,At-Large,Republican,Billy J. Stokes (DeSantis),117
Fayette,Delegate,At-Large,Republican,Brad Grantham (DeSantis),173
Fayette,Delegate,At-Large,Republican,Calvin Rogers Clayton (Trump),2282
Fayette,Delegate,At-Large,Republican,Chad Blackburn (Trump),2614
Fayette,Delegate,At-Large,Republican,Chad Story (DeSantis),90
Fayette,Delegate,At-Large,Republican,Charles E. Allen Jr. (DeSantis),235
Fayette,Delegate,At-Large,Republican,Charlie Cato (DeSantis),145
Fayette,Delegate,At-Large,Republican,Charlotte Myers (Trump),611
Fayette,Delegate,At-Large,Republican,Cheryl S. Harvey (Haley),384
Fayette,Delegate,At-Large,Republican,Chris Walker (DeSantis),126
Fayette,Delegate,At-Large,Republican,Debra Maggart Breske (Haley),436
Fayette,Delegate,At-Large,Republican,Dennis H. Beavers (Trump),2414
Fayette,Delegate,At-Large,Republican,Derrick Calcote (DeSantis),132
Fayette,Delegate,At-Large,Republican,Dia Hart (Uncommitted),18
Fayette,Delegate,At-Large,Republican,Don Alan Miller (Haley),351
Fayette,Delegate,At-Large,Republican,Emily Pearse (Haley),131
Fayette,Delegate,At-Large,Republican,Eric Joe Mayo (Haley),371
Fayette,Delegate,At-Large,Republican,Forrest B. Hutchinson (DeSantis),169
Fayette,Delegate,At-Large,Republican,Gloria A. Giorno (Trump),2326
Fayette,Delegate,At-Large,Republican,Harrison Vinett (Trump),425
Fayette,Delegate,At-Large,Republican,Jaclyn Colbeth (Trump),2269
Fayette,Delegate,At-Large,Republican,"James C. Phillips, Jr. (Haley)",90
Fayette,Delegate,At-Large,Republican,Jane G. Ferrell (Haley),449
Fayette,Delegate,At-Large,Republican,Jason Emert (DeSantis),150
Fayette,Delegate,At-Large,Republican,John R Roberts (DeSantis),136
Fayette,Delegate,At-Large,Republican,John Rose (Trump),767
Fayette,Delegate,At-Large,Republican,Jonathan Merkh (Haley),367
Fayette,Delegate,At-Large,Republican,Julia Atchley-Pace (Trump),2214
Fayette,Delegate,At-Large,Republican,Kelly Barger (Trump),2277
Fayette,Delegate,At-Large,Republican,Kevin Desmond (Haley),442
Fayette,Delegate,At-Large,Republican,Layne Provine (DeSantis),95
Fayette,Delegate,At-Large,Republican,Lisa Ann Flowers (Uncommitted),71
Fayette,Delegate,At-Large,Republican,Lucas Heaton (Trump),1087
Fayette,Delegate,At-Large,Republican,Marilyn Betz (Trump),2172
Fayette,Delegate,At-Large,Republican,Marilyn Hutchinson (DeSantis),189
Fayette,Delegate,At-Large,Republican,Mary Kate Brown (DeSantis),185
Fayette,Delegate,At-Large,Republican,Mason Foley (Haley),382
Fayette,Delegate,At-Large,Republican,Max Bonner (Trump),2400
Fayette,Delegate,At-Large,Republican,Michael Fulbright (Haley),376
Fayette,Delegate,At-Large,Republican,Monica Mountain (DeSantis),144
Fayette,Delegate,At-Large,Republican,Mya Conrad (Trump),2165
Fayette,Delegate,At-Large,Republican,Neil Rader (Haley),71
Fayette,Delegate,At-Large,Republican,Patricia Woodard (Trump),589
Fayette,Delegate,At-Large,Republican,Paul Van Hoesen (Haley),81
Fayette,Delegate,At-Large,Republican,Preston George (Haley),369
Fayette,Delegate,At-Large,Republican,Rick Williams (Trump),671
Fayette,Delegate,At-Large,Republican,Robbyn Maylott (Trump),441
Fayette,Delegate,At-Large,Republican,Samuel Funk (Haley),358
Fayette,Delegate,At-Large,Republican,Sandi Figg (Haley),443
Fayette,Delegate,At-Large,Republican,Scott Smith (DeSantis),114
Fayette,Delegate,At-Large,Republican,Sharon B. Anderson (Trump),2139
Fayette,Delegate,At-Large,Republican,Sherri P. Lee (DeSantis),154
Fayette,Delegate,At-Large,Republican,Sondra Morris (DeSantis),173
Fayette,Delegate,At-Large,Republican,Stephanie Nash (Trump),618
Fayette,Delegate,At-Large,Republican,Steven Tyler Giorno (Trump),2350
Fayette,Delegate,At-Large,Republican,Teresa Dix (DeSantis),151
Fayette,Delegate,At-Large,Republican,Terri Nicholson (Trump),590
Fayette,Delegate,At-Large,Republican,Tina Benkiser (DeSantis),143
Fayette,Delegate,At-Large,Republican,Todd R. Cruse (Haley),453
Fayette,Delegate,At-Large,Republican,Zachary Lambert (Trump),732
Fayette,Presidential Preference,NA,Democratic,Joseph R. Biden,740
Fayette,Presidential Preference,NA,Democratic,Uncommitted,18
Fayette,Presidential Preference,NA,Republican,Asa Hutchinson,4
Fayette,Presidential Preference,NA,Republican,Chris Christie,3
Fayette,Presidential Preference,NA,Republican,David Stuckenberg,2
Fayette,Presidential Preference,NA,Republican,Donald J. Trump,3925
Fayette,Presidential Preference,NA,Republican,Nikki Haley,541
Fayette,Presidential Preference,NA,Republican,Ron DeSantis,48
Fayette,Presidential Preference,NA,Republican,Ryan Binkley,9
Fayette,Presidential Preference,NA,Republican,Uncommitted,18
Fayette,Presidential Preference,NA,Republican,Vivek Ramaswamy,2
Fentress,Delegate,6,Republican,Brock Hill (DeSantis),29
Fentress,Delegate,6,Republican,Chelsea Rose (Trump),684
Fentress,Delegate,6,Republican,Craig Clark (Trump),716
Fentress,Delegate,6,Republican,Garrett T Floyd (Trump),541
Fentress,Delegate,6,Republican,Jeff Coker (Haley),82
Fentress,Delegate,6,Republican,Kelly Keisling (Trump),1011
Fentress,Delegate,6,Republican,Kristy Freewalt (Haley),99
Fentress,Delegate,6,Republican,Laura Baigert (Trump),539
Fentress,Delegate,6,Republican,Luke Tinsley (DeSantis),15
Fentress,Delegate,6,Republican,Mary Andersen (DeSantis),27
Fentress,Delegate,6,Republican,Mike Callahan (Trump),799
Fentress,Delegate,6,Republican,Nicholas Ivey (Haley),45
Fentress,Delegate,6,Republican,Paige Brown (DeSantis),15
Fentress,Delegate,6,Republican,Randy Stamps (Haley),47
Fentress,Delegate,6,Republican,Richard Murphy (DeSantis),15
Fentress,Delegate,6,Republican,Stanley Bertch (Haley),59
Fentress,Delegate,At-Large,Republican,Abigail Arpin (Trump),1051
Fentress,Delegate,At-Large,Republican,Archie Pierce (Haley),25
Fentress,Delegate,At-Large,Republican,Barbara Boswell (Trump),1167
Fentress,Delegate,At-Large,Republican,Betsy Funk (Haley),111
Fentress,Delegate,At-Large,Republican,Bill Campbell (DeSantis),100
Fentress,Delegate,At-Large,Republican,Bill Young (Haley),33
Fentress,Delegate,At-Large,Republican,Billy J. Stokes (DeSantis),53
Fentress,Delegate,At-Large,Republican,Brad Grantham (DeSantis),61
Fentress,Delegate,At-Large,Republican,Calvin Rogers Clayton (Trump),1213
Fentress,Delegate,At-Large,Republican,Chad Blackburn (Trump),1324
Fentress,Delegate,At-Large,Republican,Chad Story (DeSantis),47
Fentress,Delegate,At-Large,Republican,Charles E. Allen Jr. (DeSantis),88
Fentress,Delegate,At-Large,Republican,Charlie Cato (DeSantis),57
Fentress,Delegate,At-Large,Republican,Charlotte Myers (Trump),268
Fentress,Delegate,At-Large,Republican,Cheryl S. Harvey (Haley),107
Fentress,Delegate,At-Large,Republican,Chris Walker (DeSantis),67
Fentress,Delegate,At-Large,Republican,Debra Maggart Breske (Haley),142
Fentress,Delegate,At-Large,Republican,Dennis H. Beavers (Trump),1218
Fentress,Delegate,At-Large,Republican,Derrick Calcote (DeSantis),70
Fentress,Delegate,At-Large,Republican,Dia Hart (Uncommitted),7
Fentress,Delegate,At-Large,Republican,Don Alan Miller (Haley),96
Fentress,Delegate,At-Large,Republican,Emily Pearse (Haley),43
Fentress,Delegate,At-Large,Republican,Eric Joe Mayo (Haley),103
Fentress,Delegate,At-Large,Republican,Forrest B. Hutchinson (DeSantis),82
Fentress,Delegate,At-Large,Republican,Gloria A. Giorno (Trump),1095
Fentress,Delegate,At-Large,Republican,Harrison Vinett (Trump),183
Fentress,Delegate,At-Large,Republican,Jaclyn Colbeth (Trump),1140
Fentress,Delegate,At-Large,Republican,"James C. Phillips, Jr. (Haley)",27
Fentress,Delegate,At-Large,Republican,Jane G. Ferrell (Haley),145
Fentress,Delegate,At-Large,Republican,Jason Emert (DeSantis),69
Fentress,Delegate,At-Large,Republican,John R Roberts (DeSantis),80
Fentress,Delegate,At-Large,Republican,John Rose (Trump),668
Fentress,Delegate,At-Large,Republican,Jonathan Merkh (Haley),96
Fentress,Delegate,At-Large,Republican,Julia Atchley-Pace (Trump),1101
Fentress,Delegate,At-Large,Republican,Kelly Barger (Trump),1199
Fentress,Delegate,At-Large,Republican,Kevin Desmond (Haley),133
Fentress,Delegate,At-Large,Republican,Layne Provine (DeSantis),55
Fentress,Delegate,At-Large,Republican,Lisa Ann Flowers (Uncommitted),31
Fentress,Delegate,At-Large,Republican,Lucas Heaton (Trump),559
Fentress,Delegate,At-Large,Republican,Marilyn Betz (Trump),1083
Fentress,Delegate,At-Large,Republican,Marilyn Hutchinson (DeSantis),93
Fentress,Delegate,At-Large,Republican,Mary Kate Brown (DeSantis),81
Fentress,Delegate,At-Large,Republican,Mason Foley (Haley),104
Fentress,Delegate,At-Large,Republican,Max Bonner (Trump),1194
Fentress,Delegate,At-Large,Republican,Michael Fulbright (Haley),106
Fentress,Delegate,At-Large,Republican,Monica Mountain (DeSantis),70
Fentress,Delegate,At-Large,Republican,Mya Conrad (Trump),1087
Fentress,Delegate,At-Large,Republican,Neil Rader (Haley),32
Fentress,Delegate,At-Large,Republican,Patricia Woodard (Trump),244
Fentress,Delegate,At-Large,Republican,Paul Van Hoesen (Haley),18
Fentress,Delegate,At-Large,Republican,Preston George (Haley),99
Fentress,Delegate,At-Large,Republican,Rick Williams (Trump),333
Fentress,Delegate,At-Large,Republican,Robbyn Maylott (Trump),190
Fentress,Delegate,At-Large,Republican,Samuel Funk (Haley),95
Fentress,Delegate,At-Large,Republican,Sandi Figg (Haley),127
Fentress,Delegate,At-Large,Republican,Scott Smith (DeSantis),65
Fentress,Delegate,At-Large,Republican,Sharon B. Anderson (Trump),1042
Fentress,Delegate,At-Large,Republican,Sherri P. Lee (DeSantis),77
Fentress,Delegate,At-Large,Republican,Sondra Morris (DeSantis),73
Fentress,Delegate,At-Large,Republican,Stephanie Nash (Trump),307
Fentress,Delegate,At-Large,Republican,Steven Tyler Giorno (Trump),1126
Fentress,Delegate,At-Large,Republican,Teresa Dix (DeSantis),63
Fentress,Delegate,At-Large,Republican,Terri Nicholson (Trump),249
Fentress,Delegate,At-Large,Republican,Tina Benkiser (DeSantis),56
Fentress,Delegate,At-Large,Republican,Todd R. Cruse (Haley),154
Fentress,Delegate,At-Large,Republican,Zachary Lambert (Trump),393
Fentress,Presidential Preference,NA,Democratic,Joseph R. Biden,113
Fentress,Presidential Preference,NA,Democratic,Uncommitted,16
Fentress,Presidential Preference,NA,Republican,Asa Hutchinson,0
Fentress,Presidential Preference,NA,Republican,Chris Christie,3
Fentress,Presidential Preference,NA,Republican,David Stuckenberg,2
Fentress,Presidential Preference,NA,Republican,Donald J. Trump,2090
Fentress,Presidential Preference,NA,Republican,Nikki Haley,161
Fentress,Presidential Preference,NA,Republican,Ron DeSantis,17
Fentress,Presidential Preference,NA,Republican,Ryan Binkley,4
Fentress,Presidential Preference,NA,Republican,Uncommitted,5
Fentress,Presidential Preference,NA,Republican,Vivek Ramaswamy,3
Franklin,Delegate,4,Republican,Andrew Joseph Kingsolver (Haley),256
Franklin,Delegate,4,Republican,Ashley S. Moore (DeSantis),38
Franklin,Delegate,4,Republican,Caleb Tidwell (DeSantis),32
Franklin,Delegate,4,Republican,Claudia Coco (Trump),847
Franklin,Delegate,4,Republican,Clay Doggett (Trump),1139
Franklin,Delegate,4,Republican,Iva Michelle Russell (Trump),1014
Franklin,Delegate,4,Republican,James S. Kennedy (Haley),297
Franklin,Delegate,4,Republican,Jeffrey W. Dillard (Trump),1378
Franklin,Delegate,4,Republican,Katherine Hudgins (DeSantis),51
Franklin,Delegate,4,Republican,Kip Capley (Trump),1133
Franklin,Delegate,4,Republican,Lucas Hutchinson (DeSantis),39
Franklin,Delegate,4,Republican,Lynne Davis (Trump),1371
Franklin,Delegate,4,Republican,Matt Herriman (DeSantis),48
Franklin,Delegate,4,Republican,Myra Simons (DeSantis),21
Franklin,Delegate,4,Republican,Rhonda R Page (Haley),277
Franklin,Delegate,4,Republican,Susan Lightner Harris (Haley),312
Franklin,Delegate,4,Republican,Teresa (Terrie) Kirby (Haley),263
Franklin,Delegate,At-Large,Republican,Abigail Arpin (Trump),1731
Franklin,Delegate,At-Large,Republican,Archie Pierce (Haley),92
Franklin,Delegate,At-Large,Republican,Barbara Boswell (Trump),2029
Franklin,Delegate,At-Large,Republican,Betsy Funk (Haley),426
Franklin,Delegate,At-Large,Republican,Bill Campbell (DeSantis),179
Franklin,Delegate,At-Large,Republican,Bill Young (Haley),82
Franklin,Delegate,At-Large,Republican,Billy J. Stokes (DeSantis),97
Franklin,Delegate,At-Large,Republican,Brad Grantham (DeSantis),136
Franklin,Delegate,At-Large,Republican,Calvin Rogers Clayton (Trump),1974
Franklin,Delegate,At-Large,Republican,Chad Blackburn (Trump),2171
Franklin,Delegate,At-Large,Republican,Chad Story (DeSantis),84
Franklin,Delegate,At-Large,Republican,Charles E. Allen Jr. (DeSantis),181
Franklin,Delegate,At-Large,Republican,Charlie Cato (DeSantis),129
Franklin,Delegate,At-Large,Republican,Charlotte Myers (Trump),475
Franklin,Delegate,At-Large,Republican,Cheryl S. Harvey (Haley),420
Franklin,Delegate,At-Large,Republican,Chris Walker (DeSantis),111
Franklin,Delegate,At-Large,Republican,Debra Maggart Breske (Haley),482
Franklin,Delegate,At-Large,Republican,Dennis H. Beavers (Trump),1995
Franklin,Delegate,At-Large,Republican,Derrick Calcote (DeSantis),109
Franklin,Delegate,At-Large,Republican,Dia Hart (Uncommitted),28
Franklin,Delegate,At-Large,Republican,Don Alan Miller (Haley),364
Franklin,Delegate,At-Large,Republican,Emily Pearse (Haley),141
Franklin,Delegate,At-Large,Republican,Eric Joe Mayo (Haley),398
Franklin,Delegate,At-Large,Republican,Forrest B. Hutchinson (DeSantis),154
Franklin,Delegate,At-Large,Republican,Gloria A. Giorno (Trump),1876
Franklin,Delegate,At-Large,Republican,Harrison Vinett (Trump),354
Franklin,Delegate,At-Large,Republican,Jaclyn Colbeth (Trump),1906
Franklin,Delegate,At-Large,Republican,"James C. Phillips, Jr. (Haley)",85
Franklin,Delegate,At-Large,Republican,Jane G. Ferrell (Haley),506
Franklin,Delegate,At-Large,Republican,Jason Emert (DeSantis),132
Franklin,Delegate,At-Large,Republican,John R Roberts (DeSantis),139
Franklin,Delegate,At-Large,Republican,John Rose (Trump),662
Franklin,Delegate,At-Large,Republican,Jonathan Merkh (Haley),381
Franklin,Delegate,At-Large,Republican,Julia Atchley-Pace (Trump),1798
Franklin,Delegate,At-Large,Republican,Kelly Barger (Trump),1902
Franklin,Delegate,At-Large,Republican,Kevin Desmond (Haley),479
Franklin,Delegate,At-Large,Republican,Layne Provine (DeSantis),83
Franklin,Delegate,At-Large,Republican,Lisa Ann Flowers (Uncommitted),87
Franklin,Delegate,At-Large,Republican,Lucas Heaton (Trump),911
Franklin,Delegate,At-Large,Republican,Marilyn Betz (Trump),1754
Franklin,Delegate,At-Large,Republican,Marilyn Hutchinson (DeSantis),170
Franklin,Delegate,At-Large,Republican,Mary Kate Brown (DeSantis),177
Franklin,Delegate,At-Large,Republican,Mason Foley (Haley),413
Franklin,Delegate,At-Large,Republican,Max Bonner (Trump),1943
Franklin,Delegate,At-Large,Republican,Michael Fulbright (Haley),404
Franklin,Delegate,At-Large,Republican,Monica Mountain (DeSantis),144
Franklin,Delegate,At-Large,Republican,Mya Conrad (Trump),1851
Franklin,Delegate,At-Large,Republican,Neil Rader (Haley),79
Franklin,Delegate,At-Large,Republican,Patricia Woodard (Trump),495
Franklin,Delegate,At-Large,Republican,Paul Van Hoesen (Haley),64
Franklin,Delegate,At-Large,Republican,Preston George (Haley),404
Franklin,Delegate,At-Large,Republican,Rick Williams (Trump),597
Franklin,Delegate,At-Large,Republican,Robbyn Maylott (Trump),325
Franklin,Delegate,At-Large,Republican,Samuel Funk (Haley),392
Franklin,Delegate,At-Large,Republican,Sandi Figg (Haley),482
Franklin,Delegate,At-Large,Republican,Scott Smith (DeSantis),148
Franklin,Delegate,At-Large,Republican,Sharon B. Anderson (Trump),1828
Franklin,Delegate,At-Large,Republican,Sherri P. Lee (DeSantis),136
Franklin,Delegate,At-Large,Republican,Sondra Morris (DeSantis),147
Franklin,Delegate,At-Large,Republican,Stephanie Nash (Trump),517
Franklin,Delegate,At-Large,Republican,Steven Tyler Giorno (Trump),1904
Franklin,Delegate,At-Large,Republican,Teresa Dix (DeSantis),141
Franklin,Delegate,At-Large,Republican,Terri Nicholson (Trump),473
Franklin,Delegate,At-Large,Republican,Tina Benkiser (DeSantis),132
Franklin,Delegate,At-Large,Republican,Todd R. Cruse (Haley),488
Franklin,Delegate,At-Large,Republican,Zachary Lambert (Trump),642
Franklin,Presidential Preference,NA,Democratic,Joseph R. Biden,473
Franklin,Presidential Preference,NA,Democratic,Uncommitted,49
Franklin,Presidential Preference,NA,Republican,Asa Hutchinson,5
Franklin,Presidential Preference,NA,Republican,Chris Christie,16
Franklin,Presidential Preference,NA,Republican,David Stuckenberg,0
Franklin,Presidential Preference,NA,Republican,Donald J. Trump,3720
Franklin,Presidential Preference,NA,Republican,Nikki Haley,644
Franklin,Presidential Preference,NA,Republican,Ron DeSantis,56
Franklin,Presidential Preference,NA,Republican,Ryan Binkley,8
Franklin,Presidential Preference,NA,Republican,Uncommitted,38
Franklin,Presidential Preference,NA,Republican,Vivek Ramaswamy,11
Gibson,Delegate,8,Republican,Jimmy Harris (DeSantis),44
Gibson,Delegate,8,Republican,Johnny Bellis (DeSantis),38
Gibson,Delegate,8,Republican,Joseph Coury (Trump),883
Gibson,Delegate,8,Republican,Joseph Glenn Butler (Trump),1223
Gibson,Delegate,8,Republican,Kathryn Bryson (DeSantis),29
Gibson,Delegate,8,Republican,Kevin J. Powers (Trump),908
Gibson,Delegate,8,Republican,Kimberly Ann Perry (Haley),251
Gibson,Delegate,8,Republican,Kimberly Lax (Trump),767
Gibson,Delegate,8,Republican,Lauren W. Douglass (Haley),177
Gibson,Delegate,8,Republican,Luke Cymbal (DeSantis),27
Gibson,Delegate,8,Republican,Missy Marshall (DeSantis),15
Gibson,Delegate,8,Republican,Nicholas Perry (Haley),121
Gibson,Delegate,8,Republican,Pam Proctor (DeSantis),17
Gibson,Delegate,8,Republican,Ron M. Gant (Trump),1242
Gibson,Delegate,8,Republican,Scott Douglass (Haley),242
Gibson,Delegate,8,Republican,Tess Robbins (Trump),767
Gibson,Delegate,At-Large,Republican,Abigail Arpin (Trump),1487
Gibson,Delegate,At-Large,Republican,Archie Pierce (Haley),45
Gibson,Delegate,At-Large,Republican,Barbara Boswell (Trump),1697
Gibson,Delegate,At-Large,Republican,Betsy Funk (Haley),252
Gibson,Delegate,At-Large,Republican,Bill Campbell (DeSantis),148
Gibson,Delegate,At-Large,Republican,Bill Young (Haley),55
Gibson,Delegate,At-Large,Republican,Billy J. Stokes (DeSantis),100
Gibson,Delegate,At-Large,Republican,Brad Grantham (DeSantis),120
Gibson,Delegate,At-Large,Republican,Calvin Rogers Clayton (Trump),1680
Gibson,Delegate,At-Large,Republican,Chad Blackburn (Trump),1890
Gibson,Delegate,At-Large,Republican,Chad Story (DeSantis),70
Gibson,Delegate,At-Large,Republican,Charles E. Allen Jr. (DeSantis),155
Gibson,Delegate,At-Large,Republican,Charlie Cato (DeSantis),110
Gibson,Delegate,At-Large,Republican,Charlotte Myers (Trump),356
Gibson,Delegate,At-Large,Republican,Cheryl S. Harvey (Haley),260
Gibson,Delegate,At-Large,Republican,Chris Walker (DeSantis),105
Gibson,Delegate,At-Large,Republican,Debra Maggart Breske (Haley),310
Gibson,Delegate,At-Large,Republican,Dennis H. Beavers (Trump),1712
Gibson,Delegate,At-Large,Republican,Derrick Calcote (DeSantis),106
Gibson,Delegate,At-Large,Republican,Dia Hart (Uncommitted),7
Gibson,Delegate,At-Large,Republican,Don Alan Miller (Haley),234
Gibson,Delegate,At-Large,Republican,Emily Pearse (Haley),85
Gibson,Delegate,At-Large,Republican,Eric Joe Mayo (Haley),244
Gibson,Delegate,At-Large,Republican,Forrest B. Hutchinson (DeSantis),119
Gibson,Delegate,At-Large,Republican,Gloria A. Giorno (Trump),1560
Gibson,Delegate,At-Large,Republican,Harrison Vinett (Trump),254
Gibson,Delegate,At-Large,Republican,Jaclyn Colbeth (Trump),1612
Gibson,Delegate,At-Large,Republican,"James C. Phillips, Jr. (Haley)",53
Gibson,Delegate,At-Large,Republican,Jane G. Ferrell (Haley),326
Gibson,Delegate,At-Large,Republican,Jason Emert (DeSantis),128
Gibson,Delegate,At-Large,Republican,John R Roberts (DeSantis),120
Gibson,Delegate,At-Large,Republican,John Rose (Trump),490
Gibson,Delegate,At-Large,Republican,Jonathan Merkh (Haley),237
Gibson,Delegate,At-Large,Republican,Julia Atchley-Pace (Trump),1547
Gibson,Delegate,At-Large,Republican,Kelly Barger (Trump),1662
Gibson,Delegate,At-Large,Republican,Kevin Desmond (Haley),324
Gibson,Delegate,At-Large,Republican,Layne Provine (DeSantis),82
Gibson,Delegate,At-Large,Republican,Lisa Ann Flowers (Uncommitted),50
Gibson,Delegate,At-Large,Republican,Lucas Heaton (Trump),774
Gibson,Delegate,At-Large,Republican,Marilyn Betz (Trump),1525
Gibson,Delegate,At-Large,Republican,Marilyn Hutchinson (DeSantis),140
Gibson,Delegate,At-Large,Republican,Mary Kate Brown (DeSantis),118
Gibson,Delegate,At-Large,Republican,Mason Foley (Haley),264
Gibson,Delegate,At-Large,Republican,Max Bonner (Trump),1660
Gibson,Delegate,At-Large,Republican,Michael Fulbright (Haley),253
Gibson,Delegate,At-Large,Republican,Monica Mountain (DeSantis),113
Gibson,Delegate,At-Large,Republican,Mya Conrad (Trump),1548
Gibson,Delegate,At-Large,Republican,Neil Rader (Haley),38
Gibson,Delegate,At-Large,Republican,Patricia Woodard (Trump),307
Gibson,Delegate,At-Large,Republican,Paul Van Hoesen (Haley),39
Gibson,Delegate,At-Large,Republican,Preston George (Haley),244
Gibson,Delegate,At-Large,Republican,Rick Williams (Trump),471
Gibson,Delegate,At-Large,Republican,Robbyn Maylott (Trump),267
Gibson,Delegate,At-Large,Republican,Samuel Funk (Haley),241
Gibson,Delegate,At-Large,Republican,Sandi Figg (Haley),322
Gibson,Delegate,At-Large,Republican,Scott Smith (DeSantis),112
Gibson,Delegate,At-Large,Republican,Sharon B. Anderson (Trump),1526
Gibson,Delegate,At-Large,Republican,Sherri P. Lee (DeSantis),107
Gibson,Delegate,At-Large,Republican,Sondra Morris (DeSantis),109
Gibson,Delegate,At-Large,Republican,Stephanie Nash (Trump),391
Gibson,Delegate,At-Large,Republican,Steven Tyler Giorno (Trump),1652
Gibson,Delegate,At-Large,Republican,Teresa Dix (DeSantis),95
Gibson,Delegate,At-Large,Republican,Terri Nicholson (Trump),407
Gibson,Delegate,At-Large,Republican,Tina Benkiser (DeSantis),84
Gibson,Delegate,At-Large,Republican,Todd R. Cruse (Haley),349
Gibson,Delegate,At-Large,Republican,Zachary Lambert (Trump),534
Gibson,Presidential Preference,NA,Democratic,Joseph R. Biden,472
Gibson,Presidential Preference,NA,Democratic,Uncommitted,18
Gibson,Presidential Preference,NA,Republican,Asa Hutchinson,2
Gibson,Presidential Preference,NA,Republican,Chris Christie,9
Gibson,Presidential Preference,NA,Republican,David Stuckenberg,1
Gibson,Presidential Preference,NA,Republican,Donald J. Trump,3251
Gibson,Presidential Preference,NA,Republican,Nikki Haley,413
Gibson,Presidential Preference,NA,Republican,Ron DeSantis,31
Gibson,Presidential Preference,NA,Republican,Ryan Binkley,4
Gibson,Presidential Preference,NA,Republican,Uncommitted,9
Gibson,Presidential Preference,NA,Republican,Vivek Ramaswamy,7
Giles,Circuit Court Judge Part V,22,Republican,Julie Carrell Heffington,1898
Giles,Delegate,4,Republican,Andrew Joseph Kingsolver (Haley),94
Giles,Delegate,4,Republican,Ashley S. Moore (DeSantis),15
Giles,Delegate,4,Republican,Caleb Tidwell (DeSantis),17
Giles,Delegate,4,Republican,Claudia Coco (Trump),424
Giles,Delegate,4,Republican,Clay Doggett (Trump),1440
Giles,Delegate,4,Republican,Iva Michelle Russell (Trump),491
Giles,Delegate,4,Republican,James S. Kennedy (Haley),120
Giles,Delegate,4,Republican,Jeffrey W. Dillard (Trump),845
Giles,Delegate,4,Republican,Katherine Hudgins (DeSantis),24
Giles,Delegate,4,Republican,Kip Capley (Trump),691
Giles,Delegate,4,Republican,Lucas Hutchinson (DeSantis),31
Giles,Delegate,4,Republican,Lynne Davis (Trump),786
Giles,Delegate,4,Republican,Matt Herriman (DeSantis),28
Giles,Delegate,4,Republican,Myra Simons (DeSantis),8
Giles,Delegate,4,Republican,Rhonda R Page (Haley),103
Giles,Delegate,4,Republican,Susan Lightner Harris (Haley),110
Giles,Delegate,4,Republican,Teresa (Terrie) Kirby (Haley),85
Giles,Delegate,At-Large,Republican,Abigail Arpin (Trump),1120
Giles,Delegate,At-Large,Republican,Archie Pierce (Haley),26
Giles,Delegate,At-Large,Republican,Barbara Boswell (Trump),1253
Giles,Delegate,At-Large,Republican,Betsy Funk (Haley),162
Giles,Delegate,At-Large,Republican,Bill Campbell (DeSantis),95
Giles,Delegate,At-Large,Republican,Bill Young (Haley),45
Giles,Delegate,At-Large,Republican,Billy J. Stokes (DeSantis),66
Giles,Delegate,At-Large,Republican,Brad Grantham (DeSantis),74
Giles,Delegate,At-Large,Republican,Calvin Rogers Clayton (Trump),1338
Giles,Delegate,At-Large,Republican,Chad Blackburn (Trump),1452
Giles,Delegate,At-Large,Republican,Chad Story (DeSantis),59
Giles,Delegate,At-Large,Republican,Charles E. Allen Jr. (DeSantis),102
Giles,Delegate,At-Large,Republican,Charlie Cato (DeSantis),62
Giles,Delegate,At-Large,Republican,Charlotte Myers (Trump),329
Giles,Delegate,At-Large,Republican,Cheryl S. Harvey (Haley),160
Giles,Delegate,At-Large,Republican,Chris Walker (DeSantis),67
Giles,Delegate,At-Large,Republican,Debra Maggart Breske (Haley),185
Giles,Delegate,At-Large,Republican,Dennis H. Beavers (Trump),1319
Giles,Delegate,At-Large,Republican,Derrick Calcote (DeSantis),58
Giles,Delegate,At-Large,Republican,Dia Hart (Uncommitted),13
Giles,Delegate,At-Large,Republican,Don Alan Miller (Haley),136
Giles,Delegate,At-Large,Republican,Emily Pearse (Haley),50
Giles,Delegate,At-Large,Republican,Eric Joe Mayo (Haley),144
Giles,Delegate,At-Large,Republican,Forrest B. Hutchinson (DeSantis),91
Giles,Delegate,At-Large,Republican,Gloria A. Giorno (Trump),1221
Giles,Delegate,At-Large,Republican,Harrison Vinett (Trump),274
Giles,Delegate,At-Large,Republican,Jaclyn Colbeth (Trump),1230
Giles,Delegate,At-Large,Republican,"James C. Phillips, Jr. (Haley)",35
Giles,Delegate,At-Large,Republican,Jane G. Ferrell (Haley),188
Giles,Delegate,At-Large,Republican,Jason Emert (DeSantis),75
Giles,Delegate,At-Large,Republican,John R Roberts (DeSantis),63
Giles,Delegate,At-Large,Republican,John Rose (Trump),523
Giles,Delegate,At-Large,Republican,Jonathan Merkh (Haley),139
Giles,Delegate,At-Large,Republican,Julia Atchley-Pace (Trump),1204
Giles,Delegate,At-Large,Republican,Kelly Barger (Trump),1227
Giles,Delegate,At-Large,Republican,Kevin Desmond (Haley),186
Giles,Delegate,At-Large,Republican,Layne Provine (DeSantis),47
Giles,Delegate,At-Large,Republican,Lisa Ann Flowers (Uncommitted),39
Giles,Delegate,At-Large,Republican,Lucas Heaton (Trump),657
Giles,Delegate,At-Large,Republican,Marilyn Betz (Trump),1143
Giles,Delegate,At-Large,Republican,Marilyn Hutchinson (DeSantis),90
Giles,Delegate,At-Large,Republican,Mary Kate Brown (DeSantis),80
Giles,Delegate,At-Large,Republican,Mason Foley (Haley),152
Giles,Delegate,At-Large,Republican,Max Bonner (Trump),1294
Giles,Delegate,At-Large,Republican,Michael Fulbright (Haley),151
Giles,Delegate,At-Large,Republican,Monica Mountain (DeSantis),71
Giles,Delegate,At-Large,Republican,Mya Conrad (Trump),1184
Giles,Delegate,At-Large,Republican,Neil Rader (Haley),26
Giles,Delegate,At-Large,Republican,Patricia Woodard (Trump),358
Giles,Delegate,At-Large,Republican,Paul Van Hoesen (Haley),29
Giles,Delegate,At-Large,Republican,Preston George (Haley),154
Giles,Delegate,At-Large,Republican,Rick Williams (Trump),419
Giles,Delegate,At-Large,Republican,Robbyn Maylott (Trump),261
Giles,Delegate,At-Large,Republican,Samuel Funk (Haley),146
Giles,Delegate,At-Large,Republican,Sandi Figg (Haley),190
Giles,Delegate,At-Large,Republican,Scott Smith (DeSantis),67
Giles,Delegate,At-Large,Republican,Sharon B. Anderson (Trump),1153
Giles,Delegate,At-Large,Republican,Sherri P. Lee (DeSantis),81
Giles,Delegate,At-Large,Republican,Sondra Morris (DeSantis),71
Giles,Delegate,At-Large,Republican,Stephanie Nash (Trump),345
Giles,Delegate,At-Large,Republican,Steven Tyler Giorno (Trump),1260
Giles,Delegate,At-Large,Republican,Teresa Dix (DeSantis),71
Giles,Delegate,At-Large,Republican,Terri Nicholson (Trump),326
Giles,Delegate,At-Large,Republican,Tina Benkiser (DeSantis),53
Giles,Delegate,At-Large,Republican,Todd R. Cruse (Haley),195
Giles,Delegate,At-Large,Republican,Zachary Lambert (Trump),473
Giles,Presidential Preference,NA,Democratic,Joseph R. Biden,302
Giles,Presidential Preference,NA,Democratic,Uncommitted,20
Giles,Presidential Preference,NA,Republican,Asa Hutchinson,1
Giles,Presidential Preference,NA,Republican,Chris Christie,4
Giles,Presidential Preference,NA,Republican,David Stuckenberg,2
Giles,Presidential Preference,NA,Republican,Donald J. Trump,2166
Giles,Presidential Preference,NA,Republican,Nikki Haley,224
Giles,Presidential Preference,NA,Republican,Ron DeSantis,20
Giles,Presidential Preference,NA,Republican,Ryan Binkley,1
Giles,Presidential Preference,NA,Republican,Uncommitted,8
Giles,Presidential Preference,NA,Republican,Vivek Ramaswamy,3
Grainger,Delegate,2,Republican,Brian R Hornback (Haley),35
Grainger,Delegate,2,Republican,Chris Kinney (DeSantis),20
Grainger,Delegate,2,Republican,Cindy Hatcher (DeSantis),23
Grainger,Delegate,2,Republican,Deborah Bailey (Trump),473
Grainger,Delegate,2,Republican,Derrick Hatcher (Haley),75
Grainger,Delegate,2,Republican,Douglas S. Ford (DeSantis),29
Grainger,Delegate,2,Republican,Elizabeth Wellington (Haley),93
Grainger,Delegate,2,Republican,Eric R Forrestall (Haley),58
Grainger,Delegate,2,Republican,Glenn Jacobs (Trump),1152
Grainger,Delegate,2,Republican,Jason Zachary (DeSantis),31
Grainger,Delegate,2,Republican,"John J. Duncan, Jr. (Trump)",1110
Grainger,Delegate,2,Republican,Michele Carringer (Trump),337
Grainger,Delegate,2,Republican,Mindy M. Coulter (Haley),110
Grainger,Delegate,2,Republican,Nicholas J. Nugent (Haley),43
Grainger,Delegate,2,Republican,Patricia Mills (Trump),485
Grainger,Delegate,2,Republican,Susan Richardson Williams (DeSantis),14
Grainger,Delegate,2,Republican,Tim Hutchison (Trump),1134
Grainger,Delegate,At-Large,Republican,Abigail Arpin (Trump),812
Grainger,Delegate,At-Large,Republican,Archie Pierce (Haley),69
Grainger,Delegate,At-Large,Republican,Barbara Boswell (Trump),924
Grainger,Delegate,At-Large,Republican,Betsy Funk (Haley),175
Grainger,Delegate,At-Large,Republican,Bill Campbell (DeSantis),74
Grainger,Delegate,At-Large,Republican,Bill Young (Haley),85
Grainger,Delegate,At-Large,Republican,Billy J. Stokes (DeSantis),40
Grainger,Delegate,At-Large,Republican,Brad Grantham (DeSantis),54
Grainger,Delegate,At-Large,Republican,Calvin Rogers Clayton (Trump),1134
Grainger,Delegate,At-Large,Republican,Chad Blackburn (Trump),1364
Grainger,Delegate,At-Large,Republican,Chad Story (DeSantis),36
Grainger,Delegate,At-Large,Republican,Charles E. Allen Jr. (DeSantis),80
Grainger,Delegate,At-Large,Republican,Charlie Cato (DeSantis),55
Grainger,Delegate,At-Large,Republican,Charlotte Myers (Trump),704
Grainger,Delegate,At-Large,Republican,Cheryl S. Harvey (Haley),167
Grainger,Delegate,At-Large,Republican,Chris Walker (DeSantis),40
Grainger,Delegate,At-Large,Republican,Debra Maggart Breske (Haley),166
Grainger,Delegate,At-Large,Republican,Dennis H. Beavers (Trump),1125
Grainger,Delegate,At-Large,Republican,Derrick Calcote (DeSantis),53
Grainger,Delegate,At-Large,Republican,Dia Hart (Uncommitted),23
Grainger,Delegate,At-Large,Republican,Don Alan Miller (Haley),113
Grainger,Delegate,At-Large,Republican,Emily Pearse (Haley),102
Grainger,Delegate,At-Large,Republican,Eric Joe Mayo (Haley),125
Grainger,Delegate,At-Large,Republican,Forrest B. Hutchinson (DeSantis),63
Grainger,Delegate,At-Large,Republican,Gloria A. Giorno (Trump),877
Grainger,Delegate,At-Large,Republican,Harrison Vinett (Trump),612
Grainger,Delegate,At-Large,Republican,Jaclyn Colbeth (Trump),912
Grainger,Delegate,At-Large,Republican,"James C. Phillips, Jr. (Haley)",57
Grainger,Delegate,At-Large,Republican,Jane G. Ferrell (Haley),176
Grainger,Delegate,At-Large,Republican,Jason Emert (DeSantis),67
Grainger,Delegate,At-Large,Republican,John R Roberts (DeSantis),48
Grainger,Delegate,At-Large,Republican,John Rose (Trump),965
Grainger,Delegate,At-Large,Republican,Jonathan Merkh (Haley),121
Grainger,Delegate,At-Large,Republican,Julia Atchley-Pace (Trump),907
Grainger,Delegate,At-Large,Republican,Kelly Barger (Trump),1003
Grainger,Delegate,At-Large,Republican,Kevin Desmond (Haley),157
Grainger,Delegate,At-Large,Republican,Layne Provine (DeSantis),22
Grainger,Delegate,At-Large,Republican,Lisa Ann Flowers (Uncommitted),128
Grainger,Delegate,At-Large,Republican,Lucas Heaton (Trump),832
Grainger,Delegate,At-Large,Republican,Marilyn Betz (Trump),762
Grainger,Delegate,At-Large,Republican,Marilyn Hutchinson (DeSantis),59
Grainger,Delegate,At-Large,Republican,Mary Kate Brown (DeSantis),61
Grainger,Delegate,At-Large,Republican,Mason Foley (Haley),148
Grainger,Delegate,At-Large,Republican,Max Bonner (Trump),1072
Grainger,Delegate,At-Large,Republican,Michael Fulbright (Haley),153
Grainger,Delegate,At-Large,Republican,Monica Mountain (DeSantis),66
Grainger,Delegate,At-Large,Republican,Mya Conrad (Trump),899
Grainger,Delegate,At-Large,Republican,Neil Rader (Haley),65
Grainger,Delegate,At-Large,Republican,Patricia Woodard (Trump),677
Grainger,Delegate,At-Large,Republican,Paul Van Hoesen (Haley),69
Grainger,Delegate,At-Large,Republican,Preston George (Haley),146
Grainger,Delegate,At-Large,Republican,Rick Williams (Trump),1004
Grainger,Delegate,At-Large,Republican,Robbyn Maylott (Trump),563
Grainger,Delegate,At-Large,Republican,Samuel Funk (Haley),145
Grainger,Delegate,At-Large,Republican,Sandi Figg (Haley),167
Grainger,Delegate,At-Large,Republican,Scott Smith (DeSantis),41
Grainger,Delegate,At-Large,Republican,Sharon B. Anderson (Trump),1019
Grainger,Delegate,At-Large,Republican,Sherri P. Lee (DeSantis),51
Grainger,Delegate,At-Large,Republican,Sondra Morris (DeSantis),52
Grainger,Delegate,At-Large,Republican,Stephanie Nash (Trump),757
Grainger,Delegate,At-Large,Republican,Steven Tyler Giorno (Trump),1073
Grainger,Delegate,At-Large,Republican,Teresa Dix (DeSantis),59
Grainger,Delegate,At-Large,Republican,Terri Nicholson (Trump),704
Grainger,Delegate,At-Large,Republican,Tina Benkiser (DeSantis),58
Grainger,Delegate,At-Large,Republican,Todd R. Cruse (Haley),192
Grainger,Delegate,At-Large,Republican,Zachary Lambert (Trump),974
Grainger,Presidential Preference,NA,Democratic,Joseph R. Biden,117
Grainger,Presidential Preference,NA,Democratic,Uncommitted,14
Grainger,Presidential Preference,NA,Republican,Asa Hutchinson,1
Grainger,Presidential Preference,NA,Republican,Chris Christie,6
Grainger,Presidential Preference,NA,Republican,David Stuckenberg,3
Grainger,Presidential Preference,NA,Republican,Donald J. Trump,2528
Grainger,Presidential Preference,NA,Republican,Nikki Haley,255
Grainger,Presidential Preference,NA,Republican,Ron DeSantis,30
Grainger,Presidential Preference,NA,Republican,Ryan Binkley,6
Grainger,Presidential Preference,NA,Republican,Uncommitted,20
Grainger,Presidential Preference,NA,Republican,Vivek Ramaswamy,3
Greene,Delegate,1,Republican,Debra Gardner (Haley),722
Greene,Delegate,1,Republican,Donald F. Thompson (DeSantis),146
Greene,Delegate,1,Republican,Doris Ladd (DeSantis),97
Greene,Delegate,1,Republican,Jerome Cochran (Haley),464
Greene,Delegate,1,Republican,Jim Slaight (DeSantis),90
Greene,Delegate,1,Republican,John Gardner (Haley),398
Greene,Delegate,1,Republican,Kenneth Lahn (Haley),302
Greene,Delegate,1,Republican,Linda D. Buckles (Trump),2181
Greene,Delegate,1,Republican,Nicholas Castle (Trump),3166
Greene,Delegate,1,Republican,Randy L. Dandurand (Trump),2003
Greene,Delegate,1,Republican,Richard Venable (DeSantis),116
Greene,Delegate,1,Republican,Robert Mathis (Trump),2703
Greene,Delegate,1,Republican,Sharon Boreing (Trump),2018
Greene,Delegate,1,Republican,Steven J. Cantrell (Haley),555
Greene,Delegate,At-Large,Republican,Abigail Arpin (Trump),2754
Greene,Delegate,At-Large,Republican,Archie Pierce (Haley),258
Greene,Delegate,At-Large,Republican,Barbara Boswell (Trump),3213
Greene,Delegate,At-Large,Republican,Betsy Funk (Haley),741
Greene,Delegate,At-Large,Republican,Bill Campbell (DeSantis),291
Greene,Delegate,At-Large,Republican,Bill Young (Haley),328
Greene,Delegate,At-Large,Republican,Billy J. Stokes (DeSantis),128
Greene,Delegate,At-Large,Republican,Brad Grantham (DeSantis),188
Greene,Delegate,At-Large,Republican,Calvin Rogers Clayton (Trump),3376
Greene,Delegate,At-Large,Republican,Chad Blackburn (Trump),3883
Greene,Delegate,At-Large,Republican,Chad Story (DeSantis),120
Greene,Delegate,At-Large,Republican,Charles E. Allen Jr. (DeSantis),374
Greene,Delegate,At-Large,Republican,Charlie Cato (DeSantis),162
Greene,Delegate,At-Large,Republican,Charlotte Myers (Trump),1769
Greene,Delegate,At-Large,Republican,Cheryl S. Harvey (Haley),756
Greene,Delegate,At-Large,Republican,Chris Walker (DeSantis),170
Greene,Delegate,At-Large,Republican,Debra Maggart Breske (Haley),698
Greene,Delegate,At-Large,Republican,Dennis H. Beavers (Trump),3483
Greene,Delegate,At-Large,Republican,Derrick Calcote (DeSantis),173
Greene,Delegate,At-Large,Republican,Dia Hart (Uncommitted),74
Greene,Delegate,At-Large,Republican,Don Alan Miller (Haley),580
Greene,Delegate,At-Large,Republican,Emily Pearse (Haley),415
Greene,Delegate,At-Large,Republican,Eric Joe Mayo (Haley),665
Greene,Delegate,At-Large,Republican,Forrest B. Hutchinson (DeSantis),205
Greene,Delegate,At-Large,Republican,Gloria A. Giorno (Trump),2926
Greene,Delegate,At-Large,Republican,Harrison Vinett (Trump),1061
Greene,Delegate,At-Large,Republican,Jaclyn Colbeth (Trump),2925
Greene,Delegate,At-Large,Republican,"James C. Phillips, Jr. (Haley)",274
Greene,Delegate,At-Large,Republican,Jane G. Ferrell (Haley),731
Greene,Delegate,At-Large,Republican,Jason Emert (DeSantis),221
Greene,Delegate,At-Large,Republican,John R Roberts (DeSantis),221
Greene,Delegate,At-Large,Republican,John Rose (Trump),1548
Greene,Delegate,At-Large,Republican,Jonathan Merkh (Haley),623
Greene,Delegate,At-Large,Republican,Julia Atchley-Pace (Trump),2923
Greene,Delegate,At-Large,Republican,Kelly Barger (Trump),3358
Greene,Delegate,At-Large,Republican,Kevin Desmond (Haley),685
Greene,Delegate,At-Large,Republican,Layne Provine (DeSantis),113
Greene,Delegate,At-Large,Republican,Lisa Ann Flowers (Uncommitted),146
Greene,Delegate,At-Large,Republican,Lucas Heaton (Trump),2101
Greene,Delegate,At-Large,Republican,Marilyn Betz (Trump),2978
Greene,Delegate,At-Large,Republican,Marilyn Hutchinson (DeSantis),189
Greene,Delegate,At-Large,Republican,Mary Kate Brown (DeSantis),269
Greene,Delegate,At-Large,Republican,Mason Foley (Haley),683
Greene,Delegate,At-Large,Republican,Max Bonner (Trump),3309
Greene,Delegate,At-Large,Republican,Michael Fulbright (Haley),713
Greene,Delegate,At-Large,Republican,Monica Mountain (DeSantis),193
Greene,Delegate,At-Large,Republican,Mya Conrad (Trump),2935
Greene,Delegate,At-Large,Republican,Neil Rader (Haley),289
Greene,Delegate,At-Large,Republican,Patricia Woodard (Trump),1145
Greene,Delegate,At-Large,Republican,Paul Van Hoesen (Haley),224
Greene,Delegate,At-Large,Republican,Preston George (Haley),677
Greene,Delegate,At-Large,Republican,Rick Williams (Trump),1630
Greene,Delegate,At-Large,Republican,Robbyn Maylott (Trump),1327
Greene,Delegate,At-Large,Republican,Samuel Funk (Haley),650
Greene,Delegate,At-Large,Republican,Sandi Figg (Haley),737
Greene,Delegate,At-Large,Republican,Scott Smith (DeSantis),152
Greene,Delegate,At-Large,Republican,Sharon B. Anderson (Trump),3196
Greene,Delegate,At-Large,Republican,Sherri P. Lee (DeSantis),204
Greene,Delegate,At-Large,Republican,Sondra Morris (DeSantis),197
Greene,Delegate,At-Large,Republican,Stephanie Nash (Trump),1777
Greene,Delegate,At-Large,Republican,Steven Tyler Giorno (Trump),3126
Greene,Delegate,At-Large,Republican,Teresa Dix (DeSantis),207
Greene,Delegate,At-Large,Republican,Terri Nicholson (Trump),1284
Greene,Delegate,At-Large,Republican,Tina Benkiser (DeSantis),191
Greene,Delegate,At-Large,Republican,Todd R. Cruse (Haley),710
Greene,Delegate,At-Large,Republican,Zachary Lambert (Trump),2169
Greene,Presidential Preference,NA,Democratic,Joseph R. Biden,374
Greene,Presidential Preference,NA,Democratic,Uncommitted,37
Greene,Presidential Preference,NA,Republican,Asa Hutchinson,6
Greene,Presidential Preference,NA,Republican,Chris Christie,10
Greene,Presidential Preference,NA,Republican,David Stuckenberg,5
Greene,Presidential Preference,NA,Republican,Donald J. Trump,6313
Greene,Presidential Preference,NA,Republican,Nikki Haley,1119
Greene,Presidential Preference,NA,Republican,Ron DeSantis,74
Greene,Presidential Preference,NA,Republican,Ryan Binkley,3
Greene,Presidential Preference,NA,Republican,Uncommitted,35
Greene,Presidential Preference,NA,Republican,Vivek Ramaswamy,16
Grundy,Delegate,4,Republican,Andrew Joseph Kingsolver (Haley),33
Grundy,Delegate,4,Republican,Ashley S. Moore (DeSantis),7
Grundy,Delegate,4,Republican,Caleb Tidwell (DeSantis),5
Grundy,Delegate,4,Republican,Claudia Coco (Trump),248
Grundy,Delegate,4,Republican,Clay Doggett (Trump),341
Grundy,Delegate,4,Republican,Iva Michelle Russell (Trump),578
Grundy,Delegate,4,Republican,James S. Kennedy (Haley),45
Grundy,Delegate,4,Republican,Jeffrey W. Dillard (Trump),456
Grundy,Delegate,4,Republican,Katherine Hudgins (DeSantis),13
Grundy,Delegate,4,Republican,Kip Capley (Trump),327
Grundy,Delegate,4,Republican,Lucas Hutchinson (DeSantis),21
Grundy,Delegate,4,Republican,Lynne Davis (Trump),363
Grundy,Delegate,4,Republican,Matt Herriman (DeSantis),13
Grundy,Delegate,4,Republican,Myra Simons (DeSantis),6
Grundy,Delegate,4,Republican,Rhonda R Page (Haley),51
Grundy,Delegate,4,Republican,Susan Lightner Harris (Haley),43
Grundy,Delegate,4,Republican,Teresa (Terrie) Kirby (Haley),33
Grundy,Delegate,At-Large,Republican,Abigail Arpin (Trump),548
Grundy,Delegate,At-Large,Republican,Archie Pierce (Haley),19
Grundy,Delegate,At-Large,Republican,Barbara Boswell (Trump),592
Grundy,Delegate,At-Large,Republican,Betsy Funk (Haley),58
Grundy,Delegate,At-Large,Republican,Bill Campbell (DeSantis),45
Grundy,Delegate,At-Large,Republican,Bill Young (Haley),16
Grundy,Delegate,At-Large,Republican,Billy J. Stokes (DeSantis),24
Grundy,Delegate,At-Large,Republican,Brad Grantham (DeSantis),35
Grundy,Delegate,At-Large,Republican,Calvin Rogers Clayton (Trump),622
Grundy,Delegate,At-Large,Republican,Chad Blackburn (Trump),672
Grundy,Delegate,At-Large,Republican,Chad Story (DeSantis),15
Grundy,Delegate,At-Large,Republican,Charles E. Allen Jr. (DeSantis),53
Grundy,Delegate,At-Large,Republican,Charlie Cato (DeSantis),35
Grundy,Delegate,At-Large,Republican,Charlotte Myers (Trump),179
Grundy,Delegate,At-Large,Republican,Cheryl S. Harvey (Haley),59
Grundy,Delegate,At-Large,Republican,Chris Walker (DeSantis),26
Grundy,Delegate,At-Large,Republican,Debra Maggart Breske (Haley),74
Grundy,Delegate,At-Large,Republican,Dennis H. Beavers (Trump),626
Grundy,Delegate,At-Large,Republican,Derrick Calcote (DeSantis),26
Grundy,Delegate,At-Large,Republican,Dia Hart (Uncommitted),3
Grundy,Delegate,At-Large,Republican,Don Alan Miller (Haley),53
Grundy,Delegate,At-Large,Republican,Emily Pearse (Haley),27
Grundy,Delegate,At-Large,Republican,Eric Joe Mayo (Haley),55
Grundy,Delegate,At-Large,Republican,Forrest B. Hutchinson (DeSantis),42
Grundy,Delegate,At-Large,Republican,Gloria A. Giorno (Trump),555
Grundy,Delegate,At-Large,Republican,Harrison Vinett (Trump),93
Grundy,Delegate,At-Large,Republican,Jaclyn Colbeth (Trump),590
Grundy,Delegate,At-Large,Republican,"James C. Phillips, Jr. (Haley)",18
Grundy,Delegate,At-Large,Republican,Jane G. Ferrell (Haley),77
Grundy,Delegate,At-Large,Republican,Jason Emert (DeSantis),31
Grundy,Delegate,At-Large,Republican,John R Roberts (DeSantis),38
Grundy,Delegate,At-Large,Republican,John Rose (Trump),217
Grundy,Delegate,At-Large,Republican,Jonathan Merkh (Haley),54
Grundy,Delegate,At-Large,Republican,Julia Atchley-Pace (Trump),574
Grundy,Delegate,At-Large,Republican,Kelly Barger (Trump),607
Grundy,Delegate,At-Large,Republican,Kevin Desmond (Haley),66
Grundy,Delegate,At-Large,Republican,Layne Provine (DeSantis),24
Grundy,Delegate,At-Large,Republican,Lisa Ann Flowers (Uncommitted),19
Grundy,Delegate,At-Large,Republican,Lucas Heaton (Trump),306
Grundy,Delegate,At-Large,Republican,Marilyn Betz (Trump),561
Grundy,Delegate,At-Large,Republican,Marilyn Hutchinson (DeSantis),49
Grundy,Delegate,At-Large,Republican,Mary Kate Brown (DeSantis),40
Grundy,Delegate,At-Large,Republican,Mason Foley (Haley),50
Grundy,Delegate,At-Large,Republican,Max Bonner (Trump),623
Grundy,Delegate,At-Large,Republican,Michael Fulbright (Haley),55
Grundy,Delegate,At-Large,Republican,Monica Mountain (DeSantis),36
Grundy,Delegate,At-Large,Republican,Mya Conrad (Trump),561
Grundy,Delegate,At-Large,Republican,Neil Rader (Haley),22
Grundy,Delegate,At-Large,Republican,Patricia Woodard (Trump),135
Grundy,Delegate,At-Large,Republican,Paul Van Hoesen (Haley),14
Grundy,Delegate,At-Large,Republican,Preston George (Haley),53
Grundy,Delegate,At-Large,Republican,Rick Williams (Trump),172
Grundy,Delegate,At-Large,Republican,Robbyn Maylott (Trump),111
Grundy,Delegate,At-Large,Republican,Samuel Funk (Haley),54
Grundy,Delegate,At-Large,Republican,Sandi Figg (Haley),75
Grundy,Delegate,At-Large,Republican,Scott Smith (DeSantis),25
Grundy,Delegate,At-Large,Republican,Sharon B. Anderson (Trump),562
Grundy,Delegate,At-Large,Republican,Sherri P. Lee (DeSantis),35
Grundy,Delegate,At-Large,Republican,Sondra Morris (DeSantis),35
Grundy,Delegate,At-Large,Republican,Stephanie Nash (Trump),151
Grundy,Delegate,At-Large,Republican,Steven Tyler Giorno (Trump),586
Grundy,Delegate,At-Large,Republican,Teresa Dix (DeSantis),22
Grundy,Delegate,At-Large,Republican,Terri Nicholson (Trump),134
Grundy,Delegate,At-Large,Republican,Tina Benkiser (DeSantis),23
Grundy,Delegate,At-Large,Republican,Todd R. Cruse (Haley),76
Grundy,Delegate,At-Large,Republican,Zachary Lambert (Trump),219
Grundy,Presidential Preference,NA,Democratic,Joseph R. Biden,122
Grundy,Presidential Preference,NA,Democratic,Uncommitted,20
Grundy,Presidential Preference,NA,Republican,Asa Hutchinson,1
Grundy,Presidential Preference,NA,Republican,Chris Christie,3
Grundy,Presidential Preference,NA,Republican,David Stuckenberg,0
Grundy,Presidential Preference,NA,Republican,Donald J. Trump,1179
Grundy,Presidential Preference,NA,Republican,Nikki Haley,88
Grundy,Presidential Preference,NA,Republican,Ron DeSantis,4
Grundy,Presidential Preference,NA,Republican,Ryan Binkley,1
Grundy,Presidential Preference,NA,Republican,Uncommitted,3
Grundy,Presidential Preference,NA,Republican,Vivek Ramaswamy,1
Hamblen,Delegate,1,Republican,Debra Gardner (Haley),488
Hamblen,Delegate,1,Republican,Donald F. Thompson (DeSantis),90
Hamblen,Delegate,1,Republican,Doris Ladd (DeSantis),64
Hamblen,Delegate,1,Republican,Jerome Cochran (Haley),318
Hamblen,Delegate,1,Republican,Jim Slaight (DeSantis),63
Hamblen,Delegate,1,Republican,John Gardner (Haley),262
Hamblen,Delegate,1,Republican,Kenneth Lahn (Haley),184
Hamblen,Delegate,1,Republican,Linda D. Buckles (Trump),1615
Hamblen,Delegate,1,Republican,Nicholas Castle (Trump),2526
Hamblen,Delegate,1,Republican,Randy L. Dandurand (Trump),1737
Hamblen,Delegate,1,Republican,Richard Venable (DeSantis),58
Hamblen,Delegate,1,Republican,Robert Mathis (Trump),1910
Hamblen,Delegate,1,Republican,Sharon Boreing (Trump),1379
Hamblen,Delegate,1,Republican,Steven J. Cantrell (Haley),335
Hamblen,Delegate,At-Large,Republican,Abigail Arpin (Trump),2385
Hamblen,Delegate,At-Large,Republican,Archie Pierce (Haley),110
Hamblen,Delegate,At-Large,Republican,Barbara Boswell (Trump),2568
Hamblen,Delegate,At-Large,Republican,Betsy Funk (Haley),505
Hamblen,Delegate,At-Large,Republican,Bill Campbell (DeSantis),280
Hamblen,Delegate,At-Large,Republican,Bill Young (Haley),147
Hamblen,Delegate,At-Large,Republican,Billy J. Stokes (DeSantis),162
Hamblen,Delegate,At-Large,Republican,Brad Grantham (DeSantis),230
Hamblen,Delegate,At-Large,Republican,Calvin Rogers Clayton (Trump),2734
Hamblen,Delegate,At-Large,Republican,Chad Blackburn (Trump),3055
Hamblen,Delegate,At-Large,Republican,Chad Story (DeSantis),145
Hamblen,Delegate,At-Large,Republican,Charles E. Allen Jr. (DeSantis),293
Hamblen,Delegate,At-Large,Republican,Charlie Cato (DeSantis),190
Hamblen,Delegate,At-Large,Republican,Charlotte Myers (Trump),576
Hamblen,Delegate,At-Large,Republican,Cheryl S. Harvey (Haley),487
Hamblen,Delegate,At-Large,Republican,Chris Walker (DeSantis),170
Hamblen,Delegate,At-Large,Republican,Debra Maggart Breske (Haley),606
Hamblen,Delegate,At-Large,Republican,Dennis H. Beavers (Trump),2732
Hamblen,Delegate,At-Large,Republican,Derrick Calcote (DeSantis),190
Hamblen,Delegate,At-Large,Republican,Dia Hart (Uncommitted),31
Hamblen,Delegate,At-Large,Republican,Don Alan Miller (Haley),443
Hamblen,Delegate,At-Large,Republican,Emily Pearse (Haley),180
Hamblen,Delegate,At-Large,Republican,Eric Joe Mayo (Haley),473
Hamblen,Delegate,At-Large,Republican,Forrest B. Hutchinson (DeSantis),225
Hamblen,Delegate,At-Large,Republican,Gloria A. Giorno (Trump),2483
Hamblen,Delegate,At-Large,Republican,Harrison Vinett (Trump),471
Hamblen,Delegate,At-Large,Republican,Jaclyn Colbeth (Trump),2563
Hamblen,Delegate,At-Large,Republican,"James C. Phillips, Jr. (Haley)",120
Hamblen,Delegate,At-Large,Republican,Jane G. Ferrell (Haley),623
Hamblen,Delegate,At-Large,Republican,Jason Emert (DeSantis),242
Hamblen,Delegate,At-Large,Republican,John R Roberts (DeSantis),184
Hamblen,Delegate,At-Large,Republican,John Rose (Trump),848
Hamblen,Delegate,At-Large,Republican,Jonathan Merkh (Haley),463
Hamblen,Delegate,At-Large,Republican,Julia Atchley-Pace (Trump),2523
Hamblen,Delegate,At-Large,Republican,Kelly Barger (Trump),2689
Hamblen,Delegate,At-Large,Republican,Kevin Desmond (Haley),619
Hamblen,Delegate,At-Large,Republican,Layne Provine (DeSantis),136
Hamblen,Delegate,At-Large,Republican,Lisa Ann Flowers (Uncommitted),96
Hamblen,Delegate,At-Large,Republican,Lucas Heaton (Trump),1302
Hamblen,Delegate,At-Large,Republican,Marilyn Betz (Trump),2411
Hamblen,Delegate,At-Large,Republican,Marilyn Hutchinson (DeSantis),229
Hamblen,Delegate,At-Large,Republican,Mary Kate Brown (DeSantis),208
Hamblen,Delegate,At-Large,Republican,Mason Foley (Haley),499
Hamblen,Delegate,At-Large,Republican,Max Bonner (Trump),2667
Hamblen,Delegate,At-Large,Republican,Michael Fulbright (Haley),484
Hamblen,Delegate,At-Large,Republican,Monica Mountain (DeSantis),192
Hamblen,Delegate,At-Large,Republican,Mya Conrad (Trump),2463
Hamblen,Delegate,At-Large,Republican,Neil Rader (Haley),113
Hamblen,Delegate,At-Large,Republican,Patricia Woodard (Trump),562
Hamblen,Delegate,At-Large,Republican,Paul Van Hoesen (Haley),92
Hamblen,Delegate,At-Large,Republican,Preston George (Haley),480
Hamblen,Delegate,At-Large,Republican,Rick Williams (Trump),792
Hamblen,Delegate,At-Large,Republican,Robbyn Maylott (Trump),440
Hamblen,Delegate,At-Large,Republican,Samuel Funk (Haley),461
Hamblen,Delegate,At-Large,Republican,Sandi Figg (Haley),611
Hamblen,Delegate,At-Large,Republican,Scott Smith (DeSantis),177
Hamblen,Delegate,At-Large,Republican,Sharon B. Anderson (Trump),2400
Hamblen,Delegate,At-Large,Republican,Sherri P. Lee (DeSantis),191
Hamblen,Delegate,At-Large,Republican,Sondra Morris (DeSantis),192
Hamblen,Delegate,At-Large,Republican,Stephanie Nash (Trump),614
Hamblen,Delegate,At-Large,Republican,Steven Tyler Giorno (Trump),2588
Hamblen,Delegate,At-Large,Republican,Teresa Dix (DeSantis),207
Hamblen,Delegate,At-Large,Republican,Terri Nicholson (Trump),577
Hamblen,Delegate,At-Large,Republican,Tina Benkiser (DeSantis),190
Hamblen,Delegate,At-Large,Republican,Todd R. Cruse (Haley),639
Hamblen,Delegate,At-Large,Republican,Zachary Lambert (Trump),905
Hamblen,Presidential Preference,NA,Democratic,Joseph R. Biden,456
Hamblen,Presidential Preference,NA,Democratic,Uncommitted,38
Hamblen,Presidential Preference,NA,Republican,Asa Hutchinson,0
Hamblen,Presidential Preference,NA,Republican,Chris Christie,20
Hamblen,Presidential Preference,NA,Republican,David Stuckenberg,2
Hamblen,Presidential Preference,NA,Republican,Donald J. Trump,4746
Hamblen,Presidential Preference,NA,Republican,Nikki Haley,730
Hamblen,Presidential Preference,NA,Republican,Ron DeSantis,53
Hamblen,Presidential Preference,NA,Republican,Ryan Binkley,12
Hamblen,Presidential Preference,NA,Republican,Uncommitted,37
Hamblen,Presidential Preference,NA,Republican,Vivek Ramaswamy,10
Hamilton,Circuit Court Judge Division 3,11 (unexpired term),Democratic,Kisha L. Cheeks,7785
Hamilton,Circuit Court Judge Division 3,11 (unexpired term),Republican,Alex McVeagh,17368
Hamilton,Circuit Court Judge Division 3,11 (unexpired term),Republican,Michele Coffman,12600
Hamilton,Criminal Court Judge Division 2,11 (unexpired term),Democratic,No Candidate Qualified,0
Hamilton,Criminal Court Judge Division 2,11 (unexpired term),Republican,Amanda B. Dunn,25553
Hamilton,Delegate,3,Republican,Ann Ayers-Colvin (Trump),6543
Hamilton,Delegate,3,Republican,Brenda Fleischmann (Trump),12042
Hamilton,Delegate,3,Republican,Bruce Bradford (Haley),4995
Hamilton,Delegate,3,Republican,Chuck Fleischmann (Trump),15839
Hamilton,Delegate,3,Republican,Dalton Temple (Trump),4947
Hamilton,Delegate,3,Republican,David Queen (DeSantis),468
Hamilton,Delegate,3,Republican,Dustin Summers (Haley),2747
Hamilton,Delegate,3,Republican,Emily Goldberg (DeSantis),699
Hamilton,Delegate,3,Republican,George Gray (DeSantis),566
Hamilton,Delegate,3,Republican,John Samuel Stanbery (DeSantis),353
Hamilton,Delegate,3,Republican,Jonathan Malloch (Haley),2430
Hamilton,Delegate,3,Republican,Ken Meyer (DeSantis),741
Hamilton,Delegate,3,Republican,Lawrence O. Grohn (Uncommited),621
Hamilton,Delegate,3,Republican,Marsha Yessick (Trump),7829
Hamilton,Delegate,3,Republican,Rebecca Denise Cope English (DeSantis),709
Hamilton,Delegate,3,Republican,Rhonda Champion (Haley),6374
Hamilton,Delegate,3,Republican,Teresa Lorraine Davanzo (Haley),6365
Hamilton,Delegate,3,Republican,William 'Bill' Crawford (Uncommited),1103
Hamilton,Delegate,3,Republican,William Andrew Guffee (Trump),5875
Hamilton,Delegate,At-Large,Republican,Abigail Arpin (Trump),12211
Hamilton,Delegate,At-Large,Republican,Archie Pierce (Haley),2434
Hamilton,Delegate,At-Large,Republican,Barbara Boswell (Trump),12781
Hamilton,Delegate,At-Large,Republican,Betsy Funk (Haley),7496
Hamilton,Delegate,At-Large,Republican,Bill Campbell (DeSantis),1008
Hamilton,Delegate,At-Large,Republican,Bill Young (Haley),3294
Hamilton,Delegate,At-Large,Republican,Billy J. Stokes (DeSantis),388
Hamilton,Delegate,At-Large,Republican,Brad Grantham (DeSantis),728
Hamilton,Delegate,At-Large,Republican,Calvin Rogers Clayton (Trump),13122
Hamilton,Delegate,At-Large,Republican,Chad Blackburn (Trump),15629
Hamilton,Delegate,At-Large,Republican,Chad Story (DeSantis),342
Hamilton,Delegate,At-Large,Republican,Charles E. Allen Jr. (DeSantis),1071
Hamilton,Delegate,At-Large,Republican,Charlie Cato (DeSantis),682
Hamilton,Delegate,At-Large,Republican,Charlotte Myers (Trump),6885
Hamilton,Delegate,At-Large,Republican,Cheryl S. Harvey (Haley),7548
Hamilton,Delegate,At-Large,Republican,Chris Walker (DeSantis),496
Hamilton,Delegate,At-Large,Republican,Debra Maggart Breske (Haley),6616
Hamilton,Delegate,At-Large,Republican,Dennis H. Beavers (Trump),14399
Hamilton,Delegate,At-Large,Republican,Derrick Calcote (DeSantis),678
Hamilton,Delegate,At-Large,Republican,Dia Hart (Uncommitted),516
Hamilton,Delegate,At-Large,Republican,Don Alan Miller (Haley),5640
Hamilton,Delegate,At-Large,Republican,Emily Pearse (Haley),4216
Hamilton,Delegate,At-Large,Republican,Eric Joe Mayo (Haley),6462
Hamilton,Delegate,At-Large,Republican,Forrest B. Hutchinson (DeSantis),757
Hamilton,Delegate,At-Large,Republican,Gloria A. Giorno (Trump),10210
Hamilton,Delegate,At-Large,Republican,Harrison Vinett (Trump),5288
Hamilton,Delegate,At-Large,Republican,Jaclyn Colbeth (Trump),11717
Hamilton,Delegate,At-Large,Republican,"James C. Phillips, Jr. (Haley)",2474
Hamilton,Delegate,At-Large,Republican,Jane G. Ferrell (Haley),7256
Hamilton,Delegate,At-Large,Republican,Jason Emert (DeSantis),706
Hamilton,Delegate,At-Large,Republican,John R Roberts (DeSantis),571
Hamilton,Delegate,At-Large,Republican,John Rose (Trump),8290
Hamilton,Delegate,At-Large,Republican,Jonathan Merkh (Haley),5987
Hamilton,Delegate,At-Large,Republican,Julia Atchley-Pace (Trump),12793
Hamilton,Delegate,At-Large,Republican,Kelly Barger (Trump),13861
Hamilton,Delegate,At-Large,Republican,Kevin Desmond (Haley),6564
Hamilton,Delegate,At-Large,Republican,Layne Provine (DeSantis),285
Hamilton,Delegate,At-Large,Republican,Lisa Ann Flowers (Uncommitted),890
Hamilton,Delegate,At-Large,Republican,Lucas Heaton (Trump),6632
Hamilton,Delegate,At-Large,Republican,Marilyn Betz (Trump),11981
Hamilton,Delegate,At-Large,Republican,Marilyn Hutchinson (DeSantis),797
Hamilton,Delegate,At-Large,Republican,Mary Kate Brown (DeSantis),992
Hamilton,Delegate,At-Large,Republican,Mason Foley (Haley),6539
Hamilton,Delegate,At-Large,Republican,Max Bonner (Trump),13729
Hamilton,Delegate,At-Large,Republican,Michael Fulbright (Haley),7007
Hamilton,Delegate,At-Large,Republican,Monica Mountain (DeSantis),601
Hamilton,Delegate,At-Large,Republican,Mya Conrad (Trump),10120
Hamilton,Delegate,At-Large,Republican,Neil Rader (Haley),2386
Hamilton,Delegate,At-Large,Republican,Patricia Woodard (Trump),7625
Hamilton,Delegate,At-Large,Republican,Paul Van Hoesen (Haley),2328
Hamilton,Delegate,At-Large,Republican,Preston George (Haley),6726
Hamilton,Delegate,At-Large,Republican,Rick Williams (Trump),8711
Hamilton,Delegate,At-Large,Republican,Robbyn Maylott (Trump),4338
Hamilton,Delegate,At-Large,Republican,Samuel Funk (Haley),6661
Hamilton,Delegate,At-Large,Republican,Sandi Figg (Haley),7194
Hamilton,Delegate,At-Large,Republican,Scott Smith (DeSantis),458
Hamilton,Delegate,At-Large,Republican,Sharon B. Anderson (Trump),14662
Hamilton,Delegate,At-Large,Republican,Sherri P. Lee (DeSantis),686
Hamilton,Delegate,At-Large,Republican,Sondra Morris (DeSantis),626
Hamilton,Delegate,At-Large,Republican,Stephanie Nash (Trump),7039
Hamilton,Delegate,At-Large,Republican,Steven Tyler Giorno (Trump),10605
Hamilton,Delegate,At-Large,Republican,Teresa Dix (DeSantis),791
Hamilton,Delegate,At-Large,Republican,Terri Nicholson (Trump),5934
Hamilton,Delegate,At-Large,Republican,Tina Benkiser (DeSantis),819
Hamilton,Delegate,At-Large,Republican,Todd R. Cruse (Haley),6714
Hamilton,Delegate,At-Large,Republican,Zachary Lambert (Trump),8303
Hamilton,Presidential Preference,NA,Democratic,Joseph R. Biden,7787
Hamilton,Presidential Preference,NA,Democratic,Uncommitted,692
Hamilton,Presidential Preference,NA,Republican,Asa Hutchinson,34
Hamilton,Presidential Preference,NA,Republican,Chris Christie,158
Hamilton,Presidential Preference,NA,Republican,David Stuckenberg,19
Hamilton,Presidential Preference,NA,Republican,Donald J. Trump,21654
Hamilton,Presidential Preference,NA,Republican,Nikki Haley,9433
Hamilton,Presidential Preference,NA,Republican,Ron DeSantis,524
Hamilton,Presidential Preference,NA,Republican,Ryan Binkley,14
Hamilton,Presidential Preference,NA,Republican,Uncommitted,442
Hamilton,Presidential Preference,NA,Republican,Vivek Ramaswamy,141
Hancock,Delegate,1,Republican,Debra Gardner (Haley),36
Hancock,Delegate,1,Republican,Donald F. Thompson (DeSantis),9
Hancock,Delegate,1,Republican,Doris Ladd (DeSantis),9
Hancock,Delegate,1,Republican,Jerome Cochran (Haley),16
Hancock,Delegate,1,Republican,Jim Slaight (DeSantis),11
Hancock,Delegate,1,Republican,John Gardner (Haley),20
Hancock,Delegate,1,Republican,Kenneth Lahn (Haley),17
Hancock,Delegate,1,Republican,Linda D. Buckles (Trump),161
Hancock,Delegate,1,Republican,Nicholas Castle (Trump),321
Hancock,Delegate,1,Republican,Randy L. Dandurand (Trump),211
Hancock,Delegate,1,Republican,Richard Venable (DeSantis),7
Hancock,Delegate,1,Republican,Robert Mathis (Trump),281
Hancock,Delegate,1,Republican,Sharon Boreing (Trump),175
Hancock,Delegate,1,Republican,Steven J. Cantrell (Haley),26
Hancock,Delegate,At-Large,Republican,Abigail Arpin (Trump),261
Hancock,Delegate,At-Large,Republican,Archie Pierce (Haley),7
Hancock,Delegate,At-Large,Republican,Barbara Boswell (Trump),240
Hancock,Delegate,At-Large,Republican,Betsy Funk (Haley),39
Hancock,Delegate,At-Large,Republican,Bill Campbell (DeSantis),18
Hancock,Delegate,At-Large,Republican,Bill Young (Haley),11
Hancock,Delegate,At-Large,Republican,Billy J. Stokes (DeSantis),9
Hancock,Delegate,At-Large,Republican,Brad Grantham (DeSantis),14
Hancock,Delegate,At-Large,Republican,Calvin Rogers Clayton (Trump),262
Hancock,Delegate,At-Large,Republican,Chad Blackburn (Trump),307
Hancock,Delegate,At-Large,Republican,Chad Story (DeSantis),6
Hancock,Delegate,At-Large,Republican,Charles E. Allen Jr. (DeSantis),26
Hancock,Delegate,At-Large,Republican,Charlie Cato (DeSantis),12
Hancock,Delegate,At-Large,Republican,Charlotte Myers (Trump),128
Hancock,Delegate,At-Large,Republican,Cheryl S. Harvey (Haley),32
Hancock,Delegate,At-Large,Republican,Chris Walker (DeSantis),8
Hancock,Delegate,At-Large,Republican,Debra Maggart Breske (Haley),31
Hancock,Delegate,At-Large,Republican,Dennis H. Beavers (Trump),325
Hancock,Delegate,At-Large,Republican,Derrick Calcote (DeSantis),14
Hancock,Delegate,At-Large,Republican,Dia Hart (Uncommitted),9
Hancock,Delegate,At-Large,Republican,Don Alan Miller (Haley),20
Hancock,Delegate,At-Large,Republican,Emily Pearse (Haley),19
Hancock,Delegate,At-Large,Republican,Eric Joe Mayo (Haley),25
Hancock,Delegate,At-Large,Republican,Forrest B. Hutchinson (DeSantis),14
Hancock,Delegate,At-Large,Republican,Gloria A. Giorno (Trump),196
Hancock,Delegate,At-Large,Republican,Harrison Vinett (Trump),132
Hancock,Delegate,At-Large,Republican,Jaclyn Colbeth (Trump),214
Hancock,Delegate,At-Large,Republican,"James C. Phillips, Jr. (Haley)",8
Hancock,Delegate,At-Large,Republican,Jane G. Ferrell (Haley),31
Hancock,Delegate,At-Large,Republican,Jason Emert (DeSantis),11
Hancock,Delegate,At-Large,Republican,John R Roberts (DeSantis),8
Hancock,Delegate,At-Large,Republican,John Rose (Trump),199
Hancock,Delegate,At-Large,Republican,Jonathan Merkh (Haley),25
Hancock,Delegate,At-Large,Republican,Julia Atchley-Pace (Trump),260
Hancock,Delegate,At-Large,Republican,Kelly Barger (Trump),317
Hancock,Delegate,At-Large,Republican,Kevin Desmond (Haley),30
Hancock,Delegate,At-Large,Republican,Layne Provine (DeSantis),3
Hancock,Delegate,At-Large,Republican,Lisa Ann Flowers (Uncommitted),21
Hancock,Delegate,At-Large,Republican,Lucas Heaton (Trump),142
Hancock,Delegate,At-Large,Republican,Marilyn Betz (Trump),219
Hancock,Delegate,At-Large,Republican,Marilyn Hutchinson (DeSantis),10
Hancock,Delegate,At-Large,Republican,Mary Kate Brown (DeSantis),18
Hancock,Delegate,At-Large,Republican,Mason Foley (Haley),29
Hancock,Delegate,At-Large,Republican,Max Bonner (Trump),275
Hancock,Delegate,At-Large,Republican,Michael Fulbright (Haley),30
Hancock,Delegate,At-Large,Republican,Monica Mountain (DeSantis),12
Hancock,Delegate,At-Large,Republican,Mya Conrad (Trump),212
Hancock,Delegate,At-Large,Republican,Neil Rader (Haley),7
Hancock,Delegate,At-Large,Republican,Patricia Woodard (Trump),130
Hancock,Delegate,At-Large,Republican,Paul Van Hoesen (Haley),7
Hancock,Delegate,At-Large,Republican,Preston George (Haley),29
Hancock,Delegate,At-Large,Republican,Rick Williams (Trump),188
Hancock,Delegate,At-Large,Republican,Robbyn Maylott (Trump),101
Hancock,Delegate,At-Large,Republican,Samuel Funk (Haley),28
Hancock,Delegate,At-Large,Republican,Sandi Figg (Haley),36
Hancock,Delegate,At-Large,Republican,Scott Smith (DeSantis),5
Hancock,Delegate,At-Large,Republican,Sharon B. Anderson (Trump),293
Hancock,Delegate,At-Large,Republican,Sherri P. Lee (DeSantis),14
Hancock,Delegate,At-Large,Republican,Sondra Morris (DeSantis),8
Hancock,Delegate,At-Large,Republican,Stephanie Nash (Trump),134
Hancock,Delegate,At-Large,Republican,Steven Tyler Giorno (Trump),244
Hancock,Delegate,At-Large,Republican,Teresa Dix (DeSantis),12
Hancock,Delegate,At-Large,Republican,Terri Nicholson (Trump),132
Hancock,Delegate,At-Large,Republican,Tina Benkiser (DeSantis),15
Hancock,Delegate,At-Large,Republican,Todd R. Cruse (Haley),32
Hancock,Delegate,At-Large,Republican,Zachary Lambert (Trump),186
Hancock,Presidential Preference,NA,Democratic,Joseph R. Biden,26
Hancock,Presidential Preference,NA,Democratic,Uncommitted,6
Hancock,Presidential Preference,NA,Republican,Asa Hutchinson,0
Hancock,Presidential Preference,NA,Republican,Chris Christie,1
Hancock,Presidential Preference,NA,Republican,David Stuckenberg,2
Hancock,Presidential Preference,NA,Republican,Donald J. Trump,623
Hancock,Presidential Preference,NA,Republican,Nikki Haley,51
Hancock,Presidential Preference,NA,Republican,Ron DeSantis,5
Hancock,Presidential Preference,NA,Republican,Ryan Binkley,1
Hancock,Presidential Preference,NA,Republican,Uncommitted,2
Hancock,Presidential Preference,NA,Republican,Vivek Ramaswamy,1
Hardeman,Delegate,8,Republican,Jimmy Harris (DeSantis),19
Hardeman,Delegate,8,Republican,Johnny Bellis (DeSantis),25
Hardeman,Delegate,8,Republican,Joseph Coury (Trump),288
Hardeman,Delegate,8,Republican,Joseph Glenn Butler (Trump),477
Hardeman,Delegate,8,Republican,Kathryn Bryson (DeSantis),9
Hardeman,Delegate,8,Republican,Kevin J. Powers (Trump),474
Hardeman,Delegate,8,Republican,Kimberly Ann Perry (Haley),66
Hardeman,Delegate,8,Republican,Kimberly Lax (Trump),413
Hardeman,Delegate,8,Republican,Lauren W. Douglass (Haley),53
Hardeman,Delegate,8,Republican,Luke Cymbal (DeSantis),15
Hardeman,Delegate,8,Republican,Missy Marshall (DeSantis),11
Hardeman,Delegate,8,Republican,Nicholas Perry (Haley),33
Hardeman,Delegate,8,Republican,Pam Proctor (DeSantis),8
Hardeman,Delegate,8,Republican,Ron M. Gant (Trump),684
Hardeman,Delegate,8,Republican,Scott Douglass (Haley),52
Hardeman,Delegate,8,Republican,Tess Robbins (Trump),251
Hardeman,Delegate,At-Large,Republican,Abigail Arpin (Trump),473
Hardeman,Delegate,At-Large,Republican,Archie Pierce (Haley),24
Hardeman,Delegate,At-Large,Republican,Barbara Boswell (Trump),535
Hardeman,Delegate,At-Large,Republican,Betsy Funk (Haley),75
Hardeman,Delegate,At-Large,Republican,Bill Campbell (DeSantis),50
Hardeman,Delegate,At-Large,Republican,Bill Young (Haley),29
Hardeman,Delegate,At-Large,Republican,Billy J. Stokes (DeSantis),19
Hardeman,Delegate,At-Large,Republican,Brad Grantham (DeSantis),84
Hardeman,Delegate,At-Large,Republican,Calvin Rogers Clayton (Trump),583
Hardeman,Delegate,At-Large,Republican,Chad Blackburn (Trump),688
Hardeman,Delegate,At-Large,Republican,Chad Story (DeSantis),22
Hardeman,Delegate,At-Large,Republican,Charles E. Allen Jr. (DeSantis),44
Hardeman,Delegate,At-Large,Republican,Charlie Cato (DeSantis),27
Hardeman,Delegate,At-Large,Republican,Charlotte Myers (Trump),365
Hardeman,Delegate,At-Large,Republican,Cheryl S. Harvey (Haley),62
Hardeman,Delegate,At-Large,Republican,Chris Walker (DeSantis),20
Hardeman,Delegate,At-Large,Republican,Debra Maggart Breske (Haley),78
Hardeman,Delegate,At-Large,Republican,Dennis H. Beavers (Trump),619
Hardeman,Delegate,At-Large,Republican,Derrick Calcote (DeSantis),26
Hardeman,Delegate,At-Large,Republican,Dia Hart (Uncommitted),7
Hardeman,Delegate,At-Large,Republican,Don Alan Miller (Haley),49
Hardeman,Delegate,At-Large,Republican,Emily Pearse (Haley),37
Hardeman,Delegate,At-Large,Republican,Eric Joe Mayo (Haley),52
Hardeman,Delegate,At-Large,Republican,Forrest B. Hutchinson (DeSantis),25
Hardeman,Delegate,At-Large,Republican,Gloria A. Giorno (Trump),478
Hardeman,Delegate,At-Large,Republican,Harrison Vinett (Trump),337
Hardeman,Delegate,At-Large,Republican,Jaclyn Colbeth (Trump),477
Hardeman,Delegate,At-Large,Republican,"James C. Phillips, Jr. (Haley)",25
Hardeman,Delegate,At-Large,Republican,Jane G. Ferrell (Haley),80
Hardeman,Delegate,At-Large,Republican,Jason Emert (DeSantis),25
Hardeman,Delegate,At-Large,Republican,John R Roberts (DeSantis),30
Hardeman,Delegate,At-Large,Republican,John Rose (Trump),505
Hardeman,Delegate,At-Large,Republican,Jonathan Merkh (Haley),52
Hardeman,Delegate,At-Large,Republican,Julia Atchley-Pace (Trump),491
Hardeman,Delegate,At-Large,Republican,Kelly Barger (Trump),543
Hardeman,Delegate,At-Large,Republican,Kevin Desmond (Haley),78
Hardeman,Delegate,At-Large,Republican,Layne Provine (DeSantis),11
Hardeman,Delegate,At-Large,Republican,Lisa Ann Flowers (Uncommitted),68
Hardeman,Delegate,At-Large,Republican,Lucas Heaton (Trump),362
Hardeman,Delegate,At-Large,Republican,Marilyn Betz (Trump),428
Hardeman,Delegate,At-Large,Republican,Marilyn Hutchinson (DeSantis),27
Hardeman,Delegate,At-Large,Republican,Mary Kate Brown (DeSantis),30
Hardeman,Delegate,At-Large,Republican,Mason Foley (Haley),70
Hardeman,Delegate,At-Large,Republican,Max Bonner (Trump),595
Hardeman,Delegate,At-Large,Republican,Michael Fulbright (Haley),71
Hardeman,Delegate,At-Large,Republican,Monica Mountain (DeSantis),26
Hardeman,Delegate,At-Large,Republican,Mya Conrad (Trump),467
Hardeman,Delegate,At-Large,Republican,Neil Rader (Haley),21
Hardeman,Delegate,At-Large,Republican,Patricia Woodard (Trump),377
Hardeman,Delegate,At-Large,Republican,Paul Van Hoesen (Haley),18
Hardeman,Delegate,At-Large,Republican,Preston George (Haley),66
Hardeman,Delegate,At-Large,Republican,Rick Williams (Trump),484
Hardeman,Delegate,At-Large,Republican,Robbyn Maylott (Trump),259
Hardeman,Delegate,At-Large,Republican,Samuel Funk (Haley),63
Hardeman,Delegate,At-Large,Republican,Sandi Figg (Haley),74
Hardeman,Delegate,At-Large,Republican,Scott Smith (DeSantis),21
Hardeman,Delegate,At-Large,Republican,Sharon B. Anderson (Trump),589
Hardeman,Delegate,At-Large,Republican,Sherri P. Lee (DeSantis),23
Hardeman,Delegate,At-Large,Republican,Sondra Morris (DeSantis),22
Hardeman,Delegate,At-Large,Republican,Stephanie Nash (Trump),393
Hardeman,Delegate,At-Large,Republican,Steven Tyler Giorno (Trump),576
Hardeman,Delegate,At-Large,Republican,Teresa Dix (DeSantis),20
Hardeman,Delegate,At-Large,Republican,Terri Nicholson (Trump),369
Hardeman,Delegate,At-Large,Republican,Tina Benkiser (DeSantis),27
Hardeman,Delegate,At-Large,Republican,Todd R. Cruse (Haley),81
Hardeman,Delegate,At-Large,Republican,Zachary Lambert (Trump),488
Hardeman,Presidential Preference,NA,Democratic,Joseph R. Biden,574
Hardeman,Presidential Preference,NA,Democratic,Uncommitted,17
Hardeman,Presidential Preference,NA,Republican,Asa Hutchinson,2
Hardeman,Presidential Preference,NA,Republican,Chris Christie,2
Hardeman,Presidential Preference,NA,Republican,David Stuckenberg,0
Hardeman,Presidential Preference,NA,Republican,Donald J. Trump,1386
Hardeman,Presidential Preference,NA,Republican,Nikki Haley,110
Hardeman,Presidential Preference,NA,Republican,Ron DeSantis,12
Hardeman,Presidential Preference,NA,Republican,Ryan Binkley,0
Hardeman,Presidential Preference,NA,Republican,Uncommitted,3
Hardeman,Presidential Preference,NA,Republican,Vivek Ramaswamy,0
Hardin,Delegate,8,Republican,Jimmy Harris (DeSantis),27
Hardin,Delegate,8,Republican,Johnny Bellis (DeSantis),200
Hardin,Delegate,8,Republican,Joseph Coury (Trump),471
Hardin,Delegate,8,Republican,Joseph Glenn Butler (Trump),668
Hardin,Delegate,8,Republican,Kathryn Bryson (DeSantis),29
Hardin,Delegate,8,Republican,Kevin J. Powers (Trump),622
Hardin,Delegate,8,Republican,Kimberly Ann Perry (Haley),142
Hardin,Delegate,8,Republican,Kimberly Lax (Trump),349
Hardin,Delegate,8,Republican,Lauren W. Douglass (Haley),129
Hardin,Delegate,8,Republican,Luke Cymbal (DeSantis),23
Hardin,Delegate,8,Republican,Missy Marshall (DeSantis),16
Hardin,Delegate,8,Republican,Nicholas Perry (Haley),87
Hardin,Delegate,8,Republican,Pam Proctor (DeSantis),12
Hardin,Delegate,8,Republican,Ron M. Gant (Trump),845
Hardin,Delegate,8,Republican,Scott Douglass (Haley),126
Hardin,Delegate,8,Republican,Tess Robbins (Trump),368
Hardin,Delegate,At-Large,Republican,Abigail Arpin (Trump),706
Hardin,Delegate,At-Large,Republican,Archie Pierce (Haley),83
Hardin,Delegate,At-Large,Republican,Barbara Boswell (Trump),834
Hardin,Delegate,At-Large,Republican,Betsy Funk (Haley),169
Hardin,Delegate,At-Large,Republican,Bill Campbell (DeSantis),75
Hardin,Delegate,At-Large,Republican,Bill Young (Haley),97
Hardin,Delegate,At-Large,Republican,Billy J. Stokes (DeSantis),32
Hardin,Delegate,At-Large,Republican,Brad Grantham (DeSantis),65
Hardin,Delegate,At-Large,Republican,Calvin Rogers Clayton (Trump),888
Hardin,Delegate,At-Large,Republican,Chad Blackburn (Trump),1070
Hardin,Delegate,At-Large,Republican,Chad Story (DeSantis),38
Hardin,Delegate,At-Large,Republican,Charles E. Allen Jr. (DeSantis),83
Hardin,Delegate,At-Large,Republican,Charlie Cato (DeSantis),53
Hardin,Delegate,At-Large,Republican,Charlotte Myers (Trump),469
Hardin,Delegate,At-Large,Republican,Cheryl S. Harvey (Haley),178
Hardin,Delegate,At-Large,Republican,Chris Walker (DeSantis),42
Hardin,Delegate,At-Large,Republican,Debra Maggart Breske (Haley),161
Hardin,Delegate,At-Large,Republican,Dennis H. Beavers (Trump),934
Hardin,Delegate,At-Large,Republican,Derrick Calcote (DeSantis),54
Hardin,Delegate,At-Large,Republican,Dia Hart (Uncommitted),14
Hardin,Delegate,At-Large,Republican,Don Alan Miller (Haley),140
Hardin,Delegate,At-Large,Republican,Emily Pearse (Haley),113
Hardin,Delegate,At-Large,Republican,Eric Joe Mayo (Haley),154
Hardin,Delegate,At-Large,Republican,Forrest B. Hutchinson (DeSantis),69
Hardin,Delegate,At-Large,Republican,Gloria A. Giorno (Trump),673
Hardin,Delegate,At-Large,Republican,Harrison Vinett (Trump),453
Hardin,Delegate,At-Large,Republican,Jaclyn Colbeth (Trump),799
Hardin,Delegate,At-Large,Republican,"James C. Phillips, Jr. (Haley)",73
Hardin,Delegate,At-Large,Republican,Jane G. Ferrell (Haley),170
Hardin,Delegate,At-Large,Republican,Jason Emert (DeSantis),59
Hardin,Delegate,At-Large,Republican,John R Roberts (DeSantis),51
Hardin,Delegate,At-Large,Republican,John Rose (Trump),647
Hardin,Delegate,At-Large,Republican,Jonathan Merkh (Haley),160
Hardin,Delegate,At-Large,Republican,Julia Atchley-Pace (Trump),755
Hardin,Delegate,At-Large,Republican,Kelly Barger (Trump),817
Hardin,Delegate,At-Large,Republican,Kevin Desmond (Haley),154
Hardin,Delegate,At-Large,Republican,Layne Provine (DeSantis),32
Hardin,Delegate,At-Large,Republican,Lisa Ann Flowers (Uncommitted),22
Hardin,Delegate,At-Large,Republican,Lucas Heaton (Trump),480
Hardin,Delegate,At-Large,Republican,Marilyn Betz (Trump),686
Hardin,Delegate,At-Large,Republican,Marilyn Hutchinson (DeSantis),62
Hardin,Delegate,At-Large,Republican,Mary Kate Brown (DeSantis),66
Hardin,Delegate,At-Large,Republican,Mason Foley (Haley),155
Hardin,Delegate,At-Large,Republican,Max Bonner (Trump),853
Hardin,Delegate,At-Large,Republican,Michael Fulbright (Haley),158
Hardin,Delegate,At-Large,Republican,Monica Mountain (DeSantis),59
Hardin,Delegate,At-Large,Republican,Mya Conrad (Trump),641
Hardin,Delegate,At-Large,Republican,Neil Rader (Haley),80
Hardin,Delegate,At-Large,Republican,Patricia Woodard (Trump),531
Hardin,Delegate,At-Large,Republican,Paul Van Hoesen (Haley),65
Hardin,Delegate,At-Large,Republican,Preston George (Haley),167
Hardin,Delegate,At-Large,Republican,Rick Williams (Trump),641
Hardin,Delegate,At-Large,Republican,Robbyn Maylott (Trump),362
Hardin,Delegate,At-Large,Republican,Samuel Funk (Haley),158
Hardin,Delegate,At-Large,Republican,Sandi Figg (Haley),178
Hardin,Delegate,At-Large,Republican,Scott Smith (DeSantis),41
Hardin,Delegate,At-Large,Republican,Sharon B. Anderson (Trump),817
Hardin,Delegate,At-Large,Republican,Sherri P. Lee (DeSantis),61
Hardin,Delegate,At-Large,Republican,Sondra Morris (DeSantis),63
Hardin,Delegate,At-Large,Republican,Stephanie Nash (Trump),489
Hardin,Delegate,At-Large,Republican,Steven Tyler Giorno (Trump),781
Hardin,Delegate,At-Large,Republican,Teresa Dix (DeSantis),60
Hardin,Delegate,At-Large,Republican,Terri Nicholson (Trump),495
Hardin,Delegate,At-Large,Republican,Tina Benkiser (DeSantis),52
Hardin,Delegate,At-Large,Republican,Todd R. Cruse (Haley),158
Hardin,Delegate,At-Large,Republican,Zachary Lambert (Trump),586
Hardin,Presidential Preference,NA,Democratic,Joseph R. Biden,87
Hardin,Presidential Preference,NA,Democratic,Uncommitted,9
Hardin,Presidential Preference,NA,Republican,Asa Hutchinson,2
Hardin,Presidential Preference,NA,Republican,Chris Christie,3
Hardin,Presidential Preference,NA,Republican,David Stuckenberg,0
Hardin,Presidential Preference,NA,Republican,Donald J. Trump,1939
Hardin,Presidential Preference,NA,Republican,Nikki Haley,233
Hardin,Presidential Preference,NA,Republican,Ron DeSantis,21
Hardin,Presidential Preference,NA,Republican,Ryan Binkley,1
Hardin,Presidential Preference,NA,Republican,Uncommitted,9
Hardin,Presidential Preference,NA,Republican,Vivek Ramaswamy,4
Hawkins,Delegate,1,Republican,Debra Gardner (Haley),518
Hawkins,Delegate,1,Republican,Donald F. Thompson (DeSantis),107
Hawkins,Delegate,1,Republican,Doris Ladd (DeSantis),82
Hawkins,Delegate,1,Republican,Jerome Cochran (Haley),332
Hawkins,Delegate,1,Republican,Jim Slaight (DeSantis),72
Hawkins,Delegate,1,Republican,John Gardner (Haley),289
Hawkins,Delegate,1,Republican,Kenneth Lahn (Haley),202
Hawkins,Delegate,1,Republican,Linda D. Buckles (Trump),2073
Hawkins,Delegate,1,Republican,Nicholas Castle (Trump),2836
Hawkins,Delegate,1,Republican,Randy L. Dandurand (Trump),1921
Hawkins,Delegate,1,Republican,Richard Venable (DeSantis),117
Hawkins,Delegate,1,Republican,Robert Mathis (Trump),2140
Hawkins,Delegate,1,Republican,Sharon Boreing (Trump),1524
Hawkins,Delegate,1,Republican,Steven J. Cantrell (Haley),358
Hawkins,Delegate,At-Large,Republican,Abigail Arpin (Trump),2654
Hawkins,Delegate,At-Large,Republican,Archie Pierce (Haley),109
Hawkins,Delegate,At-Large,Republican,Barbara Boswell (Trump),2961
Hawkins,Delegate,At-Large,Republican,Betsy Funk (Haley),530
Hawkins,Delegate,At-Large,Republican,Bill Campbell (DeSantis),328
Hawkins,Delegate,At-Large,Republican,Bill Young (Haley),115
Hawkins,Delegate,At-Large,Republican,Billy J. Stokes (DeSantis),196
Hawkins,Delegate,At-Large,Republican,Brad Grantham (DeSantis),254
Hawkins,Delegate,At-Large,Republican,Calvin Rogers Clayton (Trump),3039
Hawkins,Delegate,At-Large,Republican,Chad Blackburn (Trump),3319
Hawkins,Delegate,At-Large,Republican,Chad Story (DeSantis),175
Hawkins,Delegate,At-Large,Republican,Charles E. Allen Jr. (DeSantis),346
Hawkins,Delegate,At-Large,Republican,Charlie Cato (DeSantis),229
Hawkins,Delegate,At-Large,Republican,Charlotte Myers (Trump),657
Hawkins,Delegate,At-Large,Republican,Cheryl S. Harvey (Haley),524
Hawkins,Delegate,At-Large,Republican,Chris Walker (DeSantis),214
Hawkins,Delegate,At-Large,Republican,Debra Maggart Breske (Haley),650
Hawkins,Delegate,At-Large,Republican,Dennis H. Beavers (Trump),3030
Hawkins,Delegate,At-Large,Republican,Derrick Calcote (DeSantis),219
Hawkins,Delegate,At-Large,Republican,Dia Hart (Uncommitted),36
Hawkins,Delegate,At-Large,Republican,Don Alan Miller (Haley),435
Hawkins,Delegate,At-Large,Republican,Emily Pearse (Haley),178
Hawkins,Delegate,At-Large,Republican,Eric Joe Mayo (Haley),491
Hawkins,Delegate,At-Large,Republican,Forrest B. Hutchinson (DeSantis),284
Hawkins,Delegate,At-Large,Republican,Gloria A. Giorno (Trump),2772
Hawkins,Delegate,At-Large,Republican,Harrison Vinett (Trump),501
Hawkins,Delegate,At-Large,Republican,Jaclyn Colbeth (Trump),2877
Hawkins,Delegate,At-Large,Republican,"James C. Phillips, Jr. (Haley)",148
Hawkins,Delegate,At-Large,Republican,Jane G. Ferrell (Haley),687
Hawkins,Delegate,At-Large,Republican,Jason Emert (DeSantis),262
Hawkins,Delegate,At-Large,Republican,John R Roberts (DeSantis),235
Hawkins,Delegate,At-Large,Republican,John Rose (Trump),911
Hawkins,Delegate,At-Large,Republican,Jonathan Merkh (Haley),456
Hawkins,Delegate,At-Large,Republican,Julia Atchley-Pace (Trump),2780
Hawkins,Delegate,At-Large,Republican,Kelly Barger (Trump),3064
Hawkins,Delegate,At-Large,Republican,Kevin Desmond (Haley),654
Hawkins,Delegate,At-Large,Republican,Layne Provine (DeSantis),162
Hawkins,Delegate,At-Large,Republican,Lisa Ann Flowers (Uncommitted),94
Hawkins,Delegate,At-Large,Republican,Lucas Heaton (Trump),1517
Hawkins,Delegate,At-Large,Republican,Marilyn Betz (Trump),2738
Hawkins,Delegate,At-Large,Republican,Marilyn Hutchinson (DeSantis),287
Hawkins,Delegate,At-Large,Republican,Mary Kate Brown (DeSantis),255
Hawkins,Delegate,At-Large,Republican,Mason Foley (Haley),523
Hawkins,Delegate,At-Large,Republican,Max Bonner (Trump),2927
Hawkins,Delegate,At-Large,Republican,Michael Fulbright (Haley),511
Hawkins,Delegate,At-Large,Republican,Monica Mountain (DeSantis),227
Hawkins,Delegate,At-Large,Republican,Mya Conrad (Trump),2752
Hawkins,Delegate,At-Large,Republican,Neil Rader (Haley),80
Hawkins,Delegate,At-Large,Republican,Patricia Woodard (Trump),619
Hawkins,Delegate,At-Large,Republican,Paul Van Hoesen (Haley),76
Hawkins,Delegate,At-Large,Republican,Preston George (Haley),497
Hawkins,Delegate,At-Large,Republican,Rick Williams (Trump),853
Hawkins,Delegate,At-Large,Republican,Robbyn Maylott (Trump),477
Hawkins,Delegate,At-Large,Republican,Samuel Funk (Haley),493
Hawkins,Delegate,At-Large,Republican,Sandi Figg (Haley),635
Hawkins,Delegate,At-Large,Republican,Scott Smith (DeSantis),219
Hawkins,Delegate,At-Large,Republican,Sharon B. Anderson (Trump),2728
Hawkins,Delegate,At-Large,Republican,Sherri P. Lee (DeSantis),251
Hawkins,Delegate,At-Large,Republican,Sondra Morris (DeSantis),241
Hawkins,Delegate,At-Large,Republican,Stephanie Nash (Trump),706
Hawkins,Delegate,At-Large,Republican,Steven Tyler Giorno (Trump),2869
Hawkins,Delegate,At-Large,Republican,Teresa Dix (DeSantis),227
Hawkins,Delegate,At-Large,Republican,Terri Nicholson (Trump),644
Hawkins,Delegate,At-Large,Republican,Tina Benkiser (DeSantis),213
Hawkins,Delegate,At-Large,Republican,Todd R. Cruse (Haley),690
Hawkins,Delegate,At-Large,Republican,Zachary Lambert (Trump),955
Hawkins,Presidential Preference,NA,Democratic,Joseph R. Biden,283
Hawkins,Presidential Preference,NA,Democratic,Uncommitted,23
Hawkins,Presidential Preference,NA,Republican,Asa Hutchinson,3
Hawkins,Presidential Preference,NA,Republican,Chris Christie,32
Hawkins,Presidential Preference,NA,Republican,David Stuckenberg,2
Hawkins,Presidential Preference,NA,Republican,Donald J. Trump,5374
Hawkins,Presidential Preference,NA,Republican,Nikki Haley,762
Hawkins,Presidential Preference,NA,Republican,Ron DeSantis,57
Hawkins,Presidential Preference,NA,Republican,Ryan Binkley,6
Hawkins,Presidential Preference,NA,Republican,Uncommitted,45
Hawkins,Presidential Preference,NA,Republican,Vivek Ramaswamy,12
Haywood,Delegate,8,Republican,Jimmy Harris (DeSantis),17
Haywood,Delegate,8,Republican,Johnny Bellis (DeSantis),26
Haywood,Delegate,8,Republican,Joseph Coury (Trump),167
Haywood,Delegate,8,Republican,Joseph Glenn Butler (Trump),180
Haywood,Delegate,8,Republican,Kathryn Bryson (DeSantis),20
Haywood,Delegate,8,Republican,Kevin J. Powers (Trump),173
Haywood,Delegate,8,Republican,Kimberly Ann Perry (Haley),35
Haywood,Delegate,8,Republican,Kimberly Lax (Trump),170
Haywood,Delegate,8,Republican,Lauren W. Douglass (Haley),25
Haywood,Delegate,8,Republican,Luke Cymbal (DeSantis),23
Haywood,Delegate,8,Republican,Missy Marshall (DeSantis),12
Haywood,Delegate,8,Republican,Nicholas Perry (Haley),15
Haywood,Delegate,8,Republican,Pam Proctor (DeSantis),8
Haywood,Delegate,8,Republican,Ron M. Gant (Trump),256
Haywood,Delegate,8,Republican,Scott Douglass (Haley),36
Haywood,Delegate,8,Republican,Tess Robbins (Trump),92
Haywood,Delegate,At-Large,Republican,Abigail Arpin (Trump),206
Haywood,Delegate,At-Large,Republican,Archie Pierce (Haley),10
Haywood,Delegate,At-Large,Republican,Barbara Boswell (Trump),250
Haywood,Delegate,At-Large,Republican,Betsy Funk (Haley),36
Haywood,Delegate,At-Large,Republican,Bill Campbell (DeSantis),34
Haywood,Delegate,At-Large,Republican,Bill Young (Haley),6
Haywood,Delegate,At-Large,Republican,Billy J. Stokes (DeSantis),11
Haywood,Delegate,At-Large,Republican,Brad Grantham (DeSantis),23
Haywood,Delegate,At-Large,Republican,Calvin Rogers Clayton (Trump),258
Haywood,Delegate,At-Large,Republican,Chad Blackburn (Trump),292
Haywood,Delegate,At-Large,Republican,Chad Story (DeSantis),7
Haywood,Delegate,At-Large,Republican,Charles E. Allen Jr. (DeSantis),38
Haywood,Delegate,At-Large,Republican,Charlie Cato (DeSantis),26
Haywood,Delegate,At-Large,Republican,Charlotte Myers (Trump),88
Haywood,Delegate,At-Large,Republican,Cheryl S. Harvey (Haley),39
Haywood,Delegate,At-Large,Republican,Chris Walker (DeSantis),7
Haywood,Delegate,At-Large,Republican,Debra Maggart Breske (Haley),28
Haywood,Delegate,At-Large,Republican,Dennis H. Beavers (Trump),279
Haywood,Delegate,At-Large,Republican,Derrick Calcote (DeSantis),27
Haywood,Delegate,At-Large,Republican,Dia Hart (Uncommitted),1
Haywood,Delegate,At-Large,Republican,Don Alan Miller (Haley),39
Haywood,Delegate,At-Large,Republican,Emily Pearse (Haley),24
Haywood,Delegate,At-Large,Republican,Eric Joe Mayo (Haley),36
Haywood,Delegate,At-Large,Republican,Forrest B. Hutchinson (DeSantis),21
Haywood,Delegate,At-Large,Republican,Gloria A. Giorno (Trump),239
Haywood,Delegate,At-Large,Republican,Harrison Vinett (Trump),64
Haywood,Delegate,At-Large,Republican,Jaclyn Colbeth (Trump),244
Haywood,Delegate,At-Large,Republican,"James C. Phillips, Jr. (Haley)",11
Haywood,Delegate,At-Large,Republican,Jane G. Ferrell (Haley),39
Haywood,Delegate,At-Large,Republican,Jason Emert (DeSantis),22
Haywood,Delegate,At-Large,Republican,John R Roberts (DeSantis),14
Haywood,Delegate,At-Large,Republican,John Rose (Trump),109
Haywood,Delegate,At-Large,Republican,Jonathan Merkh (Haley),37
Haywood,Delegate,At-Large,Republican,Julia Atchley-Pace (Trump),237
Haywood,Delegate,At-Large,Republican,Kelly Barger (Trump),259
Haywood,Delegate,At-Large,Republican,Kevin Desmond (Haley),36
Haywood,Delegate,At-Large,Republican,Layne Provine (DeSantis),8
Haywood,Delegate,At-Large,Republican,Lisa Ann Flowers (Uncommitted),6
Haywood,Delegate,At-Large,Republican,Lucas Heaton (Trump),136
Haywood,Delegate,At-Large,Republican,Marilyn Betz (Trump),240
Haywood,Delegate,At-Large,Republican,Marilyn Hutchinson (DeSantis),23
Haywood,Delegate,At-Large,Republican,Mary Kate Brown (DeSantis),33
Haywood,Delegate,At-Large,Republican,Mason Foley (Haley),35
Haywood,Delegate,At-Large,Republican,Max Bonner (Trump),271
Haywood,Delegate,At-Large,Republican,Michael Fulbright (Haley),40
Haywood,Delegate,At-Large,Republican,Monica Mountain (DeSantis),12
Haywood,Delegate,At-Large,Republican,Mya Conrad (Trump),238
Haywood,Delegate,At-Large,Republican,Neil Rader (Haley),9
Haywood,Delegate,At-Large,Republican,Patricia Woodard (Trump),68
Haywood,Delegate,At-Large,Republican,Paul Van Hoesen (Haley),6
Haywood,Delegate,At-Large,Republican,Preston George (Haley),41
Haywood,Delegate,At-Large,Republican,Rick Williams (Trump),85
Haywood,Delegate,At-Large,Republican,Robbyn Maylott (Trump),67
Haywood,Delegate,At-Large,Republican,Samuel Funk (Haley),38
Haywood,Delegate,At-Large,Republican,Sandi Figg (Haley),37
Haywood,Delegate,At-Large,Republican,Scott Smith (DeSantis),13
Haywood,Delegate,At-Large,Republican,Sharon B. Anderson (Trump),185
Haywood,Delegate,At-Large,Republican,Sherri P. Lee (DeSantis),21
Haywood,Delegate,At-Large,Republican,Sondra Morris (DeSantis),14
Haywood,Delegate,At-Large,Republican,Stephanie Nash (Trump),82
Haywood,Delegate,At-Large,Republican,Steven Tyler Giorno (Trump),256
Haywood,Delegate,At-Large,Republican,Teresa Dix (DeSantis),26
Haywood,Delegate,At-Large,Republican,Terri Nicholson (Trump),78
Haywood,Delegate,At-Large,Republican,Tina Benkiser (DeSantis),20
Haywood,Delegate,At-Large,Republican,Todd R. Cruse (Haley),36
Haywood,Delegate,At-Large,Republican,Zachary Lambert (Trump),114
Haywood,Presidential Preference,NA,Democratic,Joseph R. Biden,465
Haywood,Presidential Preference,NA,Democratic,Uncommitted,12
Haywood,Presidential Preference,NA,Republican,Asa Hutchinson,0
Haywood,Presidential Preference,NA,Republican,Chris Christie,1
Haywood,Presidential Preference,NA,Republican,David Stuckenberg,0
Haywood,Presidential Preference,NA,Republican,Donald J. Trump,626
Haywood,Presidential Preference,NA,Republican,Nikki Haley,65
Haywood,Presidential Preference,NA,Republican,Ron DeSantis,6
Haywood,Presidential Preference,NA,Republican,Ryan Binkley,0
Haywood,Presidential Preference,NA,Republican,Uncommitted,1
Haywood,Presidential Preference,NA,Republican,Vivek Ramaswamy,1
Henderson,Delegate,8,Republican,Jimmy Harris (DeSantis),67
Henderson,Delegate,8,Republican,Johnny Bellis (DeSantis),41
Henderson,Delegate,8,Republican,Joseph Coury (Trump),590
Henderson,Delegate,8,Republican,Joseph Glenn Butler (Trump),1038
Henderson,Delegate,8,Republican,Kathryn Bryson (DeSantis),34
Henderson,Delegate,8,Republican,Kevin J. Powers (Trump),894
Henderson,Delegate,8,Republican,Kimberly Ann Perry (Haley),173
Henderson,Delegate,8,Republican,Kimberly Lax (Trump),598
Henderson,Delegate,8,Republican,Lauren W. Douglass (Haley),160
Henderson,Delegate,8,Republican,Luke Cymbal (DeSantis),29
Henderson,Delegate,8,Republican,Missy Marshall (DeSantis),10
Henderson,Delegate,8,Republican,Nicholas Perry (Haley),92
Henderson,Delegate,8,Republican,Pam Proctor (DeSantis),14
Henderson,Delegate,8,Republican,Ron M. Gant (Trump),1109
Henderson,Delegate,8,Republican,Scott Douglass (Haley),167
Henderson,Delegate,8,Republican,Tess Robbins (Trump),525
Henderson,Delegate,At-Large,Republican,Abigail Arpin (Trump),867
Henderson,Delegate,At-Large,Republican,Archie Pierce (Haley),78
Henderson,Delegate,At-Large,Republican,Barbara Boswell (Trump),1007
Henderson,Delegate,At-Large,Republican,Betsy Funk (Haley),193
Henderson,Delegate,At-Large,Republican,Bill Campbell (DeSantis),78
Henderson,Delegate,At-Large,Republican,Bill Young (Haley),93
Henderson,Delegate,At-Large,Republican,Billy J. Stokes (DeSantis),24
Henderson,Delegate,At-Large,Republican,Brad Grantham (DeSantis),61
Henderson,Delegate,At-Large,Republican,Calvin Rogers Clayton (Trump),1172
Henderson,Delegate,At-Large,Republican,Chad Blackburn (Trump),1338
Henderson,Delegate,At-Large,Republican,Chad Story (DeSantis),28
Henderson,Delegate,At-Large,Republican,Charles E. Allen Jr. (DeSantis),111
Henderson,Delegate,At-Large,Republican,Charlie Cato (DeSantis),55
Henderson,Delegate,At-Large,Republican,Charlotte Myers (Trump),733
Henderson,Delegate,At-Large,Republican,Cheryl S. Harvey (Haley),183
Henderson,Delegate,At-Large,Republican,Chris Walker (DeSantis),43
Henderson,Delegate,At-Large,Republican,Debra Maggart Breske (Haley),191
Henderson,Delegate,At-Large,Republican,Dennis H. Beavers (Trump),1135
Henderson,Delegate,At-Large,Republican,Derrick Calcote (DeSantis),62
Henderson,Delegate,At-Large,Republican,Dia Hart (Uncommitted),29
Henderson,Delegate,At-Large,Republican,Don Alan Miller (Haley),141
Henderson,Delegate,At-Large,Republican,Emily Pearse (Haley),109
Henderson,Delegate,At-Large,Republican,Eric Joe Mayo (Haley),150
Henderson,Delegate,At-Large,Republican,Forrest B. Hutchinson (DeSantis),71
Henderson,Delegate,At-Large,Republican,Gloria A. Giorno (Trump),916
Henderson,Delegate,At-Large,Republican,Harrison Vinett (Trump),661
Henderson,Delegate,At-Large,Republican,Jaclyn Colbeth (Trump),977
Henderson,Delegate,At-Large,Republican,"James C. Phillips, Jr. (Haley)",64
Henderson,Delegate,At-Large,Republican,Jane G. Ferrell (Haley),184
Henderson,Delegate,At-Large,Republican,Jason Emert (DeSantis),57
Henderson,Delegate,At-Large,Republican,John R Roberts (DeSantis),48
Henderson,Delegate,At-Large,Republican,John Rose (Trump),979
Henderson,Delegate,At-Large,Republican,Jonathan Merkh (Haley),133
Henderson,Delegate,At-Large,Republican,Julia Atchley-Pace (Trump),923
Henderson,Delegate,At-Large,Republican,Kelly Barger (Trump),1122
Henderson,Delegate,At-Large,Republican,Kevin Desmond (Haley),192
Henderson,Delegate,At-Large,Republican,Layne Provine (DeSantis),25
Henderson,Delegate,At-Large,Republican,Lisa Ann Flowers (Uncommitted),141
Henderson,Delegate,At-Large,Republican,Lucas Heaton (Trump),815
Henderson,Delegate,At-Large,Republican,Marilyn Betz (Trump),826
Henderson,Delegate,At-Large,Republican,Marilyn Hutchinson (DeSantis),50
Henderson,Delegate,At-Large,Republican,Mary Kate Brown (DeSantis),74
Henderson,Delegate,At-Large,Republican,Mason Foley (Haley),178
Henderson,Delegate,At-Large,Republican,Max Bonner (Trump),1107
Henderson,Delegate,At-Large,Republican,Michael Fulbright (Haley),175
Henderson,Delegate,At-Large,Republican,Monica Mountain (DeSantis),52
Henderson,Delegate,At-Large,Republican,Mya Conrad (Trump),982
Henderson,Delegate,At-Large,Republican,Neil Rader (Haley),68
Henderson,Delegate,At-Large,Republican,Patricia Woodard (Trump),760
Henderson,Delegate,At-Large,Republican,Paul Van Hoesen (Haley),66
Henderson,Delegate,At-Large,Republican,Preston George (Haley),182
Henderson,Delegate,At-Large,Republican,Rick Williams (Trump),972
Henderson,Delegate,At-Large,Republican,Robbyn Maylott (Trump),595
Henderson,Delegate,At-Large,Republican,Samuel Funk (Haley),172
Henderson,Delegate,At-Large,Republican,Sandi Figg (Haley),185
Henderson,Delegate,At-Large,Republican,Scott Smith (DeSantis),37
Henderson,Delegate,At-Large,Republican,Sharon B. Anderson (Trump),1088
Henderson,Delegate,At-Large,Republican,Sherri P. Lee (DeSantis),52
Henderson,Delegate,At-Large,Republican,Sondra Morris (DeSantis),50
Henderson,Delegate,At-Large,Republican,Stephanie Nash (Trump),808
Henderson,Delegate,At-Large,Republican,Steven Tyler Giorno (Trump),1138
Henderson,Delegate,At-Large,Republican,Teresa Dix (DeSantis),61
Henderson,Delegate,At-Large,Republican,Terri Nicholson (Trump),750
Henderson,Delegate,At-Large,Republican,Tina Benkiser (DeSantis),68
Henderson,Delegate,At-Large,Republican,Todd R. Cruse (Haley),194
Henderson,Delegate,At-Large,Republican,Zachary Lambert (Trump),968
Henderson,Presidential Preference,NA,Democratic,Joseph R. Biden,82
Henderson,Presidential Preference,NA,Democratic,Uncommitted,7
Henderson,Presidential Preference,NA,Republican,Asa Hutchinson,2
Henderson,Presidential Preference,NA,Republican,Chris Christie,10
Henderson,Presidential Preference,NA,Republican,David Stuckenberg,6
Henderson,Presidential Preference,NA,Republican,Donald J. Trump,2889
Henderson,Presidential Preference,NA,Republican,Nikki Haley,359
Henderson,Presidential Preference,NA,Republican,Ron DeSantis,33
Henderson,Presidential Preference,NA,Republican,Ryan Binkley,2
Henderson,Presidential Preference,NA,Republican,Uncommitted,46
Henderson,Presidential Preference,NA,Republican,Vivek Ramaswamy,7
Henry,Delegate,8,Republican,Jimmy Harris (DeSantis),21
Henry,Delegate,8,Republican,Johnny Bellis (DeSantis),26
Henry,Delegate,8,Republican,Joseph Coury (Trump),805
Henry,Delegate,8,Republican,Joseph Glenn Butler (Trump),1116
Henry,Delegate,8,Republican,Kathryn Bryson (DeSantis),20
Henry,Delegate,8,Republican,Kevin J. Powers (Trump),828
Henry,Delegate,8,Republican,Kimberly Ann Perry (Haley),258
Henry,Delegate,8,Republican,Kimberly Lax (Trump),726
Henry,Delegate,8,Republican,Lauren W. Douglass (Haley),205
Henry,Delegate,8,Republican,Luke Cymbal (DeSantis),25
Henry,Delegate,8,Republican,Missy Marshall (DeSantis),14
Henry,Delegate,8,Republican,Nicholas Perry (Haley),135
Henry,Delegate,8,Republican,Pam Proctor (DeSantis),15
Henry,Delegate,8,Republican,Ron M. Gant (Trump),1081
Henry,Delegate,8,Republican,Scott Douglass (Haley),237
Henry,Delegate,8,Republican,Tess Robbins (Trump),822
Henry,Delegate,At-Large,Republican,Abigail Arpin (Trump),1321
Henry,Delegate,At-Large,Republican,Archie Pierce (Haley),54
Henry,Delegate,At-Large,Republican,Barbara Boswell (Trump),1476
Henry,Delegate,At-Large,Republican,Betsy Funk (Haley),287
Henry,Delegate,At-Large,Republican,Bill Campbell (DeSantis),131
Henry,Delegate,At-Large,Republican,Bill Young (Haley),69
Henry,Delegate,At-Large,Republican,Billy J. Stokes (DeSantis),65
Henry,Delegate,At-Large,Republican,Brad Grantham (DeSantis),109
Henry,Delegate,At-Large,Republican,Calvin Rogers Clayton (Trump),1487
Henry,Delegate,At-Large,Republican,Chad Blackburn (Trump),1666
Henry,Delegate,At-Large,Republican,Chad Story (DeSantis),67
Henry,Delegate,At-Large,Republican,Charles E. Allen Jr. (DeSantis),157
Henry,Delegate,At-Large,Republican,Charlie Cato (DeSantis),94
Henry,Delegate,At-Large,Republican,Charlotte Myers (Trump),361
Henry,Delegate,At-Large,Republican,Cheryl S. Harvey (Haley),283
Henry,Delegate,At-Large,Republican,Chris Walker (DeSantis),71
Henry,Delegate,At-Large,Republican,Debra Maggart Breske (Haley),332
Henry,Delegate,At-Large,Republican,Dennis H. Beavers (Trump),1491
Henry,Delegate,At-Large,Republican,Derrick Calcote (DeSantis),100
Henry,Delegate,At-Large,Republican,Dia Hart (Uncommitted),12
Henry,Delegate,At-Large,Republican,Don Alan Miller (Haley),251
Henry,Delegate,At-Large,Republican,Emily Pearse (Haley),88
Henry,Delegate,At-Large,Republican,Eric Joe Mayo (Haley),276
Henry,Delegate,At-Large,Republican,Forrest B. Hutchinson (DeSantis),111
Henry,Delegate,At-Large,Republican,Gloria A. Giorno (Trump),1407
Henry,Delegate,At-Large,Republican,Harrison Vinett (Trump),260
Henry,Delegate,At-Large,Republican,Jaclyn Colbeth (Trump),1422
Henry,Delegate,At-Large,Republican,"James C. Phillips, Jr. (Haley)",51
Henry,Delegate,At-Large,Republican,Jane G. Ferrell (Haley),328
Henry,Delegate,At-Large,Republican,Jason Emert (DeSantis),97
Henry,Delegate,At-Large,Republican,John R Roberts (DeSantis),81
Henry,Delegate,At-Large,Republican,John Rose (Trump),489
Henry,Delegate,At-Large,Republican,Jonathan Merkh (Haley),266
Henry,Delegate,At-Large,Republican,Julia Atchley-Pace (Trump),1360
Henry,Delegate,At-Large,Republican,Kelly Barger (Trump),1488
Henry,Delegate,At-Large,Republican,Kevin Desmond (Haley),328
Henry,Delegate,At-Large,Republican,Layne Provine (DeSantis),61
Henry,Delegate,At-Large,Republican,Lisa Ann Flowers (Uncommitted),46
Henry,Delegate,At-Large,Republican,Lucas Heaton (Trump),680
Henry,Delegate,At-Large,Republican,Marilyn Betz (Trump),1339
Henry,Delegate,At-Large,Republican,Marilyn Hutchinson (DeSantis),106
Henry,Delegate,At-Large,Republican,Mary Kate Brown (DeSantis),118
Henry,Delegate,At-Large,Republican,Mason Foley (Haley),286
Henry,Delegate,At-Large,Republican,Max Bonner (Trump),1484
Henry,Delegate,At-Large,Republican,Michael Fulbright (Haley),274
Henry,Delegate,At-Large,Republican,Monica Mountain (DeSantis),81
Henry,Delegate,At-Large,Republican,Mya Conrad (Trump),1345
Henry,Delegate,At-Large,Republican,Neil Rader (Haley),50
Henry,Delegate,At-Large,Republican,Patricia Woodard (Trump),321
Henry,Delegate,At-Large,Republican,Paul Van Hoesen (Haley),43
Henry,Delegate,At-Large,Republican,Preston George (Haley),276
Henry,Delegate,At-Large,Republican,Rick Williams (Trump),412
Henry,Delegate,At-Large,Republican,Robbyn Maylott (Trump),258
Henry,Delegate,At-Large,Republican,Samuel Funk (Haley),262
Henry,Delegate,At-Large,Republican,Sandi Figg (Haley),324
Henry,Delegate,At-Large,Republican,Scott Smith (DeSantis),78
Henry,Delegate,At-Large,Republican,Sharon B. Anderson (Trump),1359
Henry,Delegate,At-Large,Republican,Sherri P. Lee (DeSantis),92
Henry,Delegate,At-Large,Republican,Sondra Morris (DeSantis),90
Henry,Delegate,At-Large,Republican,Stephanie Nash (Trump),382
Henry,Delegate,At-Large,Republican,Steven Tyler Giorno (Trump),1439
Henry,Delegate,At-Large,Republican,Teresa Dix (DeSantis),100
Henry,Delegate,At-Large,Republican,Terri Nicholson (Trump),403
Henry,Delegate,At-Large,Republican,Tina Benkiser (DeSantis),93
Henry,Delegate,At-Large,Republican,Todd R. Cruse (Haley),332
Henry,Delegate,At-Large,Republican,Zachary Lambert (Trump),465
Henry,Presidential Preference,NA,Democratic,Joseph R. Biden,396
Henry,Presidential Preference,NA,Democratic,Uncommitted,17
Henry,Presidential Preference,NA,Republican,Asa Hutchinson,2
Henry,Presidential Preference,NA,Republican,Chris Christie,7
Henry,Presidential Preference,NA,Republican,David Stuckenberg,1
Henry,Presidential Preference,NA,Republican,Donald J. Trump,2704
Henry,Presidential Preference,NA,Republican,Nikki Haley,419
Henry,Presidential Preference,NA,Republican,Ron DeSantis,18
Henry,Presidential Preference,NA,Republican,Ryan Binkley,1
Henry,Presidential Preference,NA,Republican,Uncommitted,8
Henry,Presidential Preference,NA,Republican,Vivek Ramaswamy,3
Hickman,Delegate,7,Republican,"Cassandra ""Casey"" Mahoney (DeSantis)",11
Hickman,Delegate,7,Republican,Cheryl Brown (Trump),681
Hickman,Delegate,7,Republican,Jeffrey L. Eby (DeSantis),29
Hickman,Delegate,7,Republican,Mark Moore (Trump),935
Hickman,Delegate,7,Republican,Mary Ann Degan (Haley),123
Hickman,Delegate,7,Republican,Mary Ann Parks (Trump),525
Hickman,Delegate,7,Republican,Mary Littleton (Trump),641
Hickman,Delegate,7,Republican,Michelle Foreman (Trump),619
Hickman,Delegate,7,Republican,Natalie Pearce (Trump),520
Hickman,Delegate,7,Republican,Nina M. Kumar (Haley),121
Hickman,Delegate,7,Republican,Patti Carroll (DeSantis),21
Hickman,Delegate,7,Republican,Richard Lee (DeSantis),35
Hickman,Delegate,7,Republican,Sabi 'Doc' Kumar (Haley),73
Hickman,Delegate,7,Republican,Susan Price (Haley),115
Hickman,Delegate,At-Large,Republican,Abigail Arpin (Trump),838
Hickman,Delegate,At-Large,Republican,Archie Pierce (Haley),55
Hickman,Delegate,At-Large,Republican,Barbara Boswell (Trump),790
Hickman,Delegate,At-Large,Republican,Betsy Funk (Haley),129
Hickman,Delegate,At-Large,Republican,Bill Campbell (DeSantis),40
Hickman,Delegate,At-Large,Republican,Bill Young (Haley),62
Hickman,Delegate,At-Large,Republican,Billy J. Stokes (DeSantis),17
Hickman,Delegate,At-Large,Republican,Brad Grantham (DeSantis),26
Hickman,Delegate,At-Large,Republican,Calvin Rogers Clayton (Trump),915
Hickman,Delegate,At-Large,Republican,Chad Blackburn (Trump),1034
Hickman,Delegate,At-Large,Republican,Chad Story (DeSantis),16
Hickman,Delegate,At-Large,Republican,Charles E. Allen Jr. (DeSantis),50
Hickman,Delegate,At-Large,Republican,Charlie Cato (DeSantis),24
Hickman,Delegate,At-Large,Republican,Charlotte Myers (Trump),445
Hickman,Delegate,At-Large,Republican,Cheryl S. Harvey (Haley),124
Hickman,Delegate,At-Large,Republican,Chris Walker (DeSantis),23
Hickman,Delegate,At-Large,Republican,Debra Maggart Breske (Haley),112
Hickman,Delegate,At-Large,Republican,Dennis H. Beavers (Trump),1061
Hickman,Delegate,At-Large,Republican,Derrick Calcote (DeSantis),31
Hickman,Delegate,At-Large,Republican,Dia Hart (Uncommitted),23
Hickman,Delegate,At-Large,Republican,Don Alan Miller (Haley),100
Hickman,Delegate,At-Large,Republican,Emily Pearse (Haley),81
Hickman,Delegate,At-Large,Republican,Eric Joe Mayo (Haley),109
Hickman,Delegate,At-Large,Republican,Forrest B. Hutchinson (DeSantis),33
Hickman,Delegate,At-Large,Republican,Gloria A. Giorno (Trump),673
Hickman,Delegate,At-Large,Republican,Harrison Vinett (Trump),439
Hickman,Delegate,At-Large,Republican,Jaclyn Colbeth (Trump),700
Hickman,Delegate,At-Large,Republican,"James C. Phillips, Jr. (Haley)",53
Hickman,Delegate,At-Large,Republican,Jane G. Ferrell (Haley),121
Hickman,Delegate,At-Large,Republican,Jason Emert (DeSantis),25
Hickman,Delegate,At-Large,Republican,John R Roberts (DeSantis),28
Hickman,Delegate,At-Large,Republican,John Rose (Trump),662
Hickman,Delegate,At-Large,Republican,Jonathan Merkh (Haley),102
Hickman,Delegate,At-Large,Republican,Julia Atchley-Pace (Trump),872
Hickman,Delegate,At-Large,Republican,Kelly Barger (Trump),941
Hickman,Delegate,At-Large,Republican,Kevin Desmond (Haley),119
Hickman,Delegate,At-Large,Republican,Layne Provine (DeSantis),13
Hickman,Delegate,At-Large,Republican,Lisa Ann Flowers (Uncommitted),67
Hickman,Delegate,At-Large,Republican,Lucas Heaton (Trump),511
Hickman,Delegate,At-Large,Republican,Marilyn Betz (Trump),752
Hickman,Delegate,At-Large,Republican,Marilyn Hutchinson (DeSantis),23
Hickman,Delegate,At-Large,Republican,Mary Kate Brown (DeSantis),40
Hickman,Delegate,At-Large,Republican,Mason Foley (Haley),104
Hickman,Delegate,At-Large,Republican,Max Bonner (Trump),915
Hickman,Delegate,At-Large,Republican,Michael Fulbright (Haley),117
Hickman,Delegate,At-Large,Republican,Monica Mountain (DeSantis),21
Hickman,Delegate,At-Large,Republican,Mya Conrad (Trump),687
Hickman,Delegate,At-Large,Republican,Neil Rader (Haley),48
Hickman,Delegate,At-Large,Republican,Patricia Woodard (Trump),471
Hickman,Delegate,At-Large,Republican,Paul Van Hoesen (Haley),52
Hickman,Delegate,At-Large,Republican,Preston George (Haley),116
Hickman,Delegate,At-Large,Republican,Rick Williams (Trump),656
Hickman,Delegate,At-Large,Republican,Robbyn Maylott (Trump),335
Hickman,Delegate,At-Large,Republican,Samuel Funk (Haley),108
Hickman,Delegate,At-Large,Republican,Sandi Figg (Haley),123
Hickman,Delegate,At-Large,Republican,Scott Smith (DeSantis),24
Hickman,Delegate,At-Large,Republican,Sharon B. Anderson (Trump),958
Hickman,Delegate,At-Large,Republican,Sherri P. Lee (DeSantis),17
Hickman,Delegate,At-Large,Republican,Sondra Morris (DeSantis),19
Hickman,Delegate,At-Large,Republican,Stephanie Nash (Trump),532
Hickman,Delegate,At-Large,Republican,Steven Tyler Giorno (Trump),844
Hickman,Delegate,At-Large,Republican,Teresa Dix (DeSantis),27
Hickman,Delegate,At-Large,Republican,Terri Nicholson (Trump),474
Hickman,Delegate,At-Large,Republican,Tina Benkiser (DeSantis),27
Hickman,Delegate,At-Large,Republican,Todd R. Cruse (Haley),110
Hickman,Delegate,At-Large,Republican,Zachary Lambert (Trump),682
Hickman,Presidential Preference,NA,Democratic,Joseph R. Biden,194
Hickman,Presidential Preference,NA,Democratic,Uncommitted,12
Hickman,Presidential Preference,NA,Republican,Asa Hutchinson,2
Hickman,Presidential Preference,NA,Republican,Chris Christie,3
Hickman,Presidential Preference,NA,Republican,David Stuckenberg,2
Hickman,Presidential Preference,NA,Republican,Donald J. Trump,1791
Hickman,Presidential Preference,NA,Republican,Nikki Haley,189
Hickman,Presidential Preference,NA,Republican,Ron DeSantis,16
Hickman,Presidential Preference,NA,Republican,Ryan Binkley,1
Hickman,Presidential Preference,NA,Republican,Uncommitted,7
Hickman,Presidential Preference,NA,Republican,Vivek Ramaswamy,3
Houston,Delegate,7,Republican,"Cassandra ""Casey"" Mahoney (DeSantis)",8
Houston,Delegate,7,Republican,Cheryl Brown (Trump),165
Houston,Delegate,7,Republican,Jeffrey L. Eby (DeSantis),11
Houston,Delegate,7,Republican,Mark Moore (Trump),316
Houston,Delegate,7,Republican,Mary Ann Degan (Haley),35
Houston,Delegate,7,Republican,Mary Ann Parks (Trump),172
Houston,Delegate,7,Republican,Mary Littleton (Trump),197
Houston,Delegate,7,Republican,Michelle Foreman (Trump),167
Houston,Delegate,7,Republican,Natalie Pearce (Trump),164
Houston,Delegate,7,Republican,Nina M. Kumar (Haley),39
Houston,Delegate,7,Republican,Patti Carroll (DeSantis),12
Houston,Delegate,7,Republican,Richard Lee (DeSantis),19
Houston,Delegate,7,Republican,Sabi 'Doc' Kumar (Haley),23
Houston,Delegate,7,Republican,Susan Price (Haley),37
Houston,Delegate,At-Large,Republican,Abigail Arpin (Trump),239
Houston,Delegate,At-Large,Republican,Archie Pierce (Haley),15
Houston,Delegate,At-Large,Republican,Barbara Boswell (Trump),288
Houston,Delegate,At-Large,Republican,Betsy Funk (Haley),43
Houston,Delegate,At-Large,Republican,Bill Campbell (DeSantis),34
Houston,Delegate,At-Large,Republican,Bill Young (Haley),24
Houston,Delegate,At-Large,Republican,Billy J. Stokes (DeSantis),20
Houston,Delegate,At-Large,Republican,Brad Grantham (DeSantis),22
Houston,Delegate,At-Large,Republican,Calvin Rogers Clayton (Trump),308
Houston,Delegate,At-Large,Republican,Chad Blackburn (Trump),350
Houston,Delegate,At-Large,Republican,Chad Story (DeSantis),14
Houston,Delegate,At-Large,Republican,Charles E. Allen Jr. (DeSantis),41
Houston,Delegate,At-Large,Republican,Charlie Cato (DeSantis),20
Houston,Delegate,At-Large,Republican,Charlotte Myers (Trump),151
Houston,Delegate,At-Large,Republican,Cheryl S. Harvey (Haley),45
Houston,Delegate,At-Large,Republican,Chris Walker (DeSantis),11
Houston,Delegate,At-Large,Republican,Debra Maggart Breske (Haley),48
Houston,Delegate,At-Large,Republican,Dennis H. Beavers (Trump),289
Houston,Delegate,At-Large,Republican,Derrick Calcote (DeSantis),22
Houston,Delegate,At-Large,Republican,Dia Hart (Uncommitted),9
Houston,Delegate,At-Large,Republican,Don Alan Miller (Haley),32
Houston,Delegate,At-Large,Republican,Emily Pearse (Haley),21
Houston,Delegate,At-Large,Republican,Eric Joe Mayo (Haley),42
Houston,Delegate,At-Large,Republican,Forrest B. Hutchinson (DeSantis),18
Houston,Delegate,At-Large,Republican,Gloria A. Giorno (Trump),292
Houston,Delegate,At-Large,Republican,Harrison Vinett (Trump),101
Houston,Delegate,At-Large,Republican,Jaclyn Colbeth (Trump),271
Houston,Delegate,At-Large,Republican,"James C. Phillips, Jr. (Haley)",14
Houston,Delegate,At-Large,Republican,Jane G. Ferrell (Haley),42
Houston,Delegate,At-Large,Republican,Jason Emert (DeSantis),23
Houston,Delegate,At-Large,Republican,John R Roberts (DeSantis),21
Houston,Delegate,At-Large,Republican,John Rose (Trump),143
Houston,Delegate,At-Large,Republican,Jonathan Merkh (Haley),40
Houston,Delegate,At-Large,Republican,Julia Atchley-Pace (Trump),241
Houston,Delegate,At-Large,Republican,Kelly Barger (Trump),283
Houston,Delegate,At-Large,Republican,Kevin Desmond (Haley),41
Houston,Delegate,At-Large,Republican,Layne Provine (DeSantis),14
Houston,Delegate,At-Large,Republican,Lisa Ann Flowers (Uncommitted),11
Houston,Delegate,At-Large,Republican,Lucas Heaton (Trump),193
Houston,Delegate,At-Large,Republican,Marilyn Betz (Trump),240
Houston,Delegate,At-Large,Republican,Marilyn Hutchinson (DeSantis),21
Houston,Delegate,At-Large,Republican,Mary Kate Brown (DeSantis),27
Houston,Delegate,At-Large,Republican,Mason Foley (Haley),42
Houston,Delegate,At-Large,Republican,Max Bonner (Trump),296
Houston,Delegate,At-Large,Republican,Michael Fulbright (Haley),45
Houston,Delegate,At-Large,Republican,Monica Mountain (DeSantis),19
Houston,Delegate,At-Large,Republican,Mya Conrad (Trump),275
Houston,Delegate,At-Large,Republican,Neil Rader (Haley),13
Houston,Delegate,At-Large,Republican,Patricia Woodard (Trump),92
Houston,Delegate,At-Large,Republican,Paul Van Hoesen (Haley),16
Houston,Delegate,At-Large,Republican,Preston George (Haley),46
Houston,Delegate,At-Large,Republican,Rick Williams (Trump),140
Houston,Delegate,At-Large,Republican,Robbyn Maylott (Trump),153
Houston,Delegate,At-Large,Republican,Samuel Funk (Haley),45
Houston,Delegate,At-Large,Republican,Sandi Figg (Haley),40
Houston,Delegate,At-Large,Republican,Scott Smith (DeSantis),17
Houston,Delegate,At-Large,Republican,Sharon B. Anderson (Trump),259
Houston,Delegate,At-Large,Republican,Sherri P. Lee (DeSantis),21
Houston,Delegate,At-Large,Republican,Sondra Morris (DeSantis),17
Houston,Delegate,At-Large,Republican,Stephanie Nash (Trump),165
Houston,Delegate,At-Large,Republican,Steven Tyler Giorno (Trump),281
Houston,Delegate,At-Large,Republican,Teresa Dix (DeSantis),23
Houston,Delegate,At-Large,Republican,Terri Nicholson (Trump),204
Houston,Delegate,At-Large,Republican,Tina Benkiser (DeSantis),20
Houston,Delegate,At-Large,Republican,Todd R. Cruse (Haley),43
Houston,Delegate,At-Large,Republican,Zachary Lambert (Trump),217
Houston,Presidential Preference,NA,Democratic,Joseph R. Biden,102
Houston,Presidential Preference,NA,Democratic,Uncommitted,11
Houston,Presidential Preference,NA,Republican,Asa Hutchinson,0
Houston,Presidential Preference,NA,Republican,Chris Christie,0
Houston,Presidential Preference,NA,Republican,David Stuckenberg,1
Houston,Presidential Preference,NA,Republican,Donald J. Trump,658
Houston,Presidential Preference,NA,Republican,Nikki Haley,66
Houston,Presidential Preference,NA,Republican,Ron DeSantis,6
Houston,Presidential Preference,NA,Republican,Ryan Binkley,0
Houston,Presidential Preference,NA,Republican,Uncommitted,2
Houston,Presidential Preference,NA,Republican,Vivek Ramaswamy,1
Humphreys,Delegate,7,Republican,"Cassandra ""Casey"" Mahoney (DeSantis)",29
Humphreys,Delegate,7,Republican,Cheryl Brown (Trump),256
Humphreys,Delegate,7,Republican,Jeffrey L. Eby (DeSantis),57
Humphreys,Delegate,7,Republican,Mark Moore (Trump),504
Humphreys,Delegate,7,Republican,Mary Ann Degan (Haley),98
Humphreys,Delegate,7,Republican,Mary Ann Parks (Trump),274
Humphreys,Delegate,7,Republican,Mary Littleton (Trump),488
Humphreys,Delegate,7,Republican,Michelle Foreman (Trump),348
Humphreys,Delegate,7,Republican,Natalie Pearce (Trump),208
Humphreys,Delegate,7,Republican,Nina M. Kumar (Haley),99
Humphreys,Delegate,7,Republican,Patti Carroll (DeSantis),47
Humphreys,Delegate,7,Republican,Richard Lee (DeSantis),62
Humphreys,Delegate,7,Republican,Sabi 'Doc' Kumar (Haley),54
Humphreys,Delegate,7,Republican,Susan Price (Haley),57
Humphreys,Delegate,At-Large,Republican,Abigail Arpin (Trump),420
Humphreys,Delegate,At-Large,Republican,Archie Pierce (Haley),12
Humphreys,Delegate,At-Large,Republican,Barbara Boswell (Trump),527
Humphreys,Delegate,At-Large,Republican,Betsy Funk (Haley),88
Humphreys,Delegate,At-Large,Republican,Bill Campbell (DeSantis),69
Humphreys,Delegate,At-Large,Republican,Bill Young (Haley),18
Humphreys,Delegate,At-Large,Republican,Billy J. Stokes (DeSantis),24
Humphreys,Delegate,At-Large,Republican,Brad Grantham (DeSantis),57
Humphreys,Delegate,At-Large,Republican,Calvin Rogers Clayton (Trump),543
Humphreys,Delegate,At-Large,Republican,Chad Blackburn (Trump),597
Humphreys,Delegate,At-Large,Republican,Chad Story (DeSantis),18
Humphreys,Delegate,At-Large,Republican,Charles E. Allen Jr. (DeSantis),70
Humphreys,Delegate,At-Large,Republican,Charlie Cato (DeSantis),52
Humphreys,Delegate,At-Large,Republican,Charlotte Myers (Trump),155
Humphreys,Delegate,At-Large,Republican,Cheryl S. Harvey (Haley),80
Humphreys,Delegate,At-Large,Republican,Chris Walker (DeSantis),12
Humphreys,Delegate,At-Large,Republican,Debra Maggart Breske (Haley),65
Humphreys,Delegate,At-Large,Republican,Dennis H. Beavers (Trump),556
Humphreys,Delegate,At-Large,Republican,Derrick Calcote (DeSantis),57
Humphreys,Delegate,At-Large,Republican,Dia Hart (Uncommitted),7
Humphreys,Delegate,At-Large,Republican,Don Alan Miller (Haley),73
Humphreys,Delegate,At-Large,Republican,Emily Pearse (Haley),45
Humphreys,Delegate,At-Large,Republican,Eric Joe Mayo (Haley),74
Humphreys,Delegate,At-Large,Republican,Forrest B. Hutchinson (DeSantis),55
Humphreys,Delegate,At-Large,Republican,Gloria A. Giorno (Trump),516
Humphreys,Delegate,At-Large,Republican,Harrison Vinett (Trump),113
Humphreys,Delegate,At-Large,Republican,Jaclyn Colbeth (Trump),518
Humphreys,Delegate,At-Large,Republican,"James C. Phillips, Jr. (Haley)",26
Humphreys,Delegate,At-Large,Republican,Jane G. Ferrell (Haley),86
Humphreys,Delegate,At-Large,Republican,Jason Emert (DeSantis),59
Humphreys,Delegate,At-Large,Republican,John R Roberts (DeSantis),36
Humphreys,Delegate,At-Large,Republican,John Rose (Trump),192
Humphreys,Delegate,At-Large,Republican,Jonathan Merkh (Haley),77
Humphreys,Delegate,At-Large,Republican,Julia Atchley-Pace (Trump),494
Humphreys,Delegate,At-Large,Republican,Kelly Barger (Trump),532
Humphreys,Delegate,At-Large,Republican,Kevin Desmond (Haley),81
Humphreys,Delegate,At-Large,Republican,Layne Provine (DeSantis),24
Humphreys,Delegate,At-Large,Republican,Lisa Ann Flowers (Uncommitted),24
Humphreys,Delegate,At-Large,Republican,Lucas Heaton (Trump),283
Humphreys,Delegate,At-Large,Republican,Marilyn Betz (Trump),507
Humphreys,Delegate,At-Large,Republican,Marilyn Hutchinson (DeSantis),46
Humphreys,Delegate,At-Large,Republican,Mary Kate Brown (DeSantis),67
Humphreys,Delegate,At-Large,Republican,Mason Foley (Haley),87
Humphreys,Delegate,At-Large,Republican,Max Bonner (Trump),554
Humphreys,Delegate,At-Large,Republican,Michael Fulbright (Haley),87
Humphreys,Delegate,At-Large,Republican,Monica Mountain (DeSantis),42
Humphreys,Delegate,At-Large,Republican,Mya Conrad (Trump),517
Humphreys,Delegate,At-Large,Republican,Neil Rader (Haley),13
Humphreys,Delegate,At-Large,Republican,Patricia Woodard (Trump),135
Humphreys,Delegate,At-Large,Republican,Paul Van Hoesen (Haley),11
Humphreys,Delegate,At-Large,Republican,Preston George (Haley),85
Humphreys,Delegate,At-Large,Republican,Rick Williams (Trump),172
Humphreys,Delegate,At-Large,Republican,Robbyn Maylott (Trump),164
Humphreys,Delegate,At-Large,Republican,Samuel Funk (Haley),86
Humphreys,Delegate,At-Large,Republican,Sandi Figg (Haley),86
Humphreys,Delegate,At-Large,Republican,Scott Smith (DeSantis),25
Humphreys,Delegate,At-Large,Republican,Sharon B. Anderson (Trump),400
Humphreys,Delegate,At-Large,Republican,Sherri P. Lee (DeSantis),46
Humphreys,Delegate,At-Large,Republican,Sondra Morris (DeSantis),41
Humphreys,Delegate,At-Large,Republican,Stephanie Nash (Trump),192
Humphreys,Delegate,At-Large,Republican,Steven Tyler Giorno (Trump),545
Humphreys,Delegate,At-Large,Republican,Teresa Dix (DeSantis),56
Humphreys,Delegate,At-Large,Republican,Terri Nicholson (Trump),170
Humphreys,Delegate,At-Large,Republican,Tina Benkiser (DeSantis),47
Humphreys,Delegate,At-Large,Republican,Todd R. Cruse (Haley),74
Humphreys,Delegate,At-Large,Republican,Zachary Lambert (Trump),252
Humphreys,Presidential Preference,NA,Democratic,Joseph R. Biden,202
Humphreys,Presidential Preference,NA,Democratic,Uncommitted,15
Humphreys,Presidential Preference,NA,Republican,Asa Hutchinson,2
Humphreys,Presidential Preference,NA,Republican,Chris Christie,6
Humphreys,Presidential Preference,NA,Republican,David Stuckenberg,1
Humphreys,Presidential Preference,NA,Republican,Donald J. Trump,1141
Humphreys,Presidential Preference,NA,Republican,Nikki Haley,160
Humphreys,Presidential Preference,NA,Republican,Ron DeSantis,10
Humphreys,Presidential Preference,NA,Republican,Ryan Binkley,0
Humphreys,Presidential Preference,NA,Republican,Uncommitted,2
Humphreys,Presidential Preference,NA,Republican,Vivek Ramaswamy,0
Jackson,Delegate,6,Republican,Brock Hill (DeSantis),12
Jackson,Delegate,6,Republican,Chelsea Rose (Trump),385
Jackson,Delegate,6,Republican,Craig Clark (Trump),370
Jackson,Delegate,6,Republican,Garrett T Floyd (Trump),285
Jackson,Delegate,6,Republican,Jeff Coker (Haley),50
Jackson,Delegate,6,Republican,Kelly Keisling (Trump),332
Jackson,Delegate,6,Republican,Kristy Freewalt (Haley),60
Jackson,Delegate,6,Republican,Laura Baigert (Trump),303
Jackson,Delegate,6,Republican,Luke Tinsley (DeSantis),11
Jackson,Delegate,6,Republican,Mary Andersen (DeSantis),12
Jackson,Delegate,6,Republican,Mike Callahan (Trump),437
Jackson,Delegate,6,Republican,Nicholas Ivey (Haley),28
Jackson,Delegate,6,Republican,Paige Brown (DeSantis),16
Jackson,Delegate,6,Republican,Randy Stamps (Haley),32
Jackson,Delegate,6,Republican,Richard Murphy (DeSantis),11
Jackson,Delegate,6,Republican,Stanley Bertch (Haley),33
Jackson,Delegate,At-Large,Republican,Abigail Arpin (Trump),481
Jackson,Delegate,At-Large,Republican,Archie Pierce (Haley),9
Jackson,Delegate,At-Large,Republican,Barbara Boswell (Trump),561
Jackson,Delegate,At-Large,Republican,Betsy Funk (Haley),66
Jackson,Delegate,At-Large,Republican,Bill Campbell (DeSantis),51
Jackson,Delegate,At-Large,Republican,Bill Young (Haley),20
Jackson,Delegate,At-Large,Republican,Billy J. Stokes (DeSantis),24
Jackson,Delegate,At-Large,Republican,Brad Grantham (DeSantis),40
Jackson,Delegate,At-Large,Republican,Calvin Rogers Clayton (Trump),578
Jackson,Delegate,At-Large,Republican,Chad Blackburn (Trump),642
Jackson,Delegate,At-Large,Republican,Chad Story (DeSantis),19
Jackson,Delegate,At-Large,Republican,Charles E. Allen Jr. (DeSantis),59
Jackson,Delegate,At-Large,Republican,Charlie Cato (DeSantis),32
Jackson,Delegate,At-Large,Republican,Charlotte Myers (Trump),129
Jackson,Delegate,At-Large,Republican,Cheryl S. Harvey (Haley),60
Jackson,Delegate,At-Large,Republican,Chris Walker (DeSantis),25
Jackson,Delegate,At-Large,Republican,Debra Maggart Breske (Haley),74
Jackson,Delegate,At-Large,Republican,Dennis H. Beavers (Trump),573
Jackson,Delegate,At-Large,Republican,Derrick Calcote (DeSantis),31
Jackson,Delegate,At-Large,Republican,Dia Hart (Uncommitted),6
Jackson,Delegate,At-Large,Republican,Don Alan Miller (Haley),56
Jackson,Delegate,At-Large,Republican,Emily Pearse (Haley),22
Jackson,Delegate,At-Large,Republican,Eric Joe Mayo (Haley),56
Jackson,Delegate,At-Large,Republican,Forrest B. Hutchinson (DeSantis),33
Jackson,Delegate,At-Large,Republican,Gloria A. Giorno (Trump),523
Jackson,Delegate,At-Large,Republican,Harrison Vinett (Trump),87
Jackson,Delegate,At-Large,Republican,Jaclyn Colbeth (Trump),544
Jackson,Delegate,At-Large,Republican,"James C. Phillips, Jr. (Haley)",11
Jackson,Delegate,At-Large,Republican,Jane G. Ferrell (Haley),83
Jackson,Delegate,At-Large,Republican,Jason Emert (DeSantis),35
Jackson,Delegate,At-Large,Republican,John R Roberts (DeSantis),30
Jackson,Delegate,At-Large,Republican,John Rose (Trump),354
Jackson,Delegate,At-Large,Republican,Jonathan Merkh (Haley),56
Jackson,Delegate,At-Large,Republican,Julia Atchley-Pace (Trump),509
Jackson,Delegate,At-Large,Republican,Kelly Barger (Trump),561
Jackson,Delegate,At-Large,Republican,Kevin Desmond (Haley),77
Jackson,Delegate,At-Large,Republican,Layne Provine (DeSantis),15
Jackson,Delegate,At-Large,Republican,Lisa Ann Flowers (Uncommitted),18
Jackson,Delegate,At-Large,Republican,Lucas Heaton (Trump),251
Jackson,Delegate,At-Large,Republican,Marilyn Betz (Trump),498
Jackson,Delegate,At-Large,Republican,Marilyn Hutchinson (DeSantis),31
Jackson,Delegate,At-Large,Republican,Mary Kate Brown (DeSantis),43
Jackson,Delegate,At-Large,Republican,Mason Foley (Haley),59
Jackson,Delegate,At-Large,Republican,Max Bonner (Trump),559
Jackson,Delegate,At-Large,Republican,Michael Fulbright (Haley),62
Jackson,Delegate,At-Large,Republican,Monica Mountain (DeSantis),28
Jackson,Delegate,At-Large,Republican,Mya Conrad (Trump),495
Jackson,Delegate,At-Large,Republican,Neil Rader (Haley),14
Jackson,Delegate,At-Large,Republican,Patricia Woodard (Trump),120
Jackson,Delegate,At-Large,Republican,Paul Van Hoesen (Haley),12
Jackson,Delegate,At-Large,Republican,Preston George (Haley),59
Jackson,Delegate,At-Large,Republican,Rick Williams (Trump),165
Jackson,Delegate,At-Large,Republican,Robbyn Maylott (Trump),89
Jackson,Delegate,At-Large,Republican,Samuel Funk (Haley),58
Jackson,Delegate,At-Large,Republican,Sandi Figg (Haley),79
Jackson,Delegate,At-Large,Republican,Scott Smith (DeSantis),23
Jackson,Delegate,At-Large,Republican,Sharon B. Anderson (Trump),515
Jackson,Delegate,At-Large,Republican,Sherri P. Lee (DeSantis),37
Jackson,Delegate,At-Large,Republican,Sondra Morris (DeSantis),32
Jackson,Delegate,At-Large,Republican,Stephanie Nash (Trump),149
Jackson,Delegate,At-Large,Republican,Steven Tyler Giorno (Trump),519
Jackson,Delegate,At-Large,Republican,Teresa Dix (DeSantis),33
Jackson,Delegate,At-Large,Republican,Terri Nicholson (Trump),125
Jackson,Delegate,At-Large,Republican,Tina Benkiser (DeSantis),34
Jackson,Delegate,At-Large,Republican,Todd R. Cruse (Haley),77
Jackson,Delegate,At-Large,Republican,Zachary Lambert (Trump),195
Jackson,Presidential Preference,NA,Democratic,Joseph R. Biden,156
Jackson,Presidential Preference,NA,Democratic,Uncommitted,18
Jackson,Presidential Preference,NA,Republican,Asa Hutchinson,0
Jackson,Presidential Preference,NA,Republican,Chris Christie,3
Jackson,Presidential Preference,NA,Republican,David Stuckenberg,1
Jackson,Presidential Preference,NA,Republican,Donald J. Trump,1107
Jackson,Presidential Preference,NA,Republican,Nikki Haley,105
Jackson,Presidential Preference,NA,Republican,Ron DeSantis,9
Jackson,Presidential Preference,NA,Republican,Ryan Binkley,2
Jackson,Presidential Preference,NA,Republican,Uncommitted,3
Jackson,Presidential Preference,NA,Republican,Vivek Ramaswamy,6
Jefferson,Delegate,1,Republican,Debra Gardner (Haley),635
Jefferson,Delegate,1,Republican,Donald F. Thompson (DeSantis),121
Jefferson,Delegate,1,Republican,Doris Ladd (DeSantis),103
Jefferson,Delegate,1,Republican,Jerome Cochran (Haley),462
Jefferson,Delegate,1,Republican,Jim Slaight (DeSantis),92
Jefferson,Delegate,1,Republican,John Gardner (Haley),323
Jefferson,Delegate,1,Republican,Kenneth Lahn (Haley),219
Jefferson,Delegate,1,Republican,Linda D. Buckles (Trump),2023
Jefferson,Delegate,1,Republican,Nicholas Castle (Trump),2931
Jefferson,Delegate,1,Republican,Randy L. Dandurand (Trump),1988
Jefferson,Delegate,1,Republican,Richard Venable (DeSantis),67
Jefferson,Delegate,1,Republican,Robert Mathis (Trump),2219
Jefferson,Delegate,1,Republican,Sharon Boreing (Trump),1687
Jefferson,Delegate,1,Republican,Steven J. Cantrell (Haley),473
Jefferson,Delegate,2,Republican,Brian R Hornback (Haley),9
Jefferson,Delegate,2,Republican,Chris Kinney (DeSantis),4
Jefferson,Delegate,2,Republican,Cindy Hatcher (DeSantis),5
Jefferson,Delegate,2,Republican,Deborah Bailey (Trump),40
Jefferson,Delegate,2,Republican,Derrick Hatcher (Haley),14
Jefferson,Delegate,2,Republican,Douglas S. Ford (DeSantis),4
Jefferson,Delegate,2,Republican,Elizabeth Wellington (Haley),20
Jefferson,Delegate,2,Republican,Eric R Forrestall (Haley),15
Jefferson,Delegate,2,Republican,Glenn Jacobs (Trump),142
Jefferson,Delegate,2,Republican,Jason Zachary (DeSantis),2
Jefferson,Delegate,2,Republican,"John J. Duncan, Jr. (Trump)",148
Jefferson,Delegate,2,Republican,Michele Carringer (Trump),49
Jefferson,Delegate,2,Republican,Mindy M. Coulter (Haley),20
Jefferson,Delegate,2,Republican,Nicholas J. Nugent (Haley),13
Jefferson,Delegate,2,Republican,Patricia Mills (Trump),63
Jefferson,Delegate,2,Republican,Susan Richardson Williams (DeSantis),3
Jefferson,Delegate,2,Republican,Tim Hutchison (Trump),155
Jefferson,Delegate,At-Large,Republican,Abigail Arpin (Trump),3052
Jefferson,Delegate,At-Large,Republican,Archie Pierce (Haley),132
Jefferson,Delegate,At-Large,Republican,Barbara Boswell (Trump),3308
Jefferson,Delegate,At-Large,Republican,Betsy Funk (Haley),727
Jefferson,Delegate,At-Large,Republican,Bill Campbell (DeSantis),307
Jefferson,Delegate,At-Large,Republican,Bill Young (Haley),148
Jefferson,Delegate,At-Large,Republican,Billy J. Stokes (DeSantis),160
Jefferson,Delegate,At-Large,Republican,Brad Grantham (DeSantis),242
Jefferson,Delegate,At-Large,Republican,Calvin Rogers Clayton (Trump),3447
Jefferson,Delegate,At-Large,Republican,Chad Blackburn (Trump),3802
Jefferson,Delegate,At-Large,Republican,Chad Story (DeSantis),148
Jefferson,Delegate,At-Large,Republican,Charles E. Allen Jr. (DeSantis),302
Jefferson,Delegate,At-Large,Republican,Charlie Cato (DeSantis),186
Jefferson,Delegate,At-Large,Republican,Charlotte Myers (Trump),812
Jefferson,Delegate,At-Large,Republican,Cheryl S. Harvey (Haley),735
Jefferson,Delegate,At-Large,Republican,Chris Walker (DeSantis),170
Jefferson,Delegate,At-Large,Republican,Debra Maggart Breske (Haley),799
Jefferson,Delegate,At-Large,Republican,Dennis H. Beavers (Trump),3450
Jefferson,Delegate,At-Large,Republican,Derrick Calcote (DeSantis),207
Jefferson,Delegate,At-Large,Republican,Dia Hart (Uncommitted),44
Jefferson,Delegate,At-Large,Republican,Don Alan Miller (Haley),613
Jefferson,Delegate,At-Large,Republican,Emily Pearse (Haley),282
Jefferson,Delegate,At-Large,Republican,Eric Joe Mayo (Haley),682
Jefferson,Delegate,At-Large,Republican,Forrest B. Hutchinson (DeSantis),258
Jefferson,Delegate,At-Large,Republican,Gloria A. Giorno (Trump),3203
Jefferson,Delegate,At-Large,Republican,Harrison Vinett (Trump),614
Jefferson,Delegate,At-Large,Republican,Jaclyn Colbeth (Trump),3298
Jefferson,Delegate,At-Large,Republican,"James C. Phillips, Jr. (Haley)",160
Jefferson,Delegate,At-Large,Republican,Jane G. Ferrell (Haley),857
Jefferson,Delegate,At-Large,Republican,Jason Emert (DeSantis),258
Jefferson,Delegate,At-Large,Republican,John R Roberts (DeSantis),180
Jefferson,Delegate,At-Large,Republican,John Rose (Trump),1017
Jefferson,Delegate,At-Large,Republican,Jonathan Merkh (Haley),656
Jefferson,Delegate,At-Large,Republican,Julia Atchley-Pace (Trump),3266
Jefferson,Delegate,At-Large,Republican,Kelly Barger (Trump),3397
Jefferson,Delegate,At-Large,Republican,Kevin Desmond (Haley),821
Jefferson,Delegate,At-Large,Republican,Layne Provine (DeSantis),138
Jefferson,Delegate,At-Large,Republican,Lisa Ann Flowers (Uncommitted),141
Jefferson,Delegate,At-Large,Republican,Lucas Heaton (Trump),1649
Jefferson,Delegate,At-Large,Republican,Marilyn Betz (Trump),3089
Jefferson,Delegate,At-Large,Republican,Marilyn Hutchinson (DeSantis),253
Jefferson,Delegate,At-Large,Republican,Mary Kate Brown (DeSantis),269
Jefferson,Delegate,At-Large,Republican,Mason Foley (Haley),710
Jefferson,Delegate,At-Large,Republican,Max Bonner (Trump),3412
Jefferson,Delegate,At-Large,Republican,Michael Fulbright (Haley),709
Jefferson,Delegate,At-Large,Republican,Monica Mountain (DeSantis),221
Jefferson,Delegate,At-Large,Republican,Mya Conrad (Trump),3147
Jefferson,Delegate,At-Large,Republican,Neil Rader (Haley),129
Jefferson,Delegate,At-Large,Republican,Patricia Woodard (Trump),764
Jefferson,Delegate,At-Large,Republican,Paul Van Hoesen (Haley),118
Jefferson,Delegate,At-Large,Republican,Preston George (Haley),694
Jefferson,Delegate,At-Large,Republican,Rick Williams (Trump),957
Jefferson,Delegate,At-Large,Republican,Robbyn Maylott (Trump),578
Jefferson,Delegate,At-Large,Republican,Samuel Funk (Haley),677
Jefferson,Delegate,At-Large,Republican,Sandi Figg (Haley),830
Jefferson,Delegate,At-Large,Republican,Scott Smith (DeSantis),182
Jefferson,Delegate,At-Large,Republican,Sharon B. Anderson (Trump),3105
Jefferson,Delegate,At-Large,Republican,Sherri P. Lee (DeSantis),223
Jefferson,Delegate,At-Large,Republican,Sondra Morris (DeSantis),214
Jefferson,Delegate,At-Large,Republican,Stephanie Nash (Trump),849
Jefferson,Delegate,At-Large,Republican,Steven Tyler Giorno (Trump),3243
Jefferson,Delegate,At-Large,Republican,Teresa Dix (DeSantis),212
Jefferson,Delegate,At-Large,Republican,Terri Nicholson (Trump),745
Jefferson,Delegate,At-Large,Republican,Tina Benkiser (DeSantis),208
Jefferson,Delegate,At-Large,Republican,Todd R. Cruse (Haley),828
Jefferson,Delegate,At-Large,Republican,Zachary Lambert (Trump),1126
Jefferson,Presidential Preference,NA,Democratic,Joseph R. Biden,332
Jefferson,Presidential Preference,NA,Democratic,Uncommitted,28
Jefferson,Presidential Preference,NA,Republican,Asa Hutchinson,2
Jefferson,Presidential Preference,NA,Republican,Chris Christie,25
Jefferson,Presidential Preference,NA,Republican,David Stuckenberg,2
Jefferson,Presidential Preference,NA,Republican,Donald J. Trump,5698
Jefferson,Presidential Preference,NA,Republican,Nikki Haley,1018
Jefferson,Presidential Preference,NA,Republican,Ron DeSantis,92
Jefferson,Presidential Preference,NA,Republican,Ryan Binkley,8
Jefferson,Presidential Preference,NA,Republican,Uncommitted,60
Jefferson,Presidential Preference,NA,Republican,Vivek Ramaswamy,8
Johnson,Delegate,1,Republican,Debra Gardner (Haley),147
Johnson,Delegate,1,Republican,Donald F. Thompson (DeSantis),30
Johnson,Delegate,1,Republican,Doris Ladd (DeSantis),24
Johnson,Delegate,1,Republican,Jerome Cochran (Haley),96
Johnson,Delegate,1,Republican,Jim Slaight (DeSantis),18
Johnson,Delegate,1,Republican,John Gardner (Haley),75
Johnson,Delegate,1,Republican,Kenneth Lahn (Haley),57
Johnson,Delegate,1,Republican,Linda D. Buckles (Trump),663
Johnson,Delegate,1,Republican,Nicholas Castle (Trump),779
Johnson,Delegate,1,Republican,Randy L. Dandurand (Trump),655
Johnson,Delegate,1,Republican,Richard Venable (DeSantis),33
Johnson,Delegate,1,Republican,Robert Mathis (Trump),593
Johnson,Delegate,1,Republican,Sharon Boreing (Trump),419
Johnson,Delegate,1,Republican,Steven J. Cantrell (Haley),108
Johnson,Delegate,At-Large,Republican,Abigail Arpin (Trump),818
Johnson,Delegate,At-Large,Republican,Archie Pierce (Haley),39
Johnson,Delegate,At-Large,Republican,Barbara Boswell (Trump),902
Johnson,Delegate,At-Large,Republican,Betsy Funk (Haley),150
Johnson,Delegate,At-Large,Republican,Bill Campbell (DeSantis),97
Johnson,Delegate,At-Large,Republican,Bill Young (Haley),29
Johnson,Delegate,At-Large,Republican,Billy J. Stokes (DeSantis),51
Johnson,Delegate,At-Large,Republican,Brad Grantham (DeSantis),57
Johnson,Delegate,At-Large,Republican,Calvin Rogers Clayton (Trump),934
Johnson,Delegate,At-Large,Republican,Chad Blackburn (Trump),1020
Johnson,Delegate,At-Large,Republican,Chad Story (DeSantis),53
Johnson,Delegate,At-Large,Republican,Charles E. Allen Jr. (DeSantis),73
Johnson,Delegate,At-Large,Republican,Charlie Cato (DeSantis),52
Johnson,Delegate,At-Large,Republican,Charlotte Myers (Trump),207
Johnson,Delegate,At-Large,Republican,Cheryl S. Harvey (Haley),162
Johnson,Delegate,At-Large,Republican,Chris Walker (DeSantis),57
Johnson,Delegate,At-Large,Republican,Debra Maggart Breske (Haley),177
Johnson,Delegate,At-Large,Republican,Dennis H. Beavers (Trump),930
Johnson,Delegate,At-Large,Republican,Derrick Calcote (DeSantis),50
Johnson,Delegate,At-Large,Republican,Dia Hart (Uncommitted),5
Johnson,Delegate,At-Large,Republican,Don Alan Miller (Haley),135
Johnson,Delegate,At-Large,Republican,Emily Pearse (Haley),73
Johnson,Delegate,At-Large,Republican,Eric Joe Mayo (Haley),153
Johnson,Delegate,At-Large,Republican,Forrest B. Hutchinson (DeSantis),72
Johnson,Delegate,At-Large,Republican,Gloria A. Giorno (Trump),870
Johnson,Delegate,At-Large,Republican,Harrison Vinett (Trump),156
Johnson,Delegate,At-Large,Republican,Jaclyn Colbeth (Trump),886
Johnson,Delegate,At-Large,Republican,"James C. Phillips, Jr. (Haley)",46
Johnson,Delegate,At-Large,Republican,Jane G. Ferrell (Haley),187
Johnson,Delegate,At-Large,Republican,Jason Emert (DeSantis),63
Johnson,Delegate,At-Large,Republican,John R Roberts (DeSantis),66
Johnson,Delegate,At-Large,Republican,John Rose (Trump),272
Johnson,Delegate,At-Large,Republican,Jonathan Merkh (Haley),150
Johnson,Delegate,At-Large,Republican,Julia Atchley-Pace (Trump),854
Johnson,Delegate,At-Large,Republican,Kelly Barger (Trump),924
Johnson,Delegate,At-Large,Republican,Kevin Desmond (Haley),190
Johnson,Delegate,At-Large,Republican,Layne Provine (DeSantis),39
Johnson,Delegate,At-Large,Republican,Lisa Ann Flowers (Uncommitted),20
Johnson,Delegate,At-Large,Republican,Lucas Heaton (Trump),454
Johnson,Delegate,At-Large,Republican,Marilyn Betz (Trump),830
Johnson,Delegate,At-Large,Republican,Marilyn Hutchinson (DeSantis),71
Johnson,Delegate,At-Large,Republican,Mary Kate Brown (DeSantis),68
Johnson,Delegate,At-Large,Republican,Mason Foley (Haley),152
Johnson,Delegate,At-Large,Republican,Max Bonner (Trump),920
Johnson,Delegate,At-Large,Republican,Michael Fulbright (Haley),145
Johnson,Delegate,At-Large,Republican,Monica Mountain (DeSantis),72
Johnson,Delegate,At-Large,Republican,Mya Conrad (Trump),859
Johnson,Delegate,At-Large,Republican,Neil Rader (Haley),39
Johnson,Delegate,At-Large,Republican,Patricia Woodard (Trump),194
Johnson,Delegate,At-Large,Republican,Paul Van Hoesen (Haley),29
Johnson,Delegate,At-Large,Republican,Preston George (Haley),153
Johnson,Delegate,At-Large,Republican,Rick Williams (Trump),248
Johnson,Delegate,At-Large,Republican,Robbyn Maylott (Trump),162
Johnson,Delegate,At-Large,Republican,Samuel Funk (Haley),137
Johnson,Delegate,At-Large,Republican,Sandi Figg (Haley),179
Johnson,Delegate,At-Large,Republican,Scott Smith (DeSantis),60
Johnson,Delegate,At-Large,Republican,Sharon B. Anderson (Trump),827
Johnson,Delegate,At-Large,Republican,Sherri P. Lee (DeSantis),69
Johnson,Delegate,At-Large,Republican,Sondra Morris (DeSantis),74
Johnson,Delegate,At-Large,Republican,Stephanie Nash (Trump),198
Johnson,Delegate,At-Large,Republican,Steven Tyler Giorno (Trump),892
Johnson,Delegate,At-Large,Republican,Teresa Dix (DeSantis),58
Johnson,Delegate,At-Large,Republican,Terri Nicholson (Trump),186
Johnson,Delegate,At-Large,Republican,Tina Benkiser (DeSantis),55
Johnson,Delegate,At-Large,Republican,Todd R. Cruse (Haley),189
Johnson,Delegate,At-Large,Republican,Zachary Lambert (Trump),281
Johnson,Presidential Preference,NA,Democratic,Joseph R. Biden,121
Johnson,Presidential Preference,NA,Democratic,Uncommitted,10
Johnson,Presidential Preference,NA,Republican,Asa Hutchinson,4
Johnson,Presidential Preference,NA,Republican,Chris Christie,3
Johnson,Presidential Preference,NA,Republican,David Stuckenberg,1
Johnson,Presidential Preference,NA,Republican,Donald J. Trump,1912
Johnson,Presidential Preference,NA,Republican,Nikki Haley,238
Johnson,Presidential Preference,NA,Republican,Ron DeSantis,19
Johnson,Presidential Preference,NA,Republican,Ryan Binkley,1
Johnson,Presidential Preference,NA,Republican,Uncommitted,7
Johnson,Presidential Preference,NA,Republican,Vivek Ramaswamy,1
Knox,Criminal Court Judge Division II,6 (unexpired term),Democratic,No Candidate Qualified,0
Knox,Criminal Court Judge Division II,6 (unexpired term),Republican,Hector I. Sanchez,33729
Knox,Delegate,2,Republican,Brian R Hornback (Haley),3798
Knox,Delegate,2,Republican,Chris Kinney (DeSantis),648
Knox,Delegate,2,Republican,Cindy Hatcher (DeSantis),717
Knox,Delegate,2,Republican,Deborah Bailey (Trump),7233
Knox,Delegate,2,Republican,Derrick Hatcher (Haley),5012
Knox,Delegate,2,Republican,Douglas S. Ford (DeSantis),761
Knox,Delegate,2,Republican,Elizabeth Wellington (Haley),6685
Knox,Delegate,2,Republican,Eric R Forrestall (Haley),4665
Knox,Delegate,2,Republican,Glenn Jacobs (Trump),25120
Knox,Delegate,2,Republican,Jason Zachary (DeSantis),1855
Knox,Delegate,2,Republican,"John J. Duncan, Jr. (Trump)",21443
Knox,Delegate,2,Republican,Michele Carringer (Trump),8942
Knox,Delegate,2,Republican,Mindy M. Coulter (Haley),8439
Knox,Delegate,2,Republican,Nicholas J. Nugent (Haley),2507
Knox,Delegate,2,Republican,Patricia Mills (Trump),4389
Knox,Delegate,2,Republican,Susan Richardson Williams (DeSantis),1054
Knox,Delegate,2,Republican,Tim Hutchison (Trump),19863
Knox,Delegate,At-Large,Republican,Abigail Arpin (Trump),12906
Knox,Delegate,At-Large,Republican,Archie Pierce (Haley),3999
Knox,Delegate,At-Large,Republican,Barbara Boswell (Trump),15450
Knox,Delegate,At-Large,Republican,Betsy Funk (Haley),9574
Knox,Delegate,At-Large,Republican,Bill Campbell (DeSantis),1515
Knox,Delegate,At-Large,Republican,Bill Young (Haley),5223
Knox,Delegate,At-Large,Republican,Billy J. Stokes (DeSantis),1153
Knox,Delegate,At-Large,Republican,Brad Grantham (DeSantis),964
Knox,Delegate,At-Large,Republican,Calvin Rogers Clayton (Trump),17726
Knox,Delegate,At-Large,Republican,Chad Blackburn (Trump),21028
Knox,Delegate,At-Large,Republican,Chad Story (DeSantis),649
Knox,Delegate,At-Large,Republican,Charles E. Allen Jr. (DeSantis),1538
Knox,Delegate,At-Large,Republican,Charlie Cato (DeSantis),834
Knox,Delegate,At-Large,Republican,Charlotte Myers (Trump),11766
Knox,Delegate,At-Large,Republican,Cheryl S. Harvey (Haley),9629
Knox,Delegate,At-Large,Republican,Chris Walker (DeSantis),889
Knox,Delegate,At-Large,Republican,Debra Maggart Breske (Haley),9051
Knox,Delegate,At-Large,Republican,Dennis H. Beavers (Trump),17397
Knox,Delegate,At-Large,Republican,Derrick Calcote (DeSantis),868
Knox,Delegate,At-Large,Republican,Dia Hart (Uncommitted),1373
Knox,Delegate,At-Large,Republican,Don Alan Miller (Haley),6187
Knox,Delegate,At-Large,Republican,Emily Pearse (Haley),6727
Knox,Delegate,At-Large,Republican,Eric Joe Mayo (Haley),7562
Knox,Delegate,At-Large,Republican,Forrest B. Hutchinson (DeSantis),1154
Knox,Delegate,At-Large,Republican,Gloria A. Giorno (Trump),13954
Knox,Delegate,At-Large,Republican,Harrison Vinett (Trump),10413
Knox,Delegate,At-Large,Republican,Jaclyn Colbeth (Trump),14033
Knox,Delegate,At-Large,Republican,"James C. Phillips, Jr. (Haley)",3714
Knox,Delegate,At-Large,Republican,Jane G. Ferrell (Haley),9356
Knox,Delegate,At-Large,Republican,Jason Emert (DeSantis),1263
Knox,Delegate,At-Large,Republican,John R Roberts (DeSantis),1013
Knox,Delegate,At-Large,Republican,John Rose (Trump),16369
Knox,Delegate,At-Large,Republican,Jonathan Merkh (Haley),6828
Knox,Delegate,At-Large,Republican,Julia Atchley-Pace (Trump),14780
Knox,Delegate,At-Large,Republican,Kelly Barger (Trump),16806
Knox,Delegate,At-Large,Republican,Kevin Desmond (Haley),8002
Knox,Delegate,At-Large,Republican,Layne Provine (DeSantis),383
Knox,Delegate,At-Large,Republican,Lisa Ann Flowers (Uncommitted),2523
Knox,Delegate,At-Large,Republican,Lucas Heaton (Trump),13058
Knox,Delegate,At-Large,Republican,Marilyn Betz (Trump),11983
Knox,Delegate,At-Large,Republican,Marilyn Hutchinson (DeSantis),1218
Knox,Delegate,At-Large,Republican,Mary Kate Brown (DeSantis),1372
Knox,Delegate,At-Large,Republican,Mason Foley (Haley),8012
Knox,Delegate,At-Large,Republican,Max Bonner (Trump),16594
Knox,Delegate,At-Large,Republican,Michael Fulbright (Haley),8347
Knox,Delegate,At-Large,Republican,Monica Mountain (DeSantis),911
Knox,Delegate,At-Large,Republican,Mya Conrad (Trump),12062
Knox,Delegate,At-Large,Republican,Neil Rader (Haley),4068
Knox,Delegate,At-Large,Republican,Patricia Woodard (Trump),12079
Knox,Delegate,At-Large,Republican,Paul Van Hoesen (Haley),3879
Knox,Delegate,At-Large,Republican,Preston George (Haley),7964
Knox,Delegate,At-Large,Republican,Rick Williams (Trump),14562
Knox,Delegate,At-Large,Republican,Robbyn Maylott (Trump),8320
Knox,Delegate,At-Large,Republican,Samuel Funk (Haley),7641
Knox,Delegate,At-Large,Republican,Sandi Figg (Haley),9192
Knox,Delegate,At-Large,Republican,Scott Smith (DeSantis),956
Knox,Delegate,At-Large,Republican,Sharon B. Anderson (Trump),17261
Knox,Delegate,At-Large,Republican,Sherri P. Lee (DeSantis),1307
Knox,Delegate,At-Large,Republican,Sondra Morris (DeSantis),814
Knox,Delegate,At-Large,Republican,Stephanie Nash (Trump),13274
Knox,Delegate,At-Large,Republican,Steven Tyler Giorno (Trump),15833
Knox,Delegate,At-Large,Republican,Teresa Dix (DeSantis),1089
Knox,Delegate,At-Large,Republican,Terri Nicholson (Trump),12458
Knox,Delegate,At-Large,Republican,Tina Benkiser (DeSantis),960
Knox,Delegate,At-Large,Republican,Todd R. Cruse (Haley),8387
Knox,Delegate,At-Large,Republican,Zachary Lambert (Trump),16733
Knox,Presidential Preference,NA,Democratic,Joseph R. Biden,10727
Knox,Presidential Preference,NA,Democratic,Uncommitted,1389
Knox,Presidential Preference,NA,Republican,Asa Hutchinson,63
Knox,Presidential Preference,NA,Republican,Chris Christie,238
Knox,Presidential Preference,NA,Republican,David Stuckenberg,18
Knox,Presidential Preference,NA,Republican,Donald J. Trump,31897
Knox,Presidential Preference,NA,Republican,Nikki Haley,12900
Knox,Presidential Preference,NA,Republican,Ron DeSantis,885
Knox,Presidential Preference,NA,Republican,Ryan Binkley,60
Knox,Presidential Preference,NA,Republican,Uncommitted,751
Knox,Presidential Preference,NA,Republican,Vivek Ramaswamy,228
Lake,Delegate,8,Republican,Jimmy Harris (DeSantis),9
Lake,Delegate,8,Republican,Johnny Bellis (DeSantis),2
Lake,Delegate,8,Republican,Joseph Coury (Trump),88
Lake,Delegate,8,Republican,Joseph Glenn Butler (Trump),130
Lake,Delegate,8,Republican,Kathryn Bryson (DeSantis),3
Lake,Delegate,8,Republican,Kevin J. Powers (Trump),95
Lake,Delegate,8,Republican,Kimberly Ann Perry (Haley),12
Lake,Delegate,8,Republican,Kimberly Lax (Trump),71
Lake,Delegate,8,Republican,Lauren W. Douglass (Haley),9
Lake,Delegate,8,Republican,Luke Cymbal (DeSantis),3
Lake,Delegate,8,Republican,Missy Marshall (DeSantis),4
Lake,Delegate,8,Republican,Nicholas Perry (Haley),8
Lake,Delegate,8,Republican,Pam Proctor (DeSantis),6
Lake,Delegate,8,Republican,Ron M. Gant (Trump),129
Lake,Delegate,8,Republican,Scott Douglass (Haley),16
Lake,Delegate,8,Republican,Tess Robbins (Trump),62
Lake,Delegate,At-Large,Republican,Abigail Arpin (Trump),117
Lake,Delegate,At-Large,Republican,Archie Pierce (Haley),3
Lake,Delegate,At-Large,Republican,Barbara Boswell (Trump),132
Lake,Delegate,At-Large,Republican,Betsy Funk (Haley),14
Lake,Delegate,At-Large,Republican,Bill Campbell (DeSantis),8
Lake,Delegate,At-Large,Republican,Bill Young (Haley),10
Lake,Delegate,At-Large,Republican,Billy J. Stokes (DeSantis),4
Lake,Delegate,At-Large,Republican,Brad Grantham (DeSantis),9
Lake,Delegate,At-Large,Republican,Calvin Rogers Clayton (Trump),150
Lake,Delegate,At-Large,Republican,Chad Blackburn (Trump),162
Lake,Delegate,At-Large,Republican,Chad Story (DeSantis),3
Lake,Delegate,At-Large,Republican,Charles E. Allen Jr. (DeSantis),8
Lake,Delegate,At-Large,Republican,Charlie Cato (DeSantis),5
Lake,Delegate,At-Large,Republican,Charlotte Myers (Trump),79
Lake,Delegate,At-Large,Republican,Cheryl S. Harvey (Haley),14
Lake,Delegate,At-Large,Republican,Chris Walker (DeSantis),4
Lake,Delegate,At-Large,Republican,Debra Maggart Breske (Haley),17
Lake,Delegate,At-Large,Republican,Dennis H. Beavers (Trump),130
Lake,Delegate,At-Large,Republican,Derrick Calcote (DeSantis),6
Lake,Delegate,At-Large,Republican,Dia Hart (Uncommitted),2
Lake,Delegate,At-Large,Republican,Don Alan Miller (Haley),10
Lake,Delegate,At-Large,Republican,Emily Pearse (Haley),6
Lake,Delegate,At-Large,Republican,Eric Joe Mayo (Haley),12
Lake,Delegate,At-Large,Republican,Forrest B. Hutchinson (DeSantis),8
Lake,Delegate,At-Large,Republican,Gloria A. Giorno (Trump),106
Lake,Delegate,At-Large,Republican,Harrison Vinett (Trump),71
Lake,Delegate,At-Large,Republican,Jaclyn Colbeth (Trump),114
Lake,Delegate,At-Large,Republican,"James C. Phillips, Jr. (Haley)",7
Lake,Delegate,At-Large,Republican,Jane G. Ferrell (Haley),18
Lake,Delegate,At-Large,Republican,Jason Emert (DeSantis),5
Lake,Delegate,At-Large,Republican,John R Roberts (DeSantis),9
Lake,Delegate,At-Large,Republican,John Rose (Trump),107
Lake,Delegate,At-Large,Republican,Jonathan Merkh (Haley),13
Lake,Delegate,At-Large,Republican,Julia Atchley-Pace (Trump),115
Lake,Delegate,At-Large,Republican,Kelly Barger (Trump),144
Lake,Delegate,At-Large,Republican,Kevin Desmond (Haley),19
Lake,Delegate,At-Large,Republican,Layne Provine (DeSantis),1
Lake,Delegate,At-Large,Republican,Lisa Ann Flowers (Uncommitted),3
Lake,Delegate,At-Large,Republican,Lucas Heaton (Trump),84
Lake,Delegate,At-Large,Republican,Marilyn Betz (Trump),123
Lake,Delegate,At-Large,Republican,Marilyn Hutchinson (DeSantis),13
Lake,Delegate,At-Large,Republican,Mary Kate Brown (DeSantis),8
Lake,Delegate,At-Large,Republican,Mason Foley (Haley),13
Lake,Delegate,At-Large,Republican,Max Bonner (Trump),147
Lake,Delegate,At-Large,Republican,Michael Fulbright (Haley),16
Lake,Delegate,At-Large,Republican,Monica Mountain (DeSantis),6
Lake,Delegate,At-Large,Republican,Mya Conrad (Trump),101
Lake,Delegate,At-Large,Republican,Neil Rader (Haley),1
Lake,Delegate,At-Large,Republican,Patricia Woodard (Trump),35
Lake,Delegate,At-Large,Republican,Paul Van Hoesen (Haley),3
Lake,Delegate,At-Large,Republican,Preston George (Haley),12
Lake,Delegate,At-Large,Republican,Rick Williams (Trump),104
Lake,Delegate,At-Large,Republican,Robbyn Maylott (Trump),63
Lake,Delegate,At-Large,Republican,Samuel Funk (Haley),14
Lake,Delegate,At-Large,Republican,Sandi Figg (Haley),14
Lake,Delegate,At-Large,Republican,Scott Smith (DeSantis),5
Lake,Delegate,At-Large,Republican,Sharon B. Anderson (Trump),129
Lake,Delegate,At-Large,Republican,Sherri P. Lee (DeSantis),10
Lake,Delegate,At-Large,Republican,Sondra Morris (DeSantis),9
Lake,Delegate,At-Large,Republican,Stephanie Nash (Trump),80
Lake,Delegate,At-Large,Republican,Steven Tyler Giorno (Trump),122
Lake,Delegate,At-Large,Republican,Teresa Dix (DeSantis),6
Lake,Delegate,At-Large,Republican,Terri Nicholson (Trump),90
Lake,Delegate,At-Large,Republican,Tina Benkiser (DeSantis),5
Lake,Delegate,At-Large,Republican,Todd R. Cruse (Haley),22
Lake,Delegate,At-Large,Republican,Zachary Lambert (Trump),97
Lake,Presidential Preference,NA,Democratic,Joseph R. Biden,79
Lake,Presidential Preference,NA,Democratic,Uncommitted,4
Lake,Presidential Preference,NA,Republican,Asa Hutchinson,0
Lake,Presidential Preference,NA,Republican,Chris Christie,0
Lake,Presidential Preference,NA,Republican,David Stuckenberg,0
Lake,Presidential Preference,NA,Republican,Donald J. Trump,288
Lake,Presidential Preference,NA,Republican,Nikki Haley,21
Lake,Presidential Preference,NA,Republican,Ron DeSantis,4
Lake,Presidential Preference,NA,Republican,Ryan Binkley,0
Lake,Presidential Preference,NA,Republican,Uncommitted,0
Lake,Presidential Preference,NA,Republican,Vivek Ramaswamy,1
Lauderdale,Delegate,8,Republican,Jimmy Harris (DeSantis),12
Lauderdale,Delegate,8,Republican,Johnny Bellis (DeSantis),12
Lauderdale,Delegate,8,Republican,Joseph Coury (Trump),354
Lauderdale,Delegate,8,Republican,Joseph Glenn Butler (Trump),498
Lauderdale,Delegate,8,Republican,Kathryn Bryson (DeSantis),11
Lauderdale,Delegate,8,Republican,Kevin J. Powers (Trump),398
Lauderdale,Delegate,8,Republican,Kimberly Ann Perry (Haley),69
Lauderdale,Delegate,8,Republican,Kimberly Lax (Trump),278
Lauderdale,Delegate,8,Republican,Lauren W. Douglass (Haley),55
Lauderdale,Delegate,8,Republican,Luke Cymbal (DeSantis),12
Lauderdale,Delegate,8,Republican,Missy Marshall (DeSantis),5
Lauderdale,Delegate,8,Republican,Nicholas Perry (Haley),41
Lauderdale,Delegate,8,Republican,Pam Proctor (DeSantis),4
Lauderdale,Delegate,8,Republican,Ron M. Gant (Trump),554
Lauderdale,Delegate,8,Republican,Scott Douglass (Haley),65
Lauderdale,Delegate,8,Republican,Tess Robbins (Trump),276
Lauderdale,Delegate,At-Large,Republican,Abigail Arpin (Trump),619
Lauderdale,Delegate,At-Large,Republican,Archie Pierce (Haley),18
Lauderdale,Delegate,At-Large,Republican,Barbara Boswell (Trump),666
Lauderdale,Delegate,At-Large,Republican,Betsy Funk (Haley),65
Lauderdale,Delegate,At-Large,Republican,Bill Campbell (DeSantis),58
Lauderdale,Delegate,At-Large,Republican,Bill Young (Haley),19
Lauderdale,Delegate,At-Large,Republican,Billy J. Stokes (DeSantis),30
Lauderdale,Delegate,At-Large,Republican,Brad Grantham (DeSantis),43
Lauderdale,Delegate,At-Large,Republican,Calvin Rogers Clayton (Trump),669
Lauderdale,Delegate,At-Large,Republican,Chad Blackburn (Trump),761
Lauderdale,Delegate,At-Large,Republican,Chad Story (DeSantis),26
Lauderdale,Delegate,At-Large,Republican,Charles E. Allen Jr. (DeSantis),63
Lauderdale,Delegate,At-Large,Republican,Charlie Cato (DeSantis),36
Lauderdale,Delegate,At-Large,Republican,Charlotte Myers (Trump),161
Lauderdale,Delegate,At-Large,Republican,Cheryl S. Harvey (Haley),78
Lauderdale,Delegate,At-Large,Republican,Chris Walker (DeSantis),41
Lauderdale,Delegate,At-Large,Republican,Debra Maggart Breske (Haley),84
Lauderdale,Delegate,At-Large,Republican,Dennis H. Beavers (Trump),697
Lauderdale,Delegate,At-Large,Republican,Derrick Calcote (DeSantis),37
Lauderdale,Delegate,At-Large,Republican,Dia Hart (Uncommitted),5
Lauderdale,Delegate,At-Large,Republican,Don Alan Miller (Haley),62
Lauderdale,Delegate,At-Large,Republican,Emily Pearse (Haley),24
Lauderdale,Delegate,At-Large,Republican,Eric Joe Mayo (Haley),71
Lauderdale,Delegate,At-Large,Republican,Forrest B. Hutchinson (DeSantis),61
Lauderdale,Delegate,At-Large,Republican,Gloria A. Giorno (Trump),650
Lauderdale,Delegate,At-Large,Republican,Harrison Vinett (Trump),108
Lauderdale,Delegate,At-Large,Republican,Jaclyn Colbeth (Trump),654
Lauderdale,Delegate,At-Large,Republican,"James C. Phillips, Jr. (Haley)",18
Lauderdale,Delegate,At-Large,Republican,Jane G. Ferrell (Haley),93
Lauderdale,Delegate,At-Large,Republican,Jason Emert (DeSantis),43
Lauderdale,Delegate,At-Large,Republican,John R Roberts (DeSantis),34
Lauderdale,Delegate,At-Large,Republican,John Rose (Trump),239
Lauderdale,Delegate,At-Large,Republican,Jonathan Merkh (Haley),68
Lauderdale,Delegate,At-Large,Republican,Julia Atchley-Pace (Trump),628
Lauderdale,Delegate,At-Large,Republican,Kelly Barger (Trump),670
Lauderdale,Delegate,At-Large,Republican,Kevin Desmond (Haley),100
Lauderdale,Delegate,At-Large,Republican,Layne Provine (DeSantis),21
Lauderdale,Delegate,At-Large,Republican,Lisa Ann Flowers (Uncommitted),19
Lauderdale,Delegate,At-Large,Republican,Lucas Heaton (Trump),331
Lauderdale,Delegate,At-Large,Republican,Marilyn Betz (Trump),628
Lauderdale,Delegate,At-Large,Republican,Marilyn Hutchinson (DeSantis),61
Lauderdale,Delegate,At-Large,Republican,Mary Kate Brown (DeSantis),46
Lauderdale,Delegate,At-Large,Republican,Mason Foley (Haley),72
Lauderdale,Delegate,At-Large,Republican,Max Bonner (Trump),687
Lauderdale,Delegate,At-Large,Republican,Michael Fulbright (Haley),74
Lauderdale,Delegate,At-Large,Republican,Monica Mountain (DeSantis),41
Lauderdale,Delegate,At-Large,Republican,Mya Conrad (Trump),622
Lauderdale,Delegate,At-Large,Republican,Neil Rader (Haley),12
Lauderdale,Delegate,At-Large,Republican,Patricia Woodard (Trump),135
Lauderdale,Delegate,At-Large,Republican,Paul Van Hoesen (Haley),15
Lauderdale,Delegate,At-Large,Republican,Preston George (Haley),71
Lauderdale,Delegate,At-Large,Republican,Rick Williams (Trump),187
Lauderdale,Delegate,At-Large,Republican,Robbyn Maylott (Trump),113
Lauderdale,Delegate,At-Large,Republican,Samuel Funk (Haley),63
Lauderdale,Delegate,At-Large,Republican,Sandi Figg (Haley),96
Lauderdale,Delegate,At-Large,Republican,Scott Smith (DeSantis),31
Lauderdale,Delegate,At-Large,Republican,Sharon B. Anderson (Trump),606
Lauderdale,Delegate,At-Large,Republican,Sherri P. Lee (DeSantis),40
Lauderdale,Delegate,At-Large,Republican,Sondra Morris (DeSantis),53
Lauderdale,Delegate,At-Large,Republican,Stephanie Nash (Trump),156
Lauderdale,Delegate,At-Large,Republican,Steven Tyler Giorno (Trump),651
Lauderdale,Delegate,At-Large,Republican,Teresa Dix (DeSantis),42
Lauderdale,Delegate,At-Large,Republican,Terri Nicholson (Trump),148
Lauderdale,Delegate,At-Large,Republican,Tina Benkiser (DeSantis),31
Lauderdale,Delegate,At-Large,Republican,Todd R. Cruse (Haley),96
Lauderdale,Delegate,At-Large,Republican,Zachary Lambert (Trump),224
Lauderdale,Presidential Preference,NA,Democratic,Joseph R. Biden,343
Lauderdale,Presidential Preference,NA,Democratic,Uncommitted,12
Lauderdale,Presidential Preference,NA,Republican,Asa Hutchinson,1
Lauderdale,Presidential Preference,NA,Republican,Chris Christie,5
Lauderdale,Presidential Preference,NA,Republican,David Stuckenberg,0
Lauderdale,Presidential Preference,NA,Republican,Donald J. Trump,1271
Lauderdale,Presidential Preference,NA,Republican,Nikki Haley,111
Lauderdale,Presidential Preference,NA,Republican,Ron DeSantis,3
Lauderdale,Presidential Preference,NA,Republican,Ryan Binkley,0
Lauderdale,Presidential Preference,NA,Republican,Uncommitted,8
Lauderdale,Presidential Preference,NA,Republican,Vivek Ramaswamy,2
Lawrence,Circuit Court Judge Part V,22,Democratic,No Candidate Qualified,0
Lawrence,Circuit Court Judge Part V,22,Republican,Julie Carrell Heffington,2824
Lawrence,Delegate,4,Republican,Andrew Joseph Kingsolver (Haley),163
Lawrence,Delegate,4,Republican,Ashley S. Moore (DeSantis),22
Lawrence,Delegate,4,Republican,Caleb Tidwell (DeSantis),22
Lawrence,Delegate,4,Republican,Claudia Coco (Trump),595
Lawrence,Delegate,4,Republican,Clay Doggett (Trump),1990
Lawrence,Delegate,4,Republican,Iva Michelle Russell (Trump),708
Lawrence,Delegate,4,Republican,James S. Kennedy (Haley),171
Lawrence,Delegate,4,Republican,Jeffrey W. Dillard (Trump),1102
Lawrence,Delegate,4,Republican,Katherine Hudgins (DeSantis),34
Lawrence,Delegate,4,Republican,Kip Capley (Trump),1627
Lawrence,Delegate,4,Republican,Lucas Hutchinson (DeSantis),33
Lawrence,Delegate,4,Republican,Lynne Davis (Trump),977
Lawrence,Delegate,4,Republican,Matt Herriman (DeSantis),42
Lawrence,Delegate,4,Republican,Myra Simons (DeSantis),15
Lawrence,Delegate,4,Republican,Rhonda R Page (Haley),168
Lawrence,Delegate,4,Republican,Susan Lightner Harris (Haley),157
Lawrence,Delegate,4,Republican,Teresa (Terrie) Kirby (Haley),141
Lawrence,Delegate,At-Large,Republican,Abigail Arpin (Trump),1719
Lawrence,Delegate,At-Large,Republican,Archie Pierce (Haley),44
Lawrence,Delegate,At-Large,Republican,Barbara Boswell (Trump),1855
Lawrence,Delegate,At-Large,Republican,Betsy Funk (Haley),254
Lawrence,Delegate,At-Large,Republican,Bill Campbell (DeSantis),161
Lawrence,Delegate,At-Large,Republican,Bill Young (Haley),58
Lawrence,Delegate,At-Large,Republican,Billy J. Stokes (DeSantis),78
Lawrence,Delegate,At-Large,Republican,Brad Grantham (DeSantis),116
Lawrence,Delegate,At-Large,Republican,Calvin Rogers Clayton (Trump),1965
Lawrence,Delegate,At-Large,Republican,Chad Blackburn (Trump),2121
Lawrence,Delegate,At-Large,Republican,Chad Story (DeSantis),100
Lawrence,Delegate,At-Large,Republican,Charles E. Allen Jr. (DeSantis),180
Lawrence,Delegate,At-Large,Republican,Charlie Cato (DeSantis),105
Lawrence,Delegate,At-Large,Republican,Charlotte Myers (Trump),417
Lawrence,Delegate,At-Large,Republican,Cheryl S. Harvey (Haley),255
Lawrence,Delegate,At-Large,Republican,Chris Walker (DeSantis),94
Lawrence,Delegate,At-Large,Republican,Debra Maggart Breske (Haley),302
Lawrence,Delegate,At-Large,Republican,Dennis H. Beavers (Trump),1937
Lawrence,Delegate,At-Large,Republican,Derrick Calcote (DeSantis),105
Lawrence,Delegate,At-Large,Republican,Dia Hart (Uncommitted),17
Lawrence,Delegate,At-Large,Republican,Don Alan Miller (Haley),230
Lawrence,Delegate,At-Large,Republican,Emily Pearse (Haley),89
Lawrence,Delegate,At-Large,Republican,Eric Joe Mayo (Haley),233
Lawrence,Delegate,At-Large,Republican,Forrest B. Hutchinson (DeSantis),125
Lawrence,Delegate,At-Large,Republican,Gloria A. Giorno (Trump),1746
Lawrence,Delegate,At-Large,Republican,Harrison Vinett (Trump),302
Lawrence,Delegate,At-Large,Republican,Jaclyn Colbeth (Trump),1808
Lawrence,Delegate,At-Large,Republican,"James C. Phillips, Jr. (Haley)",46
Lawrence,Delegate,At-Large,Republican,Jane G. Ferrell (Haley),308
Lawrence,Delegate,At-Large,Republican,Jason Emert (DeSantis),109
Lawrence,Delegate,At-Large,Republican,John R Roberts (DeSantis),108
Lawrence,Delegate,At-Large,Republican,John Rose (Trump),689
Lawrence,Delegate,At-Large,Republican,Jonathan Merkh (Haley),234
Lawrence,Delegate,At-Large,Republican,Julia Atchley-Pace (Trump),1778
Lawrence,Delegate,At-Large,Republican,Kelly Barger (Trump),1831
Lawrence,Delegate,At-Large,Republican,Kevin Desmond (Haley),299
Lawrence,Delegate,At-Large,Republican,Layne Provine (DeSantis),81
Lawrence,Delegate,At-Large,Republican,Lisa Ann Flowers (Uncommitted),55
Lawrence,Delegate,At-Large,Republican,Lucas Heaton (Trump),888
Lawrence,Delegate,At-Large,Republican,Marilyn Betz (Trump),1829
Lawrence,Delegate,At-Large,Republican,Marilyn Hutchinson (DeSantis),134
Lawrence,Delegate,At-Large,Republican,Mary Kate Brown (DeSantis),146
Lawrence,Delegate,At-Large,Republican,Mason Foley (Haley),246
Lawrence,Delegate,At-Large,Republican,Max Bonner (Trump),1942
Lawrence,Delegate,At-Large,Republican,Michael Fulbright (Haley),245
Lawrence,Delegate,At-Large,Republican,Monica Mountain (DeSantis),106
Lawrence,Delegate,At-Large,Republican,Mya Conrad (Trump),1788
Lawrence,Delegate,At-Large,Republican,Neil Rader (Haley),46
Lawrence,Delegate,At-Large,Republican,Patricia Woodard (Trump),354
Lawrence,Delegate,At-Large,Republican,Paul Van Hoesen (Haley),44
Lawrence,Delegate,At-Large,Republican,Preston George (Haley),238
Lawrence,Delegate,At-Large,Republican,Rick Williams (Trump),516
Lawrence,Delegate,At-Large,Republican,Robbyn Maylott (Trump),305
Lawrence,Delegate,At-Large,Republican,Samuel Funk (Haley),234
Lawrence,Delegate,At-Large,Republican,Sandi Figg (Haley),308
Lawrence,Delegate,At-Large,Republican,Scott Smith (DeSantis),94
Lawrence,Delegate,At-Large,Republican,Sharon B. Anderson (Trump),1693
Lawrence,Delegate,At-Large,Republican,Sherri P. Lee (DeSantis),117
Lawrence,Delegate,At-Large,Republican,Sondra Morris (DeSantis),119
Lawrence,Delegate,At-Large,Republican,Stephanie Nash (Trump),418
Lawrence,Delegate,At-Large,Republican,Steven Tyler Giorno (Trump),1841
Lawrence,Delegate,At-Large,Republican,Teresa Dix (DeSantis),111
Lawrence,Delegate,At-Large,Republican,Terri Nicholson (Trump),380
Lawrence,Delegate,At-Large,Republican,Tina Benkiser (DeSantis),110
Lawrence,Delegate,At-Large,Republican,Todd R. Cruse (Haley),304
Lawrence,Delegate,At-Large,Republican,Zachary Lambert (Trump),570
Lawrence,Presidential Preference,NA,Democratic,Joseph R. Biden,215
Lawrence,Presidential Preference,NA,Democratic,Uncommitted,28
Lawrence,Presidential Preference,NA,Republican,Asa Hutchinson,2
Lawrence,Presidential Preference,NA,Republican,Chris Christie,9
Lawrence,Presidential Preference,NA,Republican,David Stuckenberg,0
Lawrence,Presidential Preference,NA,Republican,Donald J. Trump,3548
Lawrence,Presidential Preference,NA,Republican,Nikki Haley,407
Lawrence,Presidential Preference,NA,Republican,Ron DeSantis,38
Lawrence,Presidential Preference,NA,Republican,Ryan Binkley,1
Lawrence,Presidential Preference,NA,Republican,Uncommitted,20
Lawrence,Presidential Preference,NA,Republican,Vivek Ramaswamy,5
Lewis,Delegate,5,Republican,Angie McClanahan (DeSantis),31
Lewis,Delegate,5,Republican,Bernard Riney Green (Haley),11
Lewis,Delegate,5,Republican,Billy Wayne Akin (DeSantis),47
Lewis,Delegate,5,Republican,Brad Lytle (Trump),470
Lewis,Delegate,5,Republican,"Charles ""Brian"" Shipp",17
Lewis,Delegate,5,Republican,Cyndi Miller (Trump),368
Lewis,Delegate,5,Republican,Gino Bulso (DeSantis),28
Lewis,Delegate,5,Republican,Lona R. Heins (Trump),397
Lewis,Delegate,5,Republican,Lulu Elam (Trump),255
Lewis,Delegate,5,Republican,Matthew Fitterer (Haley),27
Lewis,Delegate,5,Republican,Minna Gioia (Haley),26
Lewis,Delegate,5,Republican,Pam Prevost (DeSantis),25
Lewis,Delegate,5,Republican,Robert Arnold (DeSantis),45
Lewis,Delegate,5,Republican,Sandra R. Dickerson (Haley),35
Lewis,Delegate,5,Republican,Sarah Lytton Buchanan (Haley),45
Lewis,Delegate,5,Republican,Vincent A. Cuevas (Trump),272
Lewis,Delegate,At-Large,Republican,Abigail Arpin (Trump),377
Lewis,Delegate,At-Large,Republican,Archie Pierce (Haley),8
Lewis,Delegate,At-Large,Republican,Barbara Boswell (Trump),434
Lewis,Delegate,At-Large,Republican,Betsy Funk (Haley),48
Lewis,Delegate,At-Large,Republican,Bill Campbell (DeSantis),67
Lewis,Delegate,At-Large,Republican,Bill Young (Haley),7
Lewis,Delegate,At-Large,Republican,Billy J. Stokes (DeSantis),20
Lewis,Delegate,At-Large,Republican,Brad Grantham (DeSantis),38
Lewis,Delegate,At-Large,Republican,Calvin Rogers Clayton (Trump),462
Lewis,Delegate,At-Large,Republican,Chad Blackburn (Trump),511
Lewis,Delegate,At-Large,Republican,Chad Story (DeSantis),11
Lewis,Delegate,At-Large,Republican,Charles E. Allen Jr. (DeSantis),66
Lewis,Delegate,At-Large,Republican,Charlie Cato (DeSantis),47
Lewis,Delegate,At-Large,Republican,Charlotte Myers (Trump),139
Lewis,Delegate,At-Large,Republican,Cheryl S. Harvey (Haley),40
Lewis,Delegate,At-Large,Republican,Chris Walker (DeSantis),9
Lewis,Delegate,At-Large,Republican,Debra Maggart Breske (Haley),32
Lewis,Delegate,At-Large,Republican,Dennis H. Beavers (Trump),474
Lewis,Delegate,At-Large,Republican,Derrick Calcote (DeSantis),52
Lewis,Delegate,At-Large,Republican,Dia Hart (Uncommitted),13
Lewis,Delegate,At-Large,Republican,Don Alan Miller (Haley),35
Lewis,Delegate,At-Large,Republican,Emily Pearse (Haley),27
Lewis,Delegate,At-Large,Republican,Eric Joe Mayo (Haley),40
Lewis,Delegate,At-Large,Republican,Forrest B. Hutchinson (DeSantis),37
Lewis,Delegate,At-Large,Republican,Gloria A. Giorno (Trump),434
Lewis,Delegate,At-Large,Republican,Harrison Vinett (Trump),103
Lewis,Delegate,At-Large,Republican,Jaclyn Colbeth (Trump),433
Lewis,Delegate,At-Large,Republican,"James C. Phillips, Jr. (Haley)",11
Lewis,Delegate,At-Large,Republican,Jane G. Ferrell (Haley),45
Lewis,Delegate,At-Large,Republican,Jason Emert (DeSantis),34
Lewis,Delegate,At-Large,Republican,John R Roberts (DeSantis),24
Lewis,Delegate,At-Large,Republican,John Rose (Trump),164
Lewis,Delegate,At-Large,Republican,Jonathan Merkh (Haley),40
Lewis,Delegate,At-Large,Republican,Julia Atchley-Pace (Trump),424
Lewis,Delegate,At-Large,Republican,Kelly Barger (Trump),455
Lewis,Delegate,At-Large,Republican,Kevin Desmond (Haley),44
Lewis,Delegate,At-Large,Republican,Layne Provine (DeSantis),14
Lewis,Delegate,At-Large,Republican,Lisa Ann Flowers (Uncommitted),18
Lewis,Delegate,At-Large,Republican,Lucas Heaton (Trump),221
Lewis,Delegate,At-Large,Republican,Marilyn Betz (Trump),432
Lewis,Delegate,At-Large,Republican,Marilyn Hutchinson (DeSantis),31
Lewis,Delegate,At-Large,Republican,Mary Kate Brown (DeSantis),64
Lewis,Delegate,At-Large,Republican,Mason Foley (Haley),40
Lewis,Delegate,At-Large,Republican,Max Bonner (Trump),463
Lewis,Delegate,At-Large,Republican,Michael Fulbright (Haley),43
Lewis,Delegate,At-Large,Republican,Monica Mountain (DeSantis),30
Lewis,Delegate,At-Large,Republican,Mya Conrad (Trump),432
Lewis,Delegate,At-Large,Republican,Neil Rader (Haley),6
Lewis,Delegate,At-Large,Republican,Patricia Woodard (Trump),116
Lewis,Delegate,At-Large,Republican,Paul Van Hoesen (Haley),6
Lewis,Delegate,At-Large,Republican,Preston George (Haley),45
Lewis,Delegate,At-Large,Republican,Rick Williams (Trump),157
Lewis,Delegate,At-Large,Republican,Robbyn Maylott (Trump),128
Lewis,Delegate,At-Large,Republican,Samuel Funk (Haley),43
Lewis,Delegate,At-Large,Republican,Sandi Figg (Haley),37
Lewis,Delegate,At-Large,Republican,Scott Smith (DeSantis),22
Lewis,Delegate,At-Large,Republican,Sharon B. Anderson (Trump),368
Lewis,Delegate,At-Large,Republican,Sherri P. Lee (DeSantis),37
Lewis,Delegate,At-Large,Republican,Sondra Morris (DeSantis),30
Lewis,Delegate,At-Large,Republican,Stephanie Nash (Trump),143
Lewis,Delegate,At-Large,Republican,Steven Tyler Giorno (Trump),454
Lewis,Delegate,At-Large,Republican,Teresa Dix (DeSantis),47
Lewis,Delegate,At-Large,Republican,Terri Nicholson (Trump),147
Lewis,Delegate,At-Large,Republican,Tina Benkiser (DeSantis),42
Lewis,Delegate,At-Large,Republican,Todd R. Cruse (Haley),45
Lewis,Delegate,At-Large,Republican,Zachary Lambert (Trump),203
Lewis,Presidential Preference,NA,Democratic,Joseph R. Biden,117
Lewis,Presidential Preference,NA,Democratic,Uncommitted,10
Lewis,Presidential Preference,NA,Republican,Asa Hutchinson,1
Lewis,Presidential Preference,NA,Republican,Chris Christie,1
Lewis,Presidential Preference,NA,Republican,David Stuckenberg,0
Lewis,Presidential Preference,NA,Republican,Donald J. Trump,1035
Lewis,Presidential Preference,NA,Republican,Nikki Haley,69
Lewis,Presidential Preference,NA,Republican,Ron DeSantis,7
Lewis,Presidential Preference,NA,Republican,Ryan Binkley,0
Lewis,Presidential Preference,NA,Republican,Uncommitted,0
Lewis,Presidential Preference,NA,Republican,Vivek Ramaswamy,0
Lincoln,Delegate,4,Republican,Andrew Joseph Kingsolver (Haley),124
Lincoln,Delegate,4,Republican,Ashley S. Moore (DeSantis),29
Lincoln,Delegate,4,Republican,Caleb Tidwell (DeSantis),43
Lincoln,Delegate,4,Republican,Claudia Coco (Trump),565
Lincoln,Delegate,4,Republican,Clay Doggett (Trump),1197
Lincoln,Delegate,4,Republican,Iva Michelle Russell (Trump),645
Lincoln,Delegate,4,Republican,James S. Kennedy (Haley),159
Lincoln,Delegate,4,Republican,Jeffrey W. Dillard (Trump),1082
Lincoln,Delegate,4,Republican,Katherine Hudgins (DeSantis),49
Lincoln,Delegate,4,Republican,Kip Capley (Trump),1063
Lincoln,Delegate,4,Republican,Lucas Hutchinson (DeSantis),49
Lincoln,Delegate,4,Republican,Lynne Davis (Trump),987
Lincoln,Delegate,4,Republican,Matt Herriman (DeSantis),59
Lincoln,Delegate,4,Republican,Myra Simons (DeSantis),21
Lincoln,Delegate,4,Republican,Rhonda R Page (Haley),132
Lincoln,Delegate,4,Republican,Susan Lightner Harris (Haley),192
Lincoln,Delegate,4,Republican,Teresa (Terrie) Kirby (Haley),152
Lincoln,Delegate,At-Large,Republican,Abigail Arpin (Trump),1139
Lincoln,Delegate,At-Large,Republican,Archie Pierce (Haley),73
Lincoln,Delegate,At-Large,Republican,Barbara Boswell (Trump),1374
Lincoln,Delegate,At-Large,Republican,Betsy Funk (Haley),244
Lincoln,Delegate,At-Large,Republican,Bill Campbell (DeSantis),123
Lincoln,Delegate,At-Large,Republican,Bill Young (Haley),113
Lincoln,Delegate,At-Large,Republican,Billy J. Stokes (DeSantis),59
Lincoln,Delegate,At-Large,Republican,Brad Grantham (DeSantis),97
Lincoln,Delegate,At-Large,Republican,Calvin Rogers Clayton (Trump),1526
Lincoln,Delegate,At-Large,Republican,Chad Blackburn (Trump),1692
Lincoln,Delegate,At-Large,Republican,Chad Story (DeSantis),55
Lincoln,Delegate,At-Large,Republican,Charles E. Allen Jr. (DeSantis),135
Lincoln,Delegate,At-Large,Republican,Charlie Cato (DeSantis),86
Lincoln,Delegate,At-Large,Republican,Charlotte Myers (Trump),742
Lincoln,Delegate,At-Large,Republican,Cheryl S. Harvey (Haley),255
Lincoln,Delegate,At-Large,Republican,Chris Walker (DeSantis),70
Lincoln,Delegate,At-Large,Republican,Debra Maggart Breske (Haley),276
Lincoln,Delegate,At-Large,Republican,Dennis H. Beavers (Trump),1497
Lincoln,Delegate,At-Large,Republican,Derrick Calcote (DeSantis),80
Lincoln,Delegate,At-Large,Republican,Dia Hart (Uncommitted),23
Lincoln,Delegate,At-Large,Republican,Don Alan Miller (Haley),188
Lincoln,Delegate,At-Large,Republican,Emily Pearse (Haley),138
Lincoln,Delegate,At-Large,Republican,Eric Joe Mayo (Haley),211
Lincoln,Delegate,At-Large,Republican,Forrest B. Hutchinson (DeSantis),103
Lincoln,Delegate,At-Large,Republican,Gloria A. Giorno (Trump),1101
Lincoln,Delegate,At-Large,Republican,Harrison Vinett (Trump),756
Lincoln,Delegate,At-Large,Republican,Jaclyn Colbeth (Trump),1102
Lincoln,Delegate,At-Large,Republican,"James C. Phillips, Jr. (Haley)",82
Lincoln,Delegate,At-Large,Republican,Jane G. Ferrell (Haley),282
Lincoln,Delegate,At-Large,Republican,Jason Emert (DeSantis),87
Lincoln,Delegate,At-Large,Republican,John R Roberts (DeSantis),73
Lincoln,Delegate,At-Large,Republican,John Rose (Trump),1102
Lincoln,Delegate,At-Large,Republican,Jonathan Merkh (Haley),202
Lincoln,Delegate,At-Large,Republican,Julia Atchley-Pace (Trump),1249
Lincoln,Delegate,At-Large,Republican,Kelly Barger (Trump),1327
Lincoln,Delegate,At-Large,Republican,Kevin Desmond (Haley),270
Lincoln,Delegate,At-Large,Republican,Layne Provine (DeSantis),54
Lincoln,Delegate,At-Large,Republican,Lisa Ann Flowers (Uncommitted),36
Lincoln,Delegate,At-Large,Republican,Lucas Heaton (Trump),803
Lincoln,Delegate,At-Large,Republican,Marilyn Betz (Trump),1127
Lincoln,Delegate,At-Large,Republican,Marilyn Hutchinson (DeSantis),93
Lincoln,Delegate,At-Large,Republican,Mary Kate Brown (DeSantis),112
Lincoln,Delegate,At-Large,Republican,Mason Foley (Haley),227
Lincoln,Delegate,At-Large,Republican,Max Bonner (Trump),1444
Lincoln,Delegate,At-Large,Republican,Michael Fulbright (Haley),229
Lincoln,Delegate,At-Large,Republican,Monica Mountain (DeSantis),78
Lincoln,Delegate,At-Large,Republican,Mya Conrad (Trump),1058
Lincoln,Delegate,At-Large,Republican,Neil Rader (Haley),74
Lincoln,Delegate,At-Large,Republican,Patricia Woodard (Trump),500
Lincoln,Delegate,At-Large,Republican,Paul Van Hoesen (Haley),75
Lincoln,Delegate,At-Large,Republican,Preston George (Haley),228
Lincoln,Delegate,At-Large,Republican,Rick Williams (Trump),1153
Lincoln,Delegate,At-Large,Republican,Robbyn Maylott (Trump),614
Lincoln,Delegate,At-Large,Republican,Samuel Funk (Haley),214
Lincoln,Delegate,At-Large,Republican,Sandi Figg (Haley),249
Lincoln,Delegate,At-Large,Republican,Scott Smith (DeSantis),72
Lincoln,Delegate,At-Large,Republican,Sharon B. Anderson (Trump),1322
Lincoln,Delegate,At-Large,Republican,Sherri P. Lee (DeSantis),88
Lincoln,Delegate,At-Large,Republican,Sondra Morris (DeSantis),81
Lincoln,Delegate,At-Large,Republican,Stephanie Nash (Trump),926
Lincoln,Delegate,At-Large,Republican,Steven Tyler Giorno (Trump),1232
Lincoln,Delegate,At-Large,Republican,Teresa Dix (DeSantis),91
Lincoln,Delegate,At-Large,Republican,Terri Nicholson (Trump),860
Lincoln,Delegate,At-Large,Republican,Tina Benkiser (DeSantis),75
Lincoln,Delegate,At-Large,Republican,Todd R. Cruse (Haley),280
Lincoln,Delegate,At-Large,Republican,Zachary Lambert (Trump),957
Lincoln,Presidential Preference,NA,Democratic,Joseph R. Biden,280
Lincoln,Presidential Preference,NA,Democratic,Uncommitted,17
Lincoln,Presidential Preference,NA,Republican,Asa Hutchinson,0
Lincoln,Presidential Preference,NA,Republican,Chris Christie,3
Lincoln,Presidential Preference,NA,Republican,David Stuckenberg,3
Lincoln,Presidential Preference,NA,Republican,Donald J. Trump,2882
Lincoln,Presidential Preference,NA,Republican,Nikki Haley,346
Lincoln,Presidential Preference,NA,Republican,Ron DeSantis,41
Lincoln,Presidential Preference,NA,Republican,Ryan Binkley,1
Lincoln,Presidential Preference,NA,Republican,Uncommitted,10
Lincoln,Presidential Preference,NA,Republican,Vivek Ramaswamy,5
Loudon,Delegate,2,Republican,Brian R Hornback (Haley),541
Loudon,Delegate,2,Republican,Chris Kinney (DeSantis),104
Loudon,Delegate,2,Republican,Cindy Hatcher (DeSantis),134
Loudon,Delegate,2,Republican,Deborah Bailey (Trump),1395
Loudon,Delegate,2,Republican,Derrick Hatcher (Haley),788
Loudon,Delegate,2,Republican,Douglas S. Ford (DeSantis),136
Loudon,Delegate,2,Republican,Elizabeth Wellington (Haley),840
Loudon,Delegate,2,Republican,Eric R Forrestall (Haley),732
Loudon,Delegate,2,Republican,Glenn Jacobs (Trump),3497
Loudon,Delegate,2,Republican,Jason Zachary (DeSantis),192
Loudon,Delegate,2,Republican,"John J. Duncan, Jr. (Trump)",3725
Loudon,Delegate,2,Republican,Michele Carringer (Trump),1177
Loudon,Delegate,2,Republican,Mindy M. Coulter (Haley),1082
Loudon,Delegate,2,Republican,Nicholas J. Nugent (Haley),410
Loudon,Delegate,2,Republican,Patricia Mills (Trump),1693
Loudon,Delegate,2,Republican,Susan Richardson Williams (DeSantis),115
Loudon,Delegate,2,Republican,Tim Hutchison (Trump),3464
Loudon,Delegate,At-Large,Republican,Abigail Arpin (Trump),3294
Loudon,Delegate,At-Large,Republican,Archie Pierce (Haley),490
Loudon,Delegate,At-Large,Republican,Barbara Boswell (Trump),3551
Loudon,Delegate,At-Large,Republican,Betsy Funk (Haley),1519
Loudon,Delegate,At-Large,Republican,Bill Campbell (DeSantis),452
Loudon,Delegate,At-Large,Republican,Bill Young (Haley),582
Loudon,Delegate,At-Large,Republican,Billy J. Stokes (DeSantis),125
Loudon,Delegate,At-Large,Republican,Brad Grantham (DeSantis),299
Loudon,Delegate,At-Large,Republican,Calvin Rogers Clayton (Trump),3703
Loudon,Delegate,At-Large,Republican,Chad Blackburn (Trump),4712
Loudon,Delegate,At-Large,Republican,Chad Story (DeSantis),120
Loudon,Delegate,At-Large,Republican,Charles E. Allen Jr. (DeSantis),440
Loudon,Delegate,At-Large,Republican,Charlie Cato (DeSantis),275
Loudon,Delegate,At-Large,Republican,Charlotte Myers (Trump),1437
Loudon,Delegate,At-Large,Republican,Cheryl S. Harvey (Haley),1534
Loudon,Delegate,At-Large,Republican,Chris Walker (DeSantis),157
Loudon,Delegate,At-Large,Republican,Debra Maggart Breske (Haley),1344
Loudon,Delegate,At-Large,Republican,Dennis H. Beavers (Trump),4334
Loudon,Delegate,At-Large,Republican,Derrick Calcote (DeSantis),280
Loudon,Delegate,At-Large,Republican,Dia Hart (Uncommitted),90
Loudon,Delegate,At-Large,Republican,Don Alan Miller (Haley),1199
Loudon,Delegate,At-Large,Republican,Emily Pearse (Haley),856
Loudon,Delegate,At-Large,Republican,Eric Joe Mayo (Haley),1337
Loudon,Delegate,At-Large,Republican,Forrest B. Hutchinson (DeSantis),290
Loudon,Delegate,At-Large,Republican,Gloria A. Giorno (Trump),3536
Loudon,Delegate,At-Large,Republican,Harrison Vinett (Trump),1080
Loudon,Delegate,At-Large,Republican,Jaclyn Colbeth (Trump),3434
Loudon,Delegate,At-Large,Republican,"James C. Phillips, Jr. (Haley)",515
Loudon,Delegate,At-Large,Republican,Jane G. Ferrell (Haley),1462
Loudon,Delegate,At-Large,Republican,Jason Emert (DeSantis),326
Loudon,Delegate,At-Large,Republican,John R Roberts (DeSantis),226
Loudon,Delegate,At-Large,Republican,John Rose (Trump),1850
Loudon,Delegate,At-Large,Republican,Jonathan Merkh (Haley),1301
Loudon,Delegate,At-Large,Republican,Julia Atchley-Pace (Trump),3975
Loudon,Delegate,At-Large,Republican,Kelly Barger (Trump),3847
Loudon,Delegate,At-Large,Republican,Kevin Desmond (Haley),1362
Loudon,Delegate,At-Large,Republican,Layne Provine (DeSantis),146
Loudon,Delegate,At-Large,Republican,Lisa Ann Flowers (Uncommitted),225
Loudon,Delegate,At-Large,Republican,Lucas Heaton (Trump),2313
Loudon,Delegate,At-Large,Republican,Marilyn Betz (Trump),3944
Loudon,Delegate,At-Large,Republican,Marilyn Hutchinson (DeSantis),316
Loudon,Delegate,At-Large,Republican,Mary Kate Brown (DeSantis),401
Loudon,Delegate,At-Large,Republican,Mason Foley (Haley),1374
Loudon,Delegate,At-Large,Republican,Max Bonner (Trump),3677
Loudon,Delegate,At-Large,Republican,Michael Fulbright (Haley),1444
Loudon,Delegate,At-Large,Republican,Monica Mountain (DeSantis),265
Loudon,Delegate,At-Large,Republican,Mya Conrad (Trump),3666
Loudon,Delegate,At-Large,Republican,Neil Rader (Haley),513
Loudon,Delegate,At-Large,Republican,Patricia Woodard (Trump),1584
Loudon,Delegate,At-Large,Republican,Paul Van Hoesen (Haley),469
Loudon,Delegate,At-Large,Republican,Preston George (Haley),1388
Loudon,Delegate,At-Large,Republican,Rick Williams (Trump),1971
Loudon,Delegate,At-Large,Republican,Robbyn Maylott (Trump),1506
Loudon,Delegate,At-Large,Republican,Samuel Funk (Haley),1313
Loudon,Delegate,At-Large,Republican,Sandi Figg (Haley),1456
Loudon,Delegate,At-Large,Republican,Scott Smith (DeSantis),196
Loudon,Delegate,At-Large,Republican,Sharon B. Anderson (Trump),4046
Loudon,Delegate,At-Large,Republican,Sherri P. Lee (DeSantis),326
Loudon,Delegate,At-Large,Republican,Sondra Morris (DeSantis),275
Loudon,Delegate,At-Large,Republican,Stephanie Nash (Trump),1623
Loudon,Delegate,At-Large,Republican,Steven Tyler Giorno (Trump),3619
Loudon,Delegate,At-Large,Republican,Teresa Dix (DeSantis),327
Loudon,Delegate,At-Large,Republican,Terri Nicholson (Trump),1710
Loudon,Delegate,At-Large,Republican,Tina Benkiser (DeSantis),311
Loudon,Delegate,At-Large,Republican,Todd R. Cruse (Haley),1395
Loudon,Delegate,At-Large,Republican,Zachary Lambert (Trump),2268
Loudon,Presidential Preference,NA,Democratic,Joseph R. Biden,666
Loudon,Presidential Preference,NA,Democratic,Uncommitted,39
Loudon,Presidential Preference,NA,Republican,Asa Hutchinson,6
Loudon,Presidential Preference,NA,Republican,Chris Christie,22
Loudon,Presidential Preference,NA,Republican,David Stuckenberg,4
Loudon,Presidential Preference,NA,Republican,Donald J. Trump,6915
Loudon,Presidential Preference,NA,Republican,Nikki Haley,2108
Loudon,Presidential Preference,NA,Republican,Ron DeSantis,155
Loudon,Presidential Preference,NA,Republican,Ryan Binkley,8
Loudon,Presidential Preference,NA,Republican,Uncommitted,65
Loudon,Presidential Preference,NA,Republican,Vivek Ramaswamy,24
Macon,Delegate,6,Republican,Brock Hill (DeSantis),17
Macon,Delegate,6,Republican,Chelsea Rose (Trump),679
Macon,Delegate,6,Republican,Craig Clark (Trump),621
Macon,Delegate,6,Republican,Garrett T Floyd (Trump),475
Macon,Delegate,6,Republican,Jeff Coker (Haley),92
Macon,Delegate,6,Republican,Kelly Keisling (Trump),1038
Macon,Delegate,6,Republican,Kristy Freewalt (Haley),92
Macon,Delegate,6,Republican,Laura Baigert (Trump),417
Macon,Delegate,6,Republican,Luke Tinsley (DeSantis),13
Macon,Delegate,6,Republican,Mary Andersen (DeSantis),15
Macon,Delegate,6,Republican,Mike Callahan (Trump),701
Macon,Delegate,6,Republican,Nicholas Ivey (Haley),47
Macon,Delegate,6,Republican,Paige Brown (DeSantis),17
Macon,Delegate,6,Republican,Randy Stamps (Haley),44
Macon,Delegate,6,Republican,Richard Murphy (DeSantis),15
Macon,Delegate,6,Republican,Stanley Bertch (Haley),43
Macon,Delegate,At-Large,Republican,Abigail Arpin (Trump),855
Macon,Delegate,At-Large,Republican,Archie Pierce (Haley),22
Macon,Delegate,At-Large,Republican,Barbara Boswell (Trump),974
Macon,Delegate,At-Large,Republican,Betsy Funk (Haley),95
Macon,Delegate,At-Large,Republican,Bill Campbell (DeSantis),65
Macon,Delegate,At-Large,Republican,Bill Young (Haley),30
Macon,Delegate,At-Large,Republican,Billy J. Stokes (DeSantis),43
Macon,Delegate,At-Large,Republican,Brad Grantham (DeSantis),50
Macon,Delegate,At-Large,Republican,Calvin Rogers Clayton (Trump),1018
Macon,Delegate,At-Large,Republican,Chad Blackburn (Trump),1164
Macon,Delegate,At-Large,Republican,Chad Story (DeSantis),50
Macon,Delegate,At-Large,Republican,Charles E. Allen Jr. (DeSantis),88
Macon,Delegate,At-Large,Republican,Charlie Cato (DeSantis),47
Macon,Delegate,At-Large,Republican,Charlotte Myers (Trump),250
Macon,Delegate,At-Large,Republican,Cheryl S. Harvey (Haley),91
Macon,Delegate,At-Large,Republican,Chris Walker (DeSantis),50
Macon,Delegate,At-Large,Republican,Debra Maggart Breske (Haley),117
Macon,Delegate,At-Large,Republican,Dennis H. Beavers (Trump),1085
Macon,Delegate,At-Large,Republican,Derrick Calcote (DeSantis),38
Macon,Delegate,At-Large,Republican,Dia Hart (Uncommitted),12
Macon,Delegate,At-Large,Republican,Don Alan Miller (Haley),81
Macon,Delegate,At-Large,Republican,Emily Pearse (Haley),38
Macon,Delegate,At-Large,Republican,Eric Joe Mayo (Haley),88
Macon,Delegate,At-Large,Republican,Forrest B. Hutchinson (DeSantis),50
Macon,Delegate,At-Large,Republican,Gloria A. Giorno (Trump),908
Macon,Delegate,At-Large,Republican,Harrison Vinett (Trump),195
Macon,Delegate,At-Large,Republican,Jaclyn Colbeth (Trump),951
Macon,Delegate,At-Large,Republican,"James C. Phillips, Jr. (Haley)",18
Macon,Delegate,At-Large,Republican,Jane G. Ferrell (Haley),118
Macon,Delegate,At-Large,Republican,Jason Emert (DeSantis),57
Macon,Delegate,At-Large,Republican,John R Roberts (DeSantis),60
Macon,Delegate,At-Large,Republican,John Rose (Trump),675
Macon,Delegate,At-Large,Republican,Jonathan Merkh (Haley),80
Macon,Delegate,At-Large,Republican,Julia Atchley-Pace (Trump),904
Macon,Delegate,At-Large,Republican,Kelly Barger (Trump),984
Macon,Delegate,At-Large,Republican,Kevin Desmond (Haley),118
Macon,Delegate,At-Large,Republican,Layne Provine (DeSantis),36
Macon,Delegate,At-Large,Republican,Lisa Ann Flowers (Uncommitted),43
Macon,Delegate,At-Large,Republican,Lucas Heaton (Trump),541
Macon,Delegate,At-Large,Republican,Marilyn Betz (Trump),878
Macon,Delegate,At-Large,Republican,Marilyn Hutchinson (DeSantis),53
Macon,Delegate,At-Large,Republican,Mary Kate Brown (DeSantis),56
Macon,Delegate,At-Large,Republican,Mason Foley (Haley),97
Macon,Delegate,At-Large,Republican,Max Bonner (Trump),1012
Macon,Delegate,At-Large,Republican,Michael Fulbright (Haley),91
Macon,Delegate,At-Large,Republican,Monica Mountain (DeSantis),42
Macon,Delegate,At-Large,Republican,Mya Conrad (Trump),915
Macon,Delegate,At-Large,Republican,Neil Rader (Haley),24
Macon,Delegate,At-Large,Republican,Patricia Woodard (Trump),229
Macon,Delegate,At-Large,Republican,Paul Van Hoesen (Haley),19
Macon,Delegate,At-Large,Republican,Preston George (Haley),79
Macon,Delegate,At-Large,Republican,Rick Williams (Trump),362
Macon,Delegate,At-Large,Republican,Robbyn Maylott (Trump),187
Macon,Delegate,At-Large,Republican,Samuel Funk (Haley),80
Macon,Delegate,At-Large,Republican,Sandi Figg (Haley),116
Macon,Delegate,At-Large,Republican,Scott Smith (DeSantis),49
Macon,Delegate,At-Large,Republican,Sharon B. Anderson (Trump),910
Macon,Delegate,At-Large,Republican,Sherri P. Lee (DeSantis),44
Macon,Delegate,At-Large,Republican,Sondra Morris (DeSantis),43
Macon,Delegate,At-Large,Republican,Stephanie Nash (Trump),267
Macon,Delegate,At-Large,Republican,Steven Tyler Giorno (Trump),953
Macon,Delegate,At-Large,Republican,Teresa Dix (DeSantis),48
Macon,Delegate,At-Large,Republican,Terri Nicholson (Trump),250
Macon,Delegate,At-Large,Republican,Tina Benkiser (DeSantis),29
Macon,Delegate,At-Large,Republican,Todd R. Cruse (Haley),126
Macon,Delegate,At-Large,Republican,Zachary Lambert (Trump),372
Macon,Presidential Preference,NA,Democratic,Joseph R. Biden,98
Macon,Presidential Preference,NA,Democratic,Uncommitted,8
Macon,Presidential Preference,NA,Republican,Asa Hutchinson,2
Macon,Presidential Preference,NA,Republican,Chris Christie,3
Macon,Presidential Preference,NA,Republican,David Stuckenberg,1
Macon,Presidential Preference,NA,Republican,Donald J. Trump,2098
Macon,Presidential Preference,NA,Republican,Nikki Haley,147
Macon,Presidential Preference,NA,Republican,Ron DeSantis,13
Macon,Presidential Preference,NA,Republican,Ryan Binkley,8
Macon,Presidential Preference,NA,Republican,Uncommitted,8
Macon,Presidential Preference,NA,Republican,Vivek Ramaswamy,3
Madison,Delegate,8,Republican,Jimmy Harris (DeSantis),309
Madison,Delegate,8,Republican,Johnny Bellis (DeSantis),88
Madison,Delegate,8,Republican,Joseph Coury (Trump),1534
Madison,Delegate,8,Republican,Joseph Glenn Butler (Trump),2102
Madison,Delegate,8,Republican,Kathryn Bryson (DeSantis),81
Madison,Delegate,8,Republican,Kevin J. Powers (Trump),1389
Madison,Delegate,8,Republican,Kimberly Ann Perry (Haley),787
Madison,Delegate,8,Republican,Kimberly Lax (Trump),1759
Madison,Delegate,8,Republican,Lauren W. Douglass (Haley),739
Madison,Delegate,8,Republican,Luke Cymbal (DeSantis),66
Madison,Delegate,8,Republican,Missy Marshall (DeSantis),48
Madison,Delegate,8,Republican,Nicholas Perry (Haley),338
Madison,Delegate,8,Republican,Pam Proctor (DeSantis),43
Madison,Delegate,8,Republican,Ron M. Gant (Trump),2024
Madison,Delegate,8,Republican,Scott Douglass (Haley),723
Madison,Delegate,8,Republican,Tess Robbins (Trump),987
Madison,Delegate,At-Large,Republican,Abigail Arpin (Trump),2959
Madison,Delegate,At-Large,Republican,Archie Pierce (Haley),296
Madison,Delegate,At-Large,Republican,Barbara Boswell (Trump),3081
Madison,Delegate,At-Large,Republican,Betsy Funk (Haley),895
Madison,Delegate,At-Large,Republican,Bill Campbell (DeSantis),306
Madison,Delegate,At-Large,Republican,Bill Young (Haley),359
Madison,Delegate,At-Large,Republican,Billy J. Stokes (DeSantis),76
Madison,Delegate,At-Large,Republican,Brad Grantham (DeSantis),276
Madison,Delegate,At-Large,Republican,Calvin Rogers Clayton (Trump),3090
Madison,Delegate,At-Large,Republican,Chad Blackburn (Trump),3518
Madison,Delegate,At-Large,Republican,Chad Story (DeSantis),71
Madison,Delegate,At-Large,Republican,Charles E. Allen Jr. (DeSantis),501
Madison,Delegate,At-Large,Republican,Charlie Cato (DeSantis),222
Madison,Delegate,At-Large,Republican,Charlotte Myers (Trump),962
Madison,Delegate,At-Large,Republican,Cheryl S. Harvey (Haley),949
Madison,Delegate,At-Large,Republican,Chris Walker (DeSantis),88
Madison,Delegate,At-Large,Republican,Debra Maggart Breske (Haley),790
Madison,Delegate,At-Large,Republican,Dennis H. Beavers (Trump),3293
Madison,Delegate,At-Large,Republican,Derrick Calcote (DeSantis),221
Madison,Delegate,At-Large,Republican,Dia Hart (Uncommitted),64
Madison,Delegate,At-Large,Republican,Don Alan Miller (Haley),807
Madison,Delegate,At-Large,Republican,Emily Pearse (Haley),508
Madison,Delegate,At-Large,Republican,Eric Joe Mayo (Haley),849
Madison,Delegate,At-Large,Republican,Forrest B. Hutchinson (DeSantis),249
Madison,Delegate,At-Large,Republican,Gloria A. Giorno (Trump),2648
Madison,Delegate,At-Large,Republican,Harrison Vinett (Trump),658
Madison,Delegate,At-Large,Republican,Jaclyn Colbeth (Trump),2964
Madison,Delegate,At-Large,Republican,"James C. Phillips, Jr. (Haley)",357
Madison,Delegate,At-Large,Republican,Jane G. Ferrell (Haley),871
Madison,Delegate,At-Large,Republican,Jason Emert (DeSantis),247
Madison,Delegate,At-Large,Republican,John R Roberts (DeSantis),124
Madison,Delegate,At-Large,Republican,John Rose (Trump),1056
Madison,Delegate,At-Large,Republican,Jonathan Merkh (Haley),803
Madison,Delegate,At-Large,Republican,Julia Atchley-Pace (Trump),2987
Madison,Delegate,At-Large,Republican,Kelly Barger (Trump),3238
Madison,Delegate,At-Large,Republican,Kevin Desmond (Haley),822
Madison,Delegate,At-Large,Republican,Layne Provine (DeSantis),92
Madison,Delegate,At-Large,Republican,Lisa Ann Flowers (Uncommitted),137
Madison,Delegate,At-Large,Republican,Lucas Heaton (Trump),1012
Madison,Delegate,At-Large,Republican,Marilyn Betz (Trump),2988
Madison,Delegate,At-Large,Republican,Marilyn Hutchinson (DeSantis),270
Madison,Delegate,At-Large,Republican,Mary Kate Brown (DeSantis),305
Madison,Delegate,At-Large,Republican,Mason Foley (Haley),822
Madison,Delegate,At-Large,Republican,Max Bonner (Trump),3085
Madison,Delegate,At-Large,Republican,Michael Fulbright (Haley),881
Madison,Delegate,At-Large,Republican,Monica Mountain (DeSantis),191
Madison,Delegate,At-Large,Republican,Mya Conrad (Trump),2671
Madison,Delegate,At-Large,Republican,Neil Rader (Haley),303
Madison,Delegate,At-Large,Republican,Patricia Woodard (Trump),884
Madison,Delegate,At-Large,Republican,Paul Van Hoesen (Haley),262
Madison,Delegate,At-Large,Republican,Preston George (Haley),858
Madison,Delegate,At-Large,Republican,Rick Williams (Trump),1089
Madison,Delegate,At-Large,Republican,Robbyn Maylott (Trump),709
Madison,Delegate,At-Large,Republican,Samuel Funk (Haley),825
Madison,Delegate,At-Large,Republican,Sandi Figg (Haley),866
Madison,Delegate,At-Large,Republican,Scott Smith (DeSantis),86
Madison,Delegate,At-Large,Republican,Sharon B. Anderson (Trump),3187
Madison,Delegate,At-Large,Republican,Sherri P. Lee (DeSantis),240
Madison,Delegate,At-Large,Republican,Sondra Morris (DeSantis),201
Madison,Delegate,At-Large,Republican,Stephanie Nash (Trump),979
Madison,Delegate,At-Large,Republican,Steven Tyler Giorno (Trump),2530
Madison,Delegate,At-Large,Republican,Teresa Dix (DeSantis),251
Madison,Delegate,At-Large,Republican,Terri Nicholson (Trump),832
Madison,Delegate,At-Large,Republican,Tina Benkiser (DeSantis),260
Madison,Delegate,At-Large,Republican,Todd R. Cruse (Haley),861
Madison,Delegate,At-Large,Republican,Zachary Lambert (Trump),1206
Madison,Presidential Preference,NA,Democratic,Joseph R. Biden,1882
Madison,Presidential Preference,NA,Democratic,Uncommitted,56
Madison,Presidential Preference,NA,Republican,Asa Hutchinson,8
Madison,Presidential Preference,NA,Republican,Chris Christie,29
Madison,Presidential Preference,NA,Republican,David Stuckenberg,4
Madison,Presidential Preference,NA,Republican,Donald J. Trump,5466
Madison,Presidential Preference,NA,Republican,Nikki Haley,1424
Madison,Presidential Preference,NA,Republican,Ron DeSantis,108
Madison,Presidential Preference,NA,Republican,Ryan Binkley,0
Madison,Presidential Preference,NA,Republican,Uncommitted,61
Madison,Presidential Preference,NA,Republican,Vivek Ramaswamy,17
Marion,Delegate,4,Republican,Andrew Joseph Kingsolver (Haley),144
Marion,Delegate,4,Republican,Ashley S. Moore (DeSantis),95
Marion,Delegate,4,Republican,Caleb Tidwell (DeSantis),93
Marion,Delegate,4,Republican,Claudia Coco (Trump),591
Marion,Delegate,4,Republican,Clay Doggett (Trump),840
Marion,Delegate,4,Republican,Iva Michelle Russell (Trump),608
Marion,Delegate,4,Republican,James S. Kennedy (Haley),138
Marion,Delegate,4,Republican,Jeffrey W. Dillard (Trump),1132
Marion,Delegate,4,Republican,Katherine Hudgins (DeSantis),138
Marion,Delegate,4,Republican,Kip Capley (Trump),581
Marion,Delegate,4,Republican,Lucas Hutchinson (DeSantis),144
Marion,Delegate,4,Republican,Lynne Davis (Trump),990
Marion,Delegate,4,Republican,Matt Herriman (DeSantis),209
Marion,Delegate,4,Republican,Myra Simons (DeSantis),50
Marion,Delegate,4,Republican,Rhonda R Page (Haley),142
Marion,Delegate,4,Republican,Susan Lightner Harris (Haley),147
Marion,Delegate,4,Republican,Teresa (Terrie) Kirby (Haley),167
Marion,Delegate,At-Large,Republican,Abigail Arpin (Trump),966
Marion,Delegate,At-Large,Republican,Archie Pierce (Haley),33
Marion,Delegate,At-Large,Republican,Barbara Boswell (Trump),1175
Marion,Delegate,At-Large,Republican,Betsy Funk (Haley),219
Marion,Delegate,At-Large,Republican,Bill Campbell (DeSantis),213
Marion,Delegate,At-Large,Republican,Bill Young (Haley),48
Marion,Delegate,At-Large,Republican,Billy J. Stokes (DeSantis),56
Marion,Delegate,At-Large,Republican,Brad Grantham (DeSantis),128
Marion,Delegate,At-Large,Republican,Calvin Rogers Clayton (Trump),1240
Marion,Delegate,At-Large,Republican,Chad Blackburn (Trump),1375
Marion,Delegate,At-Large,Republican,Chad Story (DeSantis),56
Marion,Delegate,At-Large,Republican,Charles E. Allen Jr. (DeSantis),237
Marion,Delegate,At-Large,Republican,Charlie Cato (DeSantis),151
Marion,Delegate,At-Large,Republican,Charlotte Myers (Trump),338
Marion,Delegate,At-Large,Republican,Cheryl S. Harvey (Haley),214
Marion,Delegate,At-Large,Republican,Chris Walker (DeSantis),45
Marion,Delegate,At-Large,Republican,Debra Maggart Breske (Haley),171
Marion,Delegate,At-Large,Republican,Dennis H. Beavers (Trump),1261
Marion,Delegate,At-Large,Republican,Derrick Calcote (DeSantis),146
Marion,Delegate,At-Large,Republican,Dia Hart (Uncommitted),8
Marion,Delegate,At-Large,Republican,Don Alan Miller (Haley),185
Marion,Delegate,At-Large,Republican,Emily Pearse (Haley),126
Marion,Delegate,At-Large,Republican,Eric Joe Mayo (Haley),205
Marion,Delegate,At-Large,Republican,Forrest B. Hutchinson (DeSantis),130
Marion,Delegate,At-Large,Republican,Gloria A. Giorno (Trump),1146
Marion,Delegate,At-Large,Republican,Harrison Vinett (Trump),278
Marion,Delegate,At-Large,Republican,Jaclyn Colbeth (Trump),1190
Marion,Delegate,At-Large,Republican,"James C. Phillips, Jr. (Haley)",80
Marion,Delegate,At-Large,Republican,Jane G. Ferrell (Haley),230
Marion,Delegate,At-Large,Republican,Jason Emert (DeSantis),127
Marion,Delegate,At-Large,Republican,John R Roberts (DeSantis),85
Marion,Delegate,At-Large,Republican,John Rose (Trump),364
Marion,Delegate,At-Large,Republican,Jonathan Merkh (Haley),199
Marion,Delegate,At-Large,Republican,Julia Atchley-Pace (Trump),1132
Marion,Delegate,At-Large,Republican,Kelly Barger (Trump),1227
Marion,Delegate,At-Large,Republican,Kevin Desmond (Haley),230
Marion,Delegate,At-Large,Republican,Layne Provine (DeSantis),61
Marion,Delegate,At-Large,Republican,Lisa Ann Flowers (Uncommitted),28
Marion,Delegate,At-Large,Republican,Lucas Heaton (Trump),548
Marion,Delegate,At-Large,Republican,Marilyn Betz (Trump),1199
Marion,Delegate,At-Large,Republican,Marilyn Hutchinson (DeSantis),139
Marion,Delegate,At-Large,Republican,Mary Kate Brown (DeSantis),194
Marion,Delegate,At-Large,Republican,Mason Foley (Haley),219
Marion,Delegate,At-Large,Republican,Max Bonner (Trump),1252
Marion,Delegate,At-Large,Republican,Michael Fulbright (Haley),218
Marion,Delegate,At-Large,Republican,Monica Mountain (DeSantis),87
Marion,Delegate,At-Large,Republican,Mya Conrad (Trump),1166
Marion,Delegate,At-Large,Republican,Neil Rader (Haley),32
Marion,Delegate,At-Large,Republican,Patricia Woodard (Trump),261
Marion,Delegate,At-Large,Republican,Paul Van Hoesen (Haley),36
Marion,Delegate,At-Large,Republican,Preston George (Haley),216
Marion,Delegate,At-Large,Republican,Rick Williams (Trump),348
Marion,Delegate,At-Large,Republican,Robbyn Maylott (Trump),287
Marion,Delegate,At-Large,Republican,Samuel Funk (Haley),214
Marion,Delegate,At-Large,Republican,Sandi Figg (Haley),217
Marion,Delegate,At-Large,Republican,Scott Smith (DeSantis),71
Marion,Delegate,At-Large,Republican,Sharon B. Anderson (Trump),911
Marion,Delegate,At-Large,Republican,Sherri P. Lee (DeSantis),122
Marion,Delegate,At-Large,Republican,Sondra Morris (DeSantis),96
Marion,Delegate,At-Large,Republican,Stephanie Nash (Trump),336
Marion,Delegate,At-Large,Republican,Steven Tyler Giorno (Trump),1200
Marion,Delegate,At-Large,Republican,Teresa Dix (DeSantis),145
Marion,Delegate,At-Large,Republican,Terri Nicholson (Trump),317
Marion,Delegate,At-Large,Republican,Tina Benkiser (DeSantis),145
Marion,Delegate,At-Large,Republican,Todd R. Cruse (Haley),210
Marion,Delegate,At-Large,Republican,Zachary Lambert (Trump),497
Marion,Presidential Preference,NA,Democratic,Joseph R. Biden,438
Marion,Presidential Preference,NA,Democratic,Uncommitted,79
Marion,Presidential Preference,NA,Republican,Asa Hutchinson,1
Marion,Presidential Preference,NA,Republican,Chris Christie,9
Marion,Presidential Preference,NA,Republican,David Stuckenberg,0
Marion,Presidential Preference,NA,Republican,Donald J. Trump,2836
Marion,Presidential Preference,NA,Republican,Nikki Haley,387
Marion,Presidential Preference,NA,Republican,Ron DeSantis,43
Marion,Presidential Preference,NA,Republican,Ryan Binkley,3
Marion,Presidential Preference,NA,Republican,Uncommitted,5
Marion,Presidential Preference,NA,Republican,Vivek Ramaswamy,7
Marshall,Delegate,5,Republican,Angie McClanahan (DeSantis),20
Marshall,Delegate,5,Republican,Bernard Riney Green (Haley),67
Marshall,Delegate,5,Republican,Billy Wayne Akin (DeSantis),41
Marshall,Delegate,5,Republican,Brad Lytle (Trump),1056
Marshall,Delegate,5,Republican,"Charles ""Brian"" Shipp",129
Marshall,Delegate,5,Republican,Cyndi Miller (Trump),906
Marshall,Delegate,5,Republican,Gino Bulso (DeSantis),22
Marshall,Delegate,5,Republican,Lona R. Heins (Trump),858
Marshall,Delegate,5,Republican,Lulu Elam (Trump),568
Marshall,Delegate,5,Republican,Matthew Fitterer (Haley),135
Marshall,Delegate,5,Republican,Minna Gioia (Haley),93
Marshall,Delegate,5,Republican,Pam Prevost (DeSantis),19
Marshall,Delegate,5,Republican,Robert Arnold (DeSantis),37
Marshall,Delegate,5,Republican,Sandra R. Dickerson (Haley),165
Marshall,Delegate,5,Republican,Sarah Lytton Buchanan (Haley),139
Marshall,Delegate,5,Republican,Vincent A. Cuevas (Trump),1004
Marshall,Delegate,At-Large,Republican,Abigail Arpin (Trump),1108
Marshall,Delegate,At-Large,Republican,Archie Pierce (Haley),38
Marshall,Delegate,At-Large,Republican,Barbara Boswell (Trump),1262
Marshall,Delegate,At-Large,Republican,Betsy Funk (Haley),204
Marshall,Delegate,At-Large,Republican,Bill Campbell (DeSantis),115
Marshall,Delegate,At-Large,Republican,Bill Young (Haley),59
Marshall,Delegate,At-Large,Republican,Billy J. Stokes (DeSantis),72
Marshall,Delegate,At-Large,Republican,Brad Grantham (DeSantis),93
Marshall,Delegate,At-Large,Republican,Calvin Rogers Clayton (Trump),1297
Marshall,Delegate,At-Large,Republican,Chad Blackburn (Trump),1456
Marshall,Delegate,At-Large,Republican,Chad Story (DeSantis),64
Marshall,Delegate,At-Large,Republican,Charles E. Allen Jr. (DeSantis),114
Marshall,Delegate,At-Large,Republican,Charlie Cato (DeSantis),70
Marshall,Delegate,At-Large,Republican,Charlotte Myers (Trump),298
Marshall,Delegate,At-Large,Republican,Cheryl S. Harvey (Haley),203
Marshall,Delegate,At-Large,Republican,Chris Walker (DeSantis),90
Marshall,Delegate,At-Large,Republican,Debra Maggart Breske (Haley),247
Marshall,Delegate,At-Large,Republican,Dennis H. Beavers (Trump),1353
Marshall,Delegate,At-Large,Republican,Derrick Calcote (DeSantis),71
Marshall,Delegate,At-Large,Republican,Dia Hart (Uncommitted),13
Marshall,Delegate,At-Large,Republican,Don Alan Miller (Haley),183
Marshall,Delegate,At-Large,Republican,Emily Pearse (Haley),81
Marshall,Delegate,At-Large,Republican,Eric Joe Mayo (Haley),199
Marshall,Delegate,At-Large,Republican,Forrest B. Hutchinson (DeSantis),99
Marshall,Delegate,At-Large,Republican,Gloria A. Giorno (Trump),1215
Marshall,Delegate,At-Large,Republican,Harrison Vinett (Trump),217
Marshall,Delegate,At-Large,Republican,Jaclyn Colbeth (Trump),1214
Marshall,Delegate,At-Large,Republican,"James C. Phillips, Jr. (Haley)",52
Marshall,Delegate,At-Large,Republican,Jane G. Ferrell (Haley),256
Marshall,Delegate,At-Large,Republican,Jason Emert (DeSantis),82
Marshall,Delegate,At-Large,Republican,John R Roberts (DeSantis),92
Marshall,Delegate,At-Large,Republican,John Rose (Trump),458
Marshall,Delegate,At-Large,Republican,Jonathan Merkh (Haley),196
Marshall,Delegate,At-Large,Republican,Julia Atchley-Pace (Trump),1152
Marshall,Delegate,At-Large,Republican,Kelly Barger (Trump),1216
Marshall,Delegate,At-Large,Republican,Kevin Desmond (Haley),247
Marshall,Delegate,At-Large,Republican,Layne Provine (DeSantis),60
Marshall,Delegate,At-Large,Republican,Lisa Ann Flowers (Uncommitted),39
Marshall,Delegate,At-Large,Republican,Lucas Heaton (Trump),683
Marshall,Delegate,At-Large,Republican,Marilyn Betz (Trump),1112
Marshall,Delegate,At-Large,Republican,Marilyn Hutchinson (DeSantis),94
Marshall,Delegate,At-Large,Republican,Mary Kate Brown (DeSantis),85
Marshall,Delegate,At-Large,Republican,Mason Foley (Haley),196
Marshall,Delegate,At-Large,Republican,Max Bonner (Trump),1272
Marshall,Delegate,At-Large,Republican,Michael Fulbright (Haley),202
Marshall,Delegate,At-Large,Republican,Monica Mountain (DeSantis),82
Marshall,Delegate,At-Large,Republican,Mya Conrad (Trump),1174
Marshall,Delegate,At-Large,Republican,Neil Rader (Haley),42
Marshall,Delegate,At-Large,Republican,Patricia Woodard (Trump),314
Marshall,Delegate,At-Large,Republican,Paul Van Hoesen (Haley),39
Marshall,Delegate,At-Large,Republican,Preston George (Haley),196
Marshall,Delegate,At-Large,Republican,Rick Williams (Trump),465
Marshall,Delegate,At-Large,Republican,Robbyn Maylott (Trump),225
Marshall,Delegate,At-Large,Republican,Samuel Funk (Haley),197
Marshall,Delegate,At-Large,Republican,Sandi Figg (Haley),248
Marshall,Delegate,At-Large,Republican,Scott Smith (DeSantis),77
Marshall,Delegate,At-Large,Republican,Sharon B. Anderson (Trump),1151
Marshall,Delegate,At-Large,Republican,Sherri P. Lee (DeSantis),91
Marshall,Delegate,At-Large,Republican,Sondra Morris (DeSantis),85
Marshall,Delegate,At-Large,Republican,Stephanie Nash (Trump),383
Marshall,Delegate,At-Large,Republican,Steven Tyler Giorno (Trump),1278
Marshall,Delegate,At-Large,Republican,Teresa Dix (DeSantis),82
Marshall,Delegate,At-Large,Republican,Terri Nicholson (Trump),310
Marshall,Delegate,At-Large,Republican,Tina Benkiser (DeSantis),68
Marshall,Delegate,At-Large,Republican,Todd R. Cruse (Haley),267
Marshall,Delegate,At-Large,Republican,Zachary Lambert (Trump),488
Marshall,Presidential Preference,NA,Democratic,Joseph R. Biden,324
Marshall,Presidential Preference,NA,Democratic,Uncommitted,9
Marshall,Presidential Preference,NA,Republican,Asa Hutchinson,1
Marshall,Presidential Preference,NA,Republican,Chris Christie,12
Marshall,Presidential Preference,NA,Republican,David Stuckenberg,1
Marshall,Presidential Preference,NA,Republican,Donald J. Trump,2399
Marshall,Presidential Preference,NA,Republican,Nikki Haley,323
Marshall,Presidential Preference,NA,Republican,Ron DeSantis,32
Marshall,Presidential Preference,NA,Republican,Ryan Binkley,3
Marshall,Presidential Preference,NA,Republican,Uncommitted,17
Marshall,Presidential Preference,NA,Republican,Vivek Ramaswamy,6
Maury,Circuit Court Judge Part V,22,Democratic,No Candidate Qualified,0
Maury,Circuit Court Judge Part V,22,Republican,Julie Carrell Heffington,5613
Maury,Delegate,5,Republican,Angie McClanahan (DeSantis),224
Maury,Delegate,5,Republican,Bernard Riney Green (Haley),265
Maury,Delegate,5,Republican,Billy Wayne Akin (DeSantis),186
Maury,Delegate,5,Republican,Brad Lytle (Trump),3392
Maury,Delegate,5,Republican,"Charles ""Brian"" Shipp",397
Maury,Delegate,5,Republican,Cyndi Miller (Trump),3170
Maury,Delegate,5,Republican,Gino Bulso (DeSantis),91
Maury,Delegate,5,Republican,Lona R. Heins (Trump),2853
Maury,Delegate,5,Republican,Lulu Elam (Trump),1838
Maury,Delegate,5,Republican,Matthew Fitterer (Haley),593
Maury,Delegate,5,Republican,Minna Gioia (Haley),443
Maury,Delegate,5,Republican,Pam Prevost (DeSantis),93
Maury,Delegate,5,Republican,Robert Arnold (DeSantis),183
Maury,Delegate,5,Republican,Sandra R. Dickerson (Haley),761
Maury,Delegate,5,Republican,Sarah Lytton Buchanan (Haley),719
Maury,Delegate,5,Republican,Vincent A. Cuevas (Trump),2847
Maury,Delegate,At-Large,Republican,Abigail Arpin (Trump),2817
Maury,Delegate,At-Large,Republican,Archie Pierce (Haley),344
Maury,Delegate,At-Large,Republican,Barbara Boswell (Trump),3220
Maury,Delegate,At-Large,Republican,Betsy Funk (Haley),1058
Maury,Delegate,At-Large,Republican,Bill Campbell (DeSantis),354
Maury,Delegate,At-Large,Republican,Bill Young (Haley),465
Maury,Delegate,At-Large,Republican,Billy J. Stokes (DeSantis),181
Maury,Delegate,At-Large,Republican,Brad Grantham (DeSantis),251
Maury,Delegate,At-Large,Republican,Calvin Rogers Clayton (Trump),3432
Maury,Delegate,At-Large,Republican,Chad Blackburn (Trump),4011
Maury,Delegate,At-Large,Republican,Chad Story (DeSantis),176
Maury,Delegate,At-Large,Republican,Charles E. Allen Jr. (DeSantis),383
Maury,Delegate,At-Large,Republican,Charlie Cato (DeSantis),233
Maury,Delegate,At-Large,Republican,Charlotte Myers (Trump),1982
Maury,Delegate,At-Large,Republican,Cheryl S. Harvey (Haley),1072
Maury,Delegate,At-Large,Republican,Chris Walker (DeSantis),220
Maury,Delegate,At-Large,Republican,Debra Maggart Breske (Haley),913
Maury,Delegate,At-Large,Republican,Dennis H. Beavers (Trump),3690
Maury,Delegate,At-Large,Republican,Derrick Calcote (DeSantis),231
Maury,Delegate,At-Large,Republican,Dia Hart (Uncommitted),137
Maury,Delegate,At-Large,Republican,Don Alan Miller (Haley),789
Maury,Delegate,At-Large,Republican,Emily Pearse (Haley),643
Maury,Delegate,At-Large,Republican,Eric Joe Mayo (Haley),933
Maury,Delegate,At-Large,Republican,Forrest B. Hutchinson (DeSantis),260
Maury,Delegate,At-Large,Republican,Gloria A. Giorno (Trump),2954
Maury,Delegate,At-Large,Republican,Harrison Vinett (Trump),1621
Maury,Delegate,At-Large,Republican,Jaclyn Colbeth (Trump),2859
Maury,Delegate,At-Large,Republican,"James C. Phillips, Jr. (Haley)",392
Maury,Delegate,At-Large,Republican,Jane G. Ferrell (Haley),1024
Maury,Delegate,At-Large,Republican,Jason Emert (DeSantis),259
Maury,Delegate,At-Large,Republican,John R Roberts (DeSantis),248
Maury,Delegate,At-Large,Republican,John Rose (Trump),2764
Maury,Delegate,At-Large,Republican,Jonathan Merkh (Haley),853
Maury,Delegate,At-Large,Republican,Julia Atchley-Pace (Trump),2820
Maury,Delegate,At-Large,Republican,Kelly Barger (Trump),3190
Maury,Delegate,At-Large,Republican,Kevin Desmond (Haley),918
Maury,Delegate,At-Large,Republican,Layne Provine (DeSantis),124
Maury,Delegate,At-Large,Republican,Lisa Ann Flowers (Uncommitted),464
Maury,Delegate,At-Large,Republican,Lucas Heaton (Trump),2386
Maury,Delegate,At-Large,Republican,Marilyn Betz (Trump),2640
Maury,Delegate,At-Large,Republican,Marilyn Hutchinson (DeSantis),240
Maury,Delegate,At-Large,Republican,Mary Kate Brown (DeSantis),290
Maury,Delegate,At-Large,Republican,Mason Foley (Haley),945
Maury,Delegate,At-Large,Republican,Max Bonner (Trump),3332
Maury,Delegate,At-Large,Republican,Michael Fulbright (Haley),1030
Maury,Delegate,At-Large,Republican,Monica Mountain (DeSantis),203
Maury,Delegate,At-Large,Republican,Mya Conrad (Trump),2521
Maury,Delegate,At-Large,Republican,Neil Rader (Haley),347
Maury,Delegate,At-Large,Republican,Patricia Woodard (Trump),2218
Maury,Delegate,At-Large,Republican,Paul Van Hoesen (Haley),312
Maury,Delegate,At-Large,Republican,Preston George (Haley),957
Maury,Delegate,At-Large,Republican,Rick Williams (Trump),2745
Maury,Delegate,At-Large,Republican,Robbyn Maylott (Trump),1503
Maury,Delegate,At-Large,Republican,Samuel Funk (Haley),928
Maury,Delegate,At-Large,Republican,Sandi Figg (Haley),1011
Maury,Delegate,At-Large,Republican,Scott Smith (DeSantis),221
Maury,Delegate,At-Large,Republican,Sharon B. Anderson (Trump),3262
Maury,Delegate,At-Large,Republican,Sherri P. Lee (DeSantis),240
Maury,Delegate,At-Large,Republican,Sondra Morris (DeSantis),195
Maury,Delegate,At-Large,Republican,Stephanie Nash (Trump),2231
Maury,Delegate,At-Large,Republican,Steven Tyler Giorno (Trump),3328
Maury,Delegate,At-Large,Republican,Teresa Dix (DeSantis),227
Maury,Delegate,At-Large,Republican,Terri Nicholson (Trump),2076
Maury,Delegate,At-Large,Republican,Tina Benkiser (DeSantis),220
Maury,Delegate,At-Large,Republican,Todd R. Cruse (Haley),959
Maury,Delegate,At-Large,Republican,Zachary Lambert (Trump),2673
Maury,Presidential Preference,NA,Democratic,Joseph R. Biden,985
Maury,Presidential Preference,NA,Democratic,Uncommitted,62
Maury,Presidential Preference,NA,Republican,Asa Hutchinson,2
Maury,Presidential Preference,NA,Republican,Chris Christie,14
Maury,Presidential Preference,NA,Republican,David Stuckenberg,4
Maury,Presidential Preference,NA,Republican,Donald J. Trump,6588
Maury,Presidential Preference,NA,Republican,Nikki Haley,1389
Maury,Presidential Preference,NA,Republican,Ron DeSantis,104
Maury,Presidential Preference,NA,Republican,Ryan Binkley,8
Maury,Presidential Preference,NA,Republican,Uncommitted,41
Maury,Presidential Preference,NA,Republican,Vivek Ramaswamy,13
McMinn,Delegate,3,Republican,Ann Ayers-Colvin (Trump),1043
McMinn,Delegate,3,Republican,Brenda Fleischmann (Trump),1810
McMinn,Delegate,3,Republican,Bruce Bradford (Haley),273
McMinn,Delegate,3,Republican,Chuck Fleischmann (Trump),2828
McMinn,Delegate,3,Republican,Dalton Temple (Trump),1489
McMinn,Delegate,3,Republican,David Queen (DeSantis),145
McMinn,Delegate,3,Republican,Dustin Summers (Haley),257
McMinn,Delegate,3,Republican,Emily Goldberg (DeSantis),219
McMinn,Delegate,3,Republican,George Gray (DeSantis),248
McMinn,Delegate,3,Republican,John Samuel Stanbery (DeSantis),176
McMinn,Delegate,3,Republican,Jonathan Malloch (Haley),221
McMinn,Delegate,3,Republican,Ken Meyer (DeSantis),184
McMinn,Delegate,3,Republican,Lawrence O. Grohn (Uncommited),45
McMinn,Delegate,3,Republican,Marsha Yessick (Trump),1014
McMinn,Delegate,3,Republican,Rebecca Denise Cope English (DeSantis),234
McMinn,Delegate,3,Republican,Rhonda Champion (Haley),399
McMinn,Delegate,3,Republican,Teresa Lorraine Davanzo (Haley),437
McMinn,Delegate,3,Republican,William 'Bill' Crawford (Uncommited),247
McMinn,Delegate,3,Republican,William Andrew Guffee (Trump),1892
McMinn,Delegate,At-Large,Republican,Abigail Arpin (Trump),2133
McMinn,Delegate,At-Large,Republican,Archie Pierce (Haley),130
McMinn,Delegate,At-Large,Republican,Barbara Boswell (Trump),2556
McMinn,Delegate,At-Large,Republican,Betsy Funk (Haley),540
McMinn,Delegate,At-Large,Republican,Bill Campbell (DeSantis),415
McMinn,Delegate,At-Large,Republican,Bill Young (Haley),128
McMinn,Delegate,At-Large,Republican,Billy J. Stokes (DeSantis),148
McMinn,Delegate,At-Large,Republican,Brad Grantham (DeSantis),257
McMinn,Delegate,At-Large,Republican,Calvin Rogers Clayton (Trump),2712
McMinn,Delegate,At-Large,Republican,Chad Blackburn (Trump),2988
McMinn,Delegate,At-Large,Republican,Chad Story (DeSantis),96
McMinn,Delegate,At-Large,Republican,Charles E. Allen Jr. (DeSantis),422
McMinn,Delegate,At-Large,Republican,Charlie Cato (DeSantis),301
McMinn,Delegate,At-Large,Republican,Charlotte Myers (Trump),824
McMinn,Delegate,At-Large,Republican,Cheryl S. Harvey (Haley),510
McMinn,Delegate,At-Large,Republican,Chris Walker (DeSantis),114
McMinn,Delegate,At-Large,Republican,Debra Maggart Breske (Haley),413
McMinn,Delegate,At-Large,Republican,Dennis H. Beavers (Trump),2884
McMinn,Delegate,At-Large,Republican,Derrick Calcote (DeSantis),309
McMinn,Delegate,At-Large,Republican,Dia Hart (Uncommitted),59
McMinn,Delegate,At-Large,Republican,Don Alan Miller (Haley),446
McMinn,Delegate,At-Large,Republican,Emily Pearse (Haley),316
McMinn,Delegate,At-Large,Republican,Eric Joe Mayo (Haley),475
McMinn,Delegate,At-Large,Republican,Forrest B. Hutchinson (DeSantis),287
McMinn,Delegate,At-Large,Republican,Gloria A. Giorno (Trump),2518
McMinn,Delegate,At-Large,Republican,Harrison Vinett (Trump),645
McMinn,Delegate,At-Large,Republican,Jaclyn Colbeth (Trump),2557
McMinn,Delegate,At-Large,Republican,"James C. Phillips, Jr. (Haley)",190
McMinn,Delegate,At-Large,Republican,Jane G. Ferrell (Haley),562
McMinn,Delegate,At-Large,Republican,Jason Emert (DeSantis),267
McMinn,Delegate,At-Large,Republican,John R Roberts (DeSantis),176
McMinn,Delegate,At-Large,Republican,John Rose (Trump),895
McMinn,Delegate,At-Large,Republican,Jonathan Merkh (Haley),451
McMinn,Delegate,At-Large,Republican,Julia Atchley-Pace (Trump),2543
McMinn,Delegate,At-Large,Republican,Kelly Barger (Trump),2639
McMinn,Delegate,At-Large,Republican,Kevin Desmond (Haley),550
McMinn,Delegate,At-Large,Republican,Layne Provine (DeSantis),108
McMinn,Delegate,At-Large,Republican,Lisa Ann Flowers (Uncommitted),122
McMinn,Delegate,At-Large,Republican,Lucas Heaton (Trump),1236
McMinn,Delegate,At-Large,Republican,Marilyn Betz (Trump),2558
McMinn,Delegate,At-Large,Republican,Marilyn Hutchinson (DeSantis),285
McMinn,Delegate,At-Large,Republican,Mary Kate Brown (DeSantis),372
McMinn,Delegate,At-Large,Republican,Mason Foley (Haley),523
McMinn,Delegate,At-Large,Republican,Max Bonner (Trump),2752
McMinn,Delegate,At-Large,Republican,Michael Fulbright (Haley),531
McMinn,Delegate,At-Large,Republican,Monica Mountain (DeSantis),186
McMinn,Delegate,At-Large,Republican,Mya Conrad (Trump),2483
McMinn,Delegate,At-Large,Republican,Neil Rader (Haley),122
McMinn,Delegate,At-Large,Republican,Patricia Woodard (Trump),689
McMinn,Delegate,At-Large,Republican,Paul Van Hoesen (Haley),106
McMinn,Delegate,At-Large,Republican,Preston George (Haley),527
McMinn,Delegate,At-Large,Republican,Rick Williams (Trump),881
McMinn,Delegate,At-Large,Republican,Robbyn Maylott (Trump),661
McMinn,Delegate,At-Large,Republican,Samuel Funk (Haley),510
McMinn,Delegate,At-Large,Republican,Sandi Figg (Haley),529
McMinn,Delegate,At-Large,Republican,Scott Smith (DeSantis),161
McMinn,Delegate,At-Large,Republican,Sharon B. Anderson (Trump),2283
McMinn,Delegate,At-Large,Republican,Sherri P. Lee (DeSantis),281
McMinn,Delegate,At-Large,Republican,Sondra Morris (DeSantis),197
McMinn,Delegate,At-Large,Republican,Stephanie Nash (Trump),867
McMinn,Delegate,At-Large,Republican,Steven Tyler Giorno (Trump),2636
McMinn,Delegate,At-Large,Republican,Teresa Dix (DeSantis),262
McMinn,Delegate,At-Large,Republican,Terri Nicholson (Trump),779
McMinn,Delegate,At-Large,Republican,Tina Benkiser (DeSantis),284
McMinn,Delegate,At-Large,Republican,Todd R. Cruse (Haley),508
McMinn,Delegate,At-Large,Republican,Zachary Lambert (Trump),1192
McMinn,District Attorney General,10 (unexpired term),Democratic,No Candidate Qualified,0
McMinn,District Attorney General,10 (unexpired term),Republican,Jeff Miller,1645
McMinn,District Attorney General,10 (unexpired term),Republican,Shari Tayloe,1880
McMinn,District Attorney General,10 (unexpired term),Republican,Stephen Hatchett,2475
McMinn,Presidential Preference,NA,Democratic,Joseph R. Biden,365
McMinn,Presidential Preference,NA,Democratic,Uncommitted,34
McMinn,Presidential Preference,NA,Republican,Asa Hutchinson,3
McMinn,Presidential Preference,NA,Republican,Chris Christie,11
McMinn,Presidential Preference,NA,Republican,David Stuckenberg,3
McMinn,Presidential Preference,NA,Republican,Donald J. Trump,5501
McMinn,Presidential Preference,NA,Republican,Nikki Haley,809
McMinn,Presidential Preference,NA,Republican,Ron DeSantis,72
McMinn,Presidential Preference,NA,Republican,Ryan Binkley,10
McMinn,Presidential Preference,NA,Republican,Uncommitted,31
McMinn,Presidential Preference,NA,Republican,Vivek Ramaswamy,22
McNairy,Delegate,8,Republican,Jimmy Harris (DeSantis),45
McNairy,Delegate,8,Republican,Johnny Bellis (DeSantis),111
McNairy,Delegate,8,Republican,Joseph Coury (Trump),504
McNairy,Delegate,8,Republican,Joseph Glenn Butler (Trump),749
McNairy,Delegate,8,Republican,Kathryn Bryson (DeSantis),32
McNairy,Delegate,8,Republican,Kevin J. Powers (Trump),736
McNairy,Delegate,8,Republican,Kimberly Ann Perry (Haley),130
McNairy,Delegate,8,Republican,Kimberly Lax (Trump),447
McNairy,Delegate,8,Republican,Lauren W. Douglass (Haley),105
McNairy,Delegate,8,Republican,Luke Cymbal (DeSantis),26
McNairy,Delegate,8,Republican,Missy Marshall (DeSantis),19
McNairy,Delegate,8,Republican,Nicholas Perry (Haley),58
McNairy,Delegate,8,Republican,Pam Proctor (DeSantis),12
McNairy,Delegate,8,Republican,Ron M. Gant (Trump),1327
McNairy,Delegate,8,Republican,Scott Douglass (Haley),119
McNairy,Delegate,8,Republican,Tess Robbins (Trump),433
McNairy,Delegate,At-Large,Republican,Abigail Arpin (Trump),1117
McNairy,Delegate,At-Large,Republican,Archie Pierce (Haley),43
McNairy,Delegate,At-Large,Republican,Barbara Boswell (Trump),1195
McNairy,Delegate,At-Large,Republican,Betsy Funk (Haley),128
McNairy,Delegate,At-Large,Republican,Bill Campbell (DeSantis),116
McNairy,Delegate,At-Large,Republican,Bill Young (Haley),71
McNairy,Delegate,At-Large,Republican,Billy J. Stokes (DeSantis),20
McNairy,Delegate,At-Large,Republican,Brad Grantham (DeSantis),89
McNairy,Delegate,At-Large,Republican,Calvin Rogers Clayton (Trump),1267
McNairy,Delegate,At-Large,Republican,Chad Blackburn (Trump),1406
McNairy,Delegate,At-Large,Republican,Chad Story (DeSantis),21
McNairy,Delegate,At-Large,Republican,Charles E. Allen Jr. (DeSantis),135
McNairy,Delegate,At-Large,Republican,Charlie Cato (DeSantis),82
McNairy,Delegate,At-Large,Republican,Charlotte Myers (Trump),320
McNairy,Delegate,At-Large,Republican,Cheryl S. Harvey (Haley),135
McNairy,Delegate,At-Large,Republican,Chris Walker (DeSantis),24
McNairy,Delegate,At-Large,Republican,Debra Maggart Breske (Haley),121
McNairy,Delegate,At-Large,Republican,Dennis H. Beavers (Trump),1320
McNairy,Delegate,At-Large,Republican,Derrick Calcote (DeSantis),82
McNairy,Delegate,At-Large,Republican,Dia Hart (Uncommitted),25
McNairy,Delegate,At-Large,Republican,Don Alan Miller (Haley),113
McNairy,Delegate,At-Large,Republican,Emily Pearse (Haley),64
McNairy,Delegate,At-Large,Republican,Eric Joe Mayo (Haley),120
McNairy,Delegate,At-Large,Republican,Forrest B. Hutchinson (DeSantis),78
McNairy,Delegate,At-Large,Republican,Gloria A. Giorno (Trump),1070
McNairy,Delegate,At-Large,Republican,Harrison Vinett (Trump),267
McNairy,Delegate,At-Large,Republican,Jaclyn Colbeth (Trump),1127
McNairy,Delegate,At-Large,Republican,"James C. Phillips, Jr. (Haley)",48
McNairy,Delegate,At-Large,Republican,Jane G. Ferrell (Haley),132
McNairy,Delegate,At-Large,Republican,Jason Emert (DeSantis),79
McNairy,Delegate,At-Large,Republican,John R Roberts (DeSantis),23
McNairy,Delegate,At-Large,Republican,John Rose (Trump),485
McNairy,Delegate,At-Large,Republican,Jonathan Merkh (Haley),111
McNairy,Delegate,At-Large,Republican,Julia Atchley-Pace (Trump),1143
McNairy,Delegate,At-Large,Republican,Kelly Barger (Trump),1248
McNairy,Delegate,At-Large,Republican,Kevin Desmond (Haley),131
McNairy,Delegate,At-Large,Republican,Layne Provine (DeSantis),18
McNairy,Delegate,At-Large,Republican,Lisa Ann Flowers (Uncommitted),44
McNairy,Delegate,At-Large,Republican,Lucas Heaton (Trump),416
McNairy,Delegate,At-Large,Republican,Marilyn Betz (Trump),1131
McNairy,Delegate,At-Large,Republican,Marilyn Hutchinson (DeSantis),80
McNairy,Delegate,At-Large,Republican,Mary Kate Brown (DeSantis),103
McNairy,Delegate,At-Large,Republican,Mason Foley (Haley),130
McNairy,Delegate,At-Large,Republican,Max Bonner (Trump),1243
McNairy,Delegate,At-Large,Republican,Michael Fulbright (Haley),131
McNairy,Delegate,At-Large,Republican,Monica Mountain (DeSantis),70
McNairy,Delegate,At-Large,Republican,Mya Conrad (Trump),1076
McNairy,Delegate,At-Large,Republican,Neil Rader (Haley),44
McNairy,Delegate,At-Large,Republican,Patricia Woodard (Trump),328
McNairy,Delegate,At-Large,Republican,Paul Van Hoesen (Haley),40
McNairy,Delegate,At-Large,Republican,Preston George (Haley),128
McNairy,Delegate,At-Large,Republican,Rick Williams (Trump),436
McNairy,Delegate,At-Large,Republican,Robbyn Maylott (Trump),320
McNairy,Delegate,At-Large,Republican,Samuel Funk (Haley),130
McNairy,Delegate,At-Large,Republican,Sandi Figg (Haley),124
McNairy,Delegate,At-Large,Republican,Scott Smith (DeSantis),21
McNairy,Delegate,At-Large,Republican,Sharon B. Anderson (Trump),1212
McNairy,Delegate,At-Large,Republican,Sherri P. Lee (DeSantis),77
McNairy,Delegate,At-Large,Republican,Sondra Morris (DeSantis),82
McNairy,Delegate,At-Large,Republican,Stephanie Nash (Trump),391
McNairy,Delegate,At-Large,Republican,Steven Tyler Giorno (Trump),940
McNairy,Delegate,At-Large,Republican,Teresa Dix (DeSantis),83
McNairy,Delegate,At-Large,Republican,Terri Nicholson (Trump),327
McNairy,Delegate,At-Large,Republican,Tina Benkiser (DeSantis),78
McNairy,Delegate,At-Large,Republican,Todd R. Cruse (Haley),130
McNairy,Delegate,At-Large,Republican,Zachary Lambert (Trump),564
McNairy,Presidential Preference,NA,Democratic,Joseph R. Biden,156
McNairy,Presidential Preference,NA,Democratic,Uncommitted,10
McNairy,Presidential Preference,NA,Republican,Asa Hutchinson,2
McNairy,Presidential Preference,NA,Republican,Chris Christie,2
McNairy,Presidential Preference,NA,Republican,David Stuckenberg,3
McNairy,Presidential Preference,NA,Republican,Donald J. Trump,2363
McNairy,Presidential Preference,NA,Republican,Nikki Haley,223
McNairy,Presidential Preference,NA,Republican,Ron DeSantis,27
McNairy,Presidential Preference,NA,Republican,Ryan Binkley,0
McNairy,Presidential Preference,NA,Republican,Uncommitted,10
McNairy,Presidential Preference,NA,Republican,Vivek Ramaswamy,4
Meigs,Delegate,4,Republican,Andrew Joseph Kingsolver (Haley),83
Meigs,Delegate,4,Republican,Ashley S. Moore (DeSantis),17
Meigs,Delegate,4,Republican,Caleb Tidwell (DeSantis),13
Meigs,Delegate,4,Republican,Claudia Coco (Trump),400
Meigs,Delegate,4,Republican,Clay Doggett (Trump),546
Meigs,Delegate,4,Republican,Iva Michelle Russell (Trump),412
Meigs,Delegate,4,Republican,James S. Kennedy (Haley),106
Meigs,Delegate,4,Republican,Jeffrey W. Dillard (Trump),663
Meigs,Delegate,4,Republican,Katherine Hudgins (DeSantis),24
Meigs,Delegate,4,Republican,Kip Capley (Trump),508
Meigs,Delegate,4,Republican,Lucas Hutchinson (DeSantis),29
Meigs,Delegate,4,Republican,Lynne Davis (Trump),584
Meigs,Delegate,4,Republican,Matt Herriman (DeSantis),34
Meigs,Delegate,4,Republican,Myra Simons (DeSantis),8
Meigs,Delegate,4,Republican,Rhonda R Page (Haley),121
Meigs,Delegate,4,Republican,Susan Lightner Harris (Haley),110
Meigs,Delegate,4,Republican,Teresa (Terrie) Kirby (Haley),76
Meigs,Delegate,At-Large,Republican,Abigail Arpin (Trump),745
Meigs,Delegate,At-Large,Republican,Archie Pierce (Haley),36
Meigs,Delegate,At-Large,Republican,Barbara Boswell (Trump),823
Meigs,Delegate,At-Large,Republican,Betsy Funk (Haley),130
Meigs,Delegate,At-Large,Republican,Bill Campbell (DeSantis),106
Meigs,Delegate,At-Large,Republican,Bill Young (Haley),52
Meigs,Delegate,At-Large,Republican,Billy J. Stokes (DeSantis),92
Meigs,Delegate,At-Large,Republican,Brad Grantham (DeSantis),73
Meigs,Delegate,At-Large,Republican,Calvin Rogers Clayton (Trump),856
Meigs,Delegate,At-Large,Republican,Chad Blackburn (Trump),955
Meigs,Delegate,At-Large,Republican,Chad Story (DeSantis),49
Meigs,Delegate,At-Large,Republican,Charles E. Allen Jr. (DeSantis),101
Meigs,Delegate,At-Large,Republican,Charlie Cato (DeSantis),60
Meigs,Delegate,At-Large,Republican,Charlotte Myers (Trump),190
Meigs,Delegate,At-Large,Republican,Cheryl S. Harvey (Haley),136
Meigs,Delegate,At-Large,Republican,Chris Walker (DeSantis),59
Meigs,Delegate,At-Large,Republican,Debra Maggart Breske (Haley),168
Meigs,Delegate,At-Large,Republican,Dennis H. Beavers (Trump),900
Meigs,Delegate,At-Large,Republican,Derrick Calcote (DeSantis),62
Meigs,Delegate,At-Large,Republican,Dia Hart (Uncommitted),11
Meigs,Delegate,At-Large,Republican,Don Alan Miller (Haley),113
Meigs,Delegate,At-Large,Republican,Emily Pearse (Haley),69
Meigs,Delegate,At-Large,Republican,Eric Joe Mayo (Haley),127
Meigs,Delegate,At-Large,Republican,Forrest B. Hutchinson (DeSantis),86
Meigs,Delegate,At-Large,Republican,Gloria A. Giorno (Trump),799
Meigs,Delegate,At-Large,Republican,Harrison Vinett (Trump),144
Meigs,Delegate,At-Large,Republican,Jaclyn Colbeth (Trump),818
Meigs,Delegate,At-Large,Republican,"James C. Phillips, Jr. (Haley)",43
Meigs,Delegate,At-Large,Republican,Jane G. Ferrell (Haley),176
Meigs,Delegate,At-Large,Republican,Jason Emert (DeSantis),69
Meigs,Delegate,At-Large,Republican,John R Roberts (DeSantis),65
Meigs,Delegate,At-Large,Republican,John Rose (Trump),259
Meigs,Delegate,At-Large,Republican,Jonathan Merkh (Haley),123
Meigs,Delegate,At-Large,Republican,Julia Atchley-Pace (Trump),816
Meigs,Delegate,At-Large,Republican,Kelly Barger (Trump),840
Meigs,Delegate,At-Large,Republican,Kevin Desmond (Haley),169
Meigs,Delegate,At-Large,Republican,Layne Provine (DeSantis),47
Meigs,Delegate,At-Large,Republican,Lisa Ann Flowers (Uncommitted),30
Meigs,Delegate,At-Large,Republican,Lucas Heaton (Trump),441
Meigs,Delegate,At-Large,Republican,Marilyn Betz (Trump),791
Meigs,Delegate,At-Large,Republican,Marilyn Hutchinson (DeSantis),89
Meigs,Delegate,At-Large,Republican,Mary Kate Brown (DeSantis),76
Meigs,Delegate,At-Large,Republican,Mason Foley (Haley),128
Meigs,Delegate,At-Large,Republican,Max Bonner (Trump),833
Meigs,Delegate,At-Large,Republican,Michael Fulbright (Haley),126
Meigs,Delegate,At-Large,Republican,Monica Mountain (DeSantis),78
Meigs,Delegate,At-Large,Republican,Mya Conrad (Trump),788
Meigs,Delegate,At-Large,Republican,Neil Rader (Haley),39
Meigs,Delegate,At-Large,Republican,Patricia Woodard (Trump),173
Meigs,Delegate,At-Large,Republican,Paul Van Hoesen (Haley),34
Meigs,Delegate,At-Large,Republican,Preston George (Haley),127
Meigs,Delegate,At-Large,Republican,Rick Williams (Trump),213
Meigs,Delegate,At-Large,Republican,Robbyn Maylott (Trump),141
Meigs,Delegate,At-Large,Republican,Samuel Funk (Haley),120
Meigs,Delegate,At-Large,Republican,Sandi Figg (Haley),166
Meigs,Delegate,At-Large,Republican,Scott Smith (DeSantis),58
Meigs,Delegate,At-Large,Republican,Sharon B. Anderson (Trump),760
Meigs,Delegate,At-Large,Republican,Sherri P. Lee (DeSantis),85
Meigs,Delegate,At-Large,Republican,Sondra Morris (DeSantis),73
Meigs,Delegate,At-Large,Republican,Stephanie Nash (Trump),198
Meigs,Delegate,At-Large,Republican,Steven Tyler Giorno (Trump),821
Meigs,Delegate,At-Large,Republican,Teresa Dix (DeSantis),68
Meigs,Delegate,At-Large,Republican,Terri Nicholson (Trump),167
Meigs,Delegate,At-Large,Republican,Tina Benkiser (DeSantis),65
Meigs,Delegate,At-Large,Republican,Todd R. Cruse (Haley),174
Meigs,Delegate,At-Large,Republican,Zachary Lambert (Trump),276
Meigs,Presidential Preference,NA,Democratic,Joseph R. Biden,135
Meigs,Presidential Preference,NA,Democratic,Uncommitted,14
Meigs,Presidential Preference,NA,Republican,Asa Hutchinson,2
Meigs,Presidential Preference,NA,Republican,Chris Christie,3
Meigs,Presidential Preference,NA,Republican,David Stuckenberg,2
Meigs,Presidential Preference,NA,Republican,Donald J. Trump,1707
Meigs,Presidential Preference,NA,Republican,Nikki Haley,244
Meigs,Presidential Preference,NA,Republican,Ron DeSantis,31
Meigs,Presidential Preference,NA,Republican,Ryan Binkley,2
Meigs,Presidential Preference,NA,Republican,Uncommitted,16
Meigs,Presidential Preference,NA,Republican,Vivek Ramaswamy,5
Monroe,Delegate,3,Republican,Ann Ayers-Colvin (Trump),1107
Monroe,Delegate,3,Republican,Brenda Fleischmann (Trump),1844
Monroe,Delegate,3,Republican,Bruce Bradford (Haley),300
Monroe,Delegate,3,Republican,Chuck Fleischmann (Trump),2679
Monroe,Delegate,3,Republican,Dalton Temple (Trump),1454
Monroe,Delegate,3,Republican,David Queen (DeSantis),177
Monroe,Delegate,3,Republican,Dustin Summers (Haley),249
Monroe,Delegate,3,Republican,Emily Goldberg (DeSantis),277
Monroe,Delegate,3,Republican,George Gray (DeSantis),307
Monroe,Delegate,3,Republican,John Samuel Stanbery (DeSantis),164
Monroe,Delegate,3,Republican,Jonathan Malloch (Haley),232
Monroe,Delegate,3,Republican,Ken Meyer (DeSantis),206
Monroe,Delegate,3,Republican,Lawrence O. Grohn (Uncommited),48
Monroe,Delegate,3,Republican,Marsha Yessick (Trump),975
Monroe,Delegate,3,Republican,Rebecca Denise Cope English (DeSantis),283
Monroe,Delegate,3,Republican,Rhonda Champion (Haley),376
Monroe,Delegate,3,Republican,Teresa Lorraine Davanzo (Haley),439
Monroe,Delegate,3,Republican,William 'Bill' Crawford (Uncommited),182
Monroe,Delegate,3,Republican,William Andrew Guffee (Trump),1795
Monroe,Delegate,At-Large,Republican,Abigail Arpin (Trump),2045
Monroe,Delegate,At-Large,Republican,Archie Pierce (Haley),101
Monroe,Delegate,At-Large,Republican,Barbara Boswell (Trump),2508
Monroe,Delegate,At-Large,Republican,Betsy Funk (Haley),524
Monroe,Delegate,At-Large,Republican,Bill Campbell (DeSantis),477
Monroe,Delegate,At-Large,Republican,Bill Young (Haley),118
Monroe,Delegate,At-Large,Republican,Billy J. Stokes (DeSantis),164
Monroe,Delegate,At-Large,Republican,Brad Grantham (DeSantis),316
Monroe,Delegate,At-Large,Republican,Calvin Rogers Clayton (Trump),2623
Monroe,Delegate,At-Large,Republican,Chad Blackburn (Trump),2873
Monroe,Delegate,At-Large,Republican,Chad Story (DeSantis),109
Monroe,Delegate,At-Large,Republican,Charles E. Allen Jr. (DeSantis),528
Monroe,Delegate,At-Large,Republican,Charlie Cato (DeSantis),367
Monroe,Delegate,At-Large,Republican,Charlotte Myers (Trump),758
Monroe,Delegate,At-Large,Republican,Cheryl S. Harvey (Haley),498
Monroe,Delegate,At-Large,Republican,Chris Walker (DeSantis),122
Monroe,Delegate,At-Large,Republican,Debra Maggart Breske (Haley),393
Monroe,Delegate,At-Large,Republican,Dennis H. Beavers (Trump),2702
Monroe,Delegate,At-Large,Republican,Derrick Calcote (DeSantis),352
Monroe,Delegate,At-Large,Republican,Dia Hart (Uncommitted),52
Monroe,Delegate,At-Large,Republican,Don Alan Miller (Haley),403
Monroe,Delegate,At-Large,Republican,Emily Pearse (Haley),325
Monroe,Delegate,At-Large,Republican,Eric Joe Mayo (Haley),441
Monroe,Delegate,At-Large,Republican,Forrest B. Hutchinson (DeSantis),325
Monroe,Delegate,At-Large,Republican,Gloria A. Giorno (Trump),2472
Monroe,Delegate,At-Large,Republican,Harrison Vinett (Trump),555
Monroe,Delegate,At-Large,Republican,Jaclyn Colbeth (Trump),2508
Monroe,Delegate,At-Large,Republican,"James C. Phillips, Jr. (Haley)",189
Monroe,Delegate,At-Large,Republican,Jane G. Ferrell (Haley),536
Monroe,Delegate,At-Large,Republican,Jason Emert (DeSantis),308
Monroe,Delegate,At-Large,Republican,John R Roberts (DeSantis),194
Monroe,Delegate,At-Large,Republican,John Rose (Trump),751
Monroe,Delegate,At-Large,Republican,Jonathan Merkh (Haley),438
Monroe,Delegate,At-Large,Republican,Julia Atchley-Pace (Trump),2631
Monroe,Delegate,At-Large,Republican,Kelly Barger (Trump),2592
Monroe,Delegate,At-Large,Republican,Kevin Desmond (Haley),506
Monroe,Delegate,At-Large,Republican,Layne Provine (DeSantis),133
Monroe,Delegate,At-Large,Republican,Lisa Ann Flowers (Uncommitted),104
Monroe,Delegate,At-Large,Republican,Lucas Heaton (Trump),1281
Monroe,Delegate,At-Large,Republican,Marilyn Betz (Trump),2567
Monroe,Delegate,At-Large,Republican,Marilyn Hutchinson (DeSantis),327
Monroe,Delegate,At-Large,Republican,Mary Kate Brown (DeSantis),424
Monroe,Delegate,At-Large,Republican,Mason Foley (Haley),485
Monroe,Delegate,At-Large,Republican,Max Bonner (Trump),2652
Monroe,Delegate,At-Large,Republican,Michael Fulbright (Haley),515
Monroe,Delegate,At-Large,Republican,Monica Mountain (DeSantis),235
Monroe,Delegate,At-Large,Republican,Mya Conrad (Trump),2482
Monroe,Delegate,At-Large,Republican,Neil Rader (Haley),99
Monroe,Delegate,At-Large,Republican,Patricia Woodard (Trump),524
Monroe,Delegate,At-Large,Republican,Paul Van Hoesen (Haley),92
Monroe,Delegate,At-Large,Republican,Preston George (Haley),499
Monroe,Delegate,At-Large,Republican,Rick Williams (Trump),715
Monroe,Delegate,At-Large,Republican,Robbyn Maylott (Trump),673
Monroe,Delegate,At-Large,Republican,Samuel Funk (Haley),499
Monroe,Delegate,At-Large,Republican,Sandi Figg (Haley),503
Monroe,Delegate,At-Large,Republican,Scott Smith (DeSantis),181
Monroe,Delegate,At-Large,Republican,Sharon B. Anderson (Trump),2043
Monroe,Delegate,At-Large,Republican,Sherri P. Lee (DeSantis),353
Monroe,Delegate,At-Large,Republican,Sondra Morris (DeSantis),268
Monroe,Delegate,At-Large,Republican,Stephanie Nash (Trump),801
Monroe,Delegate,At-Large,Republican,Steven Tyler Giorno (Trump),2560
Monroe,Delegate,At-Large,Republican,Teresa Dix (DeSantis),351
Monroe,Delegate,At-Large,Republican,Terri Nicholson (Trump),735
Monroe,Delegate,At-Large,Republican,Tina Benkiser (DeSantis),351
Monroe,Delegate,At-Large,Republican,Todd R. Cruse (Haley),466
Monroe,Delegate,At-Large,Republican,Zachary Lambert (Trump),1155
Monroe,District Attorney General,10 (unexpired term),Democratic,No Candidate Qualified,0
Monroe,District Attorney General,10 (unexpired term),Republican,Jeff Miller,1449
Monroe,District Attorney General,10 (unexpired term),Republican,Shari Tayloe,1703
Monroe,District Attorney General,10 (unexpired term),Republican,Stephen Hatchett,3150
Monroe,Presidential Preference,NA,Democratic,Joseph R. Biden,291
Monroe,Presidential Preference,NA,Democratic,Uncommitted,27
Monroe,Presidential Preference,NA,Republican,Asa Hutchinson,5
Monroe,Presidential Preference,NA,Republican,Chris Christie,16
Monroe,Presidential Preference,NA,Republican,David Stuckenberg,7
Monroe,Presidential Preference,NA,Republican,Donald J. Trump,5670
Monroe,Presidential Preference,NA,Republican,Nikki Haley,828
Monroe,Presidential Preference,NA,Republican,Ron DeSantis,77
Monroe,Presidential Preference,NA,Republican,Ryan Binkley,6
Monroe,Presidential Preference,NA,Republican,Uncommitted,35
Monroe,Presidential Preference,NA,Republican,Vivek Ramaswamy,30
Montgomery,Circuit Court Judge Part VI,19,Democratic,No Candidate Qualified,0
Montgomery,Circuit Court Judge Part VI,19,Republican,Ashleigh L. Travis,8243
Montgomery,Delegate,7,Republican,"Cassandra ""Casey"" Mahoney (DeSantis)",110
Montgomery,Delegate,7,Republican,Cheryl Brown (Trump),2706
Montgomery,Delegate,7,Republican,Jeffrey L. Eby (DeSantis),178
Montgomery,Delegate,7,Republican,Mark Moore (Trump),3402
Montgomery,Delegate,7,Republican,Mary Ann Degan (Haley),1208
Montgomery,Delegate,7,Republican,Mary Ann Parks (Trump),2479
Montgomery,Delegate,7,Republican,Mary Littleton (Trump),2952
Montgomery,Delegate,7,Republican,Michelle Foreman (Trump),2642
Montgomery,Delegate,7,Republican,Natalie Pearce (Trump),2053
Montgomery,Delegate,7,Republican,Nina M. Kumar (Haley),1304
Montgomery,Delegate,7,Republican,Patti Carroll (DeSantis),159
Montgomery,Delegate,7,Republican,Richard Lee (DeSantis),224
Montgomery,Delegate,7,Republican,Sabi 'Doc' Kumar (Haley),972
Montgomery,Delegate,7,Republican,Susan Price (Haley),948
Montgomery,Delegate,At-Large,Republican,Abigail Arpin (Trump),4154
Montgomery,Delegate,At-Large,Republican,Archie Pierce (Haley),264
Montgomery,Delegate,At-Large,Republican,Barbara Boswell (Trump),4569
Montgomery,Delegate,At-Large,Republican,Betsy Funk (Haley),1424
Montgomery,Delegate,At-Large,Republican,Bill Campbell (DeSantis),513
Montgomery,Delegate,At-Large,Republican,Bill Young (Haley),321
Montgomery,Delegate,At-Large,Republican,Billy J. Stokes (DeSantis),313
Montgomery,Delegate,At-Large,Republican,Brad Grantham (DeSantis),391
Montgomery,Delegate,At-Large,Republican,Calvin Rogers Clayton (Trump),4572
Montgomery,Delegate,At-Large,Republican,Chad Blackburn (Trump),5055
Montgomery,Delegate,At-Large,Republican,Chad Story (DeSantis),237
Montgomery,Delegate,At-Large,Republican,Charles E. Allen Jr. (DeSantis),540
Montgomery,Delegate,At-Large,Republican,Charlie Cato (DeSantis),384
Montgomery,Delegate,At-Large,Republican,Charlotte Myers (Trump),997
Montgomery,Delegate,At-Large,Republican,Cheryl S. Harvey (Haley),1439
Montgomery,Delegate,At-Large,Republican,Chris Walker (DeSantis),298
Montgomery,Delegate,At-Large,Republican,Debra Maggart Breske (Haley),1627
Montgomery,Delegate,At-Large,Republican,Dennis H. Beavers (Trump),4640
Montgomery,Delegate,At-Large,Republican,Derrick Calcote (DeSantis),320
Montgomery,Delegate,At-Large,Republican,Dia Hart (Uncommitted),90
Montgomery,Delegate,At-Large,Republican,Don Alan Miller (Haley),1221
Montgomery,Delegate,At-Large,Republican,Emily Pearse (Haley),503
Montgomery,Delegate,At-Large,Republican,Eric Joe Mayo (Haley),1371
Montgomery,Delegate,At-Large,Republican,Forrest B. Hutchinson (DeSantis),437
Montgomery,Delegate,At-Large,Republican,Gloria A. Giorno (Trump),4529
Montgomery,Delegate,At-Large,Republican,Harrison Vinett (Trump),771
Montgomery,Delegate,At-Large,Republican,Jaclyn Colbeth (Trump),4460
Montgomery,Delegate,At-Large,Republican,"James C. Phillips, Jr. (Haley)",289
Montgomery,Delegate,At-Large,Republican,Jane G. Ferrell (Haley),1684
Montgomery,Delegate,At-Large,Republican,Jason Emert (DeSantis),363
Montgomery,Delegate,At-Large,Republican,John R Roberts (DeSantis),322
Montgomery,Delegate,At-Large,Republican,John Rose (Trump),1331
Montgomery,Delegate,At-Large,Republican,Jonathan Merkh (Haley),1286
Montgomery,Delegate,At-Large,Republican,Julia Atchley-Pace (Trump),4329
Montgomery,Delegate,At-Large,Republican,Kelly Barger (Trump),4543
Montgomery,Delegate,At-Large,Republican,Kevin Desmond (Haley),1625
Montgomery,Delegate,At-Large,Republican,Layne Provine (DeSantis),233
Montgomery,Delegate,At-Large,Republican,Lisa Ann Flowers (Uncommitted),237
Montgomery,Delegate,At-Large,Republican,Lucas Heaton (Trump),2170
Montgomery,Delegate,At-Large,Republican,Marilyn Betz (Trump),4196
Montgomery,Delegate,At-Large,Republican,Marilyn Hutchinson (DeSantis),452
Montgomery,Delegate,At-Large,Republican,Mary Kate Brown (DeSantis),459
Montgomery,Delegate,At-Large,Republican,Mason Foley (Haley),1380
Montgomery,Delegate,At-Large,Republican,Max Bonner (Trump),4543
Montgomery,Delegate,At-Large,Republican,Michael Fulbright (Haley),1352
Montgomery,Delegate,At-Large,Republican,Monica Mountain (DeSantis),374
Montgomery,Delegate,At-Large,Republican,Mya Conrad (Trump),4312
Montgomery,Delegate,At-Large,Republican,Neil Rader (Haley),244
Montgomery,Delegate,At-Large,Republican,Patricia Woodard (Trump),1077
Montgomery,Delegate,At-Large,Republican,Paul Van Hoesen (Haley),224
Montgomery,Delegate,At-Large,Republican,Preston George (Haley),1353
Montgomery,Delegate,At-Large,Republican,Rick Williams (Trump),1251
Montgomery,Delegate,At-Large,Republican,Robbyn Maylott (Trump),761
Montgomery,Delegate,At-Large,Republican,Samuel Funk (Haley),1310
Montgomery,Delegate,At-Large,Republican,Sandi Figg (Haley),1636
Montgomery,Delegate,At-Large,Republican,Scott Smith (DeSantis),300
Montgomery,Delegate,At-Large,Republican,Sharon B. Anderson (Trump),4186
Montgomery,Delegate,At-Large,Republican,Sherri P. Lee (DeSantis),377
Montgomery,Delegate,At-Large,Republican,Sondra Morris (DeSantis),376
Montgomery,Delegate,At-Large,Republican,Stephanie Nash (Trump),1183
Montgomery,Delegate,At-Large,Republican,Steven Tyler Giorno (Trump),4520
Montgomery,Delegate,At-Large,Republican,Teresa Dix (DeSantis),383
Montgomery,Delegate,At-Large,Republican,Terri Nicholson (Trump),1023
Montgomery,Delegate,At-Large,Republican,Tina Benkiser (DeSantis),354
Montgomery,Delegate,At-Large,Republican,Todd R. Cruse (Haley),1651
Montgomery,Delegate,At-Large,Republican,Zachary Lambert (Trump),1387
Montgomery,Presidential Preference,NA,Democratic,Joseph R. Biden,2192
Montgomery,Presidential Preference,NA,Democratic,Uncommitted,155
Montgomery,Presidential Preference,NA,Republican,Asa Hutchinson,9
Montgomery,Presidential Preference,NA,Republican,Chris Christie,46
Montgomery,Presidential Preference,NA,Republican,David Stuckenberg,11
Montgomery,Presidential Preference,NA,Republican,Donald J. Trump,7679
Montgomery,Presidential Preference,NA,Republican,Nikki Haley,2067
Montgomery,Presidential Preference,NA,Republican,Ron DeSantis,138
Montgomery,Presidential Preference,NA,Republican,Ryan Binkley,15
Montgomery,Presidential Preference,NA,Republican,Uncommitted,118
Montgomery,Presidential Preference,NA,Republican,Vivek Ramaswamy,34
Moore,Delegate,4,Republican,Andrew Joseph Kingsolver (Haley),41
Moore,Delegate,4,Republican,Ashley S. Moore (DeSantis),12
Moore,Delegate,4,Republican,Caleb Tidwell (DeSantis),11
Moore,Delegate,4,Republican,Claudia Coco (Trump),176
Moore,Delegate,4,Republican,Clay Doggett (Trump),285
Moore,Delegate,4,Republican,Iva Michelle Russell (Trump),167
Moore,Delegate,4,Republican,James S. Kennedy (Haley),55
Moore,Delegate,4,Republican,Jeffrey W. Dillard (Trump),299
Moore,Delegate,4,Republican,Katherine Hudgins (DeSantis),14
Moore,Delegate,4,Republican,Kip Capley (Trump),301
Moore,Delegate,4,Republican,Lucas Hutchinson (DeSantis),17
Moore,Delegate,4,Republican,Lynne Davis (Trump),315
Moore,Delegate,4,Republican,Matt Herriman (DeSantis),22
Moore,Delegate,4,Republican,Myra Simons (DeSantis),6
Moore,Delegate,4,Republican,Rhonda R Page (Haley),49
Moore,Delegate,4,Republican,Susan Lightner Harris (Haley),71
Moore,Delegate,4,Republican,Teresa (Terrie) Kirby (Haley),46
Moore,Delegate,At-Large,Republican,Abigail Arpin (Trump),325
Moore,Delegate,At-Large,Republican,Archie Pierce (Haley),28
Moore,Delegate,At-Large,Republican,Barbara Boswell (Trump),411
Moore,Delegate,At-Large,Republican,Betsy Funk (Haley),81
Moore,Delegate,At-Large,Republican,Bill Campbell (DeSantis),40
Moore,Delegate,At-Large,Republican,Bill Young (Haley),43
Moore,Delegate,At-Large,Republican,Billy J. Stokes (DeSantis),16
Moore,Delegate,At-Large,Republican,Brad Grantham (DeSantis),33
Moore,Delegate,At-Large,Republican,Calvin Rogers Clayton (Trump),423
Moore,Delegate,At-Large,Republican,Chad Blackburn (Trump),471
Moore,Delegate,At-Large,Republican,Chad Story (DeSantis),21
Moore,Delegate,At-Large,Republican,Charles E. Allen Jr. (DeSantis),43
Moore,Delegate,At-Large,Republican,Charlie Cato (DeSantis),32
Moore,Delegate,At-Large,Republican,Charlotte Myers (Trump),205
Moore,Delegate,At-Large,Republican,Cheryl S. Harvey (Haley),85
Moore,Delegate,At-Large,Republican,Chris Walker (DeSantis),20
Moore,Delegate,At-Large,Republican,Debra Maggart Breske (Haley),87
Moore,Delegate,At-Large,Republican,Dennis H. Beavers (Trump),424
Moore,Delegate,At-Large,Republican,Derrick Calcote (DeSantis),28
Moore,Delegate,At-Large,Republican,Dia Hart (Uncommitted),7
Moore,Delegate,At-Large,Republican,Don Alan Miller (Haley),71
Moore,Delegate,At-Large,Republican,Emily Pearse (Haley),41
Moore,Delegate,At-Large,Republican,Eric Joe Mayo (Haley),72
Moore,Delegate,At-Large,Republican,Forrest B. Hutchinson (DeSantis),35
Moore,Delegate,At-Large,Republican,Gloria A. Giorno (Trump),280
Moore,Delegate,At-Large,Republican,Harrison Vinett (Trump),202
Moore,Delegate,At-Large,Republican,Jaclyn Colbeth (Trump),292
Moore,Delegate,At-Large,Republican,"James C. Phillips, Jr. (Haley)",32
Moore,Delegate,At-Large,Republican,Jane G. Ferrell (Haley),96
Moore,Delegate,At-Large,Republican,Jason Emert (DeSantis),30
Moore,Delegate,At-Large,Republican,John R Roberts (DeSantis),27
Moore,Delegate,At-Large,Republican,John Rose (Trump),279
Moore,Delegate,At-Large,Republican,Jonathan Merkh (Haley),71
Moore,Delegate,At-Large,Republican,Julia Atchley-Pace (Trump),331
Moore,Delegate,At-Large,Republican,Kelly Barger (Trump),365
Moore,Delegate,At-Large,Republican,Kevin Desmond (Haley),91
Moore,Delegate,At-Large,Republican,Layne Provine (DeSantis),10
Moore,Delegate,At-Large,Republican,Lisa Ann Flowers (Uncommitted),7
Moore,Delegate,At-Large,Republican,Lucas Heaton (Trump),216
Moore,Delegate,At-Large,Republican,Marilyn Betz (Trump),345
Moore,Delegate,At-Large,Republican,Marilyn Hutchinson (DeSantis),35
Moore,Delegate,At-Large,Republican,Mary Kate Brown (DeSantis),35
Moore,Delegate,At-Large,Republican,Mason Foley (Haley),77
Moore,Delegate,At-Large,Republican,Max Bonner (Trump),415
Moore,Delegate,At-Large,Republican,Michael Fulbright (Haley),78
Moore,Delegate,At-Large,Republican,Monica Mountain (DeSantis),23
Moore,Delegate,At-Large,Republican,Mya Conrad (Trump),266
Moore,Delegate,At-Large,Republican,Neil Rader (Haley),23
Moore,Delegate,At-Large,Republican,Patricia Woodard (Trump),128
Moore,Delegate,At-Large,Republican,Paul Van Hoesen (Haley),26
Moore,Delegate,At-Large,Republican,Preston George (Haley),73
Moore,Delegate,At-Large,Republican,Rick Williams (Trump),292
Moore,Delegate,At-Large,Republican,Robbyn Maylott (Trump),173
Moore,Delegate,At-Large,Republican,Samuel Funk (Haley),69
Moore,Delegate,At-Large,Republican,Sandi Figg (Haley),80
Moore,Delegate,At-Large,Republican,Scott Smith (DeSantis),20
Moore,Delegate,At-Large,Republican,Sharon B. Anderson (Trump),370
Moore,Delegate,At-Large,Republican,Sherri P. Lee (DeSantis),25
Moore,Delegate,At-Large,Republican,Sondra Morris (DeSantis),29
Moore,Delegate,At-Large,Republican,Stephanie Nash (Trump),242
Moore,Delegate,At-Large,Republican,Steven Tyler Giorno (Trump),320
Moore,Delegate,At-Large,Republican,Teresa Dix (DeSantis),26
Moore,Delegate,At-Large,Republican,Terri Nicholson (Trump),212
Moore,Delegate,At-Large,Republican,Tina Benkiser (DeSantis),25
Moore,Delegate,At-Large,Republican,Todd R. Cruse (Haley),97
Moore,Delegate,At-Large,Republican,Zachary Lambert (Trump),241
Moore,Presidential Preference,NA,Democratic,Joseph R. Biden,83
Moore,Presidential Preference,NA,Democratic,Uncommitted,4
Moore,Presidential Preference,NA,Republican,Asa Hutchinson,1
Moore,Presidential Preference,NA,Republican,Chris Christie,2
Moore,Presidential Preference,NA,Republican,David Stuckenberg,1
Moore,Presidential Preference,NA,Republican,Donald J. Trump,748
Moore,Presidential Preference,NA,Republican,Nikki Haley,119
Moore,Presidential Preference,NA,Republican,Ron DeSantis,13
Moore,Presidential Preference,NA,Republican,Ryan Binkley,0
Moore,Presidential Preference,NA,Republican,Uncommitted,7
Moore,Presidential Preference,NA,Republican,Vivek Ramaswamy,3
Morgan,Delegate,3,Republican,Ann Ayers-Colvin (Trump),399
Morgan,Delegate,3,Republican,Brenda Fleischmann (Trump),702
Morgan,Delegate,3,Republican,Bruce Bradford (Haley),68
Morgan,Delegate,3,Republican,Chuck Fleischmann (Trump),1067
Morgan,Delegate,3,Republican,Dalton Temple (Trump),500
Morgan,Delegate,3,Republican,David Queen (DeSantis),9
Morgan,Delegate,3,Republican,Dustin Summers (Haley),62
Morgan,Delegate,3,Republican,Emily Goldberg (DeSantis),29
Morgan,Delegate,3,Republican,George Gray (DeSantis),13
Morgan,Delegate,3,Republican,John Samuel Stanbery (DeSantis),16
Morgan,Delegate,3,Republican,Jonathan Malloch (Haley),34
Morgan,Delegate,3,Republican,Ken Meyer (DeSantis),21
Morgan,Delegate,3,Republican,Lawrence O. Grohn (Uncommited),10
Morgan,Delegate,3,Republican,Marsha Yessick (Trump),301
Morgan,Delegate,3,Republican,Rebecca Denise Cope English (DeSantis),13
Morgan,Delegate,3,Republican,Rhonda Champion (Haley),85
Morgan,Delegate,3,Republican,Teresa Lorraine Davanzo (Haley),84
Morgan,Delegate,3,Republican,William 'Bill' Crawford (Uncommited),63
Morgan,Delegate,3,Republican,William Andrew Guffee (Trump),552
Morgan,Delegate,At-Large,Republican,Abigail Arpin (Trump),754
Morgan,Delegate,At-Large,Republican,Archie Pierce (Haley),35
Morgan,Delegate,At-Large,Republican,Barbara Boswell (Trump),712
Morgan,Delegate,At-Large,Republican,Betsy Funk (Haley),112
Morgan,Delegate,At-Large,Republican,Bill Campbell (DeSantis),52
Morgan,Delegate,At-Large,Republican,Bill Young (Haley),56
Morgan,Delegate,At-Large,Republican,Billy J. Stokes (DeSantis),24
Morgan,Delegate,At-Large,Republican,Brad Grantham (DeSantis),36
Morgan,Delegate,At-Large,Republican,Calvin Rogers Clayton (Trump),861
Morgan,Delegate,At-Large,Republican,Chad Blackburn (Trump),1028
Morgan,Delegate,At-Large,Republican,Chad Story (DeSantis),18
Morgan,Delegate,At-Large,Republican,Charles E. Allen Jr. (DeSantis),61
Morgan,Delegate,At-Large,Republican,Charlie Cato (DeSantis),28
Morgan,Delegate,At-Large,Republican,Charlotte Myers (Trump),432
Morgan,Delegate,At-Large,Republican,Cheryl S. Harvey (Haley),111
Morgan,Delegate,At-Large,Republican,Chris Walker (DeSantis),32
Morgan,Delegate,At-Large,Republican,Debra Maggart Breske (Haley),104
Morgan,Delegate,At-Large,Republican,Dennis H. Beavers (Trump),964
Morgan,Delegate,At-Large,Republican,Derrick Calcote (DeSantis),35
Morgan,Delegate,At-Large,Republican,Dia Hart (Uncommitted),18
Morgan,Delegate,At-Large,Republican,Don Alan Miller (Haley),88
Morgan,Delegate,At-Large,Republican,Emily Pearse (Haley),61
Morgan,Delegate,At-Large,Republican,Eric Joe Mayo (Haley),102
Morgan,Delegate,At-Large,Republican,Forrest B. Hutchinson (DeSantis),50
Morgan,Delegate,At-Large,Republican,Gloria A. Giorno (Trump),617
Morgan,Delegate,At-Large,Republican,Harrison Vinett (Trump),444
Morgan,Delegate,At-Large,Republican,Jaclyn Colbeth (Trump),638
Morgan,Delegate,At-Large,Republican,"James C. Phillips, Jr. (Haley)",33
Morgan,Delegate,At-Large,Republican,Jane G. Ferrell (Haley),105
Morgan,Delegate,At-Large,Republican,Jason Emert (DeSantis),36
Morgan,Delegate,At-Large,Republican,John R Roberts (DeSantis),33
Morgan,Delegate,At-Large,Republican,John Rose (Trump),682
Morgan,Delegate,At-Large,Republican,Jonathan Merkh (Haley),92
Morgan,Delegate,At-Large,Republican,Julia Atchley-Pace (Trump),793
Morgan,Delegate,At-Large,Republican,Kelly Barger (Trump),943
Morgan,Delegate,At-Large,Republican,Kevin Desmond (Haley),104
Morgan,Delegate,At-Large,Republican,Layne Provine (DeSantis),12
Morgan,Delegate,At-Large,Republican,Lisa Ann Flowers (Uncommitted),59
Morgan,Delegate,At-Large,Republican,Lucas Heaton (Trump),544
Morgan,Delegate,At-Large,Republican,Marilyn Betz (Trump),666
Morgan,Delegate,At-Large,Republican,Marilyn Hutchinson (DeSantis),33
Morgan,Delegate,At-Large,Republican,Mary Kate Brown (DeSantis),35
Morgan,Delegate,At-Large,Republican,Mason Foley (Haley),99
Morgan,Delegate,At-Large,Republican,Max Bonner (Trump),830
Morgan,Delegate,At-Large,Republican,Michael Fulbright (Haley),107
Morgan,Delegate,At-Large,Republican,Monica Mountain (DeSantis),26
Morgan,Delegate,At-Large,Republican,Mya Conrad (Trump),622
Morgan,Delegate,At-Large,Republican,Neil Rader (Haley),37
Morgan,Delegate,At-Large,Republican,Patricia Woodard (Trump),464
Morgan,Delegate,At-Large,Republican,Paul Van Hoesen (Haley),37
Morgan,Delegate,At-Large,Republican,Preston George (Haley),97
Morgan,Delegate,At-Large,Republican,Rick Williams (Trump),649
Morgan,Delegate,At-Large,Republican,Robbyn Maylott (Trump),357
Morgan,Delegate,At-Large,Republican,Samuel Funk (Haley),95
Morgan,Delegate,At-Large,Republican,Sandi Figg (Haley),110
Morgan,Delegate,At-Large,Republican,Scott Smith (DeSantis),23
Morgan,Delegate,At-Large,Republican,Sharon B. Anderson (Trump),893
Morgan,Delegate,At-Large,Republican,Sherri P. Lee (DeSantis),20
Morgan,Delegate,At-Large,Republican,Sondra Morris (DeSantis),24
Morgan,Delegate,At-Large,Republican,Stephanie Nash (Trump),477
Morgan,Delegate,At-Large,Republican,Steven Tyler Giorno (Trump),762
Morgan,Delegate,At-Large,Republican,Teresa Dix (DeSantis),32
Morgan,Delegate,At-Large,Republican,Terri Nicholson (Trump),424
Morgan,Delegate,At-Large,Republican,Tina Benkiser (DeSantis),30
Morgan,Delegate,At-Large,Republican,Todd R. Cruse (Haley),111
Morgan,Delegate,At-Large,Republican,Zachary Lambert (Trump),691
Morgan,Presidential Preference,NA,Democratic,Joseph R. Biden,133
Morgan,Presidential Preference,NA,Democratic,Uncommitted,12
Morgan,Presidential Preference,NA,Republican,Asa Hutchinson,0
Morgan,Presidential Preference,NA,Republican,Chris Christie,1
Morgan,Presidential Preference,NA,Republican,David Stuckenberg,3
Morgan,Presidential Preference,NA,Republican,Donald J. Trump,1678
Morgan,Presidential Preference,NA,Republican,Nikki Haley,153
Morgan,Presidential Preference,NA,Republican,Ron DeSantis,21
Morgan,Presidential Preference,NA,Republican,Ryan Binkley,0
Morgan,Presidential Preference,NA,Republican,Uncommitted,13
Morgan,Presidential Preference,NA,Republican,Vivek Ramaswamy,0
Obion,Delegate,8,Republican,Jimmy Harris (DeSantis),39
Obion,Delegate,8,Republican,Johnny Bellis (DeSantis),16
Obion,Delegate,8,Republican,Joseph Coury (Trump),542
Obion,Delegate,8,Republican,Joseph Glenn Butler (Trump),892
Obion,Delegate,8,Republican,Kathryn Bryson (DeSantis),16
Obion,Delegate,8,Republican,Kevin J. Powers (Trump),842
Obion,Delegate,8,Republican,Kimberly Ann Perry (Haley),130
Obion,Delegate,8,Republican,Kimberly Lax (Trump),481
Obion,Delegate,8,Republican,Lauren W. Douglass (Haley),124
Obion,Delegate,8,Republican,Luke Cymbal (DeSantis),17
Obion,Delegate,8,Republican,Missy Marshall (DeSantis),13
Obion,Delegate,8,Republican,Nicholas Perry (Haley),61
Obion,Delegate,8,Republican,Pam Proctor (DeSantis),12
Obion,Delegate,8,Republican,Ron M. Gant (Trump),1031
Obion,Delegate,8,Republican,Scott Douglass (Haley),124
Obion,Delegate,8,Republican,Tess Robbins (Trump),549
Obion,Delegate,At-Large,Republican,Abigail Arpin (Trump),725
Obion,Delegate,At-Large,Republican,Archie Pierce (Haley),48
Obion,Delegate,At-Large,Republican,Barbara Boswell (Trump),844
Obion,Delegate,At-Large,Republican,Betsy Funk (Haley),130
Obion,Delegate,At-Large,Republican,Bill Campbell (DeSantis),66
Obion,Delegate,At-Large,Republican,Bill Young (Haley),63
Obion,Delegate,At-Large,Republican,Billy J. Stokes (DeSantis),29
Obion,Delegate,At-Large,Republican,Brad Grantham (DeSantis),42
Obion,Delegate,At-Large,Republican,Calvin Rogers Clayton (Trump),974
Obion,Delegate,At-Large,Republican,Chad Blackburn (Trump),1162
Obion,Delegate,At-Large,Republican,Chad Story (DeSantis),26
Obion,Delegate,At-Large,Republican,Charles E. Allen Jr. (DeSantis),75
Obion,Delegate,At-Large,Republican,Charlie Cato (DeSantis),40
Obion,Delegate,At-Large,Republican,Charlotte Myers (Trump),564
Obion,Delegate,At-Large,Republican,Cheryl S. Harvey (Haley),124
Obion,Delegate,At-Large,Republican,Chris Walker (DeSantis),45
Obion,Delegate,At-Large,Republican,Debra Maggart Breske (Haley),128
Obion,Delegate,At-Large,Republican,Dennis H. Beavers (Trump),1000
Obion,Delegate,At-Large,Republican,Derrick Calcote (DeSantis),46
Obion,Delegate,At-Large,Republican,Dia Hart (Uncommitted),7
Obion,Delegate,At-Large,Republican,Don Alan Miller (Haley),105
Obion,Delegate,At-Large,Republican,Emily Pearse (Haley),61
Obion,Delegate,At-Large,Republican,Eric Joe Mayo (Haley),113
Obion,Delegate,At-Large,Republican,Forrest B. Hutchinson (DeSantis),49
Obion,Delegate,At-Large,Republican,Gloria A. Giorno (Trump),783
Obion,Delegate,At-Large,Republican,Harrison Vinett (Trump),576
Obion,Delegate,At-Large,Republican,Jaclyn Colbeth (Trump),794
Obion,Delegate,At-Large,Republican,"James C. Phillips, Jr. (Haley)",39
Obion,Delegate,At-Large,Republican,Jane G. Ferrell (Haley),132
Obion,Delegate,At-Large,Republican,Jason Emert (DeSantis),48
Obion,Delegate,At-Large,Republican,John R Roberts (DeSantis),47
Obion,Delegate,At-Large,Republican,John Rose (Trump),824
Obion,Delegate,At-Large,Republican,Jonathan Merkh (Haley),93
Obion,Delegate,At-Large,Republican,Julia Atchley-Pace (Trump),750
Obion,Delegate,At-Large,Republican,Kelly Barger (Trump),944
Obion,Delegate,At-Large,Republican,Kevin Desmond (Haley),130
Obion,Delegate,At-Large,Republican,Layne Provine (DeSantis),17
Obion,Delegate,At-Large,Republican,Lisa Ann Flowers (Uncommitted),112
Obion,Delegate,At-Large,Republican,Lucas Heaton (Trump),696
Obion,Delegate,At-Large,Republican,Marilyn Betz (Trump),714
Obion,Delegate,At-Large,Republican,Marilyn Hutchinson (DeSantis),31
Obion,Delegate,At-Large,Republican,Mary Kate Brown (DeSantis),45
Obion,Delegate,At-Large,Republican,Mason Foley (Haley),125
Obion,Delegate,At-Large,Republican,Max Bonner (Trump),944
Obion,Delegate,At-Large,Republican,Michael Fulbright (Haley),136
Obion,Delegate,At-Large,Republican,Monica Mountain (DeSantis),28
Obion,Delegate,At-Large,Republican,Mya Conrad (Trump),774
Obion,Delegate,At-Large,Republican,Neil Rader (Haley),39
Obion,Delegate,At-Large,Republican,Patricia Woodard (Trump),567
Obion,Delegate,At-Large,Republican,Paul Van Hoesen (Haley),46
Obion,Delegate,At-Large,Republican,Preston George (Haley),127
Obion,Delegate,At-Large,Republican,Rick Williams (Trump),786
Obion,Delegate,At-Large,Republican,Robbyn Maylott (Trump),444
Obion,Delegate,At-Large,Republican,Samuel Funk (Haley),125
Obion,Delegate,At-Large,Republican,Sandi Figg (Haley),123
Obion,Delegate,At-Large,Republican,Scott Smith (DeSantis),24
Obion,Delegate,At-Large,Republican,Sharon B. Anderson (Trump),910
Obion,Delegate,At-Large,Republican,Sherri P. Lee (DeSantis),35
Obion,Delegate,At-Large,Republican,Sondra Morris (DeSantis),30
Obion,Delegate,At-Large,Republican,Stephanie Nash (Trump),627
Obion,Delegate,At-Large,Republican,Steven Tyler Giorno (Trump),928
Obion,Delegate,At-Large,Republican,Teresa Dix (DeSantis),37
Obion,Delegate,At-Large,Republican,Terri Nicholson (Trump),576
Obion,Delegate,At-Large,Republican,Tina Benkiser (DeSantis),46
Obion,Delegate,At-Large,Republican,Todd R. Cruse (Haley),141
Obion,Delegate,At-Large,Republican,Zachary Lambert (Trump),787
Obion,Presidential Preference,NA,Democratic,Joseph R. Biden,200
Obion,Presidential Preference,NA,Democratic,Uncommitted,12
Obion,Presidential Preference,NA,Republican,Asa Hutchinson,2
Obion,Presidential Preference,NA,Republican,Chris Christie,2
Obion,Presidential Preference,NA,Republican,David Stuckenberg,5
Obion,Presidential Preference,NA,Republican,Donald J. Trump,2135
Obion,Presidential Preference,NA,Republican,Nikki Haley,201
Obion,Presidential Preference,NA,Republican,Ron DeSantis,17
Obion,Presidential Preference,NA,Republican,Ryan Binkley,1
Obion,Presidential Preference,NA,Republican,Uncommitted,12
Obion,Presidential Preference,NA,Republican,Vivek Ramaswamy,2
Overton,Criminal Court Judge Part III,13,Democratic,No Candidate Qualified,0
Overton,Criminal Court Judge Part III,13,Republican,Shawn C. Fry,1543
Overton,Delegate,6,Republican,Brock Hill (DeSantis),36
Overton,Delegate,6,Republican,Chelsea Rose (Trump),665
Overton,Delegate,6,Republican,Craig Clark (Trump),785
Overton,Delegate,6,Republican,Garrett T Floyd (Trump),604
Overton,Delegate,6,Republican,Jeff Coker (Haley),84
Overton,Delegate,6,Republican,Kelly Keisling (Trump),713
Overton,Delegate,6,Republican,Kristy Freewalt (Haley),109
Overton,Delegate,6,Republican,Laura Baigert (Trump),579
Overton,Delegate,6,Republican,Luke Tinsley (DeSantis),17
Overton,Delegate,6,Republican,Mary Andersen (DeSantis),27
Overton,Delegate,6,Republican,Mike Callahan (Trump),855
Overton,Delegate,6,Republican,Nicholas Ivey (Haley),58
Overton,Delegate,6,Republican,Paige Brown (DeSantis),23
Overton,Delegate,6,Republican,Randy Stamps (Haley),56
Overton,Delegate,6,Republican,Richard Murphy (DeSantis),22
Overton,Delegate,6,Republican,Stanley Bertch (Haley),61
Overton,Delegate,At-Large,Republican,Abigail Arpin (Trump),1024
Overton,Delegate,At-Large,Republican,Archie Pierce (Haley),19
Overton,Delegate,At-Large,Republican,Barbara Boswell (Trump),1133
Overton,Delegate,At-Large,Republican,Betsy Funk (Haley),115
Overton,Delegate,At-Large,Republican,Bill Campbell (DeSantis),85
Overton,Delegate,At-Large,Republican,Bill Young (Haley),23
Overton,Delegate,At-Large,Republican,Billy J. Stokes (DeSantis),44
Overton,Delegate,At-Large,Republican,Brad Grantham (DeSantis),70
Overton,Delegate,At-Large,Republican,Calvin Rogers Clayton (Trump),1167
Overton,Delegate,At-Large,Republican,Chad Blackburn (Trump),1290
Overton,Delegate,At-Large,Republican,Chad Story (DeSantis),42
Overton,Delegate,At-Large,Republican,Charles E. Allen Jr. (DeSantis),90
Overton,Delegate,At-Large,Republican,Charlie Cato (DeSantis),67
Overton,Delegate,At-Large,Republican,Charlotte Myers (Trump),281
Overton,Delegate,At-Large,Republican,Cheryl S. Harvey (Haley),112
Overton,Delegate,At-Large,Republican,Chris Walker (DeSantis),46
Overton,Delegate,At-Large,Republican,Debra Maggart Breske (Haley),129
Overton,Delegate,At-Large,Republican,Dennis H. Beavers (Trump),1169
Overton,Delegate,At-Large,Republican,Derrick Calcote (DeSantis),63
Overton,Delegate,At-Large,Republican,Dia Hart (Uncommitted),15
Overton,Delegate,At-Large,Republican,Don Alan Miller (Haley),91
Overton,Delegate,At-Large,Republican,Emily Pearse (Haley),49
Overton,Delegate,At-Large,Republican,Eric Joe Mayo (Haley),106
Overton,Delegate,At-Large,Republican,Forrest B. Hutchinson (DeSantis),68
Overton,Delegate,At-Large,Republican,Gloria A. Giorno (Trump),1039
Overton,Delegate,At-Large,Republican,Harrison Vinett (Trump),203
Overton,Delegate,At-Large,Republican,Jaclyn Colbeth (Trump),1092
Overton,Delegate,At-Large,Republican,"James C. Phillips, Jr. (Haley)",26
Overton,Delegate,At-Large,Republican,Jane G. Ferrell (Haley),150
Overton,Delegate,At-Large,Republican,Jason Emert (DeSantis),61
Overton,Delegate,At-Large,Republican,John R Roberts (DeSantis),63
Overton,Delegate,At-Large,Republican,John Rose (Trump),594
Overton,Delegate,At-Large,Republican,Jonathan Merkh (Haley),98
Overton,Delegate,At-Large,Republican,Julia Atchley-Pace (Trump),1054
Overton,Delegate,At-Large,Republican,Kelly Barger (Trump),1139
Overton,Delegate,At-Large,Republican,Kevin Desmond (Haley),134
Overton,Delegate,At-Large,Republican,Layne Provine (DeSantis),38
Overton,Delegate,At-Large,Republican,Lisa Ann Flowers (Uncommitted),38
Overton,Delegate,At-Large,Republican,Lucas Heaton (Trump),551
Overton,Delegate,At-Large,Republican,Marilyn Betz (Trump),1044
Overton,Delegate,At-Large,Republican,Marilyn Hutchinson (DeSantis),72
Overton,Delegate,At-Large,Republican,Mary Kate Brown (DeSantis),76
Overton,Delegate,At-Large,Republican,Mason Foley (Haley),114
Overton,Delegate,At-Large,Republican,Max Bonner (Trump),1155
Overton,Delegate,At-Large,Republican,Michael Fulbright (Haley),110
Overton,Delegate,At-Large,Republican,Monica Mountain (DeSantis),67
Overton,Delegate,At-Large,Republican,Mya Conrad (Trump),1064
Overton,Delegate,At-Large,Republican,Neil Rader (Haley),18
Overton,Delegate,At-Large,Republican,Patricia Woodard (Trump),258
Overton,Delegate,At-Large,Republican,Paul Van Hoesen (Haley),11
Overton,Delegate,At-Large,Republican,Preston George (Haley),113
Overton,Delegate,At-Large,Republican,Rick Williams (Trump),355
Overton,Delegate,At-Large,Republican,Robbyn Maylott (Trump),217
Overton,Delegate,At-Large,Republican,Samuel Funk (Haley),105
Overton,Delegate,At-Large,Republican,Sandi Figg (Haley),139
Overton,Delegate,At-Large,Republican,Scott Smith (DeSantis),42
Overton,Delegate,At-Large,Republican,Sharon B. Anderson (Trump),1051
Overton,Delegate,At-Large,Republican,Sherri P. Lee (DeSantis),65
Overton,Delegate,At-Large,Republican,Sondra Morris (DeSantis),68
Overton,Delegate,At-Large,Republican,Stephanie Nash (Trump),307
Overton,Delegate,At-Large,Republican,Steven Tyler Giorno (Trump),1093
Overton,Delegate,At-Large,Republican,Teresa Dix (DeSantis),63
Overton,Delegate,At-Large,Republican,Terri Nicholson (Trump),245
Overton,Delegate,At-Large,Republican,Tina Benkiser (DeSantis),69
Overton,Delegate,At-Large,Republican,Todd R. Cruse (Haley),146
Overton,Delegate,At-Large,Republican,Zachary Lambert (Trump),371
Overton,Presidential Preference,NA,Democratic,Joseph R. Biden,262
Overton,Presidential Preference,NA,Democratic,Uncommitted,40
Overton,Presidential Preference,NA,Republican,Asa Hutchinson,1
Overton,Presidential Preference,NA,Republican,Chris Christie,8
Overton,Presidential Preference,NA,Republican,David Stuckenberg,0
Overton,Presidential Preference,NA,Republican,Donald J. Trump,2251
Overton,Presidential Preference,NA,Republican,Nikki Haley,182
Overton,Presidential Preference,NA,Republican,Ron DeSantis,15
Overton,Presidential Preference,NA,Republican,Ryan Binkley,5
Overton,Presidential Preference,NA,Republican,Uncommitted,11
Overton,Presidential Preference,NA,Republican,Vivek Ramaswamy,1
Perry,Delegate,7,Republican,"Cassandra ""Casey"" Mahoney (DeSantis)",7
Perry,Delegate,7,Republican,Cheryl Brown (Trump),176
Perry,Delegate,7,Republican,Jeffrey L. Eby (DeSantis),12
Perry,Delegate,7,Republican,Mark Moore (Trump),226
Perry,Delegate,7,Republican,Mary Ann Degan (Haley),30
Perry,Delegate,7,Republican,Mary Ann Parks (Trump),155
Perry,Delegate,7,Republican,Mary Littleton (Trump),155
Perry,Delegate,7,Republican,Michelle Foreman (Trump),168
Perry,Delegate,7,Republican,Natalie Pearce (Trump),125
Perry,Delegate,7,Republican,Nina M. Kumar (Haley),30
Perry,Delegate,7,Republican,Patti Carroll (DeSantis),14
Perry,Delegate,7,Republican,Richard Lee (DeSantis),13
Perry,Delegate,7,Republican,Sabi 'Doc' Kumar (Haley),20
Perry,Delegate,7,Republican,Susan Price (Haley),28
Perry,Delegate,At-Large,Republican,Abigail Arpin (Trump),288
Perry,Delegate,At-Large,Republican,Archie Pierce (Haley),4
Perry,Delegate,At-Large,Republican,Barbara Boswell (Trump),305
Perry,Delegate,At-Large,Republican,Betsy Funk (Haley),31
Perry,Delegate,At-Large,Republican,Bill Campbell (DeSantis),24
Perry,Delegate,At-Large,Republican,Bill Young (Haley),10
Perry,Delegate,At-Large,Republican,Billy J. Stokes (DeSantis),22
Perry,Delegate,At-Large,Republican,Brad Grantham (DeSantis),19
Perry,Delegate,At-Large,Republican,Calvin Rogers Clayton (Trump),315
Perry,Delegate,At-Large,Republican,Chad Blackburn (Trump),340
Perry,Delegate,At-Large,Republican,Chad Story (DeSantis),18
Perry,Delegate,At-Large,Republican,Charles E. Allen Jr. (DeSantis),27
Perry,Delegate,At-Large,Republican,Charlie Cato (DeSantis),19
Perry,Delegate,At-Large,Republican,Charlotte Myers (Trump),68
Perry,Delegate,At-Large,Republican,Cheryl S. Harvey (Haley),28
Perry,Delegate,At-Large,Republican,Chris Walker (DeSantis),15
Perry,Delegate,At-Large,Republican,Debra Maggart Breske (Haley),44
Perry,Delegate,At-Large,Republican,Dennis H. Beavers (Trump),323
Perry,Delegate,At-Large,Republican,Derrick Calcote (DeSantis),18
Perry,Delegate,At-Large,Republican,Dia Hart (Uncommitted),1
Perry,Delegate,At-Large,Republican,Don Alan Miller (Haley),24
Perry,Delegate,At-Large,Republican,Emily Pearse (Haley),9
Perry,Delegate,At-Large,Republican,Eric Joe Mayo (Haley),26
Perry,Delegate,At-Large,Republican,Forrest B. Hutchinson (DeSantis),16
Perry,Delegate,At-Large,Republican,Gloria A. Giorno (Trump),283
Perry,Delegate,At-Large,Republican,Harrison Vinett (Trump),52
Perry,Delegate,At-Large,Republican,Jaclyn Colbeth (Trump),289
Perry,Delegate,At-Large,Republican,"James C. Phillips, Jr. (Haley)",5
Perry,Delegate,At-Large,Republican,Jane G. Ferrell (Haley),45
Perry,Delegate,At-Large,Republican,Jason Emert (DeSantis),19
Perry,Delegate,At-Large,Republican,John R Roberts (DeSantis),20
Perry,Delegate,At-Large,Republican,John Rose (Trump),108
Perry,Delegate,At-Large,Republican,Jonathan Merkh (Haley),27
Perry,Delegate,At-Large,Republican,Julia Atchley-Pace (Trump),294
Perry,Delegate,At-Large,Republican,Kelly Barger (Trump),313
Perry,Delegate,At-Large,Republican,Kevin Desmond (Haley),42
Perry,Delegate,At-Large,Republican,Layne Provine (DeSantis),14
Perry,Delegate,At-Large,Republican,Lisa Ann Flowers (Uncommitted),14
Perry,Delegate,At-Large,Republican,Lucas Heaton (Trump),157
Perry,Delegate,At-Large,Republican,Marilyn Betz (Trump),285
Perry,Delegate,At-Large,Republican,Marilyn Hutchinson (DeSantis),22
Perry,Delegate,At-Large,Republican,Mary Kate Brown (DeSantis),19
Perry,Delegate,At-Large,Republican,Mason Foley (Haley),31
Perry,Delegate,At-Large,Republican,Max Bonner (Trump),313
Perry,Delegate,At-Large,Republican,Michael Fulbright (Haley),27
Perry,Delegate,At-Large,Republican,Monica Mountain (DeSantis),17
Perry,Delegate,At-Large,Republican,Mya Conrad (Trump),283
Perry,Delegate,At-Large,Republican,Neil Rader (Haley),3
Perry,Delegate,At-Large,Republican,Patricia Woodard (Trump),64
Perry,Delegate,At-Large,Republican,Paul Van Hoesen (Haley),6
Perry,Delegate,At-Large,Republican,Preston George (Haley),27
Perry,Delegate,At-Large,Republican,Rick Williams (Trump),76
Perry,Delegate,At-Large,Republican,Robbyn Maylott (Trump),58
Perry,Delegate,At-Large,Republican,Samuel Funk (Haley),26
Perry,Delegate,At-Large,Republican,Sandi Figg (Haley),37
Perry,Delegate,At-Large,Republican,Scott Smith (DeSantis),20
Perry,Delegate,At-Large,Republican,Sharon B. Anderson (Trump),286
Perry,Delegate,At-Large,Republican,Sherri P. Lee (DeSantis),18
Perry,Delegate,At-Large,Republican,Sondra Morris (DeSantis),19
Perry,Delegate,At-Large,Republican,Stephanie Nash (Trump),76
Perry,Delegate,At-Large,Republican,Steven Tyler Giorno (Trump),296
Perry,Delegate,At-Large,Republican,Teresa Dix (DeSantis),13
Perry,Delegate,At-Large,Republican,Terri Nicholson (Trump),62
Perry,Delegate,At-Large,Republican,Tina Benkiser (DeSantis),17
Perry,Delegate,At-Large,Republican,Todd R. Cruse (Haley),44
Perry,Delegate,At-Large,Republican,Zachary Lambert (Trump),106
Perry,Presidential Preference,NA,Democratic,Joseph R. Biden,58
Perry,Presidential Preference,NA,Democratic,Uncommitted,3
Perry,Presidential Preference,NA,Republican,Asa Hutchinson,0
Perry,Presidential Preference,NA,Republican,Chris Christie,1
Perry,Presidential Preference,NA,Republican,David Stuckenberg,0
Perry,Presidential Preference,NA,Republican,Donald J. Trump,629
Perry,Presidential Preference,NA,Republican,Nikki Haley,56
Perry,Presidential Preference,NA,Republican,Ron DeSantis,4
Perry,Presidential Preference,NA,Republican,Ryan Binkley,2
Perry,Presidential Preference,NA,Republican,Uncommitted,1
Perry,Presidential Preference,NA,Republican,Vivek Ramaswamy,0
Pickett,Criminal Court Judge Part III,13,Democratic,No Candidate Qualified,0
Pickett,Criminal Court Judge Part III,13,Republican,Shawn C. Fry,398
Pickett,Delegate,6,Republican,Brock Hill (DeSantis),9
Pickett,Delegate,6,Republican,Chelsea Rose (Trump),294
Pickett,Delegate,6,Republican,Craig Clark (Trump),223
Pickett,Delegate,6,Republican,Garrett T Floyd (Trump),156
Pickett,Delegate,6,Republican,Jeff Coker (Haley),49
Pickett,Delegate,6,Republican,Kelly Keisling (Trump),496
Pickett,Delegate,6,Republican,Kristy Freewalt (Haley),56
Pickett,Delegate,6,Republican,Laura Baigert (Trump),155
Pickett,Delegate,6,Republican,Luke Tinsley (DeSantis),4
Pickett,Delegate,6,Republican,Mary Andersen (DeSantis),12
Pickett,Delegate,6,Republican,Mike Callahan (Trump),223
Pickett,Delegate,6,Republican,Nicholas Ivey (Haley),31
Pickett,Delegate,6,Republican,Paige Brown (DeSantis),14
Pickett,Delegate,6,Republican,Randy Stamps (Haley),29
Pickett,Delegate,6,Republican,Richard Murphy (DeSantis),4
Pickett,Delegate,6,Republican,Stanley Bertch (Haley),27
Pickett,Delegate,At-Large,Republican,Abigail Arpin (Trump),378
Pickett,Delegate,At-Large,Republican,Archie Pierce (Haley),25
Pickett,Delegate,At-Large,Republican,Barbara Boswell (Trump),290
Pickett,Delegate,At-Large,Republican,Betsy Funk (Haley),63
Pickett,Delegate,At-Large,Republican,Bill Campbell (DeSantis),35
Pickett,Delegate,At-Large,Republican,Bill Young (Haley),36
Pickett,Delegate,At-Large,Republican,Billy J. Stokes (DeSantis),15
Pickett,Delegate,At-Large,Republican,Brad Grantham (DeSantis),21
Pickett,Delegate,At-Large,Republican,Calvin Rogers Clayton (Trump),314
Pickett,Delegate,At-Large,Republican,Chad Blackburn (Trump),378
Pickett,Delegate,At-Large,Republican,Chad Story (DeSantis),15
Pickett,Delegate,At-Large,Republican,Charles E. Allen Jr. (DeSantis),30
Pickett,Delegate,At-Large,Republican,Charlie Cato (DeSantis),17
Pickett,Delegate,At-Large,Republican,Charlotte Myers (Trump),164
Pickett,Delegate,At-Large,Republican,Cheryl S. Harvey (Haley),70
Pickett,Delegate,At-Large,Republican,Chris Walker (DeSantis),24
Pickett,Delegate,At-Large,Republican,Debra Maggart Breske (Haley),66
Pickett,Delegate,At-Large,Republican,Dennis H. Beavers (Trump),327
Pickett,Delegate,At-Large,Republican,Derrick Calcote (DeSantis),20
Pickett,Delegate,At-Large,Republican,Dia Hart (Uncommitted),12
Pickett,Delegate,At-Large,Republican,Don Alan Miller (Haley),42
Pickett,Delegate,At-Large,Republican,Emily Pearse (Haley),46
Pickett,Delegate,At-Large,Republican,Eric Joe Mayo (Haley),55
Pickett,Delegate,At-Large,Republican,Forrest B. Hutchinson (DeSantis),27
Pickett,Delegate,At-Large,Republican,Gloria A. Giorno (Trump),216
Pickett,Delegate,At-Large,Republican,Harrison Vinett (Trump),137
Pickett,Delegate,At-Large,Republican,Jaclyn Colbeth (Trump),234
Pickett,Delegate,At-Large,Republican,"James C. Phillips, Jr. (Haley)",29
Pickett,Delegate,At-Large,Republican,Jane G. Ferrell (Haley),71
Pickett,Delegate,At-Large,Republican,Jason Emert (DeSantis),21
Pickett,Delegate,At-Large,Republican,John R Roberts (DeSantis),32
Pickett,Delegate,At-Large,Republican,John Rose (Trump),364
Pickett,Delegate,At-Large,Republican,Jonathan Merkh (Haley),43
Pickett,Delegate,At-Large,Republican,Julia Atchley-Pace (Trump),396
Pickett,Delegate,At-Large,Republican,Kelly Barger (Trump),335
Pickett,Delegate,At-Large,Republican,Kevin Desmond (Haley),61
Pickett,Delegate,At-Large,Republican,Layne Provine (DeSantis),8
Pickett,Delegate,At-Large,Republican,Lisa Ann Flowers (Uncommitted),45
Pickett,Delegate,At-Large,Republican,Lucas Heaton (Trump),206
Pickett,Delegate,At-Large,Republican,Marilyn Betz (Trump),247
Pickett,Delegate,At-Large,Republican,Marilyn Hutchinson (DeSantis),13
Pickett,Delegate,At-Large,Republican,Mary Kate Brown (DeSantis),28
Pickett,Delegate,At-Large,Republican,Mason Foley (Haley),58
Pickett,Delegate,At-Large,Republican,Max Bonner (Trump),311
Pickett,Delegate,At-Large,Republican,Michael Fulbright (Haley),53
Pickett,Delegate,At-Large,Republican,Monica Mountain (DeSantis),15
Pickett,Delegate,At-Large,Republican,Mya Conrad (Trump),227
Pickett,Delegate,At-Large,Republican,Neil Rader (Haley),27
Pickett,Delegate,At-Large,Republican,Patricia Woodard (Trump),172
Pickett,Delegate,At-Large,Republican,Paul Van Hoesen (Haley),25
Pickett,Delegate,At-Large,Republican,Preston George (Haley),62
Pickett,Delegate,At-Large,Republican,Rick Williams (Trump),245
Pickett,Delegate,At-Large,Republican,Robbyn Maylott (Trump),127
Pickett,Delegate,At-Large,Republican,Samuel Funk (Haley),47
Pickett,Delegate,At-Large,Republican,Sandi Figg (Haley),67
Pickett,Delegate,At-Large,Republican,Scott Smith (DeSantis),19
Pickett,Delegate,At-Large,Republican,Sharon B. Anderson (Trump),411
Pickett,Delegate,At-Large,Republican,Sherri P. Lee (DeSantis),19
Pickett,Delegate,At-Large,Republican,Sondra Morris (DeSantis),14
Pickett,Delegate,At-Large,Republican,Stephanie Nash (Trump),183
Pickett,Delegate,At-Large,Republican,Steven Tyler Giorno (Trump),278
Pickett,Delegate,At-Large,Republican,Teresa Dix (DeSantis),18
Pickett,Delegate,At-Large,Republican,Terri Nicholson (Trump),151
Pickett,Delegate,At-Large,Republican,Tina Benkiser (DeSantis),14
Pickett,Delegate,At-Large,Republican,Todd R. Cruse (Haley),62
Pickett,Delegate,At-Large,Republican,Zachary Lambert (Trump),248
Pickett,Presidential Preference,NA,Democratic,Joseph R. Biden,58
Pickett,Presidential Preference,NA,Democratic,Uncommitted,0
Pickett,Presidential Preference,NA,Republican,Asa Hutchinson,1
Pickett,Presidential Preference,NA,Republican,Chris Christie,0
Pickett,Presidential Preference,NA,Republican,David Stuckenberg,1
Pickett,Presidential Preference,NA,Republican,Donald J. Trump,763
Pickett,Presidential Preference,NA,Republican,Nikki Haley,90
Pickett,Presidential Preference,NA,Republican,Ron DeSantis,2
Pickett,Presidential Preference,NA,Republican,Ryan Binkley,0
Pickett,Presidential Preference,NA,Republican,Uncommitted,6
Pickett,Presidential Preference,NA,Republican,Vivek Ramaswamy,0
Polk,Delegate,3,Republican,Ann Ayers-Colvin (Trump),412
Polk,Delegate,3,Republican,Brenda Fleischmann (Trump),794
Polk,Delegate,3,Republican,Bruce Bradford (Haley),88
Polk,Delegate,3,Republican,Chuck Fleischmann (Trump),1265
Polk,Delegate,3,Republican,Dalton Temple (Trump),536
Polk,Delegate,3,Republican,David Queen (DeSantis),20
Polk,Delegate,3,Republican,Dustin Summers (Haley),60
Polk,Delegate,3,Republican,Emily Goldberg (DeSantis),26
Polk,Delegate,3,Republican,George Gray (DeSantis),40
Polk,Delegate,3,Republican,John Samuel Stanbery (DeSantis),50
Polk,Delegate,3,Republican,Jonathan Malloch (Haley),50
Polk,Delegate,3,Republican,Ken Meyer (DeSantis),29
Polk,Delegate,3,Republican,Lawrence O. Grohn (Uncommited),15
Polk,Delegate,3,Republican,Marsha Yessick (Trump),407
Polk,Delegate,3,Republican,Rebecca Denise Cope English (DeSantis),19
Polk,Delegate,3,Republican,Rhonda Champion (Haley),93
Polk,Delegate,3,Republican,Teresa Lorraine Davanzo (Haley),86
Polk,Delegate,3,Republican,William 'Bill' Crawford (Uncommited),101
Polk,Delegate,3,Republican,William Andrew Guffee (Trump),686
Polk,Delegate,At-Large,Republican,Abigail Arpin (Trump),975
Polk,Delegate,At-Large,Republican,Archie Pierce (Haley),46
Polk,Delegate,At-Large,Republican,Barbara Boswell (Trump),802
Polk,Delegate,At-Large,Republican,Betsy Funk (Haley),120
Polk,Delegate,At-Large,Republican,Bill Campbell (DeSantis),111
Polk,Delegate,At-Large,Republican,Bill Young (Haley),88
Polk,Delegate,At-Large,Republican,Billy J. Stokes (DeSantis),52
Polk,Delegate,At-Large,Republican,Brad Grantham (DeSantis),81
Polk,Delegate,At-Large,Republican,Calvin Rogers Clayton (Trump),1001
Polk,Delegate,At-Large,Republican,Chad Blackburn (Trump),1111
Polk,Delegate,At-Large,Republican,Chad Story (DeSantis),41
Polk,Delegate,At-Large,Republican,Charles E. Allen Jr. (DeSantis),106
Polk,Delegate,At-Large,Republican,Charlie Cato (DeSantis),55
Polk,Delegate,At-Large,Republican,Charlotte Myers (Trump),451
Polk,Delegate,At-Large,Republican,Cheryl S. Harvey (Haley),127
Polk,Delegate,At-Large,Republican,Chris Walker (DeSantis),61
Polk,Delegate,At-Large,Republican,Debra Maggart Breske (Haley),113
Polk,Delegate,At-Large,Republican,Dennis H. Beavers (Trump),1049
Polk,Delegate,At-Large,Republican,Derrick Calcote (DeSantis),60
Polk,Delegate,At-Large,Republican,Dia Hart (Uncommitted),28
Polk,Delegate,At-Large,Republican,Don Alan Miller (Haley),118
Polk,Delegate,At-Large,Republican,Emily Pearse (Haley),72
Polk,Delegate,At-Large,Republican,Eric Joe Mayo (Haley),121
Polk,Delegate,At-Large,Republican,Forrest B. Hutchinson (DeSantis),90
Polk,Delegate,At-Large,Republican,Gloria A. Giorno (Trump),704
Polk,Delegate,At-Large,Republican,Harrison Vinett (Trump),422
Polk,Delegate,At-Large,Republican,Jaclyn Colbeth (Trump),751
Polk,Delegate,At-Large,Republican,"James C. Phillips, Jr. (Haley)",55
Polk,Delegate,At-Large,Republican,Jane G. Ferrell (Haley),126
Polk,Delegate,At-Large,Republican,Jason Emert (DeSantis),75
Polk,Delegate,At-Large,Republican,John R Roberts (DeSantis),60
Polk,Delegate,At-Large,Republican,John Rose (Trump),662
Polk,Delegate,At-Large,Republican,Jonathan Merkh (Haley),104
Polk,Delegate,At-Large,Republican,Julia Atchley-Pace (Trump),1101
Polk,Delegate,At-Large,Republican,Kelly Barger (Trump),983
Polk,Delegate,At-Large,Republican,Kevin Desmond (Haley),119
Polk,Delegate,At-Large,Republican,Layne Provine (DeSantis),33
Polk,Delegate,At-Large,Republican,Lisa Ann Flowers (Uncommitted),94
Polk,Delegate,At-Large,Republican,Lucas Heaton (Trump),578
Polk,Delegate,At-Large,Republican,Marilyn Betz (Trump),778
Polk,Delegate,At-Large,Republican,Marilyn Hutchinson (DeSantis),69
Polk,Delegate,At-Large,Republican,Mary Kate Brown (DeSantis),73
Polk,Delegate,At-Large,Republican,Mason Foley (Haley),130
Polk,Delegate,At-Large,Republican,Max Bonner (Trump),934
Polk,Delegate,At-Large,Republican,Michael Fulbright (Haley),128
Polk,Delegate,At-Large,Republican,Monica Mountain (DeSantis),45
Polk,Delegate,At-Large,Republican,Mya Conrad (Trump),724
Polk,Delegate,At-Large,Republican,Neil Rader (Haley),57
Polk,Delegate,At-Large,Republican,Patricia Woodard (Trump),444
Polk,Delegate,At-Large,Republican,Paul Van Hoesen (Haley),38
Polk,Delegate,At-Large,Republican,Preston George (Haley),131
Polk,Delegate,At-Large,Republican,Rick Williams (Trump),660
Polk,Delegate,At-Large,Republican,Robbyn Maylott (Trump),359
Polk,Delegate,At-Large,Republican,Samuel Funk (Haley),117
Polk,Delegate,At-Large,Republican,Sandi Figg (Haley),119
Polk,Delegate,At-Large,Republican,Scott Smith (DeSantis),68
Polk,Delegate,At-Large,Republican,Sharon B. Anderson (Trump),1051
Polk,Delegate,At-Large,Republican,Sherri P. Lee (DeSantis),70
Polk,Delegate,At-Large,Republican,Sondra Morris (DeSantis),55
Polk,Delegate,At-Large,Republican,Stephanie Nash (Trump),494
Polk,Delegate,At-Large,Republican,Steven Tyler Giorno (Trump),873
Polk,Delegate,At-Large,Republican,Teresa Dix (DeSantis),61
Polk,Delegate,At-Large,Republican,Terri Nicholson (Trump),518
Polk,Delegate,At-Large,Republican,Tina Benkiser (DeSantis),61
Polk,Delegate,At-Large,Republican,Todd R. Cruse (Haley),126
Polk,Delegate,At-Large,Republican,Zachary Lambert (Trump),745
Polk,District Attorney General,10 (unexpired term),Democratic,No Candidate Qualified,0
Polk,District Attorney General,10 (unexpired term),Republican,Jeff Miller,984
Polk,District Attorney General,10 (unexpired term),Republican,Shari Tayloe,600
Polk,District Attorney General,10 (unexpired term),Republican,Stephen Hatchett,601
Polk,Presidential Preference,NA,Democratic,Joseph R. Biden,209
Polk,Presidential Preference,NA,Democratic,Uncommitted,27
Polk,Presidential Preference,NA,Republican,Asa Hutchinson,0
Polk,Presidential Preference,NA,Republican,Chris Christie,1
Polk,Presidential Preference,NA,Republican,David Stuckenberg,1
Polk,Presidential Preference,NA,Republican,Donald J. Trump,2158
Polk,Presidential Preference,NA,Republican,Nikki Haley,195
Polk,Presidential Preference,NA,Republican,Ron DeSantis,17
Polk,Presidential Preference,NA,Republican,Ryan Binkley,0
Polk,Presidential Preference,NA,Republican,Uncommitted,14
Polk,Presidential Preference,NA,Republican,Vivek Ramaswamy,5
Putnam,Criminal Court Judge Part III,13,Democratic,No Candidate Qualified,0
Putnam,Criminal Court Judge Part III,13,Republican,Shawn C. Fry,5671
Putnam,Delegate,6,Republican,Brock Hill (DeSantis),98
Putnam,Delegate,6,Republican,Chelsea Rose (Trump),2300
Putnam,Delegate,6,Republican,Craig Clark (Trump),2090
Putnam,Delegate,6,Republican,Garrett T Floyd (Trump),1721
Putnam,Delegate,6,Republican,Jeff Coker (Haley),553
Putnam,Delegate,6,Republican,Kelly Keisling (Trump),1676
Putnam,Delegate,6,Republican,Kristy Freewalt (Haley),723
Putnam,Delegate,6,Republican,Laura Baigert (Trump),1575
Putnam,Delegate,6,Republican,Luke Tinsley (DeSantis),69
Putnam,Delegate,6,Republican,Mary Andersen (DeSantis),105
Putnam,Delegate,6,Republican,Mike Callahan (Trump),2542
Putnam,Delegate,6,Republican,Nicholas Ivey (Haley),405
Putnam,Delegate,6,Republican,Paige Brown (DeSantis),81
Putnam,Delegate,6,Republican,Randy Stamps (Haley),411
Putnam,Delegate,6,Republican,Richard Murphy (DeSantis),65
Putnam,Delegate,6,Republican,Stanley Bertch (Haley),363
Putnam,Delegate,At-Large,Republican,Abigail Arpin (Trump),2778
Putnam,Delegate,At-Large,Republican,Archie Pierce (Haley),168
Putnam,Delegate,At-Large,Republican,Barbara Boswell (Trump),3161
Putnam,Delegate,At-Large,Republican,Betsy Funk (Haley),791
Putnam,Delegate,At-Large,Republican,Bill Campbell (DeSantis),290
Putnam,Delegate,At-Large,Republican,Bill Young (Haley),184
Putnam,Delegate,At-Large,Republican,Billy J. Stokes (DeSantis),171
Putnam,Delegate,At-Large,Republican,Brad Grantham (DeSantis),250
Putnam,Delegate,At-Large,Republican,Calvin Rogers Clayton (Trump),3158
Putnam,Delegate,At-Large,Republican,Chad Blackburn (Trump),3563
Putnam,Delegate,At-Large,Republican,Chad Story (DeSantis),172
Putnam,Delegate,At-Large,Republican,Charles E. Allen Jr. (DeSantis),337
Putnam,Delegate,At-Large,Republican,Charlie Cato (DeSantis),203
Putnam,Delegate,At-Large,Republican,Charlotte Myers (Trump),846
Putnam,Delegate,At-Large,Republican,Cheryl S. Harvey (Haley),786
Putnam,Delegate,At-Large,Republican,Chris Walker (DeSantis),204
Putnam,Delegate,At-Large,Republican,Debra Maggart Breske (Haley),857
Putnam,Delegate,At-Large,Republican,Dennis H. Beavers (Trump),3255
Putnam,Delegate,At-Large,Republican,Derrick Calcote (DeSantis),204
Putnam,Delegate,At-Large,Republican,Dia Hart (Uncommitted),38
Putnam,Delegate,At-Large,Republican,Don Alan Miller (Haley),650
Putnam,Delegate,At-Large,Republican,Emily Pearse (Haley),331
Putnam,Delegate,At-Large,Republican,Eric Joe Mayo (Haley),727
Putnam,Delegate,At-Large,Republican,Forrest B. Hutchinson (DeSantis),287
Putnam,Delegate,At-Large,Republican,Gloria A. Giorno (Trump),2948
Putnam,Delegate,At-Large,Republican,Harrison Vinett (Trump),576
Putnam,Delegate,At-Large,Republican,Jaclyn Colbeth (Trump),3006
Putnam,Delegate,At-Large,Republican,"James C. Phillips, Jr. (Haley)",166
Putnam,Delegate,At-Large,Republican,Jane G. Ferrell (Haley),894
Putnam,Delegate,At-Large,Republican,Jason Emert (DeSantis),247
Putnam,Delegate,At-Large,Republican,John R Roberts (DeSantis),276
Putnam,Delegate,At-Large,Republican,John Rose (Trump),2062
Putnam,Delegate,At-Large,Republican,Jonathan Merkh (Haley),714
Putnam,Delegate,At-Large,Republican,Julia Atchley-Pace (Trump),2885
Putnam,Delegate,At-Large,Republican,Kelly Barger (Trump),3112
Putnam,Delegate,At-Large,Republican,Kevin Desmond (Haley),861
Putnam,Delegate,At-Large,Republican,Layne Provine (DeSantis),136
Putnam,Delegate,At-Large,Republican,Lisa Ann Flowers (Uncommitted),118
Putnam,Delegate,At-Large,Republican,Lucas Heaton (Trump),1569
Putnam,Delegate,At-Large,Republican,Marilyn Betz (Trump),2810
Putnam,Delegate,At-Large,Republican,Marilyn Hutchinson (DeSantis),283
Putnam,Delegate,At-Large,Republican,Mary Kate Brown (DeSantis),253
Putnam,Delegate,At-Large,Republican,Mason Foley (Haley),753
Putnam,Delegate,At-Large,Republican,Max Bonner (Trump),3157
Putnam,Delegate,At-Large,Republican,Michael Fulbright (Haley),763
Putnam,Delegate,At-Large,Republican,Monica Mountain (DeSantis),218
Putnam,Delegate,At-Large,Republican,Mya Conrad (Trump),2890
Putnam,Delegate,At-Large,Republican,Neil Rader (Haley),174
Putnam,Delegate,At-Large,Republican,Patricia Woodard (Trump),756
Putnam,Delegate,At-Large,Republican,Paul Van Hoesen (Haley),151
Putnam,Delegate,At-Large,Republican,Preston George (Haley),745
Putnam,Delegate,At-Large,Republican,Rick Williams (Trump),1149
Putnam,Delegate,At-Large,Republican,Robbyn Maylott (Trump),582
Putnam,Delegate,At-Large,Republican,Samuel Funk (Haley),740
Putnam,Delegate,At-Large,Republican,Sandi Figg (Haley),878
Putnam,Delegate,At-Large,Republican,Scott Smith (DeSantis),198
Putnam,Delegate,At-Large,Republican,Sharon B. Anderson (Trump),2925
Putnam,Delegate,At-Large,Republican,Sherri P. Lee (DeSantis),229
Putnam,Delegate,At-Large,Republican,Sondra Morris (DeSantis),225
Putnam,Delegate,At-Large,Republican,Stephanie Nash (Trump),985
Putnam,Delegate,At-Large,Republican,Steven Tyler Giorno (Trump),2991
Putnam,Delegate,At-Large,Republican,Teresa Dix (DeSantis),235
Putnam,Delegate,At-Large,Republican,Terri Nicholson (Trump),736
Putnam,Delegate,At-Large,Republican,Tina Benkiser (DeSantis),203
Putnam,Delegate,At-Large,Republican,Todd R. Cruse (Haley),878
Putnam,Delegate,At-Large,Republican,Zachary Lambert (Trump),1132
Putnam,Presidential Preference,NA,Democratic,Joseph R. Biden,987
Putnam,Presidential Preference,NA,Democratic,Uncommitted,70
Putnam,Presidential Preference,NA,Republican,Asa Hutchinson,2
Putnam,Presidential Preference,NA,Republican,Chris Christie,17
Putnam,Presidential Preference,NA,Republican,David Stuckenberg,1
Putnam,Presidential Preference,NA,Republican,Donald J. Trump,5677
Putnam,Presidential Preference,NA,Republican,Nikki Haley,1127
Putnam,Presidential Preference,NA,Republican,Ron DeSantis,93
Putnam,Presidential Preference,NA,Republican,Ryan Binkley,13
Putnam,Presidential Preference,NA,Republican,Uncommitted,32
Putnam,Presidential Preference,NA,Republican,Vivek Ramaswamy,9
Rhea,Delegate,4,Republican,Andrew Joseph Kingsolver (Haley),258
Rhea,Delegate,4,Republican,Ashley S. Moore (DeSantis),39
Rhea,Delegate,4,Republican,Caleb Tidwell (DeSantis),52
Rhea,Delegate,4,Republican,Claudia Coco (Trump),986
Rhea,Delegate,4,Republican,Clay Doggett (Trump),1398
Rhea,Delegate,4,Republican,Iva Michelle Russell (Trump),1032
Rhea,Delegate,4,Republican,James S. Kennedy (Haley),283
Rhea,Delegate,4,Republican,Jeffrey W. Dillard (Trump),1725
Rhea,Delegate,4,Republican,Katherine Hudgins (DeSantis),60
Rhea,Delegate,4,Republican,Kip Capley (Trump),1499
Rhea,Delegate,4,Republican,Lucas Hutchinson (DeSantis),68
Rhea,Delegate,4,Republican,Lynne Davis (Trump),1513
Rhea,Delegate,4,Republican,Matt Herriman (DeSantis),86
Rhea,Delegate,4,Republican,Myra Simons (DeSantis),21
Rhea,Delegate,4,Republican,Rhonda R Page (Haley),260
Rhea,Delegate,4,Republican,Susan Lightner Harris (Haley),386
Rhea,Delegate,4,Republican,Teresa (Terrie) Kirby (Haley),285
Rhea,Delegate,At-Large,Republican,Abigail Arpin (Trump),1524
Rhea,Delegate,At-Large,Republican,Archie Pierce (Haley),149
Rhea,Delegate,At-Large,Republican,Barbara Boswell (Trump),1620
Rhea,Delegate,At-Large,Republican,Betsy Funk (Haley),494
Rhea,Delegate,At-Large,Republican,Bill Campbell (DeSantis),148
Rhea,Delegate,At-Large,Republican,Bill Young (Haley),186
Rhea,Delegate,At-Large,Republican,Billy J. Stokes (DeSantis),59
Rhea,Delegate,At-Large,Republican,Brad Grantham (DeSantis),112
Rhea,Delegate,At-Large,Republican,Calvin Rogers Clayton (Trump),1864
Rhea,Delegate,At-Large,Republican,Chad Blackburn (Trump),2184
Rhea,Delegate,At-Large,Republican,Chad Story (DeSantis),57
Rhea,Delegate,At-Large,Republican,Charles E. Allen Jr. (DeSantis),172
Rhea,Delegate,At-Large,Republican,Charlie Cato (DeSantis),102
Rhea,Delegate,At-Large,Republican,Charlotte Myers (Trump),1132
Rhea,Delegate,At-Large,Republican,Cheryl S. Harvey (Haley),471
Rhea,Delegate,At-Large,Republican,Chris Walker (DeSantis),76
Rhea,Delegate,At-Large,Republican,Debra Maggart Breske (Haley),497
Rhea,Delegate,At-Large,Republican,Dennis H. Beavers (Trump),1940
Rhea,Delegate,At-Large,Republican,Derrick Calcote (DeSantis),100
Rhea,Delegate,At-Large,Republican,Dia Hart (Uncommitted),40
Rhea,Delegate,At-Large,Republican,Don Alan Miller (Haley),328
Rhea,Delegate,At-Large,Republican,Emily Pearse (Haley),249
Rhea,Delegate,At-Large,Republican,Eric Joe Mayo (Haley),382
Rhea,Delegate,At-Large,Republican,Forrest B. Hutchinson (DeSantis),107
Rhea,Delegate,At-Large,Republican,Gloria A. Giorno (Trump),1604
Rhea,Delegate,At-Large,Republican,Harrison Vinett (Trump),1063
Rhea,Delegate,At-Large,Republican,Jaclyn Colbeth (Trump),1593
Rhea,Delegate,At-Large,Republican,"James C. Phillips, Jr. (Haley)",127
Rhea,Delegate,At-Large,Republican,Jane G. Ferrell (Haley),485
Rhea,Delegate,At-Large,Republican,Jason Emert (DeSantis),110
Rhea,Delegate,At-Large,Republican,John R Roberts (DeSantis),93
Rhea,Delegate,At-Large,Republican,John Rose (Trump),1623
Rhea,Delegate,At-Large,Republican,Jonathan Merkh (Haley),353
Rhea,Delegate,At-Large,Republican,Julia Atchley-Pace (Trump),1564
Rhea,Delegate,At-Large,Republican,Kelly Barger (Trump),1917
Rhea,Delegate,At-Large,Republican,Kevin Desmond (Haley),457
Rhea,Delegate,At-Large,Republican,Layne Provine (DeSantis),45
Rhea,Delegate,At-Large,Republican,Lisa Ann Flowers (Uncommitted),253
Rhea,Delegate,At-Large,Republican,Lucas Heaton (Trump),1300
Rhea,Delegate,At-Large,Republican,Marilyn Betz (Trump),1384
Rhea,Delegate,At-Large,Republican,Marilyn Hutchinson (DeSantis),102
Rhea,Delegate,At-Large,Republican,Mary Kate Brown (DeSantis),129
Rhea,Delegate,At-Large,Republican,Mason Foley (Haley),439
Rhea,Delegate,At-Large,Republican,Max Bonner (Trump),1821
Rhea,Delegate,At-Large,Republican,Michael Fulbright (Haley),439
Rhea,Delegate,At-Large,Republican,Monica Mountain (DeSantis),89
Rhea,Delegate,At-Large,Republican,Mya Conrad (Trump),1616
Rhea,Delegate,At-Large,Republican,Neil Rader (Haley),140
Rhea,Delegate,At-Large,Republican,Patricia Woodard (Trump),1151
Rhea,Delegate,At-Large,Republican,Paul Van Hoesen (Haley),136
Rhea,Delegate,At-Large,Republican,Preston George (Haley),444
Rhea,Delegate,At-Large,Republican,Rick Williams (Trump),1564
Rhea,Delegate,At-Large,Republican,Robbyn Maylott (Trump),900
Rhea,Delegate,At-Large,Republican,Samuel Funk (Haley),429
Rhea,Delegate,At-Large,Republican,Sandi Figg (Haley),487
Rhea,Delegate,At-Large,Republican,Scott Smith (DeSantis),88
Rhea,Delegate,At-Large,Republican,Sharon B. Anderson (Trump),1838
Rhea,Delegate,At-Large,Republican,Sherri P. Lee (DeSantis),91
Rhea,Delegate,At-Large,Republican,Sondra Morris (DeSantis),85
Rhea,Delegate,At-Large,Republican,Stephanie Nash (Trump),1269
Rhea,Delegate,At-Large,Republican,Steven Tyler Giorno (Trump),1827
Rhea,Delegate,At-Large,Republican,Teresa Dix (DeSantis),117
Rhea,Delegate,At-Large,Republican,Terri Nicholson (Trump),1104
Rhea,Delegate,At-Large,Republican,Tina Benkiser (DeSantis),113
Rhea,Delegate,At-Large,Republican,Todd R. Cruse (Haley),472
Rhea,Delegate,At-Large,Republican,Zachary Lambert (Trump),1511
Rhea,Presidential Preference,NA,Democratic,Joseph R. Biden,203
Rhea,Presidential Preference,NA,Democratic,Uncommitted,23
Rhea,Presidential Preference,NA,Republican,Asa Hutchinson,2
Rhea,Presidential Preference,NA,Republican,Chris Christie,11
Rhea,Presidential Preference,NA,Republican,David Stuckenberg,2
Rhea,Presidential Preference,NA,Republican,Donald J. Trump,4338
Rhea,Presidential Preference,NA,Republican,Nikki Haley,746
Rhea,Presidential Preference,NA,Republican,Ron DeSantis,76
Rhea,Presidential Preference,NA,Republican,Ryan Binkley,2
Rhea,Presidential Preference,NA,Republican,Uncommitted,62
Rhea,Presidential Preference,NA,Republican,Vivek Ramaswamy,7
Roane,Delegate,3,Republican,Ann Ayers-Colvin (Trump),1132
Roane,Delegate,3,Republican,Brenda Fleischmann (Trump),2015
Roane,Delegate,3,Republican,Bruce Bradford (Haley),406
Roane,Delegate,3,Republican,Chuck Fleischmann (Trump),2971
Roane,Delegate,3,Republican,Dalton Temple (Trump),1363
Roane,Delegate,3,Republican,David Queen (DeSantis),48
Roane,Delegate,3,Republican,Dustin Summers (Haley),304
Roane,Delegate,3,Republican,Emily Goldberg (DeSantis),85
Roane,Delegate,3,Republican,George Gray (DeSantis),89
Roane,Delegate,3,Republican,John Samuel Stanbery (DeSantis),50
Roane,Delegate,3,Republican,Jonathan Malloch (Haley),236
Roane,Delegate,3,Republican,Ken Meyer (DeSantis),71
Roane,Delegate,3,Republican,Lawrence O. Grohn (Uncommited),44
Roane,Delegate,3,Republican,Marsha Yessick (Trump),979
Roane,Delegate,3,Republican,Rebecca Denise Cope English (DeSantis),70
Roane,Delegate,3,Republican,Rhonda Champion (Haley),513
Roane,Delegate,3,Republican,Teresa Lorraine Davanzo (Haley),481
Roane,Delegate,3,Republican,William 'Bill' Crawford (Uncommited),139
Roane,Delegate,3,Republican,William Andrew Guffee (Trump),1534
Roane,Delegate,At-Large,Republican,Abigail Arpin (Trump),2032
Roane,Delegate,At-Large,Republican,Archie Pierce (Haley),182
Roane,Delegate,At-Large,Republican,Barbara Boswell (Trump),2496
Roane,Delegate,At-Large,Republican,Betsy Funk (Haley),673
Roane,Delegate,At-Large,Republican,Bill Campbell (DeSantis),242
Roane,Delegate,At-Large,Republican,Bill Young (Haley),254
Roane,Delegate,At-Large,Republican,Billy J. Stokes (DeSantis),114
Roane,Delegate,At-Large,Republican,Brad Grantham (DeSantis),191
Roane,Delegate,At-Large,Republican,Calvin Rogers Clayton (Trump),2694
Roane,Delegate,At-Large,Republican,Chad Blackburn (Trump),3048
Roane,Delegate,At-Large,Republican,Chad Story (DeSantis),99
Roane,Delegate,At-Large,Republican,Charles E. Allen Jr. (DeSantis),254
Roane,Delegate,At-Large,Republican,Charlie Cato (DeSantis),154
Roane,Delegate,At-Large,Republican,Charlotte Myers (Trump),1282
Roane,Delegate,At-Large,Republican,Cheryl S. Harvey (Haley),694
Roane,Delegate,At-Large,Republican,Chris Walker (DeSantis),154
Roane,Delegate,At-Large,Republican,Debra Maggart Breske (Haley),720
Roane,Delegate,At-Large,Republican,Dennis H. Beavers (Trump),2608
Roane,Delegate,At-Large,Republican,Derrick Calcote (DeSantis),177
Roane,Delegate,At-Large,Republican,Dia Hart (Uncommitted),49
Roane,Delegate,At-Large,Republican,Don Alan Miller (Haley),510
Roane,Delegate,At-Large,Republican,Emily Pearse (Haley),310
Roane,Delegate,At-Large,Republican,Eric Joe Mayo (Haley),602
Roane,Delegate,At-Large,Republican,Forrest B. Hutchinson (DeSantis),199
Roane,Delegate,At-Large,Republican,Gloria A. Giorno (Trump),2012
Roane,Delegate,At-Large,Republican,Harrison Vinett (Trump),1266
Roane,Delegate,At-Large,Republican,Jaclyn Colbeth (Trump),1944
Roane,Delegate,At-Large,Republican,"James C. Phillips, Jr. (Haley)",201
Roane,Delegate,At-Large,Republican,Jane G. Ferrell (Haley),759
Roane,Delegate,At-Large,Republican,Jason Emert (DeSantis),196
Roane,Delegate,At-Large,Republican,John R Roberts (DeSantis),154
Roane,Delegate,At-Large,Republican,John Rose (Trump),1832
Roane,Delegate,At-Large,Republican,Jonathan Merkh (Haley),592
Roane,Delegate,At-Large,Republican,Julia Atchley-Pace (Trump),2206
Roane,Delegate,At-Large,Republican,Kelly Barger (Trump),2573
Roane,Delegate,At-Large,Republican,Kevin Desmond (Haley),739
Roane,Delegate,At-Large,Republican,Layne Provine (DeSantis),85
Roane,Delegate,At-Large,Republican,Lisa Ann Flowers (Uncommitted),92
Roane,Delegate,At-Large,Republican,Lucas Heaton (Trump),1409
Roane,Delegate,At-Large,Republican,Marilyn Betz (Trump),2127
Roane,Delegate,At-Large,Republican,Marilyn Hutchinson (DeSantis),201
Roane,Delegate,At-Large,Republican,Mary Kate Brown (DeSantis),213
Roane,Delegate,At-Large,Republican,Mason Foley (Haley),651
Roane,Delegate,At-Large,Republican,Max Bonner (Trump),2514
Roane,Delegate,At-Large,Republican,Michael Fulbright (Haley),651
Roane,Delegate,At-Large,Republican,Monica Mountain (DeSantis),141
Roane,Delegate,At-Large,Republican,Mya Conrad (Trump),1911
Roane,Delegate,At-Large,Republican,Neil Rader (Haley),173
Roane,Delegate,At-Large,Republican,Patricia Woodard (Trump),870
Roane,Delegate,At-Large,Republican,Paul Van Hoesen (Haley),153
Roane,Delegate,At-Large,Republican,Preston George (Haley),641
Roane,Delegate,At-Large,Republican,Rick Williams (Trump),1881
Roane,Delegate,At-Large,Republican,Robbyn Maylott (Trump),1045
Roane,Delegate,At-Large,Republican,Samuel Funk (Haley),631
Roane,Delegate,At-Large,Republican,Sandi Figg (Haley),684
Roane,Delegate,At-Large,Republican,Scott Smith (DeSantis),130
Roane,Delegate,At-Large,Republican,Sharon B. Anderson (Trump),2318
Roane,Delegate,At-Large,Republican,Sherri P. Lee (DeSantis),160
Roane,Delegate,At-Large,Republican,Sondra Morris (DeSantis),129
Roane,Delegate,At-Large,Republican,Stephanie Nash (Trump),1482
Roane,Delegate,At-Large,Republican,Steven Tyler Giorno (Trump),2212
Roane,Delegate,At-Large,Republican,Teresa Dix (DeSantis),170
Roane,Delegate,At-Large,Republican,Terri Nicholson (Trump),1435
Roane,Delegate,At-Large,Republican,Tina Benkiser (DeSantis),157
Roane,Delegate,At-Large,Republican,Todd R. Cruse (Haley),757
Roane,Delegate,At-Large,Republican,Zachary Lambert (Trump),1726
Roane,Presidential Preference,NA,Democratic,Joseph R. Biden,657
Roane,Presidential Preference,NA,Democratic,Uncommitted,48
Roane,Presidential Preference,NA,Republican,Asa Hutchinson,4
Roane,Presidential Preference,NA,Republican,Chris Christie,7
Roane,Presidential Preference,NA,Republican,David Stuckenberg,2
Roane,Presidential Preference,NA,Republican,Donald J. Trump,4888
Roane,Presidential Preference,NA,Republican,Nikki Haley,970
Roane,Presidential Preference,NA,Republican,Ron DeSantis,78
Roane,Presidential Preference,NA,Republican,Ryan Binkley,1
Roane,Presidential Preference,NA,Republican,Uncommitted,23
Roane,Presidential Preference,NA,Republican,Vivek Ramaswamy,24
Robertson,Circuit Court Judge Part VI,19,Democratic,No Candidate Qualified,0
Robertson,Circuit Court Judge Part VI,19,Republican,Ashleigh L. Travis,5078
Robertson,Delegate,7,Republican,"Cassandra ""Casey"" Mahoney (DeSantis)",57
Robertson,Delegate,7,Republican,Cheryl Brown (Trump),1892
Robertson,Delegate,7,Republican,Jeffrey L. Eby (DeSantis),88
Robertson,Delegate,7,Republican,Mark Moore (Trump),2365
Robertson,Delegate,7,Republican,Mary Ann Degan (Haley),529
Robertson,Delegate,7,Republican,Mary Ann Parks (Trump),1755
Robertson,Delegate,7,Republican,Mary Littleton (Trump),1809
Robertson,Delegate,7,Republican,Michelle Foreman (Trump),1842
Robertson,Delegate,7,Republican,Natalie Pearce (Trump),1397
Robertson,Delegate,7,Republican,Nina M. Kumar (Haley),771
Robertson,Delegate,7,Republican,Patti Carroll (DeSantis),86
Robertson,Delegate,7,Republican,Richard Lee (DeSantis),137
Robertson,Delegate,7,Republican,Sabi 'Doc' Kumar (Haley),924
Robertson,Delegate,7,Republican,Susan Price (Haley),495
Robertson,Delegate,At-Large,Republican,Abigail Arpin (Trump),2827
Robertson,Delegate,At-Large,Republican,Archie Pierce (Haley),154
Robertson,Delegate,At-Large,Republican,Barbara Boswell (Trump),3109
Robertson,Delegate,At-Large,Republican,Betsy Funk (Haley),716
Robertson,Delegate,At-Large,Republican,Bill Campbell (DeSantis),297
Robertson,Delegate,At-Large,Republican,Bill Young (Haley),174
Robertson,Delegate,At-Large,Republican,Billy J. Stokes (DeSantis),195
Robertson,Delegate,At-Large,Republican,Brad Grantham (DeSantis),233
Robertson,Delegate,At-Large,Republican,Calvin Rogers Clayton (Trump),3183
Robertson,Delegate,At-Large,Republican,Chad Blackburn (Trump),3527
Robertson,Delegate,At-Large,Republican,Chad Story (DeSantis),160
Robertson,Delegate,At-Large,Republican,Charles E. Allen Jr. (DeSantis),291
Robertson,Delegate,At-Large,Republican,Charlie Cato (DeSantis),218
Robertson,Delegate,At-Large,Republican,Charlotte Myers (Trump),727
Robertson,Delegate,At-Large,Republican,Cheryl S. Harvey (Haley),724
Robertson,Delegate,At-Large,Republican,Chris Walker (DeSantis),213
Robertson,Delegate,At-Large,Republican,Debra Maggart Breske (Haley),826
Robertson,Delegate,At-Large,Republican,Dennis H. Beavers (Trump),3247
Robertson,Delegate,At-Large,Republican,Derrick Calcote (DeSantis),190
Robertson,Delegate,At-Large,Republican,Dia Hart (Uncommitted),52
Robertson,Delegate,At-Large,Republican,Don Alan Miller (Haley),613
Robertson,Delegate,At-Large,Republican,Emily Pearse (Haley),315
Robertson,Delegate,At-Large,Republican,Eric Joe Mayo (Haley),701
Robertson,Delegate,At-Large,Republican,Forrest B. Hutchinson (DeSantis),252
Robertson,Delegate,At-Large,Republican,Gloria A. Giorno (Trump),2968
Robertson,Delegate,At-Large,Republican,Harrison Vinett (Trump),578
Robertson,Delegate,At-Large,Republican,Jaclyn Colbeth (Trump),3032
Robertson,Delegate,At-Large,Republican,"James C. Phillips, Jr. (Haley)",165
Robertson,Delegate,At-Large,Republican,Jane G. Ferrell (Haley),875
Robertson,Delegate,At-Large,Republican,Jason Emert (DeSantis),225
Robertson,Delegate,At-Large,Republican,John R Roberts (DeSantis),288
Robertson,Delegate,At-Large,Republican,John Rose (Trump),1302
Robertson,Delegate,At-Large,Republican,Jonathan Merkh (Haley),662
Robertson,Delegate,At-Large,Republican,Julia Atchley-Pace (Trump),3052
Robertson,Delegate,At-Large,Republican,Kelly Barger (Trump),3013
Robertson,Delegate,At-Large,Republican,Kevin Desmond (Haley),844
Robertson,Delegate,At-Large,Republican,Layne Provine (DeSantis),138
Robertson,Delegate,At-Large,Republican,Lisa Ann Flowers (Uncommitted),135
Robertson,Delegate,At-Large,Republican,Lucas Heaton (Trump),1586
Robertson,Delegate,At-Large,Republican,Marilyn Betz (Trump),2826
Robertson,Delegate,At-Large,Republican,Marilyn Hutchinson (DeSantis),258
Robertson,Delegate,At-Large,Republican,Mary Kate Brown (DeSantis),275
Robertson,Delegate,At-Large,Republican,Mason Foley (Haley),706
Robertson,Delegate,At-Large,Republican,Max Bonner (Trump),3184
Robertson,Delegate,At-Large,Republican,Michael Fulbright (Haley),697
Robertson,Delegate,At-Large,Republican,Monica Mountain (DeSantis),206
Robertson,Delegate,At-Large,Republican,Mya Conrad (Trump),2927
Robertson,Delegate,At-Large,Republican,Neil Rader (Haley),136
Robertson,Delegate,At-Large,Republican,Patricia Woodard (Trump),757
Robertson,Delegate,At-Large,Republican,Paul Van Hoesen (Haley),136
Robertson,Delegate,At-Large,Republican,Preston George (Haley),691
Robertson,Delegate,At-Large,Republican,Rick Williams (Trump),1002
Robertson,Delegate,At-Large,Republican,Robbyn Maylott (Trump),538
Robertson,Delegate,At-Large,Republican,Samuel Funk (Haley),668
Robertson,Delegate,At-Large,Republican,Sandi Figg (Haley),840
Robertson,Delegate,At-Large,Republican,Scott Smith (DeSantis),191
Robertson,Delegate,At-Large,Republican,Sharon B. Anderson (Trump),2836
Robertson,Delegate,At-Large,Republican,Sherri P. Lee (DeSantis),214
Robertson,Delegate,At-Large,Republican,Sondra Morris (DeSantis),234
Robertson,Delegate,At-Large,Republican,Stephanie Nash (Trump),918
Robertson,Delegate,At-Large,Republican,Steven Tyler Giorno (Trump),3068
Robertson,Delegate,At-Large,Republican,Teresa Dix (DeSantis),226
Robertson,Delegate,At-Large,Republican,Terri Nicholson (Trump),790
Robertson,Delegate,At-Large,Republican,Tina Benkiser (DeSantis),207
Robertson,Delegate,At-Large,Republican,Todd R. Cruse (Haley),859
Robertson,Delegate,At-Large,Republican,Zachary Lambert (Trump),1070
Robertson,Presidential Preference,NA,Democratic,Joseph R. Biden,689
Robertson,Presidential Preference,NA,Democratic,Uncommitted,61
Robertson,Presidential Preference,NA,Republican,Asa Hutchinson,8
Robertson,Presidential Preference,NA,Republican,Chris Christie,18
Robertson,Presidential Preference,NA,Republican,David Stuckenberg,6
Robertson,Presidential Preference,NA,Republican,Donald J. Trump,5567
Robertson,Presidential Preference,NA,Republican,Nikki Haley,1115
Robertson,Presidential Preference,NA,Republican,Ron DeSantis,79
Robertson,Presidential Preference,NA,Republican,Ryan Binkley,16
Robertson,Presidential Preference,NA,Republican,Uncommitted,58
Robertson,Presidential Preference,NA,Republican,Vivek Ramaswamy,25
Rutherford,Delegate,4,Republican,Andrew Joseph Kingsolver (Haley),2208
Rutherford,Delegate,4,Republican,Ashley S. Moore (DeSantis),234
Rutherford,Delegate,4,Republican,Caleb Tidwell (DeSantis),600
Rutherford,Delegate,4,Republican,Claudia Coco (Trump),5134
Rutherford,Delegate,4,Republican,Clay Doggett (Trump),6898
Rutherford,Delegate,4,Republican,Iva Michelle Russell (Trump),4935
Rutherford,Delegate,4,Republican,James S. Kennedy (Haley),2290
Rutherford,Delegate,4,Republican,Jeffrey W. Dillard (Trump),8370
Rutherford,Delegate,4,Republican,Katherine Hudgins (DeSantis),407
Rutherford,Delegate,4,Republican,Kip Capley (Trump),6447
Rutherford,Delegate,4,Republican,Lucas Hutchinson (DeSantis),402
Rutherford,Delegate,4,Republican,Lynne Davis (Trump),7812
Rutherford,Delegate,4,Republican,Matt Herriman (DeSantis),442
Rutherford,Delegate,4,Republican,Myra Simons (DeSantis),179
Rutherford,Delegate,4,Republican,Rhonda R Page (Haley),2172
Rutherford,Delegate,4,Republican,Susan Lightner Harris (Haley),2454
Rutherford,Delegate,4,Republican,Teresa (Terrie) Kirby (Haley),2253
Rutherford,Delegate,At-Large,Republican,Abigail Arpin (Trump),10017
Rutherford,Delegate,At-Large,Republican,Archie Pierce (Haley),721
Rutherford,Delegate,At-Large,Republican,Barbara Boswell (Trump),11133
Rutherford,Delegate,At-Large,Republican,Betsy Funk (Haley),3577
Rutherford,Delegate,At-Large,Republican,Bill Campbell (DeSantis),1276
Rutherford,Delegate,At-Large,Republican,Bill Young (Haley),854
Rutherford,Delegate,At-Large,Republican,Billy J. Stokes (DeSantis),645
Rutherford,Delegate,At-Large,Republican,Brad Grantham (DeSantis),945
Rutherford,Delegate,At-Large,Republican,Calvin Rogers Clayton (Trump),11165
Rutherford,Delegate,At-Large,Republican,Chad Blackburn (Trump),12505
Rutherford,Delegate,At-Large,Republican,Chad Story (DeSantis),639
Rutherford,Delegate,At-Large,Republican,Charles E. Allen Jr. (DeSantis),1253
Rutherford,Delegate,At-Large,Republican,Charlie Cato (DeSantis),822
Rutherford,Delegate,At-Large,Republican,Charlotte Myers (Trump),2908
Rutherford,Delegate,At-Large,Republican,Cheryl S. Harvey (Haley),3577
Rutherford,Delegate,At-Large,Republican,Chris Walker (DeSantis),806
Rutherford,Delegate,At-Large,Republican,Debra Maggart Breske (Haley),3934
Rutherford,Delegate,At-Large,Republican,Dennis H. Beavers (Trump),11546
Rutherford,Delegate,At-Large,Republican,Derrick Calcote (DeSantis),797
Rutherford,Delegate,At-Large,Republican,Dia Hart (Uncommitted),226
Rutherford,Delegate,At-Large,Republican,Don Alan Miller (Haley),2916
Rutherford,Delegate,At-Large,Republican,Emily Pearse (Haley),1408
Rutherford,Delegate,At-Large,Republican,Eric Joe Mayo (Haley),3297
Rutherford,Delegate,At-Large,Republican,Forrest B. Hutchinson (DeSantis),1040
Rutherford,Delegate,At-Large,Republican,Gloria A. Giorno (Trump),10724
Rutherford,Delegate,At-Large,Republican,Harrison Vinett (Trump),2235
Rutherford,Delegate,At-Large,Republican,Jaclyn Colbeth (Trump),10747
Rutherford,Delegate,At-Large,Republican,"James C. Phillips, Jr. (Haley)",753
Rutherford,Delegate,At-Large,Republican,Jane G. Ferrell (Haley),4102
Rutherford,Delegate,At-Large,Republican,Jason Emert (DeSantis),907
Rutherford,Delegate,At-Large,Republican,John R Roberts (DeSantis),855
Rutherford,Delegate,At-Large,Republican,John Rose (Trump),3909
Rutherford,Delegate,At-Large,Republican,Jonathan Merkh (Haley),3197
Rutherford,Delegate,At-Large,Republican,Julia Atchley-Pace (Trump),10281
Rutherford,Delegate,At-Large,Republican,Kelly Barger (Trump),10931
Rutherford,Delegate,At-Large,Republican,Kevin Desmond (Haley),3950
Rutherford,Delegate,At-Large,Republican,Layne Provine (DeSantis),544
Rutherford,Delegate,At-Large,Republican,Lisa Ann Flowers (Uncommitted),619
Rutherford,Delegate,At-Large,Republican,Lucas Heaton (Trump),5674
Rutherford,Delegate,At-Large,Republican,Marilyn Betz (Trump),10053
Rutherford,Delegate,At-Large,Republican,Marilyn Hutchinson (DeSantis),1113
Rutherford,Delegate,At-Large,Republican,Mary Kate Brown (DeSantis),1096
Rutherford,Delegate,At-Large,Republican,Mason Foley (Haley),3413
Rutherford,Delegate,At-Large,Republican,Max Bonner (Trump),11091
Rutherford,Delegate,At-Large,Republican,Michael Fulbright (Haley),3385
Rutherford,Delegate,At-Large,Republican,Monica Mountain (DeSantis),860
Rutherford,Delegate,At-Large,Republican,Mya Conrad (Trump),10283
Rutherford,Delegate,At-Large,Republican,Neil Rader (Haley),673
Rutherford,Delegate,At-Large,Republican,Patricia Woodard (Trump),3035
Rutherford,Delegate,At-Large,Republican,Paul Van Hoesen (Haley),610
Rutherford,Delegate,At-Large,Republican,Preston George (Haley),3350
Rutherford,Delegate,At-Large,Republican,Rick Williams (Trump),3744
Rutherford,Delegate,At-Large,Republican,Robbyn Maylott (Trump),2212
Rutherford,Delegate,At-Large,Republican,Samuel Funk (Haley),3260
Rutherford,Delegate,At-Large,Republican,Sandi Figg (Haley),4006
Rutherford,Delegate,At-Large,Republican,Scott Smith (DeSantis),763
Rutherford,Delegate,At-Large,Republican,Sharon B. Anderson (Trump),10214
Rutherford,Delegate,At-Large,Republican,Sherri P. Lee (DeSantis),930
Rutherford,Delegate,At-Large,Republican,Sondra Morris (DeSantis),875
Rutherford,Delegate,At-Large,Republican,Stephanie Nash (Trump),3322
Rutherford,Delegate,At-Large,Republican,Steven Tyler Giorno (Trump),11000
Rutherford,Delegate,At-Large,Republican,Teresa Dix (DeSantis),921
Rutherford,Delegate,At-Large,Republican,Terri Nicholson (Trump),3039
Rutherford,Delegate,At-Large,Republican,Tina Benkiser (DeSantis),821
Rutherford,Delegate,At-Large,Republican,Todd R. Cruse (Haley),3966
Rutherford,Delegate,At-Large,Republican,Zachary Lambert (Trump),3936
Rutherford,Presidential Preference,NA,Democratic,Joseph R. Biden,4409
Rutherford,Presidential Preference,NA,Democratic,Uncommitted,374
Rutherford,Presidential Preference,NA,Republican,Asa Hutchinson,28
Rutherford,Presidential Preference,NA,Republican,Chris Christie,108
Rutherford,Presidential Preference,NA,Republican,David Stuckenberg,21
Rutherford,Presidential Preference,NA,Republican,Donald J. Trump,18253
Rutherford,Presidential Preference,NA,Republican,Nikki Haley,4815
Rutherford,Presidential Preference,NA,Republican,Ron DeSantis,401
Rutherford,Presidential Preference,NA,Republican,Ryan Binkley,54
Rutherford,Presidential Preference,NA,Republican,Uncommitted,168
Rutherford,Presidential Preference,NA,Republican,Vivek Ramaswamy,99
Scott,Delegate,3,Republican,Ann Ayers-Colvin (Trump),164
Scott,Delegate,3,Republican,Brenda Fleischmann (Trump),131
Scott,Delegate,3,Republican,Bruce Bradford (Haley),7
Scott,Delegate,3,Republican,Chuck Fleischmann (Trump),188
Scott,Delegate,3,Republican,Dalton Temple (Trump),43
Scott,Delegate,3,Republican,David Queen (DeSantis),3
Scott,Delegate,3,Republican,Dustin Summers (Haley),7
Scott,Delegate,3,Republican,Emily Goldberg (DeSantis),4
Scott,Delegate,3,Republican,George Gray (DeSantis),3
Scott,Delegate,3,Republican,John Samuel Stanbery (DeSantis),3
Scott,Delegate,3,Republican,Jonathan Malloch (Haley),10
Scott,Delegate,3,Republican,Ken Meyer (DeSantis),2
Scott,Delegate,3,Republican,Lawrence O. Grohn (Uncommited),2
Scott,Delegate,3,Republican,Marsha Yessick (Trump),25
Scott,Delegate,3,Republican,Rebecca Denise Cope English (DeSantis),5
Scott,Delegate,3,Republican,Rhonda Champion (Haley),11
Scott,Delegate,3,Republican,Teresa Lorraine Davanzo (Haley),13
Scott,Delegate,3,Republican,William 'Bill' Crawford (Uncommited),7
Scott,Delegate,3,Republican,William Andrew Guffee (Trump),53
Scott,Delegate,6,Republican,Brock Hill (DeSantis),12
Scott,Delegate,6,Republican,Chelsea Rose (Trump),208
Scott,Delegate,6,Republican,Craig Clark (Trump),280
Scott,Delegate,6,Republican,Garrett T Floyd (Trump),197
Scott,Delegate,6,Republican,Jeff Coker (Haley),38
Scott,Delegate,6,Republican,Kelly Keisling (Trump),424
Scott,Delegate,6,Republican,Kristy Freewalt (Haley),53
Scott,Delegate,6,Republican,Laura Baigert (Trump),226
Scott,Delegate,6,Republican,Luke Tinsley (DeSantis),4
Scott,Delegate,6,Republican,Mary Andersen (DeSantis),10
Scott,Delegate,6,Republican,Mike Callahan (Trump),320
Scott,Delegate,6,Republican,Nicholas Ivey (Haley),26
Scott,Delegate,6,Republican,Paige Brown (DeSantis),8
Scott,Delegate,6,Republican,Randy Stamps (Haley),27
Scott,Delegate,6,Republican,Richard Murphy (DeSantis),3
Scott,Delegate,6,Republican,Stanley Bertch (Haley),24
Scott,Delegate,At-Large,Republican,Abigail Arpin (Trump),552
Scott,Delegate,At-Large,Republican,Archie Pierce (Haley),16
Scott,Delegate,At-Large,Republican,Barbara Boswell (Trump),598
Scott,Delegate,At-Large,Republican,Betsy Funk (Haley),76
Scott,Delegate,At-Large,Republican,Bill Campbell (DeSantis),40
Scott,Delegate,At-Large,Republican,Bill Young (Haley),11
Scott,Delegate,At-Large,Republican,Billy J. Stokes (DeSantis),21
Scott,Delegate,At-Large,Republican,Brad Grantham (DeSantis),35
Scott,Delegate,At-Large,Republican,Calvin Rogers Clayton (Trump),649
Scott,Delegate,At-Large,Republican,Chad Blackburn (Trump),706
Scott,Delegate,At-Large,Republican,Chad Story (DeSantis),22
Scott,Delegate,At-Large,Republican,Charles E. Allen Jr. (DeSantis),51
Scott,Delegate,At-Large,Republican,Charlie Cato (DeSantis),25
Scott,Delegate,At-Large,Republican,Charlotte Myers (Trump),160
Scott,Delegate,At-Large,Republican,Cheryl S. Harvey (Haley),77
Scott,Delegate,At-Large,Republican,Chris Walker (DeSantis),28
Scott,Delegate,At-Large,Republican,Debra Maggart Breske (Haley),93
Scott,Delegate,At-Large,Republican,Dennis H. Beavers (Trump),637
Scott,Delegate,At-Large,Republican,Derrick Calcote (DeSantis),27
Scott,Delegate,At-Large,Republican,Dia Hart (Uncommitted),6
Scott,Delegate,At-Large,Republican,Don Alan Miller (Haley),70
Scott,Delegate,At-Large,Republican,Emily Pearse (Haley),26
Scott,Delegate,At-Large,Republican,Eric Joe Mayo (Haley),73
Scott,Delegate,At-Large,Republican,Forrest B. Hutchinson (DeSantis),32
Scott,Delegate,At-Large,Republican,Gloria A. Giorno (Trump),578
Scott,Delegate,At-Large,Republican,Harrison Vinett (Trump),107
Scott,Delegate,At-Large,Republican,Jaclyn Colbeth (Trump),592
Scott,Delegate,At-Large,Republican,"James C. Phillips, Jr. (Haley)",13
Scott,Delegate,At-Large,Republican,Jane G. Ferrell (Haley),98
Scott,Delegate,At-Large,Republican,Jason Emert (DeSantis),29
Scott,Delegate,At-Large,Republican,John R Roberts (DeSantis),37
Scott,Delegate,At-Large,Republican,John Rose (Trump),243
Scott,Delegate,At-Large,Republican,Jonathan Merkh (Haley),68
Scott,Delegate,At-Large,Republican,Julia Atchley-Pace (Trump),571
Scott,Delegate,At-Large,Republican,Kelly Barger (Trump),636
Scott,Delegate,At-Large,Republican,Kevin Desmond (Haley),100
Scott,Delegate,At-Large,Republican,Layne Provine (DeSantis),29
Scott,Delegate,At-Large,Republican,Lisa Ann Flowers (Uncommitted),17
Scott,Delegate,At-Large,Republican,Lucas Heaton (Trump),329
Scott,Delegate,At-Large,Republican,Marilyn Betz (Trump),555
Scott,Delegate,At-Large,Republican,Marilyn Hutchinson (DeSantis),43
Scott,Delegate,At-Large,Republican,Mary Kate Brown (DeSantis),42
Scott,Delegate,At-Large,Republican,Mason Foley (Haley),75
Scott,Delegate,At-Large,Republican,Max Bonner (Trump),615
Scott,Delegate,At-Large,Republican,Michael Fulbright (Haley),74
Scott,Delegate,At-Large,Republican,Monica Mountain (DeSantis),31
Scott,Delegate,At-Large,Republican,Mya Conrad (Trump),569
Scott,Delegate,At-Large,Republican,Neil Rader (Haley),14
Scott,Delegate,At-Large,Republican,Patricia Woodard (Trump),127
Scott,Delegate,At-Large,Republican,Paul Van Hoesen (Haley),11
Scott,Delegate,At-Large,Republican,Preston George (Haley),69
Scott,Delegate,At-Large,Republican,Rick Williams (Trump),178
Scott,Delegate,At-Large,Republican,Robbyn Maylott (Trump),119
Scott,Delegate,At-Large,Republican,Samuel Funk (Haley),71
Scott,Delegate,At-Large,Republican,Sandi Figg (Haley),98
Scott,Delegate,At-Large,Republican,Scott Smith (DeSantis),37
Scott,Delegate,At-Large,Republican,Sharon B. Anderson (Trump),579
Scott,Delegate,At-Large,Republican,Sherri P. Lee (DeSantis),31
Scott,Delegate,At-Large,Republican,Sondra Morris (DeSantis),38
Scott,Delegate,At-Large,Republican,Stephanie Nash (Trump),160
Scott,Delegate,At-Large,Republican,Steven Tyler Giorno (Trump),606
Scott,Delegate,At-Large,Republican,Teresa Dix (DeSantis),32
Scott,Delegate,At-Large,Republican,Terri Nicholson (Trump),125
Scott,Delegate,At-Large,Republican,Tina Benkiser (DeSantis),27
Scott,Delegate,At-Large,Republican,Todd R. Cruse (Haley),105
Scott,Delegate,At-Large,Republican,Zachary Lambert (Trump),308
Scott,Presidential Preference,NA,Democratic,Joseph R. Biden,68
Scott,Presidential Preference,NA,Democratic,Uncommitted,5
Scott,Presidential Preference,NA,Republican,Asa Hutchinson,0
Scott,Presidential Preference,NA,Republican,Chris Christie,2
Scott,Presidential Preference,NA,Republican,David Stuckenberg,0
Scott,Presidential Preference,NA,Republican,Donald J. Trump,1353
Scott,Presidential Preference,NA,Republican,Nikki Haley,112
Scott,Presidential Preference,NA,Republican,Ron DeSantis,8
Scott,Presidential Preference,NA,Republican,Ryan Binkley,2
Scott,Presidential Preference,NA,Republican,Uncommitted,3
Scott,Presidential Preference,NA,Republican,Vivek Ramaswamy,2
Sequatchie,Delegate,4,Republican,Andrew Joseph Kingsolver (Haley),80
Sequatchie,Delegate,4,Republican,Ashley S. Moore (DeSantis),16
Sequatchie,Delegate,4,Republican,Caleb Tidwell (DeSantis),5
Sequatchie,Delegate,4,Republican,Claudia Coco (Trump),317
Sequatchie,Delegate,4,Republican,Clay Doggett (Trump),425
Sequatchie,Delegate,4,Republican,Iva Michelle Russell (Trump),289
Sequatchie,Delegate,4,Republican,James S. Kennedy (Haley),86
Sequatchie,Delegate,4,Republican,Jeffrey W. Dillard (Trump),491
Sequatchie,Delegate,4,Republican,Katherine Hudgins (DeSantis),11
Sequatchie,Delegate,4,Republican,Kip Capley (Trump),395
Sequatchie,Delegate,4,Republican,Lucas Hutchinson (DeSantis),17
Sequatchie,Delegate,4,Republican,Lynne Davis (Trump),441
Sequatchie,Delegate,4,Republican,Matt Herriman (DeSantis),24
Sequatchie,Delegate,4,Republican,Myra Simons (DeSantis),9
Sequatchie,Delegate,4,Republican,Rhonda R Page (Haley),75
Sequatchie,Delegate,4,Republican,Susan Lightner Harris (Haley),82
Sequatchie,Delegate,4,Republican,Teresa (Terrie) Kirby (Haley),82
Sequatchie,Delegate,At-Large,Republican,Abigail Arpin (Trump),734
Sequatchie,Delegate,At-Large,Republican,Archie Pierce (Haley),31
Sequatchie,Delegate,At-Large,Republican,Barbara Boswell (Trump),798
Sequatchie,Delegate,At-Large,Republican,Betsy Funk (Haley),138
Sequatchie,Delegate,At-Large,Republican,Bill Campbell (DeSantis),61
Sequatchie,Delegate,At-Large,Republican,Bill Young (Haley),37
Sequatchie,Delegate,At-Large,Republican,Billy J. Stokes (DeSantis),29
Sequatchie,Delegate,At-Large,Republican,Brad Grantham (DeSantis),51
Sequatchie,Delegate,At-Large,Republican,Calvin Rogers Clayton (Trump),831
Sequatchie,Delegate,At-Large,Republican,Chad Blackburn (Trump),911
Sequatchie,Delegate,At-Large,Republican,Chad Story (DeSantis),22
Sequatchie,Delegate,At-Large,Republican,Charles E. Allen Jr. (DeSantis),68
Sequatchie,Delegate,At-Large,Republican,Charlie Cato (DeSantis),51
Sequatchie,Delegate,At-Large,Republican,Charlotte Myers (Trump),174
Sequatchie,Delegate,At-Large,Republican,Cheryl S. Harvey (Haley),142
Sequatchie,Delegate,At-Large,Republican,Chris Walker (DeSantis),39
Sequatchie,Delegate,At-Large,Republican,Debra Maggart Breske (Haley),156
Sequatchie,Delegate,At-Large,Republican,Dennis H. Beavers (Trump),835
Sequatchie,Delegate,At-Large,Republican,Derrick Calcote (DeSantis),47
Sequatchie,Delegate,At-Large,Republican,Dia Hart (Uncommitted),3
Sequatchie,Delegate,At-Large,Republican,Don Alan Miller (Haley),125
Sequatchie,Delegate,At-Large,Republican,Emily Pearse (Haley),52
Sequatchie,Delegate,At-Large,Republican,Eric Joe Mayo (Haley),132
Sequatchie,Delegate,At-Large,Republican,Forrest B. Hutchinson (DeSantis),59
Sequatchie,Delegate,At-Large,Republican,Gloria A. Giorno (Trump),777
Sequatchie,Delegate,At-Large,Republican,Harrison Vinett (Trump),122
Sequatchie,Delegate,At-Large,Republican,Jaclyn Colbeth (Trump),791
Sequatchie,Delegate,At-Large,Republican,"James C. Phillips, Jr. (Haley)",30
Sequatchie,Delegate,At-Large,Republican,Jane G. Ferrell (Haley),165
Sequatchie,Delegate,At-Large,Republican,Jason Emert (DeSantis),57
Sequatchie,Delegate,At-Large,Republican,John R Roberts (DeSantis),49
Sequatchie,Delegate,At-Large,Republican,John Rose (Trump),210
Sequatchie,Delegate,At-Large,Republican,Jonathan Merkh (Haley),132
Sequatchie,Delegate,At-Large,Republican,Julia Atchley-Pace (Trump),759
Sequatchie,Delegate,At-Large,Republican,Kelly Barger (Trump),832
Sequatchie,Delegate,At-Large,Republican,Kevin Desmond (Haley),166
Sequatchie,Delegate,At-Large,Republican,Layne Provine (DeSantis),31
Sequatchie,Delegate,At-Large,Republican,Lisa Ann Flowers (Uncommitted),19
Sequatchie,Delegate,At-Large,Republican,Lucas Heaton (Trump),368
Sequatchie,Delegate,At-Large,Republican,Marilyn Betz (Trump),746
Sequatchie,Delegate,At-Large,Republican,Marilyn Hutchinson (DeSantis),47
Sequatchie,Delegate,At-Large,Republican,Mary Kate Brown (DeSantis),45
Sequatchie,Delegate,At-Large,Republican,Mason Foley (Haley),136
Sequatchie,Delegate,At-Large,Republican,Max Bonner (Trump),840
Sequatchie,Delegate,At-Large,Republican,Michael Fulbright (Haley),139
Sequatchie,Delegate,At-Large,Republican,Monica Mountain (DeSantis),49
Sequatchie,Delegate,At-Large,Republican,Mya Conrad (Trump),770
Sequatchie,Delegate,At-Large,Republican,Neil Rader (Haley),29
Sequatchie,Delegate,At-Large,Republican,Patricia Woodard (Trump),138
Sequatchie,Delegate,At-Large,Republican,Paul Van Hoesen (Haley),27
Sequatchie,Delegate,At-Large,Republican,Preston George (Haley),126
Sequatchie,Delegate,At-Large,Republican,Rick Williams (Trump),185
Sequatchie,Delegate,At-Large,Republican,Robbyn Maylott (Trump),116
Sequatchie,Delegate,At-Large,Republican,Samuel Funk (Haley),131
Sequatchie,Delegate,At-Large,Republican,Sandi Figg (Haley),167
Sequatchie,Delegate,At-Large,Republican,Scott Smith (DeSantis),38
Sequatchie,Delegate,At-Large,Republican,Sharon B. Anderson (Trump),706
Sequatchie,Delegate,At-Large,Republican,Sherri P. Lee (DeSantis),49
Sequatchie,Delegate,At-Large,Republican,Sondra Morris (DeSantis),42
Sequatchie,Delegate,At-Large,Republican,Stephanie Nash (Trump),159
Sequatchie,Delegate,At-Large,Republican,Steven Tyler Giorno (Trump),802
Sequatchie,Delegate,At-Large,Republican,Teresa Dix (DeSantis),47
Sequatchie,Delegate,At-Large,Republican,Terri Nicholson (Trump),134
Sequatchie,Delegate,At-Large,Republican,Tina Benkiser (DeSantis),43
Sequatchie,Delegate,At-Large,Republican,Todd R. Cruse (Haley),169
Sequatchie,Delegate,At-Large,Republican,Zachary Lambert (Trump),246
Sequatchie,Presidential Preference,NA,Democratic,Joseph R. Biden,93
Sequatchie,Presidential Preference,NA,Democratic,Uncommitted,8
Sequatchie,Presidential Preference,NA,Republican,Asa Hutchinson,1
Sequatchie,Presidential Preference,NA,Republican,Chris Christie,5
Sequatchie,Presidential Preference,NA,Republican,David Stuckenberg,1
Sequatchie,Presidential Preference,NA,Republican,Donald J. Trump,1552
Sequatchie,Presidential Preference,NA,Republican,Nikki Haley,208
Sequatchie,Presidential Preference,NA,Republican,Ron DeSantis,13
Sequatchie,Presidential Preference,NA,Republican,Ryan Binkley,4
Sequatchie,Presidential Preference,NA,Republican,Uncommitted,7
Sequatchie,Presidential Preference,NA,Republican,Vivek Ramaswamy,0
Sevier,Delegate,1,Republican,Debra Gardner (Haley),843
Sevier,Delegate,1,Republican,Donald F. Thompson (DeSantis),195
Sevier,Delegate,1,Republican,Doris Ladd (DeSantis),161
Sevier,Delegate,1,Republican,Jerome Cochran (Haley),536
Sevier,Delegate,1,Republican,Jim Slaight (DeSantis),139
Sevier,Delegate,1,Republican,John Gardner (Haley),462
Sevier,Delegate,1,Republican,Kenneth Lahn (Haley),316
Sevier,Delegate,1,Republican,Linda D. Buckles (Trump),2658
Sevier,Delegate,1,Republican,Nicholas Castle (Trump),3798
Sevier,Delegate,1,Republican,Randy L. Dandurand (Trump),2458
Sevier,Delegate,1,Republican,Richard Venable (DeSantis),147
Sevier,Delegate,1,Republican,Robert Mathis (Trump),3306
Sevier,Delegate,1,Republican,Sharon Boreing (Trump),2704
Sevier,Delegate,1,Republican,Steven J. Cantrell (Haley),694
Sevier,Delegate,At-Large,Republican,Abigail Arpin (Trump),3683
Sevier,Delegate,At-Large,Republican,Archie Pierce (Haley),350
Sevier,Delegate,At-Large,Republican,Barbara Boswell (Trump),4145
Sevier,Delegate,At-Large,Republican,Betsy Funk (Haley),975
Sevier,Delegate,At-Large,Republican,Bill Campbell (DeSantis),418
Sevier,Delegate,At-Large,Republican,Bill Young (Haley),404
Sevier,Delegate,At-Large,Republican,Billy J. Stokes (DeSantis),172
Sevier,Delegate,At-Large,Republican,Brad Grantham (DeSantis),304
Sevier,Delegate,At-Large,Republican,Calvin Rogers Clayton (Trump),4260
Sevier,Delegate,At-Large,Republican,Chad Blackburn (Trump),5218
Sevier,Delegate,At-Large,Republican,Chad Story (DeSantis),146
Sevier,Delegate,At-Large,Republican,Charles E. Allen Jr. (DeSantis),484
Sevier,Delegate,At-Large,Republican,Charlie Cato (DeSantis),278
Sevier,Delegate,At-Large,Republican,Charlotte Myers (Trump),2114
Sevier,Delegate,At-Large,Republican,Cheryl S. Harvey (Haley),968
Sevier,Delegate,At-Large,Republican,Chris Walker (DeSantis),197
Sevier,Delegate,At-Large,Republican,Debra Maggart Breske (Haley),935
Sevier,Delegate,At-Large,Republican,Dennis H. Beavers (Trump),4432
Sevier,Delegate,At-Large,Republican,Derrick Calcote (DeSantis),260
Sevier,Delegate,At-Large,Republican,Dia Hart (Uncommitted),97
Sevier,Delegate,At-Large,Republican,Don Alan Miller (Haley),781
Sevier,Delegate,At-Large,Republican,Emily Pearse (Haley),547
Sevier,Delegate,At-Large,Republican,Eric Joe Mayo (Haley),860
Sevier,Delegate,At-Large,Republican,Forrest B. Hutchinson (DeSantis),300
Sevier,Delegate,At-Large,Republican,Gloria A. Giorno (Trump),3915
Sevier,Delegate,At-Large,Republican,Harrison Vinett (Trump),1321
Sevier,Delegate,At-Large,Republican,Jaclyn Colbeth (Trump),3906
Sevier,Delegate,At-Large,Republican,"James C. Phillips, Jr. (Haley)",342
Sevier,Delegate,At-Large,Republican,Jane G. Ferrell (Haley),928
Sevier,Delegate,At-Large,Republican,Jason Emert (DeSantis),323
Sevier,Delegate,At-Large,Republican,John R Roberts (DeSantis),234
Sevier,Delegate,At-Large,Republican,John Rose (Trump),1958
Sevier,Delegate,At-Large,Republican,Jonathan Merkh (Haley),808
Sevier,Delegate,At-Large,Republican,Julia Atchley-Pace (Trump),4280
Sevier,Delegate,At-Large,Republican,Kelly Barger (Trump),4303
Sevier,Delegate,At-Large,Republican,Kevin Desmond (Haley),844
Sevier,Delegate,At-Large,Republican,Layne Provine (DeSantis),173
Sevier,Delegate,At-Large,Republican,Lisa Ann Flowers (Uncommitted),231
Sevier,Delegate,At-Large,Republican,Lucas Heaton (Trump),2453
Sevier,Delegate,At-Large,Republican,Marilyn Betz (Trump),3851
Sevier,Delegate,At-Large,Republican,Marilyn Hutchinson (DeSantis),301
Sevier,Delegate,At-Large,Republican,Mary Kate Brown (DeSantis),398
Sevier,Delegate,At-Large,Republican,Mason Foley (Haley),861
Sevier,Delegate,At-Large,Republican,Max Bonner (Trump),4213
Sevier,Delegate,At-Large,Republican,Michael Fulbright (Haley),896
Sevier,Delegate,At-Large,Republican,Monica Mountain (DeSantis),274
Sevier,Delegate,At-Large,Republican,Mya Conrad (Trump),3764
Sevier,Delegate,At-Large,Republican,Neil Rader (Haley),396
Sevier,Delegate,At-Large,Republican,Patricia Woodard (Trump),1546
Sevier,Delegate,At-Large,Republican,Paul Van Hoesen (Haley),301
Sevier,Delegate,At-Large,Republican,Preston George (Haley),874
Sevier,Delegate,At-Large,Republican,Rick Williams (Trump),1912
Sevier,Delegate,At-Large,Republican,Robbyn Maylott (Trump),1662
Sevier,Delegate,At-Large,Republican,Samuel Funk (Haley),849
Sevier,Delegate,At-Large,Republican,Sandi Figg (Haley),940
Sevier,Delegate,At-Large,Republican,Scott Smith (DeSantis),218
Sevier,Delegate,At-Large,Republican,Sharon B. Anderson (Trump),4179
Sevier,Delegate,At-Large,Republican,Sherri P. Lee (DeSantis),294
Sevier,Delegate,At-Large,Republican,Sondra Morris (DeSantis),274
Sevier,Delegate,At-Large,Republican,Stephanie Nash (Trump),2193
Sevier,Delegate,At-Large,Republican,Steven Tyler Giorno (Trump),4194
Sevier,Delegate,At-Large,Republican,Teresa Dix (DeSantis),304
Sevier,Delegate,At-Large,Republican,Terri Nicholson (Trump),2139
Sevier,Delegate,At-Large,Republican,Tina Benkiser (DeSantis),299
Sevier,Delegate,At-Large,Republican,Todd R. Cruse (Haley),880
Sevier,Delegate,At-Large,Republican,Zachary Lambert (Trump),2757
Sevier,Presidential Preference,NA,Democratic,Joseph R. Biden,525
Sevier,Presidential Preference,NA,Democratic,Uncommitted,45
Sevier,Presidential Preference,NA,Republican,Asa Hutchinson,1
Sevier,Presidential Preference,NA,Republican,Chris Christie,27
Sevier,Presidential Preference,NA,Republican,David Stuckenberg,10
Sevier,Presidential Preference,NA,Republican,Donald J. Trump,8022
Sevier,Presidential Preference,NA,Republican,Nikki Haley,1367
Sevier,Presidential Preference,NA,Republican,Ron DeSantis,131
Sevier,Presidential Preference,NA,Republican,Ryan Binkley,9
Sevier,Presidential Preference,NA,Republican,Uncommitted,69
Sevier,Presidential Preference,NA,Republican,Vivek Ramaswamy,15
Shelby,Delegate,8,Republican,Jimmy Harris (DeSantis),179
Shelby,Delegate,8,Republican,Johnny Bellis (DeSantis),235
Shelby,Delegate,8,Republican,Joseph Coury (Trump),4041
Shelby,Delegate,8,Republican,Joseph Glenn Butler (Trump),4873
Shelby,Delegate,8,Republican,Kathryn Bryson (DeSantis),245
Shelby,Delegate,8,Republican,Kevin J. Powers (Trump),3944
Shelby,Delegate,8,Republican,Kimberly Ann Perry (Haley),3103
Shelby,Delegate,8,Republican,Kimberly Lax (Trump),2820
Shelby,Delegate,8,Republican,Lauren W. Douglass (Haley),2716
Shelby,Delegate,8,Republican,Luke Cymbal (DeSantis),277
Shelby,Delegate,8,Republican,Missy Marshall (DeSantis),244
Shelby,Delegate,8,Republican,Nicholas Perry (Haley),1491
Shelby,Delegate,8,Republican,Pam Proctor (DeSantis),169
Shelby,Delegate,8,Republican,Ron M. Gant (Trump),5704
Shelby,Delegate,8,Republican,Scott Douglass (Haley),2687
Shelby,Delegate,8,Republican,Tess Robbins (Trump),2642
Shelby,Delegate,9,Republican,Brian Kennedy (Haley),1020
Shelby,Delegate,9,Republican,Charles M. Garner (Haley),1058
Shelby,Delegate,9,Republican,Edward Douglas (Trump),2991
Shelby,Delegate,9,Republican,George Franklin Higgs (Haley),1018
Shelby,Delegate,9,Republican,Margaret Vanessa Higgs (Haley),1536
Shelby,Delegate,9,Republican,Melanie L. Mosley (Trump),2673
Shelby,Delegate,9,Republican,Patricia A. Possel (DeSantis),330
Shelby,Delegate,9,Republican,Robert Possel (Trump),1647
Shelby,Delegate,9,Republican,Rodney Harrison (Trump),2895
Shelby,Delegate,9,Republican,Shawn Graham (DeSantis),297
Shelby,Delegate,9,Republican,Talana Kennedy (Haley),878
Shelby,Delegate,9,Republican,Terry Roland (Trump),4001
Shelby,Delegate,9,Republican,Timothy J. Martin (Haley),761
Shelby,Delegate,9,Republican,Todd Payne (DeSantis),337
Shelby,Delegate,9,Republican,Wayne Holcomb (Trump),3339
Shelby,Delegate,At-Large,Republican,Abigail Arpin (Trump),11125
Shelby,Delegate,At-Large,Republican,Archie Pierce (Haley),2012
Shelby,Delegate,At-Large,Republican,Barbara Boswell (Trump),11551
Shelby,Delegate,At-Large,Republican,Betsy Funk (Haley),5963
Shelby,Delegate,At-Large,Republican,Bill Campbell (DeSantis),932
Shelby,Delegate,At-Large,Republican,Bill Young (Haley),2305
Shelby,Delegate,At-Large,Republican,Billy J. Stokes (DeSantis),399
Shelby,Delegate,At-Large,Republican,Brad Grantham (DeSantis),747
Shelby,Delegate,At-Large,Republican,Calvin Rogers Clayton (Trump),11187
Shelby,Delegate,At-Large,Republican,Chad Blackburn (Trump),13667
Shelby,Delegate,At-Large,Republican,Chad Story (DeSantis),356
Shelby,Delegate,At-Large,Republican,Charles E. Allen Jr. (DeSantis),998
Shelby,Delegate,At-Large,Republican,Charlie Cato (DeSantis),670
Shelby,Delegate,At-Large,Republican,Charlotte Myers (Trump),5429
Shelby,Delegate,At-Large,Republican,Cheryl S. Harvey (Haley),6131
Shelby,Delegate,At-Large,Republican,Chris Walker (DeSantis),503
Shelby,Delegate,At-Large,Republican,Debra Maggart Breske (Haley),5288
Shelby,Delegate,At-Large,Republican,Dennis H. Beavers (Trump),12307
Shelby,Delegate,At-Large,Republican,Derrick Calcote (DeSantis),646
Shelby,Delegate,At-Large,Republican,Dia Hart (Uncommitted),311
Shelby,Delegate,At-Large,Republican,Don Alan Miller (Haley),5181
Shelby,Delegate,At-Large,Republican,Emily Pearse (Haley),3282
Shelby,Delegate,At-Large,Republican,Eric Joe Mayo (Haley),5651
Shelby,Delegate,At-Large,Republican,Forrest B. Hutchinson (DeSantis),745
Shelby,Delegate,At-Large,Republican,Gloria A. Giorno (Trump),10466
Shelby,Delegate,At-Large,Republican,Harrison Vinett (Trump),3747
Shelby,Delegate,At-Large,Republican,Jaclyn Colbeth (Trump),10073
Shelby,Delegate,At-Large,Republican,"James C. Phillips, Jr. (Haley)",2201
Shelby,Delegate,At-Large,Republican,Jane G. Ferrell (Haley),5775
Shelby,Delegate,At-Large,Republican,Jason Emert (DeSantis),657
Shelby,Delegate,At-Large,Republican,John R Roberts (DeSantis),514
Shelby,Delegate,At-Large,Republican,John Rose (Trump),6385
Shelby,Delegate,At-Large,Republican,Jonathan Merkh (Haley),5502
Shelby,Delegate,At-Large,Republican,Julia Atchley-Pace (Trump),10838
Shelby,Delegate,At-Large,Republican,Kelly Barger (Trump),12103
Shelby,Delegate,At-Large,Republican,Kevin Desmond (Haley),5470
Shelby,Delegate,At-Large,Republican,Layne Provine (DeSantis),334
Shelby,Delegate,At-Large,Republican,Lisa Ann Flowers (Uncommitted),895
Shelby,Delegate,At-Large,Republican,Lucas Heaton (Trump),5904
Shelby,Delegate,At-Large,Republican,Marilyn Betz (Trump),10939
Shelby,Delegate,At-Large,Republican,Marilyn Hutchinson (DeSantis),744
Shelby,Delegate,At-Large,Republican,Mary Kate Brown (DeSantis),815
Shelby,Delegate,At-Large,Republican,Mason Foley (Haley),5522
Shelby,Delegate,At-Large,Republican,Max Bonner (Trump),12521
Shelby,Delegate,At-Large,Republican,Michael Fulbright (Haley),5973
Shelby,Delegate,At-Large,Republican,Monica Mountain (DeSantis),548
Shelby,Delegate,At-Large,Republican,Mya Conrad (Trump),9751
Shelby,Delegate,At-Large,Republican,Neil Rader (Haley),1900
Shelby,Delegate,At-Large,Republican,Patricia Woodard (Trump),4972
Shelby,Delegate,At-Large,Republican,Paul Van Hoesen (Haley),1984
Shelby,Delegate,At-Large,Republican,Preston George (Haley),5846
Shelby,Delegate,At-Large,Republican,Rick Williams (Trump),5831
Shelby,Delegate,At-Large,Republican,Robbyn Maylott (Trump),3514
Shelby,Delegate,At-Large,Republican,Samuel Funk (Haley),5505
Shelby,Delegate,At-Large,Republican,Sandi Figg (Haley),5725
Shelby,Delegate,At-Large,Republican,Scott Smith (DeSantis),396
Shelby,Delegate,At-Large,Republican,Sharon B. Anderson (Trump),13396
Shelby,Delegate,At-Large,Republican,Sherri P. Lee (DeSantis),634
Shelby,Delegate,At-Large,Republican,Sondra Morris (DeSantis),644
Shelby,Delegate,At-Large,Republican,Stephanie Nash (Trump),5454
Shelby,Delegate,At-Large,Republican,Steven Tyler Giorno (Trump),10659
Shelby,Delegate,At-Large,Republican,Teresa Dix (DeSantis),686
Shelby,Delegate,At-Large,Republican,Terri Nicholson (Trump),5005
Shelby,Delegate,At-Large,Republican,Tina Benkiser (DeSantis),649
Shelby,Delegate,At-Large,Republican,Todd R. Cruse (Haley),5466
Shelby,Delegate,At-Large,Republican,Zachary Lambert (Trump),6242
Shelby,Presidential Preference,NA,Democratic,Joseph R. Biden,27289
Shelby,Presidential Preference,NA,Democratic,Uncommitted,1491
Shelby,Presidential Preference,NA,Republican,Asa Hutchinson,68
Shelby,Presidential Preference,NA,Republican,Chris Christie,86
Shelby,Presidential Preference,NA,Republican,David Stuckenberg,21
Shelby,Presidential Preference,NA,Republican,Donald J. Trump,21224
Shelby,Presidential Preference,NA,Republican,Nikki Haley,8057
Shelby,Presidential Preference,NA,Republican,Ron DeSantis,380
Shelby,Presidential Preference,NA,Republican,Ryan Binkley,25
Shelby,Presidential Preference,NA,Republican,Uncommitted,144
Shelby,Presidential Preference,NA,Republican,Vivek Ramaswamy,82
Smith,Delegate,6,Republican,Brock Hill (DeSantis),31
Smith,Delegate,6,Republican,Chelsea Rose (Trump),885
Smith,Delegate,6,Republican,Craig Clark (Trump),760
Smith,Delegate,6,Republican,Garrett T Floyd (Trump),700
Smith,Delegate,6,Republican,Jeff Coker (Haley),124
Smith,Delegate,6,Republican,Kelly Keisling (Trump),562
Smith,Delegate,6,Republican,Kristy Freewalt (Haley),130
Smith,Delegate,6,Republican,Laura Baigert (Trump),538
Smith,Delegate,6,Republican,Luke Tinsley (DeSantis),24
Smith,Delegate,6,Republican,Mary Andersen (DeSantis),35
Smith,Delegate,6,Republican,Mike Callahan (Trump),835
Smith,Delegate,6,Republican,Nicholas Ivey (Haley),75
Smith,Delegate,6,Republican,Paige Brown (DeSantis),22
Smith,Delegate,6,Republican,Randy Stamps (Haley),60
Smith,Delegate,6,Republican,Richard Murphy (DeSantis),25
Smith,Delegate,6,Republican,Stanley Bertch (Haley),79
Smith,Delegate,At-Large,Republican,Abigail Arpin (Trump),939
Smith,Delegate,At-Large,Republican,Archie Pierce (Haley),30
Smith,Delegate,At-Large,Republican,Barbara Boswell (Trump),1075
Smith,Delegate,At-Large,Republican,Betsy Funk (Haley),140
Smith,Delegate,At-Large,Republican,Bill Campbell (DeSantis),117
Smith,Delegate,At-Large,Republican,Bill Young (Haley),32
Smith,Delegate,At-Large,Republican,Billy J. Stokes (DeSantis),63
Smith,Delegate,At-Large,Republican,Brad Grantham (DeSantis),87
Smith,Delegate,At-Large,Republican,Calvin Rogers Clayton (Trump),1124
Smith,Delegate,At-Large,Republican,Chad Blackburn (Trump),1286
Smith,Delegate,At-Large,Republican,Chad Story (DeSantis),53
Smith,Delegate,At-Large,Republican,Charles E. Allen Jr. (DeSantis),121
Smith,Delegate,At-Large,Republican,Charlie Cato (DeSantis),73
Smith,Delegate,At-Large,Republican,Charlotte Myers (Trump),293
Smith,Delegate,At-Large,Republican,Cheryl S. Harvey (Haley),145
Smith,Delegate,At-Large,Republican,Chris Walker (DeSantis),76
Smith,Delegate,At-Large,Republican,Debra Maggart Breske (Haley),178
Smith,Delegate,At-Large,Republican,Dennis H. Beavers (Trump),1189
Smith,Delegate,At-Large,Republican,Derrick Calcote (DeSantis),73
Smith,Delegate,At-Large,Republican,Dia Hart (Uncommitted),7
Smith,Delegate,At-Large,Republican,Don Alan Miller (Haley),129
Smith,Delegate,At-Large,Republican,Emily Pearse (Haley),44
Smith,Delegate,At-Large,Republican,Eric Joe Mayo (Haley),134
Smith,Delegate,At-Large,Republican,Forrest B. Hutchinson (DeSantis),89
Smith,Delegate,At-Large,Republican,Gloria A. Giorno (Trump),991
Smith,Delegate,At-Large,Republican,Harrison Vinett (Trump),215
Smith,Delegate,At-Large,Republican,Jaclyn Colbeth (Trump),1040
Smith,Delegate,At-Large,Republican,"James C. Phillips, Jr. (Haley)",32
Smith,Delegate,At-Large,Republican,Jane G. Ferrell (Haley),186
Smith,Delegate,At-Large,Republican,Jason Emert (DeSantis),87
Smith,Delegate,At-Large,Republican,John R Roberts (DeSantis),75
Smith,Delegate,At-Large,Republican,John Rose (Trump),829
Smith,Delegate,At-Large,Republican,Jonathan Merkh (Haley),133
Smith,Delegate,At-Large,Republican,Julia Atchley-Pace (Trump),989
Smith,Delegate,At-Large,Republican,Kelly Barger (Trump),1057
Smith,Delegate,At-Large,Republican,Kevin Desmond (Haley),176
Smith,Delegate,At-Large,Republican,Layne Provine (DeSantis),43
Smith,Delegate,At-Large,Republican,Lisa Ann Flowers (Uncommitted),41
Smith,Delegate,At-Large,Republican,Lucas Heaton (Trump),575
Smith,Delegate,At-Large,Republican,Marilyn Betz (Trump),949
Smith,Delegate,At-Large,Republican,Marilyn Hutchinson (DeSantis),90
Smith,Delegate,At-Large,Republican,Mary Kate Brown (DeSantis),101
Smith,Delegate,At-Large,Republican,Mason Foley (Haley),138
Smith,Delegate,At-Large,Republican,Max Bonner (Trump),1098
Smith,Delegate,At-Large,Republican,Michael Fulbright (Haley),138
Smith,Delegate,At-Large,Republican,Monica Mountain (DeSantis),73
Smith,Delegate,At-Large,Republican,Mya Conrad (Trump),1012
Smith,Delegate,At-Large,Republican,Neil Rader (Haley),28
Smith,Delegate,At-Large,Republican,Patricia Woodard (Trump),349
Smith,Delegate,At-Large,Republican,Paul Van Hoesen (Haley),25
Smith,Delegate,At-Large,Republican,Preston George (Haley),138
Smith,Delegate,At-Large,Republican,Rick Williams (Trump),389
Smith,Delegate,At-Large,Republican,Robbyn Maylott (Trump),208
Smith,Delegate,At-Large,Republican,Samuel Funk (Haley),135
Smith,Delegate,At-Large,Republican,Sandi Figg (Haley),177
Smith,Delegate,At-Large,Republican,Scott Smith (DeSantis),86
Smith,Delegate,At-Large,Republican,Sharon B. Anderson (Trump),989
Smith,Delegate,At-Large,Republican,Sherri P. Lee (DeSantis),93
Smith,Delegate,At-Large,Republican,Sondra Morris (DeSantis),86
Smith,Delegate,At-Large,Republican,Stephanie Nash (Trump),339
Smith,Delegate,At-Large,Republican,Steven Tyler Giorno (Trump),1009
Smith,Delegate,At-Large,Republican,Teresa Dix (DeSantis),83
Smith,Delegate,At-Large,Republican,Terri Nicholson (Trump),355
Smith,Delegate,At-Large,Republican,Tina Benkiser (DeSantis),74
Smith,Delegate,At-Large,Republican,Todd R. Cruse (Haley),180
Smith,Delegate,At-Large,Republican,Zachary Lambert (Trump),411
Smith,Presidential Preference,NA,Democratic,Joseph R. Biden,148
Smith,Presidential Preference,NA,Democratic,Uncommitted,16
Smith,Presidential Preference,NA,Republican,Asa Hutchinson,0
Smith,Presidential Preference,NA,Republican,Chris Christie,5
Smith,Presidential Preference,NA,Republican,David Stuckenberg,0
Smith,Presidential Preference,NA,Republican,Donald J. Trump,2178
Smith,Presidential Preference,NA,Republican,Nikki Haley,238
Smith,Presidential Preference,NA,Republican,Ron DeSantis,35
Smith,Presidential Preference,NA,Republican,Ryan Binkley,4
Smith,Presidential Preference,NA,Republican,Uncommitted,11
Smith,Presidential Preference,NA,Republican,Vivek Ramaswamy,9
Stewart,Delegate,7,Republican,"Cassandra ""Casey"" Mahoney (DeSantis)",14
Stewart,Delegate,7,Republican,Cheryl Brown (Trump),331
Stewart,Delegate,7,Republican,Jeffrey L. Eby (DeSantis),20
Stewart,Delegate,7,Republican,Mark Moore (Trump),455
Stewart,Delegate,7,Republican,Mary Ann Degan (Haley),96
Stewart,Delegate,7,Republican,Mary Ann Parks (Trump),299
Stewart,Delegate,7,Republican,Mary Littleton (Trump),349
Stewart,Delegate,7,Republican,Michelle Foreman (Trump),353
Stewart,Delegate,7,Republican,Natalie Pearce (Trump),294
Stewart,Delegate,7,Republican,Nina M. Kumar (Haley),99
Stewart,Delegate,7,Republican,Patti Carroll (DeSantis),24
Stewart,Delegate,7,Republican,Richard Lee (DeSantis),29
Stewart,Delegate,7,Republican,Sabi 'Doc' Kumar (Haley),55
Stewart,Delegate,7,Republican,Susan Price (Haley),83
Stewart,Delegate,At-Large,Republican,Abigail Arpin (Trump),434
Stewart,Delegate,At-Large,Republican,Archie Pierce (Haley),31
Stewart,Delegate,At-Large,Republican,Barbara Boswell (Trump),511
Stewart,Delegate,At-Large,Republican,Betsy Funk (Haley),101
Stewart,Delegate,At-Large,Republican,Bill Campbell (DeSantis),76
Stewart,Delegate,At-Large,Republican,Bill Young (Haley),44
Stewart,Delegate,At-Large,Republican,Billy J. Stokes (DeSantis),30
Stewart,Delegate,At-Large,Republican,Brad Grantham (DeSantis),42
Stewart,Delegate,At-Large,Republican,Calvin Rogers Clayton (Trump),552
Stewart,Delegate,At-Large,Republican,Chad Blackburn (Trump),652
Stewart,Delegate,At-Large,Republican,Chad Story (DeSantis),20
Stewart,Delegate,At-Large,Republican,Charles E. Allen Jr. (DeSantis),75
Stewart,Delegate,At-Large,Republican,Charlie Cato (DeSantis),42
Stewart,Delegate,At-Large,Republican,Charlotte Myers (Trump),259
Stewart,Delegate,At-Large,Republican,Cheryl S. Harvey (Haley),101
Stewart,Delegate,At-Large,Republican,Chris Walker (DeSantis),22
Stewart,Delegate,At-Large,Republican,Debra Maggart Breske (Haley),100
Stewart,Delegate,At-Large,Republican,Dennis H. Beavers (Trump),552
Stewart,Delegate,At-Large,Republican,Derrick Calcote (DeSantis),42
Stewart,Delegate,At-Large,Republican,Dia Hart (Uncommitted),9
Stewart,Delegate,At-Large,Republican,Don Alan Miller (Haley),80
Stewart,Delegate,At-Large,Republican,Emily Pearse (Haley),57
Stewart,Delegate,At-Large,Republican,Eric Joe Mayo (Haley),86
Stewart,Delegate,At-Large,Republican,Forrest B. Hutchinson (DeSantis),43
Stewart,Delegate,At-Large,Republican,Gloria A. Giorno (Trump),475
Stewart,Delegate,At-Large,Republican,Harrison Vinett (Trump),161
Stewart,Delegate,At-Large,Republican,Jaclyn Colbeth (Trump),479
Stewart,Delegate,At-Large,Republican,"James C. Phillips, Jr. (Haley)",39
Stewart,Delegate,At-Large,Republican,Jane G. Ferrell (Haley),102
Stewart,Delegate,At-Large,Republican,Jason Emert (DeSantis),49
Stewart,Delegate,At-Large,Republican,John R Roberts (DeSantis),41
Stewart,Delegate,At-Large,Republican,John Rose (Trump),243
Stewart,Delegate,At-Large,Republican,Jonathan Merkh (Haley),79
Stewart,Delegate,At-Large,Republican,Julia Atchley-Pace (Trump),459
Stewart,Delegate,At-Large,Republican,Kelly Barger (Trump),503
Stewart,Delegate,At-Large,Republican,Kevin Desmond (Haley),85
Stewart,Delegate,At-Large,Republican,Layne Provine (DeSantis),25
Stewart,Delegate,At-Large,Republican,Lisa Ann Flowers (Uncommitted),20
Stewart,Delegate,At-Large,Republican,Lucas Heaton (Trump),361
Stewart,Delegate,At-Large,Republican,Marilyn Betz (Trump),463
Stewart,Delegate,At-Large,Republican,Marilyn Hutchinson (DeSantis),44
Stewart,Delegate,At-Large,Republican,Mary Kate Brown (DeSantis),63
Stewart,Delegate,At-Large,Republican,Mason Foley (Haley),87
Stewart,Delegate,At-Large,Republican,Max Bonner (Trump),554
Stewart,Delegate,At-Large,Republican,Michael Fulbright (Haley),87
Stewart,Delegate,At-Large,Republican,Monica Mountain (DeSantis),43
Stewart,Delegate,At-Large,Republican,Mya Conrad (Trump),445
Stewart,Delegate,At-Large,Republican,Neil Rader (Haley),33
Stewart,Delegate,At-Large,Republican,Patricia Woodard (Trump),179
Stewart,Delegate,At-Large,Republican,Paul Van Hoesen (Haley),25
Stewart,Delegate,At-Large,Republican,Preston George (Haley),84
Stewart,Delegate,At-Large,Republican,Rick Williams (Trump),235
Stewart,Delegate,At-Large,Republican,Robbyn Maylott (Trump),252
Stewart,Delegate,At-Large,Republican,Samuel Funk (Haley),77
Stewart,Delegate,At-Large,Republican,Sandi Figg (Haley),97
Stewart,Delegate,At-Large,Republican,Scott Smith (DeSantis),41
Stewart,Delegate,At-Large,Republican,Sharon B. Anderson (Trump),507
Stewart,Delegate,At-Large,Republican,Sherri P. Lee (DeSantis),40
Stewart,Delegate,At-Large,Republican,Sondra Morris (DeSantis),43
Stewart,Delegate,At-Large,Republican,Stephanie Nash (Trump),271
Stewart,Delegate,At-Large,Republican,Steven Tyler Giorno (Trump),539
Stewart,Delegate,At-Large,Republican,Teresa Dix (DeSantis),33
Stewart,Delegate,At-Large,Republican,Terri Nicholson (Trump),262
Stewart,Delegate,At-Large,Republican,Tina Benkiser (DeSantis),37
Stewart,Delegate,At-Large,Republican,Todd R. Cruse (Haley),97
Stewart,Delegate,At-Large,Republican,Zachary Lambert (Trump),417
Stewart,Presidential Preference,NA,Democratic,Joseph R. Biden,131
Stewart,Presidential Preference,NA,Democratic,Uncommitted,11
Stewart,Presidential Preference,NA,Republican,Asa Hutchinson,0
Stewart,Presidential Preference,NA,Republican,Chris Christie,0
Stewart,Presidential Preference,NA,Republican,David Stuckenberg,0
Stewart,Presidential Preference,NA,Republican,Donald J. Trump,1174
Stewart,Presidential Preference,NA,Republican,Nikki Haley,171
Stewart,Presidential Preference,NA,Republican,Ron DeSantis,10
Stewart,Presidential Preference,NA,Republican,Ryan Binkley,0
Stewart,Presidential Preference,NA,Republican,Uncommitted,3
Stewart,Presidential Preference,NA,Republican,Vivek Ramaswamy,4
Sullivan,Delegate,1,Republican,Debra Gardner (Haley),2027
Sullivan,Delegate,1,Republican,Donald F. Thompson (DeSantis),244
Sullivan,Delegate,1,Republican,Doris Ladd (DeSantis),294
Sullivan,Delegate,1,Republican,Jerome Cochran (Haley),1233
Sullivan,Delegate,1,Republican,Jim Slaight (DeSantis),205
Sullivan,Delegate,1,Republican,John Gardner (Haley),1266
Sullivan,Delegate,1,Republican,Kenneth Lahn (Haley),807
Sullivan,Delegate,1,Republican,Linda D. Buckles (Trump),5155
Sullivan,Delegate,1,Republican,Nicholas Castle (Trump),6584
Sullivan,Delegate,1,Republican,Randy L. Dandurand (Trump),3845
Sullivan,Delegate,1,Republican,Richard Venable (DeSantis),678
Sullivan,Delegate,1,Republican,Robert Mathis (Trump),6185
Sullivan,Delegate,1,Republican,Sharon Boreing (Trump),4039
Sullivan,Delegate,1,Republican,Steven J. Cantrell (Haley),1495
Sullivan,Delegate,At-Large,Republican,Abigail Arpin (Trump),5209
Sullivan,Delegate,At-Large,Republican,Archie Pierce (Haley),806
Sullivan,Delegate,At-Large,Republican,Barbara Boswell (Trump),5783
Sullivan,Delegate,At-Large,Republican,Betsy Funk (Haley),2247
Sullivan,Delegate,At-Large,Republican,Bill Campbell (DeSantis),507
Sullivan,Delegate,At-Large,Republican,Bill Young (Haley),1003
Sullivan,Delegate,At-Large,Republican,Billy J. Stokes (DeSantis),177
Sullivan,Delegate,At-Large,Republican,Brad Grantham (DeSantis),337
Sullivan,Delegate,At-Large,Republican,Calvin Rogers Clayton (Trump),6314
Sullivan,Delegate,At-Large,Republican,Chad Blackburn (Trump),7478
Sullivan,Delegate,At-Large,Republican,Chad Story (DeSantis),225
Sullivan,Delegate,At-Large,Republican,Charles E. Allen Jr. (DeSantis),582
Sullivan,Delegate,At-Large,Republican,Charlie Cato (DeSantis),320
Sullivan,Delegate,At-Large,Republican,Charlotte Myers (Trump),3686
Sullivan,Delegate,At-Large,Republican,Cheryl S. Harvey (Haley),2314
Sullivan,Delegate,At-Large,Republican,Chris Walker (DeSantis),239
Sullivan,Delegate,At-Large,Republican,Debra Maggart Breske (Haley),2173
Sullivan,Delegate,At-Large,Republican,Dennis H. Beavers (Trump),6484
Sullivan,Delegate,At-Large,Republican,Derrick Calcote (DeSantis),339
Sullivan,Delegate,At-Large,Republican,Dia Hart (Uncommitted),211
Sullivan,Delegate,At-Large,Republican,Don Alan Miller (Haley),1597
Sullivan,Delegate,At-Large,Republican,Emily Pearse (Haley),1226
Sullivan,Delegate,At-Large,Republican,Eric Joe Mayo (Haley),1831
Sullivan,Delegate,At-Large,Republican,Forrest B. Hutchinson (DeSantis),351
Sullivan,Delegate,At-Large,Republican,Gloria A. Giorno (Trump),5197
Sullivan,Delegate,At-Large,Republican,Harrison Vinett (Trump),3189
Sullivan,Delegate,At-Large,Republican,Jaclyn Colbeth (Trump),5349
Sullivan,Delegate,At-Large,Republican,"James C. Phillips, Jr. (Haley)",899
Sullivan,Delegate,At-Large,Republican,Jane G. Ferrell (Haley),2195
Sullivan,Delegate,At-Large,Republican,Jason Emert (DeSantis),356
Sullivan,Delegate,At-Large,Republican,John R Roberts (DeSantis),284
Sullivan,Delegate,At-Large,Republican,John Rose (Trump),4950
Sullivan,Delegate,At-Large,Republican,Jonathan Merkh (Haley),1696
Sullivan,Delegate,At-Large,Republican,Julia Atchley-Pace (Trump),5203
Sullivan,Delegate,At-Large,Republican,Kelly Barger (Trump),6632
Sullivan,Delegate,At-Large,Republican,Kevin Desmond (Haley),1963
Sullivan,Delegate,At-Large,Republican,Layne Provine (DeSantis),140
Sullivan,Delegate,At-Large,Republican,Lisa Ann Flowers (Uncommitted),790
Sullivan,Delegate,At-Large,Republican,Lucas Heaton (Trump),4450
Sullivan,Delegate,At-Large,Republican,Marilyn Betz (Trump),4776
Sullivan,Delegate,At-Large,Republican,Marilyn Hutchinson (DeSantis),328
Sullivan,Delegate,At-Large,Republican,Mary Kate Brown (DeSantis),431
Sullivan,Delegate,At-Large,Republican,Mason Foley (Haley),1957
Sullivan,Delegate,At-Large,Republican,Max Bonner (Trump),6171
Sullivan,Delegate,At-Large,Republican,Michael Fulbright (Haley),2047
Sullivan,Delegate,At-Large,Republican,Monica Mountain (DeSantis),267
Sullivan,Delegate,At-Large,Republican,Mya Conrad (Trump),5117
Sullivan,Delegate,At-Large,Republican,Neil Rader (Haley),778
Sullivan,Delegate,At-Large,Republican,Patricia Woodard (Trump),3898
Sullivan,Delegate,At-Large,Republican,Paul Van Hoesen (Haley),702
Sullivan,Delegate,At-Large,Republican,Preston George (Haley),2061
Sullivan,Delegate,At-Large,Republican,Rick Williams (Trump),4774
Sullivan,Delegate,At-Large,Republican,Robbyn Maylott (Trump),2647
Sullivan,Delegate,At-Large,Republican,Samuel Funk (Haley),1950
Sullivan,Delegate,At-Large,Republican,Sandi Figg (Haley),2132
Sullivan,Delegate,At-Large,Republican,Scott Smith (DeSantis),250
Sullivan,Delegate,At-Large,Republican,Sharon B. Anderson (Trump),6398
Sullivan,Delegate,At-Large,Republican,Sherri P. Lee (DeSantis),306
Sullivan,Delegate,At-Large,Republican,Sondra Morris (DeSantis),276
Sullivan,Delegate,At-Large,Republican,Stephanie Nash (Trump),3942
Sullivan,Delegate,At-Large,Republican,Steven Tyler Giorno (Trump),5991
Sullivan,Delegate,At-Large,Republican,Teresa Dix (DeSantis),340
Sullivan,Delegate,At-Large,Republican,Terri Nicholson (Trump),3394
Sullivan,Delegate,At-Large,Republican,Tina Benkiser (DeSantis),333
Sullivan,Delegate,At-Large,Republican,Todd R. Cruse (Haley),2058
Sullivan,Delegate,At-Large,Republican,Zachary Lambert (Trump),4813
Sullivan,Presidential Preference,NA,Democratic,Joseph R. Biden,921
Sullivan,Presidential Preference,NA,Democratic,Uncommitted,80
Sullivan,Presidential Preference,NA,Republican,Asa Hutchinson,8
Sullivan,Presidential Preference,NA,Republican,Chris Christie,37
Sullivan,Presidential Preference,NA,Republican,David Stuckenberg,10
Sullivan,Presidential Preference,NA,Republican,Donald J. Trump,10933
Sullivan,Presidential Preference,NA,Republican,Nikki Haley,2794
Sullivan,Presidential Preference,NA,Republican,Ron DeSantis,172
Sullivan,Presidential Preference,NA,Republican,Ryan Binkley,9
Sullivan,Presidential Preference,NA,Republican,Uncommitted,102
Sullivan,Presidential Preference,NA,Republican,Vivek Ramaswamy,43
Sumner,Delegate,6,Republican,Brock Hill (DeSantis),377
Sumner,Delegate,6,Republican,Chelsea Rose (Trump),5677
Sumner,Delegate,6,Republican,Craig Clark (Trump),6608
Sumner,Delegate,6,Republican,Garrett T Floyd (Trump),5709
Sumner,Delegate,6,Republican,Jeff Coker (Haley),2943
Sumner,Delegate,6,Republican,Kelly Keisling (Trump),4747
Sumner,Delegate,6,Republican,Kristy Freewalt (Haley),3304
Sumner,Delegate,6,Republican,Laura Baigert (Trump),6095
Sumner,Delegate,6,Republican,Luke Tinsley (DeSantis),451
Sumner,Delegate,6,Republican,Mary Andersen (DeSantis),402
Sumner,Delegate,6,Republican,Mike Callahan (Trump),7853
Sumner,Delegate,6,Republican,Nicholas Ivey (Haley),1700
Sumner,Delegate,6,Republican,Paige Brown (DeSantis),1010
Sumner,Delegate,6,Republican,Randy Stamps (Haley),2129
Sumner,Delegate,6,Republican,Richard Murphy (DeSantis),266
Sumner,Delegate,6,Republican,Stanley Bertch (Haley),1652
Sumner,Delegate,At-Large,Republican,Abigail Arpin (Trump),9174
Sumner,Delegate,At-Large,Republican,Archie Pierce (Haley),702
Sumner,Delegate,At-Large,Republican,Barbara Boswell (Trump),10224
Sumner,Delegate,At-Large,Republican,Betsy Funk (Haley),3812
Sumner,Delegate,At-Large,Republican,Bill Campbell (DeSantis),1204
Sumner,Delegate,At-Large,Republican,Bill Young (Haley),808
Sumner,Delegate,At-Large,Republican,Billy J. Stokes (DeSantis),623
Sumner,Delegate,At-Large,Republican,Brad Grantham (DeSantis),941
Sumner,Delegate,At-Large,Republican,Calvin Rogers Clayton (Trump),10116
Sumner,Delegate,At-Large,Republican,Chad Blackburn (Trump),11345
Sumner,Delegate,At-Large,Republican,Chad Story (DeSantis),590
Sumner,Delegate,At-Large,Republican,Charles E. Allen Jr. (DeSantis),1165
Sumner,Delegate,At-Large,Republican,Charlie Cato (DeSantis),850
Sumner,Delegate,At-Large,Republican,Charlotte Myers (Trump),2329
Sumner,Delegate,At-Large,Republican,Cheryl S. Harvey (Haley),3781
Sumner,Delegate,At-Large,Republican,Chris Walker (DeSantis),719
Sumner,Delegate,At-Large,Republican,Debra Maggart Breske (Haley),4439
Sumner,Delegate,At-Large,Republican,Dennis H. Beavers (Trump),10424
Sumner,Delegate,At-Large,Republican,Derrick Calcote (DeSantis),746
Sumner,Delegate,At-Large,Republican,Dia Hart (Uncommitted),252
Sumner,Delegate,At-Large,Republican,Don Alan Miller (Haley),3108
Sumner,Delegate,At-Large,Republican,Emily Pearse (Haley),1487
Sumner,Delegate,At-Large,Republican,Eric Joe Mayo (Haley),3539
Sumner,Delegate,At-Large,Republican,Forrest B. Hutchinson (DeSantis),976
Sumner,Delegate,At-Large,Republican,Gloria A. Giorno (Trump),9803
Sumner,Delegate,At-Large,Republican,Harrison Vinett (Trump),1777
Sumner,Delegate,At-Large,Republican,Jaclyn Colbeth (Trump),9960
Sumner,Delegate,At-Large,Republican,"James C. Phillips, Jr. (Haley)",764
Sumner,Delegate,At-Large,Republican,Jane G. Ferrell (Haley),4403
Sumner,Delegate,At-Large,Republican,Jason Emert (DeSantis),903
Sumner,Delegate,At-Large,Republican,John R Roberts (DeSantis),824
Sumner,Delegate,At-Large,Republican,John Rose (Trump),4699
Sumner,Delegate,At-Large,Republican,Jonathan Merkh (Haley),3383
Sumner,Delegate,At-Large,Republican,Julia Atchley-Pace (Trump),9659
Sumner,Delegate,At-Large,Republican,Kelly Barger (Trump),9970
Sumner,Delegate,At-Large,Republican,Kevin Desmond (Haley),4147
Sumner,Delegate,At-Large,Republican,Layne Provine (DeSantis),567
Sumner,Delegate,At-Large,Republican,Lisa Ann Flowers (Uncommitted),561
Sumner,Delegate,At-Large,Republican,Lucas Heaton (Trump),4674
Sumner,Delegate,At-Large,Republican,Marilyn Betz (Trump),9373
Sumner,Delegate,At-Large,Republican,Marilyn Hutchinson (DeSantis),1070
Sumner,Delegate,At-Large,Republican,Mary Kate Brown (DeSantis),1144
Sumner,Delegate,At-Large,Republican,Mason Foley (Haley),3621
Sumner,Delegate,At-Large,Republican,Max Bonner (Trump),10064
Sumner,Delegate,At-Large,Republican,Michael Fulbright (Haley),3629
Sumner,Delegate,At-Large,Republican,Monica Mountain (DeSantis),867
Sumner,Delegate,At-Large,Republican,Mya Conrad (Trump),9456
Sumner,Delegate,At-Large,Republican,Neil Rader (Haley),647
Sumner,Delegate,At-Large,Republican,Patricia Woodard (Trump),2516
Sumner,Delegate,At-Large,Republican,Paul Van Hoesen (Haley),590
Sumner,Delegate,At-Large,Republican,Preston George (Haley),3563
Sumner,Delegate,At-Large,Republican,Rick Williams (Trump),2951
Sumner,Delegate,At-Large,Republican,Robbyn Maylott (Trump),1749
Sumner,Delegate,At-Large,Republican,Samuel Funk (Haley),3495
Sumner,Delegate,At-Large,Republican,Sandi Figg (Haley),4228
Sumner,Delegate,At-Large,Republican,Scott Smith (DeSantis),677
Sumner,Delegate,At-Large,Republican,Sharon B. Anderson (Trump),9296
Sumner,Delegate,At-Large,Republican,Sherri P. Lee (DeSantis),908
Sumner,Delegate,At-Large,Republican,Sondra Morris (DeSantis),913
Sumner,Delegate,At-Large,Republican,Stephanie Nash (Trump),2642
Sumner,Delegate,At-Large,Republican,Steven Tyler Giorno (Trump),9800
Sumner,Delegate,At-Large,Republican,Teresa Dix (DeSantis),889
Sumner,Delegate,At-Large,Republican,Terri Nicholson (Trump),2395
Sumner,Delegate,At-Large,Republican,Tina Benkiser (DeSantis),852
Sumner,Delegate,At-Large,Republican,Todd R. Cruse (Haley),4197
Sumner,Delegate,At-Large,Republican,Zachary Lambert (Trump),3712
Sumner,Presidential Preference,NA,Democratic,Joseph R. Biden,2313
Sumner,Presidential Preference,NA,Democratic,Uncommitted,220
Sumner,Presidential Preference,NA,Republican,Asa Hutchinson,33
Sumner,Presidential Preference,NA,Republican,Chris Christie,115
Sumner,Presidential Preference,NA,Republican,David Stuckenberg,9
Sumner,Presidential Preference,NA,Republican,Donald J. Trump,17604
Sumner,Presidential Preference,NA,Republican,Nikki Haley,5328
Sumner,Presidential Preference,NA,Republican,Ron DeSantis,448
Sumner,Presidential Preference,NA,Republican,Ryan Binkley,57
Sumner,Presidential Preference,NA,Republican,Uncommitted,447
Sumner,Presidential Preference,NA,Republican,Vivek Ramaswamy,113
Tipton,Delegate,8,Republican,Jimmy Harris (DeSantis),37
Tipton,Delegate,8,Republican,Johnny Bellis (DeSantis),40
Tipton,Delegate,8,Republican,Joseph Coury (Trump),675
Tipton,Delegate,8,Republican,Joseph Glenn Butler (Trump),1016
Tipton,Delegate,8,Republican,Kathryn Bryson (DeSantis),44
Tipton,Delegate,8,Republican,Kevin J. Powers (Trump),777
Tipton,Delegate,8,Republican,Kimberly Ann Perry (Haley),241
Tipton,Delegate,8,Republican,Kimberly Lax (Trump),563
Tipton,Delegate,8,Republican,Lauren W. Douglass (Haley),215
Tipton,Delegate,8,Republican,Luke Cymbal (DeSantis),39
Tipton,Delegate,8,Republican,Missy Marshall (DeSantis),36
Tipton,Delegate,8,Republican,Nicholas Perry (Haley),124
Tipton,Delegate,8,Republican,Pam Proctor (DeSantis),22
Tipton,Delegate,8,Republican,Ron M. Gant (Trump),1102
Tipton,Delegate,8,Republican,Scott Douglass (Haley),222
Tipton,Delegate,8,Republican,Tess Robbins (Trump),545
Tipton,Delegate,9,Republican,Brian Kennedy (Haley),131
Tipton,Delegate,9,Republican,Charles M. Garner (Haley),111
Tipton,Delegate,9,Republican,Edward Douglas (Trump),749
Tipton,Delegate,9,Republican,George Franklin Higgs (Haley),110
Tipton,Delegate,9,Republican,Margaret Vanessa Higgs (Haley),175
Tipton,Delegate,9,Republican,Melanie L. Mosley (Trump),869
Tipton,Delegate,9,Republican,Patricia A. Possel (DeSantis),42
Tipton,Delegate,9,Republican,Robert Possel (Trump),421
Tipton,Delegate,9,Republican,Rodney Harrison (Trump),940
Tipton,Delegate,9,Republican,Shawn Graham (DeSantis),37
Tipton,Delegate,9,Republican,Talana Kennedy (Haley),101
Tipton,Delegate,9,Republican,Terry Roland (Trump),1242
Tipton,Delegate,9,Republican,Timothy J. Martin (Haley),81
Tipton,Delegate,9,Republican,Todd Payne (DeSantis),47
Tipton,Delegate,9,Republican,Wayne Holcomb (Trump),875
Tipton,Delegate,At-Large,Republican,Abigail Arpin (Trump),2364
Tipton,Delegate,At-Large,Republican,Archie Pierce (Haley),106
Tipton,Delegate,At-Large,Republican,Barbara Boswell (Trump),2760
Tipton,Delegate,At-Large,Republican,Betsy Funk (Haley),474
Tipton,Delegate,At-Large,Republican,Bill Campbell (DeSantis),286
Tipton,Delegate,At-Large,Republican,Bill Young (Haley),128
Tipton,Delegate,At-Large,Republican,Billy J. Stokes (DeSantis),169
Tipton,Delegate,At-Large,Republican,Brad Grantham (DeSantis),234
Tipton,Delegate,At-Large,Republican,Calvin Rogers Clayton (Trump),2671
Tipton,Delegate,At-Large,Republican,Chad Blackburn (Trump),3012
Tipton,Delegate,At-Large,Republican,Chad Story (DeSantis),141
Tipton,Delegate,At-Large,Republican,Charles E. Allen Jr. (DeSantis),303
Tipton,Delegate,At-Large,Republican,Charlie Cato (DeSantis),195
Tipton,Delegate,At-Large,Republican,Charlotte Myers (Trump),620
Tipton,Delegate,At-Large,Republican,Cheryl S. Harvey (Haley),476
Tipton,Delegate,At-Large,Republican,Chris Walker (DeSantis),225
Tipton,Delegate,At-Large,Republican,Debra Maggart Breske (Haley),563
Tipton,Delegate,At-Large,Republican,Dennis H. Beavers (Trump),2754
Tipton,Delegate,At-Large,Republican,Derrick Calcote (DeSantis),180
Tipton,Delegate,At-Large,Republican,Dia Hart (Uncommitted),42
Tipton,Delegate,At-Large,Republican,Don Alan Miller (Haley),396
Tipton,Delegate,At-Large,Republican,Emily Pearse (Haley),202
Tipton,Delegate,At-Large,Republican,Eric Joe Mayo (Haley),444
Tipton,Delegate,At-Large,Republican,Forrest B. Hutchinson (DeSantis),251
Tipton,Delegate,At-Large,Republican,Gloria A. Giorno (Trump),2570
Tipton,Delegate,At-Large,Republican,Harrison Vinett (Trump),402
Tipton,Delegate,At-Large,Republican,Jaclyn Colbeth (Trump),2597
Tipton,Delegate,At-Large,Republican,"James C. Phillips, Jr. (Haley)",107
Tipton,Delegate,At-Large,Republican,Jane G. Ferrell (Haley),613
Tipton,Delegate,At-Large,Republican,Jason Emert (DeSantis),207
Tipton,Delegate,At-Large,Republican,John R Roberts (DeSantis),196
Tipton,Delegate,At-Large,Republican,John Rose (Trump),1053
Tipton,Delegate,At-Large,Republican,Jonathan Merkh (Haley),428
Tipton,Delegate,At-Large,Republican,Julia Atchley-Pace (Trump),2479
Tipton,Delegate,At-Large,Republican,Kelly Barger (Trump),2719
Tipton,Delegate,At-Large,Republican,Kevin Desmond (Haley),583
Tipton,Delegate,At-Large,Republican,Layne Provine (DeSantis),131
Tipton,Delegate,At-Large,Republican,Lisa Ann Flowers (Uncommitted),113
Tipton,Delegate,At-Large,Republican,Lucas Heaton (Trump),1233
Tipton,Delegate,At-Large,Republican,Marilyn Betz (Trump),2496
Tipton,Delegate,At-Large,Republican,Marilyn Hutchinson (DeSantis),279
Tipton,Delegate,At-Large,Republican,Mary Kate Brown (DeSantis),255
Tipton,Delegate,At-Large,Republican,Mason Foley (Haley),448
Tipton,Delegate,At-Large,Republican,Max Bonner (Trump),2742
Tipton,Delegate,At-Large,Republican,Michael Fulbright (Haley),447
Tipton,Delegate,At-Large,Republican,Monica Mountain (DeSantis),196
Tipton,Delegate,At-Large,Republican,Mya Conrad (Trump),2557
Tipton,Delegate,At-Large,Republican,Neil Rader (Haley),100
Tipton,Delegate,At-Large,Republican,Patricia Woodard (Trump),565
Tipton,Delegate,At-Large,Republican,Paul Van Hoesen (Haley),105
Tipton,Delegate,At-Large,Republican,Preston George (Haley),447
Tipton,Delegate,At-Large,Republican,Rick Williams (Trump),708
Tipton,Delegate,At-Large,Republican,Robbyn Maylott (Trump),442
Tipton,Delegate,At-Large,Republican,Samuel Funk (Haley),434
Tipton,Delegate,At-Large,Republican,Sandi Figg (Haley),583
Tipton,Delegate,At-Large,Republican,Scott Smith (DeSantis),171
Tipton,Delegate,At-Large,Republican,Sharon B. Anderson (Trump),2469
Tipton,Delegate,At-Large,Republican,Sherri P. Lee (DeSantis),207
Tipton,Delegate,At-Large,Republican,Sondra Morris (DeSantis),205
Tipton,Delegate,At-Large,Republican,Stephanie Nash (Trump),658
Tipton,Delegate,At-Large,Republican,Steven Tyler Giorno (Trump),2635
Tipton,Delegate,At-Large,Republican,Teresa Dix (DeSantis),197
Tipton,Delegate,At-Large,Republican,Terri Nicholson (Trump),602
Tipton,Delegate,At-Large,Republican,Tina Benkiser (DeSantis),196
Tipton,Delegate,At-Large,Republican,Todd R. Cruse (Haley),620
Tipton,Delegate,At-Large,Republican,Zachary Lambert (Trump),798
Tipton,Presidential Preference,NA,Democratic,Joseph R. Biden,442
Tipton,Presidential Preference,NA,Democratic,Uncommitted,21
Tipton,Presidential Preference,NA,Republican,Asa Hutchinson,13
Tipton,Presidential Preference,NA,Republican,Chris Christie,10
Tipton,Presidential Preference,NA,Republican,David Stuckenberg,2
Tipton,Presidential Preference,NA,Republican,Donald J. Trump,4672
Tipton,Presidential Preference,NA,Republican,Nikki Haley,688
Tipton,Presidential Preference,NA,Republican,Ron DeSantis,72
Tipton,Presidential Preference,NA,Republican,Ryan Binkley,15
Tipton,Presidential Preference,NA,Republican,Uncommitted,48
Tipton,Presidential Preference,NA,Republican,Vivek Ramaswamy,6
Trousdale,Delegate,6,Republican,Brock Hill (DeSantis),7
Trousdale,Delegate,6,Republican,Chelsea Rose (Trump),192
Trousdale,Delegate,6,Republican,Craig Clark (Trump),204
Trousdale,Delegate,6,Republican,Garrett T Floyd (Trump),174
Trousdale,Delegate,6,Republican,Jeff Coker (Haley),37
Trousdale,Delegate,6,Republican,Kelly Keisling (Trump),169
Trousdale,Delegate,6,Republican,Kristy Freewalt (Haley),41
Trousdale,Delegate,6,Republican,Laura Baigert (Trump),157
Trousdale,Delegate,6,Republican,Luke Tinsley (DeSantis),8
Trousdale,Delegate,6,Republican,Mary Andersen (DeSantis),3
Trousdale,Delegate,6,Republican,Mike Callahan (Trump),237
Trousdale,Delegate,6,Republican,Nicholas Ivey (Haley),18
Trousdale,Delegate,6,Republican,Paige Brown (DeSantis),7
Trousdale,Delegate,6,Republican,Randy Stamps (Haley),13
Trousdale,Delegate,6,Republican,Richard Murphy (DeSantis),5
Trousdale,Delegate,6,Republican,Stanley Bertch (Haley),32
Trousdale,Delegate,At-Large,Republican,Abigail Arpin (Trump),279
Trousdale,Delegate,At-Large,Republican,Archie Pierce (Haley),4
Trousdale,Delegate,At-Large,Republican,Barbara Boswell (Trump),311
Trousdale,Delegate,At-Large,Republican,Betsy Funk (Haley),37
Trousdale,Delegate,At-Large,Republican,Bill Campbell (DeSantis),20
Trousdale,Delegate,At-Large,Republican,Bill Young (Haley),7
Trousdale,Delegate,At-Large,Republican,Billy J. Stokes (DeSantis),15
Trousdale,Delegate,At-Large,Republican,Brad Grantham (DeSantis),17
Trousdale,Delegate,At-Large,Republican,Calvin Rogers Clayton (Trump),325
Trousdale,Delegate,At-Large,Republican,Chad Blackburn (Trump),370
Trousdale,Delegate,At-Large,Republican,Chad Story (DeSantis),15
Trousdale,Delegate,At-Large,Republican,Charles E. Allen Jr. (DeSantis),19
Trousdale,Delegate,At-Large,Republican,Charlie Cato (DeSantis),19
Trousdale,Delegate,At-Large,Republican,Charlotte Myers (Trump),77
Trousdale,Delegate,At-Large,Republican,Cheryl S. Harvey (Haley),36
Trousdale,Delegate,At-Large,Republican,Chris Walker (DeSantis),16
Trousdale,Delegate,At-Large,Republican,Debra Maggart Breske (Haley),48
Trousdale,Delegate,At-Large,Republican,Dennis H. Beavers (Trump),341
Trousdale,Delegate,At-Large,Republican,Derrick Calcote (DeSantis),13
Trousdale,Delegate,At-Large,Republican,Dia Hart (Uncommitted),4
Trousdale,Delegate,At-Large,Republican,Don Alan Miller (Haley),34
Trousdale,Delegate,At-Large,Republican,Emily Pearse (Haley),10
Trousdale,Delegate,At-Large,Republican,Eric Joe Mayo (Haley),33
Trousdale,Delegate,At-Large,Republican,Forrest B. Hutchinson (DeSantis),16
Trousdale,Delegate,At-Large,Republican,Gloria A. Giorno (Trump),297
Trousdale,Delegate,At-Large,Republican,Harrison Vinett (Trump),71
Trousdale,Delegate,At-Large,Republican,Jaclyn Colbeth (Trump),312
Trousdale,Delegate,At-Large,Republican,"James C. Phillips, Jr. (Haley)",6
Trousdale,Delegate,At-Large,Republican,Jane G. Ferrell (Haley),50
Trousdale,Delegate,At-Large,Republican,Jason Emert (DeSantis),13
Trousdale,Delegate,At-Large,Republican,John R Roberts (DeSantis),15
Trousdale,Delegate,At-Large,Republican,John Rose (Trump),181
Trousdale,Delegate,At-Large,Republican,Jonathan Merkh (Haley),33
Trousdale,Delegate,At-Large,Republican,Julia Atchley-Pace (Trump),299
Trousdale,Delegate,At-Large,Republican,Kelly Barger (Trump),315
Trousdale,Delegate,At-Large,Republican,Kevin Desmond (Haley),45
Trousdale,Delegate,At-Large,Republican,Layne Provine (DeSantis),10
Trousdale,Delegate,At-Large,Republican,Lisa Ann Flowers (Uncommitted),17
Trousdale,Delegate,At-Large,Republican,Lucas Heaton (Trump),157
Trousdale,Delegate,At-Large,Republican,Marilyn Betz (Trump),288
Trousdale,Delegate,At-Large,Republican,Marilyn Hutchinson (DeSantis),17
Trousdale,Delegate,At-Large,Republican,Mary Kate Brown (DeSantis),19
Trousdale,Delegate,At-Large,Republican,Mason Foley (Haley),32
Trousdale,Delegate,At-Large,Republican,Max Bonner (Trump),325
Trousdale,Delegate,At-Large,Republican,Michael Fulbright (Haley),32
Trousdale,Delegate,At-Large,Republican,Monica Mountain (DeSantis),16
Trousdale,Delegate,At-Large,Republican,Mya Conrad (Trump),291
Trousdale,Delegate,At-Large,Republican,Neil Rader (Haley),5
Trousdale,Delegate,At-Large,Republican,Patricia Woodard (Trump),83
Trousdale,Delegate,At-Large,Republican,Paul Van Hoesen (Haley),6
Trousdale,Delegate,At-Large,Republican,Preston George (Haley),34
Trousdale,Delegate,At-Large,Republican,Rick Williams (Trump),102
Trousdale,Delegate,At-Large,Republican,Robbyn Maylott (Trump),61
Trousdale,Delegate,At-Large,Republican,Samuel Funk (Haley),30
Trousdale,Delegate,At-Large,Republican,Sandi Figg (Haley),47
Trousdale,Delegate,At-Large,Republican,Scott Smith (DeSantis),14
Trousdale,Delegate,At-Large,Republican,Sharon B. Anderson (Trump),308
Trousdale,Delegate,At-Large,Republican,Sherri P. Lee (DeSantis),13
Trousdale,Delegate,At-Large,Republican,Sondra Morris (DeSantis),17
Trousdale,Delegate,At-Large,Republican,Stephanie Nash (Trump),84
Trousdale,Delegate,At-Large,Republican,Steven Tyler Giorno (Trump),322
Trousdale,Delegate,At-Large,Republican,Teresa Dix (DeSantis),16
Trousdale,Delegate,At-Large,Republican,Terri Nicholson (Trump),82
Trousdale,Delegate,At-Large,Republican,Tina Benkiser (DeSantis),18
Trousdale,Delegate,At-Large,Republican,Todd R. Cruse (Haley),47
Trousdale,Delegate,At-Large,Republican,Zachary Lambert (Trump),129
Trousdale,Presidential Preference,NA,Democratic,Joseph R. Biden,85
Trousdale,Presidential Preference,NA,Democratic,Uncommitted,5
Trousdale,Presidential Preference,NA,Republican,Asa Hutchinson,0
Trousdale,Presidential Preference,NA,Republican,Chris Christie,1
Trousdale,Presidential Preference,NA,Republican,David Stuckenberg,1
Trousdale,Presidential Preference,NA,Republican,Donald J. Trump,639
Trousdale,Presidential Preference,NA,Republican,Nikki Haley,71
Trousdale,Presidential Preference,NA,Republican,Ron DeSantis,4
Trousdale,Presidential Preference,NA,Republican,Ryan Binkley,3
Trousdale,Presidential Preference,NA,Republican,Uncommitted,3
Trousdale,Presidential Preference,NA,Republican,Vivek Ramaswamy,0
Unicoi,Delegate,1,Republican,Debra Gardner (Haley),179
Unicoi,Delegate,1,Republican,Donald F. Thompson (DeSantis),42
Unicoi,Delegate,1,Republican,Doris Ladd (DeSantis),30
Unicoi,Delegate,1,Republican,Jerome Cochran (Haley),128
Unicoi,Delegate,1,Republican,Jim Slaight (DeSantis),25
Unicoi,Delegate,1,Republican,John Gardner (Haley),79
Unicoi,Delegate,1,Republican,Kenneth Lahn (Haley),60
Unicoi,Delegate,1,Republican,Linda D. Buckles (Trump),781
Unicoi,Delegate,1,Republican,Nicholas Castle (Trump),1017
Unicoi,Delegate,1,Republican,Randy L. Dandurand (Trump),740
Unicoi,Delegate,1,Republican,Richard Venable (DeSantis),39
Unicoi,Delegate,1,Republican,Robert Mathis (Trump),793
Unicoi,Delegate,1,Republican,Sharon Boreing (Trump),550
Unicoi,Delegate,1,Republican,Steven J. Cantrell (Haley),113
Unicoi,Delegate,At-Large,Republican,Abigail Arpin (Trump),1028
Unicoi,Delegate,At-Large,Republican,Archie Pierce (Haley),39
Unicoi,Delegate,At-Large,Republican,Barbara Boswell (Trump),1092
Unicoi,Delegate,At-Large,Republican,Betsy Funk (Haley),166
Unicoi,Delegate,At-Large,Republican,Bill Campbell (DeSantis),128
Unicoi,Delegate,At-Large,Republican,Bill Young (Haley),39
Unicoi,Delegate,At-Large,Republican,Billy J. Stokes (DeSantis),64
Unicoi,Delegate,At-Large,Republican,Brad Grantham (DeSantis),92
Unicoi,Delegate,At-Large,Republican,Calvin Rogers Clayton (Trump),1139
Unicoi,Delegate,At-Large,Republican,Chad Blackburn (Trump),1238
Unicoi,Delegate,At-Large,Republican,Chad Story (DeSantis),65
Unicoi,Delegate,At-Large,Republican,Charles E. Allen Jr. (DeSantis),124
Unicoi,Delegate,At-Large,Republican,Charlie Cato (DeSantis),75
Unicoi,Delegate,At-Large,Republican,Charlotte Myers (Trump),224
Unicoi,Delegate,At-Large,Republican,Cheryl S. Harvey (Haley),167
Unicoi,Delegate,At-Large,Republican,Chris Walker (DeSantis),60
Unicoi,Delegate,At-Large,Republican,Debra Maggart Breske (Haley),199
Unicoi,Delegate,At-Large,Republican,Dennis H. Beavers (Trump),1114
Unicoi,Delegate,At-Large,Republican,Derrick Calcote (DeSantis),81
Unicoi,Delegate,At-Large,Republican,Dia Hart (Uncommitted),10
Unicoi,Delegate,At-Large,Republican,Don Alan Miller (Haley),150
Unicoi,Delegate,At-Large,Republican,Emily Pearse (Haley),65
Unicoi,Delegate,At-Large,Republican,Eric Joe Mayo (Haley),155
Unicoi,Delegate,At-Large,Republican,Forrest B. Hutchinson (DeSantis),89
Unicoi,Delegate,At-Large,Republican,Gloria A. Giorno (Trump),1062
Unicoi,Delegate,At-Large,Republican,Harrison Vinett (Trump),164
Unicoi,Delegate,At-Large,Republican,Jaclyn Colbeth (Trump),1083
Unicoi,Delegate,At-Large,Republican,"James C. Phillips, Jr. (Haley)",33
Unicoi,Delegate,At-Large,Republican,Jane G. Ferrell (Haley),212
Unicoi,Delegate,At-Large,Republican,Jason Emert (DeSantis),95
Unicoi,Delegate,At-Large,Republican,John R Roberts (DeSantis),81
Unicoi,Delegate,At-Large,Republican,John Rose (Trump),308
Unicoi,Delegate,At-Large,Republican,Jonathan Merkh (Haley),152
Unicoi,Delegate,At-Large,Republican,Julia Atchley-Pace (Trump),1032
Unicoi,Delegate,At-Large,Republican,Kelly Barger (Trump),1156
Unicoi,Delegate,At-Large,Republican,Kevin Desmond (Haley),204
Unicoi,Delegate,At-Large,Republican,Layne Provine (DeSantis),57
Unicoi,Delegate,At-Large,Republican,Lisa Ann Flowers (Uncommitted),37
Unicoi,Delegate,At-Large,Republican,Lucas Heaton (Trump),554
Unicoi,Delegate,At-Large,Republican,Marilyn Betz (Trump),1028
Unicoi,Delegate,At-Large,Republican,Marilyn Hutchinson (DeSantis),102
Unicoi,Delegate,At-Large,Republican,Mary Kate Brown (DeSantis),111
Unicoi,Delegate,At-Large,Republican,Mason Foley (Haley),150
Unicoi,Delegate,At-Large,Republican,Max Bonner (Trump),1104
Unicoi,Delegate,At-Large,Republican,Michael Fulbright (Haley),157
Unicoi,Delegate,At-Large,Republican,Monica Mountain (DeSantis),88
Unicoi,Delegate,At-Large,Republican,Mya Conrad (Trump),1055
Unicoi,Delegate,At-Large,Republican,Neil Rader (Haley),27
Unicoi,Delegate,At-Large,Republican,Patricia Woodard (Trump),231
Unicoi,Delegate,At-Large,Republican,Paul Van Hoesen (Haley),29
Unicoi,Delegate,At-Large,Republican,Preston George (Haley),155
Unicoi,Delegate,At-Large,Republican,Rick Williams (Trump),285
Unicoi,Delegate,At-Large,Republican,Robbyn Maylott (Trump),187
Unicoi,Delegate,At-Large,Republican,Samuel Funk (Haley),150
Unicoi,Delegate,At-Large,Republican,Sandi Figg (Haley),208
Unicoi,Delegate,At-Large,Republican,Scott Smith (DeSantis),66
Unicoi,Delegate,At-Large,Republican,Sharon B. Anderson (Trump),989
Unicoi,Delegate,At-Large,Republican,Sherri P. Lee (DeSantis),94
Unicoi,Delegate,At-Large,Republican,Sondra Morris (DeSantis),90
Unicoi,Delegate,At-Large,Republican,Stephanie Nash (Trump),245
Unicoi,Delegate,At-Large,Republican,Steven Tyler Giorno (Trump),1075
Unicoi,Delegate,At-Large,Republican,Teresa Dix (DeSantis),97
Unicoi,Delegate,At-Large,Republican,Terri Nicholson (Trump),223
Unicoi,Delegate,At-Large,Republican,Tina Benkiser (DeSantis),94
Unicoi,Delegate,At-Large,Republican,Todd R. Cruse (Haley),212
Unicoi,Delegate,At-Large,Republican,Zachary Lambert (Trump),340
Unicoi,Presidential Preference,NA,Democratic,Joseph R. Biden,127
Unicoi,Presidential Preference,NA,Democratic,Uncommitted,13
Unicoi,Presidential Preference,NA,Republican,Asa Hutchinson,1
Unicoi,Presidential Preference,NA,Republican,Chris Christie,3
Unicoi,Presidential Preference,NA,Republican,David Stuckenberg,1
Unicoi,Presidential Preference,NA,Republican,Donald J. Trump,2152
Unicoi,Presidential Preference,NA,Republican,Nikki Haley,274
Unicoi,Presidential Preference,NA,Republican,Ron DeSantis,27
Unicoi,Presidential Preference,NA,Republican,Ryan Binkley,7
Unicoi,Presidential Preference,NA,Republican,Uncommitted,26
Unicoi,Presidential Preference,NA,Republican,Vivek Ramaswamy,3
Union,Delegate,2,Republican,Brian R Hornback (Haley),42
Union,Delegate,2,Republican,Chris Kinney (DeSantis),10
Union,Delegate,2,Republican,Cindy Hatcher (DeSantis),9
Union,Delegate,2,Republican,Deborah Bailey (Trump),272
Union,Delegate,2,Republican,Derrick Hatcher (Haley),63
Union,Delegate,2,Republican,Douglas S. Ford (DeSantis),17
Union,Delegate,2,Republican,Elizabeth Wellington (Haley),54
Union,Delegate,2,Republican,Eric R Forrestall (Haley),52
Union,Delegate,2,Republican,Glenn Jacobs (Trump),787
Union,Delegate,2,Republican,Jason Zachary (DeSantis),10
Union,Delegate,2,Republican,"John J. Duncan, Jr. (Trump)",736
Union,Delegate,2,Republican,Michele Carringer (Trump),253
Union,Delegate,2,Republican,Mindy M. Coulter (Haley),65
Union,Delegate,2,Republican,Nicholas J. Nugent (Haley),36
Union,Delegate,2,Republican,Patricia Mills (Trump),236
Union,Delegate,2,Republican,Susan Richardson Williams (DeSantis),13
Union,Delegate,2,Republican,Tim Hutchison (Trump),815
Union,Delegate,At-Large,Republican,Abigail Arpin (Trump),705
Union,Delegate,At-Large,Republican,Archie Pierce (Haley),22
Union,Delegate,At-Large,Republican,Barbara Boswell (Trump),762
Union,Delegate,At-Large,Republican,Betsy Funk (Haley),99
Union,Delegate,At-Large,Republican,Bill Campbell (DeSantis),48
Union,Delegate,At-Large,Republican,Bill Young (Haley),27
Union,Delegate,At-Large,Republican,Billy J. Stokes (DeSantis),46
Union,Delegate,At-Large,Republican,Brad Grantham (DeSantis),41
Union,Delegate,At-Large,Republican,Calvin Rogers Clayton (Trump),822
Union,Delegate,At-Large,Republican,Chad Blackburn (Trump),919
Union,Delegate,At-Large,Republican,Chad Story (DeSantis),32
Union,Delegate,At-Large,Republican,Charles E. Allen Jr. (DeSantis),55
Union,Delegate,At-Large,Republican,Charlie Cato (DeSantis),34
Union,Delegate,At-Large,Republican,Charlotte Myers (Trump),187
Union,Delegate,At-Large,Republican,Cheryl S. Harvey (Haley),103
Union,Delegate,At-Large,Republican,Chris Walker (DeSantis),41
Union,Delegate,At-Large,Republican,Debra Maggart Breske (Haley),125
Union,Delegate,At-Large,Republican,Dennis H. Beavers (Trump),835
Union,Delegate,At-Large,Republican,Derrick Calcote (DeSantis),38
Union,Delegate,At-Large,Republican,Dia Hart (Uncommitted),8
Union,Delegate,At-Large,Republican,Don Alan Miller (Haley),84
Union,Delegate,At-Large,Republican,Emily Pearse (Haley),36
Union,Delegate,At-Large,Republican,Eric Joe Mayo (Haley),102
Union,Delegate,At-Large,Republican,Forrest B. Hutchinson (DeSantis),53
Union,Delegate,At-Large,Republican,Gloria A. Giorno (Trump),748
Union,Delegate,At-Large,Republican,Harrison Vinett (Trump),146
Union,Delegate,At-Large,Republican,Jaclyn Colbeth (Trump),762
Union,Delegate,At-Large,Republican,"James C. Phillips, Jr. (Haley)",21
Union,Delegate,At-Large,Republican,Jane G. Ferrell (Haley),126
Union,Delegate,At-Large,Republican,Jason Emert (DeSantis),36
Union,Delegate,At-Large,Republican,John R Roberts (DeSantis),33
Union,Delegate,At-Large,Republican,John Rose (Trump),266
Union,Delegate,At-Large,Republican,Jonathan Merkh (Haley),87
Union,Delegate,At-Large,Republican,Julia Atchley-Pace (Trump),737
Union,Delegate,At-Large,Republican,Kelly Barger (Trump),804
Union,Delegate,At-Large,Republican,Kevin Desmond (Haley),126
Union,Delegate,At-Large,Republican,Layne Provine (DeSantis),27
Union,Delegate,At-Large,Republican,Lisa Ann Flowers (Uncommitted),25
Union,Delegate,At-Large,Republican,Lucas Heaton (Trump),403
Union,Delegate,At-Large,Republican,Marilyn Betz (Trump),710
Union,Delegate,At-Large,Republican,Marilyn Hutchinson (DeSantis),47
Union,Delegate,At-Large,Republican,Mary Kate Brown (DeSantis),42
Union,Delegate,At-Large,Republican,Mason Foley (Haley),96
Union,Delegate,At-Large,Republican,Max Bonner (Trump),813
Union,Delegate,At-Large,Republican,Michael Fulbright (Haley),96
Union,Delegate,At-Large,Republican,Monica Mountain (DeSantis),46
Union,Delegate,At-Large,Republican,Mya Conrad (Trump),750
Union,Delegate,At-Large,Republican,Neil Rader (Haley),22
Union,Delegate,At-Large,Republican,Patricia Woodard (Trump),167
Union,Delegate,At-Large,Republican,Paul Van Hoesen (Haley),17
Union,Delegate,At-Large,Republican,Preston George (Haley),96
Union,Delegate,At-Large,Republican,Rick Williams (Trump),253
Union,Delegate,At-Large,Republican,Robbyn Maylott (Trump),147
Union,Delegate,At-Large,Republican,Samuel Funk (Haley),97
Union,Delegate,At-Large,Republican,Sandi Figg (Haley),117
Union,Delegate,At-Large,Republican,Scott Smith (DeSantis),38
Union,Delegate,At-Large,Republican,Sharon B. Anderson (Trump),707
Union,Delegate,At-Large,Republican,Sherri P. Lee (DeSantis),41
Union,Delegate,At-Large,Republican,Sondra Morris (DeSantis),42
Union,Delegate,At-Large,Republican,Stephanie Nash (Trump),190
Union,Delegate,At-Large,Republican,Steven Tyler Giorno (Trump),801
Union,Delegate,At-Large,Republican,Teresa Dix (DeSantis),44
Union,Delegate,At-Large,Republican,Terri Nicholson (Trump),176
Union,Delegate,At-Large,Republican,Tina Benkiser (DeSantis),36
Union,Delegate,At-Large,Republican,Todd R. Cruse (Haley),139
Union,Delegate,At-Large,Republican,Zachary Lambert (Trump),296
Union,Presidential Preference,NA,Democratic,Joseph R. Biden,106
Union,Presidential Preference,NA,Democratic,Uncommitted,16
Union,Presidential Preference,NA,Republican,Asa Hutchinson,1
Union,Presidential Preference,NA,Republican,Chris Christie,2
Union,Presidential Preference,NA,Republican,David Stuckenberg,0
Union,Presidential Preference,NA,Republican,Donald J. Trump,1574
Union,Presidential Preference,NA,Republican,Nikki Haley,156
Union,Presidential Preference,NA,Republican,Ron DeSantis,12
Union,Presidential Preference,NA,Republican,Ryan Binkley,3
Union,Presidential Preference,NA,Republican,Uncommitted,4
Union,Presidential Preference,NA,Republican,Vivek Ramaswamy,3
Van Buren,Delegate,6,Republican,Brock Hill (DeSantis),14
Van Buren,Delegate,6,Republican,Chelsea Rose (Trump),193
Van Buren,Delegate,6,Republican,Craig Clark (Trump),244
Van Buren,Delegate,6,Republican,Garrett T Floyd (Trump),181
Van Buren,Delegate,6,Republican,Jeff Coker (Haley),33
Van Buren,Delegate,6,Republican,Kelly Keisling (Trump),147
Van Buren,Delegate,6,Republican,Kristy Freewalt (Haley),37
Van Buren,Delegate,6,Republican,Laura Baigert (Trump),177
Van Buren,Delegate,6,Republican,Luke Tinsley (DeSantis),5
Van Buren,Delegate,6,Republican,Mary Andersen (DeSantis),8
Van Buren,Delegate,6,Republican,Mike Callahan (Trump),265
Van Buren,Delegate,6,Republican,Nicholas Ivey (Haley),13
Van Buren,Delegate,6,Republican,Paige Brown (DeSantis),6
Van Buren,Delegate,6,Republican,Randy Stamps (Haley),15
Van Buren,Delegate,6,Republican,Richard Murphy (DeSantis),5
Van Buren,Delegate,6,Republican,Stanley Bertch (Haley),23
Van Buren,Delegate,At-Large,Republican,Abigail Arpin (Trump),286
Van Buren,Delegate,At-Large,Republican,Archie Pierce (Haley),5
Van Buren,Delegate,At-Large,Republican,Barbara Boswell (Trump),318
Van Buren,Delegate,At-Large,Republican,Betsy Funk (Haley),40
Van Buren,Delegate,At-Large,Republican,Bill Campbell (DeSantis),30
Van Buren,Delegate,At-Large,Republican,Bill Young (Haley),7
Van Buren,Delegate,At-Large,Republican,Billy J. Stokes (DeSantis),18
Van Buren,Delegate,At-Large,Republican,Brad Grantham (DeSantis),23
Van Buren,Delegate,At-Large,Republican,Calvin Rogers Clayton (Trump),335
Van Buren,Delegate,At-Large,Republican,Chad Blackburn (Trump),371
Van Buren,Delegate,At-Large,Republican,Chad Story (DeSantis),15
Van Buren,Delegate,At-Large,Republican,Charles E. Allen Jr. (DeSantis),35
Van Buren,Delegate,At-Large,Republican,Charlie Cato (DeSantis),22
Van Buren,Delegate,At-Large,Republican,Charlotte Myers (Trump),80
Van Buren,Delegate,At-Large,Republican,Cheryl S. Harvey (Haley),45
Van Buren,Delegate,At-Large,Republican,Chris Walker (DeSantis),26
Van Buren,Delegate,At-Large,Republican,Debra Maggart Breske (Haley),52
Van Buren,Delegate,At-Large,Republican,Dennis H. Beavers (Trump),320
Van Buren,Delegate,At-Large,Republican,Derrick Calcote (DeSantis),19
Van Buren,Delegate,At-Large,Republican,Dia Hart (Uncommitted),8
Van Buren,Delegate,At-Large,Republican,Don Alan Miller (Haley),34
Van Buren,Delegate,At-Large,Republican,Emily Pearse (Haley),13
Van Buren,Delegate,At-Large,Republican,Eric Joe Mayo (Haley),39
Van Buren,Delegate,At-Large,Republican,Forrest B. Hutchinson (DeSantis),26
Van Buren,Delegate,At-Large,Republican,Gloria A. Giorno (Trump),307
Van Buren,Delegate,At-Large,Republican,Harrison Vinett (Trump),64
Van Buren,Delegate,At-Large,Republican,Jaclyn Colbeth (Trump),311
Van Buren,Delegate,At-Large,Republican,"James C. Phillips, Jr. (Haley)",5
Van Buren,Delegate,At-Large,Republican,Jane G. Ferrell (Haley),52
Van Buren,Delegate,At-Large,Republican,Jason Emert (DeSantis),24
Van Buren,Delegate,At-Large,Republican,John R Roberts (DeSantis),17
Van Buren,Delegate,At-Large,Republican,John Rose (Trump),154
Van Buren,Delegate,At-Large,Republican,Jonathan Merkh (Haley),35
Van Buren,Delegate,At-Large,Republican,Julia Atchley-Pace (Trump),297
Van Buren,Delegate,At-Large,Republican,Kelly Barger (Trump),319
Van Buren,Delegate,At-Large,Republican,Kevin Desmond (Haley),49
Van Buren,Delegate,At-Large,Republican,Layne Provine (DeSantis),15
Van Buren,Delegate,At-Large,Republican,Lisa Ann Flowers (Uncommitted),16
Van Buren,Delegate,At-Large,Republican,Lucas Heaton (Trump),155
Van Buren,Delegate,At-Large,Republican,Marilyn Betz (Trump),278
Van Buren,Delegate,At-Large,Republican,Marilyn Hutchinson (DeSantis),29
Van Buren,Delegate,At-Large,Republican,Mary Kate Brown (DeSantis),27
Van Buren,Delegate,At-Large,Republican,Mason Foley (Haley),40
Van Buren,Delegate,At-Large,Republican,Max Bonner (Trump),318
Van Buren,Delegate,At-Large,Republican,Michael Fulbright (Haley),38
Van Buren,Delegate,At-Large,Republican,Monica Mountain (DeSantis),27
Van Buren,Delegate,At-Large,Republican,Mya Conrad (Trump),288
Van Buren,Delegate,At-Large,Republican,Neil Rader (Haley),6
Van Buren,Delegate,At-Large,Republican,Patricia Woodard (Trump),69
Van Buren,Delegate,At-Large,Republican,Paul Van Hoesen (Haley),5
Van Buren,Delegate,At-Large,Republican,Preston George (Haley),38
Van Buren,Delegate,At-Large,Republican,Rick Williams (Trump),94
Van Buren,Delegate,At-Large,Republican,Robbyn Maylott (Trump),58
Van Buren,Delegate,At-Large,Republican,Samuel Funk (Haley),36
Van Buren,Delegate,At-Large,Republican,Sandi Figg (Haley),53
Van Buren,Delegate,At-Large,Republican,Scott Smith (DeSantis),17
Van Buren,Delegate,At-Large,Republican,Sharon B. Anderson (Trump),300
Van Buren,Delegate,At-Large,Republican,Sherri P. Lee (DeSantis),25
Van Buren,Delegate,At-Large,Republican,Sondra Morris (DeSantis),25
Van Buren,Delegate,At-Large,Republican,Stephanie Nash (Trump),91
Van Buren,Delegate,At-Large,Republican,Steven Tyler Giorno (Trump),315
Van Buren,Delegate,At-Large,Republican,Teresa Dix (DeSantis),25
Van Buren,Delegate,At-Large,Republican,Terri Nicholson (Trump),72
Van Buren,Delegate,At-Large,Republican,Tina Benkiser (DeSantis),29
Van Buren,Delegate,At-Large,Republican,Todd R. Cruse (Haley),47
Van Buren,Delegate,At-Large,Republican,Zachary Lambert (Trump),120
Van Buren,Presidential Preference,NA,Democratic,Joseph R. Biden,42
Van Buren,Presidential Preference,NA,Democratic,Uncommitted,9
Van Buren,Presidential Preference,NA,Republican,Asa Hutchinson,0
Van Buren,Presidential Preference,NA,Republican,Chris Christie,0
Van Buren,Presidential Preference,NA,Republican,David Stuckenberg,1
Van Buren,Presidential Preference,NA,Republican,Donald J. Trump,619
Van Buren,Presidential Preference,NA,Republican,Nikki Haley,63
Van Buren,Presidential Preference,NA,Republican,Ron DeSantis,7
Van Buren,Presidential Preference,NA,Republican,Ryan Binkley,2
Van Buren,Presidential Preference,NA,Republican,Uncommitted,1
Van Buren,Presidential Preference,NA,Republican,Vivek Ramaswamy,5
Warren,Delegate,4,Republican,Andrew Joseph Kingsolver (Haley),141
Warren,Delegate,4,Republican,Ashley S. Moore (DeSantis),35
Warren,Delegate,4,Republican,Caleb Tidwell (DeSantis),16
Warren,Delegate,4,Republican,Claudia Coco (Trump),536
Warren,Delegate,4,Republican,Clay Doggett (Trump),776
Warren,Delegate,4,Republican,Iva Michelle Russell (Trump),610
Warren,Delegate,4,Republican,James S. Kennedy (Haley),171
Warren,Delegate,4,Republican,Jeffrey W. Dillard (Trump),965
Warren,Delegate,4,Republican,Katherine Hudgins (DeSantis),31
Warren,Delegate,4,Republican,Kip Capley (Trump),760
Warren,Delegate,4,Republican,Lucas Hutchinson (DeSantis),26
Warren,Delegate,4,Republican,Lynne Davis (Trump),909
Warren,Delegate,4,Republican,Matt Herriman (DeSantis),34
Warren,Delegate,4,Republican,Myra Simons (DeSantis),7
Warren,Delegate,4,Republican,Rhonda R Page (Haley),141
Warren,Delegate,4,Republican,Susan Lightner Harris (Haley),145
Warren,Delegate,4,Republican,Teresa (Terrie) Kirby (Haley),154
Warren,Delegate,6,Republican,Brock Hill (DeSantis),0
Warren,Delegate,6,Republican,Chelsea Rose (Trump),8
Warren,Delegate,6,Republican,Craig Clark (Trump),14
Warren,Delegate,6,Republican,Garrett T Floyd (Trump),10
Warren,Delegate,6,Republican,Jeff Coker (Haley),2
Warren,Delegate,6,Republican,Kelly Keisling (Trump),12
Warren,Delegate,6,Republican,Kristy Freewalt (Haley),2
Warren,Delegate,6,Republican,Laura Baigert (Trump),12
Warren,Delegate,6,Republican,Luke Tinsley (DeSantis),0
Warren,Delegate,6,Republican,Mary Andersen (DeSantis),0
Warren,Delegate,6,Republican,Mike Callahan (Trump),18
Warren,Delegate,6,Republican,Nicholas Ivey (Haley),0
Warren,Delegate,6,Republican,Paige Brown (DeSantis),0
Warren,Delegate,6,Republican,Randy Stamps (Haley),0
Warren,Delegate,6,Republican,Richard Murphy (DeSantis),1
Warren,Delegate,6,Republican,Stanley Bertch (Haley),2
Warren,Delegate,At-Large,Republican,Abigail Arpin (Trump),1207
Warren,Delegate,At-Large,Republican,Archie Pierce (Haley),57
Warren,Delegate,At-Large,Republican,Barbara Boswell (Trump),1317
Warren,Delegate,At-Large,Republican,Betsy Funk (Haley),217
Warren,Delegate,At-Large,Republican,Bill Campbell (DeSantis),118
Warren,Delegate,At-Large,Republican,Bill Young (Haley),66
Warren,Delegate,At-Large,Republican,Billy J. Stokes (DeSantis),73
Warren,Delegate,At-Large,Republican,Brad Grantham (DeSantis),79
Warren,Delegate,At-Large,Republican,Calvin Rogers Clayton (Trump),1388
Warren,Delegate,At-Large,Republican,Chad Blackburn (Trump),1536
Warren,Delegate,At-Large,Republican,Chad Story (DeSantis),54
Warren,Delegate,At-Large,Republican,Charles E. Allen Jr. (DeSantis),116
Warren,Delegate,At-Large,Republican,Charlie Cato (DeSantis),75
Warren,Delegate,At-Large,Republican,Charlotte Myers (Trump),346
Warren,Delegate,At-Large,Republican,Cheryl S. Harvey (Haley),214
Warren,Delegate,At-Large,Republican,Chris Walker (DeSantis),87
Warren,Delegate,At-Large,Republican,Debra Maggart Breske (Haley),252
Warren,Delegate,At-Large,Republican,Dennis H. Beavers (Trump),1393
Warren,Delegate,At-Large,Republican,Derrick Calcote (DeSantis),71
Warren,Delegate,At-Large,Republican,Dia Hart (Uncommitted),17
Warren,Delegate,At-Large,Republican,Don Alan Miller (Haley),193
Warren,Delegate,At-Large,Republican,Emily Pearse (Haley),92
Warren,Delegate,At-Large,Republican,Eric Joe Mayo (Haley),202
Warren,Delegate,At-Large,Republican,Forrest B. Hutchinson (DeSantis),93
Warren,Delegate,At-Large,Republican,Gloria A. Giorno (Trump),1261
Warren,Delegate,At-Large,Republican,Harrison Vinett (Trump),257
Warren,Delegate,At-Large,Republican,Jaclyn Colbeth (Trump),1295
Warren,Delegate,At-Large,Republican,"James C. Phillips, Jr. (Haley)",61
Warren,Delegate,At-Large,Republican,Jane G. Ferrell (Haley),272
Warren,Delegate,At-Large,Republican,Jason Emert (DeSantis),86
Warren,Delegate,At-Large,Republican,John R Roberts (DeSantis),98
Warren,Delegate,At-Large,Republican,John Rose (Trump),487
Warren,Delegate,At-Large,Republican,Jonathan Merkh (Haley),194
Warren,Delegate,At-Large,Republican,Julia Atchley-Pace (Trump),1252
Warren,Delegate,At-Large,Republican,Kelly Barger (Trump),1319
Warren,Delegate,At-Large,Republican,Kevin Desmond (Haley),258
Warren,Delegate,At-Large,Republican,Layne Provine (DeSantis),57
Warren,Delegate,At-Large,Republican,Lisa Ann Flowers (Uncommitted),31
Warren,Delegate,At-Large,Republican,Lucas Heaton (Trump),682
Warren,Delegate,At-Large,Republican,Marilyn Betz (Trump),1232
Warren,Delegate,At-Large,Republican,Marilyn Hutchinson (DeSantis),108
Warren,Delegate,At-Large,Republican,Mary Kate Brown (DeSantis),87
Warren,Delegate,At-Large,Republican,Mason Foley (Haley),218
Warren,Delegate,At-Large,Republican,Max Bonner (Trump),1373
Warren,Delegate,At-Large,Republican,Michael Fulbright (Haley),214
Warren,Delegate,At-Large,Republican,Monica Mountain (DeSantis),78
Warren,Delegate,At-Large,Republican,Mya Conrad (Trump),1259
Warren,Delegate,At-Large,Republican,Neil Rader (Haley),48
Warren,Delegate,At-Large,Republican,Patricia Woodard (Trump),310
Warren,Delegate,At-Large,Republican,Paul Van Hoesen (Haley),37
Warren,Delegate,At-Large,Republican,Preston George (Haley),211
Warren,Delegate,At-Large,Republican,Rick Williams (Trump),423
Warren,Delegate,At-Large,Republican,Robbyn Maylott (Trump),244
Warren,Delegate,At-Large,Republican,Samuel Funk (Haley),203
Warren,Delegate,At-Large,Republican,Sandi Figg (Haley),256
Warren,Delegate,At-Large,Republican,Scott Smith (DeSantis),82
Warren,Delegate,At-Large,Republican,Sharon B. Anderson (Trump),1224
Warren,Delegate,At-Large,Republican,Sherri P. Lee (DeSantis),86
Warren,Delegate,At-Large,Republican,Sondra Morris (DeSantis),88
Warren,Delegate,At-Large,Republican,Stephanie Nash (Trump),345
Warren,Delegate,At-Large,Republican,Steven Tyler Giorno (Trump),1326
Warren,Delegate,At-Large,Republican,Teresa Dix (DeSantis),70
Warren,Delegate,At-Large,Republican,Terri Nicholson (Trump),330
Warren,Delegate,At-Large,Republican,Tina Benkiser (DeSantis),74
Warren,Delegate,At-Large,Republican,Todd R. Cruse (Haley),273
Warren,Delegate,At-Large,Republican,Zachary Lambert (Trump),471
Warren,Presidential Preference,NA,Democratic,Joseph R. Biden,373
Warren,Presidential Preference,NA,Democratic,Uncommitted,28
Warren,Presidential Preference,NA,Republican,Asa Hutchinson,1
Warren,Presidential Preference,NA,Republican,Chris Christie,3
Warren,Presidential Preference,NA,Republican,David Stuckenberg,1
Warren,Presidential Preference,NA,Republican,Donald J. Trump,2673
Warren,Presidential Preference,NA,Republican,Nikki Haley,367
Warren,Presidential Preference,NA,Republican,Ron DeSantis,25
Warren,Presidential Preference,NA,Republican,Ryan Binkley,2
Warren,Presidential Preference,NA,Republican,Uncommitted,2
Warren,Presidential Preference,NA,Republican,Vivek Ramaswamy,2
Washington,Delegate,1,Republican,Debra Gardner (Haley),1916
Washington,Delegate,1,Republican,Donald F. Thompson (DeSantis),211
Washington,Delegate,1,Republican,Doris Ladd (DeSantis),171
Washington,Delegate,1,Republican,Jerome Cochran (Haley),1367
Washington,Delegate,1,Republican,Jim Slaight (DeSantis),168
Washington,Delegate,1,Republican,John Gardner (Haley),991
Washington,Delegate,1,Republican,Kenneth Lahn (Haley),703
Washington,Delegate,1,Republican,Linda D. Buckles (Trump),3896
Washington,Delegate,1,Republican,Nicholas Castle (Trump),4852
Washington,Delegate,1,Republican,Randy L. Dandurand (Trump),3150
Washington,Delegate,1,Republican,Richard Venable (DeSantis),305
Washington,Delegate,1,Republican,Robert Mathis (Trump),4030
Washington,Delegate,1,Republican,Sharon Boreing (Trump),3400
Washington,Delegate,1,Republican,Steven J. Cantrell (Haley),1327
Washington,Delegate,At-Large,Republican,Abigail Arpin (Trump),4740
Washington,Delegate,At-Large,Republican,Archie Pierce (Haley),371
Washington,Delegate,At-Large,Republican,Barbara Boswell (Trump),5481
Washington,Delegate,At-Large,Republican,Betsy Funk (Haley),2001
Washington,Delegate,At-Large,Republican,Bill Campbell (DeSantis),626
Washington,Delegate,At-Large,Republican,Bill Young (Haley),457
Washington,Delegate,At-Large,Republican,Billy J. Stokes (DeSantis),288
Washington,Delegate,At-Large,Republican,Brad Grantham (DeSantis),485
Washington,Delegate,At-Large,Republican,Calvin Rogers Clayton (Trump),5320
Washington,Delegate,At-Large,Republican,Chad Blackburn (Trump),5969
Washington,Delegate,At-Large,Republican,Chad Story (DeSantis),392
Washington,Delegate,At-Large,Republican,Charles E. Allen Jr. (DeSantis),812
Washington,Delegate,At-Large,Republican,Charlie Cato (DeSantis),409
Washington,Delegate,At-Large,Republican,Charlotte Myers (Trump),1301
Washington,Delegate,At-Large,Republican,Cheryl S. Harvey (Haley),2022
Washington,Delegate,At-Large,Republican,Chris Walker (DeSantis),329
Washington,Delegate,At-Large,Republican,Debra Maggart Breske (Haley),2225
Washington,Delegate,At-Large,Republican,Dennis H. Beavers (Trump),5408
Washington,Delegate,At-Large,Republican,Derrick Calcote (DeSantis),403
Washington,Delegate,At-Large,Republican,Dia Hart (Uncommitted),88
Washington,Delegate,At-Large,Republican,Don Alan Miller (Haley),1727
Washington,Delegate,At-Large,Republican,Emily Pearse (Haley),734
Washington,Delegate,At-Large,Republican,Eric Joe Mayo (Haley),1893
Washington,Delegate,At-Large,Republican,Forrest B. Hutchinson (DeSantis),511
Washington,Delegate,At-Large,Republican,Gloria A. Giorno (Trump),4960
Washington,Delegate,At-Large,Republican,Harrison Vinett (Trump),965
Washington,Delegate,At-Large,Republican,Jaclyn Colbeth (Trump),5011
Washington,Delegate,At-Large,Republican,"James C. Phillips, Jr. (Haley)",409
Washington,Delegate,At-Large,Republican,Jane G. Ferrell (Haley),2303
Washington,Delegate,At-Large,Republican,Jason Emert (DeSantis),476
Washington,Delegate,At-Large,Republican,John R Roberts (DeSantis),380
Washington,Delegate,At-Large,Republican,John Rose (Trump),1662
Washington,Delegate,At-Large,Republican,Jonathan Merkh (Haley),1838
Washington,Delegate,At-Large,Republican,Julia Atchley-Pace (Trump),4905
Washington,Delegate,At-Large,Republican,Kelly Barger (Trump),5410
Washington,Delegate,At-Large,Republican,Kevin Desmond (Haley),2227
Washington,Delegate,At-Large,Republican,Layne Provine (DeSantis),254
Washington,Delegate,At-Large,Republican,Lisa Ann Flowers (Uncommitted),247
Washington,Delegate,At-Large,Republican,Lucas Heaton (Trump),2658
Washington,Delegate,At-Large,Republican,Marilyn Betz (Trump),4784
Washington,Delegate,At-Large,Republican,Marilyn Hutchinson (DeSantis),501
Washington,Delegate,At-Large,Republican,Mary Kate Brown (DeSantis),553
Washington,Delegate,At-Large,Republican,Mason Foley (Haley),1887
Washington,Delegate,At-Large,Republican,Max Bonner (Trump),5179
Washington,Delegate,At-Large,Republican,Michael Fulbright (Haley),1925
Washington,Delegate,At-Large,Republican,Monica Mountain (DeSantis),437
Washington,Delegate,At-Large,Republican,Mya Conrad (Trump),4858
Washington,Delegate,At-Large,Republican,Neil Rader (Haley),347
Washington,Delegate,At-Large,Republican,Patricia Woodard (Trump),1301
Washington,Delegate,At-Large,Republican,Paul Van Hoesen (Haley),317
Washington,Delegate,At-Large,Republican,Preston George (Haley),1892
Washington,Delegate,At-Large,Republican,Rick Williams (Trump),1592
Washington,Delegate,At-Large,Republican,Robbyn Maylott (Trump),1100
Washington,Delegate,At-Large,Republican,Samuel Funk (Haley),1846
Washington,Delegate,At-Large,Republican,Sandi Figg (Haley),2228
Washington,Delegate,At-Large,Republican,Scott Smith (DeSantis),348
Washington,Delegate,At-Large,Republican,Sharon B. Anderson (Trump),4862
Washington,Delegate,At-Large,Republican,Sherri P. Lee (DeSantis),450
Washington,Delegate,At-Large,Republican,Sondra Morris (DeSantis),457
Washington,Delegate,At-Large,Republican,Stephanie Nash (Trump),1323
Washington,Delegate,At-Large,Republican,Steven Tyler Giorno (Trump),5090
Washington,Delegate,At-Large,Republican,Teresa Dix (DeSantis),458
Washington,Delegate,At-Large,Republican,Terri Nicholson (Trump),1167
Washington,Delegate,At-Large,Republican,Tina Benkiser (DeSantis),426
Washington,Delegate,At-Large,Republican,Todd R. Cruse (Haley),2268
Washington,Delegate,At-Large,Republican,Zachary Lambert (Trump),1678
Washington,Presidential Preference,NA,Democratic,Joseph R. Biden,1202
Washington,Presidential Preference,NA,Democratic,Uncommitted,129
Washington,Presidential Preference,NA,Republican,Asa Hutchinson,7
Washington,Presidential Preference,NA,Republican,Chris Christie,45
Washington,Presidential Preference,NA,Republican,David Stuckenberg,9
Washington,Presidential Preference,NA,Republican,Donald J. Trump,9080
Washington,Presidential Preference,NA,Republican,Nikki Haley,2723
Washington,Presidential Preference,NA,Republican,Ron DeSantis,142
Washington,Presidential Preference,NA,Republican,Ryan Binkley,19
Washington,Presidential Preference,NA,Republican,Uncommitted,82
Washington,Presidential Preference,NA,Republican,Vivek Ramaswamy,36
Wayne,Circuit Court Judge Part V,22,Democratic,No Candidate Qualified,0
Wayne,Circuit Court Judge Part V,22,Republican,Julie Carrell Heffington,837
Wayne,Delegate,7,Republican,"Cassandra ""Casey"" Mahoney (DeSantis)",9
Wayne,Delegate,7,Republican,Cheryl Brown (Trump),322
Wayne,Delegate,7,Republican,Jeffrey L. Eby (DeSantis),13
Wayne,Delegate,7,Republican,Mark Moore (Trump),451
Wayne,Delegate,7,Republican,Mary Ann Degan (Haley),49
Wayne,Delegate,7,Republican,Mary Ann Parks (Trump),287
Wayne,Delegate,7,Republican,Mary Littleton (Trump),347
Wayne,Delegate,7,Republican,Michelle Foreman (Trump),314
Wayne,Delegate,7,Republican,Natalie Pearce (Trump),220
Wayne,Delegate,7,Republican,Nina M. Kumar (Haley),44
Wayne,Delegate,7,Republican,Patti Carroll (DeSantis),14
Wayne,Delegate,7,Republican,Richard Lee (DeSantis),12
Wayne,Delegate,7,Republican,Sabi 'Doc' Kumar (Haley),37
Wayne,Delegate,7,Republican,Susan Price (Haley),34
Wayne,Delegate,At-Large,Republican,Abigail Arpin (Trump),514
Wayne,Delegate,At-Large,Republican,Archie Pierce (Haley),10
Wayne,Delegate,At-Large,Republican,Barbara Boswell (Trump),566
Wayne,Delegate,At-Large,Republican,Betsy Funk (Haley),56
Wayne,Delegate,At-Large,Republican,Bill Campbell (DeSantis),53
Wayne,Delegate,At-Large,Republican,Bill Young (Haley),8
Wayne,Delegate,At-Large,Republican,Billy J. Stokes (DeSantis),26
Wayne,Delegate,At-Large,Republican,Brad Grantham (DeSantis),42
Wayne,Delegate,At-Large,Republican,Calvin Rogers Clayton (Trump),564
Wayne,Delegate,At-Large,Republican,Chad Blackburn (Trump),642
Wayne,Delegate,At-Large,Republican,Chad Story (DeSantis),20
Wayne,Delegate,At-Large,Republican,Charles E. Allen Jr. (DeSantis),65
Wayne,Delegate,At-Large,Republican,Charlie Cato (DeSantis),40
Wayne,Delegate,At-Large,Republican,Charlotte Myers (Trump),115
Wayne,Delegate,At-Large,Republican,Cheryl S. Harvey (Haley),55
Wayne,Delegate,At-Large,Republican,Chris Walker (DeSantis),22
Wayne,Delegate,At-Large,Republican,Debra Maggart Breske (Haley),71
Wayne,Delegate,At-Large,Republican,Dennis H. Beavers (Trump),588
Wayne,Delegate,At-Large,Republican,Derrick Calcote (DeSantis),34
Wayne,Delegate,At-Large,Republican,Dia Hart (Uncommitted),7
Wayne,Delegate,At-Large,Republican,Don Alan Miller (Haley),56
Wayne,Delegate,At-Large,Republican,Emily Pearse (Haley),14
Wayne,Delegate,At-Large,Republican,Eric Joe Mayo (Haley),53
Wayne,Delegate,At-Large,Republican,Forrest B. Hutchinson (DeSantis),51
Wayne,Delegate,At-Large,Republican,Gloria A. Giorno (Trump),544
Wayne,Delegate,At-Large,Republican,Harrison Vinett (Trump),74
Wayne,Delegate,At-Large,Republican,Jaclyn Colbeth (Trump),556
Wayne,Delegate,At-Large,Republican,"James C. Phillips, Jr. (Haley)",7
Wayne,Delegate,At-Large,Republican,Jane G. Ferrell (Haley),68
Wayne,Delegate,At-Large,Republican,Jason Emert (DeSantis),47
Wayne,Delegate,At-Large,Republican,John R Roberts (DeSantis),31
Wayne,Delegate,At-Large,Republican,John Rose (Trump),157
Wayne,Delegate,At-Large,Republican,Jonathan Merkh (Haley),54
Wayne,Delegate,At-Large,Republican,Julia Atchley-Pace (Trump),554
Wayne,Delegate,At-Large,Republican,Kelly Barger (Trump),558
Wayne,Delegate,At-Large,Republican,Kevin Desmond (Haley),65
Wayne,Delegate,At-Large,Republican,Layne Provine (DeSantis),22
Wayne,Delegate,At-Large,Republican,Lisa Ann Flowers (Uncommitted),17
Wayne,Delegate,At-Large,Republican,Lucas Heaton (Trump),259
Wayne,Delegate,At-Large,Republican,Marilyn Betz (Trump),540
Wayne,Delegate,At-Large,Republican,Marilyn Hutchinson (DeSantis),50
Wayne,Delegate,At-Large,Republican,Mary Kate Brown (DeSantis),46
Wayne,Delegate,At-Large,Republican,Mason Foley (Haley),54
Wayne,Delegate,At-Large,Republican,Max Bonner (Trump),574
Wayne,Delegate,At-Large,Republican,Michael Fulbright (Haley),55
Wayne,Delegate,At-Large,Republican,Monica Mountain (DeSantis),47
Wayne,Delegate,At-Large,Republican,Mya Conrad (Trump),530
Wayne,Delegate,At-Large,Republican,Neil Rader (Haley),7
Wayne,Delegate,At-Large,Republican,Patricia Woodard (Trump),78
Wayne,Delegate,At-Large,Republican,Paul Van Hoesen (Haley),5
Wayne,Delegate,At-Large,Republican,Preston George (Haley),57
Wayne,Delegate,At-Large,Republican,Rick Williams (Trump),130
Wayne,Delegate,At-Large,Republican,Robbyn Maylott (Trump),84
Wayne,Delegate,At-Large,Republican,Samuel Funk (Haley),53
Wayne,Delegate,At-Large,Republican,Sandi Figg (Haley),61
Wayne,Delegate,At-Large,Republican,Scott Smith (DeSantis),27
Wayne,Delegate,At-Large,Republican,Sharon B. Anderson (Trump),516
Wayne,Delegate,At-Large,Republican,Sherri P. Lee (DeSantis),45
Wayne,Delegate,At-Large,Republican,Sondra Morris (DeSantis),48
Wayne,Delegate,At-Large,Republican,Stephanie Nash (Trump),116
Wayne,Delegate,At-Large,Republican,Steven Tyler Giorno (Trump),562
Wayne,Delegate,At-Large,Republican,Teresa Dix (DeSantis),47
Wayne,Delegate,At-Large,Republican,Terri Nicholson (Trump),108
Wayne,Delegate,At-Large,Republican,Tina Benkiser (DeSantis),39
Wayne,Delegate,At-Large,Republican,Todd R. Cruse (Haley),63
Wayne,Delegate,At-Large,Republican,Zachary Lambert (Trump),162
Wayne,Presidential Preference,NA,Democratic,Joseph R. Biden,66
Wayne,Presidential Preference,NA,Democratic,Uncommitted,6
Wayne,Presidential Preference,NA,Republican,Asa Hutchinson,0
Wayne,Presidential Preference,NA,Republican,Chris Christie,3
Wayne,Presidential Preference,NA,Republican,David Stuckenberg,0
Wayne,Presidential Preference,NA,Republican,Donald J. Trump,1199
Wayne,Presidential Preference,NA,Republican,Nikki Haley,88
Wayne,Presidential Preference,NA,Republican,Ron DeSantis,10
Wayne,Presidential Preference,NA,Republican,Ryan Binkley,5
Wayne,Presidential Preference,NA,Republican,Uncommitted,5
Wayne,Presidential Preference,NA,Republican,Vivek Ramaswamy,1
Weakley,Delegate,8,Republican,Jimmy Harris (DeSantis),46
Weakley,Delegate,8,Republican,Johnny Bellis (DeSantis),56
Weakley,Delegate,8,Republican,Joseph Coury (Trump),716
Weakley,Delegate,8,Republican,Joseph Glenn Butler (Trump),1020
Weakley,Delegate,8,Republican,Kathryn Bryson (DeSantis),47
Weakley,Delegate,8,Republican,Kevin J. Powers (Trump),787
Weakley,Delegate,8,Republican,Kimberly Ann Perry (Haley),195
Weakley,Delegate,8,Republican,Kimberly Lax (Trump),546
Weakley,Delegate,8,Republican,Lauren W. Douglass (Haley),163
Weakley,Delegate,8,Republican,Luke Cymbal (DeSantis),55
Weakley,Delegate,8,Republican,Missy Marshall (DeSantis),27
Weakley,Delegate,8,Republican,Nicholas Perry (Haley),104
Weakley,Delegate,8,Republican,Pam Proctor (DeSantis),15
Weakley,Delegate,8,Republican,Ron M. Gant (Trump),1014
Weakley,Delegate,8,Republican,Scott Douglass (Haley),175
Weakley,Delegate,8,Republican,Tess Robbins (Trump),612
Weakley,Delegate,At-Large,Republican,Abigail Arpin (Trump),1146
Weakley,Delegate,At-Large,Republican,Archie Pierce (Haley),68
Weakley,Delegate,At-Large,Republican,Barbara Boswell (Trump),1286
Weakley,Delegate,At-Large,Republican,Betsy Funk (Haley),201
Weakley,Delegate,At-Large,Republican,Bill Campbell (DeSantis),126
Weakley,Delegate,At-Large,Republican,Bill Young (Haley),112
Weakley,Delegate,At-Large,Republican,Billy J. Stokes (DeSantis),56
Weakley,Delegate,At-Large,Republican,Brad Grantham (DeSantis),117
Weakley,Delegate,At-Large,Republican,Calvin Rogers Clayton (Trump),1376
Weakley,Delegate,At-Large,Republican,Chad Blackburn (Trump),1572
Weakley,Delegate,At-Large,Republican,Chad Story (DeSantis),55
Weakley,Delegate,At-Large,Republican,Charles E. Allen Jr. (DeSantis),147
Weakley,Delegate,At-Large,Republican,Charlie Cato (DeSantis),93
Weakley,Delegate,At-Large,Republican,Charlotte Myers (Trump),515
Weakley,Delegate,At-Large,Republican,Cheryl S. Harvey (Haley),201
Weakley,Delegate,At-Large,Republican,Chris Walker (DeSantis),67
Weakley,Delegate,At-Large,Republican,Debra Maggart Breske (Haley),173
Weakley,Delegate,At-Large,Republican,Dennis H. Beavers (Trump),1395
Weakley,Delegate,At-Large,Republican,Derrick Calcote (DeSantis),91
Weakley,Delegate,At-Large,Republican,Dia Hart (Uncommitted),23
Weakley,Delegate,At-Large,Republican,Don Alan Miller (Haley),164
Weakley,Delegate,At-Large,Republican,Emily Pearse (Haley),102
Weakley,Delegate,At-Large,Republican,Eric Joe Mayo (Haley),195
Weakley,Delegate,At-Large,Republican,Forrest B. Hutchinson (DeSantis),113
Weakley,Delegate,At-Large,Republican,Gloria A. Giorno (Trump),1132
Weakley,Delegate,At-Large,Republican,Harrison Vinett (Trump),380
Weakley,Delegate,At-Large,Republican,Jaclyn Colbeth (Trump),1229
Weakley,Delegate,At-Large,Republican,"James C. Phillips, Jr. (Haley)",71
Weakley,Delegate,At-Large,Republican,Jane G. Ferrell (Haley),187
Weakley,Delegate,At-Large,Republican,Jason Emert (DeSantis),100
Weakley,Delegate,At-Large,Republican,John R Roberts (DeSantis),111
Weakley,Delegate,At-Large,Republican,John Rose (Trump),588
Weakley,Delegate,At-Large,Republican,Jonathan Merkh (Haley),169
Weakley,Delegate,At-Large,Republican,Julia Atchley-Pace (Trump),1133
Weakley,Delegate,At-Large,Republican,Kelly Barger (Trump),1338
Weakley,Delegate,At-Large,Republican,Kevin Desmond (Haley),175
Weakley,Delegate,At-Large,Republican,Layne Provine (DeSantis),52
Weakley,Delegate,At-Large,Republican,Lisa Ann Flowers (Uncommitted),75
Weakley,Delegate,At-Large,Republican,Lucas Heaton (Trump),759
Weakley,Delegate,At-Large,Republican,Marilyn Betz (Trump),1199
Weakley,Delegate,At-Large,Republican,Marilyn Hutchinson (DeSantis),104
Weakley,Delegate,At-Large,Republican,Mary Kate Brown (DeSantis),126
Weakley,Delegate,At-Large,Republican,Mason Foley (Haley),185
Weakley,Delegate,At-Large,Republican,Max Bonner (Trump),1339
Weakley,Delegate,At-Large,Republican,Michael Fulbright (Haley),197
Weakley,Delegate,At-Large,Republican,Monica Mountain (DeSantis),90
Weakley,Delegate,At-Large,Republican,Mya Conrad (Trump),1211
Weakley,Delegate,At-Large,Republican,Neil Rader (Haley),75
Weakley,Delegate,At-Large,Republican,Patricia Woodard (Trump),416
Weakley,Delegate,At-Large,Republican,Paul Van Hoesen (Haley),68
Weakley,Delegate,At-Large,Republican,Preston George (Haley),194
Weakley,Delegate,At-Large,Republican,Rick Williams (Trump),568
Weakley,Delegate,At-Large,Republican,Robbyn Maylott (Trump),420
Weakley,Delegate,At-Large,Republican,Samuel Funk (Haley),181
Weakley,Delegate,At-Large,Republican,Sandi Figg (Haley),192
Weakley,Delegate,At-Large,Republican,Scott Smith (DeSantis),45
Weakley,Delegate,At-Large,Republican,Sharon B. Anderson (Trump),1280
Weakley,Delegate,At-Large,Republican,Sherri P. Lee (DeSantis),90
Weakley,Delegate,At-Large,Republican,Sondra Morris (DeSantis),102
Weakley,Delegate,At-Large,Republican,Stephanie Nash (Trump),593
Weakley,Delegate,At-Large,Republican,Steven Tyler Giorno (Trump),1199
Weakley,Delegate,At-Large,Republican,Teresa Dix (DeSantis),97
Weakley,Delegate,At-Large,Republican,Terri Nicholson (Trump),434
Weakley,Delegate,At-Large,Republican,Tina Benkiser (DeSantis),101
Weakley,Delegate,At-Large,Republican,Todd R. Cruse (Haley),200
Weakley,Delegate,At-Large,Republican,Zachary Lambert (Trump),701
Weakley,Presidential Preference,NA,Democratic,Joseph R. Biden,230
Weakley,Presidential Preference,NA,Democratic,Uncommitted,24
Weakley,Presidential Preference,NA,Republican,Asa Hutchinson,2
Weakley,Presidential Preference,NA,Republican,Chris Christie,0
Weakley,Presidential Preference,NA,Republican,David Stuckenberg,6
Weakley,Presidential Preference,NA,Republican,Donald J. Trump,2450
Weakley,Presidential Preference,NA,Republican,Nikki Haley,295
Weakley,Presidential Preference,NA,Republican,Ron DeSantis,35
Weakley,Presidential Preference,NA,Republican,Ryan Binkley,1
Weakley,Presidential Preference,NA,Republican,Uncommitted,17
Weakley,Presidential Preference,NA,Republican,Vivek Ramaswamy,8
White,Criminal Court Judge Part III,13,Democratic,No Candidate Qualified,0
White,Criminal Court Judge Part III,13,Republican,Shawn C. Fry,2173
White,Delegate,6,Republican,Brock Hill (DeSantis),44
White,Delegate,6,Republican,Chelsea Rose (Trump),1154
White,Delegate,6,Republican,Craig Clark (Trump),1120
White,Delegate,6,Republican,Garrett T Floyd (Trump),1047
White,Delegate,6,Republican,Jeff Coker (Haley),159
White,Delegate,6,Republican,Kelly Keisling (Trump),841
White,Delegate,6,Republican,Kristy Freewalt (Haley),199
White,Delegate,6,Republican,Laura Baigert (Trump),735
White,Delegate,6,Republican,Luke Tinsley (DeSantis),27
White,Delegate,6,Republican,Mary Andersen (DeSantis),35
White,Delegate,6,Republican,Mike Callahan (Trump),1383
White,Delegate,6,Republican,Nicholas Ivey (Haley),96
White,Delegate,6,Republican,Paige Brown (DeSantis),38
White,Delegate,6,Republican,Randy Stamps (Haley),99
White,Delegate,6,Republican,Richard Murphy (DeSantis),23
White,Delegate,6,Republican,Stanley Bertch (Haley),130
White,Delegate,At-Large,Republican,Abigail Arpin (Trump),1065
White,Delegate,At-Large,Republican,Archie Pierce (Haley),63
White,Delegate,At-Large,Republican,Barbara Boswell (Trump),1190
White,Delegate,At-Large,Republican,Betsy Funk (Haley),220
White,Delegate,At-Large,Republican,Bill Campbell (DeSantis),97
White,Delegate,At-Large,Republican,Bill Young (Haley),94
White,Delegate,At-Large,Republican,Billy J. Stokes (DeSantis),45
White,Delegate,At-Large,Republican,Brad Grantham (DeSantis),71
White,Delegate,At-Large,Republican,Calvin Rogers Clayton (Trump),1458
White,Delegate,At-Large,Republican,Chad Blackburn (Trump),1677
White,Delegate,At-Large,Republican,Chad Story (DeSantis),38
White,Delegate,At-Large,Republican,Charles E. Allen Jr. (DeSantis),109
White,Delegate,At-Large,Republican,Charlie Cato (DeSantis),66
White,Delegate,At-Large,Republican,Charlotte Myers (Trump),972
White,Delegate,At-Large,Republican,Cheryl S. Harvey (Haley),201
White,Delegate,At-Large,Republican,Chris Walker (DeSantis),55
White,Delegate,At-Large,Republican,Debra Maggart Breske (Haley),222
White,Delegate,At-Large,Republican,Dennis H. Beavers (Trump),1448
White,Delegate,At-Large,Republican,Derrick Calcote (DeSantis),68
White,Delegate,At-Large,Republican,Dia Hart (Uncommitted),31
White,Delegate,At-Large,Republican,Don Alan Miller (Haley),154
White,Delegate,At-Large,Republican,Emily Pearse (Haley),126
White,Delegate,At-Large,Republican,Eric Joe Mayo (Haley),139
White,Delegate,At-Large,Republican,Forrest B. Hutchinson (DeSantis),69
White,Delegate,At-Large,Republican,Gloria A. Giorno (Trump),1117
White,Delegate,At-Large,Republican,Harrison Vinett (Trump),833
White,Delegate,At-Large,Republican,Jaclyn Colbeth (Trump),1117
White,Delegate,At-Large,Republican,"James C. Phillips, Jr. (Haley)",68
White,Delegate,At-Large,Republican,Jane G. Ferrell (Haley),237
White,Delegate,At-Large,Republican,Jason Emert (DeSantis),71
White,Delegate,At-Large,Republican,John R Roberts (DeSantis),71
White,Delegate,At-Large,Republican,John Rose (Trump),1653
White,Delegate,At-Large,Republican,Jonathan Merkh (Haley),138
White,Delegate,At-Large,Republican,Julia Atchley-Pace (Trump),1084
White,Delegate,At-Large,Republican,Kelly Barger (Trump),1356
White,Delegate,At-Large,Republican,Kevin Desmond (Haley),216
White,Delegate,At-Large,Republican,Layne Provine (DeSantis),27
White,Delegate,At-Large,Republican,Lisa Ann Flowers (Uncommitted),164
White,Delegate,At-Large,Republican,Lucas Heaton (Trump),1088
White,Delegate,At-Large,Republican,Marilyn Betz (Trump),955
White,Delegate,At-Large,Republican,Marilyn Hutchinson (DeSantis),65
White,Delegate,At-Large,Republican,Mary Kate Brown (DeSantis),86
White,Delegate,At-Large,Republican,Mason Foley (Haley),203
White,Delegate,At-Large,Republican,Max Bonner (Trump),1395
White,Delegate,At-Large,Republican,Michael Fulbright (Haley),204
White,Delegate,At-Large,Republican,Monica Mountain (DeSantis),69
White,Delegate,At-Large,Republican,Mya Conrad (Trump),1125
White,Delegate,At-Large,Republican,Neil Rader (Haley),71
White,Delegate,At-Large,Republican,Patricia Woodard (Trump),958
White,Delegate,At-Large,Republican,Paul Van Hoesen (Haley),67
White,Delegate,At-Large,Republican,Preston George (Haley),203
White,Delegate,At-Large,Republican,Rick Williams (Trump),1280
White,Delegate,At-Large,Republican,Robbyn Maylott (Trump),736
White,Delegate,At-Large,Republican,Samuel Funk (Haley),180
White,Delegate,At-Large,Republican,Sandi Figg (Haley),222
White,Delegate,At-Large,Republican,Scott Smith (DeSantis),46
White,Delegate,At-Large,Republican,Sharon B. Anderson (Trump),1376
White,Delegate,At-Large,Republican,Sherri P. Lee (DeSantis),80
White,Delegate,At-Large,Republican,Sondra Morris (DeSantis),59
White,Delegate,At-Large,Republican,Stephanie Nash (Trump),1070
White,Delegate,At-Large,Republican,Steven Tyler Giorno (Trump),1330
White,Delegate,At-Large,Republican,Teresa Dix (DeSantis),68
White,Delegate,At-Large,Republican,Terri Nicholson (Trump),900
White,Delegate,At-Large,Republican,Tina Benkiser (DeSantis),63
White,Delegate,At-Large,Republican,Todd R. Cruse (Haley),222
White,Delegate,At-Large,Republican,Zachary Lambert (Trump),1214
White,Presidential Preference,NA,Democratic,Joseph R. Biden,197
White,Presidential Preference,NA,Democratic,Uncommitted,11
White,Presidential Preference,NA,Republican,Asa Hutchinson,1
White,Presidential Preference,NA,Republican,Chris Christie,0
White,Presidential Preference,NA,Republican,David Stuckenberg,0
White,Presidential Preference,NA,Republican,Donald J. Trump,2855
White,Presidential Preference,NA,Republican,Nikki Haley,292
White,Presidential Preference,NA,Republican,Ron DeSantis,24
White,Presidential Preference,NA,Republican,Ryan Binkley,2
White,Presidential Preference,NA,Republican,Uncommitted,13
White,Presidential Preference,NA,Republican,Vivek Ramaswamy,4
Williamson,Circuit Court Judge Division III,21 (unexpired term),Democratic,No Candidate Qualified,0
Williamson,Circuit Court Judge Division III,21 (unexpired term),Republican,David Veile,16808
Williamson,Circuit Court Judge Division III,21 (unexpired term),Republican,Erin Nations,12892
Williamson,Delegate,5,Republican,Angie McClanahan (DeSantis),313
Williamson,Delegate,5,Republican,Bernard Riney Green (Haley),961
Williamson,Delegate,5,Republican,Billy Wayne Akin (DeSantis),472
Williamson,Delegate,5,Republican,Brad Lytle (Trump),6626
Williamson,Delegate,5,Republican,"Charles ""Brian"" Shipp",1221
Williamson,Delegate,5,Republican,Cyndi Miller (Trump),6667
Williamson,Delegate,5,Republican,Gino Bulso (DeSantis),611
Williamson,Delegate,5,Republican,Lona R. Heins (Trump),6026
Williamson,Delegate,5,Republican,Lulu Elam (Trump),4181
Williamson,Delegate,5,Republican,Matthew Fitterer (Haley),2305
Williamson,Delegate,5,Republican,Minna Gioia (Haley),2064
Williamson,Delegate,5,Republican,Pam Prevost (DeSantis),306
Williamson,Delegate,5,Republican,Robert Arnold (DeSantis),498
Williamson,Delegate,5,Republican,Sandra R. Dickerson (Haley),3427
Williamson,Delegate,5,Republican,Sarah Lytton Buchanan (Haley),3211
Williamson,Delegate,5,Republican,Vincent A. Cuevas (Trump),5008
Williamson,Delegate,7,Republican,"Cassandra ""Casey"" Mahoney (DeSantis)",131
Williamson,Delegate,7,Republican,Cheryl Brown (Trump),2770
Williamson,Delegate,7,Republican,Jeffrey L. Eby (DeSantis),249
Williamson,Delegate,7,Republican,Mark Moore (Trump),2845
Williamson,Delegate,7,Republican,Mary Ann Degan (Haley),1902
Williamson,Delegate,7,Republican,Mary Ann Parks (Trump),1821
Williamson,Delegate,7,Republican,Mary Littleton (Trump),2876
Williamson,Delegate,7,Republican,Michelle Foreman (Trump),3095
Williamson,Delegate,7,Republican,Natalie Pearce (Trump),2054
Williamson,Delegate,7,Republican,Nina M. Kumar (Haley),1878
Williamson,Delegate,7,Republican,Patti Carroll (DeSantis),318
Williamson,Delegate,7,Republican,Richard Lee (DeSantis),267
Williamson,Delegate,7,Republican,Sabi 'Doc' Kumar (Haley),1154
Williamson,Delegate,7,Republican,Susan Price (Haley),1544
Williamson,Delegate,At-Large,Republican,Abigail Arpin (Trump),11525
Williamson,Delegate,At-Large,Republican,Archie Pierce (Haley),2256
Williamson,Delegate,At-Large,Republican,Barbara Boswell (Trump),10750
Williamson,Delegate,At-Large,Republican,Betsy Funk (Haley),7170
Williamson,Delegate,At-Large,Republican,Bill Campbell (DeSantis),1227
Williamson,Delegate,At-Large,Republican,Bill Young (Haley),2412
Williamson,Delegate,At-Large,Republican,Billy J. Stokes (DeSantis),407
Williamson,Delegate,At-Large,Republican,Brad Grantham (DeSantis),903
Williamson,Delegate,At-Large,Republican,Calvin Rogers Clayton (Trump),10884
Williamson,Delegate,At-Large,Republican,Chad Blackburn (Trump),14249
Williamson,Delegate,At-Large,Republican,Chad Story (DeSantis),601
Williamson,Delegate,At-Large,Republican,Charles E. Allen Jr. (DeSantis),2177
Williamson,Delegate,At-Large,Republican,Charlie Cato (DeSantis),992
Williamson,Delegate,At-Large,Republican,Charlotte Myers (Trump),5262
Williamson,Delegate,At-Large,Republican,Cheryl S. Harvey (Haley),7053
Williamson,Delegate,At-Large,Republican,Chris Walker (DeSantis),552
Williamson,Delegate,At-Large,Republican,Debra Maggart Breske (Haley),6082
Williamson,Delegate,At-Large,Republican,Dennis H. Beavers (Trump),13450
Williamson,Delegate,At-Large,Republican,Derrick Calcote (DeSantis),941
Williamson,Delegate,At-Large,Republican,Dia Hart (Uncommitted),479
Williamson,Delegate,At-Large,Republican,Don Alan Miller (Haley),5411
Williamson,Delegate,At-Large,Republican,Emily Pearse (Haley),4131
Williamson,Delegate,At-Large,Republican,Eric Joe Mayo (Haley),6323
Williamson,Delegate,At-Large,Republican,Forrest B. Hutchinson (DeSantis),882
Williamson,Delegate,At-Large,Republican,Gloria A. Giorno (Trump),10956
Williamson,Delegate,At-Large,Republican,Harrison Vinett (Trump),4523
Williamson,Delegate,At-Large,Republican,Jaclyn Colbeth (Trump),9881
Williamson,Delegate,At-Large,Republican,"James C. Phillips, Jr. (Haley)",2366
Williamson,Delegate,At-Large,Republican,Jane G. Ferrell (Haley),6874
Williamson,Delegate,At-Large,Republican,Jason Emert (DeSantis),843
Williamson,Delegate,At-Large,Republican,John R Roberts (DeSantis),563
Williamson,Delegate,At-Large,Republican,John Rose (Trump),7445
Williamson,Delegate,At-Large,Republican,Jonathan Merkh (Haley),5839
Williamson,Delegate,At-Large,Republican,Julia Atchley-Pace (Trump),11105
Williamson,Delegate,At-Large,Republican,Kelly Barger (Trump),11989
Williamson,Delegate,At-Large,Republican,Kevin Desmond (Haley),6194
Williamson,Delegate,At-Large,Republican,Layne Provine (DeSantis),361
Williamson,Delegate,At-Large,Republican,Lisa Ann Flowers (Uncommitted),945
Williamson,Delegate,At-Large,Republican,Lucas Heaton (Trump),5586
Williamson,Delegate,At-Large,Republican,Marilyn Betz (Trump),10007
Williamson,Delegate,At-Large,Republican,Marilyn Hutchinson (DeSantis),911
Williamson,Delegate,At-Large,Republican,Mary Kate Brown (DeSantis),1691
Williamson,Delegate,At-Large,Republican,Mason Foley (Haley),6320
Williamson,Delegate,At-Large,Republican,Max Bonner (Trump),10980
Williamson,Delegate,At-Large,Republican,Michael Fulbright (Haley),6732
Williamson,Delegate,At-Large,Republican,Monica Mountain (DeSantis),753
Williamson,Delegate,At-Large,Republican,Mya Conrad (Trump),9207
Williamson,Delegate,At-Large,Republican,Neil Rader (Haley),2074
Williamson,Delegate,At-Large,Republican,Patricia Woodard (Trump),5318
Williamson,Delegate,At-Large,Republican,Paul Van Hoesen (Haley),2051
Williamson,Delegate,At-Large,Republican,Preston George (Haley),6482
Williamson,Delegate,At-Large,Republican,Rick Williams (Trump),7802
Williamson,Delegate,At-Large,Republican,Robbyn Maylott (Trump),3955
Williamson,Delegate,At-Large,Republican,Samuel Funk (Haley),6312
Williamson,Delegate,At-Large,Republican,Sandi Figg (Haley),6760
Williamson,Delegate,At-Large,Republican,Scott Smith (DeSantis),500
Williamson,Delegate,At-Large,Republican,Sharon B. Anderson (Trump),13100
Williamson,Delegate,At-Large,Republican,Sherri P. Lee (DeSantis),837
Williamson,Delegate,At-Large,Republican,Sondra Morris (DeSantis),819
Williamson,Delegate,At-Large,Republican,Stephanie Nash (Trump),6995
Williamson,Delegate,At-Large,Republican,Steven Tyler Giorno (Trump),10372
Williamson,Delegate,At-Large,Republican,Teresa Dix (DeSantis),898
Williamson,Delegate,At-Large,Republican,Terri Nicholson (Trump),6200
Williamson,Delegate,At-Large,Republican,Tina Benkiser (DeSantis),1213
Williamson,Delegate,At-Large,Republican,Todd R. Cruse (Haley),6155
Williamson,Delegate,At-Large,Republican,Zachary Lambert (Trump),6572
Williamson,District Attorney General,21 (unexpired term),Democratic,No Candidate Qualified,0
Williamson,District Attorney General,21 (unexpired term),Republican,Stacey B. Edmonson,24616
Williamson,Presidential Preference,NA,Democratic,Joseph R. Biden,3532
Williamson,Presidential Preference,NA,Democratic,Uncommitted,255
Williamson,Presidential Preference,NA,Republican,Asa Hutchinson,42
Williamson,Presidential Preference,NA,Republican,Chris Christie,118
Williamson,Presidential Preference,NA,Republican,David Stuckenberg,23
Williamson,Presidential Preference,NA,Republican,Donald J. Trump,21296
Williamson,Presidential Preference,NA,Republican,Nikki Haley,9676
Williamson,Presidential Preference,NA,Republican,Ron DeSantis,706
Williamson,Presidential Preference,NA,Republican,Ryan Binkley,34
Williamson,Presidential Preference,NA,Republican,Uncommitted,437
Williamson,Presidential Preference,NA,Republican,Vivek Ramaswamy,170
Wilson,Delegate,5,Republican,Angie McClanahan (DeSantis),141
Wilson,Delegate,5,Republican,Bernard Riney Green (Haley),365
Wilson,Delegate,5,Republican,Billy Wayne Akin (DeSantis),180
Wilson,Delegate,5,Republican,Brad Lytle (Trump),3924
Wilson,Delegate,5,Republican,"Charles ""Brian"" Shipp",468
Wilson,Delegate,5,Republican,Cyndi Miller (Trump),3071
Wilson,Delegate,5,Republican,Gino Bulso (DeSantis),135
Wilson,Delegate,5,Republican,Lona R. Heins (Trump),2648
Wilson,Delegate,5,Republican,Lulu Elam (Trump),2125
Wilson,Delegate,5,Republican,Matthew Fitterer (Haley),864
Wilson,Delegate,5,Republican,Minna Gioia (Haley),728
Wilson,Delegate,5,Republican,Pam Prevost (DeSantis),115
Wilson,Delegate,5,Republican,Robert Arnold (DeSantis),220
Wilson,Delegate,5,Republican,Sandra R. Dickerson (Haley),1352
Wilson,Delegate,5,Republican,Sarah Lytton Buchanan (Haley),1299
Wilson,Delegate,5,Republican,Vincent A. Cuevas (Trump),3100
Wilson,Delegate,6,Republican,Brock Hill (DeSantis),65
Wilson,Delegate,6,Republican,Chelsea Rose (Trump),851
Wilson,Delegate,6,Republican,Craig Clark (Trump),1210
Wilson,Delegate,6,Republican,Garrett T Floyd (Trump),837
Wilson,Delegate,6,Republican,Jeff Coker (Haley),246
Wilson,Delegate,6,Republican,Kelly Keisling (Trump),699
Wilson,Delegate,6,Republican,Kristy Freewalt (Haley),296
Wilson,Delegate,6,Republican,Laura Baigert (Trump),909
Wilson,Delegate,6,Republican,Luke Tinsley (DeSantis),43
Wilson,Delegate,6,Republican,Mary Andersen (DeSantis),65
Wilson,Delegate,6,Republican,Mike Callahan (Trump),1418
Wilson,Delegate,6,Republican,Nicholas Ivey (Haley),146
Wilson,Delegate,6,Republican,Paige Brown (DeSantis),59
Wilson,Delegate,6,Republican,Randy Stamps (Haley),173
Wilson,Delegate,6,Republican,Richard Murphy (DeSantis),38
Wilson,Delegate,6,Republican,Stanley Bertch (Haley),186
Wilson,Delegate,At-Large,Republican,Abigail Arpin (Trump),6453
Wilson,Delegate,At-Large,Republican,Archie Pierce (Haley),791
Wilson,Delegate,At-Large,Republican,Barbara Boswell (Trump),6942
Wilson,Delegate,At-Large,Republican,Betsy Funk (Haley),2205
Wilson,Delegate,At-Large,Republican,Bill Campbell (DeSantis),702
Wilson,Delegate,At-Large,Republican,Bill Young (Haley),814
Wilson,Delegate,At-Large,Republican,Billy J. Stokes (DeSantis),200
Wilson,Delegate,At-Large,Republican,Brad Grantham (DeSantis),525
Wilson,Delegate,At-Large,Republican,Calvin Rogers Clayton (Trump),7041
Wilson,Delegate,At-Large,Republican,Chad Blackburn (Trump),8013
Wilson,Delegate,At-Large,Republican,Chad Story (DeSantis),204
Wilson,Delegate,At-Large,Republican,Charles E. Allen Jr. (DeSantis),940
Wilson,Delegate,At-Large,Republican,Charlie Cato (DeSantis),519
Wilson,Delegate,At-Large,Republican,Charlotte Myers (Trump),2040
Wilson,Delegate,At-Large,Republican,Cheryl S. Harvey (Haley),2248
Wilson,Delegate,At-Large,Republican,Chris Walker (DeSantis),208
Wilson,Delegate,At-Large,Republican,Debra Maggart Breske (Haley),2042
Wilson,Delegate,At-Large,Republican,Dennis H. Beavers (Trump),7561
Wilson,Delegate,At-Large,Republican,Derrick Calcote (DeSantis),482
Wilson,Delegate,At-Large,Republican,Dia Hart (Uncommitted),198
Wilson,Delegate,At-Large,Republican,Don Alan Miller (Haley),1773
Wilson,Delegate,At-Large,Republican,Emily Pearse (Haley),1366
Wilson,Delegate,At-Large,Republican,Eric Joe Mayo (Haley),1981
Wilson,Delegate,At-Large,Republican,Forrest B. Hutchinson (DeSantis),553
Wilson,Delegate,At-Large,Republican,Gloria A. Giorno (Trump),5433
Wilson,Delegate,At-Large,Republican,Harrison Vinett (Trump),1660
Wilson,Delegate,At-Large,Republican,Jaclyn Colbeth (Trump),6091
Wilson,Delegate,At-Large,Republican,"James C. Phillips, Jr. (Haley)",831
Wilson,Delegate,At-Large,Republican,Jane G. Ferrell (Haley),2181
Wilson,Delegate,At-Large,Republican,Jason Emert (DeSantis),502
Wilson,Delegate,At-Large,Republican,John R Roberts (DeSantis),299
Wilson,Delegate,At-Large,Republican,John Rose (Trump),4105
Wilson,Delegate,At-Large,Republican,Jonathan Merkh (Haley),1915
Wilson,Delegate,At-Large,Republican,Julia Atchley-Pace (Trump),6638
Wilson,Delegate,At-Large,Republican,Kelly Barger (Trump),6827
Wilson,Delegate,At-Large,Republican,Kevin Desmond (Haley),1952
Wilson,Delegate,At-Large,Republican,Layne Provine (DeSantis),219
Wilson,Delegate,At-Large,Republican,Lisa Ann Flowers (Uncommitted),405
Wilson,Delegate,At-Large,Republican,Lucas Heaton (Trump),2850
Wilson,Delegate,At-Large,Republican,Marilyn Betz (Trump),6543
Wilson,Delegate,At-Large,Republican,Marilyn Hutchinson (DeSantis),549
Wilson,Delegate,At-Large,Republican,Mary Kate Brown (DeSantis),710
Wilson,Delegate,At-Large,Republican,Mason Foley (Haley),2036
Wilson,Delegate,At-Large,Republican,Max Bonner (Trump),7083
Wilson,Delegate,At-Large,Republican,Michael Fulbright (Haley),2073
Wilson,Delegate,At-Large,Republican,Monica Mountain (DeSantis),519
Wilson,Delegate,At-Large,Republican,Mya Conrad (Trump),5302
Wilson,Delegate,At-Large,Republican,Neil Rader (Haley),774
Wilson,Delegate,At-Large,Republican,Patricia Woodard (Trump),2080
Wilson,Delegate,At-Large,Republican,Paul Van Hoesen (Haley),675
Wilson,Delegate,At-Large,Republican,Preston George (Haley),2033
Wilson,Delegate,At-Large,Republican,Rick Williams (Trump),2898
Wilson,Delegate,At-Large,Republican,Robbyn Maylott (Trump),1488
Wilson,Delegate,At-Large,Republican,Samuel Funk (Haley),1964
Wilson,Delegate,At-Large,Republican,Sandi Figg (Haley),2151
Wilson,Delegate,At-Large,Republican,Scott Smith (DeSantis),237
Wilson,Delegate,At-Large,Republican,Sharon B. Anderson (Trump),6606
Wilson,Delegate,At-Large,Republican,Sherri P. Lee (DeSantis),508
Wilson,Delegate,At-Large,Republican,Sondra Morris (DeSantis),471
Wilson,Delegate,At-Large,Republican,Stephanie Nash (Trump),2528
Wilson,Delegate,At-Large,Republican,Steven Tyler Giorno (Trump),5418
Wilson,Delegate,At-Large,Republican,Teresa Dix (DeSantis),536
Wilson,Delegate,At-Large,Republican,Terri Nicholson (Trump),2545
Wilson,Delegate,At-Large,Republican,Tina Benkiser (DeSantis),616
Wilson,Delegate,At-Large,Republican,Todd R. Cruse (Haley),1965
Wilson,Delegate,At-Large,Republican,Zachary Lambert (Trump),2768
Wilson,Presidential Preference,NA,Democratic,Joseph R. Biden,1988
Wilson,Presidential Preference,NA,Democratic,Uncommitted,148
Wilson,Presidential Preference,NA,Republican,Asa Hutchinson,10
Wilson,Presidential Preference,NA,Republican,Chris Christie,70
Wilson,Presidential Preference,NA,Republican,David Stuckenberg,14
Wilson,Presidential Preference,NA,Republican,Donald J. Trump,12454
Wilson,Presidential Preference,NA,Republican,Nikki Haley,3341
Wilson,Presidential Preference,NA,Republican,Ron DeSantis,264
Wilson,Presidential Preference,NA,Republican,Ryan Binkley,20
Wilson,Presidential Preference,NA,Republican,Uncommitted,187
Wilson,Presidential Preference,NA,Republican,Vivek Ramaswamy,57
