county,office,district,party,candidate,votes
Anderson,Chancellor,7 (unexpired term),Republican,Daniel Forrester,6521
Anderson,Court of Criminal Appeals - Western Division,NA,,Replace - Matthew J. Wilson,1877
Anderson,Court of Criminal Appeals - Western Division,NA,,Retain - Matthew J. Wilson,5483
Anderson,State Executive Committeeman,5 (unexpired term),Democratic,D. Scott Hammond,2395
Anderson,State House,33,Democratic,Anne Backus,2381
Anderson,State House,33,Republican,John D Ragan,2705
Anderson,State House,33,Republican,Rick Scarbrough,2963
Anderson,State House,41,Democratic,Joel Derek Hawn,226
Anderson,State House,41,Republican,Ed Butler,633
Anderson,Supreme Court,NA,,Replace - Dwight Tarwater,2041
Anderson,Supreme Court,NA,,Retain - Dwight Tarwater,5464
Anderson,U.S. House,3,Democratic,Jack Allen,2477
Anderson,U.S. House,3,Republican,Chuck Fleischmann,5633
Anderson,U.S. House,3,Republican,Write-In - David Fey,0
Anderson,U.S. Senate,NA,Democratic,Civil Miller-Watkins,55
Anderson,U.S. Senate,NA,Democratic,Gloria Johnson,2183
Anderson,U.S. Senate,NA,Democratic,Lola Denise Brown,77
Anderson,U.S. Senate,NA,Democratic,Marquita Bradshaw,420
Anderson,U.S. Senate,NA,Republican,Marsha Blackburn,5185
Anderson,U.S. Senate,NA,Republican,Tres Wittum,993
Anderson,U.S. Senate,NA,Republican,Write-In - David Fey,0
Bedford,Court of Criminal Appeals - Western Division,NA,,Replace - Matthew J. Wilson,333
Bedford,Court of Criminal Appeals - Western Division,NA,,Retain - Matthew J. Wilson,1184
Bedford,State Executive Committeeman,14 (unexpired term),Democratic,Erick E. Huth,119
Bedford,State Executive Committeeman,14 (unexpired term),Democratic,Matt Ferry,219
Bedford,State House,62,Democratic,No Candidate Qualified,0
Bedford,State House,62,Republican,Pat Marsh,1464
Bedford,State Senate,14,Democratic,E. R. Smith,300
Bedford,State Senate,14,Republican,Shane Reeves,1401
Bedford,Supreme Court,NA,,Replace - Dwight Tarwater,342
Bedford,Supreme Court,NA,,Retain - Dwight Tarwater,1175
Bedford,U.S. House,4,Democratic,Victoria Isabel Broderick,308
Bedford,U.S. House,4,Republican,Joshua James,81
Bedford,U.S. House,4,Republican,Scott DesJarlais,1196
Bedford,U.S. House,4,Republican,Thomas E. Davis,233
Bedford,U.S. Senate,NA,Democratic,Civil Miller-Watkins,9
Bedford,U.S. Senate,NA,Democratic,Gloria Johnson,301
Bedford,U.S. Senate,NA,Democratic,Lola Denise Brown,10
Bedford,U.S. Senate,NA,Democratic,Marquita Bradshaw,58
Bedford,U.S. Senate,NA,Republican,Marsha Blackburn,1417
Bedford,U.S. Senate,NA,Republican,Tres Wittum,119
Bedford,U.S. Senate,NA,Republican,Write-In - David Fey,0
Benton,Court of Criminal Appeals - Western Division,NA,,Replace - Matthew J. Wilson,285
Benton,Court of Criminal Appeals - Western Division,NA,,Retain - Matthew J. Wilson,888
Benton,State Executive Committeeman,24 (unexpired term),Democratic,Mark Flake,171
Benton,State Executive Committeewoman,24 (unexpired term),Democratic,Elizabeth LeMoine,29
Benton,State Executive Committeewoman,24 (unexpired term),Democratic,Tammy Floyd-Wade,98
Benton,State Executive Committeewoman,24 (unexpired term),Democratic,Virginia Ginger House,71
Benton,State House,74,Democratic,No Candidate Qualified,0
Benton,State House,74,Republican,Jay D. Reedy,901
Benton,State Senate,24,Democratic,No Candidate Qualified,0
Benton,State Senate,24,Republican,"Charles ""Charlie"" Cooper",482
Benton,State Senate,24,Republican,John D. Stevens,648
Benton,Supreme Court,NA,,Replace - Dwight Tarwater,290
Benton,Supreme Court,NA,,Retain - Dwight Tarwater,887
Benton,U.S. House,7,Democratic,Megan Barry,144
Benton,U.S. House,7,Republican,Mark E. Green,709
Benton,U.S. House,8,Democratic,Brenda Woods,20
Benton,U.S. House,8,Democratic,Lawrence A. Pivnick,8
Benton,U.S. House,8,Democratic,Leonard Perkins,7
Benton,U.S. House,8,Democratic,Lynnette P. Williams,18
Benton,U.S. House,8,Democratic,Sarah Freeman,43
Benton,U.S. House,8,Republican,David Kustoff,323
Benton,U.S. Senate,NA,Democratic,Civil Miller-Watkins,7
Benton,U.S. Senate,NA,Democratic,Gloria Johnson,193
Benton,U.S. Senate,NA,Democratic,Lola Denise Brown,13
Benton,U.S. Senate,NA,Democratic,Marquita Bradshaw,51
Benton,U.S. Senate,NA,Republican,Marsha Blackburn,1065
Benton,U.S. Senate,NA,Republican,Tres Wittum,87
Benton,U.S. Senate,NA,Republican,Write-In - David Fey,0
Bledsoe,Court of Criminal Appeals - Western Division,NA,,Replace - Matthew J. Wilson,337
Bledsoe,Court of Criminal Appeals - Western Division,NA,,Retain - Matthew J. Wilson,1007
Bledsoe,State House,31,Democratic,Brittany Lynn Warfel,187
Bledsoe,State House,31,Republican,Richard W Smith,777
Bledsoe,State House,31,Republican,Ron Travis,751
Bledsoe,State Senate,10,Democratic,Missy Crutchfield,200
Bledsoe,State Senate,10,Republican,Edward (Ed) LeCompte,238
Bledsoe,State Senate,10,Republican,Todd Gardenhire,1120
Bledsoe,Supreme Court,NA,,Replace - Dwight Tarwater,367
Bledsoe,Supreme Court,NA,,Retain - Dwight Tarwater,1016
Bledsoe,U.S. House,4,Democratic,Victoria Isabel Broderick,178
Bledsoe,U.S. House,4,Republican,Joshua James,80
Bledsoe,U.S. House,4,Republican,Scott DesJarlais,1052
Bledsoe,U.S. House,4,Republican,Thomas E. Davis,275
Bledsoe,U.S. Senate,NA,Democratic,Civil Miller-Watkins,7
Bledsoe,U.S. Senate,NA,Democratic,Gloria Johnson,136
Bledsoe,U.S. Senate,NA,Democratic,Lola Denise Brown,27
Bledsoe,U.S. Senate,NA,Democratic,Marquita Bradshaw,40
Bledsoe,U.S. Senate,NA,Republican,Marsha Blackburn,1350
Bledsoe,U.S. Senate,NA,Republican,Tres Wittum,111
Bledsoe,U.S. Senate,NA,Republican,Write-In - David Fey,0
Blount,Court of Criminal Appeals - Western Division,NA,,Replace - Matthew J. Wilson,2959
Blount,Court of Criminal Appeals - Western Division,NA,,Retain - Matthew J. Wilson,10397
Blount,State Executive Committeeman,2 (unexpired term),Republican,Bill Russell,3391
Blount,State Executive Committeeman,2 (unexpired term),Republican,Brandon M. Leitch,2231
Blount,State Executive Committeeman,2 (unexpired term),Republican,Darrell L Tipton,5238
Blount,State House,20,Democratic,Karen Gertz,1392
Blount,State House,20,Republican,Jason Emert,2130
Blount,State House,20,Republican,Nick Bright,2214
Blount,State House,20,Republican,Tom Stinnett,2352
Blount,State House,8,Democratic,Mac Pickle,276
Blount,State House,8,Democratic,Sue DuBois,1022
Blount,State House,8,Republican,Jerome Moon,5686
Blount,State Senate,2,Democratic,Patti Young,2695
Blount,State Senate,2,Republican,Bryan Richey,2585
Blount,State Senate,2,Republican,John G. Pullias,1083
Blount,State Senate,2,Republican,Tom Hatcher,9008
Blount,Supreme Court,NA,,Replace - Dwight Tarwater,3020
Blount,Supreme Court,NA,,Retain - Dwight Tarwater,10660
Blount,U.S. House,2,Democratic,Jane George,2671
Blount,U.S. House,2,Republican,Tim Burchett,12071
Blount,U.S. Senate,NA,Democratic,Civil Miller-Watkins,51
Blount,U.S. Senate,NA,Democratic,Gloria Johnson,2340
Blount,U.S. Senate,NA,Democratic,Lola Denise Brown,72
Blount,U.S. Senate,NA,Democratic,Marquita Bradshaw,323
Blount,U.S. Senate,NA,Republican,Marsha Blackburn,11152
Blount,U.S. Senate,NA,Republican,Tres Wittum,1509
Blount,U.S. Senate,NA,Republican,Write-In - David Fey,0
Bradley,Court of Criminal Appeals - Western Division,NA,,Replace - Matthew J. Wilson,1097
Bradley,Court of Criminal Appeals - Western Division,NA,,Retain - Matthew J. Wilson,4938
Bradley,District Attorney General,10 (unexpired term),Republican,Stephen Hatchett,6006
Bradley,State Executive Committeeman,2 (unexpired term),Republican,Bill Russell,89
Bradley,State Executive Committeeman,2 (unexpired term),Republican,Brandon M. Leitch,46
Bradley,State Executive Committeeman,2 (unexpired term),Republican,Darrell L Tipton,28
Bradley,State House,22,Democratic,Anna Grabowski,149
Bradley,State House,22,Democratic,Stan Hurder,72
Bradley,State House,22,Republican,Dan Howell,1791
Bradley,State House,24,Democratic,Andrea Chase,590
Bradley,State House,24,Republican,Kevin Raper,2441
Bradley,State House,24,Republican,Troy Weathers,1797
Bradley,State Senate,2,Democratic,Patti Young,19
Bradley,State Senate,2,Republican,Bryan Richey,21
Bradley,State Senate,2,Republican,John G. Pullias,10
Bradley,State Senate,2,Republican,Tom Hatcher,141
Bradley,Supreme Court,NA,,Replace - Dwight Tarwater,1173
Bradley,Supreme Court,NA,,Retain - Dwight Tarwater,4870
Bradley,U.S. House,3,Democratic,Jack Allen,781
Bradley,U.S. House,3,Republican,Chuck Fleischmann,5538
Bradley,U.S. House,3,Republican,Write-In - David Fey,0
Bradley,U.S. Senate,NA,Democratic,Civil Miller-Watkins,30
Bradley,U.S. Senate,NA,Democratic,Gloria Johnson,617
Bradley,U.S. Senate,NA,Democratic,Lola Denise Brown,63
Bradley,U.S. Senate,NA,Democratic,Marquita Bradshaw,184
Bradley,U.S. Senate,NA,Republican,Marsha Blackburn,5401
Bradley,U.S. Senate,NA,Republican,Tres Wittum,640
Bradley,U.S. Senate,NA,Republican,Write-In - David Fey,0
Campbell,Court of Criminal Appeals - Western Division,NA,,Replace - Matthew J. Wilson,899
Campbell,Court of Criminal Appeals - Western Division,NA,,Retain - Matthew J. Wilson,2978
Campbell,State Executive Committeeman,12 (unexpired term),Democratic,Robert M. Young,436
Campbell,State Executive Committeewoman,12 (unexpired term),Democratic,Carol V Abney,435
Campbell,State Executive Committeewoman,12 (unexpired term),Republican,Ann Ayers-Colvin,3373
Campbell,State House,36,Democratic,No Candidate Qualified,0
Campbell,State House,36,Republican,Dennis Powers,3928
Campbell,State Senate,12,Democratic,Curtis Kelly,470
Campbell,State Senate,12,Republican,Ken Yager,3668
Campbell,State Senate,12,Republican,Teena Hedrick,538
Campbell,Supreme Court,NA,,Replace - Dwight Tarwater,955
Campbell,Supreme Court,NA,,Retain - Dwight Tarwater,3025
Campbell,U.S. House,2,Democratic,Jane George,241
Campbell,U.S. House,2,Republican,Tim Burchett,1971
Campbell,U.S. House,3,Democratic,Jack Allen,234
Campbell,U.S. House,3,Republican,Chuck Fleischmann,1999
Campbell,U.S. House,3,Republican,Write-In - David Fey,0
Campbell,U.S. Senate,NA,Democratic,Civil Miller-Watkins,26
Campbell,U.S. Senate,NA,Democratic,Gloria Johnson,402
Campbell,U.S. Senate,NA,Democratic,Lola Denise Brown,32
Campbell,U.S. Senate,NA,Democratic,Marquita Bradshaw,101
Campbell,U.S. Senate,NA,Republican,Marsha Blackburn,3751
Campbell,U.S. Senate,NA,Republican,Tres Wittum,395
Campbell,U.S. Senate,NA,Republican,Write-In - David Fey,0
Cannon,Circuit Court Judge Division I,16 (unexpired term),Independent,Terry Fann,1127
Cannon,Court of Criminal Appeals - Western Division,NA,,Replace - Matthew J. Wilson,248
Cannon,Court of Criminal Appeals - Western Division,NA,,Retain - Matthew J. Wilson,840
Cannon,State Executive Committeeman,14 (unexpired term),Democratic,Erick E. Huth,49
Cannon,State Executive Committeeman,14 (unexpired term),Democratic,Matt Ferry,114
Cannon,State House,40,Democratic,Daniel T. Hawthorne,158
Cannon,State House,40,Republican,Michael Hale,1063
Cannon,State Senate,14,Democratic,E. R. Smith,153
Cannon,State Senate,14,Republican,Shane Reeves,972
Cannon,Supreme Court,NA,,Replace - Dwight Tarwater,250
Cannon,Supreme Court,NA,,Retain - Dwight Tarwater,837
Cannon,U.S. House,6,Democratic,Clay Faircloth,64
Cannon,U.S. House,6,Democratic,Cyril Focht,27
Cannon,U.S. House,6,Democratic,Lore Bergman,77
Cannon,U.S. House,6,Republican,John Rose,1024
Cannon,U.S. Senate,NA,Democratic,Civil Miller-Watkins,5
Cannon,U.S. Senate,NA,Democratic,Gloria Johnson,151
Cannon,U.S. Senate,NA,Democratic,Lola Denise Brown,17
Cannon,U.S. Senate,NA,Democratic,Marquita Bradshaw,24
Cannon,U.S. Senate,NA,Republican,Marsha Blackburn,1056
Cannon,U.S. Senate,NA,Republican,Tres Wittum,110
Cannon,U.S. Senate,NA,Republican,Write-In - David Fey,0
Carroll,Court of Criminal Appeals - Western Division,NA,,Replace - Matthew J. Wilson,271
Carroll,Court of Criminal Appeals - Western Division,NA,,Retain - Matthew J. Wilson,1404
Carroll,State Executive Committeeman,24 (unexpired term),Democratic,Mark Flake,243
Carroll,State Executive Committeewoman,24 (unexpired term),Democratic,Elizabeth LeMoine,42
Carroll,State Executive Committeewoman,24 (unexpired term),Democratic,Tammy Floyd-Wade,138
Carroll,State Executive Committeewoman,24 (unexpired term),Democratic,Virginia Ginger House,145
Carroll,State House,76,Democratic,No Candidate Qualified,0
Carroll,State House,76,Republican,Tandy Darby,729
Carroll,State House,79,Democratic,No Candidate Qualified,0
Carroll,State House,79,Republican,Brock Martin,827
Carroll,State Senate,24,Democratic,No Candidate Qualified,0
Carroll,State Senate,24,Republican,"Charles ""Charlie"" Cooper",353
Carroll,State Senate,24,Republican,John D. Stevens,1238
Carroll,Supreme Court,NA,,Replace - Dwight Tarwater,285
Carroll,Supreme Court,NA,,Retain - Dwight Tarwater,1393
Carroll,U.S. House,8,Democratic,Brenda Woods,52
Carroll,U.S. House,8,Democratic,Lawrence A. Pivnick,12
Carroll,U.S. House,8,Democratic,Leonard Perkins,76
Carroll,U.S. House,8,Democratic,Lynnette P. Williams,62
Carroll,U.S. House,8,Democratic,Sarah Freeman,114
Carroll,U.S. House,8,Republican,David Kustoff,1565
Carroll,U.S. Senate,NA,Democratic,Civil Miller-Watkins,6
Carroll,U.S. Senate,NA,Democratic,Gloria Johnson,191
Carroll,U.S. Senate,NA,Democratic,Lola Denise Brown,34
Carroll,U.S. Senate,NA,Democratic,Marquita Bradshaw,104
Carroll,U.S. Senate,NA,Republican,Marsha Blackburn,1532
Carroll,U.S. Senate,NA,Republican,Tres Wittum,113
Carroll,U.S. Senate,NA,Republican,Write-In - David Fey,0
Carter,Court of Criminal Appeals - Western Division,NA,,Replace - Matthew J. Wilson,901
Carter,Court of Criminal Appeals - Western Division,NA,,Retain - Matthew J. Wilson,3095
Carter,State House,3,Democratic,Lori Love,33
Carter,State House,3,Republican,Timothy Aaron Hill,493
Carter,State House,4,Democratic,No Candidate Qualified,0
Carter,State House,4,Republican,Curt Alexander,1722
Carter,State House,4,Republican,Renea Jones,2676
Carter,Supreme Court,NA,,Replace - Dwight Tarwater,935
Carter,Supreme Court,NA,,Retain - Dwight Tarwater,3093
Carter,U.S. House,1,Democratic,Bennett H Lapides,118
Carter,U.S. House,1,Democratic,Kevin Jenkins,211
Carter,U.S. House,1,Republican,Diana Harshbarger,4230
Carter,U.S. Senate,NA,Democratic,Civil Miller-Watkins,13
Carter,U.S. Senate,NA,Democratic,Gloria Johnson,269
Carter,U.S. Senate,NA,Democratic,Lola Denise Brown,24
Carter,U.S. Senate,NA,Democratic,Marquita Bradshaw,63
Carter,U.S. Senate,NA,Republican,Marsha Blackburn,4446
Carter,U.S. Senate,NA,Republican,Tres Wittum,359
Carter,U.S. Senate,NA,Republican,Write-In - David Fey,0
Cheatham,Court of Criminal Appeals - Western Division,NA,,Replace - Matthew J. Wilson,806
Cheatham,Court of Criminal Appeals - Western Division,NA,,Retain - Matthew J. Wilson,2554
Cheatham,State Executive Committeeman,23 (unexpired term),Democratic,Zacharie Kinslow,915
Cheatham,State Executive Committeewoman,23 (unexpired term),Democratic,Emily K. McCartney,609
Cheatham,State Executive Committeewoman,23 (unexpired term),Democratic,Jenny Fulle,250
Cheatham,State House,78,Democratic,Deborah Castle Doyle,944
Cheatham,State House,78,Republican,Justin Spurlock,541
Cheatham,State House,78,Republican,Mary Littleton,2131
Cheatham,Supreme Court,NA,,Replace - Dwight Tarwater,877
Cheatham,Supreme Court,NA,,Retain - Dwight Tarwater,2505
Cheatham,U.S. House,7,Democratic,Megan Barry,950
Cheatham,U.S. House,7,Republican,Mark E. Green,2558
Cheatham,U.S. Senate,NA,Democratic,Civil Miller-Watkins,21
Cheatham,U.S. Senate,NA,Democratic,Gloria Johnson,773
Cheatham,U.S. Senate,NA,Democratic,Lola Denise Brown,41
Cheatham,U.S. Senate,NA,Democratic,Marquita Bradshaw,153
Cheatham,U.S. Senate,NA,Republican,Marsha Blackburn,2421
Cheatham,U.S. Senate,NA,Republican,Tres Wittum,238
Cheatham,U.S. Senate,NA,Republican,Write-In - David Fey,0
Chester,Court of Criminal Appeals - Western Division,NA,,Replace - Matthew J. Wilson,325
Chester,Court of Criminal Appeals - Western Division,NA,,Retain - Matthew J. Wilson,1416
Chester,State Executive Committeewoman,26 (unexpired term),Republican,Stacey Hardin Brewer,1387
Chester,State House,72,Democratic,No Candidate Qualified,0
Chester,State House,72,Republican,Kirk Haston,1595
Chester,State Senate,26,Democratic,No Candidate Qualified,0
Chester,State Senate,26,Republican,Page Walley,1598
Chester,Supreme Court,NA,,Replace - Dwight Tarwater,344
Chester,Supreme Court,NA,,Retain - Dwight Tarwater,1380
Chester,U.S. House,8,Democratic,Brenda Woods,77
Chester,U.S. House,8,Democratic,Lawrence A. Pivnick,22
Chester,U.S. House,8,Democratic,Leonard Perkins,22
Chester,U.S. House,8,Democratic,Lynnette P. Williams,34
Chester,U.S. House,8,Democratic,Sarah Freeman,68
Chester,U.S. House,8,Republican,David Kustoff,1622
Chester,U.S. Senate,NA,Democratic,Civil Miller-Watkins,17
Chester,U.S. Senate,NA,Democratic,Gloria Johnson,135
Chester,U.S. Senate,NA,Democratic,Lola Denise Brown,20
Chester,U.S. Senate,NA,Democratic,Marquita Bradshaw,63
Chester,U.S. Senate,NA,Republican,Marsha Blackburn,1596
Chester,U.S. Senate,NA,Republican,Tres Wittum,110
Chester,U.S. Senate,NA,Republican,Write-In - David Fey,0
Claiborne,Court of Criminal Appeals - Western Division,NA,,Replace - Matthew J. Wilson,789
Claiborne,Court of Criminal Appeals - Western Division,NA,,Retain - Matthew J. Wilson,2719
Claiborne,State Executive Committeewoman,8 (unexpired term),Republican,Patty Mills,2841
Claiborne,State House,36,Democratic,No Candidate Qualified,0
Claiborne,State House,36,Republican,Dennis Powers,1223
Claiborne,State House,9,Democratic,No Candidate Qualified,0
Claiborne,State House,9,Republican,Gary W Hicks Jr,1786
Claiborne,State Senate,8,Democratic,R. E. Ellison,306
Claiborne,State Senate,8,Republican,Frank S. Niceley,1316
Claiborne,State Senate,8,Republican,Jessie Seal,2554
Claiborne,Supreme Court,NA,,Replace - Dwight Tarwater,825
Claiborne,Supreme Court,NA,,Retain - Dwight Tarwater,2693
Claiborne,U.S. House,2,Democratic,Jane George,313
Claiborne,U.S. House,2,Republican,Tim Burchett,3636
Claiborne,U.S. Senate,NA,Democratic,Civil Miller-Watkins,11
Claiborne,U.S. Senate,NA,Democratic,Gloria Johnson,289
Claiborne,U.S. Senate,NA,Democratic,Lola Denise Brown,30
Claiborne,U.S. Senate,NA,Democratic,Marquita Bradshaw,54
Claiborne,U.S. Senate,NA,Republican,Marsha Blackburn,3522
Claiborne,U.S. Senate,NA,Republican,Tres Wittum,322
Claiborne,U.S. Senate,NA,Republican,Write-In - David Fey,0
Clay,Court of Criminal Appeals - Western Division,NA,,Replace - Matthew J. Wilson,217
Clay,Court of Criminal Appeals - Western Division,NA,,Retain - Matthew J. Wilson,554
Clay,Criminal Court Judge Part III,13,Republican,Shawn C. Fry,733
Clay,State Executive Committeeman,12 (unexpired term),Democratic,Robert M. Young,105
Clay,State Executive Committeewoman,12 (unexpired term),Democratic,Carol V Abney,140
Clay,State Executive Committeewoman,12 (unexpired term),Republican,Ann Ayers-Colvin,638
Clay,State House,38,Democratic,No Candidate Qualified,0
Clay,State House,38,Republican,Kelly T Keisling,774
Clay,State Senate,12,Democratic,Curtis Kelly,113
Clay,State Senate,12,Republican,Ken Yager,602
Clay,State Senate,12,Republican,Teena Hedrick,161
Clay,Supreme Court,NA,,Replace - Dwight Tarwater,227
Clay,Supreme Court,NA,,Retain - Dwight Tarwater,546
Clay,U.S. House,6,Democratic,Clay Faircloth,50
Clay,U.S. House,6,Democratic,Cyril Focht,21
Clay,U.S. House,6,Democratic,Lore Bergman,62
Clay,U.S. House,6,Republican,John Rose,722
Clay,U.S. Senate,NA,Democratic,Civil Miller-Watkins,9
Clay,U.S. Senate,NA,Democratic,Gloria Johnson,90
Clay,U.S. Senate,NA,Democratic,Lola Denise Brown,17
Clay,U.S. Senate,NA,Democratic,Marquita Bradshaw,32
Clay,U.S. Senate,NA,Republican,Marsha Blackburn,758
Clay,U.S. Senate,NA,Republican,Tres Wittum,61
Clay,U.S. Senate,NA,Republican,Write-In - David Fey,0
Cocke,Court of Criminal Appeals - Western Division,NA,,Replace - Matthew J. Wilson,337
Cocke,Court of Criminal Appeals - Western Division,NA,,Retain - Matthew J. Wilson,1441
Cocke,State Executive Committeeman,9 (unexpired term),Democratic,Noah Adkins,205
Cocke,State House,11,Democratic,Justin L. Gross,202
Cocke,State House,11,Republican,Jeremy Faison,1762
Cocke,Supreme Court,NA,,Replace - Dwight Tarwater,343
Cocke,Supreme Court,NA,,Retain - Dwight Tarwater,1459
Cocke,U.S. House,1,Democratic,Bennett H Lapides,69
Cocke,U.S. House,1,Democratic,Kevin Jenkins,144
Cocke,U.S. House,1,Republican,Diana Harshbarger,1805
Cocke,U.S. Senate,NA,Democratic,Civil Miller-Watkins,3
Cocke,U.S. Senate,NA,Democratic,Gloria Johnson,200
Cocke,U.S. Senate,NA,Democratic,Lola Denise Brown,9
Cocke,U.S. Senate,NA,Democratic,Marquita Bradshaw,34
Cocke,U.S. Senate,NA,Republican,Marsha Blackburn,1868
Cocke,U.S. Senate,NA,Republican,Tres Wittum,105
Cocke,U.S. Senate,NA,Republican,Write-In - David Fey,0
Coffee,Court of Criminal Appeals - Western Division,NA,,Replace - Matthew J. Wilson,1220
Coffee,Court of Criminal Appeals - Western Division,NA,,Retain - Matthew J. Wilson,3930
Coffee,State Executive Committeewoman,16 (unexpired term),Democratic,Rupa Blackwell,1054
Coffee,State House,47,Democratic,No Candidate Qualified,0
Coffee,State House,47,Republican,Rush Bricken,4317
Coffee,State Senate,16,Democratic,Wayne Steele,966
Coffee,State Senate,16,Republican,Janice Bowling,4426
Coffee,Supreme Court,NA,,Replace - Dwight Tarwater,1278
Coffee,Supreme Court,NA,,Retain - Dwight Tarwater,3877
Coffee,U.S. House,4,Democratic,Victoria Isabel Broderick,998
Coffee,U.S. House,4,Republican,Joshua James,376
Coffee,U.S. House,4,Republican,Scott DesJarlais,3309
Coffee,U.S. House,4,Republican,Thomas E. Davis,885
Coffee,U.S. Senate,NA,Democratic,Civil Miller-Watkins,25
Coffee,U.S. Senate,NA,Democratic,Gloria Johnson,849
Coffee,U.S. Senate,NA,Democratic,Lola Denise Brown,79
Coffee,U.S. Senate,NA,Democratic,Marquita Bradshaw,206
Coffee,U.S. Senate,NA,Republican,Marsha Blackburn,4344
Coffee,U.S. Senate,NA,Republican,Tres Wittum,443
Coffee,U.S. Senate,NA,Republican,Write-In - David Fey,0
Crockett,Court of Criminal Appeals - Western Division,NA,,Replace - Matthew J. Wilson,80
Crockett,Court of Criminal Appeals - Western Division,NA,,Retain - Matthew J. Wilson,504
Crockett,State Executive Committeeman,25 (unexpired term),Democratic,Byron Elam,40
Crockett,State Executive Committeeman,25 (unexpired term),Democratic,Toney G. Campbell,42
Crockett,State House,82,Democratic,No Candidate Qualified,0
Crockett,State House,82,Republican,Chris Hurt,579
Crockett,Supreme Court,NA,,Replace - Dwight Tarwater,89
Crockett,Supreme Court,NA,,Retain - Dwight Tarwater,501
Crockett,U.S. House,8,Democratic,Brenda Woods,26
Crockett,U.S. House,8,Democratic,Lawrence A. Pivnick,8
Crockett,U.S. House,8,Democratic,Leonard Perkins,17
Crockett,U.S. House,8,Democratic,Lynnette P. Williams,12
Crockett,U.S. House,8,Democratic,Sarah Freeman,35
Crockett,U.S. House,8,Republican,David Kustoff,587
Crockett,U.S. Senate,NA,Democratic,Civil Miller-Watkins,4
Crockett,U.S. Senate,NA,Democratic,Gloria Johnson,75
Crockett,U.S. Senate,NA,Democratic,Lola Denise Brown,0
Crockett,U.S. Senate,NA,Democratic,Marquita Bradshaw,33
Crockett,U.S. Senate,NA,Republican,Marsha Blackburn,588
Crockett,U.S. Senate,NA,Republican,Tres Wittum,32
Crockett,U.S. Senate,NA,Republican,Write-In - David Fey,0
Cumberland,Court of Criminal Appeals - Western Division,NA,,Replace - Matthew J. Wilson,636
Cumberland,Court of Criminal Appeals - Western Division,NA,,Retain - Matthew J. Wilson,2931
Cumberland,Criminal Court Judge Part III,13,Republican,Shawn C. Fry,3438
Cumberland,State Executive Committeeman,15 (unexpired term),Democratic,Troy Smith,666
Cumberland,State House,25,Democratic,Wesley M. Adkins,697
Cumberland,State House,25,Republican,Cameron Sexton,3257
Cumberland,Supreme Court,NA,,Replace - Dwight Tarwater,672
Cumberland,Supreme Court,NA,,Retain - Dwight Tarwater,2913
Cumberland,U.S. House,6,Democratic,Clay Faircloth,268
Cumberland,U.S. House,6,Democratic,Cyril Focht,129
Cumberland,U.S. House,6,Democratic,Lore Bergman,318
Cumberland,U.S. House,6,Republican,John Rose,3129
Cumberland,U.S. Senate,NA,Democratic,Civil Miller-Watkins,19
Cumberland,U.S. Senate,NA,Democratic,Gloria Johnson,663
Cumberland,U.S. Senate,NA,Democratic,Lola Denise Brown,19
Cumberland,U.S. Senate,NA,Democratic,Marquita Bradshaw,79
Cumberland,U.S. Senate,NA,Republican,Marsha Blackburn,3170
Cumberland,U.S. Senate,NA,Republican,Tres Wittum,246
Cumberland,U.S. Senate,NA,Republican,Write-In - David Fey,0
Davidson,Circuit Court Judge Division IV,20 (unexpired term),Democratic,Stephanie J. Williams,50763
Davidson,Court of Criminal Appeals - Western Division,NA,,Replace - Matthew J. Wilson,17049
Davidson,Court of Criminal Appeals - Western Division,NA,,Retain - Matthew J. Wilson,37938
Davidson,State Executive Committeeman,19 (unexpired term),Democratic,Jonathan Saad,10730
Davidson,State Executive Committeeman,20 (unexpired term),Democratic,Adrian Bahan,6602
Davidson,State Executive Committeeman,20 (unexpired term),Democratic,Matt Anderson,8658
Davidson,State Executive Committeewoman,17 (unexpired term),Democratic,Brittany Orpurt-Hilton,987
Davidson,State Executive Committeewoman,17 (unexpired term),Democratic,Sherry Jones,2430
Davidson,State Executive Committeewoman,19 (unexpired term),Republican,Natisha Brooks,1091
Davidson,State Executive Committeewoman,21 (unexpired term),Democratic,Jennifer Watson,10000
Davidson,State Executive Committeewoman,21 (unexpired term),Republican,Larawn Scaife Rhea,2982
Davidson,State House,50,Democratic,Bo Mitchell,3931
Davidson,State House,50,Republican,Jennifer Frensley Webb,2237
Davidson,State House,51,Democratic,Aftyn Behn,6145
Davidson,State House,51,Republican,No Candidate Qualified,0
Davidson,State House,52,Democratic,Justin Jones,3127
Davidson,State House,52,Republican,Laura Nelson,861
Davidson,State House,53,Democratic,Jason L Powell,2847
Davidson,State House,53,Republican,Yog Nepal,1161
Davidson,State House,54,Democratic,Vincent Dixie,5897
Davidson,State House,54,Republican,No Candidate Qualified,0
Davidson,State House,55,Democratic,John Ray Clemmons,2432
Davidson,State House,55,Republican,No Candidate Qualified,0
Davidson,State House,56,Democratic,Bob Freeman,4806
Davidson,State House,56,Democratic,Nick Forster-Benson,902
Davidson,State House,56,Republican,No Candidate Qualified,0
Davidson,State House,58,Democratic,"Harold M. Love, Jr.",3584
Davidson,State House,58,Republican,No Candidate Qualified,0
Davidson,State House,59,Democratic,Caleb Hemmer,5024
Davidson,State House,59,Republican,No Candidate Qualified,0
Davidson,State House,60,Democratic,John W. Parrish,116
Davidson,State House,60,Democratic,Shaundelle Brooks,2583
Davidson,State House,60,Democratic,Tyler Brasher,2215
Davidson,State House,60,Republican,Chad Bobo,1951
Davidson,State House,60,Republican,Christopher Huff,881
Davidson,State Senate,20,Democratic,Heidi Campbell,17158
Davidson,State Senate,20,Republican,Wyatt Rampy,8818
Davidson,Supreme Court,NA,,Replace - Dwight Tarwater,18054
Davidson,Supreme Court,NA,,Retain - Dwight Tarwater,37305
Davidson,U.S. House,5,Democratic,Maryam Abolfazli,18318
Davidson,U.S. House,5,Republican,Andy Ogles,6697
Davidson,U.S. House,5,Republican,Courtney Johnston,9160
Davidson,U.S. House,6,Democratic,Clay Faircloth,4682
Davidson,U.S. House,6,Democratic,Cyril Focht,2713
Davidson,U.S. House,6,Democratic,Lore Bergman,5006
Davidson,U.S. House,6,Republican,John Rose,2857
Davidson,U.S. House,7,Democratic,Megan Barry,11322
Davidson,U.S. House,7,Republican,Mark E. Green,2005
Davidson,U.S. Senate,NA,Democratic,Civil Miller-Watkins,619
Davidson,U.S. Senate,NA,Democratic,Gloria Johnson,36019
Davidson,U.S. Senate,NA,Democratic,Lola Denise Brown,1194
Davidson,U.S. Senate,NA,Democratic,Marquita Bradshaw,7249
Davidson,U.S. Senate,NA,Republican,Marsha Blackburn,16775
Davidson,U.S. Senate,NA,Republican,Tres Wittum,4079
Davidson,U.S. Senate,NA,Republican,Write-In - David Fey,0
DeKalb,Court of Criminal Appeals - Western Division,NA,,Replace - Matthew J. Wilson,256
DeKalb,Court of Criminal Appeals - Western Division,NA,,Retain - Matthew J. Wilson,672
DeKalb,Criminal Court Judge Part III,13,Republican,Shawn C. Fry,919
DeKalb,State Executive Committeewoman,16 (unexpired term),Democratic,Rupa Blackwell,211
DeKalb,State House,40,Democratic,Daniel T. Hawthorne,214
DeKalb,State House,40,Republican,Michael Hale,936
DeKalb,State Senate,16,Democratic,Wayne Steele,202
DeKalb,State Senate,16,Republican,Janice Bowling,778
DeKalb,Supreme Court,NA,,Replace - Dwight Tarwater,262
DeKalb,Supreme Court,NA,,Retain - Dwight Tarwater,668
DeKalb,U.S. House,6,Democratic,Clay Faircloth,102
DeKalb,U.S. House,6,Democratic,Cyril Focht,27
DeKalb,U.S. House,6,Democratic,Lore Bergman,97
DeKalb,U.S. House,6,Republican,John Rose,890
DeKalb,U.S. Senate,NA,Democratic,Civil Miller-Watkins,3
DeKalb,U.S. Senate,NA,Democratic,Gloria Johnson,212
DeKalb,U.S. Senate,NA,Democratic,Lola Denise Brown,10
DeKalb,U.S. Senate,NA,Democratic,Marquita Bradshaw,29
DeKalb,U.S. Senate,NA,Republican,Marsha Blackburn,880
DeKalb,U.S. Senate,NA,Republican,Tres Wittum,86
DeKalb,U.S. Senate,NA,Republican,Write-In - David Fey,0
Decatur,Court of Criminal Appeals - Western Division,NA,,Replace - Matthew J. Wilson,169
Decatur,Court of Criminal Appeals - Western Division,NA,,Retain - Matthew J. Wilson,517
Decatur,State Executive Committeeman,25 (unexpired term),Democratic,Byron Elam,21
Decatur,State Executive Committeeman,25 (unexpired term),Democratic,Toney G. Campbell,173
Decatur,State House,72,Democratic,No Candidate Qualified,0
Decatur,State House,72,Republican,Kirk Haston,652
Decatur,Supreme Court,NA,,Replace - Dwight Tarwater,174
Decatur,Supreme Court,NA,,Retain - Dwight Tarwater,522
Decatur,U.S. House,7,Democratic,Megan Barry,175
Decatur,U.S. House,7,Republican,Mark E. Green,661
Decatur,U.S. Senate,NA,Democratic,Civil Miller-Watkins,12
Decatur,U.S. Senate,NA,Democratic,Gloria Johnson,123
Decatur,U.S. Senate,NA,Democratic,Lola Denise Brown,14
Decatur,U.S. Senate,NA,Democratic,Marquita Bradshaw,38
Decatur,U.S. Senate,NA,Republican,Marsha Blackburn,644
Decatur,U.S. Senate,NA,Republican,Tres Wittum,52
Decatur,U.S. Senate,NA,Republican,Write-In - David Fey,0
Dickson,Court of Criminal Appeals - Western Division,NA,,Replace - Matthew J. Wilson,939
Dickson,Court of Criminal Appeals - Western Division,NA,,Retain - Matthew J. Wilson,2555
Dickson,State Executive Committeeman,23 (unexpired term),Democratic,Zacharie Kinslow,804
Dickson,State Executive Committeewoman,23 (unexpired term),Democratic,Emily K. McCartney,496
Dickson,State Executive Committeewoman,23 (unexpired term),Democratic,Jenny Fulle,319
Dickson,State House,69,Democratic,No Candidate Qualified,0
Dickson,State House,69,Republican,"Joseph M. ""Jody"" Barrett",1356
Dickson,State House,69,Republican,Ronny George,177
Dickson,State House,78,Democratic,Deborah Castle Doyle,419
Dickson,State House,78,Republican,Justin Spurlock,488
Dickson,State House,78,Republican,Mary Littleton,1023
Dickson,Supreme Court,NA,,Replace - Dwight Tarwater,941
Dickson,Supreme Court,NA,,Retain - Dwight Tarwater,2560
Dickson,U.S. House,7,Democratic,Megan Barry,965
Dickson,U.S. House,7,Republican,Mark E. Green,2802
Dickson,U.S. Senate,NA,Democratic,Civil Miller-Watkins,23
Dickson,U.S. Senate,NA,Democratic,Gloria Johnson,805
Dickson,U.S. Senate,NA,Democratic,Lola Denise Brown,48
Dickson,U.S. Senate,NA,Democratic,Marquita Bradshaw,123
Dickson,U.S. Senate,NA,Republican,Marsha Blackburn,2763
Dickson,U.S. Senate,NA,Republican,Tres Wittum,304
Dickson,U.S. Senate,NA,Republican,Write-In - David Fey,0
Dyer,Court of Criminal Appeals - Western Division,NA,,Replace - Matthew J. Wilson,544
Dyer,Court of Criminal Appeals - Western Division,NA,,Retain - Matthew J. Wilson,2410
Dyer,State Executive Committeeman,25 (unexpired term),Democratic,Byron Elam,169
Dyer,State Executive Committeeman,25 (unexpired term),Democratic,Toney G. Campbell,140
Dyer,State House,77,Democratic,No Candidate Qualified,0
Dyer,State House,77,Republican,"James T. ""Bubba"" Cobb",1121
Dyer,State House,77,Republican,Rusty Grills,2437
Dyer,Supreme Court,NA,,Replace - Dwight Tarwater,580
Dyer,Supreme Court,NA,,Retain - Dwight Tarwater,2374
Dyer,U.S. House,8,Democratic,Brenda Woods,62
Dyer,U.S. House,8,Democratic,Lawrence A. Pivnick,17
Dyer,U.S. House,8,Democratic,Leonard Perkins,78
Dyer,U.S. House,8,Democratic,Lynnette P. Williams,65
Dyer,U.S. House,8,Democratic,Sarah Freeman,101
Dyer,U.S. House,8,Republican,David Kustoff,2989
Dyer,U.S. Senate,NA,Democratic,Civil Miller-Watkins,5
Dyer,U.S. Senate,NA,Democratic,Gloria Johnson,239
Dyer,U.S. Senate,NA,Democratic,Lola Denise Brown,23
Dyer,U.S. Senate,NA,Democratic,Marquita Bradshaw,79
Dyer,U.S. Senate,NA,Republican,Marsha Blackburn,3107
Dyer,U.S. Senate,NA,Republican,Tres Wittum,265
Dyer,U.S. Senate,NA,Republican,Write-In - David Fey,0
Fayette,Court of Criminal Appeals - Western Division,NA,,Replace - Matthew J. Wilson,896
Fayette,Court of Criminal Appeals - Western Division,NA,,Retain - Matthew J. Wilson,2487
Fayette,State Executive Committeewoman,26 (unexpired term),Republican,Stacey Hardin Brewer,2490
Fayette,State House,94,Democratic,Terry S. Saine,1089
Fayette,State House,94,Republican,Ron M. Gant,2714
Fayette,State Senate,26,Democratic,No Candidate Qualified,0
Fayette,State Senate,26,Republican,Page Walley,2673
Fayette,Supreme Court,NA,,Replace - Dwight Tarwater,929
Fayette,Supreme Court,NA,,Retain - Dwight Tarwater,2458
Fayette,U.S. House,8,Democratic,Brenda Woods,517
Fayette,U.S. House,8,Democratic,Lawrence A. Pivnick,30
Fayette,U.S. House,8,Democratic,Leonard Perkins,132
Fayette,U.S. House,8,Democratic,Lynnette P. Williams,162
Fayette,U.S. House,8,Democratic,Sarah Freeman,236
Fayette,U.S. House,8,Republican,David Kustoff,2718
Fayette,U.S. Senate,NA,Democratic,Civil Miller-Watkins,461
Fayette,U.S. Senate,NA,Democratic,Gloria Johnson,463
Fayette,U.S. Senate,NA,Democratic,Lola Denise Brown,50
Fayette,U.S. Senate,NA,Democratic,Marquita Bradshaw,165
Fayette,U.S. Senate,NA,Republican,Marsha Blackburn,2673
Fayette,U.S. Senate,NA,Republican,Tres Wittum,141
Fayette,U.S. Senate,NA,Republican,Write-In - David Fey,0
Fentress,Court of Criminal Appeals - Western Division,NA,,Replace - Matthew J. Wilson,404
Fentress,Court of Criminal Appeals - Western Division,NA,,Retain - Matthew J. Wilson,1115
Fentress,State Executive Committeeman,12 (unexpired term),Democratic,Robert M. Young,142
Fentress,State Executive Committeewoman,12 (unexpired term),Democratic,Carol V Abney,149
Fentress,State Executive Committeewoman,12 (unexpired term),Republican,Ann Ayers-Colvin,1304
Fentress,State House,38,Democratic,No Candidate Qualified,0
Fentress,State House,38,Republican,Kelly T Keisling,811
Fentress,State House,41,Democratic,Joel Derek Hawn,72
Fentress,State House,41,Republican,Ed Butler,693
Fentress,State Senate,12,Democratic,Curtis Kelly,153
Fentress,State Senate,12,Republican,Ken Yager,1255
Fentress,State Senate,12,Republican,Teena Hedrick,351
Fentress,Supreme Court,NA,,Replace - Dwight Tarwater,417
Fentress,Supreme Court,NA,,Retain - Dwight Tarwater,1107
Fentress,U.S. House,6,Democratic,Clay Faircloth,50
Fentress,U.S. House,6,Democratic,Cyril Focht,25
Fentress,U.S. House,6,Democratic,Lore Bergman,78
Fentress,U.S. House,6,Republican,John Rose,1476
Fentress,U.S. Senate,NA,Democratic,Civil Miller-Watkins,4
Fentress,U.S. Senate,NA,Democratic,Gloria Johnson,113
Fentress,U.S. Senate,NA,Democratic,Lola Denise Brown,9
Fentress,U.S. Senate,NA,Democratic,Marquita Bradshaw,34
Fentress,U.S. Senate,NA,Republican,Marsha Blackburn,1490
Fentress,U.S. Senate,NA,Republican,Tres Wittum,92
Fentress,U.S. Senate,NA,Republican,Write-In - David Fey,0
Franklin,Court of Criminal Appeals - Western Division,NA,,Replace - Matthew J. Wilson,416
Franklin,Court of Criminal Appeals - Western Division,NA,,Retain - Matthew J. Wilson,1519
Franklin,State Executive Committeewoman,16 (unexpired term),Democratic,Rupa Blackwell,599
Franklin,State House,39,Democratic,Rose Mary Drake,581
Franklin,State House,39,Republican,Iris Rudder,1609
Franklin,State Senate,16,Democratic,Wayne Steele,550
Franklin,State Senate,16,Republican,Janice Bowling,1625
Franklin,Supreme Court,NA,,Replace - Dwight Tarwater,431
Franklin,Supreme Court,NA,,Retain - Dwight Tarwater,1515
Franklin,U.S. House,4,Democratic,Victoria Isabel Broderick,573
Franklin,U.S. House,4,Republican,Joshua James,122
Franklin,U.S. House,4,Republican,Scott DesJarlais,1367
Franklin,U.S. House,4,Republican,Thomas E. Davis,247
Franklin,U.S. Senate,NA,Democratic,Civil Miller-Watkins,11
Franklin,U.S. Senate,NA,Democratic,Gloria Johnson,537
Franklin,U.S. Senate,NA,Democratic,Lola Denise Brown,30
Franklin,U.S. Senate,NA,Democratic,Marquita Bradshaw,70
Franklin,U.S. Senate,NA,Republican,Marsha Blackburn,1604
Franklin,U.S. Senate,NA,Republican,Tres Wittum,128
Franklin,U.S. Senate,NA,Republican,Write-In - David Fey,0
Gibson,Court of Criminal Appeals - Western Division,NA,,Replace - Matthew J. Wilson,774
Gibson,Court of Criminal Appeals - Western Division,NA,,Retain - Matthew J. Wilson,3135
Gibson,State Executive Committeeman,24 (unexpired term),Democratic,Mark Flake,565
Gibson,State Executive Committeewoman,24 (unexpired term),Democratic,Elizabeth LeMoine,49
Gibson,State Executive Committeewoman,24 (unexpired term),Democratic,Tammy Floyd-Wade,514
Gibson,State Executive Committeewoman,24 (unexpired term),Democratic,Virginia Ginger House,158
Gibson,State House,79,Democratic,No Candidate Qualified,0
Gibson,State House,79,Republican,Brock Martin,2009
Gibson,State House,82,Democratic,No Candidate Qualified,0
Gibson,State House,82,Republican,Chris Hurt,1553
Gibson,State Senate,24,Democratic,No Candidate Qualified,0
Gibson,State Senate,24,Republican,"Charles ""Charlie"" Cooper",762
Gibson,State Senate,24,Republican,John D. Stevens,2998
Gibson,Supreme Court,NA,,Replace - Dwight Tarwater,818
Gibson,Supreme Court,NA,,Retain - Dwight Tarwater,3080
Gibson,U.S. House,8,Democratic,Brenda Woods,156
Gibson,U.S. House,8,Democratic,Lawrence A. Pivnick,36
Gibson,U.S. House,8,Democratic,Leonard Perkins,113
Gibson,U.S. House,8,Democratic,Lynnette P. Williams,132
Gibson,U.S. House,8,Democratic,Sarah Freeman,245
Gibson,U.S. House,8,Republican,David Kustoff,3720
Gibson,U.S. Senate,NA,Democratic,Civil Miller-Watkins,34
Gibson,U.S. Senate,NA,Democratic,Gloria Johnson,372
Gibson,U.S. Senate,NA,Democratic,Lola Denise Brown,82
Gibson,U.S. Senate,NA,Democratic,Marquita Bradshaw,236
Gibson,U.S. Senate,NA,Republican,Marsha Blackburn,3675
Gibson,U.S. Senate,NA,Republican,Tres Wittum,243
Gibson,U.S. Senate,NA,Republican,Write-In - David Fey,0
Giles,Circuit Court Judge Part V,22,Republican,Julie Carrell Heffington,1443
Giles,Court of Criminal Appeals - Western Division,NA,,Replace - Matthew J. Wilson,354
Giles,Court of Criminal Appeals - Western Division,NA,,Retain - Matthew J. Wilson,1159
Giles,State Executive Committeeman,28 (unexpired term),Republican,Chris Morris,902
Giles,State Executive Committeeman,28 (unexpired term),Republican,Vincent A. Cuevas,308
Giles,State House,70,Democratic,Jason Luttrell,360
Giles,State House,70,Republican,Clay Doggett,1328
Giles,State Senate,28,Democratic,James Dallas,362
Giles,State Senate,28,Republican,Joey Hensley,1268
Giles,Supreme Court,NA,,Replace - Dwight Tarwater,378
Giles,Supreme Court,NA,,Retain - Dwight Tarwater,1132
Giles,U.S. House,4,Democratic,Victoria Isabel Broderick,364
Giles,U.S. House,4,Republican,Joshua James,83
Giles,U.S. House,4,Republican,Scott DesJarlais,1000
Giles,U.S. House,4,Republican,Thomas E. Davis,238
Giles,U.S. Senate,NA,Democratic,Civil Miller-Watkins,14
Giles,U.S. Senate,NA,Democratic,Gloria Johnson,346
Giles,U.S. Senate,NA,Democratic,Lola Denise Brown,27
Giles,U.S. Senate,NA,Democratic,Marquita Bradshaw,52
Giles,U.S. Senate,NA,Republican,Marsha Blackburn,1288
Giles,U.S. Senate,NA,Republican,Tres Wittum,97
Giles,U.S. Senate,NA,Republican,Write-In - David Fey,0
Grainger,Court of Criminal Appeals - Western Division,NA,,Replace - Matthew J. Wilson,263
Grainger,Court of Criminal Appeals - Western Division,NA,,Retain - Matthew J. Wilson,1378
Grainger,State Executive Committeewoman,8 (unexpired term),Republican,Patty Mills,1525
Grainger,State House,10,Democratic,No Candidate Qualified,0
Grainger,State House,10,Republican,Rick Eldridge,1701
Grainger,State Senate,8,Democratic,R. E. Ellison,133
Grainger,State Senate,8,Republican,Frank S. Niceley,969
Grainger,State Senate,8,Republican,Jessie Seal,1070
Grainger,Supreme Court,NA,,Replace - Dwight Tarwater,270
Grainger,Supreme Court,NA,,Retain - Dwight Tarwater,1398
Grainger,U.S. House,2,Democratic,Jane George,138
Grainger,U.S. House,2,Republican,Tim Burchett,1913
Grainger,U.S. Senate,NA,Democratic,Civil Miller-Watkins,5
Grainger,U.S. Senate,NA,Democratic,Gloria Johnson,146
Grainger,U.S. Senate,NA,Democratic,Lola Denise Brown,6
Grainger,U.S. Senate,NA,Democratic,Marquita Bradshaw,13
Grainger,U.S. Senate,NA,Republican,Marsha Blackburn,1813
Grainger,U.S. Senate,NA,Republican,Tres Wittum,152
Grainger,U.S. Senate,NA,Republican,Write-In - David Fey,0
Greene,Court of Criminal Appeals - Western Division,NA,,Replace - Matthew J. Wilson,810
Greene,Court of Criminal Appeals - Western Division,NA,,Retain - Matthew J. Wilson,3020
Greene,State Executive Committeeman,9 (unexpired term),Democratic,Noah Adkins,484
Greene,State House,5,Democratic,No Candidate Qualified,0
Greene,State House,5,Republican,David B. Hawk,3580
Greene,Supreme Court,NA,,Replace - Dwight Tarwater,825
Greene,Supreme Court,NA,,Retain - Dwight Tarwater,3030
Greene,U.S. House,1,Democratic,Bennett H Lapides,186
Greene,U.S. House,1,Democratic,Kevin Jenkins,421
Greene,U.S. House,1,Republican,Diana Harshbarger,3552
Greene,U.S. Senate,NA,Democratic,Civil Miller-Watkins,17
Greene,U.S. Senate,NA,Democratic,Gloria Johnson,586
Greene,U.S. Senate,NA,Democratic,Lola Denise Brown,33
Greene,U.S. Senate,NA,Democratic,Marquita Bradshaw,76
Greene,U.S. Senate,NA,Republican,Marsha Blackburn,3534
Greene,U.S. Senate,NA,Republican,Tres Wittum,292
Greene,U.S. Senate,NA,Republican,Write-In - David Fey,0
Grundy,Court of Criminal Appeals - Western Division,NA,,Replace - Matthew J. Wilson,296
Grundy,Court of Criminal Appeals - Western Division,NA,,Retain - Matthew J. Wilson,924
Grundy,State Executive Committeewoman,16 (unexpired term),Democratic,Rupa Blackwell,174
Grundy,State House,47,Democratic,No Candidate Qualified,0
Grundy,State House,47,Republican,Rush Bricken,914
Grundy,State Senate,16,Democratic,Wayne Steele,167
Grundy,State Senate,16,Republican,Janice Bowling,977
Grundy,Supreme Court,NA,,Replace - Dwight Tarwater,309
Grundy,Supreme Court,NA,,Retain - Dwight Tarwater,916
Grundy,U.S. House,4,Democratic,Victoria Isabel Broderick,172
Grundy,U.S. House,4,Republican,Joshua James,92
Grundy,U.S. House,4,Republican,Scott DesJarlais,762
Grundy,U.S. House,4,Republican,Thomas E. Davis,190
Grundy,U.S. Senate,NA,Democratic,Civil Miller-Watkins,5
Grundy,U.S. Senate,NA,Democratic,Gloria Johnson,129
Grundy,U.S. Senate,NA,Democratic,Lola Denise Brown,22
Grundy,U.S. Senate,NA,Democratic,Marquita Bradshaw,48
Grundy,U.S. Senate,NA,Republican,Marsha Blackburn,966
Grundy,U.S. Senate,NA,Republican,Tres Wittum,90
Grundy,U.S. Senate,NA,Republican,Write-In - David Fey,0
Hamblen,Court of Criminal Appeals - Western Division,NA,,Replace - Matthew J. Wilson,548
Hamblen,Court of Criminal Appeals - Western Division,NA,,Retain - Matthew J. Wilson,1980
Hamblen,State Executive Committeeman,9 (unexpired term),Democratic,Noah Adkins,471
Hamblen,State House,10,Democratic,No Candidate Qualified,0
Hamblen,State House,10,Republican,Rick Eldridge,1496
Hamblen,State House,11,Democratic,Justin L. Gross,121
Hamblen,State House,11,Republican,Jeremy Faison,639
Hamblen,Supreme Court,NA,,Replace - Dwight Tarwater,553
Hamblen,Supreme Court,NA,,Retain - Dwight Tarwater,1996
Hamblen,U.S. House,1,Democratic,Bennett H Lapides,135
Hamblen,U.S. House,1,Democratic,Kevin Jenkins,358
Hamblen,U.S. House,1,Republican,Diana Harshbarger,2234
Hamblen,U.S. Senate,NA,Democratic,Civil Miller-Watkins,10
Hamblen,U.S. Senate,NA,Democratic,Gloria Johnson,467
Hamblen,U.S. Senate,NA,Democratic,Lola Denise Brown,20
Hamblen,U.S. Senate,NA,Democratic,Marquita Bradshaw,61
Hamblen,U.S. Senate,NA,Republican,Marsha Blackburn,2227
Hamblen,U.S. Senate,NA,Republican,Tres Wittum,143
Hamblen,U.S. Senate,NA,Republican,Write-In - David Fey,0
Hamilton,Circuit Court Judge Division 3,11 (unexpired term),Democratic,Kisha L. Cheeks,15257
Hamilton,Circuit Court Judge Division 3,11 (unexpired term),Republican,Alex McVeagh,20732
Hamilton,Court of Criminal Appeals - Western Division,NA,,Replace - Matthew J. Wilson,8841
Hamilton,Court of Criminal Appeals - Western Division,NA,,Retain - Matthew J. Wilson,21838
Hamilton,Criminal Court Judge Division 2,11 (unexpired term),Republican,Amanda B. Dunn,25258
Hamilton,State House,26,Democratic,Allison Gorman,2440
Hamilton,State House,26,Republican,Greg Martin,4116
Hamilton,State House,27,Democratic,Kathy Lennon,2746
Hamilton,State House,27,Republican,Michele Reneau,4082
Hamilton,State House,27,Republican,Patsy Hazlewood,3944
Hamilton,State House,28,Democratic,Demetrus Coonrod,1832
Hamilton,State House,28,Democratic,Yusuf A. Hakeem,3165
Hamilton,State House,28,Republican,No Candidate Qualified,0
Hamilton,State House,29,Democratic,Ryan Scofield,1378
Hamilton,State House,29,Republican,Greg Vital,3622
Hamilton,State House,30,Democratic,Heather McClendon,1974
Hamilton,State House,30,Republican,Esther Helton-Haynes,3030
Hamilton,State Senate,10,Democratic,Missy Crutchfield,5125
Hamilton,State Senate,10,Republican,Edward (Ed) LeCompte,1087
Hamilton,State Senate,10,Republican,Todd Gardenhire,5320
Hamilton,Supreme Court,NA,,Replace - Dwight Tarwater,9459
Hamilton,Supreme Court,NA,,Retain - Dwight Tarwater,21287
Hamilton,U.S. House,3,Democratic,Jack Allen,11896
Hamilton,U.S. House,3,Republican,Chuck Fleischmann,18386
Hamilton,U.S. House,3,Republican,Write-In - David Fey,0
Hamilton,U.S. Senate,NA,Democratic,Civil Miller-Watkins,455
Hamilton,U.S. Senate,NA,Democratic,Gloria Johnson,8088
Hamilton,U.S. Senate,NA,Democratic,Lola Denise Brown,832
Hamilton,U.S. Senate,NA,Democratic,Marquita Bradshaw,4413
Hamilton,U.S. Senate,NA,Republican,Marsha Blackburn,17757
Hamilton,U.S. Senate,NA,Republican,Tres Wittum,2209
Hamilton,U.S. Senate,NA,Republican,Write-In - David Fey,0
Hancock,Court of Criminal Appeals - Western Division,NA,,Replace - Matthew J. Wilson,111
Hancock,Court of Criminal Appeals - Western Division,NA,,Retain - Matthew J. Wilson,459
Hancock,State Executive Committeewoman,8 (unexpired term),Republican,Patty Mills,521
Hancock,State House,9,Democratic,No Candidate Qualified,0
Hancock,State House,9,Republican,Gary W Hicks Jr,748
Hancock,State Senate,8,Democratic,R. E. Ellison,31
Hancock,State Senate,8,Republican,Frank S. Niceley,210
Hancock,State Senate,8,Republican,Jessie Seal,695
Hancock,Supreme Court,NA,,Replace - Dwight Tarwater,104
Hancock,Supreme Court,NA,,Retain - Dwight Tarwater,465
Hancock,U.S. House,1,Democratic,Bennett H Lapides,8
Hancock,U.S. House,1,Democratic,Kevin Jenkins,29
Hancock,U.S. House,1,Republican,Diana Harshbarger,705
Hancock,U.S. Senate,NA,Democratic,Civil Miller-Watkins,1
Hancock,U.S. Senate,NA,Democratic,Gloria Johnson,26
Hancock,U.S. Senate,NA,Democratic,Lola Denise Brown,5
Hancock,U.S. Senate,NA,Democratic,Marquita Bradshaw,9
Hancock,U.S. Senate,NA,Republican,Marsha Blackburn,726
Hancock,U.S. Senate,NA,Republican,Tres Wittum,53
Hancock,U.S. Senate,NA,Republican,Write-In - David Fey,0
Hardeman,Court of Criminal Appeals - Western Division,NA,,Replace - Matthew J. Wilson,544
Hardeman,Court of Criminal Appeals - Western Division,NA,,Retain - Matthew J. Wilson,1839
Hardeman,State Executive Committeewoman,26 (unexpired term),Republican,Stacey Hardin Brewer,1097
Hardeman,State House,80,Democratic,Johnny W. Shaw,1204
Hardeman,State House,80,Democratic,Jonathan Joy,216
Hardeman,State House,80,Democratic,Shelia L. Godwin,85
Hardeman,State House,80,Republican,Brad Grantham,1164
Hardeman,State House,94,Democratic,Terry S. Saine,29
Hardeman,State House,94,Republican,Ron M. Gant,163
Hardeman,State Senate,26,Democratic,No Candidate Qualified,0
Hardeman,State Senate,26,Republican,Page Walley,1534
Hardeman,Supreme Court,NA,,Replace - Dwight Tarwater,613
Hardeman,Supreme Court,NA,,Retain - Dwight Tarwater,1764
Hardeman,U.S. House,8,Democratic,Brenda Woods,852
Hardeman,U.S. House,8,Democratic,Lawrence A. Pivnick,33
Hardeman,U.S. House,8,Democratic,Leonard Perkins,126
Hardeman,U.S. House,8,Democratic,Lynnette P. Williams,118
Hardeman,U.S. House,8,Democratic,Sarah Freeman,251
Hardeman,U.S. House,8,Republican,David Kustoff,1451
Hardeman,U.S. Senate,NA,Democratic,Civil Miller-Watkins,660
Hardeman,U.S. Senate,NA,Democratic,Gloria Johnson,399
Hardeman,U.S. Senate,NA,Democratic,Lola Denise Brown,65
Hardeman,U.S. Senate,NA,Democratic,Marquita Bradshaw,265
Hardeman,U.S. Senate,NA,Republican,Marsha Blackburn,1523
Hardeman,U.S. Senate,NA,Republican,Tres Wittum,98
Hardeman,U.S. Senate,NA,Republican,Write-In - David Fey,0
Hardin,Court of Criminal Appeals - Western Division,NA,,Replace - Matthew J. Wilson,179
Hardin,Court of Criminal Appeals - Western Division,NA,,Retain - Matthew J. Wilson,880
Hardin,State Executive Committeewoman,26 (unexpired term),Republican,Stacey Hardin Brewer,938
Hardin,State House,71,Democratic,Tim Coy,21
Hardin,State House,71,Republican,Kip Capley,124
Hardin,State House,72,Democratic,No Candidate Qualified,0
Hardin,State House,72,Republican,Kirk Haston,864
Hardin,State Senate,26,Democratic,No Candidate Qualified,0
Hardin,State Senate,26,Republican,Page Walley,1055
Hardin,Supreme Court,NA,,Replace - Dwight Tarwater,181
Hardin,Supreme Court,NA,,Retain - Dwight Tarwater,838
Hardin,U.S. House,8,Democratic,Brenda Woods,27
Hardin,U.S. House,8,Democratic,Lawrence A. Pivnick,41
Hardin,U.S. House,8,Democratic,Leonard Perkins,10
Hardin,U.S. House,8,Democratic,Lynnette P. Williams,21
Hardin,U.S. House,8,Democratic,Sarah Freeman,66
Hardin,U.S. House,8,Republican,David Kustoff,1045
Hardin,U.S. Senate,NA,Democratic,Civil Miller-Watkins,6
Hardin,U.S. Senate,NA,Democratic,Gloria Johnson,129
Hardin,U.S. Senate,NA,Democratic,Lola Denise Brown,8
Hardin,U.S. Senate,NA,Democratic,Marquita Bradshaw,35
Hardin,U.S. Senate,NA,Republican,Marsha Blackburn,1042
Hardin,U.S. Senate,NA,Republican,Tres Wittum,78
Hardin,U.S. Senate,NA,Republican,Write-In - David Fey,0
Hawkins,Court of Criminal Appeals - Western Division,NA,,Replace - Matthew J. Wilson,802
Hawkins,Court of Criminal Appeals - Western Division,NA,,Retain - Matthew J. Wilson,3597
Hawkins,State House,3,Democratic,Lori Love,95
Hawkins,State House,3,Republican,Timothy Aaron Hill,1184
Hawkins,State House,9,Democratic,No Candidate Qualified,0
Hawkins,State House,9,Republican,Gary W Hicks Jr,3573
Hawkins,State Senate,4,Democratic,No Candidate Qualified,0
Hawkins,State Senate,4,Republican,Bobby Harshbarger,2984
Hawkins,State Senate,4,Republican,Jon C. Lundberg,2232
Hawkins,Supreme Court,NA,,Replace - Dwight Tarwater,861
Hawkins,Supreme Court,NA,,Retain - Dwight Tarwater,3522
Hawkins,U.S. House,1,Democratic,Bennett H Lapides,76
Hawkins,U.S. House,1,Democratic,Kevin Jenkins,233
Hawkins,U.S. House,1,Republican,Diana Harshbarger,4525
Hawkins,U.S. Senate,NA,Democratic,Civil Miller-Watkins,8
Hawkins,U.S. Senate,NA,Democratic,Gloria Johnson,250
Hawkins,U.S. Senate,NA,Democratic,Lola Denise Brown,29
Hawkins,U.S. Senate,NA,Democratic,Marquita Bradshaw,63
Hawkins,U.S. Senate,NA,Republican,Marsha Blackburn,4771
Hawkins,U.S. Senate,NA,Republican,Tres Wittum,360
Hawkins,U.S. Senate,NA,Republican,Write-In - David Fey,0
Haywood,Court of Criminal Appeals - Western Division,NA,,Replace - Matthew J. Wilson,164
Haywood,Court of Criminal Appeals - Western Division,NA,,Retain - Matthew J. Wilson,597
Haywood,State Executive Committeewoman,26 (unexpired term),Republican,Stacey Hardin Brewer,292
Haywood,State House,80,Democratic,Johnny W. Shaw,414
Haywood,State House,80,Democratic,Jonathan Joy,16
Haywood,State House,80,Democratic,Shelia L. Godwin,43
Haywood,State House,80,Republican,Brad Grantham,175
Haywood,State House,81,Democratic,No Candidate Qualified,0
Haywood,State House,81,Republican,Debra Moody,138
Haywood,State Senate,26,Democratic,No Candidate Qualified,0
Haywood,State Senate,26,Republican,Page Walley,329
Haywood,Supreme Court,NA,,Replace - Dwight Tarwater,197
Haywood,Supreme Court,NA,,Retain - Dwight Tarwater,572
Haywood,U.S. House,8,Democratic,Brenda Woods,167
Haywood,U.S. House,8,Democratic,Lawrence A. Pivnick,20
Haywood,U.S. House,8,Democratic,Leonard Perkins,194
Haywood,U.S. House,8,Democratic,Lynnette P. Williams,80
Haywood,U.S. House,8,Democratic,Sarah Freeman,97
Haywood,U.S. House,8,Republican,David Kustoff,338
Haywood,U.S. Senate,NA,Democratic,Civil Miller-Watkins,50
Haywood,U.S. Senate,NA,Democratic,Gloria Johnson,344
Haywood,U.S. Senate,NA,Democratic,Lola Denise Brown,38
Haywood,U.S. Senate,NA,Democratic,Marquita Bradshaw,151
Haywood,U.S. Senate,NA,Republican,Marsha Blackburn,332
Haywood,U.S. Senate,NA,Republican,Tres Wittum,15
Haywood,U.S. Senate,NA,Republican,Write-In - David Fey,0
Henderson,Court of Criminal Appeals - Western Division,NA,,Replace - Matthew J. Wilson,131
Henderson,Court of Criminal Appeals - Western Division,NA,,Retain - Matthew J. Wilson,678
Henderson,State Executive Committeeman,25 (unexpired term),Democratic,Byron Elam,34
Henderson,State Executive Committeeman,25 (unexpired term),Democratic,Toney G. Campbell,71
Henderson,State House,72,Democratic,No Candidate Qualified,0
Henderson,State House,72,Republican,Kirk Haston,309
Henderson,State House,79,Democratic,No Candidate Qualified,0
Henderson,State House,79,Republican,Brock Martin,544
Henderson,Supreme Court,NA,,Replace - Dwight Tarwater,143
Henderson,Supreme Court,NA,,Retain - Dwight Tarwater,661
Henderson,U.S. House,8,Democratic,Brenda Woods,32
Henderson,U.S. House,8,Democratic,Lawrence A. Pivnick,5
Henderson,U.S. House,8,Democratic,Leonard Perkins,6
Henderson,U.S. House,8,Democratic,Lynnette P. Williams,24
Henderson,U.S. House,8,Democratic,Sarah Freeman,32
Henderson,U.S. House,8,Republican,David Kustoff,882
Henderson,U.S. Senate,NA,Democratic,Civil Miller-Watkins,4
Henderson,U.S. Senate,NA,Democratic,Gloria Johnson,73
Henderson,U.S. Senate,NA,Democratic,Lola Denise Brown,11
Henderson,U.S. Senate,NA,Democratic,Marquita Bradshaw,20
Henderson,U.S. Senate,NA,Republican,Marsha Blackburn,863
Henderson,U.S. Senate,NA,Republican,Tres Wittum,69
Henderson,U.S. Senate,NA,Republican,Write-In - David Fey,0
Henry,Court of Criminal Appeals - Western Division,NA,,Replace - Matthew J. Wilson,693
Henry,Court of Criminal Appeals - Western Division,NA,,Retain - Matthew J. Wilson,2774
Henry,State Executive Committeeman,24 (unexpired term),Democratic,Mark Flake,370
Henry,State Executive Committeewoman,24 (unexpired term),Democratic,Elizabeth LeMoine,119
Henry,State Executive Committeewoman,24 (unexpired term),Democratic,Tammy Floyd-Wade,248
Henry,State Executive Committeewoman,24 (unexpired term),Democratic,Virginia Ginger House,159
Henry,State House,74,Democratic,No Candidate Qualified,0
Henry,State House,74,Republican,Jay D. Reedy,1029
Henry,State House,76,Democratic,No Candidate Qualified,0
Henry,State House,76,Republican,Tandy Darby,1857
Henry,State Senate,24,Democratic,No Candidate Qualified,0
Henry,State Senate,24,Republican,"Charles ""Charlie"" Cooper",897
Henry,State Senate,24,Republican,John D. Stevens,2289
Henry,Supreme Court,NA,,Replace - Dwight Tarwater,755
Henry,Supreme Court,NA,,Retain - Dwight Tarwater,2709
Henry,U.S. House,8,Democratic,Brenda Woods,114
Henry,U.S. House,8,Democratic,Lawrence A. Pivnick,27
Henry,U.S. House,8,Democratic,Leonard Perkins,69
Henry,U.S. House,8,Democratic,Lynnette P. Williams,151
Henry,U.S. House,8,Democratic,Sarah Freeman,205
Henry,U.S. House,8,Republican,David Kustoff,3201
Henry,U.S. Senate,NA,Democratic,Civil Miller-Watkins,12
Henry,U.S. Senate,NA,Democratic,Gloria Johnson,403
Henry,U.S. Senate,NA,Democratic,Lola Denise Brown,57
Henry,U.S. Senate,NA,Democratic,Marquita Bradshaw,132
Henry,U.S. Senate,NA,Republican,Marsha Blackburn,3060
Henry,U.S. Senate,NA,Republican,Tres Wittum,292
Henry,U.S. Senate,NA,Republican,Write-In - David Fey,0
Hickman,Court of Criminal Appeals - Western Division,NA,,Replace - Matthew J. Wilson,333
Hickman,Court of Criminal Appeals - Western Division,NA,,Retain - Matthew J. Wilson,1176
Hickman,State Executive Committeeman,23 (unexpired term),Democratic,Zacharie Kinslow,265
Hickman,State Executive Committeewoman,23 (unexpired term),Democratic,Emily K. McCartney,204
Hickman,State Executive Committeewoman,23 (unexpired term),Democratic,Jenny Fulle,79
Hickman,State House,69,Democratic,No Candidate Qualified,0
Hickman,State House,69,Republican,"Joseph M. ""Jody"" Barrett",1016
Hickman,State House,69,Republican,Ronny George,398
Hickman,Supreme Court,NA,,Replace - Dwight Tarwater,345
Hickman,Supreme Court,NA,,Retain - Dwight Tarwater,1170
Hickman,U.S. House,7,Democratic,Megan Barry,325
Hickman,U.S. House,7,Republican,Mark E. Green,1353
Hickman,U.S. Senate,NA,Democratic,Civil Miller-Watkins,4
Hickman,U.S. Senate,NA,Democratic,Gloria Johnson,264
Hickman,U.S. Senate,NA,Democratic,Lola Denise Brown,21
Hickman,U.S. Senate,NA,Democratic,Marquita Bradshaw,52
Hickman,U.S. Senate,NA,Republican,Marsha Blackburn,1307
Hickman,U.S. Senate,NA,Republican,Tres Wittum,121
Hickman,U.S. Senate,NA,Republican,Write-In - David Fey,0
Houston,Court of Criminal Appeals - Western Division,NA,,Replace - Matthew J. Wilson,190
Houston,Court of Criminal Appeals - Western Division,NA,,Retain - Matthew J. Wilson,466
Houston,State Executive Committeeman,24 (unexpired term),Democratic,Mark Flake,133
Houston,State Executive Committeewoman,24 (unexpired term),Democratic,Elizabeth LeMoine,27
Houston,State Executive Committeewoman,24 (unexpired term),Democratic,Tammy Floyd-Wade,54
Houston,State Executive Committeewoman,24 (unexpired term),Democratic,Virginia Ginger House,66
Houston,State House,74,Democratic,No Candidate Qualified,0
Houston,State House,74,Republican,Jay D. Reedy,558
Houston,State Senate,24,Democratic,No Candidate Qualified,0
Houston,State Senate,24,Republican,"Charles ""Charlie"" Cooper",219
Houston,State Senate,24,Republican,John D. Stevens,327
Houston,Supreme Court,NA,,Replace - Dwight Tarwater,194
Houston,Supreme Court,NA,,Retain - Dwight Tarwater,461
Houston,U.S. House,7,Democratic,Megan Barry,177
Houston,U.S. House,7,Republican,Mark E. Green,581
Houston,U.S. Senate,NA,Democratic,Civil Miller-Watkins,5
Houston,U.S. Senate,NA,Democratic,Gloria Johnson,143
Houston,U.S. Senate,NA,Democratic,Lola Denise Brown,5
Houston,U.S. Senate,NA,Democratic,Marquita Bradshaw,24
Houston,U.S. Senate,NA,Republican,Marsha Blackburn,554
Houston,U.S. Senate,NA,Republican,Tres Wittum,34
Houston,U.S. Senate,NA,Republican,Write-In - David Fey,0
Humphreys,Court of Criminal Appeals - Western Division,NA,,Replace - Matthew J. Wilson,302
Humphreys,Court of Criminal Appeals - Western Division,NA,,Retain - Matthew J. Wilson,880
Humphreys,State Executive Committeeman,23 (unexpired term),Democratic,Zacharie Kinslow,250
Humphreys,State Executive Committeewoman,23 (unexpired term),Democratic,Emily K. McCartney,203
Humphreys,State Executive Committeewoman,23 (unexpired term),Democratic,Jenny Fulle,72
Humphreys,State House,74,Democratic,No Candidate Qualified,0
Humphreys,State House,74,Republican,Jay D. Reedy,958
Humphreys,Supreme Court,NA,,Replace - Dwight Tarwater,340
Humphreys,Supreme Court,NA,,Retain - Dwight Tarwater,861
Humphreys,U.S. House,7,Democratic,Megan Barry,340
Humphreys,U.S. House,7,Republican,Mark E. Green,978
Humphreys,U.S. Senate,NA,Democratic,Civil Miller-Watkins,12
Humphreys,U.S. Senate,NA,Democratic,Gloria Johnson,246
Humphreys,U.S. Senate,NA,Democratic,Lola Denise Brown,26
Humphreys,U.S. Senate,NA,Democratic,Marquita Bradshaw,59
Humphreys,U.S. Senate,NA,Republican,Marsha Blackburn,921
Humphreys,U.S. Senate,NA,Republican,Tres Wittum,97
Humphreys,U.S. Senate,NA,Republican,Write-In - David Fey,0
Jackson,Court of Criminal Appeals - Western Division,NA,,Replace - Matthew J. Wilson,335
Jackson,Court of Criminal Appeals - Western Division,NA,,Retain - Matthew J. Wilson,863
Jackson,State Executive Committeeman,15 (unexpired term),Democratic,Troy Smith,241
Jackson,State House,40,Democratic,Daniel T. Hawthorne,238
Jackson,State House,40,Republican,Michael Hale,990
Jackson,Supreme Court,NA,,Replace - Dwight Tarwater,342
Jackson,Supreme Court,NA,,Retain - Dwight Tarwater,855
Jackson,U.S. House,6,Democratic,Clay Faircloth,103
Jackson,U.S. House,6,Democratic,Cyril Focht,33
Jackson,U.S. House,6,Democratic,Lore Bergman,120
Jackson,U.S. House,6,Republican,John Rose,968
Jackson,U.S. Senate,NA,Democratic,Civil Miller-Watkins,4
Jackson,U.S. Senate,NA,Democratic,Gloria Johnson,208
Jackson,U.S. Senate,NA,Democratic,Lola Denise Brown,28
Jackson,U.S. Senate,NA,Democratic,Marquita Bradshaw,53
Jackson,U.S. Senate,NA,Republican,Marsha Blackburn,999
Jackson,U.S. Senate,NA,Republican,Tres Wittum,73
Jackson,U.S. Senate,NA,Republican,Write-In - David Fey,0
Jefferson,Court of Criminal Appeals - Western Division,NA,,Replace - Matthew J. Wilson,779
Jefferson,Court of Criminal Appeals - Western Division,NA,,Retain - Matthew J. Wilson,3573
Jefferson,State Executive Committeewoman,8 (unexpired term),Republican,Patty Mills,4062
Jefferson,State House,11,Democratic,Justin L. Gross,103
Jefferson,State House,11,Republican,Jeremy Faison,1330
Jefferson,State House,17,Democratic,No Candidate Qualified,0
Jefferson,State House,17,Republican,Andrew Ellis Farmer,3005
Jefferson,State Senate,8,Democratic,R. E. Ellison,365
Jefferson,State Senate,8,Republican,Frank S. Niceley,2350
Jefferson,State Senate,8,Republican,Jessie Seal,2609
Jefferson,Supreme Court,NA,,Replace - Dwight Tarwater,791
Jefferson,Supreme Court,NA,,Retain - Dwight Tarwater,3616
Jefferson,U.S. House,1,Democratic,Bennett H Lapides,126
Jefferson,U.S. House,1,Democratic,Kevin Jenkins,253
Jefferson,U.S. House,1,Republican,Diana Harshbarger,4154
Jefferson,U.S. House,2,Democratic,Jane George,23
Jefferson,U.S. House,2,Republican,Tim Burchett,245
Jefferson,U.S. Senate,NA,Democratic,Civil Miller-Watkins,7
Jefferson,U.S. Senate,NA,Democratic,Gloria Johnson,383
Jefferson,U.S. Senate,NA,Democratic,Lola Denise Brown,20
Jefferson,U.S. Senate,NA,Democratic,Marquita Bradshaw,40
Jefferson,U.S. Senate,NA,Republican,Marsha Blackburn,4349
Jefferson,U.S. Senate,NA,Republican,Tres Wittum,461
Jefferson,U.S. Senate,NA,Republican,Write-In - David Fey,0
Johnson,Court of Criminal Appeals - Western Division,NA,,Replace - Matthew J. Wilson,622
Johnson,Court of Criminal Appeals - Western Division,NA,,Retain - Matthew J. Wilson,2073
Johnson,State House,3,Democratic,Lori Love,276
Johnson,State House,3,Republican,Timothy Aaron Hill,3055
Johnson,Supreme Court,NA,,Replace - Dwight Tarwater,667
Johnson,Supreme Court,NA,,Retain - Dwight Tarwater,2045
Johnson,U.S. House,1,Democratic,Bennett H Lapides,70
Johnson,U.S. House,1,Democratic,Kevin Jenkins,195
Johnson,U.S. House,1,Republican,Diana Harshbarger,2951
Johnson,U.S. Senate,NA,Democratic,Civil Miller-Watkins,10
Johnson,U.S. Senate,NA,Democratic,Gloria Johnson,180
Johnson,U.S. Senate,NA,Democratic,Lola Denise Brown,34
Johnson,U.S. Senate,NA,Democratic,Marquita Bradshaw,62
Johnson,U.S. Senate,NA,Republican,Marsha Blackburn,2961
Johnson,U.S. Senate,NA,Republican,Tres Wittum,186
Johnson,U.S. Senate,NA,Republican,Write-In - David Fey,0
Knox,Court of Criminal Appeals - Western Division,NA,,Replace - Matthew J. Wilson,13414
Knox,Court of Criminal Appeals - Western Division,NA,,Retain - Matthew J. Wilson,34791
Knox,Criminal Court Judge Division II,6 (unexpired term),Republican,Hector I. Sanchez,37086
Knox,State Executive Committeeman,5 (unexpired term),Democratic,D. Scott Hammond,2376
Knox,State Executive Committeewoman,7 (unexpired term),Democratic,Dana E. Moran,7487
Knox,State House,14,Democratic,Amanda S Collins,3492
Knox,State House,14,Republican,Jason Zachary,6582
Knox,State House,15,Democratic,Dasha Lundy,1399
Knox,State House,15,Democratic,Sam McKenzie,2585
Knox,State House,15,Republican,Justin Hirst,1175
Knox,State House,16,Democratic,Lauren Carver,2133
Knox,State House,16,Republican,Michele Carringer,4316
Knox,State House,18,Democratic,Bryan Goldberg,4139
Knox,State House,18,Republican,Elaine Davis,5161
Knox,State House,19,Democratic,Write-In - Michael Leon Daugherty,124
Knox,State House,19,Republican,Dave Wright,5162
Knox,State House,89,Democratic,Cary Hammond,2372
Knox,State House,89,Republican,Justin Lafferty,3660
Knox,State House,90,Democratic,Gloria Johnson,4042
Knox,State House,90,Republican,No Candidate Qualified,0
Knox,State Senate,6,Democratic,Domonica Bryan,10342
Knox,State Senate,6,Republican,Becky Duncan Massey,10089
Knox,State Senate,6,Republican,Monica Irvine,6794
Knox,Supreme Court,NA,,Replace - Dwight Tarwater,13823
Knox,Supreme Court,NA,,Retain - Dwight Tarwater,35646
Knox,U.S. House,2,Democratic,Jane George,21240
Knox,U.S. House,2,Republican,Tim Burchett,29056
Knox,U.S. Senate,NA,Democratic,Civil Miller-Watkins,258
Knox,U.S. Senate,NA,Democratic,Gloria Johnson,21429
Knox,U.S. Senate,NA,Democratic,Lola Denise Brown,361
Knox,U.S. Senate,NA,Democratic,Marquita Bradshaw,1660
Knox,U.S. Senate,NA,Republican,Marsha Blackburn,27481
Knox,U.S. Senate,NA,Republican,Tres Wittum,3659
Knox,U.S. Senate,NA,Republican,Write-In - David Fey,0
Lake,Court of Criminal Appeals - Western Division,NA,,Replace - Matthew J. Wilson,134
Lake,Court of Criminal Appeals - Western Division,NA,,Retain - Matthew J. Wilson,415
Lake,State Executive Committeeman,25 (unexpired term),Democratic,Byron Elam,44
Lake,State Executive Committeeman,25 (unexpired term),Democratic,Toney G. Campbell,45
Lake,State House,77,Democratic,No Candidate Qualified,0
Lake,State House,77,Republican,"James T. ""Bubba"" Cobb",131
Lake,State House,77,Republican,Rusty Grills,483
Lake,Supreme Court,NA,,Replace - Dwight Tarwater,139
Lake,Supreme Court,NA,,Retain - Dwight Tarwater,420
Lake,U.S. House,8,Democratic,Brenda Woods,23
Lake,U.S. House,8,Democratic,Lawrence A. Pivnick,9
Lake,U.S. House,8,Democratic,Leonard Perkins,22
Lake,U.S. House,8,Democratic,Lynnette P. Williams,12
Lake,U.S. House,8,Democratic,Sarah Freeman,29
Lake,U.S. House,8,Republican,David Kustoff,526
Lake,U.S. Senate,NA,Democratic,Civil Miller-Watkins,1
Lake,U.S. Senate,NA,Democratic,Gloria Johnson,54
Lake,U.S. Senate,NA,Democratic,Lola Denise Brown,9
Lake,U.S. Senate,NA,Democratic,Marquita Bradshaw,41
Lake,U.S. Senate,NA,Republican,Marsha Blackburn,543
Lake,U.S. Senate,NA,Republican,Tres Wittum,37
Lake,U.S. Senate,NA,Republican,Write-In - David Fey,0
Lauderdale,Court of Criminal Appeals - Western Division,NA,,Replace - Matthew J. Wilson,614
Lauderdale,Court of Criminal Appeals - Western Division,NA,,Retain - Matthew J. Wilson,1827
Lauderdale,State Executive Committeeman,32 (unexpired term),Democratic,Gregory Patrick,560
Lauderdale,State House,82,Democratic,No Candidate Qualified,0
Lauderdale,State House,82,Republican,Chris Hurt,1915
Lauderdale,State Senate,32,Democratic,No Candidate Qualified,0
Lauderdale,State Senate,32,Republican,Paul W. Rose,1739
Lauderdale,Supreme Court,NA,,Replace - Dwight Tarwater,657
Lauderdale,Supreme Court,NA,,Retain - Dwight Tarwater,1776
Lauderdale,U.S. House,8,Democratic,Brenda Woods,202
Lauderdale,U.S. House,8,Democratic,Lawrence A. Pivnick,35
Lauderdale,U.S. House,8,Democratic,Leonard Perkins,170
Lauderdale,U.S. House,8,Democratic,Lynnette P. Williams,151
Lauderdale,U.S. House,8,Democratic,Sarah Freeman,141
Lauderdale,U.S. House,8,Republican,David Kustoff,1892
Lauderdale,U.S. Senate,NA,Democratic,Civil Miller-Watkins,30
Lauderdale,U.S. Senate,NA,Democratic,Gloria Johnson,369
Lauderdale,U.S. Senate,NA,Democratic,Lola Denise Brown,64
Lauderdale,U.S. Senate,NA,Democratic,Marquita Bradshaw,280
Lauderdale,U.S. Senate,NA,Republican,Marsha Blackburn,1864
Lauderdale,U.S. Senate,NA,Republican,Tres Wittum,126
Lauderdale,U.S. Senate,NA,Republican,Write-In - David Fey,0
Lawrence,Circuit Court Judge Part V,22,Republican,Julie Carrell Heffington,1463
Lawrence,Court of Criminal Appeals - Western Division,NA,,Replace - Matthew J. Wilson,348
Lawrence,Court of Criminal Appeals - Western Division,NA,,Retain - Matthew J. Wilson,1086
Lawrence,State Executive Committeewoman,26 (unexpired term),Republican,Stacey Hardin Brewer,1323
Lawrence,State House,70,Democratic,Jason Luttrell,107
Lawrence,State House,70,Republican,Clay Doggett,730
Lawrence,State House,71,Democratic,Tim Coy,121
Lawrence,State House,71,Republican,Kip Capley,760
Lawrence,State Senate,26,Democratic,No Candidate Qualified,0
Lawrence,State Senate,26,Republican,Page Walley,1311
Lawrence,Supreme Court,NA,,Replace - Dwight Tarwater,354
Lawrence,Supreme Court,NA,,Retain - Dwight Tarwater,1080
Lawrence,U.S. House,4,Democratic,Victoria Isabel Broderick,236
Lawrence,U.S. House,4,Republican,Joshua James,134
Lawrence,U.S. House,4,Republican,Scott DesJarlais,1047
Lawrence,U.S. House,4,Republican,Thomas E. Davis,319
Lawrence,U.S. Senate,NA,Democratic,Civil Miller-Watkins,5
Lawrence,U.S. Senate,NA,Democratic,Gloria Johnson,223
Lawrence,U.S. Senate,NA,Democratic,Lola Denise Brown,12
Lawrence,U.S. Senate,NA,Democratic,Marquita Bradshaw,42
Lawrence,U.S. Senate,NA,Republican,Marsha Blackburn,1424
Lawrence,U.S. Senate,NA,Republican,Tres Wittum,130
Lawrence,U.S. Senate,NA,Republican,Write-In - David Fey,0
Lewis,Court of Criminal Appeals - Western Division,NA,,Replace - Matthew J. Wilson,391
Lewis,Court of Criminal Appeals - Western Division,NA,,Retain - Matthew J. Wilson,1098
Lewis,State Executive Committeeman,28 (unexpired term),Republican,Chris Morris,746
Lewis,State Executive Committeeman,28 (unexpired term),Republican,Vincent A. Cuevas,436
Lewis,State House,69,Democratic,No Candidate Qualified,0
Lewis,State House,69,Republican,"Joseph M. ""Jody"" Barrett",1300
Lewis,State House,69,Republican,Ronny George,170
Lewis,State Senate,28,Democratic,James Dallas,224
Lewis,State Senate,28,Republican,Joey Hensley,1563
Lewis,Supreme Court,NA,,Replace - Dwight Tarwater,413
Lewis,Supreme Court,NA,,Retain - Dwight Tarwater,1120
Lewis,U.S. House,5,Democratic,Maryam Abolfazli,224
Lewis,U.S. House,5,Republican,Andy Ogles,1246
Lewis,U.S. House,5,Republican,Courtney Johnston,375
Lewis,U.S. Senate,NA,Democratic,Civil Miller-Watkins,9
Lewis,U.S. Senate,NA,Democratic,Gloria Johnson,179
Lewis,U.S. Senate,NA,Democratic,Lola Denise Brown,15
Lewis,U.S. Senate,NA,Democratic,Marquita Bradshaw,42
Lewis,U.S. Senate,NA,Republican,Marsha Blackburn,1477
Lewis,U.S. Senate,NA,Republican,Tres Wittum,146
Lewis,U.S. Senate,NA,Republican,Write-In - David Fey,0
Lincoln,Court of Criminal Appeals - Western Division,NA,,Replace - Matthew J. Wilson,1111
Lincoln,Court of Criminal Appeals - Western Division,NA,,Retain - Matthew J. Wilson,4107
Lincoln,State Executive Committeewoman,16 (unexpired term),Democratic,Rupa Blackwell,543
Lincoln,State House,62,Democratic,No Candidate Qualified,0
Lincoln,State House,62,Republican,Pat Marsh,2260
Lincoln,State House,70,Democratic,Jason Luttrell,254
Lincoln,State House,70,Republican,Clay Doggett,2253
Lincoln,State Senate,16,Democratic,Wayne Steele,569
Lincoln,State Senate,16,Republican,Janice Bowling,4182
Lincoln,Supreme Court,NA,,Replace - Dwight Tarwater,1170
Lincoln,Supreme Court,NA,,Retain - Dwight Tarwater,3998
Lincoln,U.S. House,4,Democratic,Victoria Isabel Broderick,594
Lincoln,U.S. House,4,Republican,Joshua James,273
Lincoln,U.S. House,4,Republican,Scott DesJarlais,3885
Lincoln,U.S. House,4,Republican,Thomas E. Davis,769
Lincoln,U.S. Senate,NA,Democratic,Civil Miller-Watkins,24
Lincoln,U.S. Senate,NA,Democratic,Gloria Johnson,356
Lincoln,U.S. Senate,NA,Democratic,Lola Denise Brown,74
Lincoln,U.S. Senate,NA,Democratic,Marquita Bradshaw,194
Lincoln,U.S. Senate,NA,Republican,Marsha Blackburn,4625
Lincoln,U.S. Senate,NA,Republican,Tres Wittum,369
Lincoln,U.S. Senate,NA,Republican,Write-In - David Fey,0
Loudon,Court of Criminal Appeals - Western Division,NA,,Replace - Matthew J. Wilson,1131
Loudon,Court of Criminal Appeals - Western Division,NA,,Retain - Matthew J. Wilson,3782
Loudon,State Executive Committeeman,5 (unexpired term),Democratic,D. Scott Hammond,1012
Loudon,State House,21,Democratic,Kenneth R. Moore,847
Loudon,State House,21,Republican,Lowell Russell,3071
Loudon,State House,32,Democratic,No Candidate Qualified,0
Loudon,State House,32,Republican,Monty G. Fritts,1110
Loudon,Supreme Court,NA,,Replace - Dwight Tarwater,1146
Loudon,Supreme Court,NA,,Retain - Dwight Tarwater,3835
Loudon,U.S. House,2,Democratic,Jane George,1149
Loudon,U.S. House,2,Republican,Tim Burchett,4249
Loudon,U.S. Senate,NA,Democratic,Civil Miller-Watkins,20
Loudon,U.S. Senate,NA,Democratic,Gloria Johnson,1113
Loudon,U.S. Senate,NA,Democratic,Lola Denise Brown,33
Loudon,U.S. Senate,NA,Democratic,Marquita Bradshaw,90
Loudon,U.S. Senate,NA,Republican,Marsha Blackburn,4045
Loudon,U.S. Senate,NA,Republican,Tres Wittum,383
Loudon,U.S. Senate,NA,Republican,Write-In - David Fey,0
Macon,Court of Criminal Appeals - Western Division,NA,,Replace - Matthew J. Wilson,246
Macon,Court of Criminal Appeals - Western Division,NA,,Retain - Matthew J. Wilson,732
Macon,State Executive Committeeman,12 (unexpired term),Democratic,Robert M. Young,99
Macon,State Executive Committeewoman,12 (unexpired term),Democratic,Carol V Abney,108
Macon,State Executive Committeewoman,12 (unexpired term),Republican,Ann Ayers-Colvin,857
Macon,State House,38,Democratic,No Candidate Qualified,0
Macon,State House,38,Republican,Kelly T Keisling,1052
Macon,State Senate,12,Democratic,Curtis Kelly,96
Macon,State Senate,12,Republican,Ken Yager,851
Macon,State Senate,12,Republican,Teena Hedrick,210
Macon,Supreme Court,NA,,Replace - Dwight Tarwater,259
Macon,Supreme Court,NA,,Retain - Dwight Tarwater,727
Macon,U.S. House,6,Democratic,Clay Faircloth,36
Macon,U.S. House,6,Democratic,Cyril Focht,9
Macon,U.S. House,6,Democratic,Lore Bergman,63
Macon,U.S. House,6,Republican,John Rose,1026
Macon,U.S. Senate,NA,Democratic,Civil Miller-Watkins,3
Macon,U.S. Senate,NA,Democratic,Gloria Johnson,86
Macon,U.S. Senate,NA,Democratic,Lola Denise Brown,5
Macon,U.S. Senate,NA,Democratic,Marquita Bradshaw,26
Macon,U.S. Senate,NA,Republican,Marsha Blackburn,1032
Macon,U.S. Senate,NA,Republican,Tres Wittum,83
Macon,U.S. Senate,NA,Republican,Write-In - David Fey,0
Madison,Court of Criminal Appeals - Western Division,NA,,Replace - Matthew J. Wilson,1982
Madison,Court of Criminal Appeals - Western Division,NA,,Retain - Matthew J. Wilson,7588
Madison,State Executive Committeeman,25 (unexpired term),Democratic,Byron Elam,1910
Madison,State Executive Committeeman,25 (unexpired term),Democratic,Toney G. Campbell,986
Madison,State House,73,Democratic,No Candidate Qualified,0
Madison,State House,73,Republican,Chris Todd,5130
Madison,State House,73,Republican,Jimmy Harris,2461
Madison,State House,80,Democratic,Johnny W. Shaw,876
Madison,State House,80,Democratic,Jonathan Joy,156
Madison,State House,80,Democratic,Shelia L. Godwin,409
Madison,State House,80,Republican,Brad Grantham,469
Madison,Supreme Court,NA,,Replace - Dwight Tarwater,2136
Madison,Supreme Court,NA,,Retain - Dwight Tarwater,7382
Madison,U.S. House,8,Democratic,Brenda Woods,1182
Madison,U.S. House,8,Democratic,Lawrence A. Pivnick,129
Madison,U.S. House,8,Democratic,Leonard Perkins,387
Madison,U.S. House,8,Democratic,Lynnette P. Williams,697
Madison,U.S. House,8,Democratic,Sarah Freeman,644
Madison,U.S. House,8,Republican,David Kustoff,7344
Madison,U.S. Senate,NA,Democratic,Civil Miller-Watkins,289
Madison,U.S. Senate,NA,Democratic,Gloria Johnson,1441
Madison,U.S. Senate,NA,Democratic,Lola Denise Brown,287
Madison,U.S. Senate,NA,Democratic,Marquita Bradshaw,1158
Madison,U.S. Senate,NA,Republican,Marsha Blackburn,7164
Madison,U.S. Senate,NA,Republican,Tres Wittum,713
Madison,U.S. Senate,NA,Republican,Write-In - David Fey,0
Marion,Court of Criminal Appeals - Western Division,NA,,Replace - Matthew J. Wilson,468
Marion,Court of Criminal Appeals - Western Division,NA,,Retain - Matthew J. Wilson,1453
Marion,State House,39,Democratic,Rose Mary Drake,491
Marion,State House,39,Republican,Iris Rudder,1505
Marion,State Senate,10,Democratic,Missy Crutchfield,486
Marion,State Senate,10,Republican,Edward (Ed) LeCompte,447
Marion,State Senate,10,Republican,Todd Gardenhire,1221
Marion,Supreme Court,NA,,Replace - Dwight Tarwater,523
Marion,Supreme Court,NA,,Retain - Dwight Tarwater,1425
Marion,U.S. House,4,Democratic,Victoria Isabel Broderick,470
Marion,U.S. House,4,Republican,Joshua James,83
Marion,U.S. House,4,Republican,Scott DesJarlais,1303
Marion,U.S. House,4,Republican,Thomas E. Davis,333
Marion,U.S. Senate,NA,Democratic,Civil Miller-Watkins,26
Marion,U.S. Senate,NA,Democratic,Gloria Johnson,284
Marion,U.S. Senate,NA,Democratic,Lola Denise Brown,50
Marion,U.S. Senate,NA,Democratic,Marquita Bradshaw,150
Marion,U.S. Senate,NA,Republican,Marsha Blackburn,1600
Marion,U.S. Senate,NA,Republican,Tres Wittum,126
Marion,U.S. Senate,NA,Republican,Write-In - David Fey,0
Marshall,Court of Criminal Appeals - Western Division,NA,,Replace - Matthew J. Wilson,1056
Marshall,Court of Criminal Appeals - Western Division,NA,,Retain - Matthew J. Wilson,3012
Marshall,State Executive Committeeman,28 (unexpired term),Republican,Chris Morris,1528
Marshall,State Executive Committeeman,28 (unexpired term),Republican,Vincent A. Cuevas,1964
Marshall,State House,92,Democratic,Teri Mai,686
Marshall,State House,92,Republican,Todd Warner,3533
Marshall,State Senate,28,Democratic,James Dallas,680
Marshall,State Senate,28,Republican,Joey Hensley,3180
Marshall,Supreme Court,NA,,Replace - Dwight Tarwater,1093
Marshall,Supreme Court,NA,,Retain - Dwight Tarwater,2979
Marshall,U.S. House,5,Democratic,Maryam Abolfazli,686
Marshall,U.S. House,5,Republican,Andy Ogles,2536
Marshall,U.S. House,5,Republican,Courtney Johnston,1422
Marshall,U.S. Senate,NA,Democratic,Civil Miller-Watkins,10
Marshall,U.S. Senate,NA,Democratic,Gloria Johnson,609
Marshall,U.S. Senate,NA,Democratic,Lola Denise Brown,51
Marshall,U.S. Senate,NA,Democratic,Marquita Bradshaw,172
Marshall,U.S. Senate,NA,Republican,Marsha Blackburn,3486
Marshall,U.S. Senate,NA,Republican,Tres Wittum,398
Marshall,U.S. Senate,NA,Republican,Write-In - David Fey,0
Maury,Circuit Court Judge Part V,22,Republican,Julie Carrell Heffington,9692
Maury,Court of Criminal Appeals - Western Division,NA,,Replace - Matthew J. Wilson,2206
Maury,Court of Criminal Appeals - Western Division,NA,,Retain - Matthew J. Wilson,7895
Maury,State Executive Committeeman,28 (unexpired term),Republican,Chris Morris,5320
Maury,State Executive Committeeman,28 (unexpired term),Republican,Vincent A. Cuevas,2541
Maury,State House,64,Democratic,Alex Pierce,578
Maury,State House,64,Democratic,Eileen H. Longstreet,832
Maury,State House,64,Republican,Ray Jeter,3295
Maury,State House,64,Republican,Scott Cepicky,3951
Maury,State House,71,Democratic,Tim Coy,401
Maury,State House,71,Republican,Kip Capley,2453
Maury,State Senate,28,Democratic,James Dallas,1758
Maury,State Senate,28,Republican,Joey Hensley,8678
Maury,Supreme Court,NA,,Replace - Dwight Tarwater,2376
Maury,Supreme Court,NA,,Retain - Dwight Tarwater,7811
Maury,U.S. House,5,Democratic,Maryam Abolfazli,1740
Maury,U.S. House,5,Republican,Andy Ogles,6532
Maury,U.S. House,5,Republican,Courtney Johnston,3622
Maury,U.S. Senate,NA,Democratic,Civil Miller-Watkins,48
Maury,U.S. Senate,NA,Democratic,Gloria Johnson,1387
Maury,U.S. Senate,NA,Democratic,Lola Denise Brown,112
Maury,U.S. Senate,NA,Democratic,Marquita Bradshaw,376
Maury,U.S. Senate,NA,Republican,Marsha Blackburn,8886
Maury,U.S. Senate,NA,Republican,Tres Wittum,1151
Maury,U.S. Senate,NA,Republican,Write-In - David Fey,0
McMinn,Court of Criminal Appeals - Western Division,NA,,Replace - Matthew J. Wilson,342
McMinn,Court of Criminal Appeals - Western Division,NA,,Retain - Matthew J. Wilson,1385
McMinn,District Attorney General,10 (unexpired term),Republican,Stephen Hatchett,1749
McMinn,State House,23,Democratic,David W Thomforde,374
McMinn,State House,23,Republican,Mark Cochran,1586
McMinn,Supreme Court,NA,,Replace - Dwight Tarwater,394
McMinn,Supreme Court,NA,,Retain - Dwight Tarwater,1364
McMinn,U.S. House,3,Democratic,Jack Allen,396
McMinn,U.S. House,3,Republican,Chuck Fleischmann,1574
McMinn,U.S. House,3,Republican,Write-In - David Fey,0
McMinn,U.S. Senate,NA,Democratic,Civil Miller-Watkins,10
McMinn,U.S. Senate,NA,Democratic,Gloria Johnson,302
McMinn,U.S. Senate,NA,Democratic,Lola Denise Brown,22
McMinn,U.S. Senate,NA,Democratic,Marquita Bradshaw,68
McMinn,U.S. Senate,NA,Republican,Marsha Blackburn,1523
McMinn,U.S. Senate,NA,Republican,Tres Wittum,134
McMinn,U.S. Senate,NA,Republican,Write-In - David Fey,0
McNairy,Court of Criminal Appeals - Western Division,NA,,Replace - Matthew J. Wilson,341
McNairy,Court of Criminal Appeals - Western Division,NA,,Retain - Matthew J. Wilson,1122
McNairy,State Executive Committeewoman,26 (unexpired term),Republican,Stacey Hardin Brewer,1183
McNairy,State House,94,Democratic,Terry S. Saine,195
McNairy,State House,94,Republican,Ron M. Gant,1427
McNairy,State Senate,26,Democratic,No Candidate Qualified,0
McNairy,State Senate,26,Republican,Page Walley,1406
McNairy,Supreme Court,NA,,Replace - Dwight Tarwater,357
McNairy,Supreme Court,NA,,Retain - Dwight Tarwater,1083
McNairy,U.S. House,8,Democratic,Brenda Woods,56
McNairy,U.S. House,8,Democratic,Lawrence A. Pivnick,8
McNairy,U.S. House,8,Democratic,Leonard Perkins,23
McNairy,U.S. House,8,Democratic,Lynnette P. Williams,27
McNairy,U.S. House,8,Democratic,Sarah Freeman,117
McNairy,U.S. House,8,Republican,David Kustoff,1428
McNairy,U.S. Senate,NA,Democratic,Civil Miller-Watkins,24
McNairy,U.S. Senate,NA,Democratic,Gloria Johnson,141
McNairy,U.S. Senate,NA,Democratic,Lola Denise Brown,35
McNairy,U.S. Senate,NA,Democratic,Marquita Bradshaw,46
McNairy,U.S. Senate,NA,Republican,Marsha Blackburn,1403
McNairy,U.S. Senate,NA,Republican,Tres Wittum,91
McNairy,U.S. Senate,NA,Republican,Write-In - David Fey,0
Meigs,Court of Criminal Appeals - Western Division,NA,,Replace - Matthew J. Wilson,182
Meigs,Court of Criminal Appeals - Western Division,NA,,Retain - Matthew J. Wilson,606
Meigs,State House,22,Democratic,Anna Grabowski,87
Meigs,State House,22,Democratic,Stan Hurder,47
Meigs,State House,22,Republican,Dan Howell,771
Meigs,Supreme Court,NA,,Replace - Dwight Tarwater,195
Meigs,Supreme Court,NA,,Retain - Dwight Tarwater,595
Meigs,U.S. House,4,Democratic,Victoria Isabel Broderick,116
Meigs,U.S. House,4,Republican,Joshua James,87
Meigs,U.S. House,4,Republican,Scott DesJarlais,495
Meigs,U.S. House,4,Republican,Thomas E. Davis,189
Meigs,U.S. Senate,NA,Democratic,Civil Miller-Watkins,8
Meigs,U.S. Senate,NA,Democratic,Gloria Johnson,101
Meigs,U.S. Senate,NA,Democratic,Lola Denise Brown,9
Meigs,U.S. Senate,NA,Democratic,Marquita Bradshaw,26
Meigs,U.S. Senate,NA,Republican,Marsha Blackburn,760
Meigs,U.S. Senate,NA,Republican,Tres Wittum,47
Meigs,U.S. Senate,NA,Republican,Write-In - David Fey,0
Monroe,Court of Criminal Appeals - Western Division,NA,,Replace - Matthew J. Wilson,651
Monroe,Court of Criminal Appeals - Western Division,NA,,Retain - Matthew J. Wilson,2046
Monroe,District Attorney General,10 (unexpired term),Republican,Stephen Hatchett,2940
Monroe,State Executive Committeeman,2 (unexpired term),Republican,Bill Russell,1456
Monroe,State Executive Committeeman,2 (unexpired term),Republican,Brandon M. Leitch,448
Monroe,State Executive Committeeman,2 (unexpired term),Republican,Darrell L Tipton,533
Monroe,State House,21,Democratic,Kenneth R. Moore,244
Monroe,State House,21,Republican,Lowell Russell,1841
Monroe,State House,23,Democratic,David W Thomforde,72
Monroe,State House,23,Republican,Mark Cochran,890
Monroe,State Senate,2,Democratic,Patti Young,316
Monroe,State Senate,2,Republican,Bryan Richey,467
Monroe,State Senate,2,Republican,John G. Pullias,197
Monroe,State Senate,2,Republican,Tom Hatcher,2156
Monroe,Supreme Court,NA,,Replace - Dwight Tarwater,671
Monroe,Supreme Court,NA,,Retain - Dwight Tarwater,2056
Monroe,U.S. House,3,Democratic,Jack Allen,318
Monroe,U.S. House,3,Republican,Chuck Fleischmann,2737
Monroe,U.S. House,3,Republican,Write-In - David Fey,0
Monroe,U.S. Senate,NA,Democratic,Civil Miller-Watkins,10
Monroe,U.S. Senate,NA,Democratic,Gloria Johnson,291
Monroe,U.S. Senate,NA,Democratic,Lola Denise Brown,15
Monroe,U.S. Senate,NA,Democratic,Marquita Bradshaw,27
Monroe,U.S. Senate,NA,Republican,Marsha Blackburn,2664
Monroe,U.S. Senate,NA,Republican,Tres Wittum,217
Monroe,U.S. Senate,NA,Republican,Write-In - David Fey,0
Montgomery,Circuit Court Judge Part VI,19,Republican,Ashleigh L. Travis,9723
Montgomery,Court of Criminal Appeals - Western Division,NA,,Replace - Matthew J. Wilson,2925
Montgomery,Court of Criminal Appeals - Western Division,NA,,Retain - Matthew J. Wilson,8338
Montgomery,State Executive Committeeman,22 (unexpired term),Democratic,Rod Mills,3724
Montgomery,State Executive Committeeman,23 (unexpired term),Democratic,Zacharie Kinslow,69
Montgomery,State Executive Committeewoman,23 (unexpired term),Democratic,Emily K. McCartney,44
Montgomery,State Executive Committeewoman,23 (unexpired term),Democratic,Jenny Fulle,28
Montgomery,State House,67,Democratic,Ronnie Glynn,1381
Montgomery,State House,67,Republican,Jamie Dean Peltz,1294
Montgomery,State House,68,Democratic,Garfield Scott,1626
Montgomery,State House,68,Republican,Aron Maberry,2568
Montgomery,State House,68,Republican,Carol Duffin,727
Montgomery,State House,68,Republican,Greg Gilman,422
Montgomery,State House,68,Republican,Joe Smith,2210
Montgomery,State House,75,Democratic,Allie Phillips,902
Montgomery,State House,75,Republican,Jeff Burkhart,1160
Montgomery,State Senate,22,Democratic,Karen Reynolds,3798
Montgomery,State Senate,22,Republican,Bill Powers,7718
Montgomery,Supreme Court,NA,,Replace - Dwight Tarwater,3158
Montgomery,Supreme Court,NA,,Retain - Dwight Tarwater,8124
Montgomery,U.S. House,7,Democratic,Megan Barry,3952
Montgomery,U.S. House,7,Republican,Mark E. Green,8138
Montgomery,U.S. Senate,NA,Democratic,Civil Miller-Watkins,123
Montgomery,U.S. Senate,NA,Democratic,Gloria Johnson,2768
Montgomery,U.S. Senate,NA,Democratic,Lola Denise Brown,223
Montgomery,U.S. Senate,NA,Democratic,Marquita Bradshaw,1070
Montgomery,U.S. Senate,NA,Republican,Marsha Blackburn,7608
Montgomery,U.S. Senate,NA,Republican,Tres Wittum,878
Montgomery,U.S. Senate,NA,Republican,Write-In - David Fey,0
Moore,Court of Criminal Appeals - Western Division,NA,,Replace - Matthew J. Wilson,193
Moore,Court of Criminal Appeals - Western Division,NA,,Retain - Matthew J. Wilson,720
Moore,State Executive Committeeman,14 (unexpired term),Democratic,Erick E. Huth,31
Moore,State Executive Committeeman,14 (unexpired term),Democratic,Matt Ferry,78
Moore,State House,62,Democratic,No Candidate Qualified,0
Moore,State House,62,Republican,Pat Marsh,830
Moore,State Senate,14,Democratic,E. R. Smith,113
Moore,State Senate,14,Republican,Shane Reeves,834
Moore,Supreme Court,NA,,Replace - Dwight Tarwater,194
Moore,Supreme Court,NA,,Retain - Dwight Tarwater,729
Moore,U.S. House,4,Democratic,Victoria Isabel Broderick,115
Moore,U.S. House,4,Republican,Joshua James,69
Moore,U.S. House,4,Republican,Scott DesJarlais,713
Moore,U.S. House,4,Republican,Thomas E. Davis,136
Moore,U.S. Senate,NA,Democratic,Civil Miller-Watkins,1
Moore,U.S. Senate,NA,Democratic,Gloria Johnson,102
Moore,U.S. Senate,NA,Democratic,Lola Denise Brown,11
Moore,U.S. Senate,NA,Democratic,Marquita Bradshaw,19
Moore,U.S. Senate,NA,Republican,Marsha Blackburn,849
Moore,U.S. Senate,NA,Republican,Tres Wittum,85
Moore,U.S. Senate,NA,Republican,Write-In - David Fey,0
Morgan,Court of Criminal Appeals - Western Division,NA,,Replace - Matthew J. Wilson,393
Morgan,Court of Criminal Appeals - Western Division,NA,,Retain - Matthew J. Wilson,1608
Morgan,State Executive Committeeman,12 (unexpired term),Democratic,Robert M. Young,212
Morgan,State Executive Committeewoman,12 (unexpired term),Democratic,Carol V Abney,220
Morgan,State Executive Committeewoman,12 (unexpired term),Republican,Ann Ayers-Colvin,1509
Morgan,State House,41,Democratic,Joel Derek Hawn,267
Morgan,State House,41,Republican,Ed Butler,1859
Morgan,State Senate,12,Democratic,Curtis Kelly,233
Morgan,State Senate,12,Republican,Ken Yager,1689
Morgan,State Senate,12,Republican,Teena Hedrick,410
Morgan,Supreme Court,NA,,Replace - Dwight Tarwater,427
Morgan,Supreme Court,NA,,Retain - Dwight Tarwater,1583
Morgan,U.S. House,3,Democratic,Jack Allen,245
Morgan,U.S. House,3,Republican,Chuck Fleischmann,1888
Morgan,U.S. House,3,Republican,Write-In - David Fey,0
Morgan,U.S. Senate,NA,Democratic,Civil Miller-Watkins,8
Morgan,U.S. Senate,NA,Democratic,Gloria Johnson,244
Morgan,U.S. Senate,NA,Democratic,Lola Denise Brown,12
Morgan,U.S. Senate,NA,Democratic,Marquita Bradshaw,31
Morgan,U.S. Senate,NA,Republican,Marsha Blackburn,1903
Morgan,U.S. Senate,NA,Republican,Tres Wittum,183
Morgan,U.S. Senate,NA,Republican,Write-In - David Fey,0
Obion,Court of Criminal Appeals - Western Division,NA,,Replace - Matthew J. Wilson,329
Obion,Court of Criminal Appeals - Western Division,NA,,Retain - Matthew J. Wilson,1498
Obion,State Executive Committeeman,24 (unexpired term),Democratic,Mark Flake,173
Obion,State Executive Committeewoman,24 (unexpired term),Democratic,Elizabeth LeMoine,29
Obion,State Executive Committeewoman,24 (unexpired term),Democratic,Tammy Floyd-Wade,92
Obion,State Executive Committeewoman,24 (unexpired term),Democratic,Virginia Ginger House,88
Obion,State House,77,Democratic,No Candidate Qualified,0
Obion,State House,77,Republican,"James T. ""Bubba"" Cobb",408
Obion,State House,77,Republican,Rusty Grills,1249
Obion,State House,82,Democratic,No Candidate Qualified,0
Obion,State House,82,Republican,Chris Hurt,435
Obion,State Senate,24,Democratic,No Candidate Qualified,0
Obion,State Senate,24,Republican,"Charles ""Charlie"" Cooper",394
Obion,State Senate,24,Republican,John D. Stevens,1619
Obion,Supreme Court,NA,,Replace - Dwight Tarwater,364
Obion,Supreme Court,NA,,Retain - Dwight Tarwater,1460
Obion,U.S. House,8,Democratic,Brenda Woods,40
Obion,U.S. House,8,Democratic,Lawrence A. Pivnick,17
Obion,U.S. House,8,Democratic,Leonard Perkins,54
Obion,U.S. House,8,Democratic,Lynnette P. Williams,38
Obion,U.S. House,8,Democratic,Sarah Freeman,83
Obion,U.S. House,8,Republican,David Kustoff,2015
Obion,U.S. Senate,NA,Democratic,Civil Miller-Watkins,12
Obion,U.S. Senate,NA,Democratic,Gloria Johnson,151
Obion,U.S. Senate,NA,Democratic,Lola Denise Brown,18
Obion,U.S. Senate,NA,Democratic,Marquita Bradshaw,62
Obion,U.S. Senate,NA,Republican,Marsha Blackburn,2000
Obion,U.S. Senate,NA,Republican,Tres Wittum,137
Obion,U.S. Senate,NA,Republican,Write-In - David Fey,0
Overton,Court of Criminal Appeals - Western Division,NA,,Replace - Matthew J. Wilson,637
Overton,Court of Criminal Appeals - Western Division,NA,,Retain - Matthew J. Wilson,1413
Overton,Criminal Court Judge Part III,13,Republican,Shawn C. Fry,2066
Overton,State Executive Committeeman,12 (unexpired term),Democratic,Robert M. Young,393
Overton,State Executive Committeewoman,12 (unexpired term),Democratic,Carol V Abney,401
Overton,State Executive Committeewoman,12 (unexpired term),Republican,Ann Ayers-Colvin,1488
Overton,State House,41,Democratic,Joel Derek Hawn,408
Overton,State House,41,Republican,Ed Butler,1918
Overton,State Senate,12,Democratic,Curtis Kelly,396
Overton,State Senate,12,Republican,Ken Yager,1544
Overton,State Senate,12,Republican,Teena Hedrick,450
Overton,Supreme Court,NA,,Replace - Dwight Tarwater,658
Overton,Supreme Court,NA,,Retain - Dwight Tarwater,1392
Overton,U.S. House,6,Democratic,Clay Faircloth,132
Overton,U.S. House,6,Democratic,Cyril Focht,65
Overton,U.S. House,6,Democratic,Lore Bergman,224
Overton,U.S. House,6,Republican,John Rose,1834
Overton,U.S. Senate,NA,Democratic,Civil Miller-Watkins,14
Overton,U.S. Senate,NA,Democratic,Gloria Johnson,375
Overton,U.S. Senate,NA,Democratic,Lola Denise Brown,44
Overton,U.S. Senate,NA,Democratic,Marquita Bradshaw,72
Overton,U.S. Senate,NA,Republican,Marsha Blackburn,1960
Overton,U.S. Senate,NA,Republican,Tres Wittum,159
Overton,U.S. Senate,NA,Republican,Write-In - David Fey,0
Perry,Court of Criminal Appeals - Western Division,NA,,Replace - Matthew J. Wilson,113
Perry,Court of Criminal Appeals - Western Division,NA,,Retain - Matthew J. Wilson,346
Perry,State Executive Committeeman,25 (unexpired term),Democratic,Byron Elam,15
Perry,State Executive Committeeman,25 (unexpired term),Democratic,Toney G. Campbell,98
Perry,State House,72,Democratic,No Candidate Qualified,0
Perry,State House,72,Republican,Kirk Haston,487
Perry,Supreme Court,NA,,Replace - Dwight Tarwater,117
Perry,Supreme Court,NA,,Retain - Dwight Tarwater,350
Perry,U.S. House,7,Democratic,Megan Barry,124
Perry,U.S. House,7,Republican,Mark E. Green,458
Perry,U.S. Senate,NA,Democratic,Civil Miller-Watkins,0
Perry,U.S. Senate,NA,Democratic,Gloria Johnson,115
Perry,U.S. Senate,NA,Democratic,Lola Denise Brown,4
Perry,U.S. Senate,NA,Democratic,Marquita Bradshaw,20
Perry,U.S. Senate,NA,Republican,Marsha Blackburn,468
Perry,U.S. Senate,NA,Republican,Tres Wittum,24
Perry,U.S. Senate,NA,Republican,Write-In - David Fey,0
Pickett,Court of Criminal Appeals - Western Division,NA,,Replace - Matthew J. Wilson,110
Pickett,Court of Criminal Appeals - Western Division,NA,,Retain - Matthew J. Wilson,335
Pickett,Criminal Court Judge Part III,13,Republican,Shawn C. Fry,458
Pickett,State Executive Committeeman,12 (unexpired term),Democratic,Robert M. Young,70
Pickett,State Executive Committeewoman,12 (unexpired term),Democratic,Carol V Abney,73
Pickett,State Executive Committeewoman,12 (unexpired term),Republican,Ann Ayers-Colvin,358
Pickett,State House,38,Democratic,No Candidate Qualified,0
Pickett,State House,38,Republican,Kelly T Keisling,498
Pickett,State Senate,12,Democratic,Curtis Kelly,67
Pickett,State Senate,12,Republican,Ken Yager,431
Pickett,State Senate,12,Republican,Teena Hedrick,91
Pickett,Supreme Court,NA,,Replace - Dwight Tarwater,107
Pickett,Supreme Court,NA,,Retain - Dwight Tarwater,342
Pickett,U.S. House,6,Democratic,Clay Faircloth,18
Pickett,U.S. House,6,Democratic,Cyril Focht,11
Pickett,U.S. House,6,Democratic,Lore Bergman,43
Pickett,U.S. House,6,Republican,John Rose,481
Pickett,U.S. Senate,NA,Democratic,Civil Miller-Watkins,1
Pickett,U.S. Senate,NA,Democratic,Gloria Johnson,63
Pickett,U.S. Senate,NA,Democratic,Lola Denise Brown,5
Pickett,U.S. Senate,NA,Democratic,Marquita Bradshaw,13
Pickett,U.S. Senate,NA,Republican,Marsha Blackburn,483
Pickett,U.S. Senate,NA,Republican,Tres Wittum,54
Pickett,U.S. Senate,NA,Republican,Write-In - David Fey,0
Polk,Court of Criminal Appeals - Western Division,NA,,Replace - Matthew J. Wilson,366
Polk,Court of Criminal Appeals - Western Division,NA,,Retain - Matthew J. Wilson,930
Polk,District Attorney General,10 (unexpired term),Republican,Stephen Hatchett,1263
Polk,State Executive Committeeman,2 (unexpired term),Republican,Bill Russell,674
Polk,State Executive Committeeman,2 (unexpired term),Republican,Brandon M. Leitch,194
Polk,State Executive Committeeman,2 (unexpired term),Republican,Darrell L Tipton,179
Polk,State House,22,Democratic,Anna Grabowski,130
Polk,State House,22,Democratic,Stan Hurder,122
Polk,State House,22,Republican,Dan Howell,1137
Polk,State Senate,2,Democratic,Patti Young,238
Polk,State Senate,2,Republican,Bryan Richey,166
Polk,State Senate,2,Republican,John G. Pullias,56
Polk,State Senate,2,Republican,Tom Hatcher,964
Polk,Supreme Court,NA,,Replace - Dwight Tarwater,398
Polk,Supreme Court,NA,,Retain - Dwight Tarwater,915
Polk,U.S. House,3,Democratic,Jack Allen,246
Polk,U.S. House,3,Republican,Chuck Fleischmann,1154
Polk,U.S. House,3,Republican,Write-In - David Fey,0
Polk,U.S. Senate,NA,Democratic,Civil Miller-Watkins,8
Polk,U.S. Senate,NA,Democratic,Gloria Johnson,178
Polk,U.S. Senate,NA,Democratic,Lola Denise Brown,21
Polk,U.S. Senate,NA,Democratic,Marquita Bradshaw,58
Polk,U.S. Senate,NA,Republican,Marsha Blackburn,1154
Polk,U.S. Senate,NA,Republican,Tres Wittum,78
Polk,U.S. Senate,NA,Republican,Write-In - David Fey,0
Putnam,Court of Criminal Appeals - Western Division,NA,,Replace - Matthew J. Wilson,1015
Putnam,Court of Criminal Appeals - Western Division,NA,,Retain - Matthew J. Wilson,2832
Putnam,Criminal Court Judge Part III,13,Republican,Shawn C. Fry,3660
Putnam,State Executive Committeeman,15 (unexpired term),Democratic,Troy Smith,1323
Putnam,State House,25,Democratic,Wesley M. Adkins,131
Putnam,State House,25,Republican,Cameron Sexton,418
Putnam,State House,42,Democratic,"Amber ""Bennie"" Taylor",1212
Putnam,State House,42,Republican,Ryan D. Williams,2411
Putnam,Supreme Court,NA,,Replace - Dwight Tarwater,1089
Putnam,Supreme Court,NA,,Retain - Dwight Tarwater,2783
Putnam,U.S. House,6,Democratic,Clay Faircloth,345
Putnam,U.S. House,6,Democratic,Cyril Focht,479
Putnam,U.S. House,6,Democratic,Lore Bergman,562
Putnam,U.S. House,6,Republican,John Rose,2846
Putnam,U.S. Senate,NA,Democratic,Civil Miller-Watkins,37
Putnam,U.S. Senate,NA,Democratic,Gloria Johnson,1172
Putnam,U.S. Senate,NA,Democratic,Lola Denise Brown,59
Putnam,U.S. Senate,NA,Democratic,Marquita Bradshaw,201
Putnam,U.S. Senate,NA,Republican,Marsha Blackburn,2835
Putnam,U.S. Senate,NA,Republican,Tres Wittum,241
Putnam,U.S. Senate,NA,Republican,Write-In - David Fey,0
Rhea,Court of Criminal Appeals - Western Division,NA,,Replace - Matthew J. Wilson,359
Rhea,Court of Criminal Appeals - Western Division,NA,,Retain - Matthew J. Wilson,1322
Rhea,State House,31,Democratic,Brittany Lynn Warfel,185
Rhea,State House,31,Republican,Richard W Smith,427
Rhea,State House,31,Republican,Ron Travis,1432
Rhea,Supreme Court,NA,,Replace - Dwight Tarwater,367
Rhea,Supreme Court,NA,,Retain - Dwight Tarwater,1328
Rhea,U.S. House,4,Democratic,Victoria Isabel Broderick,188
Rhea,U.S. House,4,Republican,Joshua James,144
Rhea,U.S. House,4,Republican,Scott DesJarlais,1348
Rhea,U.S. House,4,Republican,Thomas E. Davis,316
Rhea,U.S. Senate,NA,Democratic,Civil Miller-Watkins,11
Rhea,U.S. Senate,NA,Democratic,Gloria Johnson,142
Rhea,U.S. Senate,NA,Democratic,Lola Denise Brown,22
Rhea,U.S. Senate,NA,Democratic,Marquita Bradshaw,38
Rhea,U.S. Senate,NA,Republican,Marsha Blackburn,1674
Rhea,U.S. Senate,NA,Republican,Tres Wittum,184
Rhea,U.S. Senate,NA,Republican,Write-In - David Fey,0
Roane,Court of Criminal Appeals - Western Division,NA,,Replace - Matthew J. Wilson,1802
Roane,Court of Criminal Appeals - Western Division,NA,,Retain - Matthew J. Wilson,5183
Roane,State Executive Committeeman,12 (unexpired term),Democratic,Robert M. Young,1224
Roane,State Executive Committeewoman,12 (unexpired term),Democratic,Carol V Abney,1216
Roane,State Executive Committeewoman,12 (unexpired term),Republican,Ann Ayers-Colvin,4832
Roane,State House,32,Democratic,No Candidate Qualified,0
Roane,State House,32,Republican,Monty G. Fritts,5465
Roane,State House,41,Democratic,Joel Derek Hawn,44
Roane,State House,41,Republican,Ed Butler,265
Roane,State Senate,12,Democratic,Curtis Kelly,1268
Roane,State Senate,12,Republican,Ken Yager,4266
Roane,State Senate,12,Republican,Teena Hedrick,2080
Roane,Supreme Court,NA,,Replace - Dwight Tarwater,1787
Roane,Supreme Court,NA,,Retain - Dwight Tarwater,5193
Roane,U.S. House,3,Democratic,Jack Allen,1283
Roane,U.S. House,3,Republican,Chuck Fleischmann,5725
Roane,U.S. House,3,Republican,Write-In - David Fey,0
Roane,U.S. Senate,NA,Democratic,Civil Miller-Watkins,34
Roane,U.S. Senate,NA,Democratic,Gloria Johnson,1182
Roane,U.S. Senate,NA,Democratic,Lola Denise Brown,61
Roane,U.S. Senate,NA,Democratic,Marquita Bradshaw,163
Roane,U.S. Senate,NA,Republican,Marsha Blackburn,5541
Roane,U.S. Senate,NA,Republican,Tres Wittum,629
Roane,U.S. Senate,NA,Republican,Write-In - David Fey,1
Robertson,Circuit Court Judge Part VI,19,Republican,Ashleigh L. Travis,2584
Robertson,Court of Criminal Appeals - Western Division,NA,,Replace - Matthew J. Wilson,711
Robertson,Court of Criminal Appeals - Western Division,NA,,Retain - Matthew J. Wilson,2100
Robertson,State Executive Committeeman,23 (unexpired term),Democratic,Zacharie Kinslow,700
Robertson,State Executive Committeewoman,23 (unexpired term),Democratic,Emily K. McCartney,506
Robertson,State Executive Committeewoman,23 (unexpired term),Democratic,Jenny Fulle,218
Robertson,State House,66,Democratic,Elizabeth Webb,736
Robertson,State House,66,Republican,Sabi (Doc) Kumar,2250
Robertson,Supreme Court,NA,,Replace - Dwight Tarwater,725
Robertson,Supreme Court,NA,,Retain - Dwight Tarwater,2085
Robertson,U.S. House,7,Democratic,Megan Barry,785
Robertson,U.S. House,7,Republican,Mark E. Green,2284
Robertson,U.S. Senate,NA,Democratic,Civil Miller-Watkins,12
Robertson,U.S. Senate,NA,Democratic,Gloria Johnson,634
Robertson,U.S. Senate,NA,Democratic,Lola Denise Brown,28
Robertson,U.S. Senate,NA,Democratic,Marquita Bradshaw,159
Robertson,U.S. Senate,NA,Republican,Marsha Blackburn,2240
Robertson,U.S. Senate,NA,Republican,Tres Wittum,214
Robertson,U.S. Senate,NA,Republican,Write-In - David Fey,0
Rutherford,Circuit Court Judge Division I,16 (unexpired term),Independent,Terry Fann,17903
Rutherford,Court of Criminal Appeals - Western Division,NA,,Replace - Matthew J. Wilson,5562
Rutherford,Court of Criminal Appeals - Western Division,NA,,Retain - Matthew J. Wilson,13165
Rutherford,State Executive Committeeman,13 (unexpired term),Democratic,Matthew Burke,4238
Rutherford,State Executive Committeeman,14 (unexpired term),Democratic,Erick E. Huth,695
Rutherford,State Executive Committeeman,14 (unexpired term),Democratic,Matt Ferry,1743
Rutherford,State House,13,Democratic,Jonathan Yancey,1157
Rutherford,State House,13,Republican,Jami K. Averwater,1027
Rutherford,State House,13,Republican,Robert Stevens,2249
Rutherford,State House,34,Democratic,Amelia Pant,1547
Rutherford,State House,34,Republican,Tim Rudd,2196
Rutherford,State House,34,Republican,Tucker Marcum,1233
Rutherford,State House,37,Democratic,Cheri Brown,1291
Rutherford,State House,37,Republican,Charlie Baum,2487
Rutherford,State House,48,Democratic,Matt Ferry,1528
Rutherford,State House,48,Republican,Bryan Terry,3157
Rutherford,State House,49,Democratic,Luis Mata,1153
Rutherford,State House,49,Republican,Mike Sparks,1595
Rutherford,State Senate,14,Democratic,E. R. Smith,2307
Rutherford,State Senate,14,Republican,Shane Reeves,3884
Rutherford,Supreme Court,NA,,Replace - Dwight Tarwater,5827
Rutherford,Supreme Court,NA,,Retain - Dwight Tarwater,12993
Rutherford,U.S. House,4,Democratic,Victoria Isabel Broderick,6646
Rutherford,U.S. House,4,Republican,Joshua James,1666
Rutherford,U.S. House,4,Republican,Scott DesJarlais,9876
Rutherford,U.S. House,4,Republican,Thomas E. Davis,2616
Rutherford,U.S. Senate,NA,Democratic,Civil Miller-Watkins,174
Rutherford,U.S. Senate,NA,Democratic,Gloria Johnson,5248
Rutherford,U.S. Senate,NA,Democratic,Lola Denise Brown,281
Rutherford,U.S. Senate,NA,Democratic,Marquita Bradshaw,1695
Rutherford,U.S. Senate,NA,Republican,Marsha Blackburn,12641
Rutherford,U.S. Senate,NA,Republican,Tres Wittum,1792
Rutherford,U.S. Senate,NA,Republican,Write-In - David Fey,1
Scott,Court of Criminal Appeals - Western Division,NA,,Replace - Matthew J. Wilson,368
Scott,Court of Criminal Appeals - Western Division,NA,,Retain - Matthew J. Wilson,1172
Scott,State Executive Committeeman,12 (unexpired term),Democratic,Robert M. Young,137
Scott,State Executive Committeewoman,12 (unexpired term),Democratic,Carol V Abney,137
Scott,State Executive Committeewoman,12 (unexpired term),Republican,Ann Ayers-Colvin,1166
Scott,State House,38,Democratic,No Candidate Qualified,0
Scott,State House,38,Republican,Kelly T Keisling,1506
Scott,State Senate,12,Democratic,Curtis Kelly,137
Scott,State Senate,12,Republican,Ken Yager,1356
Scott,State Senate,12,Republican,Teena Hedrick,296
Scott,Supreme Court,NA,,Replace - Dwight Tarwater,378
Scott,Supreme Court,NA,,Retain - Dwight Tarwater,1176
Scott,U.S. House,3,Democratic,Jack Allen,42
Scott,U.S. House,3,Republican,Chuck Fleischmann,356
Scott,U.S. House,3,Republican,Write-In - David Fey,0
Scott,U.S. House,6,Democratic,Clay Faircloth,28
Scott,U.S. House,6,Democratic,Cyril Focht,18
Scott,U.S. House,6,Democratic,Lore Bergman,54
Scott,U.S. House,6,Republican,John Rose,911
Scott,U.S. Senate,NA,Democratic,Civil Miller-Watkins,6
Scott,U.S. Senate,NA,Democratic,Gloria Johnson,122
Scott,U.S. Senate,NA,Democratic,Lola Denise Brown,15
Scott,U.S. Senate,NA,Democratic,Marquita Bradshaw,28
Scott,U.S. Senate,NA,Republican,Marsha Blackburn,1500
Scott,U.S. Senate,NA,Republican,Tres Wittum,139
Scott,U.S. Senate,NA,Republican,Write-In - David Fey,0
Sequatchie,Court of Criminal Appeals - Western Division,NA,,Replace - Matthew J. Wilson,270
Sequatchie,Court of Criminal Appeals - Western Division,NA,,Retain - Matthew J. Wilson,1106
Sequatchie,State House,31,Democratic,Brittany Lynn Warfel,139
Sequatchie,State House,31,Republican,Richard W Smith,508
Sequatchie,State House,31,Republican,Ron Travis,960
Sequatchie,State Senate,10,Democratic,Missy Crutchfield,140
Sequatchie,State Senate,10,Republican,Edward (Ed) LeCompte,305
Sequatchie,State Senate,10,Republican,Todd Gardenhire,1104
Sequatchie,Supreme Court,NA,,Replace - Dwight Tarwater,286
Sequatchie,Supreme Court,NA,,Retain - Dwight Tarwater,1098
Sequatchie,U.S. House,4,Democratic,Victoria Isabel Broderick,137
Sequatchie,U.S. House,4,Republican,Joshua James,91
Sequatchie,U.S. House,4,Republican,Scott DesJarlais,988
Sequatchie,U.S. House,4,Republican,Thomas E. Davis,359
Sequatchie,U.S. Senate,NA,Democratic,Civil Miller-Watkins,1
Sequatchie,U.S. Senate,NA,Democratic,Gloria Johnson,90
Sequatchie,U.S. Senate,NA,Democratic,Lola Denise Brown,17
Sequatchie,U.S. Senate,NA,Democratic,Marquita Bradshaw,40
Sequatchie,U.S. Senate,NA,Republican,Marsha Blackburn,1376
Sequatchie,U.S. Senate,NA,Republican,Tres Wittum,119
Sequatchie,U.S. Senate,NA,Republican,Write-In - David Fey,0
Sevier,Court of Criminal Appeals - Western Division,NA,,Replace - Matthew J. Wilson,958
Sevier,Court of Criminal Appeals - Western Division,NA,,Retain - Matthew J. Wilson,5334
Sevier,State Executive Committeeman,9 (unexpired term),Democratic,Noah Adkins,183
Sevier,State Executive Committeewoman,8 (unexpired term),Republican,Patty Mills,4288
Sevier,State House,12,Democratic,Leslie P Braddock,504
Sevier,State House,12,Republican,Christian Gerald Brown,225
Sevier,State House,12,Republican,Fred A. Atchley,3401
Sevier,State House,12,Republican,Larry Linton,1167
Sevier,State House,17,Democratic,No Candidate Qualified,0
Sevier,State House,17,Republican,Andrew Ellis Farmer,1423
Sevier,State Senate,8,Democratic,R. E. Ellison,490
Sevier,State Senate,8,Republican,Frank S. Niceley,2487
Sevier,State Senate,8,Republican,Jessie Seal,2540
Sevier,Supreme Court,NA,,Replace - Dwight Tarwater,970
Sevier,Supreme Court,NA,,Retain - Dwight Tarwater,5415
Sevier,U.S. House,1,Democratic,Bennett H Lapides,327
Sevier,U.S. House,1,Democratic,Kevin Jenkins,402
Sevier,U.S. House,1,Republican,Diana Harshbarger,5867
Sevier,U.S. Senate,NA,Democratic,Civil Miller-Watkins,27
Sevier,U.S. Senate,NA,Democratic,Gloria Johnson,633
Sevier,U.S. Senate,NA,Democratic,Lola Denise Brown,24
Sevier,U.S. Senate,NA,Democratic,Marquita Bradshaw,98
Sevier,U.S. Senate,NA,Republican,Marsha Blackburn,5820
Sevier,U.S. Senate,NA,Republican,Tres Wittum,456
Sevier,U.S. Senate,NA,Republican,Write-In - David Fey,0
Shelby,Court of Criminal Appeals - Western Division,NA,,Replace - Matthew J. Wilson,24453
Shelby,Court of Criminal Appeals - Western Division,NA,,Retain - Matthew J. Wilson,42544
Shelby,State Executive Committeeman,32 (unexpired term),Democratic,Gregory Patrick,3047
Shelby,State House,83,Democratic,Noah Nordstrom,2618
Shelby,State House,83,Republican,Mark White,5553
Shelby,State House,84,Democratic,Joe Towns Jr.,2322
Shelby,State House,84,Democratic,Vernell Williams,461
Shelby,State House,84,Republican,No Candidate Qualified,0
Shelby,State House,85,Democratic,Jesse Chism,5529
Shelby,State House,85,Republican,No Candidate Qualified,0
Shelby,State House,86,Democratic,David Page,267
Shelby,State House,86,Democratic,Justin J. Pearson,3784
Shelby,State House,86,Republican,No Candidate Qualified,0
Shelby,State House,87,Democratic,Karen Camper,3055
Shelby,State House,87,Republican,No Candidate Qualified,0
Shelby,State House,88,Democratic,Larry J. Miller,3180
Shelby,State House,88,Republican,Larry Hunter,1024
Shelby,State House,91,Democratic,Torrey C. Harris,3979
Shelby,State House,91,Republican,No Candidate Qualified,0
Shelby,State House,93,Democratic,"G. A. Hardaway, Sr.",2209
Shelby,State House,93,Democratic,LaShanta Rudd,730
Shelby,State House,93,Republican,Renarda Renee Clariett,375
Shelby,State House,95,Democratic,No Candidate Qualified,0
Shelby,State House,95,Republican,Kevin Vaughan,4949
Shelby,State House,96,Democratic,David Winston,281
Shelby,State House,96,Democratic,Eric Dunn,397
Shelby,State House,96,Democratic,Gabby Salinas,2168
Shelby,State House,96,Democratic,Orrden Williams,53
Shelby,State House,96,Democratic,Telisa Franklin,2036
Shelby,State House,96,Republican,No Candidate Qualified,0
Shelby,State House,97,Democratic,Jesse Huseth,3100
Shelby,State House,97,Republican,Christina Oppenhuizen,236
Shelby,State House,97,Republican,John Gillespie,4914
Shelby,State House,98,Democratic,Antonio Parkinson,3336
Shelby,State House,98,Republican,Cecil Hale,854
Shelby,State House,98,Republican,Write-In - Nicholas Pegues,1
Shelby,State House,99,Democratic,No Candidate Qualified,0
Shelby,State House,99,Republican,Tom Leatherwood,4742
Shelby,State Senate,30,Democratic,Erika Stotts Pearson,3156
Shelby,State Senate,30,Democratic,Sara P. Kyle,6765
Shelby,State Senate,30,Republican,No Candidate Qualified,0
Shelby,State Senate,32,Democratic,No Candidate Qualified,0
Shelby,State Senate,32,Republican,Paul W. Rose,4614
Shelby,Supreme Court,NA,,Replace - Dwight Tarwater,25751
Shelby,Supreme Court,NA,,Retain - Dwight Tarwater,41630
Shelby,U.S. House,8,Democratic,Brenda Woods,826
Shelby,U.S. House,8,Democratic,Lawrence A. Pivnick,763
Shelby,U.S. House,8,Democratic,Leonard Perkins,538
Shelby,U.S. House,8,Democratic,Lynnette P. Williams,906
Shelby,U.S. House,8,Democratic,Sarah Freeman,2661
Shelby,U.S. House,8,Republican,David Kustoff,16979
Shelby,U.S. House,9,Democratic,Corey Strong,7116
Shelby,U.S. House,9,Democratic,Kasandra L Smith,1508
Shelby,U.S. House,9,Democratic,M Latroy A-Williams,1928
Shelby,U.S. House,9,Democratic,Steve Cohen,29820
Shelby,U.S. House,9,Republican,Charlotte Bergmann,9035
Shelby,U.S. Senate,NA,Democratic,Civil Miller-Watkins,1875
Shelby,U.S. Senate,NA,Democratic,Gloria Johnson,22260
Shelby,U.S. Senate,NA,Democratic,Lola Denise Brown,3585
Shelby,U.S. Senate,NA,Democratic,Marquita Bradshaw,16861
Shelby,U.S. Senate,NA,Republican,Marsha Blackburn,25007
Shelby,U.S. Senate,NA,Republican,Tres Wittum,2567
Shelby,U.S. Senate,NA,Republican,Write-In - David Fey,0
Smith,Court of Criminal Appeals - Western Division,NA,,Replace - Matthew J. Wilson,239
Smith,Court of Criminal Appeals - Western Division,NA,,Retain - Matthew J. Wilson,648
Smith,State Executive Committeeman,15 (unexpired term),Democratic,Troy Smith,174
Smith,State House,40,Democratic,Daniel T. Hawthorne,167
Smith,State House,40,Republican,Michael Hale,805
Smith,Supreme Court,NA,,Replace - Dwight Tarwater,243
Smith,Supreme Court,NA,,Retain - Dwight Tarwater,655
Smith,U.S. House,6,Democratic,Clay Faircloth,64
Smith,U.S. House,6,Democratic,Cyril Focht,26
Smith,U.S. House,6,Democratic,Lore Bergman,77
Smith,U.S. House,6,Republican,John Rose,825
Smith,U.S. Senate,NA,Democratic,Civil Miller-Watkins,4
Smith,U.S. Senate,NA,Democratic,Gloria Johnson,149
Smith,U.S. Senate,NA,Democratic,Lola Denise Brown,12
Smith,U.S. Senate,NA,Democratic,Marquita Bradshaw,23
Smith,U.S. Senate,NA,Republican,Marsha Blackburn,790
Smith,U.S. Senate,NA,Republican,Tres Wittum,65
Smith,U.S. Senate,NA,Republican,Write-In - David Fey,0
Stewart,Court of Criminal Appeals - Western Division,NA,,Replace - Matthew J. Wilson,207
Stewart,Court of Criminal Appeals - Western Division,NA,,Retain - Matthew J. Wilson,661
Stewart,State Executive Committeeman,24 (unexpired term),Democratic,Mark Flake,151
Stewart,State Executive Committeewoman,24 (unexpired term),Democratic,Elizabeth LeMoine,20
Stewart,State Executive Committeewoman,24 (unexpired term),Democratic,Tammy Floyd-Wade,66
Stewart,State Executive Committeewoman,24 (unexpired term),Democratic,Virginia Ginger House,86
Stewart,State House,74,Democratic,No Candidate Qualified,0
Stewart,State House,74,Republican,Jay D. Reedy,714
Stewart,State Senate,24,Democratic,No Candidate Qualified,0
Stewart,State Senate,24,Republican,"Charles ""Charlie"" Cooper",263
Stewart,State Senate,24,Republican,John D. Stevens,472
Stewart,Supreme Court,NA,,Replace - Dwight Tarwater,212
Stewart,Supreme Court,NA,,Retain - Dwight Tarwater,655
Stewart,U.S. House,7,Democratic,Megan Barry,197
Stewart,U.S. House,7,Republican,Mark E. Green,762
Stewart,U.S. Senate,NA,Democratic,Civil Miller-Watkins,5
Stewart,U.S. Senate,NA,Democratic,Gloria Johnson,140
Stewart,U.S. Senate,NA,Democratic,Lola Denise Brown,17
Stewart,U.S. Senate,NA,Democratic,Marquita Bradshaw,44
Stewart,U.S. Senate,NA,Republican,Marsha Blackburn,714
Stewart,U.S. Senate,NA,Republican,Tres Wittum,71
Stewart,U.S. Senate,NA,Republican,Write-In - David Fey,0
Sullivan,Circuit Court Judge Part I,2 (unexpired term),Republican,S. Curtis Rose,16094
Sullivan,Court of Criminal Appeals - Western Division,NA,,Replace - Matthew J. Wilson,2735
Sullivan,Court of Criminal Appeals - Western Division,NA,,Retain - Matthew J. Wilson,13315
Sullivan,State House,1,Democratic,No Candidate Qualified,0
Sullivan,State House,1,Republican,John Crawford,5168
Sullivan,State House,2,Democratic,No Candidate Qualified,0
Sullivan,State House,2,Republican,Bud Hulsey,7290
Sullivan,State House,3,Democratic,Lori Love,187
Sullivan,State House,3,Republican,Timothy Aaron Hill,2377
Sullivan,State Senate,4,Democratic,No Candidate Qualified,0
Sullivan,State Senate,4,Republican,Bobby Harshbarger,8561
Sullivan,State Senate,4,Republican,Jon C. Lundberg,8436
Sullivan,Supreme Court,NA,,Replace - Dwight Tarwater,2981
Sullivan,Supreme Court,NA,,Retain - Dwight Tarwater,13253
Sullivan,U.S. House,1,Democratic,Bennett H Lapides,510
Sullivan,U.S. House,1,Democratic,Kevin Jenkins,1176
Sullivan,U.S. House,1,Republican,Diana Harshbarger,14194
Sullivan,U.S. Senate,NA,Democratic,Civil Miller-Watkins,67
Sullivan,U.S. Senate,NA,Democratic,Gloria Johnson,1229
Sullivan,U.S. Senate,NA,Democratic,Lola Denise Brown,136
Sullivan,U.S. Senate,NA,Democratic,Marquita Bradshaw,425
Sullivan,U.S. Senate,NA,Republican,Marsha Blackburn,14870
Sullivan,U.S. Senate,NA,Republican,Tres Wittum,1858
Sullivan,U.S. Senate,NA,Republican,Write-In - David Fey,0
Sumner,Court of Criminal Appeals - Western Division,NA,,Replace - Matthew J. Wilson,3616
Sumner,Court of Criminal Appeals - Western Division,NA,,Retain - Matthew J. Wilson,12532
Sumner,State Executive Committeeman,18 (unexpired term),Democratic,Tyler Templeton,3017
Sumner,State Executive Committeewoman,18 (unexpired term),Democratic,Megan Lange,3040
Sumner,State House,35,Democratic,Lexi Melton,957
Sumner,State House,35,Republican,William H Slater,4281
Sumner,State House,44,Democratic,Brian Robertson,913
Sumner,State House,44,Republican,William Lamberth,4886
Sumner,State House,45,Democratic,Alison Beale,1230
Sumner,State House,45,Republican,Johnny Garrett,4763
Sumner,State Senate,18,Democratic,Walter S. Chandler,3076
Sumner,State Senate,18,Republican,Chris Spencer,6427
Sumner,State Senate,18,Republican,Ferrell Haile,9272
Sumner,Supreme Court,NA,,Replace - Dwight Tarwater,3789
Sumner,Supreme Court,NA,,Retain - Dwight Tarwater,12394
Sumner,U.S. House,6,Democratic,Clay Faircloth,1153
Sumner,U.S. House,6,Democratic,Cyril Focht,622
Sumner,U.S. House,6,Democratic,Lore Bergman,1391
Sumner,U.S. House,6,Republican,John Rose,13511
Sumner,U.S. Senate,NA,Democratic,Civil Miller-Watkins,57
Sumner,U.S. Senate,NA,Democratic,Gloria Johnson,2680
Sumner,U.S. Senate,NA,Democratic,Lola Denise Brown,159
Sumner,U.S. Senate,NA,Democratic,Marquita Bradshaw,552
Sumner,U.S. Senate,NA,Republican,Marsha Blackburn,13697
Sumner,U.S. Senate,NA,Republican,Tres Wittum,1612
Sumner,U.S. Senate,NA,Republican,Write-In - David Fey,0
Tipton,Court of Criminal Appeals - Western Division,NA,,Replace - Matthew J. Wilson,635
Tipton,Court of Criminal Appeals - Western Division,NA,,Retain - Matthew J. Wilson,2427
Tipton,State Executive Committeeman,32 (unexpired term),Democratic,Gregory Patrick,486
Tipton,State House,81,Democratic,No Candidate Qualified,0
Tipton,State House,81,Republican,Debra Moody,2621
Tipton,State Senate,32,Democratic,No Candidate Qualified,0
Tipton,State Senate,32,Republican,Paul W. Rose,2602
Tipton,Supreme Court,NA,,Replace - Dwight Tarwater,671
Tipton,Supreme Court,NA,,Retain - Dwight Tarwater,2393
Tipton,U.S. House,8,Democratic,Brenda Woods,92
Tipton,U.S. House,8,Democratic,Lawrence A. Pivnick,19
Tipton,U.S. House,8,Democratic,Leonard Perkins,37
Tipton,U.S. House,8,Democratic,Lynnette P. Williams,79
Tipton,U.S. House,8,Democratic,Sarah Freeman,92
Tipton,U.S. House,8,Republican,David Kustoff,1492
Tipton,U.S. House,9,Democratic,Corey Strong,142
Tipton,U.S. House,9,Democratic,Kasandra L Smith,15
Tipton,U.S. House,9,Democratic,M Latroy A-Williams,8
Tipton,U.S. House,9,Democratic,Steve Cohen,222
Tipton,U.S. House,9,Republican,Charlotte Bergmann,1113
Tipton,U.S. Senate,NA,Democratic,Civil Miller-Watkins,30
Tipton,U.S. Senate,NA,Democratic,Gloria Johnson,413
Tipton,U.S. Senate,NA,Democratic,Lola Denise Brown,63
Tipton,U.S. Senate,NA,Democratic,Marquita Bradshaw,189
Tipton,U.S. Senate,NA,Republican,Marsha Blackburn,2570
Tipton,U.S. Senate,NA,Republican,Tres Wittum,209
Tipton,U.S. Senate,NA,Republican,Write-In - David Fey,0
Trousdale,Court of Criminal Appeals - Western Division,NA,,Replace - Matthew J. Wilson,177
Trousdale,Court of Criminal Appeals - Western Division,NA,,Retain - Matthew J. Wilson,494
Trousdale,State Executive Committeeman,18 (unexpired term),Democratic,Tyler Templeton,118
Trousdale,State Executive Committeewoman,18 (unexpired term),Democratic,Megan Lange,123
Trousdale,State House,35,Democratic,Lexi Melton,127
Trousdale,State House,35,Republican,William H Slater,583
Trousdale,State Senate,18,Democratic,Walter S. Chandler,118
Trousdale,State Senate,18,Republican,Chris Spencer,257
Trousdale,State Senate,18,Republican,Ferrell Haile,413
Trousdale,Supreme Court,NA,,Replace - Dwight Tarwater,190
Trousdale,Supreme Court,NA,,Retain - Dwight Tarwater,487
Trousdale,U.S. House,6,Democratic,Clay Faircloth,33
Trousdale,U.S. House,6,Democratic,Cyril Focht,18
Trousdale,U.S. House,6,Democratic,Lore Bergman,76
Trousdale,U.S. House,6,Republican,John Rose,580
Trousdale,U.S. Senate,NA,Democratic,Civil Miller-Watkins,3
Trousdale,U.S. Senate,NA,Democratic,Gloria Johnson,97
Trousdale,U.S. Senate,NA,Democratic,Lola Denise Brown,6
Trousdale,U.S. Senate,NA,Democratic,Marquita Bradshaw,38
Trousdale,U.S. Senate,NA,Republican,Marsha Blackburn,607
Trousdale,U.S. Senate,NA,Republican,Tres Wittum,55
Trousdale,U.S. Senate,NA,Republican,Write-In - David Fey,0
Unicoi,Court of Criminal Appeals - Western Division,NA,,Replace - Matthew J. Wilson,277
Unicoi,Court of Criminal Appeals - Western Division,NA,,Retain - Matthew J. Wilson,1462
Unicoi,State Executive Committeeman,9 (unexpired term),Democratic,Noah Adkins,132
Unicoi,State House,4,Democratic,No Candidate Qualified,0
Unicoi,State House,4,Republican,Curt Alexander,372
Unicoi,State House,4,Republican,Renea Jones,1809
Unicoi,Supreme Court,NA,,Replace - Dwight Tarwater,290
Unicoi,Supreme Court,NA,,Retain - Dwight Tarwater,1425
Unicoi,U.S. House,1,Democratic,Bennett H Lapides,38
Unicoi,U.S. House,1,Democratic,Kevin Jenkins,102
Unicoi,U.S. House,1,Republican,Diana Harshbarger,1956
Unicoi,U.S. Senate,NA,Democratic,Civil Miller-Watkins,0
Unicoi,U.S. Senate,NA,Democratic,Gloria Johnson,103
Unicoi,U.S. Senate,NA,Democratic,Lola Denise Brown,17
Unicoi,U.S. Senate,NA,Democratic,Marquita Bradshaw,32
Unicoi,U.S. Senate,NA,Republican,Marsha Blackburn,1967
Unicoi,U.S. Senate,NA,Republican,Tres Wittum,144
Unicoi,U.S. Senate,NA,Republican,Write-In - David Fey,0
Union,Court of Criminal Appeals - Western Division,NA,,Replace - Matthew J. Wilson,359
Union,Court of Criminal Appeals - Western Division,NA,,Retain - Matthew J. Wilson,1070
Union,State Executive Committeewoman,8 (unexpired term),Republican,Patty Mills,1174
Union,State House,36,Democratic,No Candidate Qualified,0
Union,State House,36,Republican,Dennis Powers,1365
Union,State Senate,8,Democratic,R. E. Ellison,128
Union,State Senate,8,Republican,Frank S. Niceley,800
Union,State Senate,8,Republican,Jessie Seal,732
Union,Supreme Court,NA,,Replace - Dwight Tarwater,346
Union,Supreme Court,NA,,Retain - Dwight Tarwater,1091
Union,U.S. House,2,Democratic,Jane George,135
Union,U.S. House,2,Republican,Tim Burchett,1476
Union,U.S. Senate,NA,Democratic,Civil Miller-Watkins,7
Union,U.S. Senate,NA,Democratic,Gloria Johnson,136
Union,U.S. Senate,NA,Democratic,Lola Denise Brown,5
Union,U.S. Senate,NA,Democratic,Marquita Bradshaw,14
Union,U.S. Senate,NA,Republican,Marsha Blackburn,1372
Union,U.S. Senate,NA,Republican,Tres Wittum,130
Union,U.S. Senate,NA,Republican,Write-In - David Fey,0
Van Buren,Court of Criminal Appeals - Western Division,NA,,Replace - Matthew J. Wilson,118
Van Buren,Court of Criminal Appeals - Western Division,NA,,Retain - Matthew J. Wilson,285
Van Buren,State Executive Committeeman,15 (unexpired term),Democratic,Troy Smith,58
Van Buren,State House,31,Democratic,Brittany Lynn Warfel,59
Van Buren,State House,31,Republican,Richard W Smith,149
Van Buren,State House,31,Republican,Ron Travis,251
Van Buren,Supreme Court,NA,,Replace - Dwight Tarwater,125
Van Buren,Supreme Court,NA,,Retain - Dwight Tarwater,279
Van Buren,U.S. House,6,Democratic,Clay Faircloth,16
Van Buren,U.S. House,6,Democratic,Cyril Focht,12
Van Buren,U.S. House,6,Democratic,Lore Bergman,30
Van Buren,U.S. House,6,Republican,John Rose,349
Van Buren,U.S. Senate,NA,Democratic,Civil Miller-Watkins,1
Van Buren,U.S. Senate,NA,Democratic,Gloria Johnson,42
Van Buren,U.S. Senate,NA,Democratic,Lola Denise Brown,6
Van Buren,U.S. Senate,NA,Democratic,Marquita Bradshaw,12
Van Buren,U.S. Senate,NA,Republican,Marsha Blackburn,377
Van Buren,U.S. Senate,NA,Republican,Tres Wittum,50
Van Buren,U.S. Senate,NA,Republican,Write-In - David Fey,0
Warren,Court of Criminal Appeals - Western Division,NA,,Replace - Matthew J. Wilson,904
Warren,Court of Criminal Appeals - Western Division,NA,,Retain - Matthew J. Wilson,2333
Warren,State Executive Committeewoman,16 (unexpired term),Democratic,Rupa Blackwell,592
Warren,State House,43,Democratic,No Candidate Qualified,0
Warren,State House,43,Republican,Paul Sherrell,1938
Warren,State House,43,Republican,Robert McCormick,1028
Warren,State House,43,Republican,Tim Lewis,334
Warren,State Senate,16,Democratic,Wayne Steele,597
Warren,State Senate,16,Republican,Janice Bowling,2912
Warren,Supreme Court,NA,,Replace - Dwight Tarwater,929
Warren,Supreme Court,NA,,Retain - Dwight Tarwater,2307
Warren,U.S. House,4,Democratic,Victoria Isabel Broderick,613
Warren,U.S. House,4,Republican,Joshua James,154
Warren,U.S. House,4,Republican,Scott DesJarlais,2084
Warren,U.S. House,4,Republican,Thomas E. Davis,883
Warren,U.S. House,6,Democratic,Clay Faircloth,2
Warren,U.S. House,6,Democratic,Cyril Focht,1
Warren,U.S. House,6,Democratic,Lore Bergman,4
Warren,U.S. House,6,Republican,John Rose,49
Warren,U.S. Senate,NA,Democratic,Civil Miller-Watkins,24
Warren,U.S. Senate,NA,Democratic,Gloria Johnson,503
Warren,U.S. Senate,NA,Democratic,Lola Denise Brown,44
Warren,U.S. Senate,NA,Democratic,Marquita Bradshaw,156
Warren,U.S. Senate,NA,Republican,Marsha Blackburn,2857
Warren,U.S. Senate,NA,Republican,Tres Wittum,378
Warren,U.S. Senate,NA,Republican,Write-In - David Fey,0
Washington,Court of Criminal Appeals - Western Division,NA,,Replace - Matthew J. Wilson,2118
Washington,Court of Criminal Appeals - Western Division,NA,,Retain - Matthew J. Wilson,5861
Washington,State House,6,Democratic,Brad Batt,1275
Washington,State House,6,Republican,Tim Hicks,3312
Washington,State House,7,Democratic,Sylvain Bruni,1271
Washington,State House,7,Republican,Rebecca K. Alexander,2958
Washington,Supreme Court,NA,,Replace - Dwight Tarwater,2225
Washington,Supreme Court,NA,,Retain - Dwight Tarwater,5806
Washington,U.S. House,1,Democratic,Bennett H Lapides,797
Washington,U.S. House,1,Democratic,Kevin Jenkins,1655
Washington,U.S. House,1,Republican,Diana Harshbarger,6017
Washington,U.S. Senate,NA,Democratic,Civil Miller-Watkins,49
Washington,U.S. Senate,NA,Democratic,Gloria Johnson,1995
Washington,U.S. Senate,NA,Democratic,Lola Denise Brown,146
Washington,U.S. Senate,NA,Democratic,Marquita Bradshaw,556
Washington,U.S. Senate,NA,Republican,Marsha Blackburn,6187
Washington,U.S. Senate,NA,Republican,Tres Wittum,677
Washington,U.S. Senate,NA,Republican,Write-In - David Fey,0
Wayne,Circuit Court Judge Part V,22,Republican,Julie Carrell Heffington,677
Wayne,Court of Criminal Appeals - Western Division,NA,,Replace - Matthew J. Wilson,136
Wayne,Court of Criminal Appeals - Western Division,NA,,Retain - Matthew J. Wilson,505
Wayne,State Executive Committeewoman,26 (unexpired term),Republican,Stacey Hardin Brewer,703
Wayne,State House,71,Democratic,Tim Coy,67
Wayne,State House,71,Republican,Kip Capley,686
Wayne,State Senate,26,Democratic,No Candidate Qualified,0
Wayne,State Senate,26,Republican,Page Walley,670
Wayne,Supreme Court,NA,,Replace - Dwight Tarwater,139
Wayne,Supreme Court,NA,,Retain - Dwight Tarwater,499
Wayne,U.S. House,7,Democratic,Megan Barry,78
Wayne,U.S. House,7,Republican,Mark E. Green,745
Wayne,U.S. Senate,NA,Democratic,Civil Miller-Watkins,2
Wayne,U.S. Senate,NA,Democratic,Gloria Johnson,69
Wayne,U.S. Senate,NA,Democratic,Lola Denise Brown,3
Wayne,U.S. Senate,NA,Democratic,Marquita Bradshaw,16
Wayne,U.S. Senate,NA,Republican,Marsha Blackburn,750
Wayne,U.S. Senate,NA,Republican,Tres Wittum,50
Wayne,U.S. Senate,NA,Republican,Write-In - David Fey,0
Weakley,Court of Criminal Appeals - Western Division,NA,,Replace - Matthew J. Wilson,726
Weakley,Court of Criminal Appeals - Western Division,NA,,Retain - Matthew J. Wilson,3243
Weakley,State Executive Committeeman,24 (unexpired term),Democratic,Mark Flake,474
Weakley,State Executive Committeewoman,24 (unexpired term),Democratic,Elizabeth LeMoine,79
Weakley,State Executive Committeewoman,24 (unexpired term),Democratic,Tammy Floyd-Wade,294
Weakley,State Executive Committeewoman,24 (unexpired term),Democratic,Virginia Ginger House,163
Weakley,State House,76,Democratic,No Candidate Qualified,0
Weakley,State House,76,Republican,Tandy Darby,3752
Weakley,State Senate,24,Democratic,No Candidate Qualified,0
Weakley,State Senate,24,Republican,"Charles ""Charlie"" Cooper",786
Weakley,State Senate,24,Republican,John D. Stevens,2897
Weakley,Supreme Court,NA,,Replace - Dwight Tarwater,805
Weakley,Supreme Court,NA,,Retain - Dwight Tarwater,3155
Weakley,U.S. House,8,Democratic,Brenda Woods,57
Weakley,U.S. House,8,Democratic,Lawrence A. Pivnick,40
Weakley,U.S. House,8,Democratic,Leonard Perkins,79
Weakley,U.S. House,8,Democratic,Lynnette P. Williams,98
Weakley,U.S. House,8,Democratic,Sarah Freeman,292
Weakley,U.S. House,8,Republican,David Kustoff,3692
Weakley,U.S. Senate,NA,Democratic,Civil Miller-Watkins,48
Weakley,U.S. Senate,NA,Democratic,Gloria Johnson,364
Weakley,U.S. Senate,NA,Democratic,Lola Denise Brown,53
Weakley,U.S. Senate,NA,Democratic,Marquita Bradshaw,143
Weakley,U.S. Senate,NA,Republican,Marsha Blackburn,3453
Weakley,U.S. Senate,NA,Republican,Tres Wittum,363
Weakley,U.S. Senate,NA,Republican,Write-In - David Fey,0
White,Court of Criminal Appeals - Western Division,NA,,Replace - Matthew J. Wilson,543
White,Court of Criminal Appeals - Western Division,NA,,Retain - Matthew J. Wilson,1988
White,Criminal Court Judge Part III,13,Republican,Shawn C. Fry,2512
White,State Executive Committeeman,15 (unexpired term),Democratic,Troy Smith,224
White,State House,43,Democratic,No Candidate Qualified,0
White,State House,43,Republican,Paul Sherrell,1123
White,State House,43,Republican,Robert McCormick,1627
White,State House,43,Republican,Tim Lewis,122
White,Supreme Court,NA,,Replace - Dwight Tarwater,571
White,Supreme Court,NA,,Retain - Dwight Tarwater,1981
White,U.S. House,6,Democratic,Clay Faircloth,100
White,U.S. House,6,Democratic,Cyril Focht,54
White,U.S. House,6,Democratic,Lore Bergman,96
White,U.S. House,6,Republican,John Rose,2511
White,U.S. Senate,NA,Democratic,Civil Miller-Watkins,10
White,U.S. Senate,NA,Democratic,Gloria Johnson,182
White,U.S. Senate,NA,Democratic,Lola Denise Brown,28
White,U.S. Senate,NA,Democratic,Marquita Bradshaw,47
White,U.S. Senate,NA,Republican,Marsha Blackburn,2510
White,U.S. Senate,NA,Republican,Tres Wittum,295
White,U.S. Senate,NA,Republican,Write-In - David Fey,0
Williamson,Circuit Court Judge Division III,21 (unexpired term),Republican,David Veile,25588
Williamson,Court of Criminal Appeals - Western Division,NA,,Replace - Matthew J. Wilson,5182
Williamson,Court of Criminal Appeals - Western Division,NA,,Retain - Matthew J. Wilson,23276
Williamson,District Attorney General,21 (unexpired term),Republican,Stacey B. Edmonson,25232
Williamson,State Executive Committeeman,27 (unexpired term),Democratic,Joshua Patrick,7015
Williamson,State Executive Committeeman,28 (unexpired term),Republican,Chris Morris,1086
Williamson,State Executive Committeeman,28 (unexpired term),Republican,Vincent A. Cuevas,678
Williamson,State Executive Committeewoman,27 (unexpired term),Democratic,Jody Barnwell Smith,7057
Williamson,State House,61,Democratic,Claire Jones,2415
Williamson,State House,61,Democratic,Kurt Kosack,940
Williamson,State House,61,Republican,Gino Bulso,5922
Williamson,State House,63,Democratic,Laura Andreson,2130
Williamson,State House,63,Republican,Jake McCalmon,5634
Williamson,State House,65,Democratic,Larhonda Williams,2248
Williamson,State House,65,Republican,Brian Beathard,3046
Williamson,State House,65,Republican,Lee Reeves,3143
Williamson,State House,65,Republican,Michelle Foreman,2178
Williamson,State House,92,Democratic,Teri Mai,905
Williamson,State House,92,Republican,Todd Warner,2337
Williamson,State Senate,28,Democratic,James Dallas,850
Williamson,State Senate,28,Republican,Joey Hensley,1953
Williamson,Supreme Court,NA,,Replace - Dwight Tarwater,5596
Williamson,Supreme Court,NA,,Retain - Dwight Tarwater,22983
Williamson,U.S. House,5,Democratic,Maryam Abolfazli,5438
Williamson,U.S. House,5,Republican,Andy Ogles,9328
Williamson,U.S. House,5,Republican,Courtney Johnston,6633
Williamson,U.S. House,7,Democratic,Megan Barry,2978
Williamson,U.S. House,7,Republican,Mark E. Green,7837
Williamson,U.S. Senate,NA,Democratic,Civil Miller-Watkins,136
Williamson,U.S. Senate,NA,Democratic,Gloria Johnson,7547
Williamson,U.S. Senate,NA,Democratic,Lola Denise Brown,274
Williamson,U.S. Senate,NA,Democratic,Marquita Bradshaw,1045
Williamson,U.S. Senate,NA,Republican,Marsha Blackburn,20360
Williamson,U.S. Senate,NA,Republican,Tres Wittum,3759
Williamson,U.S. Senate,NA,Republican,Write-In - David Fey,0
WilliamsonX,Circuit Court Judge Division III,21 (unexpired term),Republican,David Veile,3
WilliamsonX,Court of Criminal Appeals - Western Division,NA,,Replace - Matthew J. Wilson,1
WilliamsonX,Court of Criminal Appeals - Western Division,NA,,Retain - Matthew J. Wilson,2
WilliamsonX,District Attorney General,21 (unexpired term),Republican,Stacey B. Edmonson,3
WilliamsonX,State Executive Committeeman,27 (unexpired term),Democratic,Joshua Patrick,0
WilliamsonX,State Executive Committeewoman,27 (unexpired term),Democratic,Jody Barnwell Smith,0
WilliamsonX,State House,65,Democratic,Larhonda Williams,0
WilliamsonX,State House,65,Republican,Brian Beathard,3
WilliamsonX,State House,65,Republican,Lee Reeves,0
WilliamsonX,State House,65,Republican,Michelle Foreman,0
WilliamsonX,Supreme Court,NA,,Replace - Dwight Tarwater,1
WilliamsonX,Supreme Court,NA,,Retain - Dwight Tarwater,2
WilliamsonX,U.S. House,5,Democratic,Maryam Abolfazli,0
WilliamsonX,U.S. House,5,Republican,Andy Ogles,3
WilliamsonX,U.S. House,5,Republican,Courtney Johnston,0
WilliamsonX,U.S. Senate,NA,Democratic,Civil Miller-Watkins,0
WilliamsonX,U.S. Senate,NA,Democratic,Gloria Johnson,0
WilliamsonX,U.S. Senate,NA,Democratic,Lola Denise Brown,0
WilliamsonX,U.S. Senate,NA,Democratic,Marquita Bradshaw,0
WilliamsonX,U.S. Senate,NA,Republican,Marsha Blackburn,3
WilliamsonX,U.S. Senate,NA,Republican,Tres Wittum,0
WilliamsonX,U.S. Senate,NA,Republican,Write-In - David Fey,0
Wilson,Court of Criminal Appeals - Western Division,NA,,Replace - Matthew J. Wilson,3456
Wilson,Court of Criminal Appeals - Western Division,NA,,Retain - Matthew J. Wilson,10041
Wilson,State Executive Committeewoman,17 (unexpired term),Democratic,Brittany Orpurt-Hilton,1530
Wilson,State Executive Committeewoman,17 (unexpired term),Democratic,Sherry Jones,1875
Wilson,State House,40,Democratic,Daniel T. Hawthorne,43
Wilson,State House,40,Republican,Michael Hale,242
Wilson,State House,46,Democratic,Joni Cochran,1260
Wilson,State House,46,Republican,Clark Boyd,4841
Wilson,State House,57,Democratic,Ailina Carona,2228
Wilson,State House,57,Republican,Susan M Lynn,5769
Wilson,Supreme Court,NA,,Replace - Dwight Tarwater,3841
Wilson,Supreme Court,NA,,Retain - Dwight Tarwater,10112
Wilson,U.S. House,5,Democratic,Maryam Abolfazli,2836
Wilson,U.S. House,5,Republican,Andy Ogles,5723
Wilson,U.S. House,5,Republican,Courtney Johnston,3434
Wilson,U.S. House,6,Democratic,Clay Faircloth,228
Wilson,U.S. House,6,Democratic,Cyril Focht,132
Wilson,U.S. House,6,Democratic,Lore Bergman,306
Wilson,U.S. House,6,Republican,John Rose,2618
Wilson,U.S. Senate,NA,Democratic,Civil Miller-Watkins,79
Wilson,U.S. Senate,NA,Democratic,Gloria Johnson,2919
Wilson,U.S. Senate,NA,Democratic,Lola Denise Brown,143
Wilson,U.S. Senate,NA,Democratic,Marquita Bradshaw,666
Wilson,U.S. Senate,NA,Republican,Marsha Blackburn,10456
Wilson,U.S. Senate,NA,Republican,Tres Wittum,1476
Wilson,U.S. Senate,NA,Republican,Write-In - David Fey,0
