county,office,district,party,candidate,votes
Anderson,U.S. House,3,Democratic,Danielle Mitchell,3495
Anderson,U.S. House,3,Republican,Chuck Fleischmann,7178
Anderson,U.S. House,3,Republican,Harold E. Shevlin,239
Anderson,U.S. House,3,Republican,Jeremy Massengale,1016
Anderson,U.S. House,3,Republican,"William E. Spurlock, Sr.",567
Anderson,State House,33,Democratic,Nathaniel Varner,670
Anderson,State House,33,Democratic,Richard Dawson,2395
Anderson,State House,33,Republican,John D. Ragan,6717
Anderson,State House,36,Democratic,Cassandra Mitchell,382
Anderson,State House,36,Republican,Dennis H. Powers,1221
Anderson,State Executive Committeeman,5,Democratic,Jim Hackworth,3476
Anderson,State Executive Committeewoman,5,Democratic,Ebony Capshaw,3529
Anderson,State Senate,5,Democratic,Stuart Starr,3137
Anderson,State Executive Committeeman,5,Republican,Richard Esparza,1702
Anderson,State Executive Committeeman,5,Republican,Scott Smith,5099
Anderson,State Executive Committeewoman,5,Republican,Amy Jones,6724
Anderson,State Senate,5,Republican,Randy McNally,8650
Anderson,Governor,NA,Democratic,Craig Fitzhugh,756
Anderson,Governor,NA,Democratic,Karl Dean,2785
Anderson,Governor,NA,Democratic,Mezianne Vale Payne,269
Anderson,U.S. Senate,NA,Democratic,Gary Davis,127
Anderson,U.S. Senate,NA,Democratic,John Wolfe,139
Anderson,U.S. Senate,NA,Democratic,Phil Bredesen,3699
Anderson,Governor,NA,Republican,Basil Marceaux Sr.,17
Anderson,Governor,NA,Republican,Beth Harwell,1738
Anderson,Governor,NA,Republican,Bill Lee,2830
Anderson,Governor,NA,Republican,Diane Black,1928
Anderson,Governor,NA,Republican,Kay White,42
Anderson,Governor,NA,Republican,Randy Boyd,3138
Anderson,U.S. Senate,NA,Republican,Aaron L. Pettigrew,1646
Anderson,U.S. Senate,NA,Republican,Marsha Blackburn,7058
Anderson,U.S. Senate,NA,Republican,"Write-In - Tom Emerson, Jr.",0
Anderson,U.S. Senate,NA,Republican,Write-In - Tommy N. Hay,0
Bedford,State Executive Committeeman,14,Democratic,Mark Farrar,1522
Bedford,State Executive Committeewoman,14,Democratic,Tanea McClean,1415
Bedford,State Executive Committeeman,14,Republican,Jim Sandman,4553
Bedford,State Executive Committeewoman,14,Republican,Lynne Davis,4663
Bedford,Circuit Court Judge Part II,17 (unexpired term),Independent,Wyatt Burk,7159
Bedford,U.S. House,4,Democratic,Christopher J. Hale,607
Bedford,U.S. House,4,Democratic,Mariah Phillips,617
Bedford,U.S. House,4,Democratic,Steven Reynolds,343
Bedford,U.S. House,4,Republican,Jack Maddux,1279
Bedford,U.S. House,4,Republican,Scott DesJarlais,4633
Bedford,State House,62,Democratic,Marty Davis,1502
Bedford,State House,62,Republican,Pat Marsh,5808
Bedford,Governor,NA,Democratic,Craig Fitzhugh,178
Bedford,Governor,NA,Democratic,Karl Dean,1590
Bedford,Governor,NA,Democratic,Mezianne Vale Payne,61
Bedford,U.S. Senate,NA,Democratic,Gary Davis,81
Bedford,U.S. Senate,NA,Democratic,John Wolfe,35
Bedford,U.S. Senate,NA,Democratic,Phil Bredesen,1717
Bedford,Governor,NA,Republican,Basil Marceaux Sr.,3
Bedford,Governor,NA,Republican,Beth Harwell,850
Bedford,Governor,NA,Republican,Bill Lee,3031
Bedford,Governor,NA,Republican,Diane Black,1410
Bedford,Governor,NA,Republican,Kay White,7
Bedford,Governor,NA,Republican,Randy Boyd,1112
Bedford,U.S. Senate,NA,Republican,Aaron L. Pettigrew,707
Bedford,U.S. Senate,NA,Republican,Marsha Blackburn,5154
Bedford,U.S. Senate,NA,Republican,"Write-In - Tom Emerson, Jr.",0
Bedford,U.S. Senate,NA,Republican,Write-In - Tommy N. Hay,2
Benton,State Executive Committeeman,24,Democratic,Don Farmer,963
Benton,State Executive Committeewoman,24,Democratic,Angela Callis,903
Benton,State Executive Committeeman,24,Republican,Gary Kee,1905
Benton,State Executive Committeewoman,24,Republican,Elizabeth (Betsy) Phillips,612
Benton,State Executive Committeewoman,24,Republican,Rebecca Griffey,1533
Benton,Public Defender,24 (unexpired term),Republican,"Robert ""Tas"" Gardner",2845
Benton,U.S. House,7,Democratic,Justin Kanew,608
Benton,U.S. House,7,Democratic,Matt Reel,506
Benton,U.S. House,7,Republican,Mark E. Green,2003
Benton,State House,75,Democratic,Richard Carl,955
Benton,State House,75,Republican,Bruce I. Griffey,1802
Benton,State House,75,Republican,Tim Wirgau,1062
Benton,U.S. House,8,Democratic,Erika Stotts Pearson,3
Benton,U.S. House,8,Democratic,John Boatner,3
Benton,U.S. House,8,Republican,Colleen Owens,4
Benton,U.S. House,8,Republican,David Kustoff,5
Benton,U.S. House,8,Republican,"George S. Flinn, Jr.",6
Benton,Governor,NA,Democratic,Craig Fitzhugh,148
Benton,Governor,NA,Democratic,Karl Dean,1130
Benton,Governor,NA,Democratic,Mezianne Vale Payne,50
Benton,U.S. Senate,NA,Democratic,Gary Davis,68
Benton,U.S. Senate,NA,Democratic,John Wolfe,67
Benton,U.S. Senate,NA,Democratic,Phil Bredesen,1256
Benton,Governor,NA,Republican,Basil Marceaux Sr.,2
Benton,Governor,NA,Republican,Beth Harwell,385
Benton,Governor,NA,Republican,Bill Lee,746
Benton,Governor,NA,Republican,Diane Black,856
Benton,Governor,NA,Republican,Kay White,14
Benton,Governor,NA,Republican,Randy Boyd,907
Benton,U.S. Senate,NA,Republican,Aaron L. Pettigrew,452
Benton,U.S. Senate,NA,Republican,Marsha Blackburn,2260
Benton,U.S. Senate,NA,Republican,"Write-In - Tom Emerson, Jr.",0
Benton,U.S. Senate,NA,Republican,Write-In - Tommy N. Hay,0
Bledsoe,Chancellor,12 (unexpired term),Independent,David L. Stewart,1168
Bledsoe,Chancellor,12 (unexpired term),Republican,Missy Thomas Blevins,1700
Bledsoe,State Executive Committeeman,15,Democratic,Amos Powers,477
Bledsoe,State Executive Committeewoman,15,Democratic,Cheryl H. Vickers,485
Bledsoe,State Senate,15,Democratic,Angela Hedgecough,545
Bledsoe,State Executive Committeeman,15,Republican,Lance Persson,299
Bledsoe,State Executive Committeeman,15,Republican,Mike Callahan,1048
Bledsoe,State Executive Committeewoman,15,Republican,Barbara D. Gregson,1308
Bledsoe,State Senate,15,Republican,Paul Bailey,1700
Bledsoe,State House,31,Democratic,Dean M Sparks,554
Bledsoe,State House,31,Republican,Ron Travis,1837
Bledsoe,U.S. House,4,Democratic,Christopher J. Hale,213
Bledsoe,U.S. House,4,Democratic,Mariah Phillips,220
Bledsoe,U.S. House,4,Democratic,Steven Reynolds,192
Bledsoe,U.S. House,4,Republican,Jack Maddux,584
Bledsoe,U.S. House,4,Republican,Scott DesJarlais,1447
Bledsoe,Governor,NA,Democratic,Craig Fitzhugh,123
Bledsoe,Governor,NA,Democratic,Karl Dean,527
Bledsoe,Governor,NA,Democratic,Mezianne Vale Payne,30
Bledsoe,U.S. Senate,NA,Democratic,Gary Davis,48
Bledsoe,U.S. Senate,NA,Democratic,John Wolfe,37
Bledsoe,U.S. Senate,NA,Democratic,Phil Bredesen,676
Bledsoe,Governor,NA,Republican,Basil Marceaux Sr.,1
Bledsoe,Governor,NA,Republican,Beth Harwell,295
Bledsoe,Governor,NA,Republican,Bill Lee,956
Bledsoe,Governor,NA,Republican,Diane Black,591
Bledsoe,Governor,NA,Republican,Kay White,14
Bledsoe,Governor,NA,Republican,Randy Boyd,403
Bledsoe,U.S. Senate,NA,Republican,Aaron L. Pettigrew,301
Bledsoe,U.S. Senate,NA,Republican,Marsha Blackburn,1578
Bledsoe,U.S. Senate,NA,Republican,"Write-In - Tom Emerson, Jr.",0
Bledsoe,U.S. Senate,NA,Republican,Write-In - Tommy N. Hay,0
Blount,State Executive Committeeman,2,Democratic,Tony Webb,3438
Blount,State Executive Committeewoman,2,Democratic,Barbara Wagner,3494
Blount,State Senate,2,Democratic,Write-In - J. Nathan Higdon,291
Blount,U.S. House,2,Democratic,Joseph William Schenkenfelder,204
Blount,U.S. House,2,Democratic,Joshua Williams,786
Blount,U.S. House,2,Democratic,Renee Hoyos,3177
Blount,State Executive Committeeman,2,Republican,Rob Ailey,13379
Blount,State Executive Committeewoman,2,Republican,Cindy Hatcher,13732
Blount,State Senate,2,Republican,Art Swann,10206
Blount,State Senate,2,Republican,Scott P. Williams,4141
Blount,State Senate,2,Republican,Wesley P. Maples,1829
Blount,U.S. House,2,Republican,C. David Stansberry,89
Blount,U.S. House,2,Republican,Hank Hamblin,116
Blount,U.S. House,2,Republican,Jason Frederick Emert,912
Blount,U.S. House,2,Republican,Jimmy Matlock,8013
Blount,U.S. House,2,Republican,Sarah Ashley Nickloes,2234
Blount,U.S. House,2,Republican,Tim Burchett,5973
Blount,U.S. House,2,Republican,Vito Sagliano,115
Blount,State House,20,Democratic,Susan Sneed,2004
Blount,State House,20,Republican,Bob Ramsey,7207
Blount,State House,8,Democratic,Jay Clark,1895
Blount,State House,8,Republican,Jerome Moon,6142
Blount,State House,8,Republican,Rick Hillegas,1982
Blount,Governor,NA,Democratic,Craig Fitzhugh,860
Blount,Governor,NA,Democratic,Karl Dean,3100
Blount,Governor,NA,Democratic,Mezianne Vale Payne,293
Blount,U.S. Senate,NA,Democratic,Gary Davis,163
Blount,U.S. Senate,NA,Democratic,John Wolfe,129
Blount,U.S. Senate,NA,Democratic,Phil Bredesen,4089
Blount,Governor,NA,Republican,Basil Marceaux Sr.,27
Blount,Governor,NA,Republican,Beth Harwell,3198
Blount,Governor,NA,Republican,Bill Lee,5673
Blount,Governor,NA,Republican,Diane Black,3448
Blount,Governor,NA,Republican,Kay White,72
Blount,Governor,NA,Republican,Randy Boyd,5212
Blount,U.S. Senate,NA,Republican,Aaron L. Pettigrew,2511
Blount,U.S. Senate,NA,Republican,Marsha Blackburn,13346
Blount,U.S. Senate,NA,Republican,"Write-In - Tom Emerson, Jr.",0
Blount,U.S. Senate,NA,Republican,Write-In - Tommy N. Hay,0
Bradley,State Executive Committeeman,10,Democratic,Chris Anderson,527
Bradley,State Executive Committeewoman,10,Democratic,Khristy Wilkinson,552
Bradley,State Executive Committeeman,10,Republican,Gary Green II,2028
Bradley,State Executive Committeeman,10,Republican,Kenneth J (Ken) Meyer,2061
Bradley,State Executive Committeewoman,10,Republican,Emily G. Beaty,4279
Bradley,State House,22,Democratic,No Candidate Qualified,0
Bradley,State House,22,Republican,Dan Howell,4703
Bradley,State House,24,Democratic,Mallory Pickert,1208
Bradley,State House,24,Republican,Alan Ledford,1067
Bradley,State House,24,Republican,Garry D. Moore,1576
Bradley,State House,24,Republican,Israel David Farless,951
Bradley,State House,24,Republican,Mark Hall,4219
Bradley,U.S. House,3,Democratic,Danielle Mitchell,379
Bradley,U.S. House,3,Republican,Chuck Fleischmann,2821
Bradley,U.S. House,3,Republican,Harold E. Shevlin,69
Bradley,U.S. House,3,Republican,Jeremy Massengale,389
Bradley,U.S. House,3,Republican,"William E. Spurlock, Sr.",162
Bradley,U.S. House,4,Democratic,Christopher J. Hale,598
Bradley,U.S. House,4,Democratic,Mariah Phillips,672
Bradley,U.S. House,4,Democratic,Steven Reynolds,181
Bradley,U.S. House,4,Republican,Jack Maddux,3906
Bradley,U.S. House,4,Republican,Scott DesJarlais,5472
Bradley,State Executive Committeeman,9,Democratic,Jackson Rogers,377
Bradley,State Executive Committeeman,9,Democratic,Stephen Miller,791
Bradley,State Executive Committeewoman,9,Democratic,Pamela Weston,1158
Bradley,State Senate,9,Democratic,Carl Lansden,1151
Bradley,State Executive Committeeman,9,Republican,Donald E. Weiss,1580
Bradley,State Executive Committeeman,9,Republican,John S. Stanbery,5819
Bradley,State Executive Committeewoman,9,Republican,Judy Bowman Cooley,2586
Bradley,State Executive Committeewoman,9,Republican,Julia Atchley-Pace,3940
Bradley,State Senate,9,Republican,Mike Bell,7390
Bradley,Governor,NA,Democratic,Craig Fitzhugh,347
Bradley,Governor,NA,Democratic,Karl Dean,1417
Bradley,Governor,NA,Democratic,Mezianne Vale Payne,200
Bradley,U.S. Senate,NA,Democratic,Gary Davis,161
Bradley,U.S. Senate,NA,Democratic,John Wolfe,99
Bradley,U.S. Senate,NA,Democratic,Phil Bredesen,1806
Bradley,Governor,NA,Republican,Basil Marceaux Sr.,38
Bradley,Governor,NA,Republican,Beth Harwell,2190
Bradley,Governor,NA,Republican,Bill Lee,6214
Bradley,Governor,NA,Republican,Diane Black,3007
Bradley,Governor,NA,Republican,Kay White,55
Bradley,Governor,NA,Republican,Randy Boyd,2249
Bradley,U.S. Senate,NA,Republican,Aaron L. Pettigrew,1801
Bradley,U.S. Senate,NA,Republican,Marsha Blackburn,10791
Bradley,U.S. Senate,NA,Republican,"Write-In - Tom Emerson, Jr.",0
Bradley,U.S. Senate,NA,Republican,Write-In - Tommy N. Hay,0
Campbell,State Executive Committeeman,12,Democratic,Bob Cowan,1314
Campbell,State Executive Committeewoman,12,Democratic,Tracey Vought Williams,1282
Campbell,State Executive Committeeman,12,Republican,Jim Cobb,2080
Campbell,State Executive Committeeman,12,Republican,Randy Ellis,2639
Campbell,State Executive Committeewoman,12,Republican,"Elizabeth ""Liz"" Holiway",4585
Campbell,U.S. House,2,Democratic,Joseph William Schenkenfelder,32
Campbell,U.S. House,2,Democratic,Joshua Williams,102
Campbell,U.S. House,2,Democratic,Renee Hoyos,86
Campbell,U.S. House,2,Republican,C. David Stansberry,9
Campbell,U.S. House,2,Republican,Hank Hamblin,112
Campbell,U.S. House,2,Republican,Jason Frederick Emert,11
Campbell,U.S. House,2,Republican,Jimmy Matlock,230
Campbell,U.S. House,2,Republican,Sarah Ashley Nickloes,72
Campbell,U.S. House,2,Republican,Tim Burchett,308
Campbell,U.S. House,2,Republican,Vito Sagliano,10
Campbell,U.S. House,3,Democratic,Danielle Mitchell,1127
Campbell,U.S. House,3,Republican,Chuck Fleischmann,4085
Campbell,U.S. House,3,Republican,Harold E. Shevlin,154
Campbell,U.S. House,3,Republican,Jeremy Massengale,596
Campbell,U.S. House,3,Republican,"William E. Spurlock, Sr.",413
Campbell,State House,36,Democratic,Cassandra Mitchell,1334
Campbell,State House,36,Republican,Dennis H. Powers,6015
Campbell,Governor,NA,Democratic,Craig Fitzhugh,209
Campbell,Governor,NA,Democratic,Karl Dean,1241
Campbell,Governor,NA,Democratic,Mezianne Vale Payne,135
Campbell,U.S. Senate,NA,Democratic,Gary Davis,141
Campbell,U.S. Senate,NA,Democratic,John Wolfe,91
Campbell,U.S. Senate,NA,Democratic,Phil Bredesen,1508
Campbell,Governor,NA,Republican,Basil Marceaux Sr.,7
Campbell,Governor,NA,Republican,Beth Harwell,749
Campbell,Governor,NA,Republican,Bill Lee,2629
Campbell,Governor,NA,Republican,Diane Black,1513
Campbell,Governor,NA,Republican,Kay White,23
Campbell,Governor,NA,Republican,Randy Boyd,1913
Campbell,U.S. Senate,NA,Republican,Aaron L. Pettigrew,1185
Campbell,U.S. Senate,NA,Republican,Marsha Blackburn,4526
Campbell,U.S. Senate,NA,Republican,"Write-In - Tom Emerson, Jr.",0
Campbell,U.S. Senate,NA,Republican,Write-In - Tommy N. Hay,0
Cannon,Circuit Court Judge Division III,16 (unexpired term),Republican,Barry R. Tidwell,2801
Cannon,State Executive Committeeman,17,Democratic,Aubrey T. Givens,546
Cannon,State Executive Committeewoman,17,Democratic,Carol Brown Andrews,550
Cannon,State Senate,17,Democratic,Mary Alice Carfi,572
Cannon,State Executive Committeeman,17,Republican,Dwayne Craighead,547
Cannon,State Executive Committeeman,17,Republican,Jerry Beavers,1349
Cannon,State Executive Committeewoman,17,Republican,Jennifer Franklin Winfree,699
Cannon,State Executive Committeewoman,17,Republican,Terri Nicholson,1149
Cannon,State Senate,17,Republican,Mark Pody,2382
Cannon,State House,46,Democratic,Faye Northcutt-Knox,601
Cannon,State House,46,Democratic,Mark Cagle,190
Cannon,State House,46,Republican,Clark Boyd,2049
Cannon,State House,46,Republican,Menda McCall Holmes,402
Cannon,U.S. House,6,Democratic,Christopher Martin Finley,107
Cannon,U.S. House,6,Democratic,Dawn Barlow,291
Cannon,U.S. House,6,Democratic,Merrilee Wineinger,125
Cannon,U.S. House,6,Democratic,Peter Heffernan,62
Cannon,U.S. House,6,Republican,Bob Corlew,1195
Cannon,U.S. House,6,Republican,Christopher Brian Monday,30
Cannon,U.S. House,6,Republican,John Rose,798
Cannon,U.S. House,6,Republican,Judd Matheny,476
Cannon,U.S. House,6,Republican,"Lavern ""Uturn LaVern"" Vivio",108
Cannon,Governor,NA,Democratic,Craig Fitzhugh,94
Cannon,Governor,NA,Democratic,Karl Dean,707
Cannon,Governor,NA,Democratic,Mezianne Vale Payne,34
Cannon,U.S. Senate,NA,Democratic,Gary Davis,40
Cannon,U.S. Senate,NA,Democratic,John Wolfe,20
Cannon,U.S. Senate,NA,Democratic,Phil Bredesen,816
Cannon,Governor,NA,Republican,Basil Marceaux Sr.,5
Cannon,Governor,NA,Republican,Beth Harwell,374
Cannon,Governor,NA,Republican,Bill Lee,1358
Cannon,Governor,NA,Republican,Diane Black,564
Cannon,Governor,NA,Republican,Kay White,4
Cannon,Governor,NA,Republican,Randy Boyd,577
Cannon,U.S. Senate,NA,Republican,Aaron L. Pettigrew,320
Cannon,U.S. Senate,NA,Republican,Marsha Blackburn,2222
Cannon,U.S. Senate,NA,Republican,"Write-In - Tom Emerson, Jr.",0
Cannon,U.S. Senate,NA,Republican,Write-In - Tommy N. Hay,0
Carroll,State Executive Committeeman,24,Democratic,Don Farmer,1024
Carroll,State Executive Committeewoman,24,Democratic,Angela Callis,938
Carroll,State Executive Committeeman,24,Republican,Gary Kee,3158
Carroll,State Executive Committeewoman,24,Republican,Elizabeth (Betsy) Phillips,1301
Carroll,State Executive Committeewoman,24,Republican,Rebecca Griffey,1772
Carroll,Public Defender,24 (unexpired term),Republican,"Robert ""Tas"" Gardner",4146
Carroll,State House,76,Democratic,Deane Arganbright,482
Carroll,State House,76,Republican,Andy Holt,1599
Carroll,State House,76,Republican,Scott Fortner,254
Carroll,State House,79,Democratic,Gregory Frye,468
Carroll,State House,79,Republican,Curtis Halford,2210
Carroll,U.S. House,8,Democratic,Erika Stotts Pearson,397
Carroll,U.S. House,8,Democratic,John Boatner,579
Carroll,U.S. House,8,Republican,Colleen Owens,185
Carroll,U.S. House,8,Republican,David Kustoff,2151
Carroll,U.S. House,8,Republican,"George S. Flinn, Jr.",1986
Carroll,Governor,NA,Democratic,Craig Fitzhugh,238
Carroll,Governor,NA,Democratic,Karl Dean,873
Carroll,Governor,NA,Democratic,Mezianne Vale Payne,51
Carroll,U.S. Senate,NA,Democratic,Gary Davis,73
Carroll,U.S. Senate,NA,Democratic,John Wolfe,50
Carroll,U.S. Senate,NA,Democratic,Phil Bredesen,1139
Carroll,Governor,NA,Republican,Basil Marceaux Sr.,6
Carroll,Governor,NA,Republican,Beth Harwell,235
Carroll,Governor,NA,Republican,Bill Lee,1746
Carroll,Governor,NA,Republican,Diane Black,912
Carroll,Governor,NA,Republican,Kay White,10
Carroll,Governor,NA,Republican,Randy Boyd,1619
Carroll,U.S. Senate,NA,Republican,Aaron L. Pettigrew,632
Carroll,U.S. Senate,NA,Republican,Marsha Blackburn,3517
Carroll,U.S. Senate,NA,Republican,"Write-In - Tom Emerson, Jr.",0
Carroll,U.S. Senate,NA,Republican,Write-In - Tommy N. Hay,0
Carter,U.S. House,1,Democratic,Marty Olsen,878
Carter,U.S. House,1,Republican,James Brooks,440
Carter,U.S. House,1,Republican,Mickie Lou Banyas,373
Carter,U.S. House,1,Republican,Phil Roe,7174
Carter,U.S. House,1,Republican,Todd A. McKinley,1519
Carter,District Attorney General,1 (unexpired term),Independent,Kenneth C Baldwin,8071
Carter,State Executive Committeeman,3,Democratic,No Candidate Qualified,0
Carter,State Executive Committeewoman,3,Democratic,Debbie McClaskey,630
Carter,State House,3,Democratic,No Candidate Qualified,0
Carter,State Senate,3,Democratic,No Candidate Qualified,0
Carter,State Executive Committeeman,3,Republican,Todd A. Fowler,5230
Carter,State Executive Committeewoman,3,Republican,Anita Hodges Taylor,3181
Carter,State Executive Committeewoman,3,Republican,Betty J. Ziesel,424
Carter,State Executive Committeewoman,3,Republican,Sharon Fletcher Boreing,1757
Carter,State House,3,Republican,Timothy Hill,1919
Carter,State Senate,3,Republican,Rusty Crowe,6690
Carter,State Executive Committeeman,4,Democratic,Logan Combs,148
Carter,State Executive Committeewoman,4,Democratic,Ann A. Christ,72
Carter,State Executive Committeewoman,4,Democratic,Lori Love,93
Carter,State House,4,Democratic,No Candidate Qualified,0
Carter,State Executive Committeeman,4,Republican,Matthew Jerry Johnson,1451
Carter,State Executive Committeewoman,4,Republican,Linda D. Buckles,1550
Carter,State House,4,Republican,John B Holsclaw Jr.,5918
Carter,State House,4,Republican,Tim Lingerfelt,1379
Carter,Governor,NA,Democratic,Craig Fitzhugh,217
Carter,Governor,NA,Democratic,Karl Dean,698
Carter,Governor,NA,Democratic,Mezianne Vale Payne,83
Carter,U.S. Senate,NA,Democratic,Gary Davis,55
Carter,U.S. Senate,NA,Democratic,John Wolfe,57
Carter,U.S. Senate,NA,Democratic,Phil Bredesen,941
Carter,Governor,NA,Republican,Basil Marceaux Sr.,17
Carter,Governor,NA,Republican,Beth Harwell,1322
Carter,Governor,NA,Republican,Bill Lee,4111
Carter,Governor,NA,Republican,Diane Black,2551
Carter,Governor,NA,Republican,Kay White,84
Carter,Governor,NA,Republican,Randy Boyd,2008
Carter,U.S. Senate,NA,Republican,Aaron L. Pettigrew,1317
Carter,U.S. Senate,NA,Republican,Marsha Blackburn,7043
Carter,U.S. Senate,NA,Republican,"Write-In - Tom Emerson, Jr.",0
Carter,U.S. Senate,NA,Republican,Write-In - Tommy N. Hay,0
Cheatham,State Executive Committeeman,25,Democratic,Gentry Allen,1669
Cheatham,State Executive Committeewoman,25,Democratic,Martha Shepard,1697
Cheatham,State Senate,25,Democratic,Wade Munday,1727
Cheatham,State Executive Committeeman,25,Republican,Larry Hillis,4025
Cheatham,State Executive Committeewoman,25,Republican,Mary Ann Parks,4063
Cheatham,State Senate,25,Republican,Kerry Roberts,4410
Cheatham,U.S. House,5,Democratic,Jim Cooper,1575
Cheatham,U.S. House,5,Republican,Glen Dean,1374
Cheatham,U.S. House,5,Republican,Jody M. Ball,1665
Cheatham,U.S. House,5,Republican,"Write-In - Christopher ""Kit"" Williams",0
Cheatham,U.S. House,6,Democratic,Christopher Martin Finley,56
Cheatham,U.S. House,6,Democratic,Dawn Barlow,151
Cheatham,U.S. House,6,Democratic,Merrilee Wineinger,67
Cheatham,U.S. House,6,Democratic,Peter Heffernan,47
Cheatham,U.S. House,6,Republican,Bob Corlew,459
Cheatham,U.S. House,6,Republican,Christopher Brian Monday,43
Cheatham,U.S. House,6,Republican,John Rose,475
Cheatham,U.S. House,6,Republican,Judd Matheny,114
Cheatham,U.S. House,6,Republican,"Lavern ""Uturn LaVern"" Vivio",236
Cheatham,State House,78,Democratic,John E. Patrick,1796
Cheatham,State House,78,Republican,Mary Littleton,4526
Cheatham,Governor,NA,Democratic,Craig Fitzhugh,229
Cheatham,Governor,NA,Democratic,Karl Dean,1756
Cheatham,Governor,NA,Democratic,Mezianne Vale Payne,29
Cheatham,U.S. Senate,NA,Democratic,Gary Davis,49
Cheatham,U.S. Senate,NA,Democratic,John Wolfe,52
Cheatham,U.S. Senate,NA,Democratic,Phil Bredesen,1940
Cheatham,Governor,NA,Republican,Basil Marceaux Sr.,5
Cheatham,Governor,NA,Republican,Beth Harwell,887
Cheatham,Governor,NA,Republican,Bill Lee,2594
Cheatham,Governor,NA,Republican,Diane Black,1091
Cheatham,Governor,NA,Republican,Kay White,13
Cheatham,Governor,NA,Republican,Randy Boyd,705
Cheatham,U.S. Senate,NA,Republican,Aaron L. Pettigrew,713
Cheatham,U.S. Senate,NA,Republican,Marsha Blackburn,4357
Cheatham,U.S. Senate,NA,Republican,"Write-In - Tom Emerson, Jr.",0
Cheatham,U.S. Senate,NA,Republican,Write-In - Tommy N. Hay,0
Chester,State Executive Committeeman,26,Democratic,Toney G. Campbell,485
Chester,State Executive Committeewoman,26,Democratic,Meryl Rice,491
Chester,State Executive Committeeman,26,Republican,Kurt Holbert,2301
Chester,State Executive Committeewoman,26,Republican,Kathryn Bryson,2318
Chester,District Attorney General,26 (unexpired term),Republican,Jody Pickens,3007
Chester,U.S. House,7,Democratic,Justin Kanew,284
Chester,U.S. House,7,Democratic,Matt Reel,216
Chester,U.S. House,7,Republican,Mark E. Green,2370
Chester,State House,72,Democratic,James T. Haynes,486
Chester,State House,72,Republican,Dan Hughes,922
Chester,State House,72,Republican,Gordon D. Wildridge,493
Chester,State House,72,Republican,Kirk Haston,1262
Chester,Governor,NA,Democratic,Craig Fitzhugh,120
Chester,Governor,NA,Democratic,Karl Dean,362
Chester,Governor,NA,Democratic,Mezianne Vale Payne,46
Chester,U.S. Senate,NA,Democratic,Gary Davis,37
Chester,U.S. Senate,NA,Democratic,John Wolfe,34
Chester,U.S. Senate,NA,Democratic,Phil Bredesen,479
Chester,Governor,NA,Republican,Basil Marceaux Sr.,7
Chester,Governor,NA,Republican,Beth Harwell,243
Chester,Governor,NA,Republican,Bill Lee,784
Chester,Governor,NA,Republican,Diane Black,596
Chester,Governor,NA,Republican,Kay White,8
Chester,Governor,NA,Republican,Randy Boyd,1160
Chester,U.S. Senate,NA,Republican,Aaron L. Pettigrew,351
Chester,U.S. Senate,NA,Republican,Marsha Blackburn,2386
Chester,U.S. Senate,NA,Republican,"Write-In - Tom Emerson, Jr.",0
Chester,U.S. Senate,NA,Republican,Write-In - Tommy N. Hay,0
Claiborne,U.S. House,2,Democratic,Joseph William Schenkenfelder,147
Claiborne,U.S. House,2,Democratic,Joshua Williams,431
Claiborne,U.S. House,2,Democratic,Renee Hoyos,470
Claiborne,U.S. House,2,Republican,C. David Stansberry,86
Claiborne,U.S. House,2,Republican,Hank Hamblin,102
Claiborne,U.S. House,2,Republican,Jason Frederick Emert,108
Claiborne,U.S. House,2,Republican,Jimmy Matlock,1847
Claiborne,U.S. House,2,Republican,Sarah Ashley Nickloes,548
Claiborne,U.S. House,2,Republican,Tim Burchett,2938
Claiborne,U.S. House,2,Republican,Vito Sagliano,30
Claiborne,State House,35,Democratic,Write-In - Joshua Lee Eldridge,1
Claiborne,State House,35,Republican,James Acuff,1113
Claiborne,State House,35,Republican,Jerry Sexton,2722
Claiborne,State House,35,Republican,Mike Williams,1773
Claiborne,State Executive Committeeman,8,Democratic,Bill Fannon,987
Claiborne,State Executive Committeewoman,8,Democratic,Lindsey Cole Cadle,946
Claiborne,State Executive Committeeman,8,Republican,David A. Bishop,4291
Claiborne,State Executive Committeewoman,8,Republican,Betty Fain,4110
Claiborne,Governor,NA,Democratic,Craig Fitzhugh,165
Claiborne,Governor,NA,Democratic,Karl Dean,905
Claiborne,Governor,NA,Democratic,Mezianne Vale Payne,88
Claiborne,U.S. Senate,NA,Democratic,Gary Davis,108
Claiborne,U.S. Senate,NA,Democratic,John Wolfe,64
Claiborne,U.S. Senate,NA,Democratic,Phil Bredesen,1088
Claiborne,Governor,NA,Republican,Basil Marceaux Sr.,11
Claiborne,Governor,NA,Republican,Beth Harwell,790
Claiborne,Governor,NA,Republican,Bill Lee,1797
Claiborne,Governor,NA,Republican,Diane Black,1312
Claiborne,Governor,NA,Republican,Kay White,33
Claiborne,Governor,NA,Republican,Randy Boyd,1923
Claiborne,U.S. Senate,NA,Republican,Aaron L. Pettigrew,921
Claiborne,U.S. Senate,NA,Republican,Marsha Blackburn,3963
Claiborne,U.S. Senate,NA,Republican,"Write-In - Tom Emerson, Jr.",0
Claiborne,U.S. Senate,NA,Republican,Write-In - Tommy N. Hay,0
Clay,State Executive Committeeman,17,Democratic,Aubrey T. Givens,372
Clay,State Executive Committeewoman,17,Democratic,Carol Brown Andrews,389
Clay,State Senate,17,Democratic,Mary Alice Carfi,390
Clay,State Executive Committeeman,17,Republican,Dwayne Craighead,940
Clay,State Executive Committeeman,17,Republican,Jerry Beavers,305
Clay,State Executive Committeewoman,17,Republican,Jennifer Franklin Winfree,403
Clay,State Executive Committeewoman,17,Republican,Terri Nicholson,485
Clay,State Senate,17,Republican,Mark Pody,932
Clay,State House,38,Democratic,Carol Venea' Abney,545
Clay,State House,38,Republican,Kelly T Keisling,1243
Clay,U.S. House,6,Democratic,Christopher Martin Finley,63
Clay,U.S. House,6,Democratic,Dawn Barlow,334
Clay,U.S. House,6,Democratic,Merrilee Wineinger,35
Clay,U.S. House,6,Democratic,Peter Heffernan,25
Clay,U.S. House,6,Republican,Bob Corlew,359
Clay,U.S. House,6,Republican,Christopher Brian Monday,37
Clay,U.S. House,6,Republican,John Rose,751
Clay,U.S. House,6,Republican,Judd Matheny,114
Clay,U.S. House,6,Republican,"Lavern ""Uturn LaVern"" Vivio",56
Clay,Governor,NA,Democratic,Craig Fitzhugh,32
Clay,Governor,NA,Democratic,Karl Dean,570
Clay,Governor,NA,Democratic,Mezianne Vale Payne,19
Clay,U.S. Senate,NA,Democratic,Gary Davis,20
Clay,U.S. Senate,NA,Democratic,John Wolfe,15
Clay,U.S. Senate,NA,Democratic,Phil Bredesen,590
Clay,Governor,NA,Republican,Basil Marceaux Sr.,1
Clay,Governor,NA,Republican,Beth Harwell,160
Clay,Governor,NA,Republican,Bill Lee,502
Clay,Governor,NA,Republican,Diane Black,572
Clay,Governor,NA,Republican,Kay White,7
Clay,Governor,NA,Republican,Randy Boyd,271
Clay,U.S. Senate,NA,Republican,Aaron L. Pettigrew,156
Clay,U.S. Senate,NA,Republican,Marsha Blackburn,1102
Clay,U.S. Senate,NA,Republican,"Write-In - Tom Emerson, Jr.",0
Clay,U.S. Senate,NA,Republican,Write-In - Tommy N. Hay,0
Cocke,State Executive Committeeman,1,Democratic,Adam S Haynes,447
Cocke,State Executive Committeewoman,1,Democratic,Marjorie Ramsey,554
Cocke,State Senate,1,Democratic,No Candidate Qualified,0
Cocke,U.S. House,1,Democratic,Marty Olsen,477
Cocke,State Executive Committeeman,1,Republican,Paul Chapman,4305
Cocke,State Executive Committeewoman,1,Republican,Nancy Wilson,4362
Cocke,State Senate,1,Republican,Steve Southerland,5222
Cocke,U.S. House,1,Republican,James Brooks,361
Cocke,U.S. House,1,Republican,Mickie Lou Banyas,179
Cocke,U.S. House,1,Republican,Phil Roe,4889
Cocke,U.S. House,1,Republican,Todd A. McKinley,824
Cocke,State House,11,Democratic,Vincyl Fitzgerald II,458
Cocke,State House,11,Republican,Greg Fodness,2017
Cocke,State House,11,Republican,Jeremy Faison,4683
Cocke,Circuit Court Judge Part I,4 (unexpired term),Republican,Carter S. Moore,6428
Cocke,Circuit Court Judge Part II,4 (unexpired term),Republican,Jim Gass,5310
Cocke,Governor,NA,Democratic,Craig Fitzhugh,117
Cocke,Governor,NA,Democratic,Karl Dean,430
Cocke,Governor,NA,Democratic,Mezianne Vale Payne,38
Cocke,U.S. Senate,NA,Democratic,Gary Davis,34
Cocke,U.S. Senate,NA,Democratic,John Wolfe,28
Cocke,U.S. Senate,NA,Democratic,Phil Bredesen,586
Cocke,Governor,NA,Republican,Basil Marceaux Sr.,13
Cocke,Governor,NA,Republican,Beth Harwell,1378
Cocke,Governor,NA,Republican,Bill Lee,2010
Cocke,Governor,NA,Republican,Diane Black,1388
Cocke,Governor,NA,Republican,Kay White,51
Cocke,Governor,NA,Republican,Randy Boyd,1886
Cocke,U.S. Senate,NA,Republican,Aaron L. Pettigrew,1002
Cocke,U.S. Senate,NA,Republican,Marsha Blackburn,4584
Cocke,U.S. Senate,NA,Republican,"Write-In - Tom Emerson, Jr.",0
Cocke,U.S. Senate,NA,Republican,Write-In - Tommy N. Hay,0
Coffee,State Executive Committeeman,16,Democratic,Bobby E. Bush Jr.,1269
Coffee,State Executive Committeeman,16,Democratic,Robin B. Smith,1430
Coffee,State Executive Committeewoman,16,Democratic,Betty Newman Fraley,1544
Coffee,State Executive Committeewoman,16,Democratic,Rupa Blackwell,1208
Coffee,State Executive Committeeman,16,Republican,Jerry Anderson,6832
Coffee,State Executive Committeewoman,16,Republican,Amanda Angel,3147
Coffee,State Executive Committeewoman,16,Republican,Joanne P. Davis,3412
Coffee,State House,47,Democratic,Mike Winton,2846
Coffee,State House,47,Republican,Ronnie Holden,3092
Coffee,State House,47,Republican,Rush Bricken,4182
Coffee,U.S. House,6,Democratic,Christopher Martin Finley,485
Coffee,U.S. House,6,Democratic,Dawn Barlow,1455
Coffee,U.S. House,6,Democratic,Merrilee Wineinger,512
Coffee,U.S. House,6,Democratic,Peter Heffernan,219
Coffee,U.S. House,6,Republican,Bob Corlew,1372
Coffee,U.S. House,6,Republican,Christopher Brian Monday,107
Coffee,U.S. House,6,Republican,John Rose,1175
Coffee,U.S. House,6,Republican,Judd Matheny,5074
Coffee,U.S. House,6,Republican,"Lavern ""Uturn LaVern"" Vivio",201
Coffee,Governor,NA,Democratic,Craig Fitzhugh,261
Coffee,Governor,NA,Democratic,Karl Dean,2622
Coffee,Governor,NA,Democratic,Mezianne Vale Payne,137
Coffee,U.S. Senate,NA,Democratic,Gary Davis,154
Coffee,U.S. Senate,NA,Democratic,John Wolfe,89
Coffee,U.S. Senate,NA,Democratic,Phil Bredesen,2822
Coffee,Governor,NA,Republican,Basil Marceaux Sr.,17
Coffee,Governor,NA,Republican,Beth Harwell,1029
Coffee,Governor,NA,Republican,Bill Lee,3429
Coffee,Governor,NA,Republican,Diane Black,2282
Coffee,Governor,NA,Republican,Kay White,27
Coffee,Governor,NA,Republican,Randy Boyd,1277
Coffee,U.S. Senate,NA,Republican,Aaron L. Pettigrew,1008
Coffee,U.S. Senate,NA,Republican,Marsha Blackburn,6696
Coffee,U.S. Senate,NA,Republican,"Write-In - Tom Emerson, Jr.",0
Coffee,U.S. Senate,NA,Republican,Write-In - Tommy N. Hay,0
Crockett,State Executive Committeeman,27,Democratic,Ernest Brooks II,433
Crockett,State Executive Committeeman,27,Democratic,Jim Midyett,68
Crockett,State Executive Committeewoman,27,Democratic,Jeanne R. Guidi,185
Crockett,State Executive Committeewoman,27,Democratic,Patsy Garey Johnson,299
Crockett,State Senate,27,Democratic,Jackie Williams,189
Crockett,State Senate,27,Democratic,"John H. York, Jr.",146
Crockett,State Senate,27,Democratic,Savannah Williamson,156
Crockett,State Executive Committeeman,27,Republican,Coley Richard Archie,591
Crockett,State Executive Committeeman,27,Republican,Steve Maroney,843
Crockett,State Executive Committeewoman,27,Republican,Shannon Haynes,1582
Crockett,State Senate,27,Republican,Brandon Dodds,522
Crockett,State Senate,27,Republican,Ed Jackson,1380
Crockett,U.S. House,8,Democratic,Erika Stotts Pearson,231
Crockett,U.S. House,8,Democratic,John Boatner,256
Crockett,U.S. House,8,Republican,Colleen Owens,86
Crockett,U.S. House,8,Republican,David Kustoff,1110
Crockett,U.S. House,8,Republican,"George S. Flinn, Jr.",933
Crockett,State House,82,Democratic,Andrea Bond-Johnson,466
Crockett,State House,82,Democratic,Robert A Harris,123
Crockett,State House,82,Republican,Andy Cole,1328
Crockett,State House,82,Republican,Chris Hurt,691
Crockett,Governor,NA,Democratic,Craig Fitzhugh,512
Crockett,Governor,NA,Democratic,Karl Dean,136
Crockett,Governor,NA,Democratic,Mezianne Vale Payne,21
Crockett,U.S. Senate,NA,Democratic,Gary Davis,45
Crockett,U.S. Senate,NA,Democratic,John Wolfe,23
Crockett,U.S. Senate,NA,Democratic,Phil Bredesen,590
Crockett,Governor,NA,Republican,Basil Marceaux Sr.,0
Crockett,Governor,NA,Republican,Beth Harwell,193
Crockett,Governor,NA,Republican,Bill Lee,659
Crockett,Governor,NA,Republican,Diane Black,462
Crockett,Governor,NA,Republican,Kay White,3
Crockett,Governor,NA,Republican,Randy Boyd,923
Crockett,U.S. Senate,NA,Republican,Aaron L. Pettigrew,256
Crockett,U.S. Senate,NA,Republican,Marsha Blackburn,1725
Crockett,U.S. Senate,NA,Republican,"Write-In - Tom Emerson, Jr.",0
Crockett,U.S. Senate,NA,Republican,Write-In - Tommy N. Hay,0
Cumberland,State Executive Committeeman,15,Democratic,Amos Powers,1635
Cumberland,State Executive Committeewoman,15,Democratic,Cheryl H. Vickers,1693
Cumberland,State Senate,15,Democratic,Angela Hedgecough,1735
Cumberland,State Executive Committeeman,15,Republican,Lance Persson,1575
Cumberland,State Executive Committeeman,15,Republican,Mike Callahan,5874
Cumberland,State Executive Committeewoman,15,Republican,Barbara D. Gregson,7294
Cumberland,State Senate,15,Republican,Paul Bailey,8162
Cumberland,State House,25,Democratic,Anne F. Quillen,1770
Cumberland,State House,25,Republican,Cameron Sexton,9090
Cumberland,U.S. House,6,Democratic,Christopher Martin Finley,240
Cumberland,U.S. House,6,Democratic,Dawn Barlow,948
Cumberland,U.S. House,6,Democratic,Merrilee Wineinger,447
Cumberland,U.S. House,6,Democratic,Peter Heffernan,182
Cumberland,U.S. House,6,Republican,Bob Corlew,3426
Cumberland,U.S. House,6,Republican,Christopher Brian Monday,468
Cumberland,U.S. House,6,Republican,John Rose,3185
Cumberland,U.S. House,6,Republican,Judd Matheny,1579
Cumberland,U.S. House,6,Republican,"Lavern ""Uturn LaVern"" Vivio",442
Cumberland,Governor,NA,Democratic,Craig Fitzhugh,241
Cumberland,Governor,NA,Democratic,Karl Dean,1689
Cumberland,Governor,NA,Democratic,Mezianne Vale Payne,120
Cumberland,U.S. Senate,NA,Democratic,Gary Davis,120
Cumberland,U.S. Senate,NA,Democratic,John Wolfe,66
Cumberland,U.S. Senate,NA,Democratic,Phil Bredesen,1931
Cumberland,Governor,NA,Republican,Basil Marceaux Sr.,12
Cumberland,Governor,NA,Republican,Beth Harwell,1380
Cumberland,Governor,NA,Republican,Bill Lee,3960
Cumberland,Governor,NA,Republican,Diane Black,2793
Cumberland,Governor,NA,Republican,Kay White,34
Cumberland,Governor,NA,Republican,Randy Boyd,2384
Cumberland,U.S. Senate,NA,Republican,Aaron L. Pettigrew,1397
Cumberland,U.S. Senate,NA,Republican,Marsha Blackburn,7990
Cumberland,U.S. Senate,NA,Republican,"Write-In - Tom Emerson, Jr.",0
Cumberland,U.S. Senate,NA,Republican,Write-In - Tommy N. Hay,6
Davidson,State Executive Committeeman,18,Democratic,Leonard Assante,1043
Davidson,State Executive Committeeman,18,Democratic,Thomas Whisenant,954
Davidson,State Executive Committeewoman,18,Democratic,Diane Barber-Miller,2112
Davidson,State Executive Committeeman,18,Republican,Chris Hughes,1947
Davidson,State Executive Committeewoman,18,Republican,Maria C. Stewart,1952
Davidson,State Executive Committeeman,19,Democratic,Bill Shick,2310
Davidson,State Executive Committeeman,19,Democratic,Charlie Clark,8236
Davidson,State Executive Committeeman,19,Democratic,Sean Braisted,6171
Davidson,State Executive Committeewoman,19,Democratic,No Candidate Qualified,0
Davidson,State Senate,19,Democratic,Brenda Gilmore,13885
Davidson,State Senate,19,Democratic,George Thomas,1132
Davidson,State Senate,19,Democratic,Howard Jones,5262
Davidson,State Senate,19,Democratic,Sandra V. Moore,1181
Davidson,State Executive Committeeman,19,Republican,Write-In - Brian Mason,5
Davidson,State Executive Committeewoman,19,Republican,Karen Bennett,2502
Davidson,State Senate,19,Republican,No Candidate Qualified,0
Davidson,Public Defender,20,Democratic,Martesha L. Johnson,76199
Davidson,State Executive Committeeman,20,Democratic,Will T. Cheek,19478
Davidson,State Executive Committeewoman,20,Democratic,Jolie Grace Wareham,19013
Davidson,State Executive Committeeman,20,Republican,Robert Swope,7335
Davidson,State Executive Committeeman,20,Republican,Ron McDow,8499
Davidson,State Executive Committeewoman,20,Republican,Connie Hunter,3981
Davidson,State Executive Committeewoman,20,Republican,Martha Ruth Brown,4951
Davidson,State Executive Committeewoman,20,Republican,Michelle Foreman,5874
Davidson,Chancellor Part II,20 (unexpired term),Democratic,Anne C. Martin,78209
Davidson,Criminal Court Judge Division 2,20 (unexpired term),Democratic,Angie Blackshear Dalton,78568
Davidson,State Executive Committeeman,21,Democratic,Ramon J. Ryan,6236
Davidson,State Executive Committeeman,21,Democratic,Richard W. Langford,10065
Davidson,State Executive Committeewoman,21,Democratic,Marjorie Pomeroy-Wallace,17786
Davidson,State Senate,21,Democratic,Jeff Yarbro,19402
Davidson,State Executive Committeeman,21,Republican,Robert Duvall,6371
Davidson,State Executive Committeewoman,21,Republican,Beverly B. Knight,6212
Davidson,State Senate,21,Republican,No Candidate Qualified,0
Davidson,U.S. House,5,Democratic,Jim Cooper,66197
Davidson,U.S. House,5,Republican,Glen Dean,12301
Davidson,U.S. House,5,Republican,Jody M. Ball,15974
Davidson,U.S. House,5,Republican,"Write-In - Christopher ""Kit"" Williams",13
Davidson,State House,50,Democratic,Bo Mitchell,6243
Davidson,State House,50,Republican,Judd Cowan,4998
Davidson,State House,51,Democratic,Bill Beck,5478
Davidson,State House,51,Democratic,Trey Palmedo,2042
Davidson,State House,51,Republican,No Candidate Qualified,0
Davidson,State House,52,Democratic,Michael Stewart,4797
Davidson,State House,52,Republican,No Candidate Qualified,0
Davidson,State House,53,Democratic,Jason Powell,4788
Davidson,State House,53,Republican,Amberlee' Brooks,2368
Davidson,State House,54,Democratic,Lola Denise Brown,1683
Davidson,State House,54,Democratic,Scott Davis,1858
Davidson,State House,54,Democratic,Terry R. Clayton,2881
Davidson,State House,54,Democratic,Vincent Dixie,3237
Davidson,State House,54,Democratic,Write-In - Ken Lawrence,2
Davidson,State House,54,Republican,No Candidate Qualified,0
Davidson,State House,55,Democratic,John Ray Clemmons,6645
Davidson,State House,55,Republican,No Candidate Qualified,0
Davidson,State House,56,Democratic,Bob Freeman,7611
Davidson,State House,56,Republican,Brent Moody,5469
Davidson,State House,56,Republican,Joseph Williams,4381
Davidson,State House,58,Democratic,Harold M. Love,4512
Davidson,State House,58,Democratic,Leah Dupree,1487
Davidson,State House,58,Republican,No Candidate Qualified,0
Davidson,State House,59,Democratic,Jason Potts,3070
Davidson,State House,59,Democratic,Kyle G. Southern,1195
Davidson,State House,59,Republican,David R. Birdsong,1106
Davidson,State House,60,Democratic,Darren Jernigan,5477
Davidson,State House,60,Republican,No Candidate Qualified,0
Davidson,Governor,NA,Democratic,Craig Fitzhugh,8826
Davidson,Governor,NA,Democratic,Karl Dean,59422
Davidson,Governor,NA,Democratic,Mezianne Vale Payne,1114
Davidson,U.S. Senate,NA,Democratic,Gary Davis,1674
Davidson,U.S. Senate,NA,Democratic,John Wolfe,1156
Davidson,U.S. Senate,NA,Democratic,Phil Bredesen,66232
Davidson,Governor,NA,Republican,Basil Marceaux Sr.,93
Davidson,Governor,NA,Republican,Beth Harwell,10942
Davidson,Governor,NA,Republican,Bill Lee,17440
Davidson,Governor,NA,Republican,Diane Black,7682
Davidson,Governor,NA,Republican,Kay White,99
Davidson,Governor,NA,Republican,Randy Boyd,6949
Davidson,U.S. Senate,NA,Republican,Aaron L. Pettigrew,7497
Davidson,U.S. Senate,NA,Republican,Marsha Blackburn,32315
Davidson,U.S. Senate,NA,Republican,"Write-In - Tom Emerson, Jr.",0
Davidson,U.S. Senate,NA,Republican,Write-In - Tommy N. Hay,0
Decatur,Public Defender,24 (unexpired term),Republican,"Robert ""Tas"" Gardner",2844
Decatur,State Executive Committeeman,26,Democratic,Toney G. Campbell,749
Decatur,State Executive Committeewoman,26,Democratic,Meryl Rice,682
Decatur,State Executive Committeeman,26,Republican,Kurt Holbert,2136
Decatur,State Executive Committeewoman,26,Republican,Kathryn Bryson,2011
Decatur,U.S. House,7,Democratic,Justin Kanew,396
Decatur,U.S. House,7,Democratic,Matt Reel,309
Decatur,U.S. House,7,Republican,Mark E. Green,2053
Decatur,State House,72,Democratic,James T. Haynes,683
Decatur,State House,72,Republican,Dan Hughes,820
Decatur,State House,72,Republican,Gordon D. Wildridge,508
Decatur,State House,72,Republican,Kirk Haston,973
Decatur,Governor,NA,Democratic,Craig Fitzhugh,68
Decatur,Governor,NA,Democratic,Karl Dean,685
Decatur,Governor,NA,Democratic,Mezianne Vale Payne,27
Decatur,U.S. Senate,NA,Democratic,Gary Davis,36
Decatur,U.S. Senate,NA,Democratic,John Wolfe,31
Decatur,U.S. Senate,NA,Democratic,Phil Bredesen,732
Decatur,Governor,NA,Republican,Basil Marceaux Sr.,3
Decatur,Governor,NA,Republican,Beth Harwell,182
Decatur,Governor,NA,Republican,Bill Lee,716
Decatur,Governor,NA,Republican,Diane Black,603
Decatur,Governor,NA,Republican,Kay White,10
Decatur,Governor,NA,Republican,Randy Boyd,882
Decatur,U.S. Senate,NA,Republican,Aaron L. Pettigrew,278
Decatur,U.S. Senate,NA,Republican,Marsha Blackburn,2043
Decatur,U.S. Senate,NA,Republican,"Write-In - Tom Emerson, Jr.",0
Decatur,U.S. Senate,NA,Republican,Write-In - Tommy N. Hay,0
Dekalb,State Executive Committeeman,17,Democratic,Aubrey T. Givens,812
Dekalb,State Executive Committeewoman,17,Democratic,Carol Brown Andrews,807
Dekalb,State Senate,17,Democratic,Mary Alice Carfi,934
Dekalb,State Executive Committeeman,17,Republican,Dwayne Craighead,683
Dekalb,State Executive Committeeman,17,Republican,Jerry Beavers,1217
Dekalb,State Executive Committeewoman,17,Republican,Jennifer Franklin Winfree,823
Dekalb,State Executive Committeewoman,17,Republican,Terri Nicholson,1038
Dekalb,State Senate,17,Republican,Mark Pody,2305
Dekalb,State House,40,Democratic,No Candidate Qualified,0
Dekalb,State House,40,Republican,Chad Z. Williams,417
Dekalb,State House,40,Republican,Terri Lynn Weaver,1728
Dekalb,State House,46,Democratic,Faye Northcutt-Knox,98
Dekalb,State House,46,Democratic,Mark Cagle,175
Dekalb,State House,46,Republican,Clark Boyd,460
Dekalb,State House,46,Republican,Menda McCall Holmes,106
Dekalb,U.S. House,6,Democratic,Christopher Martin Finley,188
Dekalb,U.S. House,6,Democratic,Dawn Barlow,409
Dekalb,U.S. House,6,Democratic,Merrilee Wineinger,238
Dekalb,U.S. House,6,Democratic,Peter Heffernan,79
Dekalb,U.S. House,6,Republican,Bob Corlew,796
Dekalb,U.S. House,6,Republican,Christopher Brian Monday,68
Dekalb,U.S. House,6,Republican,John Rose,1167
Dekalb,U.S. House,6,Republican,Judd Matheny,406
Dekalb,U.S. House,6,Republican,"Lavern ""Uturn LaVern"" Vivio",149
Dekalb,Governor,NA,Democratic,Craig Fitzhugh,94
Dekalb,Governor,NA,Democratic,Karl Dean,1106
Dekalb,Governor,NA,Democratic,Mezianne Vale Payne,45
Dekalb,U.S. Senate,NA,Democratic,Gary Davis,69
Dekalb,U.S. Senate,NA,Democratic,John Wolfe,41
Dekalb,U.S. Senate,NA,Democratic,Phil Bredesen,1155
Dekalb,Governor,NA,Republican,Basil Marceaux Sr.,2
Dekalb,Governor,NA,Republican,Beth Harwell,338
Dekalb,Governor,NA,Republican,Bill Lee,1267
Dekalb,Governor,NA,Republican,Diane Black,746
Dekalb,Governor,NA,Republican,Kay White,8
Dekalb,Governor,NA,Republican,Randy Boyd,610
Dekalb,U.S. Senate,NA,Republican,Aaron L. Pettigrew,282
Dekalb,U.S. Senate,NA,Republican,Marsha Blackburn,2307
Dekalb,U.S. Senate,NA,Republican,"Write-In - Tom Emerson, Jr.",0
Dekalb,U.S. Senate,NA,Republican,Write-In - Tommy N. Hay,0
Dickson,State Executive Committeeman,25,Democratic,Gentry Allen,2304
Dickson,State Executive Committeewoman,25,Democratic,Martha Shepard,2571
Dickson,State Senate,25,Democratic,Wade Munday,2353
Dickson,State Executive Committeeman,25,Republican,Larry Hillis,5177
Dickson,State Executive Committeewoman,25,Republican,Mary Ann Parks,5073
Dickson,State Senate,25,Republican,Kerry Roberts,5586
Dickson,U.S. House,5,Democratic,Jim Cooper,2708
Dickson,U.S. House,5,Republican,Glen Dean,2432
Dickson,U.S. House,5,Republican,Jody M. Ball,2682
Dickson,U.S. House,5,Republican,"Write-In - Christopher ""Kit"" Williams",0
Dickson,State House,69,Democratic,Eddie Johnson,1160
Dickson,State House,69,Republican,Michael G. Curcio,2745
Dickson,State House,78,Democratic,John E. Patrick,1238
Dickson,State House,78,Republican,Mary Littleton,3084
Dickson,Governor,NA,Democratic,Craig Fitzhugh,260
Dickson,Governor,NA,Democratic,Karl Dean,2532
Dickson,Governor,NA,Democratic,Mezianne Vale Payne,36
Dickson,U.S. Senate,NA,Democratic,Gary Davis,91
Dickson,U.S. Senate,NA,Democratic,John Wolfe,70
Dickson,U.S. Senate,NA,Democratic,Phil Bredesen,2721
Dickson,Governor,NA,Republican,Basil Marceaux Sr.,11
Dickson,Governor,NA,Republican,Beth Harwell,997
Dickson,Governor,NA,Republican,Bill Lee,3280
Dickson,Governor,NA,Republican,Diane Black,1318
Dickson,Governor,NA,Republican,Kay White,18
Dickson,Governor,NA,Republican,Randy Boyd,1099
Dickson,U.S. Senate,NA,Republican,Aaron L. Pettigrew,911
Dickson,U.S. Senate,NA,Republican,Marsha Blackburn,5389
Dickson,U.S. Senate,NA,Republican,"Write-In - Tom Emerson, Jr.",0
Dickson,U.S. Senate,NA,Republican,Write-In - Tommy N. Hay,0
Dyer,State Executive Committeeman,27,Democratic,Ernest Brooks II,624
Dyer,State Executive Committeeman,27,Democratic,Jim Midyett,276
Dyer,State Executive Committeewoman,27,Democratic,Jeanne R. Guidi,328
Dyer,State Executive Committeewoman,27,Democratic,Patsy Garey Johnson,574
Dyer,State Senate,27,Democratic,Jackie Williams,377
Dyer,State Senate,27,Democratic,"John H. York, Jr.",226
Dyer,State Senate,27,Democratic,Savannah Williamson,336
Dyer,State Executive Committeeman,27,Republican,Coley Richard Archie,1456
Dyer,State Executive Committeeman,27,Republican,Steve Maroney,2229
Dyer,State Executive Committeewoman,27,Republican,Shannon Haynes,3741
Dyer,State Senate,27,Republican,Brandon Dodds,2582
Dyer,State Senate,27,Republican,Ed Jackson,2513
Dyer,District Attorney General,29 (unexpired term),Independent,"Danny H. Goodman, Jr.",4482
Dyer,District Attorney General,29 (unexpired term),Independent,Jim W. Horner,2186
Dyer,State House,77,Democratic,No Candidate Qualified,0
Dyer,State House,77,Republican,Bill Sanderson,4808
Dyer,U.S. House,8,Democratic,Erika Stotts Pearson,400
Dyer,U.S. House,8,Democratic,John Boatner,554
Dyer,U.S. House,8,Republican,Colleen Owens,212
Dyer,U.S. House,8,Republican,David Kustoff,2783
Dyer,U.S. House,8,Republican,"George S. Flinn, Jr.",2285
Dyer,Governor,NA,Democratic,Craig Fitzhugh,647
Dyer,Governor,NA,Democratic,Karl Dean,390
Dyer,Governor,NA,Democratic,Mezianne Vale Payne,59
Dyer,U.S. Senate,NA,Democratic,Gary Davis,60
Dyer,U.S. Senate,NA,Democratic,John Wolfe,53
Dyer,U.S. Senate,NA,Democratic,Phil Bredesen,1020
Dyer,Governor,NA,Republican,Basil Marceaux Sr.,2
Dyer,Governor,NA,Republican,Beth Harwell,527
Dyer,Governor,NA,Republican,Bill Lee,1689
Dyer,Governor,NA,Republican,Diane Black,1207
Dyer,Governor,NA,Republican,Kay White,6
Dyer,Governor,NA,Republican,Randy Boyd,2069
Dyer,U.S. Senate,NA,Republican,Aaron L. Pettigrew,703
Dyer,U.S. Senate,NA,Republican,Marsha Blackburn,4168
Dyer,U.S. Senate,NA,Republican,"Write-In - Tom Emerson, Jr.",0
Dyer,U.S. Senate,NA,Republican,Write-In - Tommy N. Hay,0
Fayette,District Attorney General,25 (unexpired term),Independent,Mark E. Davidson,6976
Fayette,State Executive Committeeman,26,Democratic,Toney G. Campbell,1642
Fayette,State Executive Committeewoman,26,Democratic,Meryl Rice,1753
Fayette,State Executive Committeeman,26,Republican,Kurt Holbert,5507
Fayette,State Executive Committeewoman,26,Republican,Kathryn Bryson,5573
Fayette,U.S. House,8,Democratic,Erika Stotts Pearson,1059
Fayette,U.S. House,8,Democratic,John Boatner,723
Fayette,U.S. House,8,Republican,Colleen Owens,253
Fayette,U.S. House,8,Republican,David Kustoff,4084
Fayette,U.S. House,8,Republican,"George S. Flinn, Jr.",2538
Fayette,State House,94,Democratic,Terry S. Saine,1967
Fayette,State House,94,Republican,Ron M. Gant,6108
Fayette,Governor,NA,Democratic,Craig Fitzhugh,643
Fayette,Governor,NA,Democratic,Karl Dean,1123
Fayette,Governor,NA,Democratic,Mezianne Vale Payne,234
Fayette,U.S. Senate,NA,Democratic,Gary Davis,236
Fayette,U.S. Senate,NA,Democratic,John Wolfe,84
Fayette,U.S. Senate,NA,Democratic,Phil Bredesen,1850
Fayette,Governor,NA,Republican,Basil Marceaux Sr.,5
Fayette,Governor,NA,Republican,Beth Harwell,1290
Fayette,Governor,NA,Republican,Bill Lee,2069
Fayette,Governor,NA,Republican,Diane Black,1931
Fayette,Governor,NA,Republican,Kay White,27
Fayette,Governor,NA,Republican,Randy Boyd,1688
Fayette,U.S. Senate,NA,Republican,Aaron L. Pettigrew,675
Fayette,U.S. Senate,NA,Republican,Marsha Blackburn,6131
Fayette,U.S. Senate,NA,Republican,"Write-In - Tom Emerson, Jr.",0
Fayette,U.S. Senate,NA,Republican,Write-In - Tommy N. Hay,0
Fentress,State Executive Committeeman,12,Democratic,Bob Cowan,607
Fentress,State Executive Committeewoman,12,Democratic,Tracey Vought Williams,601
Fentress,State Executive Committeeman,12,Republican,Jim Cobb,1524
Fentress,State Executive Committeeman,12,Republican,Randy Ellis,1524
Fentress,State Executive Committeewoman,12,Republican,"Elizabeth ""Liz"" Holiway",2784
Fentress,State House,38,Democratic,Carol Venea' Abney,318
Fentress,State House,38,Republican,Kelly T Keisling,1818
Fentress,State House,41,Democratic,John Mark Windle,384
Fentress,State House,41,Republican,Ed Butler,1361
Fentress,U.S. House,6,Democratic,Christopher Martin Finley,123
Fentress,U.S. House,6,Democratic,Dawn Barlow,331
Fentress,U.S. House,6,Democratic,Merrilee Wineinger,101
Fentress,U.S. House,6,Democratic,Peter Heffernan,69
Fentress,U.S. House,6,Republican,Bob Corlew,1001
Fentress,U.S. House,6,Republican,Christopher Brian Monday,171
Fentress,U.S. House,6,Republican,John Rose,1902
Fentress,U.S. House,6,Republican,Judd Matheny,336
Fentress,U.S. House,6,Republican,"Lavern ""Uturn LaVern"" Vivio",131
Fentress,Governor,NA,Democratic,Craig Fitzhugh,105
Fentress,Governor,NA,Democratic,Karl Dean,590
Fentress,Governor,NA,Democratic,Mezianne Vale Payne,70
Fentress,U.S. Senate,NA,Democratic,Gary Davis,81
Fentress,U.S. Senate,NA,Democratic,John Wolfe,31
Fentress,U.S. Senate,NA,Democratic,Phil Bredesen,703
Fentress,Governor,NA,Republican,Basil Marceaux Sr.,5
Fentress,Governor,NA,Republican,Beth Harwell,360
Fentress,Governor,NA,Republican,Bill Lee,1515
Fentress,Governor,NA,Republican,Diane Black,1305
Fentress,Governor,NA,Republican,Kay White,23
Fentress,Governor,NA,Republican,Randy Boyd,960
Fentress,U.S. Senate,NA,Republican,Aaron L. Pettigrew,512
Fentress,U.S. Senate,NA,Republican,Marsha Blackburn,2937
Fentress,U.S. Senate,NA,Republican,"Write-In - Tom Emerson, Jr.",0
Fentress,U.S. Senate,NA,Republican,Write-In - Tommy N. Hay,0
Franklin,Chancellor,12 (unexpired term),Independent,David L. Stewart,5496
Franklin,Chancellor,12 (unexpired term),Republican,Missy Thomas Blevins,2631
Franklin,State Executive Committeeman,16,Democratic,Bobby E. Bush Jr.,890
Franklin,State Executive Committeeman,16,Democratic,Robin B. Smith,1227
Franklin,State Executive Committeewoman,16,Democratic,Betty Newman Fraley,1839
Franklin,State Executive Committeewoman,16,Democratic,Rupa Blackwell,555
Franklin,State Executive Committeeman,16,Republican,Jerry Anderson,4271
Franklin,State Executive Committeewoman,16,Republican,Amanda Angel,1773
Franklin,State Executive Committeewoman,16,Republican,Joanne P. Davis,2962
Franklin,State House,39,Democratic,"Sharon ""Layne"" Adams",2070
Franklin,State House,39,Republican,Iris Rudder,2935
Franklin,State House,39,Republican,"Richard ""R.C."" Helton",956
Franklin,State House,39,Republican,Sloan Andrew Stewart,1481
Franklin,U.S. House,4,Democratic,Christopher J. Hale,775
Franklin,U.S. House,4,Democratic,Mariah Phillips,1237
Franklin,U.S. House,4,Democratic,Steven Reynolds,370
Franklin,U.S. House,4,Republican,Jack Maddux,945
Franklin,U.S. House,4,Republican,Scott DesJarlais,4519
Franklin,State House,92,Democratic,"C.S. ""Scott"" Coffey",16
Franklin,State House,92,Republican,Billy Spivey,30
Franklin,State House,92,Republican,Rick Tillis,42
Franklin,Governor,NA,Democratic,Craig Fitzhugh,247
Franklin,Governor,NA,Democratic,Karl Dean,2211
Franklin,Governor,NA,Democratic,Mezianne Vale Payne,123
Franklin,U.S. Senate,NA,Democratic,Gary Davis,108
Franklin,U.S. Senate,NA,Democratic,John Wolfe,56
Franklin,U.S. Senate,NA,Democratic,Phil Bredesen,2458
Franklin,Governor,NA,Republican,Basil Marceaux Sr.,6
Franklin,Governor,NA,Republican,Beth Harwell,684
Franklin,Governor,NA,Republican,Bill Lee,2585
Franklin,Governor,NA,Republican,Diane Black,1343
Franklin,Governor,NA,Republican,Kay White,25
Franklin,Governor,NA,Republican,Randy Boyd,1053
Franklin,U.S. Senate,NA,Republican,Aaron L. Pettigrew,665
Franklin,U.S. Senate,NA,Republican,Marsha Blackburn,4614
Franklin,U.S. Senate,NA,Republican,"Write-In - Tom Emerson, Jr.",0
Franklin,U.S. Senate,NA,Republican,Write-In - Tommy N. Hay,0
Gibson,State Executive Committeeman,24,Democratic,Don Farmer,1824
Gibson,State Executive Committeewoman,24,Democratic,Angela Callis,1644
Gibson,State Executive Committeeman,24,Republican,Gary Kee,5261
Gibson,State Executive Committeewoman,24,Republican,Elizabeth (Betsy) Phillips,2473
Gibson,State Executive Committeewoman,24,Republican,Rebecca Griffey,2573
Gibson,State House,79,Democratic,Gregory Frye,1611
Gibson,State House,79,Republican,Curtis Halford,6583
Gibson,U.S. House,8,Democratic,Erika Stotts Pearson,737
Gibson,U.S. House,8,Democratic,John Boatner,956
Gibson,U.S. House,8,Republican,Colleen Owens,315
Gibson,U.S. House,8,Republican,David Kustoff,3684
Gibson,U.S. House,8,Republican,"George S. Flinn, Jr.",3154
Gibson,Governor,NA,Democratic,Craig Fitzhugh,520
Gibson,Governor,NA,Democratic,Karl Dean,1291
Gibson,Governor,NA,Democratic,Mezianne Vale Payne,152
Gibson,U.S. Senate,NA,Democratic,Gary Davis,120
Gibson,U.S. Senate,NA,Democratic,John Wolfe,70
Gibson,U.S. Senate,NA,Democratic,Phil Bredesen,1965
Gibson,Governor,NA,Republican,Basil Marceaux Sr.,2
Gibson,Governor,NA,Republican,Beth Harwell,373
Gibson,Governor,NA,Republican,Bill Lee,2152
Gibson,Governor,NA,Republican,Diane Black,1221
Gibson,Governor,NA,Republican,Kay White,10
Gibson,Governor,NA,Republican,Randy Boyd,3681
Gibson,U.S. Senate,NA,Republican,Aaron L. Pettigrew,940
Gibson,U.S. Senate,NA,Republican,Marsha Blackburn,5654
Gibson,U.S. Senate,NA,Republican,"Write-In - Tom Emerson, Jr.",0
Gibson,U.S. Senate,NA,Republican,Write-In - Tommy N. Hay,0
Giles,State Executive Committeeman,28,Democratic,Write-In - Seth J. Campbell,10
Giles,State Executive Committeewoman,28,Democratic,Write-In - Pame Moore Morrow,10
Giles,State Executive Committeeman,28,Republican,Jim Looney,3270
Giles,State Executive Committeewoman,28,Republican,Angie McClanahan,3262
Giles,U.S. House,7,Democratic,Justin Kanew,759
Giles,U.S. House,7,Democratic,Matt Reel,598
Giles,U.S. House,7,Republican,Mark E. Green,3520
Giles,State House,70,Democratic,Jessica B. Yokley,1304
Giles,State House,70,Republican,Barry Doss,1559
Giles,State House,70,Republican,Clay Doggett,3076
Giles,Governor,NA,Democratic,Craig Fitzhugh,129
Giles,Governor,NA,Democratic,Karl Dean,1449
Giles,Governor,NA,Democratic,Mezianne Vale Payne,56
Giles,U.S. Senate,NA,Democratic,Gary Davis,71
Giles,U.S. Senate,NA,Democratic,John Wolfe,49
Giles,U.S. Senate,NA,Democratic,Phil Bredesen,1510
Giles,Governor,NA,Republican,Basil Marceaux Sr.,6
Giles,Governor,NA,Republican,Beth Harwell,586
Giles,Governor,NA,Republican,Bill Lee,1958
Giles,Governor,NA,Republican,Diane Black,1218
Giles,Governor,NA,Republican,Kay White,20
Giles,Governor,NA,Republican,Randy Boyd,893
Giles,U.S. Senate,NA,Republican,Aaron L. Pettigrew,496
Giles,U.S. Senate,NA,Republican,Marsha Blackburn,3886
Giles,U.S. Senate,NA,Republican,"Write-In - Tom Emerson, Jr.",0
Giles,U.S. Senate,NA,Republican,Write-In - Tommy N. Hay,0
Grainger,U.S. House,2,Democratic,Joseph William Schenkenfelder,29
Grainger,U.S. House,2,Democratic,Joshua Williams,131
Grainger,U.S. House,2,Democratic,Renee Hoyos,177
Grainger,U.S. House,2,Republican,C. David Stansberry,39
Grainger,U.S. House,2,Republican,Hank Hamblin,33
Grainger,U.S. House,2,Republican,Jason Frederick Emert,61
Grainger,U.S. House,2,Republican,Jimmy Matlock,1114
Grainger,U.S. House,2,Republican,Sarah Ashley Nickloes,295
Grainger,U.S. House,2,Republican,Tim Burchett,1616
Grainger,U.S. House,2,Republican,Vito Sagliano,48
Grainger,State House,35,Democratic,Write-In - Joshua Lee Eldridge,8
Grainger,State House,35,Republican,James Acuff,996
Grainger,State House,35,Republican,Jerry Sexton,1321
Grainger,State House,35,Republican,Mike Williams,894
Grainger,Circuit Court Judge Part I,4 (unexpired term),Republican,Carter S. Moore,2701
Grainger,Circuit Court Judge Part II,4 (unexpired term),Republican,Jim Gass,2465
Grainger,State Executive Committeeman,8,Democratic,Bill Fannon,284
Grainger,State Executive Committeewoman,8,Democratic,Lindsey Cole Cadle,294
Grainger,State Executive Committeeman,8,Republican,David A. Bishop,2321
Grainger,State Executive Committeewoman,8,Republican,Betty Fain,2132
Grainger,Governor,NA,Democratic,Craig Fitzhugh,50
Grainger,Governor,NA,Democratic,Karl Dean,284
Grainger,Governor,NA,Democratic,Mezianne Vale Payne,22
Grainger,U.S. Senate,NA,Democratic,Gary Davis,13
Grainger,U.S. Senate,NA,Democratic,John Wolfe,19
Grainger,U.S. Senate,NA,Democratic,Phil Bredesen,358
Grainger,Governor,NA,Republican,Basil Marceaux Sr.,1
Grainger,Governor,NA,Republican,Beth Harwell,471
Grainger,Governor,NA,Republican,Bill Lee,1497
Grainger,Governor,NA,Republican,Diane Black,601
Grainger,Governor,NA,Republican,Kay White,17
Grainger,Governor,NA,Republican,Randy Boyd,704
Grainger,U.S. Senate,NA,Republican,Aaron L. Pettigrew,499
Grainger,U.S. Senate,NA,Republican,Marsha Blackburn,2261
Grainger,U.S. Senate,NA,Republican,"Write-In - Tom Emerson, Jr.",0
Grainger,U.S. Senate,NA,Republican,Write-In - Tommy N. Hay,0
Greene,State Executive Committeeman,1,Democratic,Adam S Haynes,1271
Greene,State Executive Committeewoman,1,Democratic,Marjorie Ramsey,1344
Greene,State Senate,1,Democratic,No Candidate Qualified,0
Greene,U.S. House,1,Democratic,Marty Olsen,1439
Greene,State Executive Committeeman,1,Republican,Paul Chapman,7595
Greene,State Executive Committeewoman,1,Republican,Nancy Wilson,7798
Greene,State Senate,1,Republican,Steve Southerland,9060
Greene,U.S. House,1,Republican,James Brooks,425
Greene,U.S. House,1,Republican,Mickie Lou Banyas,315
Greene,U.S. House,1,Republican,Phil Roe,7838
Greene,U.S. House,1,Republican,Todd A. McKinley,1562
Greene,State House,11,Democratic,Vincyl Fitzgerald II,116
Greene,State House,11,Republican,Greg Fodness,254
Greene,State House,11,Republican,Jeremy Faison,975
Greene,State House,5,Democratic,Park Overall,1226
Greene,State House,5,Republican,David B. Hawk,8001
Greene,Governor,NA,Democratic,Craig Fitzhugh,486
Greene,Governor,NA,Democratic,Karl Dean,985
Greene,Governor,NA,Democratic,Mezianne Vale Payne,139
Greene,U.S. Senate,NA,Democratic,Gary Davis,88
Greene,U.S. Senate,NA,Democratic,John Wolfe,81
Greene,U.S. Senate,NA,Democratic,Phil Bredesen,1575
Greene,Governor,NA,Republican,Basil Marceaux Sr.,24
Greene,Governor,NA,Republican,Beth Harwell,1527
Greene,Governor,NA,Republican,Bill Lee,3744
Greene,Governor,NA,Republican,Diane Black,2254
Greene,Governor,NA,Republican,Kay White,68
Greene,Governor,NA,Republican,Randy Boyd,2970
Greene,U.S. Senate,NA,Republican,Aaron L. Pettigrew,1615
Greene,U.S. Senate,NA,Republican,Marsha Blackburn,7615
Greene,U.S. Senate,NA,Republican,"Write-In - Tom Emerson, Jr.",0
Greene,U.S. Senate,NA,Republican,Write-In - Tommy N. Hay,0
Grundy,Chancellor,12 (unexpired term),Independent,David L. Stewart,1153
Grundy,Chancellor,12 (unexpired term),Republican,Missy Thomas Blevins,1610
Grundy,State Executive Committeeman,16,Democratic,Bobby E. Bush Jr.,274
Grundy,State Executive Committeeman,16,Democratic,Robin B. Smith,397
Grundy,State Executive Committeewoman,16,Democratic,Betty Newman Fraley,471
Grundy,State Executive Committeewoman,16,Democratic,Rupa Blackwell,228
Grundy,State Executive Committeeman,16,Republican,Jerry Anderson,1185
Grundy,State Executive Committeewoman,16,Republican,Amanda Angel,721
Grundy,State Executive Committeewoman,16,Republican,Joanne P. Davis,538
Grundy,U.S. House,4,Democratic,Christopher J. Hale,248
Grundy,U.S. House,4,Democratic,Mariah Phillips,342
Grundy,U.S. House,4,Democratic,Steven Reynolds,216
Grundy,U.S. House,4,Republican,Jack Maddux,345
Grundy,U.S. House,4,Republican,Scott DesJarlais,1341
Grundy,State House,43,Democratic,Les Trotman,663
Grundy,State House,43,Republican,Jerry Lowery,537
Grundy,State House,43,Republican,Paul Sherrell,1090
Grundy,Governor,NA,Democratic,Craig Fitzhugh,85
Grundy,Governor,NA,Democratic,Karl Dean,727
Grundy,Governor,NA,Democratic,Mezianne Vale Payne,68
Grundy,U.S. Senate,NA,Democratic,Gary Davis,79
Grundy,U.S. Senate,NA,Democratic,John Wolfe,48
Grundy,U.S. Senate,NA,Democratic,Phil Bredesen,811
Grundy,Governor,NA,Republican,Basil Marceaux Sr.,3
Grundy,Governor,NA,Republican,Beth Harwell,162
Grundy,Governor,NA,Republican,Bill Lee,783
Grundy,Governor,NA,Republican,Diane Black,549
Grundy,Governor,NA,Republican,Kay White,15
Grundy,Governor,NA,Republican,Randy Boyd,319
Grundy,U.S. Senate,NA,Republican,Aaron L. Pettigrew,259
Grundy,U.S. Senate,NA,Republican,Marsha Blackburn,1335
Grundy,U.S. Senate,NA,Republican,"Write-In - Tom Emerson, Jr.",0
Grundy,U.S. Senate,NA,Republican,Write-In - Tommy N. Hay,0
Hamblen,State Executive Committeeman,1,Democratic,Adam S Haynes,853
Hamblen,State Executive Committeewoman,1,Democratic,Marjorie Ramsey,870
Hamblen,State Senate,1,Democratic,No Candidate Qualified,0
Hamblen,U.S. House,1,Democratic,Marty Olsen,846
Hamblen,State Executive Committeeman,1,Republican,Paul Chapman,5423
Hamblen,State Executive Committeewoman,1,Republican,Nancy Wilson,5383
Hamblen,State Senate,1,Republican,Steve Southerland,6194
Hamblen,U.S. House,1,Republican,James Brooks,426
Hamblen,U.S. House,1,Republican,Mickie Lou Banyas,259
Hamblen,U.S. House,1,Republican,Phil Roe,5423
Hamblen,U.S. House,1,Republican,Todd A. McKinley,773
Hamblen,State House,10,Democratic,Barbara Simmons,962
Hamblen,State House,10,Republican,Rick Eldridge,4435
Hamblen,State House,10,Republican,Tommy Pedigo,2632
Hamblen,Governor,NA,Democratic,Craig Fitzhugh,208
Hamblen,Governor,NA,Democratic,Karl Dean,761
Hamblen,Governor,NA,Democratic,Mezianne Vale Payne,79
Hamblen,U.S. Senate,NA,Democratic,Gary Davis,33
Hamblen,U.S. Senate,NA,Democratic,John Wolfe,30
Hamblen,U.S. Senate,NA,Democratic,Phil Bredesen,1015
Hamblen,Governor,NA,Republican,Basil Marceaux Sr.,15
Hamblen,Governor,NA,Republican,Beth Harwell,1017
Hamblen,Governor,NA,Republican,Bill Lee,2874
Hamblen,Governor,NA,Republican,Diane Black,1347
Hamblen,Governor,NA,Republican,Kay White,30
Hamblen,Governor,NA,Republican,Randy Boyd,2063
Hamblen,U.S. Senate,NA,Republican,Aaron L. Pettigrew,1552
Hamblen,U.S. Senate,NA,Republican,Marsha Blackburn,4958
Hamblen,U.S. Senate,NA,Republican,"Write-In - Tom Emerson, Jr.",0
Hamblen,U.S. Senate,NA,Republican,Write-In - Tommy N. Hay,0
Hamilton,State Executive Committeeman,10,Democratic,Chris Anderson,8940
Hamilton,State Executive Committeewoman,10,Democratic,Khristy Wilkinson,9215
Hamilton,State Executive Committeeman,10,Republican,Gary Green II,3265
Hamilton,State Executive Committeeman,10,Republican,Kenneth J (Ken) Meyer,5590
Hamilton,State Executive Committeewoman,10,Republican,Emily G. Beaty,8551
Hamilton,State Executive Committeeman,11,Democratic,Ryan V Scofield,7848
Hamilton,State Executive Committeewoman,11,Democratic,Rachel Campbell,8045
Hamilton,State Senate,11,Democratic,"Randall ""Randy"" Price",8152
Hamilton,State Executive Committeeman,11,Republican,Bobby Wood,13397
Hamilton,State Executive Committeeman,11,Republican,David Queen,6316
Hamilton,State Executive Committeewoman,11,Republican,Tina J. Benkiser,17253
Hamilton,State Senate,11,Republican,Bo Watson,20257
Hamilton,Circuit Court Judge Division 4,11 (unexpired term),Republican,Kyle E. Hedrick,39406
Hamilton,State House,26,Democratic,David Jones,1670
Hamilton,State House,26,Democratic,Jean-Marie Lawrence,1975
Hamilton,State House,26,Republican,Robin Smith,7780
Hamilton,State House,27,Democratic,Brent S. Morris,3365
Hamilton,State House,27,Republican,Patsy Hazlewood,7757
Hamilton,State House,28,Democratic,Brandon D. Woodruff,1188
Hamilton,State House,28,Democratic,Dennis Clark,874
Hamilton,State House,28,Democratic,Jackie Anderson Thomas,839
Hamilton,State House,28,Democratic,Melody Shekari,1637
Hamilton,State House,28,Democratic,Yusuf A. Hakeem,2767
Hamilton,State House,28,Republican,"Lemon C. Williams, Jr.",1251
Hamilton,State House,29,Democratic,Tammy Magouirk,2307
Hamilton,State House,29,Republican,Mike Carter,6511
Hamilton,U.S. House,3,Democratic,Danielle Mitchell,18320
Hamilton,U.S. House,3,Republican,Chuck Fleischmann,26220
Hamilton,U.S. House,3,Republican,Harold E. Shevlin,691
Hamilton,U.S. House,3,Republican,Jeremy Massengale,3441
Hamilton,U.S. House,3,Republican,"William E. Spurlock, Sr.",2464
Hamilton,State House,30,Democratic,Joda Thongnopnua,2801
Hamilton,State House,30,Democratic,Write-In - Jeffery Paul Crim,0
Hamilton,State House,30,Republican,Esther Helton,3511
Hamilton,State House,30,Republican,Jonathan Mason,3368
Hamilton,Governor,NA,Democratic,Craig Fitzhugh,4099
Hamilton,Governor,NA,Democratic,Karl Dean,14313
Hamilton,Governor,NA,Democratic,Mezianne Vale Payne,2079
Hamilton,U.S. Senate,NA,Democratic,Gary Davis,1352
Hamilton,U.S. Senate,NA,Democratic,John Wolfe,1151
Hamilton,U.S. Senate,NA,Democratic,Phil Bredesen,18815
Hamilton,Governor,NA,Republican,Basil Marceaux Sr.,106
Hamilton,Governor,NA,Republican,Beth Harwell,5078
Hamilton,Governor,NA,Republican,Bill Lee,15335
Hamilton,Governor,NA,Republican,Diane Black,8668
Hamilton,Governor,NA,Republican,Kay White,116
Hamilton,Governor,NA,Republican,Randy Boyd,5236
Hamilton,U.S. Senate,NA,Republican,Aaron L. Pettigrew,5011
Hamilton,U.S. Senate,NA,Republican,Marsha Blackburn,27066
Hamilton,U.S. Senate,NA,Republican,"Write-In - Tom Emerson, Jr.",0
Hamilton,U.S. Senate,NA,Republican,Write-In - Tommy N. Hay,0
Hancock,U.S. House,1,Democratic,Marty Olsen,95
Hancock,U.S. House,1,Republican,James Brooks,85
Hancock,U.S. House,1,Republican,Mickie Lou Banyas,27
Hancock,U.S. House,1,Republican,Phil Roe,887
Hancock,U.S. House,1,Republican,Todd A. McKinley,132
Hancock,State Executive Committeeman,8,Democratic,Bill Fannon,93
Hancock,State Executive Committeewoman,8,Democratic,Lindsey Cole Cadle,88
Hancock,State Executive Committeeman,8,Republican,David A. Bishop,655
Hancock,State Executive Committeewoman,8,Republican,Betty Fain,635
Hancock,State House,9,Democratic,Derek Winkle,93
Hancock,State House,9,Republican,"Gary W. Hicks, Jr.",910
Hancock,State House,9,Republican,Melville Bailey,289
Hancock,Governor,NA,Democratic,Craig Fitzhugh,18
Hancock,Governor,NA,Democratic,Karl Dean,89
Hancock,Governor,NA,Democratic,Mezianne Vale Payne,6
Hancock,U.S. Senate,NA,Democratic,Gary Davis,6
Hancock,U.S. Senate,NA,Democratic,John Wolfe,2
Hancock,U.S. Senate,NA,Democratic,Phil Bredesen,118
Hancock,Governor,NA,Republican,Basil Marceaux Sr.,1
Hancock,Governor,NA,Republican,Beth Harwell,130
Hancock,Governor,NA,Republican,Bill Lee,373
Hancock,Governor,NA,Republican,Diane Black,225
Hancock,Governor,NA,Republican,Kay White,7
Hancock,Governor,NA,Republican,Randy Boyd,513
Hancock,U.S. Senate,NA,Republican,Aaron L. Pettigrew,179
Hancock,U.S. Senate,NA,Republican,Marsha Blackburn,729
Hancock,U.S. Senate,NA,Republican,"Write-In - Tom Emerson, Jr.",0
Hancock,U.S. Senate,NA,Republican,Write-In - Tommy N. Hay,0
Hardeman,District Attorney General,25 (unexpired term),Independent,Mark E. Davidson,3507
Hardeman,State Executive Committeeman,26,Democratic,Toney G. Campbell,1634
Hardeman,State Executive Committeewoman,26,Democratic,Meryl Rice,1737
Hardeman,State Executive Committeeman,26,Republican,Kurt Holbert,1688
Hardeman,State Executive Committeewoman,26,Republican,Kathryn Bryson,1722
Hardeman,U.S. House,7,Democratic,Justin Kanew,1013
Hardeman,U.S. House,7,Democratic,Matt Reel,702
Hardeman,U.S. House,7,Republican,Mark E. Green,2144
Hardeman,State House,80,Democratic,Johnny W. Shaw,2059
Hardeman,State House,80,Republican,No Candidate Qualified,0
Hardeman,State House,94,Democratic,Terry S. Saine,117
Hardeman,State House,94,Republican,Ron M. Gant,333
Hardeman,Governor,NA,Democratic,Craig Fitzhugh,969
Hardeman,Governor,NA,Democratic,Karl Dean,912
Hardeman,Governor,NA,Democratic,Mezianne Vale Payne,108
Hardeman,U.S. Senate,NA,Democratic,Gary Davis,223
Hardeman,U.S. Senate,NA,Democratic,John Wolfe,130
Hardeman,U.S. Senate,NA,Democratic,Phil Bredesen,1771
Hardeman,Governor,NA,Republican,Basil Marceaux Sr.,5
Hardeman,Governor,NA,Republican,Beth Harwell,367
Hardeman,Governor,NA,Republican,Bill Lee,628
Hardeman,Governor,NA,Republican,Diane Black,742
Hardeman,Governor,NA,Republican,Kay White,8
Hardeman,Governor,NA,Republican,Randy Boyd,1208
Hardeman,U.S. Senate,NA,Republican,Aaron L. Pettigrew,323
Hardeman,U.S. Senate,NA,Republican,Marsha Blackburn,2505
Hardeman,U.S. Senate,NA,Republican,"Write-In - Tom Emerson, Jr.",0
Hardeman,U.S. Senate,NA,Republican,Write-In - Tommy N. Hay,0
Hardin,Public Defender,24 (unexpired term),Republican,"Robert ""Tas"" Gardner",5357
Hardin,State Executive Committeeman,26,Democratic,Toney G. Campbell,945
Hardin,State Executive Committeewoman,26,Democratic,Meryl Rice,957
Hardin,State Executive Committeeman,26,Republican,Kurt Holbert,4221
Hardin,State Executive Committeewoman,26,Republican,Kathryn Bryson,4220
Hardin,U.S. House,7,Democratic,Justin Kanew,456
Hardin,U.S. House,7,Democratic,Matt Reel,529
Hardin,U.S. House,7,Republican,Mark E. Green,4370
Hardin,State House,71,Democratic,Frankie G. Floied,920
Hardin,State House,71,Republican,"David ""Coach"" Byrd",4563
Hardin,Governor,NA,Democratic,Craig Fitzhugh,174
Hardin,Governor,NA,Democratic,Karl Dean,807
Hardin,Governor,NA,Democratic,Mezianne Vale Payne,65
Hardin,U.S. Senate,NA,Democratic,Gary Davis,84
Hardin,U.S. Senate,NA,Democratic,John Wolfe,56
Hardin,U.S. Senate,NA,Democratic,Phil Bredesen,960
Hardin,Governor,NA,Republican,Basil Marceaux Sr.,6
Hardin,Governor,NA,Republican,Beth Harwell,260
Hardin,Governor,NA,Republican,Bill Lee,1318
Hardin,Governor,NA,Republican,Diane Black,1373
Hardin,Governor,NA,Republican,Kay White,26
Hardin,Governor,NA,Republican,Randy Boyd,1982
Hardin,U.S. Senate,NA,Republican,Aaron L. Pettigrew,598
Hardin,U.S. Senate,NA,Republican,Marsha Blackburn,4283
Hardin,U.S. Senate,NA,Republican,"Write-In - Tom Emerson, Jr.",0
Hardin,U.S. Senate,NA,Republican,Write-In - Tommy N. Hay,0
Hawkins,U.S. House,1,Democratic,Marty Olsen,836
Hawkins,U.S. House,1,Republican,James Brooks,494
Hawkins,U.S. House,1,Republican,Mickie Lou Banyas,259
Hawkins,U.S. House,1,Republican,Phil Roe,5569
Hawkins,U.S. House,1,Republican,Todd A. McKinley,1251
Hawkins,State Executive Committeeman,8,Democratic,Bill Fannon,783
Hawkins,State Executive Committeewoman,8,Democratic,Lindsey Cole Cadle,785
Hawkins,State Executive Committeeman,8,Republican,David A. Bishop,5298
Hawkins,State Executive Committeewoman,8,Republican,Betty Fain,5230
Hawkins,State House,9,Democratic,Derek Winkle,805
Hawkins,State House,9,Republican,"Gary W. Hicks, Jr.",5017
Hawkins,State House,9,Republican,Melville Bailey,2646
Hawkins,Governor,NA,Democratic,Craig Fitzhugh,154
Hawkins,Governor,NA,Democratic,Karl Dean,783
Hawkins,Governor,NA,Democratic,Mezianne Vale Payne,83
Hawkins,U.S. Senate,NA,Democratic,Gary Davis,54
Hawkins,U.S. Senate,NA,Democratic,John Wolfe,57
Hawkins,U.S. Senate,NA,Democratic,Phil Bredesen,980
Hawkins,Governor,NA,Republican,Basil Marceaux Sr.,13
Hawkins,Governor,NA,Republican,Beth Harwell,1340
Hawkins,Governor,NA,Republican,Bill Lee,2617
Hawkins,Governor,NA,Republican,Diane Black,1870
Hawkins,Governor,NA,Republican,Kay White,94
Hawkins,Governor,NA,Republican,Randy Boyd,2122
Hawkins,U.S. Senate,NA,Republican,Aaron L. Pettigrew,1308
Hawkins,U.S. Senate,NA,Republican,Marsha Blackburn,5395
Hawkins,U.S. Senate,NA,Republican,"Write-In - Tom Emerson, Jr.",0
Hawkins,U.S. Senate,NA,Republican,Write-In - Tommy N. Hay,0
Haywood,State Executive Committeeman,26,Democratic,Toney G. Campbell,1800
Haywood,State Executive Committeewoman,26,Democratic,Meryl Rice,1890
Haywood,State Executive Committeeman,26,Republican,Kurt Holbert,1331
Haywood,State Executive Committeewoman,26,Republican,Kathryn Bryson,1334
Haywood,U.S. House,8,Democratic,Erika Stotts Pearson,1016
Haywood,U.S. House,8,Democratic,John Boatner,853
Haywood,U.S. House,8,Republican,Colleen Owens,50
Haywood,U.S. House,8,Republican,David Kustoff,1063
Haywood,U.S. House,8,Republican,"George S. Flinn, Jr.",863
Haywood,State House,82,Democratic,Andrea Bond-Johnson,2173
Haywood,State House,82,Democratic,Robert A Harris,155
Haywood,State House,82,Republican,Andy Cole,882
Haywood,State House,82,Republican,Chris Hurt,941
Haywood,Governor,NA,Democratic,Craig Fitzhugh,1827
Haywood,Governor,NA,Democratic,Karl Dean,360
Haywood,Governor,NA,Democratic,Mezianne Vale Payne,72
Haywood,U.S. Senate,NA,Democratic,Gary Davis,193
Haywood,U.S. Senate,NA,Democratic,John Wolfe,96
Haywood,U.S. Senate,NA,Democratic,Phil Bredesen,1969
Haywood,Governor,NA,Republican,Basil Marceaux Sr.,0
Haywood,Governor,NA,Republican,Beth Harwell,285
Haywood,Governor,NA,Republican,Bill Lee,454
Haywood,Governor,NA,Republican,Diane Black,591
Haywood,Governor,NA,Republican,Kay White,2
Haywood,Governor,NA,Republican,Randy Boyd,695
Haywood,U.S. Senate,NA,Republican,Aaron L. Pettigrew,260
Haywood,U.S. Senate,NA,Republican,Marsha Blackburn,1648
Haywood,U.S. Senate,NA,Republican,"Write-In - Tom Emerson, Jr.",0
Haywood,U.S. Senate,NA,Republican,Write-In - Tommy N. Hay,0
Henderson,State Executive Committeeman,26,Democratic,Toney G. Campbell,457
Henderson,State Executive Committeewoman,26,Democratic,Meryl Rice,418
Henderson,State Executive Committeeman,26,Republican,Kurt Holbert,3521
Henderson,State Executive Committeewoman,26,Republican,Kathryn Bryson,3478
Henderson,District Attorney General,26 (unexpired term),Republican,Jody Pickens,4080
Henderson,U.S. House,7,Democratic,Justin Kanew,284
Henderson,U.S. House,7,Democratic,Matt Reel,190
Henderson,U.S. House,7,Republican,Mark E. Green,3774
Henderson,State House,72,Democratic,James T. Haynes,449
Henderson,State House,72,Republican,Dan Hughes,2537
Henderson,State House,72,Republican,Gordon D. Wildridge,2146
Henderson,State House,72,Republican,Kirk Haston,605
Henderson,Governor,NA,Democratic,Craig Fitzhugh,86
Henderson,Governor,NA,Democratic,Karl Dean,433
Henderson,Governor,NA,Democratic,Mezianne Vale Payne,22
Henderson,U.S. Senate,NA,Democratic,Gary Davis,37
Henderson,U.S. Senate,NA,Democratic,John Wolfe,16
Henderson,U.S. Senate,NA,Democratic,Phil Bredesen,505
Henderson,Governor,NA,Republican,Basil Marceaux Sr.,15
Henderson,Governor,NA,Republican,Beth Harwell,279
Henderson,Governor,NA,Republican,Bill Lee,2023
Henderson,Governor,NA,Republican,Diane Black,1012
Henderson,Governor,NA,Republican,Kay White,32
Henderson,Governor,NA,Republican,Randy Boyd,1877
Henderson,U.S. Senate,NA,Republican,Aaron L. Pettigrew,661
Henderson,U.S. Senate,NA,Republican,Marsha Blackburn,4273
Henderson,U.S. Senate,NA,Republican,"Write-In - Tom Emerson, Jr.",0
Henderson,U.S. Senate,NA,Republican,Write-In - Tommy N. Hay,0
Henry,State Executive Committeeman,24,Democratic,Don Farmer,1048
Henry,State Executive Committeewoman,24,Democratic,Angela Callis,1004
Henry,State Executive Committeeman,24,Republican,Gary Kee,3820
Henry,State Executive Committeewoman,24,Republican,Elizabeth (Betsy) Phillips,1740
Henry,State Executive Committeewoman,24,Republican,Rebecca Griffey,2823
Henry,Public Defender,24 (unexpired term),Republican,"Robert ""Tas"" Gardner",5312
Henry,State House,75,Democratic,Richard Carl,1019
Henry,State House,75,Republican,Bruce I. Griffey,3039
Henry,State House,75,Republican,Tim Wirgau,2393
Henry,U.S. House,8,Democratic,Erika Stotts Pearson,346
Henry,U.S. House,8,Democratic,John Boatner,727
Henry,U.S. House,8,Republican,Colleen Owens,364
Henry,U.S. House,8,Republican,David Kustoff,2316
Henry,U.S. House,8,Republican,"George S. Flinn, Jr.",2256
Henry,Governor,NA,Democratic,Craig Fitzhugh,197
Henry,Governor,NA,Democratic,Karl Dean,1002
Henry,Governor,NA,Democratic,Mezianne Vale Payne,77
Henry,U.S. Senate,NA,Democratic,Gary Davis,60
Henry,U.S. Senate,NA,Democratic,John Wolfe,40
Henry,U.S. Senate,NA,Democratic,Phil Bredesen,1217
Henry,Governor,NA,Republican,Basil Marceaux Sr.,6
Henry,Governor,NA,Republican,Beth Harwell,665
Henry,Governor,NA,Republican,Bill Lee,1264
Henry,Governor,NA,Republican,Diane Black,1184
Henry,Governor,NA,Republican,Kay White,21
Henry,Governor,NA,Republican,Randy Boyd,2309
Henry,U.S. Senate,NA,Republican,Aaron L. Pettigrew,835
Henry,U.S. Senate,NA,Republican,Marsha Blackburn,4012
Henry,U.S. Senate,NA,Republican,"Write-In - Tom Emerson, Jr.",0
Henry,U.S. Senate,NA,Republican,Write-In - Tommy N. Hay,0
Hickman,State Executive Committeeman,25,Democratic,Gentry Allen,1145
Hickman,State Executive Committeewoman,25,Democratic,Martha Shepard,1237
Hickman,State Senate,25,Democratic,Wade Munday,1191
Hickman,State Executive Committeeman,25,Republican,Larry Hillis,2774
Hickman,State Executive Committeewoman,25,Republican,Mary Ann Parks,2777
Hickman,State Senate,25,Republican,Kerry Roberts,3047
Hickman,State House,69,Democratic,Eddie Johnson,1211
Hickman,State House,69,Republican,Michael G. Curcio,3068
Hickman,U.S. House,7,Democratic,Justin Kanew,409
Hickman,U.S. House,7,Democratic,Matt Reel,988
Hickman,U.S. House,7,Republican,Mark E. Green,2951
Hickman,Governor,NA,Democratic,Craig Fitzhugh,112
Hickman,Governor,NA,Democratic,Karl Dean,1331
Hickman,Governor,NA,Democratic,Mezianne Vale Payne,33
Hickman,U.S. Senate,NA,Democratic,Gary Davis,84
Hickman,U.S. Senate,NA,Democratic,John Wolfe,36
Hickman,U.S. Senate,NA,Democratic,Phil Bredesen,1377
Hickman,Governor,NA,Republican,Basil Marceaux Sr.,7
Hickman,Governor,NA,Republican,Beth Harwell,504
Hickman,Governor,NA,Republican,Bill Lee,1683
Hickman,Governor,NA,Republican,Diane Black,774
Hickman,Governor,NA,Republican,Kay White,10
Hickman,Governor,NA,Republican,Randy Boyd,695
Hickman,U.S. Senate,NA,Republican,Aaron L. Pettigrew,441
Hickman,U.S. Senate,NA,Republican,Marsha Blackburn,3064
Hickman,U.S. Senate,NA,Republican,"Write-In - Tom Emerson, Jr.",0
Hickman,U.S. Senate,NA,Republican,Write-In - Tommy N. Hay,0
Houston,State Executive Committeeman,22,Democratic,Charles Uffelman,969
Houston,State Executive Committeewoman,22,Democratic,Linda Adams Crenshaw,858
Houston,State Executive Committeeman,22,Republican,Arthur W. Carpenter,203
Houston,State Executive Committeeman,22,Republican,Joel Wallace,359
Houston,State Executive Committeeman,22,Republican,Stan Settles,791
Houston,State Executive Committeewoman,22,Republican,Joy A. Huggins,1258
Houston,U.S. House,7,Democratic,Justin Kanew,525
Houston,U.S. House,7,Democratic,Matt Reel,401
Houston,U.S. House,7,Republican,Mark E. Green,1536
Houston,State House,74,Democratic,Billy Borchert,902
Houston,State House,74,Republican,Jay D. Reedy,1548
Houston,Governor,NA,Democratic,Craig Fitzhugh,66
Houston,Governor,NA,Democratic,Karl Dean,949
Houston,Governor,NA,Democratic,Mezianne Vale Payne,17
Houston,U.S. Senate,NA,Democratic,Gary Davis,38
Houston,U.S. Senate,NA,Democratic,John Wolfe,40
Houston,U.S. Senate,NA,Democratic,Phil Bredesen,971
Houston,Governor,NA,Republican,Basil Marceaux Sr.,3
Houston,Governor,NA,Republican,Beth Harwell,183
Houston,Governor,NA,Republican,Bill Lee,716
Houston,Governor,NA,Republican,Diane Black,468
Houston,Governor,NA,Republican,Kay White,6
Houston,Governor,NA,Republican,Randy Boyd,256
Houston,U.S. Senate,NA,Republican,Aaron L. Pettigrew,187
Houston,U.S. Senate,NA,Republican,Marsha Blackburn,1385
Houston,U.S. Senate,NA,Republican,"Write-In - Tom Emerson, Jr.",0
Houston,U.S. Senate,NA,Republican,Write-In - Tommy N. Hay,0
Humphreys,State Executive Committeeman,25,Democratic,Gentry Allen,973
Humphreys,State Executive Committeewoman,25,Democratic,Martha Shepard,982
Humphreys,State Senate,25,Democratic,Wade Munday,1000
Humphreys,State Executive Committeeman,25,Republican,Larry Hillis,1753
Humphreys,State Executive Committeewoman,25,Republican,Mary Ann Parks,1756
Humphreys,State Senate,25,Republican,Kerry Roberts,1987
Humphreys,U.S. House,7,Democratic,Justin Kanew,524
Humphreys,U.S. House,7,Democratic,Matt Reel,586
Humphreys,U.S. House,7,Republican,Mark E. Green,1920
Humphreys,State House,74,Democratic,Billy Borchert,1107
Humphreys,State House,74,Republican,Jay D. Reedy,2038
Humphreys,Governor,NA,Democratic,Craig Fitzhugh,80
Humphreys,Governor,NA,Democratic,Karl Dean,1215
Humphreys,Governor,NA,Democratic,Mezianne Vale Payne,15
Humphreys,U.S. Senate,NA,Democratic,Gary Davis,35
Humphreys,U.S. Senate,NA,Democratic,John Wolfe,28
Humphreys,U.S. Senate,NA,Democratic,Phil Bredesen,1277
Humphreys,Governor,NA,Republican,Basil Marceaux Sr.,1
Humphreys,Governor,NA,Republican,Beth Harwell,309
Humphreys,Governor,NA,Republican,Bill Lee,1005
Humphreys,Governor,NA,Republican,Diane Black,541
Humphreys,Governor,NA,Republican,Kay White,2
Humphreys,Governor,NA,Republican,Randy Boyd,467
Humphreys,U.S. Senate,NA,Republican,Aaron L. Pettigrew,315
Humphreys,U.S. Senate,NA,Republican,Marsha Blackburn,1900
Humphreys,U.S. Senate,NA,Republican,"Write-In - Tom Emerson, Jr.",0
Humphreys,U.S. Senate,NA,Republican,Write-In - Tommy N. Hay,0
Jackson,State Executive Committeeman,15,Democratic,Amos Powers,697
Jackson,State Executive Committeewoman,15,Democratic,Cheryl H. Vickers,722
Jackson,State Senate,15,Democratic,Angela Hedgecough,752
Jackson,State Executive Committeeman,15,Republican,Lance Persson,328
Jackson,State Executive Committeeman,15,Republican,Mike Callahan,973
Jackson,State Executive Committeewoman,15,Republican,Barbara D. Gregson,1246
Jackson,State Senate,15,Republican,Paul Bailey,1493
Jackson,State House,41,Democratic,John Mark Windle,985
Jackson,State House,41,Republican,Ed Butler,1335
Jackson,U.S. House,6,Democratic,Christopher Martin Finley,130
Jackson,U.S. House,6,Democratic,Dawn Barlow,553
Jackson,U.S. House,6,Democratic,Merrilee Wineinger,121
Jackson,U.S. House,6,Democratic,Peter Heffernan,58
Jackson,U.S. House,6,Republican,Bob Corlew,456
Jackson,U.S. House,6,Republican,Christopher Brian Monday,44
Jackson,U.S. House,6,Republican,John Rose,979
Jackson,U.S. House,6,Republican,Judd Matheny,199
Jackson,U.S. House,6,Republican,"Lavern ""Uturn LaVern"" Vivio",101
Jackson,Governor,NA,Democratic,Craig Fitzhugh,83
Jackson,Governor,NA,Democratic,Karl Dean,967
Jackson,Governor,NA,Democratic,Mezianne Vale Payne,49
Jackson,U.S. Senate,NA,Democratic,Gary Davis,67
Jackson,U.S. Senate,NA,Democratic,John Wolfe,56
Jackson,U.S. Senate,NA,Democratic,Phil Bredesen,993
Jackson,Governor,NA,Republican,Basil Marceaux Sr.,5
Jackson,Governor,NA,Republican,Beth Harwell,215
Jackson,Governor,NA,Republican,Bill Lee,750
Jackson,Governor,NA,Republican,Diane Black,667
Jackson,Governor,NA,Republican,Kay White,6
Jackson,Governor,NA,Republican,Randy Boyd,400
Jackson,U.S. Senate,NA,Republican,Aaron L. Pettigrew,228
Jackson,U.S. Senate,NA,Republican,Marsha Blackburn,1582
Jackson,U.S. Senate,NA,Republican,"Write-In - Tom Emerson, Jr.",0
Jackson,U.S. Senate,NA,Republican,Write-In - Tommy N. Hay,0
Jefferson,U.S. House,1,Democratic,Marty Olsen,114
Jefferson,U.S. House,1,Republican,James Brooks,102
Jefferson,U.S. House,1,Republican,Mickie Lou Banyas,54
Jefferson,U.S. House,1,Republican,Phil Roe,1204
Jefferson,U.S. House,1,Republican,Todd A. McKinley,184
Jefferson,State House,11,Democratic,Vincyl Fitzgerald II,288
Jefferson,State House,11,Republican,Greg Fodness,645
Jefferson,State House,11,Republican,Jeremy Faison,1878
Jefferson,State House,17,Democratic,Delynn McCash,620
Jefferson,State House,17,Republican,Andrew E. Farmer,3859
Jefferson,U.S. House,2,Democratic,Joseph William Schenkenfelder,60
Jefferson,U.S. House,2,Democratic,Joshua Williams,242
Jefferson,U.S. House,2,Democratic,Renee Hoyos,607
Jefferson,U.S. House,2,Republican,C. David Stansberry,60
Jefferson,U.S. House,2,Republican,Hank Hamblin,106
Jefferson,U.S. House,2,Republican,Jason Frederick Emert,145
Jefferson,U.S. House,2,Republican,Jimmy Matlock,2000
Jefferson,U.S. House,2,Republican,Sarah Ashley Nickloes,766
Jefferson,U.S. House,2,Republican,Tim Burchett,2558
Jefferson,U.S. House,2,Republican,Vito Sagliano,68
Jefferson,Circuit Court Judge Part I,4 (unexpired term),Republican,Carter S. Moore,6685
Jefferson,Circuit Court Judge Part II,4 (unexpired term),Republican,Jim Gass,6858
Jefferson,State Executive Committeeman,8,Democratic,Bill Fannon,866
Jefferson,State Executive Committeewoman,8,Democratic,Lindsey Cole Cadle,867
Jefferson,State Executive Committeeman,8,Republican,David A. Bishop,5356
Jefferson,State Executive Committeewoman,8,Republican,Betty Fain,5612
Jefferson,Governor,NA,Democratic,Craig Fitzhugh,213
Jefferson,Governor,NA,Democratic,Karl Dean,798
Jefferson,Governor,NA,Democratic,Mezianne Vale Payne,81
Jefferson,U.S. Senate,NA,Democratic,Gary Davis,38
Jefferson,U.S. Senate,NA,Democratic,John Wolfe,39
Jefferson,U.S. Senate,NA,Democratic,Phil Bredesen,1057
Jefferson,Governor,NA,Republican,Basil Marceaux Sr.,12
Jefferson,Governor,NA,Republican,Beth Harwell,1536
Jefferson,Governor,NA,Republican,Bill Lee,2649
Jefferson,Governor,NA,Republican,Diane Black,1464
Jefferson,Governor,NA,Republican,Kay White,35
Jefferson,Governor,NA,Republican,Randy Boyd,1884
Jefferson,U.S. Senate,NA,Republican,Aaron L. Pettigrew,1196
Jefferson,U.S. Senate,NA,Republican,Marsha Blackburn,5488
Jefferson,U.S. Senate,NA,Republican,"Write-In - Tom Emerson, Jr.",0
Jefferson,U.S. Senate,NA,Republican,Write-In - Tommy N. Hay,0
Johnson,U.S. House,1,Democratic,Marty Olsen,461
Johnson,U.S. House,1,Republican,James Brooks,247
Johnson,U.S. House,1,Republican,Mickie Lou Banyas,154
Johnson,U.S. House,1,Republican,Phil Roe,3029
Johnson,U.S. House,1,Republican,Todd A. McKinley,558
Johnson,District Attorney General,1 (unexpired term),Independent,Kenneth C Baldwin,3743
Johnson,State House,3,Democratic,No Candidate Qualified,0
Johnson,State House,3,Republican,Timothy Hill,3984
Johnson,State Executive Committeeman,4,Democratic,Logan Combs,364
Johnson,State Executive Committeewoman,4,Democratic,Ann A. Christ,201
Johnson,State Executive Committeewoman,4,Democratic,Lori Love,239
Johnson,State Executive Committeeman,4,Republican,Matthew Jerry Johnson,3067
Johnson,State Executive Committeewoman,4,Republican,Linda D. Buckles,3031
Johnson,Governor,NA,Democratic,Craig Fitzhugh,73
Johnson,Governor,NA,Democratic,Karl Dean,381
Johnson,Governor,NA,Democratic,Mezianne Vale Payne,73
Johnson,U.S. Senate,NA,Democratic,Gary Davis,44
Johnson,U.S. Senate,NA,Democratic,John Wolfe,45
Johnson,U.S. Senate,NA,Democratic,Phil Bredesen,467
Johnson,Governor,NA,Republican,Basil Marceaux Sr.,12
Johnson,Governor,NA,Republican,Beth Harwell,586
Johnson,Governor,NA,Republican,Bill Lee,1350
Johnson,Governor,NA,Republican,Diane Black,1031
Johnson,Governor,NA,Republican,Kay White,30
Johnson,Governor,NA,Republican,Randy Boyd,1277
Johnson,U.S. Senate,NA,Republican,Aaron L. Pettigrew,655
Johnson,U.S. Senate,NA,Republican,Marsha Blackburn,2727
Johnson,U.S. Senate,NA,Republican,"Write-In - Tom Emerson, Jr.",0
Johnson,U.S. Senate,NA,Republican,Write-In - Tommy N. Hay,0
Knox,State House,13,Democratic,Gloria Johnson,4243
Knox,State House,13,Republican,Eddie Smith,4955
Knox,State House,14,Democratic,"Alex Dunn, Jr.",1635
Knox,State House,14,Democratic,Justin Davis,1979
Knox,State House,14,Republican,Jason Zachary,10929
Knox,State House,15,Democratic,Rick Staples,3275
Knox,State House,15,Republican,No Candidate Qualified,0
Knox,State House,16,Democratic,Kate Trudell,2206
Knox,State House,16,Republican,Bill Dunn,7819
Knox,State House,18,Democratic,Greg Mackay,2415
Knox,State House,18,Democratic,Joshua Gregory,1313
Knox,State House,18,Republican,Martin B. Daniel,6535
Knox,State House,19,Democratic,Edward Nelson,1556
Knox,State House,19,Republican,Dallas E. Sivley,1756
Knox,State House,19,Republican,Dave Wright,4656
Knox,State House,19,Republican,Donald M. Wiser,959
Knox,U.S. House,2,Democratic,Joseph William Schenkenfelder,836
Knox,U.S. House,2,Democratic,Joshua Williams,5012
Knox,U.S. House,2,Democratic,Renee Hoyos,16713
Knox,U.S. House,2,Republican,C. David Stansberry,329
Knox,U.S. House,2,Republican,Hank Hamblin,328
Knox,U.S. House,2,Republican,Jason Frederick Emert,954
Knox,U.S. House,2,Republican,Jimmy Matlock,15101
Knox,U.S. House,2,Republican,Sarah Ashley Nickloes,6226
Knox,U.S. House,2,Republican,Tim Burchett,32461
Knox,U.S. House,2,Republican,Vito Sagliano,528
Knox,State Executive Committeeman,5,Democratic,Jim Hackworth,1920
Knox,State Executive Committeewoman,5,Democratic,Ebony Capshaw,1972
Knox,State Senate,5,Democratic,Stuart Starr,1917
Knox,State Executive Committeeman,5,Republican,Richard Esparza,1353
Knox,State Executive Committeeman,5,Republican,Scott Smith,4416
Knox,State Executive Committeewoman,5,Republican,Amy Jones,5688
Knox,State Senate,5,Republican,Randy McNally,6347
Knox,State Executive Committeeman,6,Democratic,Daniel Brown,9388
Knox,State Executive Committeewoman,6,Democratic,Sylvia S. Woods,9410
Knox,State Executive Committeeman,6,Republican,Matthew Coleman,10108
Knox,State Executive Committeeman,6,Republican,Ted Hatfield,8119
Knox,State Executive Committeewoman,6,Republican,Michele M. Carringer,19777
Knox,State Executive Committeeman,7,Democratic,Mark D. Harmon,9349
Knox,State Executive Committeewoman,7,Democratic,Emily Gregg,9363
Knox,State Senate,7,Democratic,Jamie Ballinger,9319
Knox,State Executive Committeeman,7,Republican,James E Corcoran,17962
Knox,State Executive Committeewoman,7,Republican,Jane Chedester,17723
Knox,State Senate,7,Republican,Richard Briggs,19166
Knox,State House,89,Democratic,Coleen Martinez,2290
Knox,State House,89,Democratic,Keifel A. Agostini,463
Knox,State House,89,Republican,Guy L. Smoak,1029
Knox,State House,89,Republican,Jesse D. Nelson,1019
Knox,State House,89,Republican,Justin Lafferty,2734
Knox,State House,89,Republican,Stacey Campfield,1929
Knox,State House,89,Republican,Tim Hutchison,2322
Knox,Governor,NA,Democratic,Craig Fitzhugh,5235
Knox,Governor,NA,Democratic,Karl Dean,16465
Knox,Governor,NA,Democratic,Mezianne Vale Payne,1508
Knox,U.S. Senate,NA,Democratic,Gary Davis,901
Knox,U.S. Senate,NA,Democratic,John Wolfe,781
Knox,U.S. Senate,NA,Democratic,Phil Bredesen,21931
Knox,Governor,NA,Republican,Basil Marceaux Sr.,108
Knox,Governor,NA,Republican,Beth Harwell,9684
Knox,Governor,NA,Republican,Bill Lee,15142
Knox,Governor,NA,Republican,Diane Black,9723
Knox,Governor,NA,Republican,Kay White,206
Knox,Governor,NA,Republican,Randy Boyd,21651
Knox,U.S. Senate,NA,Republican,Aaron L. Pettigrew,9751
Knox,U.S. Senate,NA,Republican,Marsha Blackburn,42217
Knox,U.S. Senate,NA,Republican,"Write-In - Tom Emerson, Jr.",0
Knox,U.S. Senate,NA,Republican,Write-In - Tommy N. Hay,0
Lake,State Executive Committeeman,27,Democratic,Ernest Brooks II,192
Lake,State Executive Committeeman,27,Democratic,Jim Midyett,97
Lake,State Executive Committeewoman,27,Democratic,Jeanne R. Guidi,129
Lake,State Executive Committeewoman,27,Democratic,Patsy Garey Johnson,176
Lake,State Senate,27,Democratic,Jackie Williams,102
Lake,State Senate,27,Democratic,"John H. York, Jr.",102
Lake,State Senate,27,Democratic,Savannah Williamson,111
Lake,State Executive Committeeman,27,Republican,Coley Richard Archie,246
Lake,State Executive Committeeman,27,Republican,Steve Maroney,348
Lake,State Executive Committeewoman,27,Republican,Shannon Haynes,579
Lake,State Senate,27,Republican,Brandon Dodds,334
Lake,State Senate,27,Republican,Ed Jackson,510
Lake,District Attorney General,29 (unexpired term),Independent,"Danny H. Goodman, Jr.",1401
Lake,District Attorney General,29 (unexpired term),Independent,Jim W. Horner,317
Lake,State House,77,Democratic,No Candidate Qualified,0
Lake,State House,77,Republican,Bill Sanderson,849
Lake,U.S. House,8,Democratic,Erika Stotts Pearson,126
Lake,U.S. House,8,Democratic,John Boatner,182
Lake,U.S. House,8,Republican,Colleen Owens,51
Lake,U.S. House,8,Republican,David Kustoff,412
Lake,U.S. House,8,Republican,"George S. Flinn, Jr.",425
Lake,Governor,NA,Democratic,Craig Fitzhugh,165
Lake,Governor,NA,Democratic,Karl Dean,142
Lake,Governor,NA,Democratic,Mezianne Vale Payne,54
Lake,U.S. Senate,NA,Democratic,Gary Davis,48
Lake,U.S. Senate,NA,Democratic,John Wolfe,29
Lake,U.S. Senate,NA,Democratic,Phil Bredesen,315
Lake,Governor,NA,Republican,Basil Marceaux Sr.,1
Lake,Governor,NA,Republican,Beth Harwell,21
Lake,Governor,NA,Republican,Bill Lee,261
Lake,Governor,NA,Republican,Diane Black,150
Lake,Governor,NA,Republican,Kay White,4
Lake,Governor,NA,Republican,Randy Boyd,545
Lake,U.S. Senate,NA,Republican,Aaron L. Pettigrew,184
Lake,U.S. Senate,NA,Republican,Marsha Blackburn,618
Lake,U.S. Senate,NA,Republican,"Write-In - Tom Emerson, Jr.",0
Lake,U.S. Senate,NA,Republican,Write-In - Tommy N. Hay,0
Lauderdale,District Attorney General,25 (unexpired term),Independent,Mark E. Davidson,3005
Lauderdale,State Executive Committeeman,27,Democratic,Ernest Brooks II,884
Lauderdale,State Executive Committeeman,27,Democratic,Jim Midyett,272
Lauderdale,State Executive Committeewoman,27,Democratic,Jeanne R. Guidi,393
Lauderdale,State Executive Committeewoman,27,Democratic,Patsy Garey Johnson,830
Lauderdale,State Senate,27,Democratic,Jackie Williams,754
Lauderdale,State Senate,27,Democratic,"John H. York, Jr.",207
Lauderdale,State Senate,27,Democratic,Savannah Williamson,279
Lauderdale,State Executive Committeeman,27,Republican,Coley Richard Archie,515
Lauderdale,State Executive Committeeman,27,Republican,Steve Maroney,959
Lauderdale,State Executive Committeewoman,27,Republican,Shannon Haynes,1479
Lauderdale,State Senate,27,Republican,Brandon Dodds,400
Lauderdale,State Senate,27,Republican,Ed Jackson,1562
Lauderdale,U.S. House,8,Democratic,Erika Stotts Pearson,603
Lauderdale,U.S. House,8,Democratic,John Boatner,693
Lauderdale,U.S. House,8,Republican,Colleen Owens,66
Lauderdale,U.S. House,8,Republican,David Kustoff,1313
Lauderdale,U.S. House,8,Republican,"George S. Flinn, Jr.",809
Lauderdale,State House,82,Democratic,Andrea Bond-Johnson,1297
Lauderdale,State House,82,Democratic,Robert A Harris,474
Lauderdale,State House,82,Republican,Andy Cole,365
Lauderdale,State House,82,Republican,Chris Hurt,1734
Lauderdale,Governor,NA,Democratic,Craig Fitzhugh,1705
Lauderdale,Governor,NA,Democratic,Karl Dean,124
Lauderdale,Governor,NA,Democratic,Mezianne Vale Payne,34
Lauderdale,U.S. Senate,NA,Democratic,Gary Davis,138
Lauderdale,U.S. Senate,NA,Democratic,John Wolfe,65
Lauderdale,U.S. Senate,NA,Democratic,Phil Bredesen,1459
Lauderdale,Governor,NA,Republican,Basil Marceaux Sr.,1
Lauderdale,Governor,NA,Republican,Beth Harwell,223
Lauderdale,Governor,NA,Republican,Bill Lee,550
Lauderdale,Governor,NA,Republican,Diane Black,530
Lauderdale,Governor,NA,Republican,Kay White,5
Lauderdale,Governor,NA,Republican,Randy Boyd,931
Lauderdale,U.S. Senate,NA,Republican,Aaron L. Pettigrew,259
Lauderdale,U.S. Senate,NA,Republican,Marsha Blackburn,1714
Lauderdale,U.S. Senate,NA,Republican,"Write-In - Tom Emerson, Jr.",0
Lauderdale,U.S. Senate,NA,Republican,Write-In - Tommy N. Hay,0
Lawrence,State Executive Committeeman,28,Democratic,Write-In - Seth J. Campbell,1
Lawrence,State Executive Committeewoman,28,Democratic,Write-In - Pame Moore Morrow,4
Lawrence,State Executive Committeeman,28,Republican,Jim Looney,4935
Lawrence,State Executive Committeewoman,28,Republican,Angie McClanahan,4335
Lawrence,U.S. House,7,Democratic,Justin Kanew,1057
Lawrence,U.S. House,7,Democratic,Matt Reel,617
Lawrence,U.S. House,7,Republican,Mark E. Green,4416
Lawrence,State House,70,Democratic,Jessica B. Yokley,1204
Lawrence,State House,70,Republican,Barry Doss,3498
Lawrence,State House,70,Republican,Clay Doggett,2286
Lawrence,State House,71,Democratic,Frankie G. Floied,155
Lawrence,State House,71,Republican,"David ""Coach"" Byrd",840
Lawrence,Governor,NA,Democratic,Craig Fitzhugh,238
Lawrence,Governor,NA,Democratic,Karl Dean,1634
Lawrence,Governor,NA,Democratic,Mezianne Vale Payne,57
Lawrence,U.S. Senate,NA,Democratic,Gary Davis,89
Lawrence,U.S. Senate,NA,Democratic,John Wolfe,59
Lawrence,U.S. Senate,NA,Democratic,Phil Bredesen,1817
Lawrence,Governor,NA,Republican,Basil Marceaux Sr.,10
Lawrence,Governor,NA,Republican,Beth Harwell,792
Lawrence,Governor,NA,Republican,Bill Lee,2490
Lawrence,Governor,NA,Republican,Diane Black,1685
Lawrence,Governor,NA,Republican,Kay White,16
Lawrence,Governor,NA,Republican,Randy Boyd,1838
Lawrence,U.S. Senate,NA,Republican,Aaron L. Pettigrew,896
Lawrence,U.S. Senate,NA,Republican,Marsha Blackburn,5301
Lawrence,U.S. Senate,NA,Republican,"Write-In - Tom Emerson, Jr.",0
Lawrence,U.S. Senate,NA,Republican,Write-In - Tommy N. Hay,0
Lewis,State Executive Committeeman,28,Democratic,Write-In - Seth J. Campbell,54
Lewis,State Executive Committeewoman,28,Democratic,Write-In - Pame Moore Morrow,66
Lewis,State Executive Committeeman,28,Republican,Jim Looney,1793
Lewis,State Executive Committeewoman,28,Republican,Angie McClanahan,1806
Lewis,U.S. House,7,Democratic,Justin Kanew,394
Lewis,U.S. House,7,Democratic,Matt Reel,179
Lewis,U.S. House,7,Republican,Mark E. Green,1940
Lewis,State House,71,Democratic,Frankie G. Floied,566
Lewis,State House,71,Republican,"David ""Coach"" Byrd",2125
Lewis,Governor,NA,Democratic,Craig Fitzhugh,71
Lewis,Governor,NA,Democratic,Karl Dean,571
Lewis,Governor,NA,Democratic,Mezianne Vale Payne,16
Lewis,U.S. Senate,NA,Democratic,Gary Davis,25
Lewis,U.S. Senate,NA,Democratic,John Wolfe,14
Lewis,U.S. Senate,NA,Democratic,Phil Bredesen,625
Lewis,Governor,NA,Republican,Basil Marceaux Sr.,4
Lewis,Governor,NA,Republican,Beth Harwell,329
Lewis,Governor,NA,Republican,Bill Lee,879
Lewis,Governor,NA,Republican,Diane Black,638
Lewis,Governor,NA,Republican,Kay White,5
Lewis,Governor,NA,Republican,Randy Boyd,603
Lewis,U.S. Senate,NA,Republican,Aaron L. Pettigrew,297
Lewis,U.S. Senate,NA,Republican,Marsha Blackburn,2024
Lewis,U.S. Senate,NA,Republican,"Write-In - Tom Emerson, Jr.",0
Lewis,U.S. Senate,NA,Republican,Write-In - Tommy N. Hay,0
Lincoln,State Executive Committeeman,14,Democratic,Mark Farrar,885
Lincoln,State Executive Committeewoman,14,Democratic,Tanea McClean,878
Lincoln,State Executive Committeeman,14,Republican,Jim Sandman,3484
Lincoln,State Executive Committeewoman,14,Republican,Lynne Davis,3516
Lincoln,Circuit Court Judge Part II,17 (unexpired term),Independent,Wyatt Burk,4434
Lincoln,U.S. House,4,Democratic,Christopher J. Hale,324
Lincoln,U.S. House,4,Democratic,Mariah Phillips,430
Lincoln,U.S. House,4,Democratic,Steven Reynolds,161
Lincoln,U.S. House,4,Republican,Jack Maddux,857
Lincoln,U.S. House,4,Republican,Scott DesJarlais,3141
Lincoln,State House,62,Democratic,Marty Davis,536
Lincoln,State House,62,Republican,Pat Marsh,1917
Lincoln,State House,92,Democratic,"C.S. ""Scott"" Coffey",352
Lincoln,State House,92,Republican,Billy Spivey,829
Lincoln,State House,92,Republican,Rick Tillis,1179
Lincoln,Governor,NA,Democratic,Craig Fitzhugh,192
Lincoln,Governor,NA,Democratic,Karl Dean,655
Lincoln,Governor,NA,Democratic,Mezianne Vale Payne,111
Lincoln,U.S. Senate,NA,Democratic,Gary Davis,83
Lincoln,U.S. Senate,NA,Democratic,John Wolfe,49
Lincoln,U.S. Senate,NA,Democratic,Phil Bredesen,851
Lincoln,Governor,NA,Republican,Basil Marceaux Sr.,8
Lincoln,Governor,NA,Republican,Beth Harwell,315
Lincoln,Governor,NA,Republican,Bill Lee,1370
Lincoln,Governor,NA,Republican,Diane Black,1184
Lincoln,Governor,NA,Republican,Kay White,48
Lincoln,Governor,NA,Republican,Randy Boyd,1140
Lincoln,U.S. Senate,NA,Republican,Aaron L. Pettigrew,613
Lincoln,U.S. Senate,NA,Republican,Marsha Blackburn,3260
Lincoln,U.S. Senate,NA,Republican,"Write-In - Tom Emerson, Jr.",0
Lincoln,U.S. Senate,NA,Republican,Write-In - Tommy N. Hay,0
Loudon,U.S. House,2,Democratic,Joseph William Schenkenfelder,75
Loudon,U.S. House,2,Democratic,Joshua Williams,373
Loudon,U.S. House,2,Democratic,Renee Hoyos,990
Loudon,U.S. House,2,Republican,C. David Stansberry,45
Loudon,U.S. House,2,Republican,Hank Hamblin,58
Loudon,U.S. House,2,Republican,Jason Frederick Emert,114
Loudon,U.S. House,2,Republican,Jimmy Matlock,7550
Loudon,U.S. House,2,Republican,Sarah Ashley Nickloes,820
Loudon,U.S. House,2,Republican,Tim Burchett,2021
Loudon,U.S. House,2,Republican,Vito Sagliano,45
Loudon,State House,21,Democratic,Laura Miller,959
Loudon,State House,21,Republican,Doyle Arp,1742
Loudon,State House,21,Republican,Lowell Russell,2292
Loudon,State House,21,Republican,Tony R. Aikens,3453
Loudon,State House,32,Democratic,Mary Ellen Blencoe,314
Loudon,State House,32,Republican,Kent Calfee,2283
Loudon,State Executive Committeeman,5,Democratic,Jim Hackworth,1250
Loudon,State Executive Committeewoman,5,Democratic,Ebony Capshaw,1271
Loudon,State Senate,5,Democratic,Stuart Starr,1249
Loudon,State Executive Committeeman,5,Republican,Richard Esparza,1625
Loudon,State Executive Committeeman,5,Republican,Scott Smith,6163
Loudon,State Executive Committeewoman,5,Republican,Amy Jones,7952
Loudon,State Senate,5,Republican,Randy McNally,8528
Loudon,Governor,NA,Democratic,Craig Fitzhugh,248
Loudon,Governor,NA,Democratic,Karl Dean,1154
Loudon,Governor,NA,Democratic,Mezianne Vale Payne,81
Loudon,U.S. Senate,NA,Democratic,Gary Davis,36
Loudon,U.S. Senate,NA,Democratic,John Wolfe,45
Loudon,U.S. Senate,NA,Democratic,Phil Bredesen,1455
Loudon,Governor,NA,Republican,Basil Marceaux Sr.,19
Loudon,Governor,NA,Republican,Beth Harwell,1993
Loudon,Governor,NA,Republican,Bill Lee,3419
Loudon,Governor,NA,Republican,Diane Black,2174
Loudon,Governor,NA,Republican,Kay White,49
Loudon,Governor,NA,Republican,Randy Boyd,3012
Loudon,U.S. Senate,NA,Republican,Aaron L. Pettigrew,1438
Loudon,U.S. Senate,NA,Republican,Marsha Blackburn,8121
Loudon,U.S. Senate,NA,Republican,"Write-In - Tom Emerson, Jr.",0
Loudon,U.S. Senate,NA,Republican,Write-In - Tommy N. Hay,0
Macon,State Executive Committeeman,17,Democratic,Aubrey T. Givens,460
Macon,State Executive Committeewoman,17,Democratic,Carol Brown Andrews,478
Macon,State Senate,17,Democratic,Mary Alice Carfi,487
Macon,State Executive Committeeman,17,Republican,Dwayne Craighead,1044
Macon,State Executive Committeeman,17,Republican,Jerry Beavers,1997
Macon,State Executive Committeewoman,17,Republican,Jennifer Franklin Winfree,1112
Macon,State Executive Committeewoman,17,Republican,Terri Nicholson,1753
Macon,State Senate,17,Republican,Mark Pody,3254
Macon,State House,38,Democratic,Carol Venea' Abney,472
Macon,State House,38,Republican,Kelly T Keisling,3642
Macon,U.S. House,6,Democratic,Christopher Martin Finley,102
Macon,U.S. House,6,Democratic,Dawn Barlow,296
Macon,U.S. House,6,Democratic,Merrilee Wineinger,68
Macon,U.S. House,6,Democratic,Peter Heffernan,44
Macon,U.S. House,6,Republican,Bob Corlew,1545
Macon,U.S. House,6,Republican,Christopher Brian Monday,59
Macon,U.S. House,6,Republican,John Rose,2106
Macon,U.S. House,6,Republican,Judd Matheny,281
Macon,U.S. House,6,Republican,"Lavern ""Uturn LaVern"" Vivio",150
Macon,Governor,NA,Democratic,Craig Fitzhugh,40
Macon,Governor,NA,Democratic,Karl Dean,641
Macon,Governor,NA,Democratic,Mezianne Vale Payne,18
Macon,U.S. Senate,NA,Democratic,Gary Davis,29
Macon,U.S. Senate,NA,Democratic,John Wolfe,25
Macon,U.S. Senate,NA,Democratic,Phil Bredesen,661
Macon,Governor,NA,Republican,Basil Marceaux Sr.,7
Macon,Governor,NA,Republican,Beth Harwell,435
Macon,Governor,NA,Republican,Bill Lee,1908
Macon,Governor,NA,Republican,Diane Black,1406
Macon,Governor,NA,Republican,Kay White,11
Macon,Governor,NA,Republican,Randy Boyd,895
Macon,U.S. Senate,NA,Republican,Aaron L. Pettigrew,464
Macon,U.S. Senate,NA,Republican,Marsha Blackburn,3551
Macon,U.S. Senate,NA,Republican,"Write-In - Tom Emerson, Jr.",0
Macon,U.S. Senate,NA,Republican,Write-In - Tommy N. Hay,0
Madison,District Attorney General,26 (unexpired term),Republican,Jody Pickens,13252
Madison,State Executive Committeeman,27,Democratic,Ernest Brooks II,5394
Madison,State Executive Committeeman,27,Democratic,Jim Midyett,727
Madison,State Executive Committeewoman,27,Democratic,Jeanne R. Guidi,2231
Madison,State Executive Committeewoman,27,Democratic,Patsy Garey Johnson,3121
Madison,State Senate,27,Democratic,Jackie Williams,2215
Madison,State Senate,27,Democratic,"John H. York, Jr.",578
Madison,State Senate,27,Democratic,Savannah Williamson,2810
Madison,State Executive Committeeman,27,Republican,Coley Richard Archie,1621
Madison,State Executive Committeeman,27,Republican,Steve Maroney,7613
Madison,State Executive Committeewoman,27,Republican,Shannon Haynes,8285
Madison,State Senate,27,Republican,Brandon Dodds,2113
Madison,State Senate,27,Republican,Ed Jackson,8439
Madison,State House,73,Democratic,James A. Baxter,1790
Madison,State House,73,Democratic,T. Robert Hill,1406
Madison,State House,73,Republican,Chris Todd,5099
Madison,State House,73,Republican,Jay Bush,4017
Madison,State House,73,Republican,Joe Coury,146
Madison,U.S. House,8,Democratic,Erika Stotts Pearson,2997
Madison,U.S. House,8,Democratic,John Boatner,2527
Madison,U.S. House,8,Republican,Colleen Owens,664
Madison,U.S. House,8,Republican,David Kustoff,5723
Madison,U.S. House,8,Republican,"George S. Flinn, Jr.",4458
Madison,State House,80,Democratic,Johnny W. Shaw,2987
Madison,State House,80,Republican,No Candidate Qualified,0
Madison,Governor,NA,Democratic,Craig Fitzhugh,1926
Madison,Governor,NA,Democratic,Karl Dean,3546
Madison,Governor,NA,Democratic,Mezianne Vale Payne,470
Madison,U.S. Senate,NA,Democratic,Gary Davis,400
Madison,U.S. Senate,NA,Democratic,John Wolfe,423
Madison,U.S. Senate,NA,Democratic,Phil Bredesen,5421
Madison,Governor,NA,Republican,Basil Marceaux Sr.,17
Madison,Governor,NA,Republican,Beth Harwell,627
Madison,Governor,NA,Republican,Bill Lee,4113
Madison,Governor,NA,Republican,Diane Black,2304
Madison,Governor,NA,Republican,Kay White,20
Madison,Governor,NA,Republican,Randy Boyd,4021
Madison,U.S. Senate,NA,Republican,Aaron L. Pettigrew,1445
Madison,U.S. Senate,NA,Republican,Marsha Blackburn,9012
Madison,U.S. Senate,NA,Republican,"Write-In - Tom Emerson, Jr.",0
Madison,U.S. Senate,NA,Republican,Write-In - Tommy N. Hay,0
Marion,Chancellor,12 (unexpired term),Independent,David L. Stewart,1178
Marion,Chancellor,12 (unexpired term),Republican,Missy Thomas Blevins,3471
Marion,State Executive Committeeman,16,Democratic,Bobby E. Bush Jr.,516
Marion,State Executive Committeeman,16,Democratic,Robin B. Smith,862
Marion,State Executive Committeewoman,16,Democratic,Betty Newman Fraley,827
Marion,State Executive Committeewoman,16,Democratic,Rupa Blackwell,511
Marion,State Executive Committeeman,16,Republican,Jerry Anderson,2261
Marion,State Executive Committeewoman,16,Republican,Amanda Angel,1244
Marion,State Executive Committeewoman,16,Republican,Joanne P. Davis,1089
Marion,State House,39,Democratic,"Sharon ""Layne"" Adams",623
Marion,State House,39,Republican,Iris Rudder,283
Marion,State House,39,Republican,"Richard ""R.C."" Helton",845
Marion,State House,39,Republican,Sloan Andrew Stewart,315
Marion,U.S. House,4,Democratic,Christopher J. Hale,438
Marion,U.S. House,4,Democratic,Mariah Phillips,765
Marion,U.S. House,4,Democratic,Steven Reynolds,317
Marion,U.S. House,4,Republican,Jack Maddux,608
Marion,U.S. House,4,Republican,Scott DesJarlais,2431
Marion,State House,92,Democratic,"C.S. ""Scott"" Coffey",738
Marion,State House,92,Republican,Billy Spivey,699
Marion,State House,92,Republican,Rick Tillis,686
Marion,Governor,NA,Democratic,Craig Fitzhugh,282
Marion,Governor,NA,Democratic,Karl Dean,1175
Marion,Governor,NA,Democratic,Mezianne Vale Payne,94
Marion,U.S. Senate,NA,Democratic,Gary Davis,103
Marion,U.S. Senate,NA,Democratic,John Wolfe,64
Marion,U.S. Senate,NA,Democratic,Phil Bredesen,1452
Marion,Governor,NA,Republican,Basil Marceaux Sr.,5
Marion,Governor,NA,Republican,Beth Harwell,385
Marion,Governor,NA,Republican,Bill Lee,1212
Marion,Governor,NA,Republican,Diane Black,926
Marion,Governor,NA,Republican,Kay White,11
Marion,Governor,NA,Republican,Randy Boyd,559
Marion,U.S. Senate,NA,Republican,Aaron L. Pettigrew,457
Marion,U.S. Senate,NA,Republican,Marsha Blackburn,2389
Marion,U.S. Senate,NA,Republican,"Write-In - Tom Emerson, Jr.",0
Marion,U.S. Senate,NA,Republican,Write-In - Tommy N. Hay,0
Marshall,State Executive Committeeman,14,Democratic,Mark Farrar,1192
Marshall,State Executive Committeewoman,14,Democratic,Tanea McClean,1213
Marshall,State Executive Committeeman,14,Republican,Jim Sandman,3601
Marshall,State Executive Committeewoman,14,Republican,Lynne Davis,3659
Marshall,Circuit Court Judge Part II,17 (unexpired term),Independent,Wyatt Burk,5036
Marshall,U.S. House,4,Democratic,Christopher J. Hale,451
Marshall,U.S. House,4,Democratic,Mariah Phillips,656
Marshall,U.S. House,4,Democratic,Steven Reynolds,221
Marshall,U.S. House,4,Republican,Jack Maddux,1410
Marshall,U.S. House,4,Republican,Scott DesJarlais,3142
Marshall,State House,92,Democratic,"C.S. ""Scott"" Coffey",1199
Marshall,State House,92,Republican,Billy Spivey,2028
Marshall,State House,92,Republican,Rick Tillis,2881
Marshall,Governor,NA,Democratic,Craig Fitzhugh,99
Marshall,Governor,NA,Democratic,Karl Dean,1395
Marshall,Governor,NA,Democratic,Mezianne Vale Payne,40
Marshall,U.S. Senate,NA,Democratic,Gary Davis,83
Marshall,U.S. Senate,NA,Democratic,John Wolfe,35
Marshall,U.S. Senate,NA,Democratic,Phil Bredesen,1409
Marshall,Governor,NA,Republican,Basil Marceaux Sr.,3
Marshall,Governor,NA,Republican,Beth Harwell,642
Marshall,Governor,NA,Republican,Bill Lee,2595
Marshall,Governor,NA,Republican,Diane Black,764
Marshall,Governor,NA,Republican,Kay White,13
Marshall,Governor,NA,Republican,Randy Boyd,977
Marshall,U.S. Senate,NA,Republican,Aaron L. Pettigrew,715
Marshall,U.S. Senate,NA,Republican,Marsha Blackburn,3926
Marshall,U.S. Senate,NA,Republican,"Write-In - Tom Emerson, Jr.",0
Marshall,U.S. Senate,NA,Republican,Write-In - Tommy N. Hay,0
Maury,State Executive Committeeman,28,Democratic,Write-In - Seth J. Campbell,107
Maury,State Executive Committeewoman,28,Democratic,Write-In - Pame Moore Morrow,111
Maury,State Executive Committeeman,28,Republican,Jim Looney,10301
Maury,State Executive Committeewoman,28,Republican,Angie McClanahan,10573
Maury,U.S. House,4,Democratic,Christopher J. Hale,1208
Maury,U.S. House,4,Democratic,Mariah Phillips,1398
Maury,U.S. House,4,Democratic,Steven Reynolds,571
Maury,U.S. House,4,Republican,Jack Maddux,2484
Maury,U.S. House,4,Republican,Scott DesJarlais,6712
Maury,State House,64,Democratic,A. J. Holmes,3080
Maury,State House,64,Republican,Michael A. Fulbright,5077
Maury,State House,64,Republican,Scott E. Cepicky,5789
Maury,State House,69,Democratic,Eddie Johnson,1000
Maury,State House,69,Republican,Michael G. Curcio,1672
Maury,U.S. House,7,Democratic,Justin Kanew,642
Maury,U.S. House,7,Democratic,Matt Reel,511
Maury,U.S. House,7,Republican,Mark E. Green,2907
Maury,Governor,NA,Democratic,Craig Fitzhugh,659
Maury,Governor,NA,Democratic,Karl Dean,4042
Maury,Governor,NA,Democratic,Mezianne Vale Payne,185
Maury,U.S. Senate,NA,Democratic,Gary Davis,209
Maury,U.S. Senate,NA,Democratic,John Wolfe,124
Maury,U.S. Senate,NA,Democratic,Phil Bredesen,4590
Maury,Governor,NA,Republican,Basil Marceaux Sr.,20
Maury,Governor,NA,Republican,Beth Harwell,2007
Maury,Governor,NA,Republican,Bill Lee,6614
Maury,Governor,NA,Republican,Diane Black,2515
Maury,Governor,NA,Republican,Kay White,43
Maury,Governor,NA,Republican,Randy Boyd,2396
Maury,U.S. Senate,NA,Republican,Aaron L. Pettigrew,1625
Maury,U.S. Senate,NA,Republican,Marsha Blackburn,11341
Maury,U.S. Senate,NA,Republican,"Write-In - Tom Emerson, Jr.",0
Maury,U.S. Senate,NA,Republican,Write-In - Tommy N. Hay,0
McMinn,State House,23,Democratic,Brad W. Hartley,956
McMinn,State House,23,Republican,"Donald (Trey) Winder, III",3367
McMinn,State House,23,Republican,Mark Cochran,4198
McMinn,U.S. House,3,Democratic,Danielle Mitchell,990
McMinn,U.S. House,3,Republican,Chuck Fleischmann,5566
McMinn,U.S. House,3,Republican,Harold E. Shevlin,152
McMinn,U.S. House,3,Republican,Jeremy Massengale,1044
McMinn,U.S. House,3,Republican,"William E. Spurlock, Sr.",279
McMinn,State Executive Committeeman,9,Democratic,Jackson Rogers,324
McMinn,State Executive Committeeman,9,Democratic,Stephen Miller,545
McMinn,State Executive Committeewoman,9,Democratic,Pamela Weston,874
McMinn,State Senate,9,Democratic,Carl Lansden,956
McMinn,State Executive Committeeman,9,Republican,Donald E. Weiss,2527
McMinn,State Executive Committeeman,9,Republican,John S. Stanbery,3407
McMinn,State Executive Committeewoman,9,Republican,Judy Bowman Cooley,3931
McMinn,State Executive Committeewoman,9,Republican,Julia Atchley-Pace,2183
McMinn,State Senate,9,Republican,Mike Bell,6895
McMinn,Governor,NA,Democratic,Craig Fitzhugh,242
McMinn,Governor,NA,Democratic,Karl Dean,789
McMinn,Governor,NA,Democratic,Mezianne Vale Payne,75
McMinn,U.S. Senate,NA,Democratic,Gary Davis,52
McMinn,U.S. Senate,NA,Democratic,John Wolfe,46
McMinn,U.S. Senate,NA,Democratic,Phil Bredesen,1079
McMinn,Governor,NA,Republican,Basil Marceaux Sr.,15
McMinn,Governor,NA,Republican,Beth Harwell,1067
McMinn,Governor,NA,Republican,Bill Lee,3618
McMinn,Governor,NA,Republican,Diane Black,1558
McMinn,Governor,NA,Republican,Kay White,23
McMinn,Governor,NA,Republican,Randy Boyd,1341
McMinn,U.S. Senate,NA,Republican,Aaron L. Pettigrew,1110
McMinn,U.S. Senate,NA,Republican,Marsha Blackburn,5726
McMinn,U.S. Senate,NA,Republican,"Write-In - Tom Emerson, Jr.",0
McMinn,U.S. Senate,NA,Republican,Write-In - Tommy N. Hay,0
McNairy,District Attorney General,25 (unexpired term),Independent,Mark E. Davidson,4715
McNairy,State Executive Committeeman,26,Democratic,Toney G. Campbell,1016
McNairy,State Executive Committeewoman,26,Democratic,Meryl Rice,1048
McNairy,State Executive Committeeman,26,Republican,Kurt Holbert,3606
McNairy,State Executive Committeewoman,26,Republican,Kathryn Bryson,3588
McNairy,U.S. House,7,Democratic,Justin Kanew,585
McNairy,U.S. House,7,Democratic,Matt Reel,504
McNairy,U.S. House,7,Republican,Mark E. Green,3701
McNairy,State House,94,Democratic,Terry S. Saine,1019
McNairy,State House,94,Republican,Ron M. Gant,3853
McNairy,Governor,NA,Democratic,Craig Fitzhugh,290
McNairy,Governor,NA,Democratic,Karl Dean,764
McNairy,Governor,NA,Democratic,Mezianne Vale Payne,68
McNairy,U.S. Senate,NA,Democratic,Gary Davis,70
McNairy,U.S. Senate,NA,Democratic,John Wolfe,44
McNairy,U.S. Senate,NA,Democratic,Phil Bredesen,1062
McNairy,Governor,NA,Republican,Basil Marceaux Sr.,4
McNairy,Governor,NA,Republican,Beth Harwell,448
McNairy,Governor,NA,Republican,Bill Lee,1158
McNairy,Governor,NA,Republican,Diane Black,1077
McNairy,Governor,NA,Republican,Kay White,12
McNairy,Governor,NA,Republican,Randy Boyd,1496
McNairy,U.S. Senate,NA,Republican,Aaron L. Pettigrew,505
McNairy,U.S. Senate,NA,Republican,Marsha Blackburn,3589
McNairy,U.S. Senate,NA,Republican,"Write-In - Tom Emerson, Jr.",0
McNairy,U.S. Senate,NA,Republican,Write-In - Tommy N. Hay,0
Meigs,State House,22,Democratic,No Candidate Qualified,0
Meigs,State House,22,Republican,Dan Howell,1594
Meigs,U.S. House,4,Democratic,Christopher J. Hale,153
Meigs,U.S. House,4,Democratic,Mariah Phillips,180
Meigs,U.S. House,4,Democratic,Steven Reynolds,165
Meigs,U.S. House,4,Republican,Jack Maddux,618
Meigs,U.S. House,4,Republican,Scott DesJarlais,1090
Meigs,State Executive Committeeman,9,Democratic,Jackson Rogers,145
Meigs,State Executive Committeeman,9,Democratic,Stephen Miller,278
Meigs,State Executive Committeewoman,9,Democratic,Pamela Weston,408
Meigs,State Senate,9,Democratic,Carl Lansden,384
Meigs,State Executive Committeeman,9,Republican,Donald E. Weiss,470
Meigs,State Executive Committeeman,9,Republican,John S. Stanbery,979
Meigs,State Executive Committeewoman,9,Republican,Judy Bowman Cooley,836
Meigs,State Executive Committeewoman,9,Republican,Julia Atchley-Pace,654
Meigs,State Senate,9,Republican,Mike Bell,1583
Meigs,Governor,NA,Democratic,Craig Fitzhugh,116
Meigs,Governor,NA,Democratic,Karl Dean,408
Meigs,Governor,NA,Democratic,Mezianne Vale Payne,34
Meigs,U.S. Senate,NA,Democratic,Gary Davis,47
Meigs,U.S. Senate,NA,Democratic,John Wolfe,29
Meigs,U.S. Senate,NA,Democratic,Phil Bredesen,531
Meigs,Governor,NA,Republican,Basil Marceaux Sr.,2
Meigs,Governor,NA,Republican,Beth Harwell,275
Meigs,Governor,NA,Republican,Bill Lee,798
Meigs,Governor,NA,Republican,Diane Black,485
Meigs,Governor,NA,Republican,Kay White,7
Meigs,Governor,NA,Republican,Randy Boyd,420
Meigs,U.S. Senate,NA,Republican,Aaron L. Pettigrew,247
Meigs,U.S. Senate,NA,Republican,Marsha Blackburn,1398
Meigs,U.S. Senate,NA,Republican,"Write-In - Tom Emerson, Jr.",0
Meigs,U.S. Senate,NA,Republican,Write-In - Tommy N. Hay,0
Monroe,State House,21,Democratic,Laura Miller,1002
Monroe,State House,21,Republican,Doyle Arp,545
Monroe,State House,21,Republican,Lowell Russell,3237
Monroe,State House,21,Republican,Tony R. Aikens,1053
Monroe,State House,23,Democratic,Brad W. Hartley,496
Monroe,State House,23,Republican,"Donald (Trey) Winder, III",849
Monroe,State House,23,Republican,Mark Cochran,1822
Monroe,U.S. House,3,Democratic,Danielle Mitchell,1513
Monroe,U.S. House,3,Republican,Chuck Fleischmann,5690
Monroe,U.S. House,3,Republican,Harold E. Shevlin,197
Monroe,U.S. House,3,Republican,Jeremy Massengale,868
Monroe,U.S. House,3,Republican,"William E. Spurlock, Sr.",333
Monroe,State Executive Committeeman,9,Democratic,Jackson Rogers,360
Monroe,State Executive Committeeman,9,Democratic,Stephen Miller,1071
Monroe,State Executive Committeewoman,9,Democratic,Pamela Weston,1300
Monroe,State Senate,9,Democratic,Carl Lansden,1473
Monroe,State Executive Committeeman,9,Republican,Donald E. Weiss,3269
Monroe,State Executive Committeeman,9,Republican,John S. Stanbery,3039
Monroe,State Executive Committeewoman,9,Republican,Judy Bowman Cooley,1862
Monroe,State Executive Committeewoman,9,Republican,Julia Atchley-Pace,4414
Monroe,State Senate,9,Republican,Mike Bell,6796
Monroe,Governor,NA,Democratic,Craig Fitzhugh,315
Monroe,Governor,NA,Democratic,Karl Dean,1312
Monroe,Governor,NA,Democratic,Mezianne Vale Payne,97
Monroe,U.S. Senate,NA,Democratic,Gary Davis,90
Monroe,U.S. Senate,NA,Democratic,John Wolfe,79
Monroe,U.S. Senate,NA,Democratic,Phil Bredesen,1652
Monroe,Governor,NA,Republican,Basil Marceaux Sr.,9
Monroe,Governor,NA,Republican,Beth Harwell,937
Monroe,Governor,NA,Republican,Bill Lee,2976
Monroe,Governor,NA,Republican,Diane Black,1511
Monroe,Governor,NA,Republican,Kay White,54
Monroe,Governor,NA,Republican,Randy Boyd,2266
Monroe,U.S. Senate,NA,Republican,Aaron L. Pettigrew,1130
Monroe,U.S. Senate,NA,Republican,Marsha Blackburn,5819
Monroe,U.S. Senate,NA,Republican,"Write-In - Tom Emerson, Jr.",0
Monroe,U.S. Senate,NA,Republican,Write-In - Tommy N. Hay,0
Montgomery,State Executive Committeeman,22,Democratic,Charles Uffelman,6593
Montgomery,State Executive Committeewoman,22,Democratic,Linda Adams Crenshaw,6644
Montgomery,State Executive Committeeman,22,Republican,Arthur W. Carpenter,1852
Montgomery,State Executive Committeeman,22,Republican,Joel Wallace,6703
Montgomery,State Executive Committeeman,22,Republican,Stan Settles,1550
Montgomery,State Executive Committeewoman,22,Republican,Joy A. Huggins,10056
Montgomery,State House,67,Democratic,Houston Rye,506
Montgomery,State House,67,Democratic,Jason Hodges,2240
Montgomery,State House,67,Republican,Tommy J. Vallejos,2426
Montgomery,State House,68,Democratic,Dennis Potvin,3032
Montgomery,State House,68,Republican,Curtis Johnson,6895
Montgomery,U.S. House,7,Democratic,Justin Kanew,4559
Montgomery,U.S. House,7,Democratic,Matt Reel,2587
Montgomery,U.S. House,7,Republican,Mark E. Green,11522
Montgomery,State House,74,Democratic,Billy Borchert,944
Montgomery,State House,74,Republican,Jay D. Reedy,1735
Montgomery,Governor,NA,Democratic,Craig Fitzhugh,687
Montgomery,Governor,NA,Democratic,Karl Dean,6641
Montgomery,Governor,NA,Democratic,Mezianne Vale Payne,465
Montgomery,U.S. Senate,NA,Democratic,Gary Davis,459
Montgomery,U.S. Senate,NA,Democratic,John Wolfe,311
Montgomery,U.S. Senate,NA,Democratic,Phil Bredesen,7071
Montgomery,Governor,NA,Republican,Basil Marceaux Sr.,22
Montgomery,Governor,NA,Republican,Beth Harwell,2118
Montgomery,Governor,NA,Republican,Bill Lee,4014
Montgomery,Governor,NA,Republican,Diane Black,3522
Montgomery,Governor,NA,Republican,Kay White,60
Montgomery,Governor,NA,Republican,Randy Boyd,2583
Montgomery,U.S. Senate,NA,Republican,Aaron L. Pettigrew,1655
Montgomery,U.S. Senate,NA,Republican,Marsha Blackburn,10272
Montgomery,U.S. Senate,NA,Republican,"Write-In - Tom Emerson, Jr.",0
Montgomery,U.S. Senate,NA,Republican,Write-In - Tommy N. Hay,0
Moore,State Executive Committeeman,14,Democratic,Mark Farrar,404
Moore,State Executive Committeewoman,14,Democratic,Tanea McClean,386
Moore,State Executive Committeeman,14,Republican,Jim Sandman,1551
Moore,State Executive Committeewoman,14,Republican,Lynne Davis,1563
Moore,Circuit Court Judge Part II,17 (unexpired term),Independent,Wyatt Burk,1973
Moore,State House,39,Democratic,"Sharon ""Layne"" Adams",392
Moore,State House,39,Republican,Iris Rudder,246
Moore,State House,39,Republican,"Richard ""R.C."" Helton",241
Moore,State House,39,Republican,Sloan Andrew Stewart,1285
Moore,U.S. House,4,Democratic,Christopher J. Hale,147
Moore,U.S. House,4,Democratic,Mariah Phillips,168
Moore,U.S. House,4,Democratic,Steven Reynolds,76
Moore,U.S. House,4,Republican,Jack Maddux,447
Moore,U.S. House,4,Republican,Scott DesJarlais,1273
Moore,Governor,NA,Democratic,Craig Fitzhugh,30
Moore,Governor,NA,Democratic,Karl Dean,384
Moore,Governor,NA,Democratic,Mezianne Vale Payne,23
Moore,U.S. Senate,NA,Democratic,Gary Davis,18
Moore,U.S. Senate,NA,Democratic,John Wolfe,23
Moore,U.S. Senate,NA,Democratic,Phil Bredesen,401
Moore,Governor,NA,Republican,Basil Marceaux Sr.,9
Moore,Governor,NA,Republican,Beth Harwell,210
Moore,Governor,NA,Republican,Bill Lee,683
Moore,Governor,NA,Republican,Diane Black,510
Moore,Governor,NA,Republican,Kay White,6
Moore,Governor,NA,Republican,Randy Boyd,363
Moore,U.S. Senate,NA,Republican,Aaron L. Pettigrew,282
Moore,U.S. Senate,NA,Republican,Marsha Blackburn,1404
Moore,U.S. Senate,NA,Republican,"Write-In - Tom Emerson, Jr.",0
Moore,U.S. Senate,NA,Republican,Write-In - Tommy N. Hay,0
Morgan,State Executive Committeeman,12,Democratic,Bob Cowan,824
Morgan,State Executive Committeewoman,12,Democratic,Tracey Vought Williams,800
Morgan,State Executive Committeeman,12,Republican,Jim Cobb,1083
Morgan,State Executive Committeeman,12,Republican,Randy Ellis,1696
Morgan,State Executive Committeewoman,12,Republican,"Elizabeth ""Liz"" Holiway",2583
Morgan,U.S. House,3,Democratic,Danielle Mitchell,811
Morgan,U.S. House,3,Republican,Chuck Fleischmann,2587
Morgan,U.S. House,3,Republican,Harold E. Shevlin,102
Morgan,U.S. House,3,Republican,Jeremy Massengale,441
Morgan,U.S. House,3,Republican,"William E. Spurlock, Sr.",172
Morgan,State House,41,Democratic,John Mark Windle,1059
Morgan,State House,41,Republican,Ed Butler,2806
Morgan,Governor,NA,Democratic,Craig Fitzhugh,137
Morgan,Governor,NA,Democratic,Karl Dean,788
Morgan,Governor,NA,Democratic,Mezianne Vale Payne,50
Morgan,U.S. Senate,NA,Democratic,Gary Davis,74
Morgan,U.S. Senate,NA,Democratic,John Wolfe,59
Morgan,U.S. Senate,NA,Democratic,Phil Bredesen,923
Morgan,Governor,NA,Republican,Basil Marceaux Sr.,9
Morgan,Governor,NA,Republican,Beth Harwell,483
Morgan,Governor,NA,Republican,Bill Lee,1246
Morgan,Governor,NA,Republican,Diane Black,873
Morgan,Governor,NA,Republican,Kay White,15
Morgan,Governor,NA,Republican,Randy Boyd,1044
Morgan,U.S. Senate,NA,Republican,Aaron L. Pettigrew,637
Morgan,U.S. Senate,NA,Republican,Marsha Blackburn,2546
Morgan,U.S. Senate,NA,Republican,"Write-In - Tom Emerson, Jr.",0
Morgan,U.S. Senate,NA,Republican,Write-In - Tommy N. Hay,0
Obion,State Executive Committeeman,24,Democratic,Don Farmer,1004
Obion,State Executive Committeewoman,24,Democratic,Angela Callis,1040
Obion,State Executive Committeeman,24,Republican,Gary Kee,3643
Obion,State Executive Committeewoman,24,Republican,Elizabeth (Betsy) Phillips,1898
Obion,State Executive Committeewoman,24,Republican,Rebecca Griffey,1522
Obion,State House,76,Democratic,Deane Arganbright,477
Obion,State House,76,Republican,Andy Holt,1277
Obion,State House,76,Republican,Scott Fortner,170
Obion,State House,77,Democratic,No Candidate Qualified,0
Obion,State House,77,Republican,Bill Sanderson,3268
Obion,U.S. House,8,Democratic,Erika Stotts Pearson,507
Obion,U.S. House,8,Democratic,John Boatner,623
Obion,U.S. House,8,Republican,Colleen Owens,258
Obion,U.S. House,8,Republican,David Kustoff,2390
Obion,U.S. House,8,Republican,"George S. Flinn, Jr.",2162
Obion,Governor,NA,Democratic,Craig Fitzhugh,408
Obion,Governor,NA,Democratic,Karl Dean,698
Obion,Governor,NA,Democratic,Mezianne Vale Payne,111
Obion,U.S. Senate,NA,Democratic,Gary Davis,138
Obion,U.S. Senate,NA,Democratic,John Wolfe,69
Obion,U.S. Senate,NA,Democratic,Phil Bredesen,1094
Obion,Governor,NA,Republican,Basil Marceaux Sr.,3
Obion,Governor,NA,Republican,Beth Harwell,148
Obion,Governor,NA,Republican,Bill Lee,969
Obion,Governor,NA,Republican,Diane Black,1070
Obion,Governor,NA,Republican,Kay White,15
Obion,Governor,NA,Republican,Randy Boyd,3085
Obion,U.S. Senate,NA,Republican,Aaron L. Pettigrew,947
Obion,U.S. Senate,NA,Republican,Marsha Blackburn,3597
Obion,U.S. Senate,NA,Republican,"Write-In - Tom Emerson, Jr.",0
Obion,U.S. Senate,NA,Republican,Write-In - Tommy N. Hay,0
Overton,State Executive Committeeman,15,Democratic,Amos Powers,947
Overton,State Executive Committeewoman,15,Democratic,Cheryl H. Vickers,996
Overton,State Senate,15,Democratic,Angela Hedgecough,960
Overton,State Executive Committeeman,15,Republican,Lance Persson,430
Overton,State Executive Committeeman,15,Republican,Mike Callahan,1365
Overton,State Executive Committeewoman,15,Republican,Barbara D. Gregson,1716
Overton,State Senate,15,Republican,Paul Bailey,2260
Overton,State House,41,Democratic,John Mark Windle,1759
Overton,State House,41,Republican,Ed Butler,1846
Overton,U.S. House,6,Democratic,Christopher Martin Finley,94
Overton,U.S. House,6,Democratic,Dawn Barlow,1269
Overton,U.S. House,6,Democratic,Merrilee Wineinger,84
Overton,U.S. House,6,Democratic,Peter Heffernan,48
Overton,U.S. House,6,Republican,Bob Corlew,864
Overton,U.S. House,6,Republican,Christopher Brian Monday,91
Overton,U.S. House,6,Republican,John Rose,1392
Overton,U.S. House,6,Republican,Judd Matheny,251
Overton,U.S. House,6,Republican,"Lavern ""Uturn LaVern"" Vivio",122
Overton,Governor,NA,Democratic,Craig Fitzhugh,102
Overton,Governor,NA,Democratic,Karl Dean,1498
Overton,Governor,NA,Democratic,Mezianne Vale Payne,65
Overton,U.S. Senate,NA,Democratic,Gary Davis,83
Overton,U.S. Senate,NA,Democratic,John Wolfe,49
Overton,U.S. Senate,NA,Democratic,Phil Bredesen,1594
Overton,Governor,NA,Republican,Basil Marceaux Sr.,3
Overton,Governor,NA,Republican,Beth Harwell,288
Overton,Governor,NA,Republican,Bill Lee,1114
Overton,Governor,NA,Republican,Diane Black,1084
Overton,Governor,NA,Republican,Kay White,12
Overton,Governor,NA,Republican,Randy Boyd,648
Overton,U.S. Senate,NA,Republican,Aaron L. Pettigrew,318
Overton,U.S. Senate,NA,Republican,Marsha Blackburn,2394
Overton,U.S. Senate,NA,Republican,"Write-In - Tom Emerson, Jr.",0
Overton,U.S. Senate,NA,Republican,Write-In - Tommy N. Hay,0
Perry,State Executive Committeeman,28,Democratic,Write-In - Seth J. Campbell,1
Perry,State Executive Committeewoman,28,Democratic,Write-In - Pame Moore Morrow,1
Perry,State Executive Committeeman,28,Republican,Jim Looney,1186
Perry,State Executive Committeewoman,28,Republican,Angie McClanahan,1205
Perry,U.S. House,7,Democratic,Justin Kanew,205
Perry,U.S. House,7,Democratic,Matt Reel,137
Perry,U.S. House,7,Republican,Mark E. Green,1309
Perry,State House,72,Democratic,James T. Haynes,275
Perry,State House,72,Republican,Dan Hughes,127
Perry,State House,72,Republican,Gordon D. Wildridge,78
Perry,State House,72,Republican,Kirk Haston,1752
Perry,Governor,NA,Democratic,Craig Fitzhugh,23
Perry,Governor,NA,Democratic,Karl Dean,384
Perry,Governor,NA,Democratic,Mezianne Vale Payne,11
Perry,U.S. Senate,NA,Democratic,Gary Davis,20
Perry,U.S. Senate,NA,Democratic,John Wolfe,10
Perry,U.S. Senate,NA,Democratic,Phil Bredesen,388
Perry,Governor,NA,Republican,Basil Marceaux Sr.,5
Perry,Governor,NA,Republican,Beth Harwell,268
Perry,Governor,NA,Republican,Bill Lee,491
Perry,Governor,NA,Republican,Diane Black,524
Perry,Governor,NA,Republican,Kay White,5
Perry,Governor,NA,Republican,Randy Boyd,614
Perry,U.S. Senate,NA,Republican,Aaron L. Pettigrew,254
Perry,U.S. Senate,NA,Republican,Marsha Blackburn,1482
Perry,U.S. Senate,NA,Republican,"Write-In - Tom Emerson, Jr.",0
Perry,U.S. Senate,NA,Republican,Write-In - Tommy N. Hay,0
Pickett,State Executive Committeeman,12,Democratic,Bob Cowan,263
Pickett,State Executive Committeewoman,12,Democratic,Tracey Vought Williams,260
Pickett,State Executive Committeeman,12,Republican,Jim Cobb,502
Pickett,State Executive Committeeman,12,Republican,Randy Ellis,366
Pickett,State Executive Committeewoman,12,Republican,"Elizabeth ""Liz"" Holiway",774
Pickett,State House,38,Democratic,Carol Venea' Abney,274
Pickett,State House,38,Republican,Kelly T Keisling,1084
Pickett,U.S. House,6,Democratic,Christopher Martin Finley,33
Pickett,U.S. House,6,Democratic,Dawn Barlow,202
Pickett,U.S. House,6,Democratic,Merrilee Wineinger,43
Pickett,U.S. House,6,Democratic,Peter Heffernan,18
Pickett,U.S. House,6,Republican,Bob Corlew,328
Pickett,U.S. House,6,Republican,Christopher Brian Monday,45
Pickett,U.S. House,6,Republican,John Rose,559
Pickett,U.S. House,6,Republican,Judd Matheny,122
Pickett,U.S. House,6,Republican,"Lavern ""Uturn LaVern"" Vivio",82
Pickett,Governor,NA,Democratic,Craig Fitzhugh,19
Pickett,Governor,NA,Democratic,Karl Dean,390
Pickett,Governor,NA,Democratic,Mezianne Vale Payne,13
Pickett,U.S. Senate,NA,Democratic,Gary Davis,12
Pickett,U.S. Senate,NA,Democratic,John Wolfe,14
Pickett,U.S. Senate,NA,Democratic,Phil Bredesen,405
Pickett,Governor,NA,Republican,Basil Marceaux Sr.,3
Pickett,Governor,NA,Republican,Beth Harwell,164
Pickett,Governor,NA,Republican,Bill Lee,385
Pickett,Governor,NA,Republican,Diane Black,501
Pickett,Governor,NA,Republican,Kay White,12
Pickett,Governor,NA,Republican,Randy Boyd,287
Pickett,U.S. Senate,NA,Republican,Aaron L. Pettigrew,154
Pickett,U.S. Senate,NA,Republican,Marsha Blackburn,1066
Pickett,U.S. Senate,NA,Republican,"Write-In - Tom Emerson, Jr.",0
Pickett,U.S. Senate,NA,Republican,Write-In - Tommy N. Hay,2
Polk,State House,22,Democratic,No Candidate Qualified,0
Polk,State House,22,Republican,Dan Howell,1823
Polk,U.S. House,3,Democratic,Danielle Mitchell,856
Polk,U.S. House,3,Republican,Chuck Fleischmann,1662
Polk,U.S. House,3,Republican,Harold E. Shevlin,63
Polk,U.S. House,3,Republican,Jeremy Massengale,277
Polk,U.S. House,3,Republican,"William E. Spurlock, Sr.",130
Polk,State Executive Committeeman,9,Democratic,Jackson Rogers,451
Polk,State Executive Committeeman,9,Democratic,Stephen Miller,474
Polk,State Executive Committeewoman,9,Democratic,Pamela Weston,744
Polk,State Senate,9,Democratic,Carl Lansden,811
Polk,State Executive Committeeman,9,Republican,Donald E. Weiss,573
Polk,State Executive Committeeman,9,Republican,John S. Stanbery,1273
Polk,State Executive Committeewoman,9,Republican,Judy Bowman Cooley,777
Polk,State Executive Committeewoman,9,Republican,Julia Atchley-Pace,991
Polk,State Senate,9,Republican,Mike Bell,1884
Polk,Governor,NA,Democratic,Craig Fitzhugh,247
Polk,Governor,NA,Democratic,Karl Dean,809
Polk,Governor,NA,Democratic,Mezianne Vale Payne,75
Polk,U.S. Senate,NA,Democratic,Gary Davis,119
Polk,U.S. Senate,NA,Democratic,John Wolfe,78
Polk,U.S. Senate,NA,Democratic,Phil Bredesen,1019
Polk,Governor,NA,Republican,Basil Marceaux Sr.,4
Polk,Governor,NA,Republican,Beth Harwell,300
Polk,Governor,NA,Republican,Bill Lee,933
Polk,Governor,NA,Republican,Diane Black,664
Polk,Governor,NA,Republican,Kay White,16
Polk,Governor,NA,Republican,Randy Boyd,467
Polk,U.S. Senate,NA,Republican,Aaron L. Pettigrew,417
Polk,U.S. Senate,NA,Republican,Marsha Blackburn,1702
Polk,U.S. Senate,NA,Republican,"Write-In - Tom Emerson, Jr.",0
Polk,U.S. Senate,NA,Republican,Write-In - Tommy N. Hay,0
Putnam,State Executive Committeeman,15,Democratic,Amos Powers,2485
Putnam,State Executive Committeewoman,15,Democratic,Cheryl H. Vickers,2577
Putnam,State Senate,15,Democratic,Angela Hedgecough,2616
Putnam,State Executive Committeeman,15,Republican,Lance Persson,1827
Putnam,State Executive Committeeman,15,Republican,Mike Callahan,4958
Putnam,State Executive Committeewoman,15,Republican,Barbara D. Gregson,6474
Putnam,State Senate,15,Republican,Paul Bailey,8050
Putnam,State House,25,Democratic,Anne F. Quillen,161
Putnam,State House,25,Republican,Cameron Sexton,500
Putnam,State House,42,Democratic,Terry Scott,2471
Putnam,State House,42,Republican,Ryan Williams,7842
Putnam,U.S. House,6,Democratic,Christopher Martin Finley,303
Putnam,U.S. House,6,Democratic,Dawn Barlow,1782
Putnam,U.S. House,6,Democratic,Merrilee Wineinger,555
Putnam,U.S. House,6,Democratic,Peter Heffernan,132
Putnam,U.S. House,6,Republican,Bob Corlew,2022
Putnam,U.S. House,6,Republican,Christopher Brian Monday,315
Putnam,U.S. House,6,Republican,John Rose,5292
Putnam,U.S. House,6,Republican,Judd Matheny,1034
Putnam,U.S. House,6,Republican,"Lavern ""Uturn LaVern"" Vivio",364
Putnam,Governor,NA,Democratic,Craig Fitzhugh,354
Putnam,Governor,NA,Democratic,Karl Dean,2787
Putnam,Governor,NA,Democratic,Mezianne Vale Payne,119
Putnam,U.S. Senate,NA,Democratic,Gary Davis,121
Putnam,U.S. Senate,NA,Democratic,John Wolfe,95
Putnam,U.S. Senate,NA,Democratic,Phil Bredesen,3116
Putnam,Governor,NA,Republican,Basil Marceaux Sr.,8
Putnam,Governor,NA,Republican,Beth Harwell,1262
Putnam,Governor,NA,Republican,Bill Lee,3516
Putnam,Governor,NA,Republican,Diane Black,3186
Putnam,Governor,NA,Republican,Kay White,29
Putnam,Governor,NA,Republican,Randy Boyd,2063
Putnam,U.S. Senate,NA,Republican,Aaron L. Pettigrew,1143
Putnam,U.S. Senate,NA,Republican,Marsha Blackburn,7850
Putnam,U.S. Senate,NA,Republican,"Write-In - Tom Emerson, Jr.",0
Putnam,U.S. Senate,NA,Republican,Write-In - Tommy N. Hay,1
Rhea,State Executive Committeeman,12,Democratic,Bob Cowan,838
Rhea,State Executive Committeewoman,12,Democratic,Tracey Vought Williams,795
Rhea,State Executive Committeeman,12,Republican,Jim Cobb,2643
Rhea,State Executive Committeeman,12,Republican,Randy Ellis,2080
Rhea,State Executive Committeewoman,12,Republican,"Elizabeth ""Liz"" Holiway",3724
Rhea,Chancellor,12 (unexpired term),Independent,David L. Stewart,2913
Rhea,Chancellor,12 (unexpired term),Republican,Missy Thomas Blevins,3167
Rhea,State House,31,Democratic,Dean M Sparks,867
Rhea,State House,31,Republican,Ron Travis,4426
Rhea,U.S. House,4,Democratic,Christopher J. Hale,259
Rhea,U.S. House,4,Democratic,Mariah Phillips,447
Rhea,U.S. House,4,Democratic,Steven Reynolds,202
Rhea,U.S. House,4,Republican,Jack Maddux,1600
Rhea,U.S. House,4,Republican,Scott DesJarlais,3146
Rhea,Governor,NA,Democratic,Craig Fitzhugh,166
Rhea,Governor,NA,Democratic,Karl Dean,737
Rhea,Governor,NA,Democratic,Mezianne Vale Payne,74
Rhea,U.S. Senate,NA,Democratic,Gary Davis,74
Rhea,U.S. Senate,NA,Democratic,John Wolfe,52
Rhea,U.S. Senate,NA,Democratic,Phil Bredesen,956
Rhea,Governor,NA,Republican,Basil Marceaux Sr.,9
Rhea,Governor,NA,Republican,Beth Harwell,812
Rhea,Governor,NA,Republican,Bill Lee,2124
Rhea,Governor,NA,Republican,Diane Black,1198
Rhea,Governor,NA,Republican,Kay White,29
Rhea,Governor,NA,Republican,Randy Boyd,1217
Rhea,U.S. Senate,NA,Republican,Aaron L. Pettigrew,824
Rhea,U.S. Senate,NA,Republican,Marsha Blackburn,3683
Rhea,U.S. Senate,NA,Republican,"Write-In - Tom Emerson, Jr.",0
Rhea,U.S. Senate,NA,Republican,Write-In - Tommy N. Hay,0
Roane,State Executive Committeeman,12,Democratic,Bob Cowan,2230
Roane,State Executive Committeewoman,12,Democratic,Tracey Vought Williams,2177
Roane,State Executive Committeeman,12,Republican,Jim Cobb,2430
Roane,State Executive Committeeman,12,Republican,Randy Ellis,5448
Roane,State Executive Committeewoman,12,Republican,"Elizabeth ""Liz"" Holiway",7188
Roane,U.S. House,3,Democratic,Danielle Mitchell,2242
Roane,U.S. House,3,Republican,Chuck Fleischmann,6607
Roane,U.S. House,3,Republican,Harold E. Shevlin,197
Roane,U.S. House,3,Republican,Jeremy Massengale,1147
Roane,U.S. House,3,Republican,"William E. Spurlock, Sr.",499
Roane,State House,31,Democratic,Dean M Sparks,247
Roane,State House,31,Republican,Ron Travis,899
Roane,State House,32,Democratic,Mary Ellen Blencoe,2014
Roane,State House,32,Republican,Kent Calfee,7072
Roane,Governor,NA,Democratic,Craig Fitzhugh,413
Roane,Governor,NA,Democratic,Karl Dean,1953
Roane,Governor,NA,Democratic,Mezianne Vale Payne,168
Roane,U.S. Senate,NA,Democratic,Gary Davis,114
Roane,U.S. Senate,NA,Democratic,John Wolfe,80
Roane,U.S. Senate,NA,Democratic,Phil Bredesen,2494
Roane,Governor,NA,Republican,Basil Marceaux Sr.,10
Roane,Governor,NA,Republican,Beth Harwell,1661
Roane,Governor,NA,Republican,Bill Lee,3010
Roane,Governor,NA,Republican,Diane Black,1885
Roane,Governor,NA,Republican,Kay White,35
Roane,Governor,NA,Republican,Randy Boyd,2572
Roane,U.S. Senate,NA,Republican,Aaron L. Pettigrew,1430
Roane,U.S. Senate,NA,Republican,Marsha Blackburn,6905
Roane,U.S. Senate,NA,Republican,"Write-In - Tom Emerson, Jr.",0
Roane,U.S. Senate,NA,Republican,Write-In - Tommy N. Hay,0
Robertson,State Executive Committeeman,25,Democratic,Gentry Allen,2775
Robertson,State Executive Committeewoman,25,Democratic,Martha Shepard,2818
Robertson,State Senate,25,Democratic,Wade Munday,2807
Robertson,State Executive Committeeman,25,Republican,Larry Hillis,7707
Robertson,State Executive Committeewoman,25,Republican,Mary Ann Parks,7798
Robertson,State Senate,25,Republican,Kerry Roberts,8879
Robertson,U.S. House,6,Democratic,Christopher Martin Finley,547
Robertson,U.S. House,6,Democratic,Dawn Barlow,1476
Robertson,U.S. House,6,Democratic,Merrilee Wineinger,517
Robertson,U.S. House,6,Democratic,Peter Heffernan,294
Robertson,U.S. House,6,Republican,Bob Corlew,2856
Robertson,U.S. House,6,Republican,Christopher Brian Monday,222
Robertson,U.S. House,6,Republican,John Rose,2906
Robertson,U.S. House,6,Republican,Judd Matheny,891
Robertson,U.S. House,6,Republican,"Lavern ""Uturn LaVern"" Vivio",2629
Robertson,State House,66,Democratic,Larry Proffitt,2894
Robertson,State House,66,Republican,"Sabi ""Doc"" Kumar",9039
Robertson,Governor,NA,Democratic,Craig Fitzhugh,262
Robertson,Governor,NA,Democratic,Karl Dean,3169
Robertson,Governor,NA,Democratic,Mezianne Vale Payne,87
Robertson,U.S. Senate,NA,Democratic,Gary Davis,150
Robertson,U.S. Senate,NA,Democratic,John Wolfe,77
Robertson,U.S. Senate,NA,Democratic,Phil Bredesen,3315
Robertson,Governor,NA,Republican,Basil Marceaux Sr.,7
Robertson,Governor,NA,Republican,Beth Harwell,1389
Robertson,Governor,NA,Republican,Bill Lee,4489
Robertson,Governor,NA,Republican,Diane Black,2827
Robertson,Governor,NA,Republican,Kay White,18
Robertson,Governor,NA,Republican,Randy Boyd,1580
Robertson,U.S. Senate,NA,Republican,Aaron L. Pettigrew,1262
Robertson,U.S. Senate,NA,Republican,Marsha Blackburn,8434
Robertson,U.S. Senate,NA,Republican,"Write-In - Tom Emerson, Jr.",0
Robertson,U.S. Senate,NA,Republican,Write-In - Tommy N. Hay,0
Rutherford,State Executive Committeeman,13,Democratic,Andy Dickey,2716
Rutherford,State Executive Committeeman,13,Democratic,Brandon Thomas,5385
Rutherford,State Executive Committeewoman,13,Democratic,Caroline Ford-McGee,8126
Rutherford,State Senate,13,Democratic,Kelly Northcutt,8217
Rutherford,State Executive Committeeman,13,Republican,Adam Coggin,14840
Rutherford,State Executive Committeewoman,13,Republican,Kelsey Ketron,14972
Rutherford,State Senate,13,Republican,Dawn White,10639
Rutherford,State Senate,13,Republican,Ernest G. Burgess,7635
Rutherford,State Executive Committeeman,14,Democratic,Mark Farrar,3517
Rutherford,State Executive Committeewoman,14,Democratic,Tanea McClean,3567
Rutherford,State Executive Committeeman,14,Republican,Jim Sandman,6927
Rutherford,State Executive Committeewoman,14,Republican,Lynne Davis,7013
Rutherford,Circuit Court Judge Division III,16 (unexpired term),Republican,Barry R. Tidwell,30043
Rutherford,State House,34,Democratic,Jennifer Vannoy,3381
Rutherford,State House,34,Republican,Tim Rudd,6896
Rutherford,State House,37,Democratic,DeAnna D. Osborne,2997
Rutherford,State House,37,Republican,Charlie Baum,5831
Rutherford,U.S. House,4,Democratic,Christopher J. Hale,4646
Rutherford,U.S. House,4,Democratic,Mariah Phillips,6958
Rutherford,U.S. House,4,Democratic,Steven Reynolds,1692
Rutherford,U.S. House,4,Republican,Jack Maddux,8644
Rutherford,U.S. House,4,Republican,Scott DesJarlais,17346
Rutherford,State House,48,Democratic,Matt Ferry,2912
Rutherford,State House,48,Republican,Bryan Terry,6416
Rutherford,State House,49,Democratic,Chris Mayor,1823
Rutherford,State House,49,Democratic,Richard C Petty,830
Rutherford,State House,49,Republican,Mike Sparks,2430
Rutherford,State House,49,Republican,Tim Morrell,2335
Rutherford,Governor,NA,Democratic,Craig Fitzhugh,1754
Rutherford,Governor,NA,Democratic,Karl Dean,11799
Rutherford,Governor,NA,Democratic,Mezianne Vale Payne,587
Rutherford,U.S. Senate,NA,Democratic,Gary Davis,575
Rutherford,U.S. Senate,NA,Democratic,John Wolfe,366
Rutherford,U.S. Senate,NA,Democratic,Phil Bredesen,13253
Rutherford,Governor,NA,Republican,Basil Marceaux Sr.,43
Rutherford,Governor,NA,Republican,Beth Harwell,4952
Rutherford,Governor,NA,Republican,Bill Lee,12628
Rutherford,Governor,NA,Republican,Diane Black,5482
Rutherford,Governor,NA,Republican,Kay White,108
Rutherford,Governor,NA,Republican,Randy Boyd,4633
Rutherford,U.S. Senate,NA,Republican,Aaron L. Pettigrew,4018
Rutherford,U.S. Senate,NA,Republican,Marsha Blackburn,22421
Rutherford,U.S. Senate,NA,Republican,"Write-In - Tom Emerson, Jr.",0
Rutherford,U.S. Senate,NA,Republican,Write-In - Tommy N. Hay,0
Scott,State Executive Committeeman,12,Democratic,Bob Cowan,514
Scott,State Executive Committeewoman,12,Democratic,Tracey Vought Williams,516
Scott,State Executive Committeeman,12,Republican,Jim Cobb,1095
Scott,State Executive Committeeman,12,Republican,Randy Ellis,1777
Scott,State Executive Committeewoman,12,Republican,"Elizabeth ""Liz"" Holiway",2721
Scott,U.S. House,3,Democratic,Danielle Mitchell,561
Scott,U.S. House,3,Republican,Chuck Fleischmann,2844
Scott,U.S. House,3,Republican,Harold E. Shevlin,104
Scott,U.S. House,3,Republican,Jeremy Massengale,623
Scott,U.S. House,3,Republican,"William E. Spurlock, Sr.",143
Scott,State House,38,Democratic,Carol Venea' Abney,526
Scott,State House,38,Republican,Kelly T Keisling,3534
Scott,Governor,NA,Democratic,Craig Fitzhugh,119
Scott,Governor,NA,Democratic,Karl Dean,472
Scott,Governor,NA,Democratic,Mezianne Vale Payne,84
Scott,U.S. Senate,NA,Democratic,Gary Davis,61
Scott,U.S. Senate,NA,Democratic,John Wolfe,35
Scott,U.S. Senate,NA,Democratic,Phil Bredesen,629
Scott,Governor,NA,Republican,Basil Marceaux Sr.,12
Scott,Governor,NA,Republican,Beth Harwell,420
Scott,Governor,NA,Republican,Bill Lee,1369
Scott,Governor,NA,Republican,Diane Black,1200
Scott,Governor,NA,Republican,Kay White,28
Scott,Governor,NA,Republican,Randy Boyd,1373
Scott,U.S. Senate,NA,Republican,Aaron L. Pettigrew,714
Scott,U.S. Senate,NA,Republican,Marsha Blackburn,2782
Scott,U.S. Senate,NA,Republican,"Write-In - Tom Emerson, Jr.",0
Scott,U.S. Senate,NA,Republican,Write-In - Tommy N. Hay,0
Sequatchie,Chancellor,12 (unexpired term),Independent,David L. Stewart,1497
Sequatchie,Chancellor,12 (unexpired term),Republican,Missy Thomas Blevins,2608
Sequatchie,State Executive Committeeman,16,Democratic,Bobby E. Bush Jr.,189
Sequatchie,State Executive Committeeman,16,Democratic,Robin B. Smith,382
Sequatchie,State Executive Committeewoman,16,Democratic,Betty Newman Fraley,381
Sequatchie,State Executive Committeewoman,16,Democratic,Rupa Blackwell,179
Sequatchie,State Executive Committeeman,16,Republican,Jerry Anderson,2207
Sequatchie,State Executive Committeewoman,16,Republican,Amanda Angel,1371
Sequatchie,State Executive Committeewoman,16,Republican,Joanne P. Davis,880
Sequatchie,State House,31,Democratic,Dean M Sparks,564
Sequatchie,State House,31,Republican,Ron Travis,2649
Sequatchie,U.S. House,4,Democratic,Christopher J. Hale,188
Sequatchie,U.S. House,4,Democratic,Mariah Phillips,324
Sequatchie,U.S. House,4,Democratic,Steven Reynolds,147
Sequatchie,U.S. House,4,Republican,Jack Maddux,929
Sequatchie,U.S. House,4,Republican,Scott DesJarlais,1916
Sequatchie,Governor,NA,Democratic,Craig Fitzhugh,134
Sequatchie,Governor,NA,Democratic,Karl Dean,527
Sequatchie,Governor,NA,Democratic,Mezianne Vale Payne,58
Sequatchie,U.S. Senate,NA,Democratic,Gary Davis,54
Sequatchie,U.S. Senate,NA,Democratic,John Wolfe,41
Sequatchie,U.S. Senate,NA,Democratic,Phil Bredesen,664
Sequatchie,Governor,NA,Republican,Basil Marceaux Sr.,5
Sequatchie,Governor,NA,Republican,Beth Harwell,322
Sequatchie,Governor,NA,Republican,Bill Lee,1231
Sequatchie,Governor,NA,Republican,Diane Black,871
Sequatchie,Governor,NA,Republican,Kay White,22
Sequatchie,Governor,NA,Republican,Randy Boyd,666
Sequatchie,U.S. Senate,NA,Republican,Aaron L. Pettigrew,482
Sequatchie,U.S. Senate,NA,Republican,Marsha Blackburn,2242
Sequatchie,U.S. Senate,NA,Republican,"Write-In - Tom Emerson, Jr.",0
Sequatchie,U.S. Senate,NA,Republican,Write-In - Tommy N. Hay,0
Sevier,State Executive Committeeman,1,Democratic,Adam S Haynes,389
Sevier,State Executive Committeewoman,1,Democratic,Marjorie Ramsey,395
Sevier,State Senate,1,Democratic,No Candidate Qualified,0
Sevier,U.S. House,1,Democratic,Marty Olsen,1633
Sevier,State Executive Committeeman,1,Republican,Paul Chapman,2362
Sevier,State Executive Committeewoman,1,Republican,Nancy Wilson,2364
Sevier,State Senate,1,Republican,Steve Southerland,2330
Sevier,U.S. House,1,Republican,James Brooks,949
Sevier,U.S. House,1,Republican,Mickie Lou Banyas,572
Sevier,U.S. House,1,Republican,Phil Roe,7743
Sevier,U.S. House,1,Republican,Todd A. McKinley,1953
Sevier,State House,12,Democratic,Robert G Williams,1172
Sevier,State House,12,Democratic,Write-In - Billy J. Bailey,3
Sevier,State House,12,Republican,Dale Carr,7647
Sevier,State House,17,Democratic,Delynn McCash,422
Sevier,State House,17,Republican,Andrew E. Farmer,3090
Sevier,State Executive Committeeman,2,Democratic,Tony Webb,1202
Sevier,State Executive Committeewoman,2,Democratic,Barbara Wagner,1225
Sevier,State Senate,2,Democratic,Write-In - J. Nathan Higdon,23
Sevier,State Executive Committeeman,2,Republican,Rob Ailey,8000
Sevier,State Executive Committeewoman,2,Republican,Cindy Hatcher,7920
Sevier,State Senate,2,Republican,Art Swann,3618
Sevier,State Senate,2,Republican,Scott P. Williams,2695
Sevier,State Senate,2,Republican,Wesley P. Maples,1963
Sevier,Circuit Court Judge Part I,4 (unexpired term),Republican,Carter S. Moore,11550
Sevier,Circuit Court Judge Part II,4 (unexpired term),Republican,Jim Gass,11485
Sevier,Governor,NA,Democratic,Craig Fitzhugh,316
Sevier,Governor,NA,Democratic,Karl Dean,1292
Sevier,Governor,NA,Democratic,Mezianne Vale Payne,107
Sevier,U.S. Senate,NA,Democratic,Gary Davis,85
Sevier,U.S. Senate,NA,Democratic,John Wolfe,80
Sevier,U.S. Senate,NA,Democratic,Phil Bredesen,1582
Sevier,Governor,NA,Republican,Basil Marceaux Sr.,12
Sevier,Governor,NA,Republican,Beth Harwell,2346
Sevier,Governor,NA,Republican,Bill Lee,3477
Sevier,Governor,NA,Republican,Diane Black,2697
Sevier,Governor,NA,Republican,Kay White,48
Sevier,Governor,NA,Republican,Randy Boyd,3174
Sevier,U.S. Senate,NA,Republican,Aaron L. Pettigrew,1783
Sevier,U.S. Senate,NA,Republican,Marsha Blackburn,9240
Sevier,U.S. Senate,NA,Republican,"Write-In - Tom Emerson, Jr.",0
Sevier,U.S. Senate,NA,Republican,Write-In - Tommy N. Hay,0
Shelby,State Executive Committeeman,29,Democratic,"Darrick ""Dee"" Harris",16892
Shelby,State Executive Committeeman,29,Democratic,George Boyington,5202
Shelby,State Executive Committeewoman,29,Democratic,Allison Brownlee,9123
Shelby,State Executive Committeewoman,29,Democratic,Kenya Withers,8401
Shelby,State Executive Committeewoman,29,Democratic,Rhonda L. Munn-Banks,4622
Shelby,State Senate,29,Democratic,Justin Ford,10577
Shelby,State Senate,29,Democratic,Raumesh Akbari,14861
Shelby,State Executive Committeeman,29,Republican,Terry Roland,4016
Shelby,State Executive Committeewoman,29,Republican,No Candidate Qualified,0
Shelby,State Senate,29,Republican,Tom Stephens,3873
Shelby,State Executive Committeeman,30,Democratic,Bryan C. Carson,7700
Shelby,State Executive Committeeman,30,Democratic,Burton Bridges,6671
Shelby,State Executive Committeewoman,30,Democratic,Gale Jones Carson,7391
Shelby,State Executive Committeewoman,30,Democratic,Jasmine Boyd,7889
Shelby,State Executive Committeeman,30,Republican,No Candidate Qualified,0
Shelby,State Executive Committeewoman,30,Republican,No Candidate Qualified,0
Shelby,Circuit Court Judge Division IX,30 (unexpired term),,David Rudolph,67246
Shelby,Circuit Court Judge Division IX,30 (unexpired term),,Yolanda R. Kight,70673
Shelby,Circuit Court Judge Division VII,30 (unexpired term),,Mary L. Wagner,74829
Shelby,Circuit Court Judge Division VII,30 (unexpired term),,Michael G. Floyd,58773
Shelby,Criminal Court Judge Division X,30 (unexpired term),,Jennifer Johnson Mitchell,67408
Shelby,Criminal Court Judge Division X,30 (unexpired term),,Jennifer Smith Nichols,62741
Shelby,State Executive Committeeman,31,Democratic,Dave Cambron,14467
Shelby,State Executive Committeewoman,31,Democratic,Adrienne Pakis-Gillon,14691
Shelby,State Senate,31,Democratic,David Weatherspoon,6890
Shelby,State Senate,31,Democratic,Gabby Salinas,7737
Shelby,State Senate,31,Democratic,M. Rodanial Ray Ransom,1499
Shelby,State Executive Committeeman,31,Republican,Frank Colvett,20924
Shelby,State Executive Committeewoman,31,Republican,Peggy C. Larkin,20586
Shelby,State Senate,31,Republican,Brian Kelsey,22767
Shelby,State Executive Committeeman,32,Democratic,"Bobby ""Bear"" Sproles",6717
Shelby,State Executive Committeewoman,32,Democratic,Deborah K. Reed,6991
Shelby,State Executive Committeeman,32,Republican,Lee Mills,19007
Shelby,State Executive Committeewoman,32,Republican,Charlotte Kelley,18290
Shelby,State Executive Committeeman,33,Democratic,Marion Latroy Alexandria-Williams Jr.,17948
Shelby,State Executive Committeewoman,33,Democratic,Marinda A-Williams,13680
Shelby,State Executive Committeewoman,33,Democratic,Virgie T. Banks,4447
Shelby,State Senate,33,Democratic,Katrina Robinson,14164
Shelby,State Senate,33,Democratic,Reginald Tate,6464
Shelby,State Executive Committeeman,33,Republican,Drew Daniel,2720
Shelby,State Executive Committeewoman,33,Republican,Charlotte Bergmann,3066
Shelby,State Senate,33,Republican,No Candidate Qualified,0
Shelby,U.S. House,8,Democratic,Erika Stotts Pearson,7435
Shelby,U.S. House,8,Democratic,John Boatner,6494
Shelby,U.S. House,8,Republican,Colleen Owens,1400
Shelby,U.S. House,8,Republican,David Kustoff,24459
Shelby,U.S. House,8,Republican,"George S. Flinn, Jr.",13989
Shelby,State House,83,Democratic,Danielle Schonbaum,4651
Shelby,State House,83,Republican,Doyle Silliman,901
Shelby,State House,83,Republican,Mark White,7815
Shelby,State House,84,Democratic,Joe Towns Jr.,6972
Shelby,State House,84,Republican,No Candidate Qualified,0
Shelby,State House,85,Democratic,Brett N. Williams,433
Shelby,State House,85,Democratic,Jesse Chism,3217
Shelby,State House,85,Democratic,Lynnette P. Williams,2620
Shelby,State House,85,Democratic,Ricky Dixon,2743
Shelby,State House,85,Republican,Write-In - Delphine Rogers,0
Shelby,State House,86,Democratic,Amber Huett-Garcia,1196
Shelby,State House,86,Democratic,Barbara Cooper,5149
Shelby,State House,86,Democratic,Jesse Kirk Jeff,260
Shelby,State House,86,Republican,No Candidate Qualified,0
Shelby,State House,87,Democratic,Karen Camper,7076
Shelby,State House,87,Republican,No Candidate Qualified,0
Shelby,State House,88,Democratic,Larry J. Miller,5744
Shelby,State House,88,Republican,No Candidate Qualified,0
Shelby,U.S. House,9,Democratic,Isaac Richmond,1976
Shelby,U.S. House,9,Democratic,Kasandra L. Smith,4734
Shelby,U.S. House,9,Democratic,Steve Cohen,67433
Shelby,U.S. House,9,Republican,Charlotte Bergmann,17971
Shelby,State House,90,Democratic,John J. Deberry Jr.,4737
Shelby,State House,90,Democratic,Torrey Harris,3112
Shelby,State House,90,Republican,No Candidate Qualified,0
Shelby,State House,91,Democratic,Doris Deberry Bradshaw,2135
Shelby,State House,91,Democratic,Juliette Eskridge,1681
Shelby,State House,91,Democratic,London P. Lamar,3392
Shelby,State House,91,Republican,No Candidate Qualified,0
Shelby,State House,93,Democratic,Eddie Neal,959
Shelby,State House,93,Democratic,"G. A. Hardaway, Sr.",4816
Shelby,State House,93,Republican,No Candidate Qualified,0
Shelby,State House,95,Democratic,Sanjeev Memula,3065
Shelby,State House,95,Republican,Kevin Vaughan,11019
Shelby,State House,96,Democratic,Dwayne Thompson,6075
Shelby,State House,96,Republican,"Patricia ""Patti"" Possel",2474
Shelby,State House,96,Republican,Scott McCormick,3973
Shelby,State House,97,Democratic,Allan Creasy,3825
Shelby,State House,97,Republican,Jim Coley,6664
Shelby,State House,98,Democratic,Antonio Parkinson,4389
Shelby,State House,98,Democratic,Johnnie Hatten,996
Shelby,State House,98,Republican,No Candidate Qualified,0
Shelby,State House,99,Democratic,David Cambron,3315
Shelby,State House,99,Republican,Ron Lollar,8891
Shelby,Governor,NA,Democratic,Craig Fitzhugh,23761
Shelby,Governor,NA,Democratic,Karl Dean,53674
Shelby,Governor,NA,Democratic,Mezianne Vale Payne,6787
Shelby,U.S. Senate,NA,Democratic,Gary Davis,7133
Shelby,U.S. Senate,NA,Democratic,John Wolfe,2946
Shelby,U.S. Senate,NA,Democratic,Phil Bredesen,77268
Shelby,Governor,NA,Republican,Basil Marceaux Sr.,85
Shelby,Governor,NA,Republican,Beth Harwell,13066
Shelby,Governor,NA,Republican,Bill Lee,16450
Shelby,Governor,NA,Republican,Diane Black,16505
Shelby,Governor,NA,Republican,Kay White,216
Shelby,Governor,NA,Republican,Randy Boyd,15695
Shelby,U.S. Senate,NA,Republican,Aaron L. Pettigrew,7592
Shelby,U.S. Senate,NA,Republican,Marsha Blackburn,51718
Shelby,U.S. Senate,NA,Republican,"Write-In - Tom Emerson, Jr.",0
Shelby,U.S. Senate,NA,Republican,Write-In - Tommy N. Hay,0
Smith,State Executive Committeeman,17,Democratic,Aubrey T. Givens,905
Smith,State Executive Committeewoman,17,Democratic,Carol Brown Andrews,966
Smith,State Senate,17,Democratic,Mary Alice Carfi,1068
Smith,State Executive Committeeman,17,Republican,Dwayne Craighead,1295
Smith,State Executive Committeeman,17,Republican,Jerry Beavers,1456
Smith,State Executive Committeewoman,17,Republican,Jennifer Franklin Winfree,1464
Smith,State Executive Committeewoman,17,Republican,Terri Nicholson,1246
Smith,State Senate,17,Republican,Mark Pody,2989
Smith,State House,40,Democratic,No Candidate Qualified,0
Smith,State House,40,Republican,Chad Z. Williams,1837
Smith,State House,40,Republican,Terri Lynn Weaver,2138
Smith,U.S. House,6,Democratic,Christopher Martin Finley,188
Smith,U.S. House,6,Democratic,Dawn Barlow,504
Smith,U.S. House,6,Democratic,Merrilee Wineinger,166
Smith,U.S. House,6,Democratic,Peter Heffernan,86
Smith,U.S. House,6,Republican,Bob Corlew,826
Smith,U.S. House,6,Republican,Christopher Brian Monday,48
Smith,U.S. House,6,Republican,John Rose,2448
Smith,U.S. House,6,Republican,Judd Matheny,223
Smith,U.S. House,6,Republican,"Lavern ""Uturn LaVern"" Vivio",200
Smith,Governor,NA,Democratic,Craig Fitzhugh,68
Smith,Governor,NA,Democratic,Karl Dean,1133
Smith,Governor,NA,Democratic,Mezianne Vale Payne,36
Smith,U.S. Senate,NA,Democratic,Gary Davis,48
Smith,U.S. Senate,NA,Democratic,John Wolfe,24
Smith,U.S. Senate,NA,Democratic,Phil Bredesen,1179
Smith,Governor,NA,Republican,Basil Marceaux Sr.,9
Smith,Governor,NA,Republican,Beth Harwell,385
Smith,Governor,NA,Republican,Bill Lee,1954
Smith,Governor,NA,Republican,Diane Black,957
Smith,Governor,NA,Republican,Kay White,10
Smith,Governor,NA,Republican,Randy Boyd,670
Smith,U.S. Senate,NA,Republican,Aaron L. Pettigrew,483
Smith,U.S. Senate,NA,Republican,Marsha Blackburn,3126
Smith,U.S. Senate,NA,Republican,"Write-In - Tom Emerson, Jr.",0
Smith,U.S. Senate,NA,Republican,Write-In - Tommy N. Hay,0
Stewart,State Executive Committeeman,22,Democratic,Charles Uffelman,905
Stewart,State Executive Committeewoman,22,Democratic,Linda Adams Crenshaw,893
Stewart,State Executive Committeeman,22,Republican,Arthur W. Carpenter,454
Stewart,State Executive Committeeman,22,Republican,Joel Wallace,1064
Stewart,State Executive Committeeman,22,Republican,Stan Settles,588
Stewart,State Executive Committeewoman,22,Republican,Joy A. Huggins,2027
Stewart,U.S. House,7,Democratic,Justin Kanew,514
Stewart,U.S. House,7,Democratic,Matt Reel,449
Stewart,U.S. House,7,Republican,Mark E. Green,2408
Stewart,State House,75,Democratic,Richard Carl,897
Stewart,State House,75,Republican,Bruce I. Griffey,1539
Stewart,State House,75,Republican,Tim Wirgau,1092
Stewart,Governor,NA,Democratic,Craig Fitzhugh,134
Stewart,Governor,NA,Democratic,Karl Dean,978
Stewart,Governor,NA,Democratic,Mezianne Vale Payne,30
Stewart,U.S. Senate,NA,Democratic,Gary Davis,59
Stewart,U.S. Senate,NA,Democratic,John Wolfe,53
Stewart,U.S. Senate,NA,Democratic,Phil Bredesen,1040
Stewart,Governor,NA,Republican,Basil Marceaux Sr.,9
Stewart,Governor,NA,Republican,Beth Harwell,327
Stewart,Governor,NA,Republican,Bill Lee,769
Stewart,Governor,NA,Republican,Diane Black,902
Stewart,Governor,NA,Republican,Kay White,11
Stewart,Governor,NA,Republican,Randy Boyd,675
Stewart,U.S. Senate,NA,Republican,Aaron L. Pettigrew,420
Stewart,U.S. Senate,NA,Republican,Marsha Blackburn,2090
Stewart,U.S. Senate,NA,Republican,"Write-In - Tom Emerson, Jr.",0
Stewart,U.S. Senate,NA,Republican,Write-In - Tommy N. Hay,0
Sullivan,State House,1,Democratic,No Candidate Qualified,0
Sullivan,U.S. House,1,Democratic,Marty Olsen,3258
Sullivan,State House,1,Republican,John Crawford,6244
Sullivan,U.S. House,1,Republican,James Brooks,780
Sullivan,U.S. House,1,Republican,Mickie Lou Banyas,903
Sullivan,U.S. House,1,Republican,Phil Roe,14782
Sullivan,U.S. House,1,Republican,Todd A. McKinley,4594
Sullivan,State House,2,Democratic,Arvil Love Jr.,1363
Sullivan,State House,2,Republican,Bud Hulsey,8482
Sullivan,Circuit Court Judge Part II,2 (unexpired term),Republican,William K. Rogers,20367
Sullivan,State House,3,Democratic,No Candidate Qualified,0
Sullivan,State House,3,Republican,Timothy Hill,4636
Sullivan,State Executive Committeeman,4,Democratic,Logan Combs,3051
Sullivan,State Executive Committeewoman,4,Democratic,Ann A. Christ,1551
Sullivan,State Executive Committeewoman,4,Democratic,Lori Love,1609
Sullivan,State Executive Committeeman,4,Republican,Matthew Jerry Johnson,17205
Sullivan,State Executive Committeewoman,4,Republican,Linda D. Buckles,17165
Sullivan,Governor,NA,Democratic,Craig Fitzhugh,724
Sullivan,Governor,NA,Democratic,Karl Dean,2658
Sullivan,Governor,NA,Democratic,Mezianne Vale Payne,291
Sullivan,U.S. Senate,NA,Democratic,Gary Davis,226
Sullivan,U.S. Senate,NA,Democratic,John Wolfe,192
Sullivan,U.S. Senate,NA,Democratic,Phil Bredesen,3418
Sullivan,Governor,NA,Republican,Basil Marceaux Sr.,37
Sullivan,Governor,NA,Republican,Beth Harwell,3600
Sullivan,Governor,NA,Republican,Bill Lee,6977
Sullivan,Governor,NA,Republican,Diane Black,5703
Sullivan,Governor,NA,Republican,Kay White,201
Sullivan,Governor,NA,Republican,Randy Boyd,5216
Sullivan,U.S. Senate,NA,Republican,Aaron L. Pettigrew,3492
Sullivan,U.S. Senate,NA,Republican,Marsha Blackburn,16370
Sullivan,U.S. Senate,NA,Republican,"Write-In - Tom Emerson, Jr.",0
Sullivan,U.S. Senate,NA,Republican,Write-In - Tommy N. Hay,0
Sumner,State Executive Committeeman,18,Democratic,Leonard Assante,3139
Sumner,State Executive Committeeman,18,Democratic,Thomas Whisenant,2070
Sumner,State Executive Committeewoman,18,Democratic,Diane Barber-Miller,5112
Sumner,State Executive Committeeman,18,Republican,Chris Hughes,16404
Sumner,State Executive Committeewoman,18,Republican,Maria C. Stewart,16397
Sumner,State House,40,Democratic,No Candidate Qualified,0
Sumner,State House,40,Republican,Chad Z. Williams,757
Sumner,State House,40,Republican,Terri Lynn Weaver,3810
Sumner,State House,44,Democratic,Rachel Mackey,2007
Sumner,State House,44,Republican,William Lamberth,6524
Sumner,State House,45,Democratic,Hana Ali,2251
Sumner,State House,45,Republican,Avery L. Field,1219
Sumner,State House,45,Republican,Johnny C. Garrett,6362
Sumner,U.S. House,6,Democratic,Christopher Martin Finley,707
Sumner,U.S. House,6,Democratic,Dawn Barlow,2468
Sumner,U.S. House,6,Democratic,Merrilee Wineinger,1798
Sumner,U.S. House,6,Democratic,Peter Heffernan,521
Sumner,U.S. House,6,Republican,Bob Corlew,5906
Sumner,U.S. House,6,Republican,Christopher Brian Monday,484
Sumner,U.S. House,6,Republican,John Rose,8273
Sumner,U.S. House,6,Republican,Judd Matheny,2265
Sumner,U.S. House,6,Republican,"Lavern ""Uturn LaVern"" Vivio",2652
Sumner,Governor,NA,Democratic,Craig Fitzhugh,612
Sumner,Governor,NA,Democratic,Karl Dean,5845
Sumner,Governor,NA,Democratic,Mezianne Vale Payne,127
Sumner,U.S. Senate,NA,Democratic,Gary Davis,156
Sumner,U.S. Senate,NA,Democratic,John Wolfe,100
Sumner,U.S. Senate,NA,Democratic,Phil Bredesen,6311
Sumner,Governor,NA,Republican,Basil Marceaux Sr.,17
Sumner,Governor,NA,Republican,Beth Harwell,3023
Sumner,Governor,NA,Republican,Bill Lee,8373
Sumner,Governor,NA,Republican,Diane Black,7159
Sumner,Governor,NA,Republican,Kay White,39
Sumner,Governor,NA,Republican,Randy Boyd,2791
Sumner,U.S. Senate,NA,Republican,Aaron L. Pettigrew,2544
Sumner,U.S. Senate,NA,Republican,Marsha Blackburn,17576
Sumner,U.S. Senate,NA,Republican,"Write-In - Tom Emerson, Jr.",0
Sumner,U.S. Senate,NA,Republican,Write-In - Tommy N. Hay,0
Tipton,District Attorney General,25 (unexpired term),Independent,Mark E. Davidson,7288
Tipton,State Executive Committeeman,32,Democratic,"Bobby ""Bear"" Sproles",1427
Tipton,State Executive Committeewoman,32,Democratic,Deborah K. Reed,1638
Tipton,State Executive Committeeman,32,Republican,Lee Mills,5794
Tipton,State Executive Committeewoman,32,Republican,Charlotte Kelley,6072
Tipton,U.S. House,8,Democratic,Erika Stotts Pearson,779
Tipton,U.S. House,8,Democratic,John Boatner,888
Tipton,U.S. House,8,Republican,Colleen Owens,277
Tipton,U.S. House,8,Republican,David Kustoff,4129
Tipton,U.S. House,8,Republican,"George S. Flinn, Jr.",2703
Tipton,State House,81,Democratic,No Candidate Qualified,0
Tipton,State House,81,Republican,Debra Moody,6601
Tipton,Governor,NA,Democratic,Craig Fitzhugh,782
Tipton,Governor,NA,Democratic,Karl Dean,888
Tipton,Governor,NA,Democratic,Mezianne Vale Payne,166
Tipton,U.S. Senate,NA,Democratic,Gary Davis,137
Tipton,U.S. Senate,NA,Democratic,John Wolfe,62
Tipton,U.S. Senate,NA,Democratic,Phil Bredesen,1685
Tipton,Governor,NA,Republican,Basil Marceaux Sr.,7
Tipton,Governor,NA,Republican,Beth Harwell,1358
Tipton,Governor,NA,Republican,Bill Lee,1534
Tipton,Governor,NA,Republican,Diane Black,2159
Tipton,Governor,NA,Republican,Kay White,23
Tipton,Governor,NA,Republican,Randy Boyd,2185
Tipton,U.S. Senate,NA,Republican,Aaron L. Pettigrew,782
Tipton,U.S. Senate,NA,Republican,Marsha Blackburn,6062
Tipton,U.S. Senate,NA,Republican,"Write-In - Tom Emerson, Jr.",2
Tipton,U.S. Senate,NA,Republican,Write-In - Tommy N. Hay,0
Trousdale,State Executive Committeeman,18,Democratic,Leonard Assante,179
Trousdale,State Executive Committeeman,18,Democratic,Thomas Whisenant,240
Trousdale,State Executive Committeewoman,18,Democratic,Diane Barber-Miller,425
Trousdale,State Executive Committeeman,18,Republican,Chris Hughes,944
Trousdale,State Executive Committeewoman,18,Republican,Maria C. Stewart,942
Trousdale,State House,40,Democratic,No Candidate Qualified,0
Trousdale,State House,40,Republican,Chad Z. Williams,280
Trousdale,State House,40,Republican,Terri Lynn Weaver,1016
Trousdale,U.S. House,6,Democratic,Christopher Martin Finley,82
Trousdale,U.S. House,6,Democratic,Dawn Barlow,264
Trousdale,U.S. House,6,Democratic,Merrilee Wineinger,58
Trousdale,U.S. House,6,Democratic,Peter Heffernan,57
Trousdale,U.S. House,6,Republican,Bob Corlew,465
Trousdale,U.S. House,6,Republican,Christopher Brian Monday,21
Trousdale,U.S. House,6,Republican,John Rose,508
Trousdale,U.S. House,6,Republican,Judd Matheny,122
Trousdale,U.S. House,6,Republican,"Lavern ""Uturn LaVern"" Vivio",101
Trousdale,Governor,NA,Democratic,Craig Fitzhugh,41
Trousdale,Governor,NA,Democratic,Karl Dean,600
Trousdale,Governor,NA,Democratic,Mezianne Vale Payne,14
Trousdale,U.S. Senate,NA,Democratic,Gary Davis,24
Trousdale,U.S. Senate,NA,Democratic,John Wolfe,14
Trousdale,U.S. Senate,NA,Democratic,Phil Bredesen,614
Trousdale,Governor,NA,Republican,Basil Marceaux Sr.,2
Trousdale,Governor,NA,Republican,Beth Harwell,183
Trousdale,Governor,NA,Republican,Bill Lee,570
Trousdale,Governor,NA,Republican,Diane Black,349
Trousdale,Governor,NA,Republican,Kay White,6
Trousdale,Governor,NA,Republican,Randy Boyd,269
Trousdale,U.S. Senate,NA,Republican,Aaron L. Pettigrew,189
Trousdale,U.S. Senate,NA,Republican,Marsha Blackburn,1042
Trousdale,U.S. Senate,NA,Republican,"Write-In - Tom Emerson, Jr.",0
Trousdale,U.S. Senate,NA,Republican,Write-In - Tommy N. Hay,0
Unicoi,U.S. House,1,Democratic,Marty Olsen,292
Unicoi,U.S. House,1,Republican,James Brooks,122
Unicoi,U.S. House,1,Republican,Mickie Lou Banyas,180
Unicoi,U.S. House,1,Republican,Phil Roe,2230
Unicoi,U.S. House,1,Republican,Todd A. McKinley,421
Unicoi,District Attorney General,1 (unexpired term),Independent,Kenneth C Baldwin,2522
Unicoi,State Executive Committeeman,3,Democratic,No Candidate Qualified,0
Unicoi,State Executive Committeewoman,3,Democratic,Debbie McClaskey,263
Unicoi,State Senate,3,Democratic,No Candidate Qualified,0
Unicoi,State Executive Committeeman,3,Republican,Todd A. Fowler,2188
Unicoi,State Executive Committeewoman,3,Republican,Anita Hodges Taylor,1062
Unicoi,State Executive Committeewoman,3,Republican,Betty J. Ziesel,201
Unicoi,State Executive Committeewoman,3,Republican,Sharon Fletcher Boreing,911
Unicoi,State Senate,3,Republican,Rusty Crowe,2668
Unicoi,State House,4,Democratic,No Candidate Qualified,0
Unicoi,State House,4,Republican,John B Holsclaw Jr.,1108
Unicoi,State House,4,Republican,Tim Lingerfelt,1708
Unicoi,Governor,NA,Democratic,Craig Fitzhugh,69
Unicoi,Governor,NA,Democratic,Karl Dean,240
Unicoi,Governor,NA,Democratic,Mezianne Vale Payne,24
Unicoi,U.S. Senate,NA,Democratic,Gary Davis,27
Unicoi,U.S. Senate,NA,Democratic,John Wolfe,14
Unicoi,U.S. Senate,NA,Democratic,Phil Bredesen,302
Unicoi,Governor,NA,Republican,Basil Marceaux Sr.,7
Unicoi,Governor,NA,Republican,Beth Harwell,343
Unicoi,Governor,NA,Republican,Bill Lee,1397
Unicoi,Governor,NA,Republican,Diane Black,798
Unicoi,Governor,NA,Republican,Kay White,57
Unicoi,Governor,NA,Republican,Randy Boyd,523
Unicoi,U.S. Senate,NA,Republican,Aaron L. Pettigrew,436
Unicoi,U.S. Senate,NA,Republican,Marsha Blackburn,2202
Unicoi,U.S. Senate,NA,Republican,"Write-In - Tom Emerson, Jr.",0
Unicoi,U.S. Senate,NA,Republican,Write-In - Tommy N. Hay,0
Union,U.S. House,3,Democratic,Danielle Mitchell,633
Union,U.S. House,3,Republican,Chuck Fleischmann,2570
Union,U.S. House,3,Republican,Harold E. Shevlin,87
Union,U.S. House,3,Republican,Jeremy Massengale,377
Union,U.S. House,3,Republican,"William E. Spurlock, Sr.",197
Union,State House,35,Democratic,Write-In - Joshua Lee Eldridge,0
Union,State House,35,Republican,James Acuff,330
Union,State House,35,Republican,Jerry Sexton,490
Union,State House,35,Republican,Mike Williams,538
Union,State House,36,Democratic,Cassandra Mitchell,401
Union,State House,36,Republican,Dennis H. Powers,1834
Union,State Executive Committeeman,8,Democratic,Bill Fannon,577
Union,State Executive Committeewoman,8,Democratic,Lindsey Cole Cadle,581
Union,State Executive Committeeman,8,Republican,David A. Bishop,2363
Union,State Executive Committeewoman,8,Republican,Betty Fain,2317
Union,Governor,NA,Democratic,Craig Fitzhugh,139
Union,Governor,NA,Democratic,Karl Dean,542
Union,Governor,NA,Democratic,Mezianne Vale Payne,66
Union,U.S. Senate,NA,Democratic,Gary Davis,79
Union,U.S. Senate,NA,Democratic,John Wolfe,59
Union,U.S. Senate,NA,Democratic,Phil Bredesen,683
Union,Governor,NA,Republican,Basil Marceaux Sr.,8
Union,Governor,NA,Republican,Beth Harwell,583
Union,Governor,NA,Republican,Bill Lee,1243
Union,Governor,NA,Republican,Diane Black,774
Union,Governor,NA,Republican,Kay White,16
Union,Governor,NA,Republican,Randy Boyd,1112
Union,U.S. Senate,NA,Republican,Aaron L. Pettigrew,559
Union,U.S. Senate,NA,Republican,Marsha Blackburn,2433
Union,U.S. Senate,NA,Republican,"Write-In - Tom Emerson, Jr.",0
Union,U.S. Senate,NA,Republican,Write-In - Tommy N. Hay,0
Van Buren,State Executive Committeeman,16,Democratic,Bobby E. Bush Jr.,134
Van Buren,State Executive Committeeman,16,Democratic,Robin B. Smith,183
Van Buren,State Executive Committeewoman,16,Democratic,Betty Newman Fraley,209
Van Buren,State Executive Committeewoman,16,Democratic,Rupa Blackwell,110
Van Buren,State Executive Committeeman,16,Republican,Jerry Anderson,690
Van Buren,State Executive Committeewoman,16,Republican,Amanda Angel,361
Van Buren,State Executive Committeewoman,16,Republican,Joanne P. Davis,338
Van Buren,State House,25,Democratic,Anne F. Quillen,323
Van Buren,State House,25,Republican,Cameron Sexton,770
Van Buren,U.S. House,4,Democratic,Christopher J. Hale,157
Van Buren,U.S. House,4,Democratic,Mariah Phillips,124
Van Buren,U.S. House,4,Democratic,Steven Reynolds,101
Van Buren,U.S. House,4,Republican,Jack Maddux,211
Van Buren,U.S. House,4,Republican,Scott DesJarlais,636
Van Buren,U.S. House,6,Democratic,Christopher Martin Finley,7
Van Buren,U.S. House,6,Democratic,Dawn Barlow,13
Van Buren,U.S. House,6,Democratic,Merrilee Wineinger,4
Van Buren,U.S. House,6,Democratic,Peter Heffernan,0
Van Buren,U.S. House,6,Republican,Bob Corlew,17
Van Buren,U.S. House,6,Republican,Christopher Brian Monday,3
Van Buren,U.S. House,6,Republican,John Rose,47
Van Buren,U.S. House,6,Republican,Judd Matheny,16
Van Buren,U.S. House,6,Republican,"Lavern ""Uturn LaVern"" Vivio",5
Van Buren,Governor,NA,Democratic,Craig Fitzhugh,36
Van Buren,Governor,NA,Democratic,Karl Dean,463
Van Buren,Governor,NA,Democratic,Mezianne Vale Payne,19
Van Buren,U.S. Senate,NA,Democratic,Gary Davis,43
Van Buren,U.S. Senate,NA,Democratic,John Wolfe,26
Van Buren,U.S. Senate,NA,Democratic,Phil Bredesen,458
Van Buren,Governor,NA,Republican,Basil Marceaux Sr.,0
Van Buren,Governor,NA,Republican,Beth Harwell,99
Van Buren,Governor,NA,Republican,Bill Lee,533
Van Buren,Governor,NA,Republican,Diane Black,252
Van Buren,Governor,NA,Republican,Kay White,2
Van Buren,Governor,NA,Republican,Randy Boyd,135
Van Buren,U.S. Senate,NA,Republican,Aaron L. Pettigrew,133
Van Buren,U.S. Senate,NA,Republican,Marsha Blackburn,780
Van Buren,U.S. Senate,NA,Republican,"Write-In - Tom Emerson, Jr.",0
Van Buren,U.S. Senate,NA,Republican,Write-In - Tommy N. Hay,0
Warren,State Executive Committeeman,16,Democratic,Bobby E. Bush Jr.,1004
Warren,State Executive Committeeman,16,Democratic,Robin B. Smith,1302
Warren,State Executive Committeewoman,16,Democratic,Betty Newman Fraley,1522
Warren,State Executive Committeewoman,16,Democratic,Rupa Blackwell,819
Warren,State Executive Committeeman,16,Republican,Jerry Anderson,3785
Warren,State Executive Committeewoman,16,Republican,Amanda Angel,1868
Warren,State Executive Committeewoman,16,Republican,Joanne P. Davis,2067
Warren,U.S. House,4,Democratic,Christopher J. Hale,897
Warren,U.S. House,4,Democratic,Mariah Phillips,936
Warren,U.S. House,4,Democratic,Steven Reynolds,833
Warren,U.S. House,4,Republican,Jack Maddux,1713
Warren,U.S. House,4,Republican,Scott DesJarlais,3749
Warren,State House,43,Democratic,Les Trotman,1602
Warren,State House,43,Republican,Jerry Lowery,998
Warren,State House,43,Republican,Paul Sherrell,2087
Warren,State House,47,Democratic,Mike Winton,898
Warren,State House,47,Republican,Ronnie Holden,895
Warren,State House,47,Republican,Rush Bricken,819
Warren,Governor,NA,Democratic,Craig Fitzhugh,340
Warren,Governor,NA,Democratic,Karl Dean,2612
Warren,Governor,NA,Democratic,Mezianne Vale Payne,131
Warren,U.S. Senate,NA,Democratic,Gary Davis,166
Warren,U.S. Senate,NA,Democratic,John Wolfe,95
Warren,U.S. Senate,NA,Democratic,Phil Bredesen,2889
Warren,Governor,NA,Republican,Basil Marceaux Sr.,7
Warren,Governor,NA,Republican,Beth Harwell,658
Warren,Governor,NA,Republican,Bill Lee,2916
Warren,Governor,NA,Republican,Diane Black,1333
Warren,Governor,NA,Republican,Kay White,17
Warren,Governor,NA,Republican,Randy Boyd,1147
Warren,U.S. Senate,NA,Republican,Aaron L. Pettigrew,811
Warren,U.S. Senate,NA,Republican,Marsha Blackburn,4560
Warren,U.S. Senate,NA,Republican,"Write-In - Tom Emerson, Jr.",0
Warren,U.S. Senate,NA,Republican,Write-In - Tommy N. Hay,0
Washington,U.S. House,1,Democratic,Marty Olsen,2984
Washington,U.S. House,1,Republican,James Brooks,627
Washington,U.S. House,1,Republican,Mickie Lou Banyas,978
Washington,U.S. House,1,Republican,Phil Roe,10788
Washington,U.S. House,1,Republican,Todd A. McKinley,2404
Washington,District Attorney General,1 (unexpired term),Independent,Kenneth C Baldwin,13377
Washington,State Executive Committeeman,3,Democratic,No Candidate Qualified,0
Washington,State Executive Committeewoman,3,Democratic,Debbie McClaskey,2709
Washington,State Senate,3,Democratic,No Candidate Qualified,0
Washington,State Executive Committeeman,3,Republican,Todd A. Fowler,11542
Washington,State Executive Committeewoman,3,Republican,Anita Hodges Taylor,5595
Washington,State Executive Committeewoman,3,Republican,Betty J. Ziesel,1180
Washington,State Executive Committeewoman,3,Republican,Sharon Fletcher Boreing,5259
Washington,State Senate,3,Republican,Rusty Crowe,13123
Washington,State House,6,Democratic,No Candidate Qualified,0
Washington,State House,6,Republican,Micah Van Huss,4861
Washington,State House,6,Republican,Steve Darden,2678
Washington,State House,7,Democratic,Nathan Farnor,1364
Washington,State House,7,Republican,Matthew Hill,5668
Washington,Governor,NA,Democratic,Craig Fitzhugh,899
Washington,Governor,NA,Democratic,Karl Dean,2210
Washington,Governor,NA,Democratic,Mezianne Vale Payne,222
Washington,U.S. Senate,NA,Democratic,Gary Davis,168
Washington,U.S. Senate,NA,Democratic,John Wolfe,152
Washington,U.S. Senate,NA,Democratic,Phil Bredesen,3088
Washington,Governor,NA,Republican,Basil Marceaux Sr.,32
Washington,Governor,NA,Republican,Beth Harwell,2151
Washington,Governor,NA,Republican,Bill Lee,6472
Washington,Governor,NA,Republican,Diane Black,3586
Washington,Governor,NA,Republican,Kay White,169
Washington,Governor,NA,Republican,Randy Boyd,2943
Washington,U.S. Senate,NA,Republican,Aaron L. Pettigrew,2095
Washington,U.S. Senate,NA,Republican,Marsha Blackburn,11410
Washington,U.S. Senate,NA,Republican,"Write-In - Tom Emerson, Jr.",0
Washington,U.S. Senate,NA,Republican,Write-In - Tommy N. Hay,0
Wayne,State Executive Committeeman,28,Democratic,Write-In - Seth J. Campbell,0
Wayne,State Executive Committeewoman,28,Democratic,Write-In - Pame Moore Morrow,0
Wayne,State Executive Committeeman,28,Republican,Jim Looney,1929
Wayne,State Executive Committeewoman,28,Republican,Angie McClanahan,1942
Wayne,U.S. House,7,Democratic,Justin Kanew,259
Wayne,U.S. House,7,Democratic,Matt Reel,163
Wayne,U.S. House,7,Republican,Mark E. Green,2011
Wayne,State House,71,Democratic,Frankie G. Floied,358
Wayne,State House,71,Republican,"David ""Coach"" Byrd",2888
Wayne,Governor,NA,Democratic,Craig Fitzhugh,38
Wayne,Governor,NA,Democratic,Karl Dean,445
Wayne,Governor,NA,Democratic,Mezianne Vale Payne,29
Wayne,U.S. Senate,NA,Democratic,Gary Davis,45
Wayne,U.S. Senate,NA,Democratic,John Wolfe,18
Wayne,U.S. Senate,NA,Democratic,Phil Bredesen,459
Wayne,Governor,NA,Republican,Basil Marceaux Sr.,3
Wayne,Governor,NA,Republican,Beth Harwell,272
Wayne,Governor,NA,Republican,Bill Lee,1105
Wayne,Governor,NA,Republican,Diane Black,993
Wayne,Governor,NA,Republican,Kay White,19
Wayne,Governor,NA,Republican,Randy Boyd,1119
Wayne,U.S. Senate,NA,Republican,Aaron L. Pettigrew,301
Wayne,U.S. Senate,NA,Republican,Marsha Blackburn,2957
Wayne,U.S. Senate,NA,Republican,"Write-In - Tom Emerson, Jr.",0
Wayne,U.S. Senate,NA,Republican,Write-In - Tommy N. Hay,0
Weakley,State Executive Committeeman,24,Democratic,Don Farmer,1315
Weakley,State Executive Committeewoman,24,Democratic,Angela Callis,1306
Weakley,State Executive Committeeman,24,Republican,Gary Kee,4013
Weakley,State Executive Committeewoman,24,Republican,Elizabeth (Betsy) Phillips,1955
Weakley,State Executive Committeewoman,24,Republican,Rebecca Griffey,1929
Weakley,State House,76,Democratic,Deane Arganbright,1300
Weakley,State House,76,Republican,Andy Holt,3664
Weakley,State House,76,Republican,Scott Fortner,1261
Weakley,U.S. House,8,Democratic,Erika Stotts Pearson,501
Weakley,U.S. House,8,Democratic,John Boatner,789
Weakley,U.S. House,8,Republican,Colleen Owens,275
Weakley,U.S. House,8,Republican,David Kustoff,2119
Weakley,U.S. House,8,Republican,"George S. Flinn, Jr.",2336
Weakley,Governor,NA,Democratic,Craig Fitzhugh,481
Weakley,Governor,NA,Democratic,Karl Dean,752
Weakley,Governor,NA,Democratic,Mezianne Vale Payne,118
Weakley,U.S. Senate,NA,Democratic,Gary Davis,87
Weakley,U.S. Senate,NA,Democratic,John Wolfe,68
Weakley,U.S. Senate,NA,Democratic,Phil Bredesen,1281
Weakley,Governor,NA,Republican,Basil Marceaux Sr.,7
Weakley,Governor,NA,Republican,Beth Harwell,196
Weakley,Governor,NA,Republican,Bill Lee,1395
Weakley,Governor,NA,Republican,Diane Black,934
Weakley,Governor,NA,Republican,Kay White,19
Weakley,Governor,NA,Republican,Randy Boyd,2411
Weakley,U.S. Senate,NA,Republican,Aaron L. Pettigrew,1060
Weakley,U.S. Senate,NA,Republican,Marsha Blackburn,3495
Weakley,U.S. Senate,NA,Republican,"Write-In - Tom Emerson, Jr.",0
Weakley,U.S. Senate,NA,Republican,Write-In - Tommy N. Hay,0
White,State Executive Committeeman,15,Democratic,Amos Powers,957
White,State Executive Committeewoman,15,Democratic,Cheryl H. Vickers,970
White,State Senate,15,Democratic,Angela Hedgecough,1028
White,State Executive Committeeman,15,Republican,Lance Persson,762
White,State Executive Committeeman,15,Republican,Mike Callahan,2736
White,State Executive Committeewoman,15,Republican,Barbara D. Gregson,3434
White,State Senate,15,Republican,Paul Bailey,4143
White,State House,43,Democratic,Les Trotman,1010
White,State House,43,Republican,Jerry Lowery,1776
White,State House,43,Republican,Paul Sherrell,2864
White,U.S. House,6,Democratic,Christopher Martin Finley,299
White,U.S. House,6,Democratic,Dawn Barlow,515
White,U.S. House,6,Democratic,Merrilee Wineinger,160
White,U.S. House,6,Democratic,Peter Heffernan,73
White,U.S. House,6,Republican,Bob Corlew,1240
White,U.S. House,6,Republican,Christopher Brian Monday,133
White,U.S. House,6,Republican,John Rose,1985
White,U.S. House,6,Republican,Judd Matheny,747
White,U.S. House,6,Republican,"Lavern ""Uturn LaVern"" Vivio",238
White,Governor,NA,Democratic,Craig Fitzhugh,90
White,Governor,NA,Democratic,Karl Dean,1056
White,Governor,NA,Democratic,Mezianne Vale Payne,67
White,U.S. Senate,NA,Democratic,Gary Davis,75
White,U.S. Senate,NA,Democratic,John Wolfe,42
White,U.S. Senate,NA,Democratic,Phil Bredesen,1125
White,Governor,NA,Republican,Basil Marceaux Sr.,6
White,Governor,NA,Republican,Beth Harwell,495
White,Governor,NA,Republican,Bill Lee,2086
White,Governor,NA,Republican,Diane Black,1249
White,Governor,NA,Republican,Kay White,17
White,Governor,NA,Republican,Randy Boyd,927
White,U.S. Senate,NA,Republican,Aaron L. Pettigrew,629
White,U.S. Senate,NA,Republican,Marsha Blackburn,3803
White,U.S. Senate,NA,Republican,"Write-In - Tom Emerson, Jr.",0
White,U.S. Senate,NA,Republican,Write-In - Tommy N. Hay,0
Williamson,State Executive Committeeman,23,Democratic,Brandon Schexnayder,9489
Williamson,State Executive Committeewoman,23,Democratic,Kelly Baker-Hefley,9558
Williamson,State Senate,23,Democratic,Kristen Grimm,9673
Williamson,State Executive Committeeman,23,Republican,Steve Allbrooks,25751
Williamson,State Executive Committeewoman,23,Republican,Cyndi Miller,25704
Williamson,State Senate,23,Republican,Jack Johnson,26893
Williamson,State House,61,Democratic,Rebecca Purington,3416
Williamson,State House,61,Republican,Brandon Ogles,3913
Williamson,State House,61,Republican,Gino Bulso,2685
Williamson,State House,61,Republican,Jeff Ford,1876
Williamson,State House,61,Republican,Rebecca Ann Burke,1604
Williamson,State House,61,Republican,Robert Hullett,709
Williamson,State House,61,Republican,Terrence A. Smith,250
Williamson,State House,63,Democratic,Bill Peach,3718
Williamson,State House,63,Republican,Glen Casada,9807
Williamson,State House,63,Republican,Write-In - RaeShawn Sanchez,9
Williamson,State House,65,Democratic,Toby Shaffer,2716
Williamson,State House,65,Republican,Sam Whitson,7514
Williamson,U.S. House,7,Democratic,Justin Kanew,7842
Williamson,U.S. House,7,Democratic,Matt Reel,2834
Williamson,U.S. House,7,Republican,Mark E. Green,26459
Williamson,Governor,NA,Democratic,Craig Fitzhugh,1280
Williamson,Governor,NA,Democratic,Karl Dean,10067
Williamson,Governor,NA,Democratic,Mezianne Vale Payne,206
Williamson,U.S. Senate,NA,Democratic,Gary Davis,228
Williamson,U.S. Senate,NA,Democratic,John Wolfe,169
Williamson,U.S. Senate,NA,Democratic,Phil Bredesen,11200
Williamson,Governor,NA,Republican,Basil Marceaux Sr.,42
Williamson,Governor,NA,Republican,Beth Harwell,5264
Williamson,Governor,NA,Republican,Bill Lee,16874
Williamson,Governor,NA,Republican,Diane Black,5821
Williamson,Governor,NA,Republican,Kay White,71
Williamson,Governor,NA,Republican,Randy Boyd,4088
Williamson,U.S. Senate,NA,Republican,Aaron L. Pettigrew,4680
Williamson,U.S. Senate,NA,Republican,Marsha Blackburn,25923
Williamson,U.S. Senate,NA,Republican,"Write-In - Tom Emerson, Jr.",0
Williamson,U.S. Senate,NA,Republican,Write-In - Tommy N. Hay,0
Wilson,State Executive Committeeman,17,Democratic,Aubrey T. Givens,6794
Wilson,State Executive Committeewoman,17,Democratic,Carol Brown Andrews,6805
Wilson,State Senate,17,Democratic,Mary Alice Carfi,7009
Wilson,State Executive Committeeman,17,Republican,Dwayne Craighead,8699
Wilson,State Executive Committeeman,17,Republican,Jerry Beavers,9483
Wilson,State Executive Committeewoman,17,Republican,Jennifer Franklin Winfree,9006
Wilson,State Executive Committeewoman,17,Republican,Terri Nicholson,8476
Wilson,State Senate,17,Republican,Mark Pody,19575
Wilson,State House,46,Democratic,Faye Northcutt-Knox,954
Wilson,State House,46,Democratic,Mark Cagle,1525
Wilson,State House,46,Republican,Clark Boyd,6699
Wilson,State House,46,Republican,Menda McCall Holmes,1250
Wilson,State House,57,Democratic,Jordan Cole,4328
Wilson,State House,57,Republican,Aaron Shane,4542
Wilson,State House,57,Republican,Susan M Lynn,8688
Wilson,U.S. House,6,Democratic,Christopher Martin Finley,900
Wilson,U.S. House,6,Democratic,Dawn Barlow,3620
Wilson,U.S. House,6,Democratic,Merrilee Wineinger,1728
Wilson,U.S. House,6,Democratic,Peter Heffernan,570
Wilson,U.S. House,6,Republican,Bob Corlew,7958
Wilson,U.S. House,6,Republican,Christopher Brian Monday,637
Wilson,U.S. House,6,Republican,John Rose,7849
Wilson,U.S. House,6,Republican,Judd Matheny,2508
Wilson,U.S. House,6,Republican,"Lavern ""Uturn LaVern"" Vivio",1495
Wilson,Governor,NA,Democratic,Craig Fitzhugh,699
Wilson,Governor,NA,Democratic,Karl Dean,6811
Wilson,Governor,NA,Democratic,Mezianne Vale Payne,204
Wilson,U.S. Senate,NA,Democratic,Gary Davis,311
Wilson,U.S. Senate,NA,Democratic,John Wolfe,179
Wilson,U.S. Senate,NA,Democratic,Phil Bredesen,7249
Wilson,Governor,NA,Republican,Basil Marceaux Sr.,30
Wilson,Governor,NA,Republican,Beth Harwell,3569
Wilson,Governor,NA,Republican,Bill Lee,9221
Wilson,Governor,NA,Republican,Diane Black,5048
Wilson,Governor,NA,Republican,Kay White,65
Wilson,Governor,NA,Republican,Randy Boyd,4160
Wilson,U.S. Senate,NA,Republican,Aaron L. Pettigrew,3286
Wilson,U.S. Senate,NA,Republican,Marsha Blackburn,17972
Wilson,U.S. Senate,NA,Republican,"Write-In - Tom Emerson, Jr.",0
Wilson,U.S. Senate,NA,Republican,Write-In - Tommy N. Hay,0
