county,office,district,party,candidate,votes
Anderson,President,,,Write-In - Brian Carroll,11.0
Anderson,President,,,Write-In - Jade Simmons,1.0
Anderson,President,,,Write-In - Kasey Wells,0.0
Anderson,President,,,Write-In - Tom Hoefling,1.0
Anderson,U.S. Senate,,,Write-In - Al Green,0.0
Anderson,U.S. Senate,,,Write-In - John A. Gentry,1.0
Anderson,President,,Democratic,Joseph R. Biden,11741.0
Anderson,U.S. Senate,,Democratic,Marquita Bradshaw,10820.0
Anderson,President,,Independent,Alyson Kennedy,33.0
Anderson,President,,Independent,Don Blankenship,56.0
Anderson,President,,Independent,Gloria La Riva,13.0
Anderson,President,,Independent,Howie Hawkins,52.0
Anderson,President,,Independent,Jo Jorgensen,397.0
Anderson,President,,Independent,Kanye West,69.0
Anderson,President,,Independent,"Roque ""Rocky"" De La Fuente",12.0
Anderson,U.S. Senate,,Independent,Aaron James,54.0
Anderson,U.S. Senate,,Independent,Elizabeth McLeod,198.0
Anderson,U.S. Senate,,Independent,Eric William Stansberry,61.0
Anderson,U.S. Senate,,Independent,G. Dean Hill,55.0
Anderson,U.S. Senate,,Independent,Jeffrey Alan Grunau,58.0
Anderson,U.S. Senate,,Independent,Ronnie Henley,75.0
Anderson,U.S. Senate,,Independent,Steven J. Hooper,53.0
Anderson,U.S. Senate,,Independent,"Yomi ""Fapas"" Faparusi Sr.",103.0
Anderson,President,,Republican,Donald J. Trump,23184.0
Anderson,U.S. Senate,,Republican,Bill Hagerty,22988.0
Anderson,U.S. House,3,,Write-In - Scott D. James,0.0
Anderson,U.S. House,3,Democratic,Meg Gorman,10461.0
Anderson,U.S. House,3,Independent,Amber L. Hysell,527.0
Anderson,U.S. House,3,Independent,Keith Douglas Sweitzer,223.0
Anderson,U.S. House,3,Republican,Chuck Fleischmann,23069.0
Anderson,State Representative,33,Republican,John D Ragan,23145.0
Anderson,State Representative,36,Democratic,CJ Mitchell,1046.0
Anderson,State Representative,36,Republican,Dennis Powers,3613.0
Bedford,President,,,Write-In - Brian Carroll,2.0
Bedford,President,,,Write-In - Jade Simmons,0.0
Bedford,President,,,Write-In - Kasey Wells,0.0
Bedford,President,,,Write-In - Tom Hoefling,0.0
Bedford,U.S. Senate,,,Write-In - Al Green,0.0
Bedford,U.S. Senate,,,Write-In - John A. Gentry,0.0
Bedford,President,,Democratic,Joseph R. Biden,4453.0
Bedford,U.S. Senate,,Democratic,Marquita Bradshaw,3808.0
Bedford,President,,Independent,Alyson Kennedy,9.0
Bedford,President,,Independent,Don Blankenship,32.0
Bedford,President,,Independent,Gloria La Riva,6.0
Bedford,President,,Independent,Howie Hawkins,24.0
Bedford,President,,Independent,Jo Jorgensen,155.0
Bedford,President,,Independent,Kanye West,45.0
Bedford,President,,Independent,"Roque ""Rocky"" De La Fuente",8.0
Bedford,U.S. Senate,,Independent,Aaron James,29.0
Bedford,U.S. Senate,,Independent,Elizabeth McLeod,69.0
Bedford,U.S. Senate,,Independent,Eric William Stansberry,32.0
Bedford,U.S. Senate,,Independent,G. Dean Hill,36.0
Bedford,U.S. Senate,,Independent,Jeffrey Alan Grunau,26.0
Bedford,U.S. Senate,,Independent,Ronnie Henley,63.0
Bedford,U.S. Senate,,Independent,Steven J. Hooper,55.0
Bedford,U.S. Senate,,Independent,"Yomi ""Fapas"" Faparusi Sr.",50.0
Bedford,President,,Republican,Donald J. Trump,14354.0
Bedford,U.S. Senate,,Republican,Bill Hagerty,13920.0
Bedford,State Senate,14,Democratic,Chase Clemons,3651.0
Bedford,State Senate,14,Republican,Shane Reeves,12909.0
Bedford,U.S. House,4,Democratic,Christopher J. Hale,4507.0
Bedford,U.S. House,4,Republican,Scott DesJarlais,13258.0
Bedford,State Representative,62,,Write-In - Tre Stewart,192.0
Bedford,State Representative,62,Republican,Pat Marsh,14836.0
Benton,President,,,Write-In - Brian Carroll,0.0
Benton,President,,,Write-In - Jade Simmons,0.0
Benton,President,,,Write-In - Kasey Wells,0.0
Benton,President,,,Write-In - Tom Hoefling,0.0
Benton,U.S. Senate,,,Write-In - Al Green,0.0
Benton,U.S. Senate,,,Write-In - John A. Gentry,0.0
Benton,President,,Democratic,Joseph R. Biden,1529.0
Benton,U.S. Senate,,Democratic,Marquita Bradshaw,1338.0
Benton,President,,Independent,Alyson Kennedy,3.0
Benton,President,,Independent,Don Blankenship,8.0
Benton,President,,Independent,Gloria La Riva,2.0
Benton,President,,Independent,Howie Hawkins,6.0
Benton,President,,Independent,Jo Jorgensen,35.0
Benton,President,,Independent,Kanye West,8.0
Benton,President,,Independent,"Roque ""Rocky"" De La Fuente",1.0
Benton,U.S. Senate,,Independent,Aaron James,7.0
Benton,U.S. Senate,,Independent,Elizabeth McLeod,32.0
Benton,U.S. Senate,,Independent,Eric William Stansberry,8.0
Benton,U.S. Senate,,Independent,G. Dean Hill,17.0
Benton,U.S. Senate,,Independent,Jeffrey Alan Grunau,17.0
Benton,U.S. Senate,,Independent,Ronnie Henley,24.0
Benton,U.S. Senate,,Independent,Steven J. Hooper,46.0
Benton,U.S. Senate,,Independent,"Yomi ""Fapas"" Faparusi Sr.",13.0
Benton,President,,Republican,Donald J. Trump,5668.0
Benton,U.S. Senate,,Republican,Bill Hagerty,5462.0
Benton,State Senate,24,Independent,Yahweh Yahweh,796.0
Benton,State Senate,24,Republican,John D. Stevens,5691.0
Benton,U.S. House,7,Democratic,Kiran Sreepada,1261.0
Benton,U.S. House,7,Independent,Ronald Brown,135.0
Benton,U.S. House,7,Independent,Scott Anthony Vieira Jr,42.0
Benton,U.S. House,7,Republican,Mark E. Green,5358.0
Benton,State Representative,75,Independent,James Hart,1109.0
Benton,State Representative,75,Republican,Bruce I. Griffey,5507.0
Benton,U.S. House,8,Democratic,Erika Stotts Pearson,8.0
Benton,U.S. House,8,Independent,James Hart,4.0
Benton,U.S. House,8,Independent,Jon Dillard,0.0
Benton,U.S. House,8,Republican,David Kustoff,31.0
Bledsoe,President,,,Write-In - Brian Carroll,0.0
Bledsoe,President,,,Write-In - Jade Simmons,0.0
Bledsoe,President,,,Write-In - Kasey Wells,0.0
Bledsoe,President,,,Write-In - Tom Hoefling,0.0
Bledsoe,U.S. Senate,,,Write-In - Al Green,0.0
Bledsoe,U.S. Senate,,,Write-In - John A. Gentry,0.0
Bledsoe,President,,Democratic,Joseph R. Biden,971.0
Bledsoe,U.S. Senate,,Democratic,Marquita Bradshaw,898.0
Bledsoe,President,,Independent,Alyson Kennedy,2.0
Bledsoe,President,,Independent,Don Blankenship,13.0
Bledsoe,President,,Independent,Gloria La Riva,1.0
Bledsoe,President,,Independent,Howie Hawkins,4.0
Bledsoe,President,,Independent,Jo Jorgensen,33.0
Bledsoe,President,,Independent,Kanye West,7.0
Bledsoe,President,,Independent,"Roque ""Rocky"" De La Fuente",2.0
Bledsoe,U.S. Senate,,Independent,Aaron James,17.0
Bledsoe,U.S. Senate,,Independent,Elizabeth McLeod,22.0
Bledsoe,U.S. Senate,,Independent,Eric William Stansberry,13.0
Bledsoe,U.S. Senate,,Independent,G. Dean Hill,6.0
Bledsoe,U.S. Senate,,Independent,Jeffrey Alan Grunau,7.0
Bledsoe,U.S. Senate,,Independent,Ronnie Henley,19.0
Bledsoe,U.S. Senate,,Independent,Steven J. Hooper,12.0
Bledsoe,U.S. Senate,,Independent,"Yomi ""Fapas"" Faparusi Sr.",2.0
Bledsoe,President,,Republican,Donald J. Trump,4725.0
Bledsoe,U.S. Senate,,Republican,Bill Hagerty,4460.0
Bledsoe,State Representative,31,Democratic,Dean Sparks,915.0
Bledsoe,State Representative,31,Republican,Ron Travis,4586.0
Bledsoe,U.S. House,4,Democratic,Christopher J. Hale,1126.0
Bledsoe,U.S. House,4,Republican,Scott DesJarlais,4319.0
Blount,President,,,Write-In - Brian Carroll,24.0
Blount,President,,,Write-In - Jade Simmons,3.0
Blount,President,,,Write-In - Kasey Wells,0.0
Blount,President,,,Write-In - Tom Hoefling,1.0
Blount,U.S. Senate,,,Write-In - Al Green,0.0
Blount,U.S. Senate,,,Write-In - John A. Gentry,1.0
Blount,President,,Democratic,Joseph R. Biden,17932.0
Blount,U.S. Senate,,Democratic,Marquita Bradshaw,15950.0
Blount,President,,Independent,Alyson Kennedy,27.0
Blount,President,,Independent,Don Blankenship,141.0
Blount,President,,Independent,Gloria La Riva,12.0
Blount,President,,Independent,Howie Hawkins,99.0
Blount,President,,Independent,Jo Jorgensen,834.0
Blount,President,,Independent,Kanye West,130.0
Blount,President,,Independent,"Roque ""Rocky"" De La Fuente",37.0
Blount,U.S. Senate,,Independent,Aaron James,60.0
Blount,U.S. Senate,,Independent,Elizabeth McLeod,148.0
Blount,U.S. Senate,,Independent,Eric William Stansberry,39.0
Blount,U.S. Senate,,Independent,G. Dean Hill,191.0
Blount,U.S. Senate,,Independent,Jeffrey Alan Grunau,96.0
Blount,U.S. Senate,,Independent,Ronnie Henley,221.0
Blount,U.S. Senate,,Independent,Steven J. Hooper,228.0
Blount,U.S. Senate,,Independent,"Yomi ""Fapas"" Faparusi Sr.",263.0
Blount,President,,Republican,Donald J. Trump,47369.0
Blount,U.S. Senate,,Republican,Bill Hagerty,47391.0
Blount,State Senate,2,,Write-In - Patti Larimer Young,1676.0
Blount,U.S. House,2,,Write-In - David Dockery,6.0
Blount,U.S. House,2,,Write-In - Ronald Cornell Jr.,1.0
Blount,U.S. House,2,Democratic,Renee Hoyos,15681.0
Blount,U.S. House,2,Independent,Matthew L. Campbell,979.0
Blount,State Senate,2,Republican,Art Swann,52454.0
Blount,U.S. House,2,Republican,Tim Burchett,48659.0
Blount,State Representative,20,Democratic,Susan Sneed,8806.0
Blount,State Representative,20,Republican,Bob Ramsey,23650.0
Blount,State Representative,8,Democratic,Jay Clark,7971.0
Blount,State Representative,8,Republican,Jerome F. Moon,23762.0
Bradley,President,,,Write-In - Brian Carroll,14.0
Bradley,President,,,Write-In - Jade Simmons,0.0
Bradley,President,,,Write-In - Kasey Wells,0.0
Bradley,President,,,Write-In - Tom Hoefling,0.0
Bradley,U.S. Senate,,,Write-In - Al Green,0.0
Bradley,U.S. Senate,,,Write-In - John A. Gentry,0.0
Bradley,President,,Democratic,Joseph R. Biden,9851.0
Bradley,U.S. Senate,,Democratic,Marquita Bradshaw,8716.0
Bradley,President,,Independent,Alyson Kennedy,15.0
Bradley,President,,Independent,Don Blankenship,85.0
Bradley,President,,Independent,Gloria La Riva,17.0
Bradley,President,,Independent,Howie Hawkins,53.0
Bradley,President,,Independent,Jo Jorgensen,500.0
Bradley,President,,Independent,Kanye West,102.0
Bradley,President,,Independent,"Roque ""Rocky"" De La Fuente",24.0
Bradley,U.S. Senate,,Independent,Aaron James,64.0
Bradley,U.S. Senate,,Independent,Elizabeth McLeod,229.0
Bradley,U.S. Senate,,Independent,Eric William Stansberry,283.0
Bradley,U.S. Senate,,Independent,G. Dean Hill,57.0
Bradley,U.S. Senate,,Independent,Jeffrey Alan Grunau,61.0
Bradley,U.S. Senate,,Independent,Ronnie Henley,111.0
Bradley,U.S. Senate,,Independent,Steven J. Hooper,99.0
Bradley,U.S. Senate,,Independent,"Yomi ""Fapas"" Faparusi Sr.",143.0
Bradley,President,,Republican,Donald J. Trump,35204.0
Bradley,U.S. Senate,,Republican,Bill Hagerty,34262.0
Bradley,State Senate,10,Democratic,Glenn Scruggs,2751.0
Bradley,State Senate,10,Republican,Todd Gardenhire,14274.0
Bradley,State Representative,22,Republican,Dan Howell,14198.0
Bradley,State Representative,24,Democratic,Daniel Jones,5960.0
Bradley,State Representative,24,Republican,Mark Hall,19249.0
Bradley,U.S. House,3,,Write-In - Scott D. James,0.0
Bradley,U.S. House,3,Democratic,Meg Gorman,1715.0
Bradley,U.S. House,3,Independent,Amber L. Hysell,172.0
Bradley,U.S. House,3,Independent,Keith Douglas Sweitzer,69.0
Bradley,U.S. House,3,Republican,Chuck Fleischmann,10042.0
Bradley,U.S. House,4,Democratic,Christopher J. Hale,8256.0
Bradley,U.S. House,4,Republican,Scott DesJarlais,23081.0
Campbell,President,,,Write-In - Brian Carroll,0.0
Campbell,President,,,Write-In - Jade Simmons,0.0
Campbell,President,,,Write-In - Kasey Wells,0.0
Campbell,President,,,Write-In - Tom Hoefling,0.0
Campbell,U.S. Senate,,,Write-In - Al Green,0.0
Campbell,U.S. Senate,,,Write-In - John A. Gentry,0.0
Campbell,President,,Democratic,Joseph R. Biden,2441.0
Campbell,U.S. Senate,,Democratic,Marquita Bradshaw,2173.0
Campbell,President,,Independent,Alyson Kennedy,5.0
Campbell,President,,Independent,Don Blankenship,24.0
Campbell,President,,Independent,Gloria La Riva,2.0
Campbell,President,,Independent,Howie Hawkins,9.0
Campbell,President,,Independent,Jo Jorgensen,101.0
Campbell,President,,Independent,Kanye West,18.0
Campbell,President,,Independent,"Roque ""Rocky"" De La Fuente",2.0
Campbell,U.S. Senate,,Independent,Aaron James,11.0
Campbell,U.S. Senate,,Independent,Elizabeth McLeod,32.0
Campbell,U.S. Senate,,Independent,Eric William Stansberry,12.0
Campbell,U.S. Senate,,Independent,G. Dean Hill,40.0
Campbell,U.S. Senate,,Independent,Jeffrey Alan Grunau,29.0
Campbell,U.S. Senate,,Independent,Ronnie Henley,60.0
Campbell,U.S. Senate,,Independent,Steven J. Hooper,58.0
Campbell,U.S. Senate,,Independent,"Yomi ""Fapas"" Faparusi Sr.",24.0
Campbell,President,,Republican,Donald J. Trump,12331.0
Campbell,U.S. Senate,,Republican,Bill Hagerty,11610.0
Campbell,State Senate,12,Republican,Ken Yager,12194.0
Campbell,U.S. House,2,,Write-In - David Dockery,0.0
Campbell,U.S. House,2,,Write-In - Ronald Cornell Jr.,0.0
Campbell,U.S. House,2,Democratic,Renee Hoyos,321.0
Campbell,U.S. House,2,Independent,Matthew L. Campbell,31.0
Campbell,U.S. House,2,Republican,Tim Burchett,1389.0
Campbell,U.S. House,3,,Write-In - Scott D. James,0.0
Campbell,U.S. House,3,Democratic,Meg Gorman,1782.0
Campbell,U.S. House,3,Independent,Amber L. Hysell,175.0
Campbell,U.S. House,3,Independent,Keith Douglas Sweitzer,91.0
Campbell,U.S. House,3,Republican,Chuck Fleischmann,10041.0
Campbell,State Representative,36,Democratic,CJ Mitchell,2237.0
Campbell,State Representative,36,Republican,Dennis Powers,11687.0
Cannon,President,,,Write-In - Brian Carroll,2.0
Cannon,President,,,Write-In - Jade Simmons,0.0
Cannon,President,,,Write-In - Kasey Wells,0.0
Cannon,President,,,Write-In - Tom Hoefling,0.0
Cannon,U.S. Senate,,,Write-In - Al Green,0.0
Cannon,U.S. Senate,,,Write-In - John A. Gentry,0.0
Cannon,President,,Democratic,Joseph R. Biden,1261.0
Cannon,U.S. Senate,,Democratic,Marquita Bradshaw,1105.0
Cannon,President,,Independent,Alyson Kennedy,7.0
Cannon,President,,Independent,Don Blankenship,12.0
Cannon,President,,Independent,Gloria La Riva,2.0
Cannon,President,,Independent,Howie Hawkins,6.0
Cannon,President,,Independent,Jo Jorgensen,63.0
Cannon,President,,Independent,Kanye West,12.0
Cannon,President,,Independent,"Roque ""Rocky"" De La Fuente",2.0
Cannon,U.S. Senate,,Independent,Aaron James,14.0
Cannon,U.S. Senate,,Independent,Elizabeth McLeod,25.0
Cannon,U.S. Senate,,Independent,Eric William Stansberry,8.0
Cannon,U.S. Senate,,Independent,G. Dean Hill,6.0
Cannon,U.S. Senate,,Independent,Jeffrey Alan Grunau,11.0
Cannon,U.S. Senate,,Independent,Ronnie Henley,24.0
Cannon,U.S. Senate,,Independent,Steven J. Hooper,17.0
Cannon,U.S. Senate,,Independent,"Yomi ""Fapas"" Faparusi Sr.",19.0
Cannon,President,,Republican,Donald J. Trump,5190.0
Cannon,U.S. Senate,,Republican,Bill Hagerty,4904.0
Cannon,State Representative,46,Republican,Clark Boyd,4427.0
Cannon,U.S. House,6,Democratic,Christopher Martin Finley,1111.0
Cannon,U.S. House,6,Independent,Christopher B. Monday,138.0
Cannon,U.S. House,6,Republican,John Rose,4702.0
Carroll,President,,,Write-In - Brian Carroll,0.0
Carroll,President,,,Write-In - Jade Simmons,0.0
Carroll,President,,,Write-In - Kasey Wells,0.0
Carroll,President,,,Write-In - Tom Hoefling,0.0
Carroll,U.S. Senate,,,Write-In - Al Green,0.0
Carroll,U.S. Senate,,,Write-In - John A. Gentry,1.0
Carroll,President,,Democratic,Joseph R. Biden,2559.0
Carroll,U.S. Senate,,Democratic,Marquita Bradshaw,2286.0
Carroll,President,,Independent,Alyson Kennedy,7.0
Carroll,President,,Independent,Don Blankenship,18.0
Carroll,President,,Independent,Gloria La Riva,2.0
Carroll,President,,Independent,Howie Hawkins,12.0
Carroll,President,,Independent,Jo Jorgensen,90.0
Carroll,President,,Independent,Kanye West,9.0
Carroll,President,,Independent,"Roque ""Rocky"" De La Fuente",3.0
Carroll,U.S. Senate,,Independent,Aaron James,17.0
Carroll,U.S. Senate,,Independent,Elizabeth McLeod,59.0
Carroll,U.S. Senate,,Independent,Eric William Stansberry,15.0
Carroll,U.S. Senate,,Independent,G. Dean Hill,20.0
Carroll,U.S. Senate,,Independent,Jeffrey Alan Grunau,23.0
Carroll,U.S. Senate,,Independent,Ronnie Henley,44.0
Carroll,U.S. Senate,,Independent,Steven J. Hooper,33.0
Carroll,U.S. Senate,,Independent,"Yomi ""Fapas"" Faparusi Sr.",18.0
Carroll,President,,Republican,Donald J. Trump,9205.0
Carroll,U.S. Senate,,Republican,Bill Hagerty,8899.0
Carroll,State Senate,24,Independent,Yahweh Yahweh,1355.0
Carroll,State Senate,24,Republican,John D. Stevens,9305.0
Carroll,State Representative,76,Independent,Jeffery T. Washburn,1166.0
Carroll,State Representative,76,Republican,Tandy Darby,3756.0
Carroll,State Representative,79,,Write-In - Houston Butler Jr.,2.0
Carroll,State Representative,79,Republican,Curtis Halford,5534.0
Carroll,U.S. House,8,Democratic,Erika Stotts Pearson,2196.0
Carroll,U.S. House,8,Independent,James Hart,158.0
Carroll,U.S. House,8,Independent,Jon Dillard,109.0
Carroll,U.S. House,8,Republican,David Kustoff,8888.0
Carter,President,,,Write-In - Brian Carroll,0.0
Carter,President,,,Write-In - Jade Simmons,1.0
Carter,President,,,Write-In - Kasey Wells,0.0
Carter,President,,,Write-In - Tom Hoefling,3.0
Carter,U.S. Senate,,,Write-In - Al Green,0.0
Carter,U.S. Senate,,,Write-In - John A. Gentry,0.0
Carter,President,,Democratic,Joseph R. Biden,4529.0
Carter,U.S. Senate,,Democratic,Marquita Bradshaw,4127.0
Carter,President,,Independent,Alyson Kennedy,14.0
Carter,President,,Independent,Don Blankenship,27.0
Carter,President,,Independent,Gloria La Riva,13.0
Carter,President,,Independent,Howie Hawkins,39.0
Carter,President,,Independent,Jo Jorgensen,243.0
Carter,President,,Independent,Kanye West,33.0
Carter,President,,Independent,"Roque ""Rocky"" De La Fuente",6.0
Carter,U.S. Senate,,Independent,Aaron James,40.0
Carter,U.S. Senate,,Independent,Elizabeth McLeod,133.0
Carter,U.S. Senate,,Independent,Eric William Stansberry,39.0
Carter,U.S. Senate,,Independent,G. Dean Hill,48.0
Carter,U.S. Senate,,Independent,Jeffrey Alan Grunau,32.0
Carter,U.S. Senate,,Independent,Ronnie Henley,57.0
Carter,U.S. Senate,,Independent,Steven J. Hooper,32.0
Carter,U.S. Senate,,Independent,"Yomi ""Fapas"" Faparusi Sr.",68.0
Carter,President,,Republican,Donald J. Trump,19584.0
Carter,U.S. Senate,,Republican,Bill Hagerty,18593.0
Carter,U.S. House,1,,Write-In - Josh Berger,0.0
Carter,U.S. House,1,Democratic,Blair Walsingham,4483.0
Carter,U.S. House,1,Independent,Steve Holder,722.0
Carter,U.S. House,1,Republican,Diana Harshbarger,18130.0
Carter,State Representative,3,Republican,Scotty Campbell,3057.0
Carter,State Representative,4,Democratic,Bobby Patrick Harrell,3293.0
Carter,State Senate,4,Democratic,Amber Riddle,668.0
Carter,State Representative,4,Republican,John B. Holsclaw Jr,14620.0
Carter,State Senate,4,Republican,Jon C. Lundberg,3763.0
Cheatham,President,,,Write-In - Brian Carroll,0.0
Cheatham,President,,,Write-In - Jade Simmons,0.0
Cheatham,President,,,Write-In - Kasey Wells,0.0
Cheatham,President,,,Write-In - Tom Hoefling,0.0
Cheatham,U.S. Senate,,,Write-In - Al Green,0.0
Cheatham,U.S. Senate,,,Write-In - John A. Gentry,1.0
Cheatham,President,,Democratic,Joseph R. Biden,5514.0
Cheatham,U.S. Senate,,Democratic,Marquita Bradshaw,4959.0
Cheatham,President,,Independent,Alyson Kennedy,5.0
Cheatham,President,,Independent,Don Blankenship,31.0
Cheatham,President,,Independent,Gloria La Riva,1.0
Cheatham,President,,Independent,Howie Hawkins,27.0
Cheatham,President,,Independent,Jo Jorgensen,205.0
Cheatham,President,,Independent,Kanye West,24.0
Cheatham,President,,Independent,"Roque ""Rocky"" De La Fuente",15.0
Cheatham,U.S. Senate,,Independent,Aaron James,35.0
Cheatham,U.S. Senate,,Independent,Elizabeth McLeod,129.0
Cheatham,U.S. Senate,,Independent,Eric William Stansberry,18.0
Cheatham,U.S. Senate,,Independent,G. Dean Hill,28.0
Cheatham,U.S. Senate,,Independent,Jeffrey Alan Grunau,25.0
Cheatham,U.S. Senate,,Independent,Ronnie Henley,42.0
Cheatham,U.S. Senate,,Independent,Steven J. Hooper,76.0
Cheatham,U.S. Senate,,Independent,"Yomi ""Fapas"" Faparusi Sr.",65.0
Cheatham,President,,Republican,Donald J. Trump,14438.0
Cheatham,U.S. Senate,,Republican,Bill Hagerty,14094.0
Cheatham,U.S. House,5,,Write-In - John Miglietta,0.0
Cheatham,U.S. House,5,,Write-In - Natisha Brooks,0.0
Cheatham,U.S. House,5,,Write-In - Trevor Killian Murphy,0.0
Cheatham,U.S. House,5,Democratic,Jim Cooper,7306.0
Cheatham,U.S. House,6,Democratic,Christopher Martin Finley,1107.0
Cheatham,U.S. House,6,Independent,Christopher B. Monday,118.0
Cheatham,U.S. House,6,Republican,John Rose,3998.0
Cheatham,State Representative,78,Democratic,Holly Spann,5332.0
Cheatham,State Representative,78,Republican,Mary Littleton,14157.0
Chester,President,,,Write-In - Brian Carroll,3.0
Chester,President,,,Write-In - Jade Simmons,0.0
Chester,President,,,Write-In - Kasey Wells,0.0
Chester,President,,,Write-In - Tom Hoefling,0.0
Chester,U.S. Senate,,,Write-In - Al Green,0.0
Chester,U.S. Senate,,,Write-In - John A. Gentry,0.0
Chester,President,,Democratic,Joseph R. Biden,1412.0
Chester,U.S. Senate,,Democratic,Marquita Bradshaw,1305.0
Chester,President,,Independent,Alyson Kennedy,15.0
Chester,President,,Independent,Don Blankenship,23.0
Chester,President,,Independent,Gloria La Riva,6.0
Chester,President,,Independent,Howie Hawkins,7.0
Chester,President,,Independent,Jo Jorgensen,87.0
Chester,President,,Independent,Kanye West,71.0
Chester,President,,Independent,"Roque ""Rocky"" De La Fuente",8.0
Chester,U.S. Senate,,Independent,Aaron James,37.0
Chester,U.S. Senate,,Independent,Elizabeth McLeod,27.0
Chester,U.S. Senate,,Independent,Eric William Stansberry,15.0
Chester,U.S. Senate,,Independent,G. Dean Hill,7.0
Chester,U.S. Senate,,Independent,Jeffrey Alan Grunau,5.0
Chester,U.S. Senate,,Independent,Ronnie Henley,14.0
Chester,U.S. Senate,,Independent,Steven J. Hooper,21.0
Chester,U.S. Senate,,Independent,"Yomi ""Fapas"" Faparusi Sr.",8.0
Chester,President,,Republican,Donald J. Trump,5952.0
Chester,U.S. Senate,,Republican,Bill Hagerty,5951.0
Chester,State Senate,26,Democratic,Civil Miller-Watkins,1237.0
Chester,State Senate,26,Republican,Page Walley,6154.0
Chester,U.S. House,7,Democratic,Kiran Sreepada,1241.0
Chester,U.S. House,7,Independent,Ronald Brown,85.0
Chester,U.S. House,7,Independent,Scott Anthony Vieira Jr,39.0
Chester,U.S. House,7,Republican,Mark E. Green,5908.0
Chester,State Representative,72,Republican,Kirk Haston,6640.0
Claiborne,President,,,Write-In - Brian Carroll,2.0
Claiborne,President,,,Write-In - Jade Simmons,0.0
Claiborne,President,,,Write-In - Kasey Wells,0.0
Claiborne,President,,,Write-In - Tom Hoefling,0.0
Claiborne,U.S. Senate,,,Write-In - Al Green,0.0
Claiborne,U.S. Senate,,,Write-In - John A. Gentry,0.0
Claiborne,President,,Democratic,Joseph R. Biden,2202.0
Claiborne,U.S. Senate,,Democratic,Marquita Bradshaw,1962.0
Claiborne,President,,Independent,Alyson Kennedy,8.0
Claiborne,President,,Independent,Don Blankenship,11.0
Claiborne,President,,Independent,Gloria La Riva,0.0
Claiborne,President,,Independent,Howie Hawkins,6.0
Claiborne,President,,Independent,Jo Jorgensen,83.0
Claiborne,President,,Independent,Kanye West,22.0
Claiborne,President,,Independent,"Roque ""Rocky"" De La Fuente",7.0
Claiborne,U.S. Senate,,Independent,Aaron James,19.0
Claiborne,U.S. Senate,,Independent,Elizabeth McLeod,42.0
Claiborne,U.S. Senate,,Independent,Eric William Stansberry,25.0
Claiborne,U.S. Senate,,Independent,G. Dean Hill,17.0
Claiborne,U.S. Senate,,Independent,Jeffrey Alan Grunau,9.0
Claiborne,U.S. Senate,,Independent,Ronnie Henley,27.0
Claiborne,U.S. Senate,,Independent,Steven J. Hooper,28.0
Claiborne,U.S. Senate,,Independent,"Yomi ""Fapas"" Faparusi Sr.",24.0
Claiborne,President,,Republican,Donald J. Trump,10604.0
Claiborne,U.S. Senate,,Republican,Bill Hagerty,10116.0
Claiborne,U.S. House,2,,Write-In - David Dockery,0.0
Claiborne,U.S. House,2,,Write-In - Ronald Cornell Jr.,0.0
Claiborne,U.S. House,2,Democratic,Renee Hoyos,1928.0
Claiborne,U.S. House,2,Independent,Matthew L. Campbell,178.0
Claiborne,U.S. House,2,Republican,Tim Burchett,10301.0
Claiborne,State Representative,35,Republican,Jerry Sexton,10525.0
Claiborne,State Senate,8,Republican,Frank S. Niceley,10276.0
Clay,President,,,Write-In - Brian Carroll,0.0
Clay,President,,,Write-In - Jade Simmons,0.0
Clay,President,,,Write-In - Kasey Wells,0.0
Clay,President,,,Write-In - Tom Hoefling,0.0
Clay,U.S. Senate,,,Write-In - Al Green,0.0
Clay,U.S. Senate,,,Write-In - John A. Gentry,0.0
Clay,President,,Democratic,Joseph R. Biden,735.0
Clay,U.S. Senate,,Democratic,Marquita Bradshaw,616.0
Clay,President,,Independent,Alyson Kennedy,2.0
Clay,President,,Independent,Don Blankenship,5.0
Clay,President,,Independent,Gloria La Riva,0.0
Clay,President,,Independent,Howie Hawkins,4.0
Clay,President,,Independent,Jo Jorgensen,22.0
Clay,President,,Independent,Kanye West,4.0
Clay,President,,Independent,"Roque ""Rocky"" De La Fuente",1.0
Clay,U.S. Senate,,Independent,Aaron James,3.0
Clay,U.S. Senate,,Independent,Elizabeth McLeod,14.0
Clay,U.S. Senate,,Independent,Eric William Stansberry,5.0
Clay,U.S. Senate,,Independent,G. Dean Hill,7.0
Clay,U.S. Senate,,Independent,Jeffrey Alan Grunau,6.0
Clay,U.S. Senate,,Independent,Ronnie Henley,14.0
Clay,U.S. Senate,,Independent,Steven J. Hooper,16.0
Clay,U.S. Senate,,Independent,"Yomi ""Fapas"" Faparusi Sr.",5.0
Clay,President,,Republican,Donald J. Trump,2733.0
Clay,U.S. Senate,,Republican,Bill Hagerty,2525.0
Clay,State Representative,38,Democratic,Carol Abney,743.0
Clay,State Representative,38,Republican,Kelly T Keisling,2424.0
Clay,U.S. House,6,Democratic,Christopher Martin Finley,585.0
Clay,U.S. House,6,Independent,Christopher B. Monday,60.0
Clay,U.S. House,6,Republican,John Rose,2415.0
Cocke,President,,,Write-In - Brian Carroll,0.0
Cocke,President,,,Write-In - Jade Simmons,0.0
Cocke,President,,,Write-In - Kasey Wells,0.0
Cocke,President,,,Write-In - Tom Hoefling,0.0
Cocke,U.S. Senate,,,Write-In - Al Green,0.0
Cocke,U.S. Senate,,,Write-In - John A. Gentry,0.0
Cocke,President,,Democratic,Joseph R. Biden,2533.0
Cocke,U.S. Senate,,Democratic,Marquita Bradshaw,2227.0
Cocke,President,,Independent,Alyson Kennedy,7.0
Cocke,President,,Independent,Don Blankenship,12.0
Cocke,President,,Independent,Gloria La Riva,4.0
Cocke,President,,Independent,Howie Hawkins,23.0
Cocke,President,,Independent,Jo Jorgensen,93.0
Cocke,President,,Independent,Kanye West,20.0
Cocke,President,,Independent,"Roque ""Rocky"" De La Fuente",5.0
Cocke,U.S. Senate,,Independent,Aaron James,18.0
Cocke,U.S. Senate,,Independent,Elizabeth McLeod,73.0
Cocke,U.S. Senate,,Independent,Eric William Stansberry,39.0
Cocke,U.S. Senate,,Independent,G. Dean Hill,30.0
Cocke,U.S. Senate,,Independent,Jeffrey Alan Grunau,31.0
Cocke,U.S. Senate,,Independent,Ronnie Henley,44.0
Cocke,U.S. Senate,,Independent,Steven J. Hooper,80.0
Cocke,U.S. Senate,,Independent,"Yomi ""Fapas"" Faparusi Sr.",32.0
Cocke,President,,Republican,Donald J. Trump,12162.0
Cocke,U.S. Senate,,Republican,Bill Hagerty,11284.0
Cocke,U.S. House,1,,Write-In - Josh Berger,0.0
Cocke,U.S. House,1,Democratic,Blair Walsingham,2205.0
Cocke,U.S. House,1,Independent,Steve Holder,461.0
Cocke,U.S. House,1,Republican,Diana Harshbarger,10822.0
Cocke,State Representative,11,Republican,Jeremy Faison,10932.0
Coffee,President,,,Write-In - Brian Carroll,0.0
Coffee,President,,,Write-In - Jade Simmons,0.0
Coffee,President,,,Write-In - Kasey Wells,0.0
Coffee,President,,,Write-In - Tom Hoefling,0.0
Coffee,U.S. Senate,,,Write-In - Al Green,0.0
Coffee,U.S. Senate,,,Write-In - John A. Gentry,0.0
Coffee,President,,Democratic,Joseph R. Biden,5705.0
Coffee,U.S. Senate,,Democratic,Marquita Bradshaw,5215.0
Coffee,President,,Independent,Alyson Kennedy,71.0
Coffee,President,,Independent,Don Blankenship,59.0
Coffee,President,,Independent,Gloria La Riva,30.0
Coffee,President,,Independent,Howie Hawkins,49.0
Coffee,President,,Independent,Jo Jorgensen,242.0
Coffee,President,,Independent,Kanye West,219.0
Coffee,President,,Independent,"Roque ""Rocky"" De La Fuente",24.0
Coffee,U.S. Senate,,Independent,Aaron James,159.0
Coffee,U.S. Senate,,Independent,Elizabeth McLeod,181.0
Coffee,U.S. Senate,,Independent,Eric William Stansberry,58.0
Coffee,U.S. Senate,,Independent,G. Dean Hill,47.0
Coffee,U.S. Senate,,Independent,Jeffrey Alan Grunau,31.0
Coffee,U.S. Senate,,Independent,Ronnie Henley,100.0
Coffee,U.S. Senate,,Independent,Steven J. Hooper,89.0
Coffee,U.S. Senate,,Independent,"Yomi ""Fapas"" Faparusi Sr.",56.0
Coffee,President,,Republican,Donald J. Trump,17883.0
Coffee,U.S. Senate,,Republican,Bill Hagerty,17607.0
Coffee,State Senate,16,Democratic,Sheila Younglove,5525.0
Coffee,State Senate,16,Republican,Janice Bowling,17895.0
Coffee,State Representative,47,Republican,Rush Bricken,19760.0
Coffee,U.S. House,6,Democratic,Christopher Martin Finley,5246.0
Coffee,U.S. House,6,Independent,Christopher B. Monday,528.0
Coffee,U.S. House,6,Republican,John Rose,17317.0
Crockett,President,,,Write-In - Brian Carroll,0.0
Crockett,President,,,Write-In - Jade Simmons,0.0
Crockett,President,,,Write-In - Kasey Wells,0.0
Crockett,President,,,Write-In - Tom Hoefling,0.0
Crockett,U.S. Senate,,,Write-In - Al Green,0.0
Crockett,U.S. Senate,,,Write-In - John A. Gentry,0.0
Crockett,President,,Democratic,Joseph R. Biden,1382.0
Crockett,U.S. Senate,,Democratic,Marquita Bradshaw,1190.0
Crockett,President,,Independent,Alyson Kennedy,4.0
Crockett,President,,Independent,Don Blankenship,3.0
Crockett,President,,Independent,Gloria La Riva,1.0
Crockett,President,,Independent,Howie Hawkins,6.0
Crockett,President,,Independent,Jo Jorgensen,30.0
Crockett,President,,Independent,Kanye West,12.0
Crockett,President,,Independent,"Roque ""Rocky"" De La Fuente",3.0
Crockett,U.S. Senate,,Independent,Aaron James,2.0
Crockett,U.S. Senate,,Independent,Elizabeth McLeod,21.0
Crockett,U.S. Senate,,Independent,Eric William Stansberry,11.0
Crockett,U.S. Senate,,Independent,G. Dean Hill,8.0
Crockett,U.S. Senate,,Independent,Jeffrey Alan Grunau,5.0
Crockett,U.S. Senate,,Independent,Ronnie Henley,12.0
Crockett,U.S. Senate,,Independent,Steven J. Hooper,14.0
Crockett,U.S. Senate,,Independent,"Yomi ""Fapas"" Faparusi Sr.",16.0
Crockett,President,,Republican,Donald J. Trump,4673.0
Crockett,U.S. Senate,,Republican,Bill Hagerty,4455.0
Crockett,U.S. House,8,Democratic,Erika Stotts Pearson,1067.0
Crockett,U.S. House,8,Independent,James Hart,88.0
Crockett,U.S. House,8,Independent,Jon Dillard,28.0
Crockett,U.S. House,8,Republican,David Kustoff,4402.0
Crockett,State Representative,82,Democratic,Andrea Bond-Johnson,1397.0
Crockett,State Representative,82,Republican,Chris Hurt,4210.0
Cumberland,President,,,Write-In - Brian Carroll,0.0
Cumberland,President,,,Write-In - Jade Simmons,0.0
Cumberland,President,,,Write-In - Kasey Wells,0.0
Cumberland,President,,,Write-In - Tom Hoefling,0.0
Cumberland,U.S. Senate,,,Write-In - Al Green,0.0
Cumberland,U.S. Senate,,,Write-In - John A. Gentry,1.0
Cumberland,President,,Democratic,Joseph R. Biden,6728.0
Cumberland,U.S. Senate,,Democratic,Marquita Bradshaw,5908.0
Cumberland,President,,Independent,Alyson Kennedy,13.0
Cumberland,President,,Independent,Don Blankenship,62.0
Cumberland,President,,Independent,Gloria La Riva,1.0
Cumberland,President,,Independent,Howie Hawkins,31.0
Cumberland,President,,Independent,Jo Jorgensen,232.0
Cumberland,President,,Independent,Kanye West,35.0
Cumberland,President,,Independent,"Roque ""Rocky"" De La Fuente",9.0
Cumberland,U.S. Senate,,Independent,Aaron James,32.0
Cumberland,U.S. Senate,,Independent,Elizabeth McLeod,140.0
Cumberland,U.S. Senate,,Independent,Eric William Stansberry,49.0
Cumberland,U.S. Senate,,Independent,G. Dean Hill,50.0
Cumberland,U.S. Senate,,Independent,Jeffrey Alan Grunau,44.0
Cumberland,U.S. Senate,,Independent,Ronnie Henley,76.0
Cumberland,U.S. Senate,,Independent,Steven J. Hooper,52.0
Cumberland,U.S. Senate,,Independent,"Yomi ""Fapas"" Faparusi Sr.",65.0
Cumberland,President,,Republican,Donald J. Trump,25168.0
Cumberland,U.S. Senate,,Republican,Bill Hagerty,24412.0
Cumberland,State Representative,25,Democratic,Robyn Deck,5330.0
Cumberland,State Representative,25,Republican,Cameron Sexton,24158.0
Cumberland,U.S. House,6,Democratic,Christopher Martin Finley,5862.0
Cumberland,U.S. House,6,Independent,Christopher B. Monday,541.0
Cumberland,U.S. House,6,Republican,John Rose,23060.0
Davidson,President,,,Write-In - Brian Carroll,137.0
Davidson,President,,,Write-In - Jade Simmons,0.0
Davidson,President,,,Write-In - Kasey Wells,0.0
Davidson,President,,,Write-In - Tom Hoefling,1.0
Davidson,U.S. Senate,,,Write-In - Al Green,0.0
Davidson,U.S. Senate,,,Write-In - John A. Gentry,6.0
Davidson,President,,Democratic,Joseph R. Biden,199703.0
Davidson,U.S. Senate,,Democratic,Marquita Bradshaw,184972.0
Davidson,President,,Independent,Alyson Kennedy,632.0
Davidson,President,,Independent,Don Blankenship,600.0
Davidson,President,,Independent,Gloria La Riva,1072.0
Davidson,President,,Independent,Howie Hawkins,729.0
Davidson,President,,Independent,Jo Jorgensen,3543.0
Davidson,President,,Independent,Kanye West,2601.0
Davidson,President,,Independent,"Roque ""Rocky"" De La Fuente",421.0
Davidson,U.S. Senate,,Independent,Aaron James,1517.0
Davidson,U.S. Senate,,Independent,Elizabeth McLeod,2402.0
Davidson,U.S. Senate,,Independent,Eric William Stansberry,912.0
Davidson,U.S. Senate,,Independent,G. Dean Hill,481.0
Davidson,U.S. Senate,,Independent,Jeffrey Alan Grunau,399.0
Davidson,U.S. Senate,,Independent,Ronnie Henley,688.0
Davidson,U.S. Senate,,Independent,Steven J. Hooper,1617.0
Davidson,U.S. Senate,,Independent,"Yomi ""Fapas"" Faparusi Sr.",1670.0
Davidson,President,,Republican,Donald J. Trump,100218.0
Davidson,U.S. Senate,,Republican,Bill Hagerty,106664.0
Davidson,State Senate,18,Independent,John A. Gentry,6187.0
Davidson,State Senate,18,Republican,Ferrell Haile,6941.0
Davidson,State Senate,20,Democratic,Heidi Campbell,58746.0
Davidson,State Senate,20,Republican,Steven Reid Dickerson,54755.0
Davidson,U.S. House,5,,Write-In - John Miglietta,0.0
Davidson,U.S. House,5,,Write-In - Natisha Brooks,13.0
Davidson,U.S. House,5,,Write-In - Trevor Killian Murphy,1.0
Davidson,U.S. House,5,Democratic,Jim Cooper,232098.0
Davidson,State Representative,50,Democratic,Bo Mitchell,23658.0
Davidson,State Representative,51,Democratic,Bill Beck,27212.0
Davidson,State Representative,52,Democratic,Mike Stewart,16421.0
Davidson,State Representative,52,Republican,Donna Tees,6382.0
Davidson,State Representative,53,Democratic,Jason L. Powell,20075.0
Davidson,State Representative,54,Democratic,Vincent Dixie,24619.0
Davidson,State Representative,55,Democratic,John Ray Clemmons,25707.0
Davidson,State Representative,56,Democratic,Bob Freeman,22321.0
Davidson,State Representative,56,Republican,Diane Michel Canada,18891.0
Davidson,State Representative,58,Democratic,Harold M. Love,23839.0
Davidson,State Representative,59,Democratic,Jason Potts,15418.0
Davidson,State Representative,60,Democratic,Darren Jernigan,23220.0
DeKalb,President,,,Write-In - Brian Carroll,0.0
DeKalb,President,,,Write-In - Jade Simmons,0.0
DeKalb,President,,,Write-In - Kasey Wells,0.0
DeKalb,President,,,Write-In - Tom Hoefling,0.0
DeKalb,State Representative,40,Independent,Paddy Sizemore,991.0
DeKalb,State Representative,40,Republican,Terri Lynn Weaver,4284.0
DeKalb,State Representative,46,Republican,Clark Boyd,1449.0
Decatur,President,,,Write-In - Brian Carroll,0.0
Decatur,President,,,Write-In - Jade Simmons,0.0
Decatur,President,,,Write-In - Kasey Wells,0.0
Decatur,President,,,Write-In - Tom Hoefling,0.0
Decatur,U.S. Senate,,,Write-In - Al Green,0.0
Decatur,U.S. Senate,,,Write-In - John A. Gentry,0.0
Decatur,President,,Democratic,Joseph R. Biden,904.0
Decatur,U.S. Senate,,Democratic,Marquita Bradshaw,817.0
Decatur,President,,Independent,Alyson Kennedy,12.0
Decatur,President,,Independent,Don Blankenship,15.0
Decatur,President,,Independent,Gloria La Riva,4.0
Decatur,President,,Independent,Howie Hawkins,10.0
Decatur,President,,Independent,Jo Jorgensen,21.0
Decatur,President,,Independent,Kanye West,42.0
Decatur,President,,Independent,"Roque ""Rocky"" De La Fuente",4.0
Decatur,U.S. Senate,,Independent,Aaron James,32.0
Decatur,U.S. Senate,,Independent,Elizabeth McLeod,21.0
Decatur,U.S. Senate,,Independent,Eric William Stansberry,17.0
Decatur,U.S. Senate,,Independent,G. Dean Hill,7.0
Decatur,U.S. Senate,,Independent,Jeffrey Alan Grunau,7.0
Decatur,U.S. Senate,,Independent,Ronnie Henley,15.0
Decatur,U.S. Senate,,Independent,Steven J. Hooper,18.0
Decatur,U.S. Senate,,Independent,"Yomi ""Fapas"" Faparusi Sr.",8.0
Decatur,President,,Republican,Donald J. Trump,4229.0
Decatur,U.S. Senate,,Republican,Bill Hagerty,4075.0
Decatur,State Senate,26,Democratic,Civil Miller-Watkins,814.0
Decatur,State Senate,26,Republican,Page Walley,4081.0
Decatur,U.S. House,7,Democratic,Kiran Sreepada,784.0
Decatur,U.S. House,7,Independent,Ronald Brown,73.0
Decatur,U.S. House,7,Independent,Scott Anthony Vieira Jr,20.0
Decatur,U.S. House,7,Republican,Mark E. Green,3995.0
Decatur,State Representative,72,Republican,Kirk Haston,4457.0
Dekalb,U.S. Senate,,,Write-In - Al Green,0.0
Dekalb,U.S. Senate,,,Write-In - John A. Gentry,0.0
Dekalb,President,,Democratic,Joseph R. Biden,1750.0
Dekalb,U.S. Senate,,Democratic,Marquita Bradshaw,1524.0
Dekalb,President,,Independent,Alyson Kennedy,1.0
Dekalb,President,,Independent,Don Blankenship,9.0
Dekalb,President,,Independent,Gloria La Riva,2.0
Dekalb,President,,Independent,Howie Hawkins,6.0
Dekalb,President,,Independent,Jo Jorgensen,60.0
Dekalb,President,,Independent,Kanye West,9.0
Dekalb,President,,Independent,"Roque ""Rocky"" De La Fuente",4.0
Dekalb,U.S. Senate,,Independent,Aaron James,12.0
Dekalb,U.S. Senate,,Independent,Elizabeth McLeod,30.0
Dekalb,U.S. Senate,,Independent,Eric William Stansberry,24.0
Dekalb,U.S. Senate,,Independent,G. Dean Hill,7.0
Dekalb,U.S. Senate,,Independent,Jeffrey Alan Grunau,6.0
Dekalb,U.S. Senate,,Independent,Ronnie Henley,25.0
Dekalb,U.S. Senate,,Independent,Steven J. Hooper,44.0
Dekalb,U.S. Senate,,Independent,"Yomi ""Fapas"" Faparusi Sr.",33.0
Dekalb,President,,Republican,Donald J. Trump,6672.0
Dekalb,U.S. Senate,,Republican,Bill Hagerty,6162.0
Dekalb,U.S. House,6,Democratic,Christopher Martin Finley,1586.0
Dekalb,U.S. House,6,Independent,Christopher B. Monday,160.0
Dekalb,U.S. House,6,Republican,John Rose,5806.0
Dickson,President,,,Write-In - Brian Carroll,0.0
Dickson,President,,,Write-In - Jade Simmons,0.0
Dickson,President,,,Write-In - Kasey Wells,0.0
Dickson,President,,,Write-In - Tom Hoefling,0.0
Dickson,U.S. Senate,,,Write-In - Al Green,0.0
Dickson,U.S. Senate,,,Write-In - John A. Gentry,0.0
Dickson,President,,Democratic,Joseph R. Biden,6106.0
Dickson,U.S. Senate,,Democratic,Marquita Bradshaw,5556.0
Dickson,President,,Independent,Alyson Kennedy,39.0
Dickson,President,,Independent,Don Blankenship,55.0
Dickson,President,,Independent,Gloria La Riva,29.0
Dickson,President,,Independent,Howie Hawkins,40.0
Dickson,President,,Independent,Jo Jorgensen,260.0
Dickson,President,,Independent,Kanye West,134.0
Dickson,President,,Independent,"Roque ""Rocky"" De La Fuente",17.0
Dickson,U.S. Senate,,Independent,Aaron James,121.0
Dickson,U.S. Senate,,Independent,Elizabeth McLeod,137.0
Dickson,U.S. Senate,,Independent,Eric William Stansberry,70.0
Dickson,U.S. Senate,,Independent,G. Dean Hill,41.0
Dickson,U.S. Senate,,Independent,Jeffrey Alan Grunau,32.0
Dickson,U.S. Senate,,Independent,Ronnie Henley,82.0
Dickson,U.S. Senate,,Independent,Steven J. Hooper,172.0
Dickson,U.S. Senate,,Independent,"Yomi ""Fapas"" Faparusi Sr.",67.0
Dickson,President,,Republican,Donald J. Trump,17643.0
Dickson,U.S. Senate,,Republican,Bill Hagerty,17214.0
Dickson,U.S. House,5,,Write-In - John Miglietta,0.0
Dickson,U.S. House,5,,Write-In - Natisha Brooks,0.0
Dickson,U.S. House,5,,Write-In - Trevor Killian Murphy,0.0
Dickson,U.S. House,5,Democratic,Jim Cooper,12751.0
Dickson,State Representative,69,Democratic,Eddie Johnson,2456.0
Dickson,State Representative,69,Republican,Michael G. Curcio,7673.0
Dickson,State Representative,78,Democratic,Holly Spann,3728.0
Dickson,State Representative,78,Republican,Mary Littleton,9428.0
Dyer,President,,,Write-In - Brian Carroll,1.0
Dyer,President,,,Write-In - Jade Simmons,1.0
Dyer,President,,,Write-In - Kasey Wells,0.0
Dyer,President,,,Write-In - Tom Hoefling,0.0
Dyer,U.S. Senate,,,Write-In - Al Green,0.0
Dyer,U.S. Senate,,,Write-In - John A. Gentry,0.0
Dyer,President,,Democratic,Joseph R. Biden,3158.0
Dyer,U.S. Senate,,Democratic,Marquita Bradshaw,2734.0
Dyer,President,,Independent,Alyson Kennedy,9.0
Dyer,President,,Independent,Don Blankenship,16.0
Dyer,President,,Independent,Gloria La Riva,1.0
Dyer,President,,Independent,Howie Hawkins,7.0
Dyer,President,,Independent,Jo Jorgensen,96.0
Dyer,President,,Independent,Kanye West,13.0
Dyer,President,,Independent,"Roque ""Rocky"" De La Fuente",9.0
Dyer,U.S. Senate,,Independent,Aaron James,22.0
Dyer,U.S. Senate,,Independent,Elizabeth McLeod,78.0
Dyer,U.S. Senate,,Independent,Eric William Stansberry,39.0
Dyer,U.S. Senate,,Independent,G. Dean Hill,22.0
Dyer,U.S. Senate,,Independent,Jeffrey Alan Grunau,24.0
Dyer,U.S. Senate,,Independent,Ronnie Henley,64.0
Dyer,U.S. Senate,,Independent,Steven J. Hooper,44.0
Dyer,U.S. Senate,,Independent,"Yomi ""Fapas"" Faparusi Sr.",36.0
Dyer,President,,Republican,Donald J. Trump,11768.0
Dyer,U.S. Senate,,Republican,Bill Hagerty,11237.0
Dyer,State Representative,77,Republican,Rusty Grills,11878.0
Dyer,U.S. House,8,Democratic,Erika Stotts Pearson,2694.0
Dyer,U.S. House,8,Independent,James Hart,145.0
Dyer,U.S. House,8,Independent,Jon Dillard,114.0
Dyer,U.S. House,8,Republican,David Kustoff,11135.0
Fayette,President,,,Write-In - Brian Carroll,0.0
Fayette,President,,,Write-In - Jade Simmons,0.0
Fayette,President,,,Write-In - Kasey Wells,0.0
Fayette,President,,,Write-In - Tom Hoefling,0.0
Fayette,U.S. Senate,,,Write-In - Al Green,0.0
Fayette,U.S. Senate,,,Write-In - John A. Gentry,1.0
Fayette,President,,Democratic,Joseph R. Biden,7027.0
Fayette,U.S. Senate,,Democratic,Marquita Bradshaw,5818.0
Fayette,President,,Independent,Alyson Kennedy,16.0
Fayette,President,,Independent,Don Blankenship,18.0
Fayette,President,,Independent,Gloria La Riva,7.0
Fayette,President,,Independent,Howie Hawkins,30.0
Fayette,President,,Independent,Jo Jorgensen,145.0
Fayette,President,,Independent,Kanye West,42.0
Fayette,President,,Independent,"Roque ""Rocky"" De La Fuente",9.0
Fayette,U.S. Senate,,Independent,Aaron James,47.0
Fayette,U.S. Senate,,Independent,Elizabeth McLeod,116.0
Fayette,U.S. Senate,,Independent,Eric William Stansberry,58.0
Fayette,U.S. Senate,,Independent,G. Dean Hill,34.0
Fayette,U.S. Senate,,Independent,Jeffrey Alan Grunau,53.0
Fayette,U.S. Senate,,Independent,Ronnie Henley,80.0
Fayette,U.S. Senate,,Independent,Steven J. Hooper,73.0
Fayette,U.S. Senate,,Independent,"Yomi ""Fapas"" Faparusi Sr.",56.0
Fayette,President,,Republican,Donald J. Trump,15690.0
Fayette,U.S. Senate,,Republican,Bill Hagerty,15414.0
Fayette,State Senate,26,Democratic,Civil Miller-Watkins,5473.0
Fayette,State Senate,26,Republican,Page Walley,15171.0
Fayette,U.S. House,8,Democratic,Erika Stotts Pearson,5766.0
Fayette,U.S. House,8,Independent,James Hart,173.0
Fayette,U.S. House,8,Independent,Jon Dillard,184.0
Fayette,U.S. House,8,Republican,David Kustoff,15502.0
Fayette,State Representative,94,Republican,Ron M. Gant,16402.0
Fentress,President,,,Write-In - Brian Carroll,0.0
Fentress,President,,,Write-In - Jade Simmons,0.0
Fentress,President,,,Write-In - Kasey Wells,0.0
Fentress,President,,,Write-In - Tom Hoefling,0.0
Fentress,U.S. Senate,,,Write-In - Al Green,0.0
Fentress,U.S. Senate,,,Write-In - John A. Gentry,0.0
Fentress,President,,Democratic,Joseph R. Biden,1214.0
Fentress,U.S. Senate,,Democratic,Marquita Bradshaw,1056.0
Fentress,President,,Independent,Alyson Kennedy,2.0
Fentress,President,,Independent,Don Blankenship,18.0
Fentress,President,,Independent,Gloria La Riva,0.0
Fentress,President,,Independent,Howie Hawkins,6.0
Fentress,President,,Independent,Jo Jorgensen,36.0
Fentress,President,,Independent,Kanye West,10.0
Fentress,President,,Independent,"Roque ""Rocky"" De La Fuente",2.0
Fentress,U.S. Senate,,Independent,Aaron James,14.0
Fentress,U.S. Senate,,Independent,Elizabeth McLeod,33.0
Fentress,U.S. Senate,,Independent,Eric William Stansberry,15.0
Fentress,U.S. Senate,,Independent,G. Dean Hill,16.0
Fentress,U.S. Senate,,Independent,Jeffrey Alan Grunau,14.0
Fentress,U.S. Senate,,Independent,Ronnie Henley,14.0
Fentress,U.S. Senate,,Independent,Steven J. Hooper,11.0
Fentress,U.S. Senate,,Independent,"Yomi ""Fapas"" Faparusi Sr.",14.0
Fentress,President,,Republican,Donald J. Trump,7441.0
Fentress,U.S. Senate,,Republican,Bill Hagerty,7066.0
Fentress,State Senate,12,Republican,Ken Yager,6843.0
Fentress,State Representative,38,Democratic,Carol Abney,537.0
Fentress,State Representative,38,Republican,Kelly T Keisling,3444.0
Fentress,State Representative,41,Democratic,John Mark Windle,2792.0
Fentress,U.S. House,6,Democratic,Christopher Martin Finley,998.0
Fentress,U.S. House,6,Independent,Christopher B. Monday,135.0
Fentress,U.S. House,6,Republican,John Rose,6653.0
Franklin,President,,,Write-In - Brian Carroll,3.0
Franklin,President,,,Write-In - Jade Simmons,2.0
Franklin,President,,,Write-In - Kasey Wells,0.0
Franklin,President,,,Write-In - Tom Hoefling,0.0
Franklin,U.S. Senate,,,Write-In - Al Green,0.0
Franklin,U.S. Senate,,,Write-In - John A. Gentry,1.0
Franklin,President,,Democratic,Joseph R. Biden,4864.0
Franklin,U.S. Senate,,Democratic,Marquita Bradshaw,4384.0
Franklin,President,,Independent,Alyson Kennedy,7.0
Franklin,President,,Independent,Don Blankenship,30.0
Franklin,President,,Independent,Gloria La Riva,8.0
Franklin,President,,Independent,Howie Hawkins,27.0
Franklin,President,,Independent,Jo Jorgensen,164.0
Franklin,President,,Independent,Kanye West,33.0
Franklin,President,,Independent,"Roque ""Rocky"" De La Fuente",7.0
Franklin,U.S. Senate,,Independent,Aaron James,21.0
Franklin,U.S. Senate,,Independent,Elizabeth McLeod,83.0
Franklin,U.S. Senate,,Independent,Eric William Stansberry,27.0
Franklin,U.S. Senate,,Independent,G. Dean Hill,22.0
Franklin,U.S. Senate,,Independent,Jeffrey Alan Grunau,18.0
Franklin,U.S. Senate,,Independent,Ronnie Henley,60.0
Franklin,U.S. Senate,,Independent,Steven J. Hooper,36.0
Franklin,U.S. Senate,,Independent,"Yomi ""Fapas"" Faparusi Sr.",44.0
Franklin,President,,Republican,Donald J. Trump,13987.0
Franklin,U.S. Senate,,Republican,Bill Hagerty,13490.0
Franklin,State Senate,16,Democratic,Sheila Younglove,4350.0
Franklin,State Senate,16,Republican,Janice Bowling,12932.0
Franklin,State Representative,39,Republican,Iris Rudder,13438.0
Franklin,U.S. House,4,Democratic,Christopher J. Hale,4995.0
Franklin,U.S. House,4,Republican,Scott DesJarlais,13127.0
Franklin,State Representative,92,Republican,Todd Warner,233.0
Gibson,President,,,Write-In - Brian Carroll,6.0
Gibson,President,,,Write-In - Jade Simmons,0.0
Gibson,President,,,Write-In - Kasey Wells,0.0
Gibson,President,,,Write-In - Tom Hoefling,0.0
Gibson,U.S. Senate,,,Write-In - Al Green,0.0
Gibson,U.S. Senate,,,Write-In - John A. Gentry,0.0
Gibson,President,,Democratic,Joseph R. Biden,5771.0
Gibson,U.S. Senate,,Democratic,Marquita Bradshaw,4867.0
Gibson,President,,Independent,Alyson Kennedy,15.0
Gibson,President,,Independent,Don Blankenship,48.0
Gibson,President,,Independent,Gloria La Riva,5.0
Gibson,President,,Independent,Howie Hawkins,32.0
Gibson,President,,Independent,Jo Jorgensen,160.0
Gibson,President,,Independent,Kanye West,31.0
Gibson,President,,Independent,"Roque ""Rocky"" De La Fuente",8.0
Gibson,U.S. Senate,,Independent,Aaron James,27.0
Gibson,U.S. Senate,,Independent,Elizabeth McLeod,90.0
Gibson,U.S. Senate,,Independent,Eric William Stansberry,232.0
Gibson,U.S. Senate,,Independent,G. Dean Hill,30.0
Gibson,U.S. Senate,,Independent,Jeffrey Alan Grunau,43.0
Gibson,U.S. Senate,,Independent,Ronnie Henley,101.0
Gibson,U.S. Senate,,Independent,Steven J. Hooper,81.0
Gibson,U.S. Senate,,Independent,"Yomi ""Fapas"" Faparusi Sr.",74.0
Gibson,President,,Republican,Donald J. Trump,16259.0
Gibson,U.S. Senate,,Republican,Bill Hagerty,15583.0
Gibson,State Senate,24,Independent,Yahweh Yahweh,2268.0
Gibson,State Senate,24,Republican,John D. Stevens,15822.0
Gibson,State Representative,79,,Write-In - Houston Butler Jr.,5.0
Gibson,State Representative,79,Republican,Curtis Halford,16328.0
Gibson,U.S. House,8,Democratic,Erika Stotts Pearson,4823.0
Gibson,U.S. House,8,Independent,James Hart,223.0
Gibson,U.S. House,8,Independent,Jon Dillard,174.0
Gibson,U.S. House,8,Republican,David Kustoff,16030.0
Giles,President,,,Write-In - Brian Carroll,0.0
Giles,President,,,Write-In - Jade Simmons,0.0
Giles,President,,,Write-In - Kasey Wells,0.0
Giles,President,,,Write-In - Tom Hoefling,0.0
Giles,U.S. Senate,,,Write-In - Al Green,0.0
Giles,U.S. Senate,,,Write-In - John A. Gentry,3.0
Giles,President,,Democratic,Joseph R. Biden,3298.0
Giles,U.S. Senate,,Democratic,Marquita Bradshaw,2828.0
Giles,President,,Independent,Alyson Kennedy,3.0
Giles,President,,Independent,Don Blankenship,14.0
Giles,President,,Independent,Gloria La Riva,2.0
Giles,President,,Independent,Howie Hawkins,9.0
Giles,President,,Independent,Jo Jorgensen,68.0
Giles,President,,Independent,Kanye West,22.0
Giles,President,,Independent,"Roque ""Rocky"" De La Fuente",3.0
Giles,U.S. Senate,,Independent,Aaron James,29.0
Giles,U.S. Senate,,Independent,Elizabeth McLeod,59.0
Giles,U.S. Senate,,Independent,Eric William Stansberry,19.0
Giles,U.S. Senate,,Independent,G. Dean Hill,34.0
Giles,U.S. Senate,,Independent,Jeffrey Alan Grunau,13.0
Giles,U.S. Senate,,Independent,Ronnie Henley,73.0
Giles,U.S. Senate,,Independent,Steven J. Hooper,31.0
Giles,U.S. Senate,,Independent,"Yomi ""Fapas"" Faparusi Sr.",24.0
Giles,President,,Republican,Donald J. Trump,9784.0
Giles,U.S. Senate,,Republican,Bill Hagerty,9313.0
Giles,State Senate,28,,Write-In - James R. Trusty,0.0
Giles,State Senate,28,Independent,James Gray,1943.0
Giles,State Senate,28,Republican,Joey Hensley,8709.0
Giles,U.S. House,7,Democratic,Kiran Sreepada,2652.0
Giles,U.S. House,7,Independent,Ronald Brown,236.0
Giles,U.S. House,7,Independent,Scott Anthony Vieira Jr,64.0
Giles,U.S. House,7,Republican,Mark E. Green,9055.0
Giles,State Representative,70,Republican,Clay Doggett,10428.0
Grainger,President,,,Write-In - Brian Carroll,1.0
Grainger,President,,,Write-In - Jade Simmons,0.0
Grainger,President,,,Write-In - Kasey Wells,0.0
Grainger,President,,,Write-In - Tom Hoefling,0.0
Grainger,U.S. Senate,,,Write-In - Al Green,0.0
Grainger,U.S. Senate,,,Write-In - John A. Gentry,0.0
Grainger,President,,Democratic,Joseph R. Biden,1467.0
Grainger,U.S. Senate,,Democratic,Marquita Bradshaw,1271.0
Grainger,President,,Independent,Alyson Kennedy,2.0
Grainger,President,,Independent,Don Blankenship,12.0
Grainger,President,,Independent,Gloria La Riva,2.0
Grainger,President,,Independent,Howie Hawkins,9.0
Grainger,President,,Independent,Jo Jorgensen,61.0
Grainger,President,,Independent,Kanye West,13.0
Grainger,President,,Independent,"Roque ""Rocky"" De La Fuente",2.0
Grainger,U.S. Senate,,Independent,Aaron James,6.0
Grainger,U.S. Senate,,Independent,Elizabeth McLeod,29.0
Grainger,U.S. Senate,,Independent,Eric William Stansberry,20.0
Grainger,U.S. Senate,,Independent,G. Dean Hill,17.0
Grainger,U.S. Senate,,Independent,Jeffrey Alan Grunau,11.0
Grainger,U.S. Senate,,Independent,Ronnie Henley,24.0
Grainger,U.S. Senate,,Independent,Steven J. Hooper,23.0
Grainger,U.S. Senate,,Independent,"Yomi ""Fapas"" Faparusi Sr.",19.0
Grainger,President,,Republican,Donald J. Trump,8565.0
Grainger,U.S. Senate,,Republican,Bill Hagerty,8131.0
Grainger,U.S. House,2,,Write-In - David Dockery,0.0
Grainger,U.S. House,2,,Write-In - Ronald Cornell Jr.,0.0
Grainger,U.S. House,2,Democratic,Renee Hoyos,1247.0
Grainger,U.S. House,2,Independent,Matthew L. Campbell,112.0
Grainger,U.S. House,2,Republican,Tim Burchett,8362.0
Grainger,State Representative,35,Republican,Jerry Sexton,8146.0
Grainger,State Senate,8,Republican,Frank S. Niceley,8363.0
Greene,President,,,Write-In - Brian Carroll,0.0
Greene,President,,,Write-In - Jade Simmons,1.0
Greene,President,,,Write-In - Kasey Wells,0.0
Greene,President,,,Write-In - Tom Hoefling,0.0
Greene,U.S. Senate,,,Write-In - Al Green,0.0
Greene,U.S. Senate,,,Write-In - John A. Gentry,1.0
Greene,President,,Democratic,Joseph R. Biden,5199.0
Greene,U.S. Senate,,Democratic,Marquita Bradshaw,4804.0
Greene,President,,Independent,Alyson Kennedy,58.0
Greene,President,,Independent,Don Blankenship,87.0
Greene,President,,Independent,Gloria La Riva,23.0
Greene,President,,Independent,Howie Hawkins,64.0
Greene,President,,Independent,Jo Jorgensen,205.0
Greene,President,,Independent,Kanye West,180.0
Greene,President,,Independent,"Roque ""Rocky"" De La Fuente",11.0
Greene,U.S. Senate,,Independent,Aaron James,138.0
Greene,U.S. Senate,,Independent,Elizabeth McLeod,146.0
Greene,U.S. Senate,,Independent,Eric William Stansberry,79.0
Greene,U.S. Senate,,Independent,G. Dean Hill,39.0
Greene,U.S. Senate,,Independent,Jeffrey Alan Grunau,20.0
Greene,U.S. Senate,,Independent,Ronnie Henley,83.0
Greene,U.S. Senate,,Independent,Steven J. Hooper,82.0
Greene,U.S. Senate,,Independent,"Yomi ""Fapas"" Faparusi Sr.",48.0
Greene,President,,Republican,Donald J. Trump,22259.0
Greene,U.S. Senate,,Republican,Bill Hagerty,21904.0
Greene,U.S. House,1,,Write-In - Josh Berger,0.0
Greene,U.S. House,1,Democratic,Blair Walsingham,5214.0
Greene,U.S. House,1,Independent,Steve Holder,687.0
Greene,U.S. House,1,Republican,Diana Harshbarger,21364.0
Greene,State Representative,11,Republican,Jeremy Faison,2777.0
Greene,State Representative,5,Republican,David B. Hawk,21277.0
Grundy,President,,,Write-In - Brian Carroll,0.0
Grundy,President,,,Write-In - Jade Simmons,0.0
Grundy,President,,,Write-In - Kasey Wells,0.0
Grundy,President,,,Write-In - Tom Hoefling,1.0
Grundy,U.S. Senate,,,Write-In - Al Green,0.0
Grundy,U.S. Senate,,,Write-In - John A. Gentry,0.0
Grundy,President,,Democratic,Joseph R. Biden,988.0
Grundy,U.S. Senate,,Democratic,Marquita Bradshaw,888.0
Grundy,President,,Independent,Alyson Kennedy,1.0
Grundy,President,,Independent,Don Blankenship,11.0
Grundy,President,,Independent,Gloria La Riva,0.0
Grundy,President,,Independent,Howie Hawkins,9.0
Grundy,President,,Independent,Jo Jorgensen,34.0
Grundy,President,,Independent,Kanye West,6.0
Grundy,President,,Independent,"Roque ""Rocky"" De La Fuente",3.0
Grundy,U.S. Senate,,Independent,Aaron James,19.0
Grundy,U.S. Senate,,Independent,Elizabeth McLeod,18.0
Grundy,U.S. Senate,,Independent,Eric William Stansberry,17.0
Grundy,U.S. Senate,,Independent,G. Dean Hill,5.0
Grundy,U.S. Senate,,Independent,Jeffrey Alan Grunau,9.0
Grundy,U.S. Senate,,Independent,Ronnie Henley,19.0
Grundy,U.S. Senate,,Independent,Steven J. Hooper,17.0
Grundy,U.S. Senate,,Independent,"Yomi ""Fapas"" Faparusi Sr.",8.0
Grundy,President,,Republican,Donald J. Trump,4802.0
Grundy,U.S. Senate,,Republican,Bill Hagerty,4373.0
Grundy,State Senate,16,Democratic,Sheila Younglove,929.0
Grundy,State Senate,16,Republican,Janice Bowling,4284.0
Grundy,U.S. House,4,Democratic,Christopher J. Hale,943.0
Grundy,U.S. House,4,Republican,Scott DesJarlais,4375.0
Grundy,State Representative,43,Independent,Luke Cameron,820.0
Grundy,State Representative,43,Republican,Paul Sherrell,4264.0
Hamblen,President,,,Write-In - Brian Carroll,0.0
Hamblen,President,,,Write-In - Jade Simmons,0.0
Hamblen,President,,,Write-In - Kasey Wells,0.0
Hamblen,President,,,Write-In - Tom Hoefling,0.0
Hamblen,U.S. Senate,,,Write-In - Al Green,0.0
Hamblen,U.S. Senate,,,Write-In - John A. Gentry,0.0
Hamblen,President,,Democratic,Joseph R. Biden,5500.0
Hamblen,U.S. Senate,,Democratic,Marquita Bradshaw,4813.0
Hamblen,President,,Independent,Alyson Kennedy,17.0
Hamblen,President,,Independent,Don Blankenship,33.0
Hamblen,President,,Independent,Gloria La Riva,8.0
Hamblen,President,,Independent,Howie Hawkins,20.0
Hamblen,President,,Independent,Jo Jorgensen,195.0
Hamblen,President,,Independent,Kanye West,37.0
Hamblen,President,,Independent,"Roque ""Rocky"" De La Fuente",10.0
Hamblen,U.S. Senate,,Independent,Aaron James,31.0
Hamblen,U.S. Senate,,Independent,Elizabeth McLeod,115.0
Hamblen,U.S. Senate,,Independent,Eric William Stansberry,70.0
Hamblen,U.S. Senate,,Independent,G. Dean Hill,30.0
Hamblen,U.S. Senate,,Independent,Jeffrey Alan Grunau,31.0
Hamblen,U.S. Senate,,Independent,Ronnie Henley,51.0
Hamblen,U.S. Senate,,Independent,Steven J. Hooper,57.0
Hamblen,U.S. Senate,,Independent,"Yomi ""Fapas"" Faparusi Sr.",75.0
Hamblen,President,,Republican,Donald J. Trump,18811.0
Hamblen,U.S. Senate,,Republican,Bill Hagerty,18183.0
Hamblen,U.S. House,1,,Write-In - Josh Berger,0.0
Hamblen,U.S. House,1,Democratic,Blair Walsingham,5110.0
Hamblen,U.S. House,1,Independent,Steve Holder,568.0
Hamblen,U.S. House,1,Republican,Diana Harshbarger,17424.0
Hamblen,State Representative,10,Republican,Rick Eldridge,17156.0
Hamilton,President,,,Write-In - Brian Carroll,87.0
Hamilton,President,,,Write-In - Jade Simmons,10.0
Hamilton,President,,,Write-In - Kasey Wells,0.0
Hamilton,President,,,Write-In - Tom Hoefling,0.0
Hamilton,U.S. Senate,,,Write-In - Al Green,0.0
Hamilton,U.S. Senate,,,Write-In - John A. Gentry,3.0
Hamilton,President,,Democratic,Joseph R. Biden,75522.0
Hamilton,U.S. Senate,,Democratic,Marquita Bradshaw,70608.0
Hamilton,President,,Independent,Alyson Kennedy,66.0
Hamilton,President,,Independent,Don Blankenship,281.0
Hamilton,President,,Independent,Gloria La Riva,62.0
Hamilton,President,,Independent,Howie Hawkins,273.0
Hamilton,President,,Independent,Jo Jorgensen,2229.0
Hamilton,President,,Independent,Kanye West,393.0
Hamilton,President,,Independent,"Roque ""Rocky"" De La Fuente",82.0
Hamilton,U.S. Senate,,Independent,Aaron James,264.0
Hamilton,U.S. Senate,,Independent,Elizabeth McLeod,811.0
Hamilton,U.S. Senate,,Independent,Eric William Stansberry,127.0
Hamilton,U.S. Senate,,Independent,G. Dean Hill,211.0
Hamilton,U.S. Senate,,Independent,Jeffrey Alan Grunau,191.0
Hamilton,U.S. Senate,,Independent,Ronnie Henley,313.0
Hamilton,U.S. Senate,,Independent,Steven J. Hooper,194.0
Hamilton,U.S. Senate,,Independent,"Yomi ""Fapas"" Faparusi Sr.",799.0
Hamilton,President,,Republican,Donald J. Trump,92108.0
Hamilton,U.S. Senate,,Republican,Bill Hagerty,95105.0
Hamilton,State Senate,10,Democratic,Glenn Scruggs,36937.0
Hamilton,State Senate,10,Republican,Todd Gardenhire,30775.0
Hamilton,State Representative,26,Democratic,Joan Farrell,13311.0
Hamilton,State Representative,26,Republican,Robin T. Smith,24396.0
Hamilton,State Representative,27,Republican,Patsy Hazlewood,26988.0
Hamilton,State Representative,28,Democratic,Yusuf A. Hakeem,21062.0
Hamilton,State Representative,29,Republican,Mike Carter,28261.0
Hamilton,U.S. House,3,,Write-In - Scott D. James,0.0
Hamilton,U.S. House,3,Democratic,Meg Gorman,67101.0
Hamilton,U.S. House,3,Independent,Amber L. Hysell,2635.0
Hamilton,U.S. House,3,Independent,Keith Douglas Sweitzer,871.0
Hamilton,U.S. House,3,Republican,Chuck Fleischmann,93475.0
Hamilton,State Representative,30,Democratic,Joseph Udeaja,11907.0
Hamilton,State Representative,30,Republican,Esther Helton,19146.0
Hancock,President,,,Write-In - Brian Carroll,0.0
Hancock,President,,,Write-In - Jade Simmons,0.0
Hancock,President,,,Write-In - Kasey Wells,0.0
Hancock,President,,,Write-In - Tom Hoefling,0.0
Hancock,U.S. Senate,,,Write-In - Al Green,0.0
Hancock,U.S. Senate,,,Write-In - John A. Gentry,0.0
Hancock,President,,Democratic,Joseph R. Biden,362.0
Hancock,U.S. Senate,,Democratic,Marquita Bradshaw,301.0
Hancock,President,,Independent,Alyson Kennedy,0.0
Hancock,President,,Independent,Don Blankenship,5.0
Hancock,President,,Independent,Gloria La Riva,0.0
Hancock,President,,Independent,Howie Hawkins,0.0
Hancock,President,,Independent,Jo Jorgensen,4.0
Hancock,President,,Independent,Kanye West,1.0
Hancock,President,,Independent,"Roque ""Rocky"" De La Fuente",0.0
Hancock,U.S. Senate,,Independent,Aaron James,2.0
Hancock,U.S. Senate,,Independent,Elizabeth McLeod,9.0
Hancock,U.S. Senate,,Independent,Eric William Stansberry,8.0
Hancock,U.S. Senate,,Independent,G. Dean Hill,2.0
Hancock,U.S. Senate,,Independent,Jeffrey Alan Grunau,1.0
Hancock,U.S. Senate,,Independent,Ronnie Henley,4.0
Hancock,U.S. Senate,,Independent,Steven J. Hooper,4.0
Hancock,U.S. Senate,,Independent,"Yomi ""Fapas"" Faparusi Sr.",4.0
Hancock,President,,Republican,Donald J. Trump,2372.0
Hancock,U.S. Senate,,Republican,Bill Hagerty,2159.0
Hancock,U.S. House,1,,Write-In - Josh Berger,0.0
Hancock,U.S. House,1,Democratic,Blair Walsingham,330.0
Hancock,U.S. House,1,Independent,Steve Holder,48.0
Hancock,U.S. House,1,Republican,Diana Harshbarger,2043.0
Hancock,State Senate,8,Republican,Frank S. Niceley,2134.0
Hancock,State Representative,9,Republican,Gary W Hicks Jr,2270.0
Hardeman,President,,,Write-In - Brian Carroll,0.0
Hardeman,President,,,Write-In - Jade Simmons,0.0
Hardeman,President,,,Write-In - Kasey Wells,0.0
Hardeman,President,,,Write-In - Tom Hoefling,3.0
Hardeman,U.S. Senate,,,Write-In - Al Green,0.0
Hardeman,U.S. Senate,,,Write-In - John A. Gentry,0.0
Hardeman,President,,Democratic,Joseph R. Biden,4180.0
Hardeman,U.S. Senate,,Democratic,Marquita Bradshaw,3452.0
Hardeman,President,,Independent,Alyson Kennedy,11.0
Hardeman,President,,Independent,Don Blankenship,35.0
Hardeman,President,,Independent,Gloria La Riva,6.0
Hardeman,President,,Independent,Howie Hawkins,8.0
Hardeman,President,,Independent,Jo Jorgensen,40.0
Hardeman,President,,Independent,Kanye West,13.0
Hardeman,President,,Independent,"Roque ""Rocky"" De La Fuente",7.0
Hardeman,U.S. Senate,,Independent,Aaron James,20.0
Hardeman,U.S. Senate,,Independent,Elizabeth McLeod,41.0
Hardeman,U.S. Senate,,Independent,Eric William Stansberry,27.0
Hardeman,U.S. Senate,,Independent,G. Dean Hill,34.0
Hardeman,U.S. Senate,,Independent,Jeffrey Alan Grunau,34.0
Hardeman,U.S. Senate,,Independent,Ronnie Henley,73.0
Hardeman,U.S. Senate,,Independent,Steven J. Hooper,43.0
Hardeman,U.S. Senate,,Independent,"Yomi ""Fapas"" Faparusi Sr.",21.0
Hardeman,President,,Republican,Donald J. Trump,5760.0
Hardeman,U.S. Senate,,Republican,Bill Hagerty,5377.0
Hardeman,State Senate,26,Democratic,Civil Miller-Watkins,3558.0
Hardeman,State Senate,26,Republican,Page Walley,5882.0
Hardeman,U.S. House,7,Democratic,Kiran Sreepada,3386.0
Hardeman,U.S. House,7,Independent,Ronald Brown,203.0
Hardeman,U.S. House,7,Independent,Scott Anthony Vieira Jr,53.0
Hardeman,U.S. House,7,Republican,Mark E. Green,5302.0
Hardeman,State Representative,80,Democratic,Johnny W. Shaw,6196.0
Hardeman,State Representative,94,Republican,Ron M. Gant,1042.0
Hardin,President,,,Write-In - Brian Carroll,0.0
Hardin,President,,,Write-In - Jade Simmons,0.0
Hardin,President,,,Write-In - Kasey Wells,0.0
Hardin,President,,,Write-In - Tom Hoefling,0.0
Hardin,U.S. Senate,,,Write-In - Al Green,0.0
Hardin,U.S. Senate,,,Write-In - John A. Gentry,0.0
Hardin,President,,Democratic,Joseph R. Biden,1775.0
Hardin,U.S. Senate,,Democratic,Marquita Bradshaw,1599.0
Hardin,President,,Independent,Alyson Kennedy,28.0
Hardin,President,,Independent,Don Blankenship,28.0
Hardin,President,,Independent,Gloria La Riva,13.0
Hardin,President,,Independent,Howie Hawkins,6.0
Hardin,President,,Independent,Jo Jorgensen,52.0
Hardin,President,,Independent,Kanye West,70.0
Hardin,President,,Independent,"Roque ""Rocky"" De La Fuente",7.0
Hardin,U.S. Senate,,Independent,Aaron James,63.0
Hardin,U.S. Senate,,Independent,Elizabeth McLeod,54.0
Hardin,U.S. Senate,,Independent,Eric William Stansberry,28.0
Hardin,U.S. Senate,,Independent,G. Dean Hill,16.0
Hardin,U.S. Senate,,Independent,Jeffrey Alan Grunau,7.0
Hardin,U.S. Senate,,Independent,Ronnie Henley,28.0
Hardin,U.S. Senate,,Independent,Steven J. Hooper,36.0
Hardin,U.S. Senate,,Independent,"Yomi ""Fapas"" Faparusi Sr.",24.0
Hardin,President,,Republican,Donald J. Trump,9559.0
Hardin,U.S. Senate,,Republican,Bill Hagerty,9221.0
Hardin,State Senate,26,Democratic,Civil Miller-Watkins,1568.0
Hardin,State Senate,26,Republican,Page Walley,9335.0
Hardin,U.S. House,7,Democratic,Kiran Sreepada,1532.0
Hardin,U.S. House,7,Independent,Ronald Brown,148.0
Hardin,U.S. House,7,Independent,Scott Anthony Vieira Jr,35.0
Hardin,U.S. House,7,Republican,Mark E. Green,9122.0
Hardin,State Representative,71,Republican,"David ""Coach"" Byrd",9554.0
Hawkins,President,,,Write-In - Brian Carroll,0.0
Hawkins,President,,,Write-In - Jade Simmons,0.0
Hawkins,President,,,Write-In - Kasey Wells,0.0
Hawkins,President,,,Write-In - Tom Hoefling,0.0
Hawkins,U.S. Senate,,,Write-In - Al Green,0.0
Hawkins,U.S. Senate,,,Write-In - John A. Gentry,0.0
Hawkins,President,,Democratic,Joseph R. Biden,4083.0
Hawkins,U.S. Senate,,Democratic,Marquita Bradshaw,3649.0
Hawkins,President,,Independent,Alyson Kennedy,10.0
Hawkins,President,,Independent,Don Blankenship,42.0
Hawkins,President,,Independent,Gloria La Riva,8.0
Hawkins,President,,Independent,Howie Hawkins,26.0
Hawkins,President,,Independent,Jo Jorgensen,208.0
Hawkins,President,,Independent,Kanye West,32.0
Hawkins,President,,Independent,"Roque ""Rocky"" De La Fuente",10.0
Hawkins,U.S. Senate,,Independent,Aaron James,37.0
Hawkins,U.S. Senate,,Independent,Elizabeth McLeod,110.0
Hawkins,U.S. Senate,,Independent,Eric William Stansberry,52.0
Hawkins,U.S. Senate,,Independent,G. Dean Hill,39.0
Hawkins,U.S. Senate,,Independent,Jeffrey Alan Grunau,35.0
Hawkins,U.S. Senate,,Independent,Ronnie Henley,91.0
Hawkins,U.S. Senate,,Independent,Steven J. Hooper,35.0
Hawkins,U.S. Senate,,Independent,"Yomi ""Fapas"" Faparusi Sr.",45.0
Hawkins,President,,Republican,Donald J. Trump,20405.0
Hawkins,U.S. Senate,,Republican,Bill Hagerty,19123.0
Hawkins,U.S. House,1,,Write-In - Josh Berger,0.0
Hawkins,U.S. House,1,Democratic,Blair Walsingham,4088.0
Hawkins,U.S. House,1,Independent,Steve Holder,707.0
Hawkins,U.S. House,1,Republican,Diana Harshbarger,18602.0
Hawkins,State Senate,8,Republican,Frank S. Niceley,16359.0
Hawkins,State Representative,9,Republican,Gary W Hicks Jr,18862.0
Haywood,President,,,Write-In - Brian Carroll,1.0
Haywood,President,,,Write-In - Jade Simmons,1.0
Haywood,President,,,Write-In - Kasey Wells,0.0
Haywood,President,,,Write-In - Tom Hoefling,0.0
Haywood,U.S. Senate,,,Write-In - Al Green,0.0
Haywood,U.S. Senate,,,Write-In - John A. Gentry,0.0
Haywood,President,,Democratic,Joseph R. Biden,4012.0
Haywood,U.S. Senate,,Democratic,Marquita Bradshaw,3697.0
Haywood,President,,Independent,Alyson Kennedy,7.0
Haywood,President,,Independent,Don Blankenship,15.0
Haywood,President,,Independent,Gloria La Riva,3.0
Haywood,President,,Independent,Howie Hawkins,7.0
Haywood,President,,Independent,Jo Jorgensen,31.0
Haywood,President,,Independent,Kanye West,15.0
Haywood,President,,Independent,"Roque ""Rocky"" De La Fuente",4.0
Haywood,U.S. Senate,,Independent,Aaron James,17.0
Haywood,U.S. Senate,,Independent,Elizabeth McLeod,24.0
Haywood,U.S. Senate,,Independent,Eric William Stansberry,11.0
Haywood,U.S. Senate,,Independent,G. Dean Hill,14.0
Haywood,U.S. Senate,,Independent,Jeffrey Alan Grunau,8.0
Haywood,U.S. Senate,,Independent,Ronnie Henley,28.0
Haywood,U.S. Senate,,Independent,Steven J. Hooper,31.0
Haywood,U.S. Senate,,Independent,"Yomi ""Fapas"" Faparusi Sr.",10.0
Haywood,President,,Republican,Donald J. Trump,3343.0
Haywood,U.S. Senate,,Republican,Bill Hagerty,3297.0
Haywood,State Senate,26,Democratic,Civil Miller-Watkins,3672.0
Haywood,State Senate,26,Republican,Page Walley,3371.0
Haywood,U.S. House,8,Democratic,Erika Stotts Pearson,3590.0
Haywood,U.S. House,8,Independent,James Hart,82.0
Haywood,U.S. House,8,Independent,Jon Dillard,56.0
Haywood,U.S. House,8,Republican,David Kustoff,3349.0
Haywood,State Representative,82,Democratic,Andrea Bond-Johnson,4241.0
Haywood,State Representative,82,Republican,Chris Hurt,3106.0
Henderson,President,,,Write-In - Brian Carroll,0.0
Henderson,President,,,Write-In - Jade Simmons,0.0
Henderson,President,,,Write-In - Kasey Wells,0.0
Henderson,President,,,Write-In - Tom Hoefling,0.0
Henderson,U.S. Senate,,,Write-In - Al Green,0.0
Henderson,U.S. Senate,,,Write-In - John A. Gentry,0.0
Henderson,President,,Democratic,Joseph R. Biden,2092.0
Henderson,U.S. Senate,,Democratic,Marquita Bradshaw,1793.0
Henderson,President,,Independent,Alyson Kennedy,7.0
Henderson,President,,Independent,Don Blankenship,17.0
Henderson,President,,Independent,Gloria La Riva,3.0
Henderson,President,,Independent,Howie Hawkins,6.0
Henderson,President,,Independent,Jo Jorgensen,80.0
Henderson,President,,Independent,Kanye West,14.0
Henderson,President,,Independent,"Roque ""Rocky"" De La Fuente",4.0
Henderson,U.S. Senate,,Independent,Aaron James,13.0
Henderson,U.S. Senate,,Independent,Elizabeth McLeod,49.0
Henderson,U.S. Senate,,Independent,Eric William Stansberry,13.0
Henderson,U.S. Senate,,Independent,G. Dean Hill,14.0
Henderson,U.S. Senate,,Independent,Jeffrey Alan Grunau,18.0
Henderson,U.S. Senate,,Independent,Ronnie Henley,28.0
Henderson,U.S. Senate,,Independent,Steven J. Hooper,30.0
Henderson,U.S. Senate,,Independent,"Yomi ""Fapas"" Faparusi Sr.",17.0
Henderson,President,,Republican,Donald J. Trump,9797.0
Henderson,U.S. Senate,,Republican,Bill Hagerty,9585.0
Henderson,State Senate,26,Democratic,Civil Miller-Watkins,1804.0
Henderson,State Senate,26,Republican,Page Walley,9726.0
Henderson,U.S. House,7,Democratic,Kiran Sreepada,1746.0
Henderson,U.S. House,7,Independent,Ronald Brown,184.0
Henderson,U.S. House,7,Independent,Scott Anthony Vieira Jr,45.0
Henderson,U.S. House,7,Republican,Mark E. Green,9457.0
Henderson,State Representative,72,Republican,Kirk Haston,10582.0
Henry,President,,,Write-In - Brian Carroll,2.0
Henry,President,,,Write-In - Jade Simmons,0.0
Henry,President,,,Write-In - Kasey Wells,0.0
Henry,President,,,Write-In - Tom Hoefling,1.0
Henry,U.S. Senate,,,Write-In - Al Green,0.0
Henry,U.S. Senate,,,Write-In - John A. Gentry,0.0
Henry,President,,Democratic,Joseph R. Biden,3548.0
Henry,U.S. Senate,,Democratic,Marquita Bradshaw,2973.0
Henry,President,,Independent,Alyson Kennedy,7.0
Henry,President,,Independent,Don Blankenship,25.0
Henry,President,,Independent,Gloria La Riva,5.0
Henry,President,,Independent,Howie Hawkins,20.0
Henry,President,,Independent,Jo Jorgensen,164.0
Henry,President,,Independent,Kanye West,24.0
Henry,President,,Independent,"Roque ""Rocky"" De La Fuente",12.0
Henry,U.S. Senate,,Independent,Aaron James,31.0
Henry,U.S. Senate,,Independent,Elizabeth McLeod,88.0
Henry,U.S. Senate,,Independent,Eric William Stansberry,44.0
Henry,U.S. Senate,,Independent,G. Dean Hill,37.0
Henry,U.S. Senate,,Independent,Jeffrey Alan Grunau,50.0
Henry,U.S. Senate,,Independent,Ronnie Henley,61.0
Henry,U.S. Senate,,Independent,Steven J. Hooper,86.0
Henry,U.S. Senate,,Independent,"Yomi ""Fapas"" Faparusi Sr.",41.0
Henry,President,,Republican,Donald J. Trump,11239.0
Henry,U.S. Senate,,Republican,Bill Hagerty,10595.0
Henry,State Senate,24,Independent,Yahweh Yahweh,1545.0
Henry,State Senate,24,Republican,John D. Stevens,11020.0
Henry,State Representative,75,Independent,James Hart,2490.0
Henry,State Representative,75,Republican,Bruce I. Griffey,10306.0
Henry,U.S. House,8,Democratic,Erika Stotts Pearson,2892.0
Henry,U.S. House,8,Independent,James Hart,983.0
Henry,U.S. House,8,Independent,Jon Dillard,142.0
Henry,U.S. House,8,Republican,David Kustoff,10170.0
Hickman,President,,,Write-In - Brian Carroll,0.0
Hickman,President,,,Write-In - Jade Simmons,0.0
Hickman,President,,,Write-In - Kasey Wells,0.0
Hickman,President,,,Write-In - Tom Hoefling,0.0
Hickman,U.S. Senate,,,Write-In - Al Green,0.0
Hickman,U.S. Senate,,,Write-In - John A. Gentry,0.0
Hickman,President,,Democratic,Joseph R. Biden,2130.0
Hickman,U.S. Senate,,Democratic,Marquita Bradshaw,1924.0
Hickman,President,,Independent,Alyson Kennedy,4.0
Hickman,President,,Independent,Don Blankenship,15.0
Hickman,President,,Independent,Gloria La Riva,4.0
Hickman,President,,Independent,Howie Hawkins,6.0
Hickman,President,,Independent,Jo Jorgensen,74.0
Hickman,President,,Independent,Kanye West,17.0
Hickman,President,,Independent,"Roque ""Rocky"" De La Fuente",5.0
Hickman,U.S. Senate,,Independent,Aaron James,19.0
Hickman,U.S. Senate,,Independent,Elizabeth McLeod,43.0
Hickman,U.S. Senate,,Independent,Eric William Stansberry,13.0
Hickman,U.S. Senate,,Independent,G. Dean Hill,16.0
Hickman,U.S. Senate,,Independent,Jeffrey Alan Grunau,12.0
Hickman,U.S. Senate,,Independent,Ronnie Henley,51.0
Hickman,U.S. Senate,,Independent,Steven J. Hooper,50.0
Hickman,U.S. Senate,,Independent,"Yomi ""Fapas"" Faparusi Sr.",30.0
Hickman,President,,Republican,Donald J. Trump,7577.0
Hickman,U.S. Senate,,Republican,Bill Hagerty,7284.0
Hickman,State Representative,69,Democratic,Eddie Johnson,2296.0
Hickman,State Representative,69,Republican,Michael G. Curcio,7165.0
Hickman,U.S. House,7,Democratic,Kiran Sreepada,1888.0
Hickman,U.S. House,7,Independent,Ronald Brown,206.0
Hickman,U.S. House,7,Independent,Scott Anthony Vieira Jr,42.0
Hickman,U.S. House,7,Republican,Mark E. Green,7193.0
Houston,President,,,Write-In - Brian Carroll,0.0
Houston,President,,,Write-In - Jade Simmons,0.0
Houston,President,,,Write-In - Kasey Wells,0.0
Houston,President,,,Write-In - Tom Hoefling,0.0
Houston,U.S. Senate,,,Write-In - Al Green,0.0
Houston,U.S. Senate,,,Write-In - John A. Gentry,0.0
Houston,President,,Democratic,Joseph R. Biden,871.0
Houston,U.S. Senate,,Democratic,Marquita Bradshaw,810.0
Houston,President,,Independent,Alyson Kennedy,13.0
Houston,President,,Independent,Don Blankenship,14.0
Houston,President,,Independent,Gloria La Riva,8.0
Houston,President,,Independent,Howie Hawkins,3.0
Houston,President,,Independent,Jo Jorgensen,18.0
Houston,President,,Independent,Kanye West,38.0
Houston,President,,Independent,"Roque ""Rocky"" De La Fuente",3.0
Houston,U.S. Senate,,Independent,Aaron James,31.0
Houston,U.S. Senate,,Independent,Elizabeth McLeod,28.0
Houston,U.S. Senate,,Independent,Eric William Stansberry,14.0
Houston,U.S. Senate,,Independent,G. Dean Hill,7.0
Houston,U.S. Senate,,Independent,Jeffrey Alan Grunau,3.0
Houston,U.S. Senate,,Independent,Ronnie Henley,11.0
Houston,U.S. Senate,,Independent,Steven J. Hooper,33.0
Houston,U.S. Senate,,Independent,"Yomi ""Fapas"" Faparusi Sr.",6.0
Houston,President,,Republican,Donald J. Trump,2718.0
Houston,U.S. Senate,,Republican,Bill Hagerty,2586.0
Houston,State Senate,22,Democratic,Ronnie L. Glynn,857.0
Houston,State Senate,22,Republican,Bill Powers,2643.0
Houston,U.S. House,7,Democratic,Kiran Sreepada,748.0
Houston,U.S. House,7,Independent,Ronald Brown,57.0
Houston,U.S. House,7,Independent,Scott Anthony Vieira Jr,16.0
Houston,U.S. House,7,Republican,Mark E. Green,2698.0
Houston,State Representative,74,Republican,Jay D. Reedy,2992.0
Humphreys,President,,,Write-In - Brian Carroll,0.0
Humphreys,President,,,Write-In - Jade Simmons,0.0
Humphreys,President,,,Write-In - Kasey Wells,0.0
Humphreys,President,,,Write-In - Tom Hoefling,0.0
Humphreys,U.S. Senate,,,Write-In - Al Green,0.0
Humphreys,U.S. Senate,,,Write-In - John A. Gentry,0.0
Humphreys,President,,Democratic,Joseph R. Biden,2017.0
Humphreys,U.S. Senate,,Democratic,Marquita Bradshaw,1785.0
Humphreys,President,,Independent,Alyson Kennedy,2.0
Humphreys,President,,Independent,Don Blankenship,20.0
Humphreys,President,,Independent,Gloria La Riva,1.0
Humphreys,President,,Independent,Howie Hawkins,14.0
Humphreys,President,,Independent,Jo Jorgensen,46.0
Humphreys,President,,Independent,Kanye West,14.0
Humphreys,President,,Independent,"Roque ""Rocky"" De La Fuente",2.0
Humphreys,U.S. Senate,,Independent,Aaron James,2.0
Humphreys,U.S. Senate,,Independent,Elizabeth McLeod,19.0
Humphreys,U.S. Senate,,Independent,Eric William Stansberry,1.0
Humphreys,U.S. Senate,,Independent,G. Dean Hill,22.0
Humphreys,U.S. Senate,,Independent,Jeffrey Alan Grunau,13.0
Humphreys,U.S. Senate,,Independent,Ronnie Henley,31.0
Humphreys,U.S. Senate,,Independent,Steven J. Hooper,192.0
Humphreys,U.S. Senate,,Independent,"Yomi ""Fapas"" Faparusi Sr.",12.0
Humphreys,President,,Republican,Donald J. Trump,6120.0
Humphreys,U.S. Senate,,Republican,Bill Hagerty,5752.0
Humphreys,U.S. House,7,Democratic,Kiran Sreepada,1715.0
Humphreys,U.S. House,7,Independent,Ronald Brown,167.0
Humphreys,U.S. House,7,Independent,Scott Anthony Vieira Jr,42.0
Humphreys,U.S. House,7,Republican,Mark E. Green,5856.0
Humphreys,State Representative,74,Republican,Jay D. Reedy,6464.0
Jackson,President,,,Write-In - Brian Carroll,1.0
Jackson,President,,,Write-In - Jade Simmons,0.0
Jackson,President,,,Write-In - Kasey Wells,0.0
Jackson,President,,,Write-In - Tom Hoefling,0.0
Jackson,U.S. Senate,,,Write-In - Al Green,0.0
Jackson,U.S. Senate,,,Write-In - John A. Gentry,0.0
Jackson,President,,Democratic,Joseph R. Biden,1135.0
Jackson,U.S. Senate,,Democratic,Marquita Bradshaw,988.0
Jackson,President,,Independent,Alyson Kennedy,5.0
Jackson,President,,Independent,Don Blankenship,4.0
Jackson,President,,Independent,Gloria La Riva,0.0
Jackson,President,,Independent,Howie Hawkins,3.0
Jackson,President,,Independent,Jo Jorgensen,48.0
Jackson,President,,Independent,Kanye West,6.0
Jackson,President,,Independent,"Roque ""Rocky"" De La Fuente",3.0
Jackson,U.S. Senate,,Independent,Aaron James,11.0
Jackson,U.S. Senate,,Independent,Elizabeth McLeod,22.0
Jackson,U.S. Senate,,Independent,Eric William Stansberry,12.0
Jackson,U.S. Senate,,Independent,G. Dean Hill,8.0
Jackson,U.S. Senate,,Independent,Jeffrey Alan Grunau,7.0
Jackson,U.S. Senate,,Independent,Ronnie Henley,17.0
Jackson,U.S. Senate,,Independent,Steven J. Hooper,20.0
Jackson,U.S. Senate,,Independent,"Yomi ""Fapas"" Faparusi Sr.",19.0
Jackson,President,,Republican,Donald J. Trump,4118.0
Jackson,U.S. Senate,,Republican,Bill Hagerty,3837.0
Jackson,State Representative,41,Democratic,John Mark Windle,2429.0
Jackson,U.S. House,6,Democratic,Christopher Martin Finley,986.0
Jackson,U.S. House,6,Independent,Christopher B. Monday,89.0
Jackson,U.S. House,6,Republican,John Rose,3691.0
Jefferson,President,,,Write-In - Brian Carroll,3.0
Jefferson,President,,,Write-In - Jade Simmons,0.0
Jefferson,President,,,Write-In - Kasey Wells,0.0
Jefferson,President,,,Write-In - Tom Hoefling,0.0
Jefferson,U.S. Senate,,,Write-In - Al Green,0.0
Jefferson,U.S. Senate,,,Write-In - John A. Gentry,0.0
Jefferson,President,,Democratic,Joseph R. Biden,4654.0
Jefferson,U.S. Senate,,Democratic,Marquita Bradshaw,4035.0
Jefferson,President,,Independent,Alyson Kennedy,10.0
Jefferson,President,,Independent,Don Blankenship,45.0
Jefferson,President,,Independent,Gloria La Riva,3.0
Jefferson,President,,Independent,Howie Hawkins,20.0
Jefferson,President,,Independent,Jo Jorgensen,184.0
Jefferson,President,,Independent,Kanye West,35.0
Jefferson,President,,Independent,"Roque ""Rocky"" De La Fuente",11.0
Jefferson,U.S. Senate,,Independent,Aaron James,36.0
Jefferson,U.S. Senate,,Independent,Elizabeth McLeod,125.0
Jefferson,U.S. Senate,,Independent,Eric William Stansberry,77.0
Jefferson,U.S. Senate,,Independent,G. Dean Hill,31.0
Jefferson,U.S. Senate,,Independent,Jeffrey Alan Grunau,28.0
Jefferson,U.S. Senate,,Independent,Ronnie Henley,63.0
Jefferson,U.S. Senate,,Independent,Steven J. Hooper,56.0
Jefferson,U.S. Senate,,Independent,"Yomi ""Fapas"" Faparusi Sr.",53.0
Jefferson,President,,Republican,Donald J. Trump,18651.0
Jefferson,U.S. Senate,,Republican,Bill Hagerty,18024.0
Jefferson,U.S. House,1,,Write-In - Josh Berger,0.0
Jefferson,U.S. House,1,Democratic,Blair Walsingham,683.0
Jefferson,U.S. House,1,Independent,Steve Holder,121.0
Jefferson,U.S. House,1,Republican,Diana Harshbarger,3672.0
Jefferson,State Representative,11,Republican,Jeremy Faison,5984.0
Jefferson,State Representative,17,Democratic,Delynn McCash,2676.0
Jefferson,State Representative,17,Republican,Andrew Ellis Farmer,11306.0
Jefferson,U.S. House,2,,Write-In - David Dockery,0.0
Jefferson,U.S. House,2,,Write-In - Ronald Cornell Jr.,0.0
Jefferson,U.S. House,2,Democratic,Renee Hoyos,3363.0
Jefferson,U.S. House,2,Independent,Matthew L. Campbell,228.0
Jefferson,U.S. House,2,Republican,Tim Burchett,14585.0
Jefferson,State Senate,8,Republican,Frank S. Niceley,17186.0
Johnson,President,,,Write-In - Brian Carroll,0.0
Johnson,President,,,Write-In - Jade Simmons,2.0
Johnson,President,,,Write-In - Kasey Wells,0.0
Johnson,President,,,Write-In - Tom Hoefling,0.0
Johnson,U.S. Senate,,,Write-In - Al Green,0.0
Johnson,U.S. Senate,,,Write-In - John A. Gentry,0.0
Johnson,President,,Democratic,Joseph R. Biden,1246.0
Johnson,U.S. Senate,,Democratic,Marquita Bradshaw,1115.0
Johnson,President,,Independent,Alyson Kennedy,3.0
Johnson,President,,Independent,Don Blankenship,13.0
Johnson,President,,Independent,Gloria La Riva,0.0
Johnson,President,,Independent,Howie Hawkins,12.0
Johnson,President,,Independent,Jo Jorgensen,45.0
Johnson,President,,Independent,Kanye West,10.0
Johnson,President,,Independent,"Roque ""Rocky"" De La Fuente",2.0
Johnson,U.S. Senate,,Independent,Aaron James,5.0
Johnson,U.S. Senate,,Independent,Elizabeth McLeod,34.0
Johnson,U.S. Senate,,Independent,Eric William Stansberry,20.0
Johnson,U.S. Senate,,Independent,G. Dean Hill,23.0
Johnson,U.S. Senate,,Independent,Jeffrey Alan Grunau,8.0
Johnson,U.S. Senate,,Independent,Ronnie Henley,33.0
Johnson,U.S. Senate,,Independent,Steven J. Hooper,12.0
Johnson,U.S. Senate,,Independent,"Yomi ""Fapas"" Faparusi Sr.",21.0
Johnson,President,,Republican,Donald J. Trump,6468.0
Johnson,U.S. Senate,,Republican,Bill Hagerty,6058.0
Johnson,U.S. House,1,,Write-In - Josh Berger,0.0
Johnson,U.S. House,1,Democratic,Blair Walsingham,1214.0
Johnson,U.S. House,1,Independent,Steve Holder,207.0
Johnson,U.S. House,1,Republican,Diana Harshbarger,5869.0
Johnson,State Representative,3,Republican,Scotty Campbell,6562.0
Johnson,State Senate,4,Democratic,Amber Riddle,1095.0
Johnson,State Senate,4,Republican,Jon C. Lundberg,5546.0
Knox,President,,,Write-In - Brian Carroll,146.0
Knox,President,,,Write-In - Jade Simmons,9.0
Knox,President,,,Write-In - Kasey Wells,0.0
Knox,President,,,Write-In - Tom Hoefling,0.0
Knox,U.S. Senate,,,Write-In - Al Green,0.0
Knox,U.S. Senate,,,Write-In - John A. Gentry,2.0
Knox,President,,Democratic,Joseph R. Biden,91422.0
Knox,U.S. Senate,,Democratic,Marquita Bradshaw,84847.0
Knox,President,,Independent,Alyson Kennedy,102.0
Knox,President,,Independent,Don Blankenship,361.0
Knox,President,,Independent,Gloria La Riva,89.0
Knox,President,,Independent,Howie Hawkins,414.0
Knox,President,,Independent,Jo Jorgensen,2879.0
Knox,President,,Independent,Kanye West,468.0
Knox,President,,Independent,"Roque ""Rocky"" De La Fuente",126.0
Knox,U.S. Senate,,Independent,Aaron James,224.0
Knox,U.S. Senate,,Independent,Elizabeth McLeod,1014.0
Knox,U.S. Senate,,Independent,Eric William Stansberry,212.0
Knox,U.S. Senate,,Independent,G. Dean Hill,296.0
Knox,U.S. Senate,,Independent,Jeffrey Alan Grunau,155.0
Knox,U.S. Senate,,Independent,Ronnie Henley,228.0
Knox,U.S. Senate,,Independent,Steven J. Hooper,178.0
Knox,U.S. Senate,,Independent,"Yomi ""Fapas"" Faparusi Sr.",862.0
Knox,President,,Republican,Donald J. Trump,124540.0
Knox,U.S. Senate,,Republican,Bill Hagerty,128662.0
Knox,State Representative,13,Democratic,Gloria Johnson,14242.0
Knox,State Representative,13,Republican,Elaine Davis,12664.0
Knox,State Representative,14,Democratic,Justin Davis,14558.0
Knox,State Representative,14,Republican,Jason Zachary,26539.0
Knox,State Representative,15,Democratic,Sam McKenzie,13158.0
Knox,State Representative,15,Independent,Troy B. Jones,4887.0
Knox,State Representative,16,Democratic,Elizabeth Rowland,9517.0
Knox,State Representative,16,Republican,Michele Carringer,21438.0
Knox,State Representative,18,Democratic,Virginia Couch,14350.0
Knox,State Representative,18,Republican,Eddie Mannis,17400.0
Knox,State Representative,19,Republican,Dave Wright,24350.0
Knox,U.S. House,2,,Write-In - David Dockery,1.0
Knox,U.S. House,2,,Write-In - Ronald Cornell Jr.,6.0
Knox,U.S. House,2,Democratic,Renee Hoyos,81254.0
Knox,U.S. House,2,Independent,Matthew L. Campbell,2638.0
Knox,U.S. House,2,Republican,Tim Burchett,133176.0
Knox,State Senate,6,Democratic,Jane George,35785.0
Knox,State Senate,6,Republican,Becky Duncan Massey,61286.0
Knox,State Representative,89,,Write-In - Kari Keeling,757.0
Knox,State Representative,89,Independent,Greg Mills,9426.0
Knox,State Representative,89,Republican,Justin Lafferty,23905.0
Lake,President,,,Write-In - Brian Carroll,0.0
Lake,President,,,Write-In - Jade Simmons,0.0
Lake,President,,,Write-In - Kasey Wells,0.0
Lake,President,,,Write-In - Tom Hoefling,0.0
Lake,U.S. Senate,,,Write-In - Al Green,0.0
Lake,U.S. Senate,,,Write-In - John A. Gentry,0.0
Lake,President,,Democratic,Joseph R. Biden,526.0
Lake,U.S. Senate,,Democratic,Marquita Bradshaw,493.0
Lake,President,,Independent,Alyson Kennedy,0.0
Lake,President,,Independent,Don Blankenship,1.0
Lake,President,,Independent,Gloria La Riva,1.0
Lake,President,,Independent,Howie Hawkins,0.0
Lake,President,,Independent,Jo Jorgensen,9.0
Lake,President,,Independent,Kanye West,5.0
Lake,President,,Independent,"Roque ""Rocky"" De La Fuente",0.0
Lake,U.S. Senate,,Independent,Aaron James,2.0
Lake,U.S. Senate,,Independent,Elizabeth McLeod,8.0
Lake,U.S. Senate,,Independent,Eric William Stansberry,5.0
Lake,U.S. Senate,,Independent,G. Dean Hill,4.0
Lake,U.S. Senate,,Independent,Jeffrey Alan Grunau,9.0
Lake,U.S. Senate,,Independent,Ronnie Henley,15.0
Lake,U.S. Senate,,Independent,Steven J. Hooper,19.0
Lake,U.S. Senate,,Independent,"Yomi ""Fapas"" Faparusi Sr.",4.0
Lake,President,,Republican,Donald J. Trump,1492.0
Lake,U.S. Senate,,Republican,Bill Hagerty,1361.0
Lake,State Representative,77,Republican,Rusty Grills,1386.0
Lake,U.S. House,8,Democratic,Erika Stotts Pearson,458.0
Lake,U.S. House,8,Independent,James Hart,27.0
Lake,U.S. House,8,Independent,Jon Dillard,20.0
Lake,U.S. House,8,Republican,David Kustoff,1399.0
Lauderdale,President,,,Write-In - Brian Carroll,0.0
Lauderdale,President,,,Write-In - Jade Simmons,0.0
Lauderdale,President,,,Write-In - Kasey Wells,0.0
Lauderdale,President,,,Write-In - Tom Hoefling,0.0
Lauderdale,U.S. Senate,,,Write-In - Al Green,0.0
Lauderdale,U.S. Senate,,,Write-In - John A. Gentry,0.0
Lauderdale,President,,Democratic,Joseph R. Biden,3193.0
Lauderdale,U.S. Senate,,Democratic,Marquita Bradshaw,2673.0
Lauderdale,President,,Independent,Alyson Kennedy,7.0
Lauderdale,President,,Independent,Don Blankenship,9.0
Lauderdale,President,,Independent,Gloria La Riva,1.0
Lauderdale,President,,Independent,Howie Hawkins,11.0
Lauderdale,President,,Independent,Jo Jorgensen,49.0
Lauderdale,President,,Independent,Kanye West,18.0
Lauderdale,President,,Independent,"Roque ""Rocky"" De La Fuente",3.0
Lauderdale,U.S. Senate,,Independent,Aaron James,19.0
Lauderdale,U.S. Senate,,Independent,Elizabeth McLeod,33.0
Lauderdale,U.S. Senate,,Independent,Eric William Stansberry,16.0
Lauderdale,U.S. Senate,,Independent,G. Dean Hill,23.0
Lauderdale,U.S. Senate,,Independent,Jeffrey Alan Grunau,23.0
Lauderdale,U.S. Senate,,Independent,Ronnie Henley,48.0
Lauderdale,U.S. Senate,,Independent,Steven J. Hooper,35.0
Lauderdale,U.S. Senate,,Independent,"Yomi ""Fapas"" Faparusi Sr.",25.0
Lauderdale,President,,Republican,Donald J. Trump,5674.0
Lauderdale,U.S. Senate,,Republican,Bill Hagerty,5553.0
Lauderdale,U.S. House,8,Democratic,Erika Stotts Pearson,2458.0
Lauderdale,U.S. House,8,Independent,James Hart,135.0
Lauderdale,U.S. House,8,Independent,Jon Dillard,66.0
Lauderdale,U.S. House,8,Republican,David Kustoff,5458.0
Lauderdale,State Representative,82,Democratic,Andrea Bond-Johnson,3046.0
Lauderdale,State Representative,82,Republican,Chris Hurt,5116.0
Lawrence,President,,,Write-In - Brian Carroll,0.0
Lawrence,President,,,Write-In - Jade Simmons,0.0
Lawrence,President,,,Write-In - Kasey Wells,0.0
Lawrence,President,,,Write-In - Tom Hoefling,0.0
Lawrence,U.S. Senate,,,Write-In - Al Green,0.0
Lawrence,U.S. Senate,,,Write-In - John A. Gentry,0.0
Lawrence,President,,Democratic,Joseph R. Biden,3195.0
Lawrence,U.S. Senate,,Democratic,Marquita Bradshaw,2768.0
Lawrence,President,,Independent,Alyson Kennedy,6.0
Lawrence,President,,Independent,Don Blankenship,27.0
Lawrence,President,,Independent,Gloria La Riva,5.0
Lawrence,President,,Independent,Howie Hawkins,18.0
Lawrence,President,,Independent,Jo Jorgensen,116.0
Lawrence,President,,Independent,Kanye West,15.0
Lawrence,President,,Independent,"Roque ""Rocky"" De La Fuente",2.0
Lawrence,U.S. Senate,,Independent,Aaron James,32.0
Lawrence,U.S. Senate,,Independent,Elizabeth McLeod,57.0
Lawrence,U.S. Senate,,Independent,Eric William Stansberry,28.0
Lawrence,U.S. Senate,,Independent,G. Dean Hill,18.0
Lawrence,U.S. Senate,,Independent,Jeffrey Alan Grunau,21.0
Lawrence,U.S. Senate,,Independent,Ronnie Henley,121.0
Lawrence,U.S. Senate,,Independent,Steven J. Hooper,66.0
Lawrence,U.S. Senate,,Independent,"Yomi ""Fapas"" Faparusi Sr.",40.0
Lawrence,President,,Republican,Donald J. Trump,15334.0
Lawrence,U.S. Senate,,Republican,Bill Hagerty,14270.0
Lawrence,State Senate,28,,Write-In - James R. Trusty,0.0
Lawrence,State Senate,28,Independent,James Gray,2455.0
Lawrence,State Senate,28,Republican,Joey Hensley,13986.0
Lawrence,U.S. House,7,Democratic,Kiran Sreepada,2574.0
Lawrence,U.S. House,7,Independent,Ronald Brown,337.0
Lawrence,U.S. House,7,Independent,Scott Anthony Vieira Jr,89.0
Lawrence,U.S. House,7,Republican,Mark E. Green,13743.0
Lawrence,State Representative,70,Republican,Clay Doggett,12140.0
Lawrence,State Representative,71,Republican,"David ""Coach"" Byrd",2266.0
Lewis,President,,,Write-In - Brian Carroll,0.0
Lewis,President,,,Write-In - Jade Simmons,0.0
Lewis,President,,,Write-In - Kasey Wells,0.0
Lewis,President,,,Write-In - Tom Hoefling,0.0
Lewis,U.S. Senate,,,Write-In - Al Green,0.0
Lewis,U.S. Senate,,,Write-In - John A. Gentry,0.0
Lewis,President,,Democratic,Joseph R. Biden,1072.0
Lewis,U.S. Senate,,Democratic,Marquita Bradshaw,989.0
Lewis,President,,Independent,Alyson Kennedy,7.0
Lewis,President,,Independent,Don Blankenship,4.0
Lewis,President,,Independent,Gloria La Riva,2.0
Lewis,President,,Independent,Howie Hawkins,8.0
Lewis,President,,Independent,Jo Jorgensen,27.0
Lewis,President,,Independent,Kanye West,15.0
Lewis,President,,Independent,"Roque ""Rocky"" De La Fuente",0.0
Lewis,U.S. Senate,,Independent,Aaron James,7.0
Lewis,U.S. Senate,,Independent,Elizabeth McLeod,24.0
Lewis,U.S. Senate,,Independent,Eric William Stansberry,8.0
Lewis,U.S. Senate,,Independent,G. Dean Hill,10.0
Lewis,U.S. Senate,,Independent,Jeffrey Alan Grunau,14.0
Lewis,U.S. Senate,,Independent,Ronnie Henley,28.0
Lewis,U.S. Senate,,Independent,Steven J. Hooper,6.0
Lewis,U.S. Senate,,Independent,"Yomi ""Fapas"" Faparusi Sr.",14.0
Lewis,President,,Republican,Donald J. Trump,4474.0
Lewis,U.S. Senate,,Republican,Bill Hagerty,4234.0
Lewis,State Senate,28,,Write-In - James R. Trusty,0.0
Lewis,State Senate,28,Independent,James Gray,851.0
Lewis,State Senate,28,Republican,Joey Hensley,4479.0
Lewis,U.S. House,7,Democratic,Kiran Sreepada,974.0
Lewis,U.S. House,7,Independent,Ronald Brown,84.0
Lewis,U.S. House,7,Independent,Scott Anthony Vieira Jr,27.0
Lewis,U.S. House,7,Republican,Mark E. Green,4155.0
Lewis,State Representative,71,Republican,"David ""Coach"" Byrd",4364.0
Lincoln,President,,,Write-In - Brian Carroll,0.0
Lincoln,President,,,Write-In - Jade Simmons,0.0
Lincoln,President,,,Write-In - Kasey Wells,0.0
Lincoln,President,,,Write-In - Tom Hoefling,0.0
Lincoln,U.S. Senate,,,Write-In - Al Green,0.0
Lincoln,U.S. Senate,,,Write-In - John A. Gentry,1.0
Lincoln,President,,Democratic,Joseph R. Biden,2919.0
Lincoln,U.S. Senate,,Democratic,Marquita Bradshaw,2644.0
Lincoln,President,,Independent,Alyson Kennedy,41.0
Lincoln,President,,Independent,Don Blankenship,33.0
Lincoln,President,,Independent,Gloria La Riva,15.0
Lincoln,President,,Independent,Howie Hawkins,23.0
Lincoln,President,,Independent,Jo Jorgensen,126.0
Lincoln,President,,Independent,Kanye West,147.0
Lincoln,President,,Independent,"Roque ""Rocky"" De La Fuente",23.0
Lincoln,U.S. Senate,,Independent,Aaron James,97.0
Lincoln,U.S. Senate,,Independent,Elizabeth McLeod,79.0
Lincoln,U.S. Senate,,Independent,Eric William Stansberry,32.0
Lincoln,U.S. Senate,,Independent,G. Dean Hill,36.0
Lincoln,U.S. Senate,,Independent,Jeffrey Alan Grunau,22.0
Lincoln,U.S. Senate,,Independent,Ronnie Henley,38.0
Lincoln,U.S. Senate,,Independent,Steven J. Hooper,45.0
Lincoln,U.S. Senate,,Independent,"Yomi ""Fapas"" Faparusi Sr.",26.0
Lincoln,President,,Republican,Donald J. Trump,12281.0
Lincoln,U.S. Senate,,Republican,Bill Hagerty,12019.0
Lincoln,State Senate,14,Democratic,Chase Clemons,2840.0
Lincoln,State Senate,14,Republican,Shane Reeves,12001.0
Lincoln,U.S. House,4,Democratic,Christopher J. Hale,2982.0
Lincoln,U.S. House,4,Republican,Scott DesJarlais,12084.0
Lincoln,State Representative,62,,Write-In - Tre Stewart,2.0
Lincoln,State Representative,62,Republican,Pat Marsh,6563.0
Lincoln,State Representative,92,Republican,Todd Warner,6663.0
Loudon,President,,,Write-In - Brian Carroll,7.0
Loudon,President,,,Write-In - Jade Simmons,0.0
Loudon,President,,,Write-In - Kasey Wells,0.0
Loudon,President,,,Write-In - Tom Hoefling,0.0
Loudon,U.S. Senate,,,Write-In - Al Green,0.0
Loudon,U.S. Senate,,,Write-In - John A. Gentry,1.0
Loudon,President,,Democratic,Joseph R. Biden,6948.0
Loudon,U.S. Senate,,Democratic,Marquita Bradshaw,6061.0
Loudon,President,,Independent,Alyson Kennedy,55.0
Loudon,President,,Independent,Don Blankenship,76.0
Loudon,President,,Independent,Gloria La Riva,32.0
Loudon,President,,Independent,Howie Hawkins,49.0
Loudon,President,,Independent,Jo Jorgensen,270.0
Loudon,President,,Independent,Kanye West,181.0
Loudon,President,,Independent,"Roque ""Rocky"" De La Fuente",16.0
Loudon,U.S. Senate,,Independent,Aaron James,121.0
Loudon,U.S. Senate,,Independent,Elizabeth McLeod,165.0
Loudon,U.S. Senate,,Independent,Eric William Stansberry,69.0
Loudon,U.S. Senate,,Independent,G. Dean Hill,33.0
Loudon,U.S. Senate,,Independent,Jeffrey Alan Grunau,24.0
Loudon,U.S. Senate,,Independent,Ronnie Henley,73.0
Loudon,U.S. Senate,,Independent,Steven J. Hooper,45.0
Loudon,U.S. Senate,,Independent,"Yomi ""Fapas"" Faparusi Sr.",74.0
Loudon,President,,Republican,Donald J. Trump,21713.0
Loudon,U.S. Senate,,Republican,Bill Hagerty,21890.0
Loudon,U.S. House,2,,Write-In - David Dockery,0.0
Loudon,U.S. House,2,,Write-In - Ronald Cornell Jr.,0.0
Loudon,U.S. House,2,Democratic,Renee Hoyos,5890.0
Loudon,U.S. House,2,Independent,Matthew L. Campbell,426.0
Loudon,U.S. House,2,Republican,Tim Burchett,22435.0
Loudon,State Representative,21,Republican,Lowell Russell,17444.0
Loudon,State Representative,32,Republican,Kent Calfee,6667.0
Macon,President,,,Write-In - Brian Carroll,0.0
Macon,President,,,Write-In - Jade Simmons,0.0
Macon,President,,,Write-In - Kasey Wells,0.0
Macon,President,,,Write-In - Tom Hoefling,0.0
Macon,U.S. Senate,,,Write-In - Al Green,0.0
Macon,U.S. Senate,,,Write-In - John A. Gentry,2.0
Macon,President,,Democratic,Joseph R. Biden,1307.0
Macon,U.S. Senate,,Democratic,Marquita Bradshaw,1104.0
Macon,President,,Independent,Alyson Kennedy,3.0
Macon,President,,Independent,Don Blankenship,15.0
Macon,President,,Independent,Gloria La Riva,0.0
Macon,President,,Independent,Howie Hawkins,10.0
Macon,President,,Independent,Jo Jorgensen,43.0
Macon,President,,Independent,Kanye West,9.0
Macon,President,,Independent,"Roque ""Rocky"" De La Fuente",4.0
Macon,U.S. Senate,,Independent,Aaron James,15.0
Macon,U.S. Senate,,Independent,Elizabeth McLeod,30.0
Macon,U.S. Senate,,Independent,Eric William Stansberry,13.0
Macon,U.S. Senate,,Independent,G. Dean Hill,13.0
Macon,U.S. Senate,,Independent,Jeffrey Alan Grunau,15.0
Macon,U.S. Senate,,Independent,Ronnie Henley,26.0
Macon,U.S. Senate,,Independent,Steven J. Hooper,38.0
Macon,U.S. Senate,,Independent,"Yomi ""Fapas"" Faparusi Sr.",16.0
Macon,President,,Republican,Donald J. Trump,8096.0
Macon,U.S. Senate,,Republican,Bill Hagerty,7522.0
Macon,State Representative,38,Democratic,Carol Abney,1145.0
Macon,State Representative,38,Republican,Kelly T Keisling,6875.0
Macon,U.S. House,6,Democratic,Christopher Martin Finley,1084.0
Macon,U.S. House,6,Independent,Christopher B. Monday,152.0
Macon,U.S. House,6,Republican,John Rose,7252.0
Madison,President,,,Write-In - Brian Carroll,0.0
Madison,President,,,Write-In - Jade Simmons,1.0
Madison,President,,,Write-In - Kasey Wells,0.0
Madison,President,,,Write-In - Tom Hoefling,0.0
Madison,U.S. Senate,,,Write-In - Al Green,0.0
Madison,U.S. Senate,,,Write-In - John A. Gentry,0.0
Madison,President,,Democratic,Joseph R. Biden,18390.0
Madison,U.S. Senate,,Democratic,Marquita Bradshaw,16781.0
Madison,President,,Independent,Alyson Kennedy,35.0
Madison,President,,Independent,Don Blankenship,74.0
Madison,President,,Independent,Gloria La Riva,23.0
Madison,President,,Independent,Howie Hawkins,48.0
Madison,President,,Independent,Jo Jorgensen,327.0
Madison,President,,Independent,Kanye West,83.0
Madison,President,,Independent,"Roque ""Rocky"" De La Fuente",26.0
Madison,U.S. Senate,,Independent,Aaron James,78.0
Madison,U.S. Senate,,Independent,Elizabeth McLeod,181.0
Madison,U.S. Senate,,Independent,Eric William Stansberry,44.0
Madison,U.S. Senate,,Independent,G. Dean Hill,62.0
Madison,U.S. Senate,,Independent,Jeffrey Alan Grunau,47.0
Madison,U.S. Senate,,Independent,Ronnie Henley,107.0
Madison,U.S. Senate,,Independent,Steven J. Hooper,106.0
Madison,U.S. Senate,,Independent,"Yomi ""Fapas"" Faparusi Sr.",118.0
Madison,President,,Republican,Donald J. Trump,23943.0
Madison,U.S. Senate,,Republican,Bill Hagerty,24065.0
Madison,State Representative,73,Republican,Chris Todd,25093.0
Madison,U.S. House,8,Democratic,Erika Stotts Pearson,16501.0
Madison,U.S. House,8,Independent,James Hart,368.0
Madison,U.S. House,8,Independent,Jon Dillard,389.0
Madison,U.S. House,8,Republican,David Kustoff,24197.0
Madison,State Representative,80,Democratic,Johnny W. Shaw,9199.0
Marion,President,,,Write-In - Brian Carroll,0.0
Marion,President,,,Write-In - Jade Simmons,0.0
Marion,President,,,Write-In - Kasey Wells,0.0
Marion,President,,,Write-In - Tom Hoefling,0.0
Marion,U.S. Senate,,,Write-In - Al Green,0.0
Marion,U.S. Senate,,,Write-In - John A. Gentry,0.0
Marion,President,,Democratic,Joseph R. Biden,3177.0
Marion,U.S. Senate,,Democratic,Marquita Bradshaw,2956.0
Marion,President,,Independent,Alyson Kennedy,3.0
Marion,President,,Independent,Don Blankenship,29.0
Marion,President,,Independent,Gloria La Riva,3.0
Marion,President,,Independent,Howie Hawkins,20.0
Marion,President,,Independent,Jo Jorgensen,93.0
Marion,President,,Independent,Kanye West,16.0
Marion,President,,Independent,"Roque ""Rocky"" De La Fuente",4.0
Marion,U.S. Senate,,Independent,Aaron James,6.0
Marion,U.S. Senate,,Independent,Elizabeth McLeod,26.0
Marion,U.S. Senate,,Independent,Eric William Stansberry,11.0
Marion,U.S. Senate,,Independent,G. Dean Hill,42.0
Marion,U.S. Senate,,Independent,Jeffrey Alan Grunau,19.0
Marion,U.S. Senate,,Independent,Ronnie Henley,65.0
Marion,U.S. Senate,,Independent,Steven J. Hooper,77.0
Marion,U.S. Senate,,Independent,"Yomi ""Fapas"" Faparusi Sr.",31.0
Marion,President,,Republican,Donald J. Trump,9911.0
Marion,U.S. Senate,,Republican,Bill Hagerty,9517.0
Marion,State Senate,16,Democratic,Sheila Younglove,3110.0
Marion,State Senate,16,Republican,Janice Bowling,9624.0
Marion,State Representative,39,Republican,Iris Rudder,5339.0
Marion,U.S. House,4,Democratic,Christopher J. Hale,3394.0
Marion,U.S. House,4,Republican,Scott DesJarlais,9437.0
Marion,State Representative,92,Republican,Todd Warner,4994.0
Marshall,President,,,Write-In - Brian Carroll,0.0
Marshall,President,,,Write-In - Jade Simmons,0.0
Marshall,President,,,Write-In - Kasey Wells,0.0
Marshall,President,,,Write-In - Tom Hoefling,0.0
Marshall,U.S. Senate,,,Write-In - Al Green,0.0
Marshall,U.S. Senate,,,Write-In - John A. Gentry,4.0
Marshall,President,,Democratic,Joseph R. Biden,3605.0
Marshall,U.S. Senate,,Democratic,Marquita Bradshaw,3154.0
Marshall,President,,Independent,Alyson Kennedy,13.0
Marshall,President,,Independent,Don Blankenship,14.0
Marshall,President,,Independent,Gloria La Riva,6.0
Marshall,President,,Independent,Howie Hawkins,32.0
Marshall,President,,Independent,Jo Jorgensen,126.0
Marshall,President,,Independent,Kanye West,34.0
Marshall,President,,Independent,"Roque ""Rocky"" De La Fuente",5.0
Marshall,U.S. Senate,,Independent,Aaron James,23.0
Marshall,U.S. Senate,,Independent,Elizabeth McLeod,70.0
Marshall,U.S. Senate,,Independent,Eric William Stansberry,32.0
Marshall,U.S. Senate,,Independent,G. Dean Hill,32.0
Marshall,U.S. Senate,,Independent,Jeffrey Alan Grunau,27.0
Marshall,U.S. Senate,,Independent,Ronnie Henley,45.0
Marshall,U.S. Senate,,Independent,Steven J. Hooper,49.0
Marshall,U.S. Senate,,Independent,"Yomi ""Fapas"" Faparusi Sr.",28.0
Marshall,President,,Republican,Donald J. Trump,11043.0
Marshall,U.S. Senate,,Republican,Bill Hagerty,10650.0
Marshall,State Senate,14,Democratic,Chase Clemons,3145.0
Marshall,State Senate,14,Republican,Shane Reeves,9724.0
Marshall,U.S. House,4,Democratic,Christopher J. Hale,3803.0
Marshall,U.S. House,4,Republican,Scott DesJarlais,9872.0
Marshall,State Representative,92,Republican,Todd Warner,11322.0
Maury,President,,,Write-In - Brian Carroll,0.0
Maury,President,,,Write-In - Jade Simmons,3.0
Maury,President,,,Write-In - Kasey Wells,0.0
Maury,President,,,Write-In - Tom Hoefling,3.0
Maury,U.S. Senate,,,Write-In - Al Green,0.0
Maury,U.S. Senate,,,Write-In - John A. Gentry,0.0
Maury,President,,Democratic,Joseph R. Biden,14418.0
Maury,U.S. Senate,,Democratic,Marquita Bradshaw,13557.0
Maury,President,,Independent,Alyson Kennedy,25.0
Maury,President,,Independent,Don Blankenship,71.0
Maury,President,,Independent,Gloria La Riva,10.0
Maury,President,,Independent,Howie Hawkins,57.0
Maury,President,,Independent,Jo Jorgensen,486.0
Maury,President,,Independent,Kanye West,93.0
Maury,President,,Independent,"Roque ""Rocky"" De La Fuente",27.0
Maury,U.S. Senate,,Independent,Aaron James,53.0
Maury,U.S. Senate,,Independent,Elizabeth McLeod,176.0
Maury,U.S. Senate,,Independent,Eric William Stansberry,63.0
Maury,U.S. Senate,,Independent,G. Dean Hill,70.0
Maury,U.S. Senate,,Independent,Jeffrey Alan Grunau,43.0
Maury,U.S. Senate,,Independent,Ronnie Henley,163.0
Maury,U.S. Senate,,Independent,Steven J. Hooper,114.0
Maury,U.S. Senate,,Independent,"Yomi ""Fapas"" Faparusi Sr.",170.0
Maury,President,,Republican,Donald J. Trump,31464.0
Maury,U.S. Senate,,Republican,Bill Hagerty,31516.0
Maury,State Senate,28,,Write-In - James R. Trusty,1.0
Maury,State Senate,28,Independent,James Gray,11660.0
Maury,State Senate,28,Republican,Joey Hensley,30524.0
Maury,U.S. House,4,Democratic,Christopher J. Hale,11205.0
Maury,U.S. House,4,Republican,Scott DesJarlais,23292.0
Maury,State Representative,64,Democratic,James Campbell,10561.0
Maury,State Representative,64,Republican,Scott E. Cepicky,26003.0
Maury,State Representative,69,Democratic,Eddie Johnson,3202.0
Maury,State Representative,69,Republican,Michael G. Curcio,3966.0
Maury,U.S. House,7,Democratic,Kiran Sreepada,3123.0
Maury,U.S. House,7,Independent,Ronald Brown,220.0
Maury,U.S. House,7,Independent,Scott Anthony Vieira Jr,79.0
Maury,U.S. House,7,Republican,Mark E. Green,7533.0
McMinn,President,,,Write-In - Brian Carroll,1.0
McMinn,President,,,Write-In - Jade Simmons,0.0
McMinn,President,,,Write-In - Kasey Wells,0.0
McMinn,President,,,Write-In - Tom Hoefling,0.0
McMinn,U.S. Senate,,,Write-In - Al Green,0.0
McMinn,U.S. Senate,,,Write-In - John A. Gentry,3.0
McMinn,President,,Democratic,Joseph R. Biden,4361.0
McMinn,U.S. Senate,,Democratic,Marquita Bradshaw,3908.0
McMinn,President,,Independent,Alyson Kennedy,4.0
McMinn,President,,Independent,Don Blankenship,33.0
McMinn,President,,Independent,Gloria La Riva,5.0
McMinn,President,,Independent,Howie Hawkins,22.0
McMinn,President,,Independent,Jo Jorgensen,183.0
McMinn,President,,Independent,Kanye West,29.0
McMinn,President,,Independent,"Roque ""Rocky"" De La Fuente",8.0
McMinn,U.S. Senate,,Independent,Aaron James,12.0
McMinn,U.S. Senate,,Independent,Elizabeth McLeod,49.0
McMinn,U.S. Senate,,Independent,Eric William Stansberry,22.0
McMinn,U.S. Senate,,Independent,G. Dean Hill,57.0
McMinn,U.S. Senate,,Independent,Jeffrey Alan Grunau,43.0
McMinn,U.S. Senate,,Independent,Ronnie Henley,78.0
McMinn,U.S. Senate,,Independent,Steven J. Hooper,101.0
McMinn,U.S. Senate,,Independent,"Yomi ""Fapas"" Faparusi Sr.",55.0
McMinn,President,,Republican,Donald J. Trump,18198.0
McMinn,U.S. Senate,,Republican,Bill Hagerty,17777.0
McMinn,State Representative,23,Independent,David G.E. Fankhauser,2880.0
McMinn,State Representative,23,Republican,Mark Cochran,18664.0
McMinn,U.S. House,3,,Write-In - Scott D. James,8.0
McMinn,U.S. House,3,Democratic,Meg Gorman,3739.0
McMinn,U.S. House,3,Independent,Amber L. Hysell,373.0
McMinn,U.S. House,3,Independent,Keith Douglas Sweitzer,194.0
McMinn,U.S. House,3,Republican,Chuck Fleischmann,17726.0
McNairy,President,,,Write-In - Brian Carroll,0.0
McNairy,President,,,Write-In - Jade Simmons,0.0
McNairy,President,,,Write-In - Kasey Wells,0.0
McNairy,President,,,Write-In - Tom Hoefling,0.0
McNairy,U.S. Senate,,,Write-In - Al Green,0.0
McNairy,U.S. Senate,,,Write-In - John A. Gentry,0.0
McNairy,President,,Democratic,Joseph R. Biden,1943.0
McNairy,U.S. Senate,,Democratic,Marquita Bradshaw,1764.0
McNairy,President,,Independent,Alyson Kennedy,33.0
McNairy,President,,Independent,Don Blankenship,22.0
McNairy,President,,Independent,Gloria La Riva,15.0
McNairy,President,,Independent,Howie Hawkins,15.0
McNairy,President,,Independent,Jo Jorgensen,56.0
McNairy,President,,Independent,Kanye West,93.0
McNairy,President,,Independent,"Roque ""Rocky"" De La Fuente",5.0
McNairy,U.S. Senate,,Independent,Aaron James,89.0
McNairy,U.S. Senate,,Independent,Elizabeth McLeod,57.0
McNairy,U.S. Senate,,Independent,Eric William Stansberry,20.0
McNairy,U.S. Senate,,Independent,G. Dean Hill,10.0
McNairy,U.S. Senate,,Independent,Jeffrey Alan Grunau,10.0
McNairy,U.S. Senate,,Independent,Ronnie Henley,34.0
McNairy,U.S. Senate,,Independent,Steven J. Hooper,36.0
McNairy,U.S. Senate,,Independent,"Yomi ""Fapas"" Faparusi Sr.",36.0
McNairy,President,,Republican,Donald J. Trump,9093.0
McNairy,U.S. Senate,,Republican,Bill Hagerty,8839.0
McNairy,State Senate,26,Democratic,Civil Miller-Watkins,1792.0
McNairy,State Senate,26,Republican,Page Walley,8981.0
McNairy,U.S. House,7,Democratic,Kiran Sreepada,1700.0
McNairy,U.S. House,7,Independent,Ronald Brown,165.0
McNairy,U.S. House,7,Independent,Scott Anthony Vieira Jr,30.0
McNairy,U.S. House,7,Republican,Mark E. Green,8794.0
McNairy,State Representative,94,Republican,Ron M. Gant,9497.0
Meigs,President,,,Write-In - Brian Carroll,0.0
Meigs,President,,,Write-In - Jade Simmons,0.0
Meigs,President,,,Write-In - Kasey Wells,0.0
Meigs,President,,,Write-In - Tom Hoefling,0.0
Meigs,U.S. Senate,,,Write-In - Al Green,0.0
Meigs,U.S. Senate,,,Write-In - John A. Gentry,0.0
Meigs,President,,Democratic,Joseph R. Biden,1008.0
Meigs,U.S. Senate,,Democratic,Marquita Bradshaw,882.0
Meigs,President,,Independent,Alyson Kennedy,0.0
Meigs,President,,Independent,Don Blankenship,11.0
Meigs,President,,Independent,Gloria La Riva,0.0
Meigs,President,,Independent,Howie Hawkins,5.0
Meigs,President,,Independent,Jo Jorgensen,34.0
Meigs,President,,Independent,Kanye West,6.0
Meigs,President,,Independent,"Roque ""Rocky"" De La Fuente",1.0
Meigs,U.S. Senate,,Independent,Aaron James,5.0
Meigs,U.S. Senate,,Independent,Elizabeth McLeod,28.0
Meigs,U.S. Senate,,Independent,Eric William Stansberry,18.0
Meigs,U.S. Senate,,Independent,G. Dean Hill,4.0
Meigs,U.S. Senate,,Independent,Jeffrey Alan Grunau,6.0
Meigs,U.S. Senate,,Independent,Ronnie Henley,17.0
Meigs,U.S. Senate,,Independent,Steven J. Hooper,13.0
Meigs,U.S. Senate,,Independent,"Yomi ""Fapas"" Faparusi Sr.",12.0
Meigs,President,,Republican,Donald J. Trump,4467.0
Meigs,U.S. Senate,,Republican,Bill Hagerty,4198.0
Meigs,State Representative,22,Republican,Dan Howell,3647.0
Meigs,U.S. House,4,Democratic,Christopher J. Hale,1125.0
Meigs,U.S. House,4,Republican,Scott DesJarlais,3889.0
Monroe,President,,,Write-In - Brian Carroll,2.0
Monroe,President,,,Write-In - Jade Simmons,0.0
Monroe,President,,,Write-In - Kasey Wells,0.0
Monroe,President,,,Write-In - Tom Hoefling,0.0
Monroe,U.S. Senate,,,Write-In - Al Green,0.0
Monroe,U.S. Senate,,,Write-In - John A. Gentry,2.0
Monroe,President,,Democratic,Joseph R. Biden,3764.0
Monroe,U.S. Senate,,Democratic,Marquita Bradshaw,3444.0
Monroe,President,,Independent,Alyson Kennedy,3.0
Monroe,President,,Independent,Don Blankenship,37.0
Monroe,President,,Independent,Gloria La Riva,2.0
Monroe,President,,Independent,Howie Hawkins,24.0
Monroe,President,,Independent,Jo Jorgensen,150.0
Monroe,President,,Independent,Kanye West,24.0
Monroe,President,,Independent,"Roque ""Rocky"" De La Fuente",8.0
Monroe,U.S. Senate,,Independent,Aaron James,13.0
Monroe,U.S. Senate,,Independent,Elizabeth McLeod,46.0
Monroe,U.S. Senate,,Independent,Eric William Stansberry,12.0
Monroe,U.S. Senate,,Independent,G. Dean Hill,58.0
Monroe,U.S. Senate,,Independent,Jeffrey Alan Grunau,37.0
Monroe,U.S. Senate,,Independent,Ronnie Henley,82.0
Monroe,U.S. Senate,,Independent,Steven J. Hooper,99.0
Monroe,U.S. Senate,,Independent,"Yomi ""Fapas"" Faparusi Sr.",43.0
Monroe,President,,Republican,Donald J. Trump,16783.0
Monroe,U.S. Senate,,Republican,Bill Hagerty,16331.0
Monroe,State Representative,21,Republican,Lowell Russell,11780.0
Monroe,State Representative,23,Independent,David G.E. Fankhauser,831.0
Monroe,State Representative,23,Republican,Mark Cochran,5626.0
Monroe,U.S. House,3,,Write-In - Scott D. James,0.0
Monroe,U.S. House,3,Democratic,Meg Gorman,3375.0
Monroe,U.S. House,3,Independent,Amber L. Hysell,315.0
Monroe,U.S. House,3,Independent,Keith Douglas Sweitzer,147.0
Monroe,U.S. House,3,Republican,Chuck Fleischmann,16138.0
Montgomery,President,,,Write-In - Brian Carroll,0.0
Montgomery,President,,,Write-In - Jade Simmons,1.0
Montgomery,President,,,Write-In - Kasey Wells,0.0
Montgomery,President,,,Write-In - Tom Hoefling,0.0
Montgomery,U.S. Senate,,,Write-In - Al Green,0.0
Montgomery,U.S. Senate,,,Write-In - John A. Gentry,2.0
Montgomery,President,,Democratic,Joseph R. Biden,32472.0
Montgomery,U.S. Senate,,Democratic,Marquita Bradshaw,28674.0
Montgomery,President,,Independent,Alyson Kennedy,62.0
Montgomery,President,,Independent,Don Blankenship,138.0
Montgomery,President,,Independent,Gloria La Riva,39.0
Montgomery,President,,Independent,Howie Hawkins,150.0
Montgomery,President,,Independent,Jo Jorgensen,1439.0
Montgomery,President,,Independent,Kanye West,202.0
Montgomery,President,,Independent,"Roque ""Rocky"" De La Fuente",68.0
Montgomery,U.S. Senate,,Independent,Aaron James,200.0
Montgomery,U.S. Senate,,Independent,Elizabeth McLeod,688.0
Montgomery,U.S. Senate,,Independent,Eric William Stansberry,195.0
Montgomery,U.S. Senate,,Independent,G. Dean Hill,162.0
Montgomery,U.S. Senate,,Independent,Jeffrey Alan Grunau,185.0
Montgomery,U.S. Senate,,Independent,Ronnie Henley,478.0
Montgomery,U.S. Senate,,Independent,Steven J. Hooper,301.0
Montgomery,U.S. Senate,,Independent,"Yomi ""Fapas"" Faparusi Sr.",431.0
Montgomery,President,,Republican,Donald J. Trump,42187.0
Montgomery,U.S. Senate,,Republican,Bill Hagerty,41342.0
Montgomery,State Senate,22,Democratic,Ronnie L. Glynn,28394.0
Montgomery,State Senate,22,Republican,Bill Powers,42460.0
Montgomery,State Representative,67,Democratic,Jason Hodges,12841.0
Montgomery,State Representative,67,Republican,John W. Dawson,10538.0
Montgomery,State Representative,68,Republican,Curtis Johnson,28351.0
Montgomery,U.S. House,7,Democratic,Kiran Sreepada,26117.0
Montgomery,U.S. House,7,Independent,Ronald Brown,3109.0
Montgomery,U.S. House,7,Independent,Scott Anthony Vieira Jr,643.0
Montgomery,U.S. House,7,Republican,Mark E. Green,42844.0
Montgomery,State Representative,74,Republican,Jay D. Reedy,8629.0
Moore,President,,,Write-In - Brian Carroll,0.0
Moore,President,,,Write-In - Jade Simmons,0.0
Moore,President,,,Write-In - Kasey Wells,0.0
Moore,President,,,Write-In - Tom Hoefling,0.0
Moore,U.S. Senate,,,Write-In - Al Green,0.0
Moore,U.S. Senate,,,Write-In - John A. Gentry,0.0
Moore,President,,Democratic,Joseph R. Biden,573.0
Moore,U.S. Senate,,Democratic,Marquita Bradshaw,523.0
Moore,President,,Independent,Alyson Kennedy,4.0
Moore,President,,Independent,Don Blankenship,11.0
Moore,President,,Independent,Gloria La Riva,2.0
Moore,President,,Independent,Howie Hawkins,5.0
Moore,President,,Independent,Jo Jorgensen,30.0
Moore,President,,Independent,Kanye West,25.0
Moore,President,,Independent,"Roque ""Rocky"" De La Fuente",1.0
Moore,U.S. Senate,,Independent,Aaron James,17.0
Moore,U.S. Senate,,Independent,Elizabeth McLeod,19.0
Moore,U.S. Senate,,Independent,Eric William Stansberry,6.0
Moore,U.S. Senate,,Independent,G. Dean Hill,9.0
Moore,U.S. Senate,,Independent,Jeffrey Alan Grunau,2.0
Moore,U.S. Senate,,Independent,Ronnie Henley,9.0
Moore,U.S. Senate,,Independent,Steven J. Hooper,11.0
Moore,U.S. Senate,,Independent,"Yomi ""Fapas"" Faparusi Sr.",10.0
Moore,President,,Republican,Donald J. Trump,2888.0
Moore,U.S. Senate,,Republican,Bill Hagerty,2827.0
Moore,State Senate,14,Democratic,Chase Clemons,546.0
Moore,State Senate,14,Republican,Shane Reeves,2819.0
Moore,State Representative,39,Republican,Iris Rudder,2960.0
Moore,U.S. House,4,Democratic,Christopher J. Hale,639.0
Moore,U.S. House,4,Republican,Scott DesJarlais,2789.0
Morgan,President,,,Write-In - Brian Carroll,0.0
Morgan,President,,,Write-In - Jade Simmons,0.0
Morgan,President,,,Write-In - Kasey Wells,0.0
Morgan,President,,,Write-In - Tom Hoefling,0.0
Morgan,U.S. Senate,,,Write-In - Al Green,0.0
Morgan,U.S. Senate,,,Write-In - John A. Gentry,0.0
Morgan,President,,Democratic,Joseph R. Biden,1167.0
Morgan,U.S. Senate,,Democratic,Marquita Bradshaw,1086.0
Morgan,President,,Independent,Alyson Kennedy,4.0
Morgan,President,,Independent,Don Blankenship,7.0
Morgan,President,,Independent,Gloria La Riva,4.0
Morgan,President,,Independent,Howie Hawkins,7.0
Morgan,President,,Independent,Jo Jorgensen,91.0
Morgan,President,,Independent,Kanye West,13.0
Morgan,President,,Independent,"Roque ""Rocky"" De La Fuente",5.0
Morgan,U.S. Senate,,Independent,Aaron James,13.0
Morgan,U.S. Senate,,Independent,Elizabeth McLeod,29.0
Morgan,U.S. Senate,,Independent,Eric William Stansberry,13.0
Morgan,U.S. Senate,,Independent,G. Dean Hill,13.0
Morgan,U.S. Senate,,Independent,Jeffrey Alan Grunau,12.0
Morgan,U.S. Senate,,Independent,Ronnie Henley,22.0
Morgan,U.S. Senate,,Independent,Steven J. Hooper,13.0
Morgan,U.S. Senate,,Independent,"Yomi ""Fapas"" Faparusi Sr.",14.0
Morgan,President,,Republican,Donald J. Trump,6930.0
Morgan,U.S. Senate,,Republican,Bill Hagerty,6715.0
Morgan,State Senate,12,Republican,Ken Yager,7273.0
Morgan,U.S. House,3,,Write-In - Scott D. James,0.0
Morgan,U.S. House,3,Democratic,Meg Gorman,1054.0
Morgan,U.S. House,3,Independent,Amber L. Hysell,108.0
Morgan,U.S. House,3,Independent,Keith Douglas Sweitzer,58.0
Morgan,U.S. House,3,Republican,Chuck Fleischmann,6567.0
Morgan,State Representative,41,Democratic,John Mark Windle,5921.0
Obion,President,,,Write-In - Brian Carroll,0.0
Obion,President,,,Write-In - Jade Simmons,0.0
Obion,President,,,Write-In - Kasey Wells,0.0
Obion,President,,,Write-In - Tom Hoefling,0.0
Obion,U.S. Senate,,,Write-In - Al Green,0.0
Obion,U.S. Senate,,,Write-In - John A. Gentry,0.0
Obion,President,,Democratic,Joseph R. Biden,2589.0
Obion,U.S. Senate,,Democratic,Marquita Bradshaw,2247.0
Obion,President,,Independent,Alyson Kennedy,8.0
Obion,President,,Independent,Don Blankenship,27.0
Obion,President,,Independent,Gloria La Riva,3.0
Obion,President,,Independent,Howie Hawkins,11.0
Obion,President,,Independent,Jo Jorgensen,68.0
Obion,President,,Independent,Kanye West,21.0
Obion,President,,Independent,"Roque ""Rocky"" De La Fuente",4.0
Obion,U.S. Senate,,Independent,Aaron James,8.0
Obion,U.S. Senate,,Independent,Elizabeth McLeod,24.0
Obion,U.S. Senate,,Independent,Eric William Stansberry,108.0
Obion,U.S. Senate,,Independent,G. Dean Hill,34.0
Obion,U.S. Senate,,Independent,Jeffrey Alan Grunau,28.0
Obion,U.S. Senate,,Independent,Ronnie Henley,49.0
Obion,U.S. Senate,,Independent,Steven J. Hooper,90.0
Obion,U.S. Senate,,Independent,"Yomi ""Fapas"" Faparusi Sr.",27.0
Obion,President,,Republican,Donald J. Trump,10790.0
Obion,U.S. Senate,,Republican,Bill Hagerty,10236.0
Obion,State Senate,24,Independent,Yahweh Yahweh,1293.0
Obion,State Senate,24,Republican,John D. Stevens,10842.0
Obion,State Representative,76,Independent,Jeffery T. Washburn,1030.0
Obion,State Representative,76,Republican,Tandy Darby,3231.0
Obion,State Representative,77,Republican,Rusty Grills,7772.0
Obion,U.S. House,8,Democratic,Erika Stotts Pearson,2206.0
Obion,U.S. House,8,Independent,James Hart,178.0
Obion,U.S. House,8,Independent,Jon Dillard,98.0
Obion,U.S. House,8,Republican,David Kustoff,10362.0
Overton,President,,,Write-In - Brian Carroll,0.0
Overton,President,,,Write-In - Jade Simmons,0.0
Overton,President,,,Write-In - Kasey Wells,0.0
Overton,President,,,Write-In - Tom Hoefling,0.0
Overton,U.S. Senate,,,Write-In - Al Green,0.0
Overton,U.S. Senate,,,Write-In - John A. Gentry,0.0
Overton,President,,Democratic,Joseph R. Biden,2033.0
Overton,U.S. Senate,,Democratic,Marquita Bradshaw,1704.0
Overton,President,,Independent,Alyson Kennedy,4.0
Overton,President,,Independent,Don Blankenship,17.0
Overton,President,,Independent,Gloria La Riva,0.0
Overton,President,,Independent,Howie Hawkins,12.0
Overton,President,,Independent,Jo Jorgensen,47.0
Overton,President,,Independent,Kanye West,4.0
Overton,President,,Independent,"Roque ""Rocky"" De La Fuente",2.0
Overton,U.S. Senate,,Independent,Aaron James,13.0
Overton,U.S. Senate,,Independent,Elizabeth McLeod,39.0
Overton,U.S. Senate,,Independent,Eric William Stansberry,18.0
Overton,U.S. Senate,,Independent,G. Dean Hill,15.0
Overton,U.S. Senate,,Independent,Jeffrey Alan Grunau,12.0
Overton,U.S. Senate,,Independent,Ronnie Henley,36.0
Overton,U.S. Senate,,Independent,Steven J. Hooper,30.0
Overton,U.S. Senate,,Independent,"Yomi ""Fapas"" Faparusi Sr.",21.0
Overton,President,,Republican,Donald J. Trump,7918.0
Overton,U.S. Senate,,Republican,Bill Hagerty,7351.0
Overton,State Representative,41,Democratic,John Mark Windle,6254.0
Overton,U.S. House,6,Democratic,Christopher Martin Finley,1599.0
Overton,U.S. House,6,Independent,Christopher B. Monday,179.0
Overton,U.S. House,6,Republican,John Rose,6806.0
Perry,President,,,Write-In - Brian Carroll,0.0
Perry,President,,,Write-In - Jade Simmons,0.0
Perry,President,,,Write-In - Kasey Wells,0.0
Perry,President,,,Write-In - Tom Hoefling,0.0
Perry,U.S. Senate,,,Write-In - Al Green,0.0
Perry,U.S. Senate,,,Write-In - John A. Gentry,0.0
Perry,President,,Democratic,Joseph R. Biden,615.0
Perry,U.S. Senate,,Democratic,Marquita Bradshaw,517.0
Perry,President,,Independent,Alyson Kennedy,1.0
Perry,President,,Independent,Don Blankenship,3.0
Perry,President,,Independent,Gloria La Riva,0.0
Perry,President,,Independent,Howie Hawkins,11.0
Perry,President,,Independent,Jo Jorgensen,20.0
Perry,President,,Independent,Kanye West,3.0
Perry,President,,Independent,"Roque ""Rocky"" De La Fuente",0.0
Perry,U.S. Senate,,Independent,Aaron James,4.0
Perry,U.S. Senate,,Independent,Elizabeth McLeod,8.0
Perry,U.S. Senate,,Independent,Eric William Stansberry,9.0
Perry,U.S. Senate,,Independent,G. Dean Hill,2.0
Perry,U.S. Senate,,Independent,Jeffrey Alan Grunau,6.0
Perry,U.S. Senate,,Independent,Ronnie Henley,17.0
Perry,U.S. Senate,,Independent,Steven J. Hooper,12.0
Perry,U.S. Senate,,Independent,"Yomi ""Fapas"" Faparusi Sr.",3.0
Perry,President,,Republican,Donald J. Trump,2775.0
Perry,U.S. Senate,,Republican,Bill Hagerty,2617.0
Perry,State Senate,28,,Write-In - James R. Trusty,0.0
Perry,State Senate,28,Independent,James Gray,400.0
Perry,State Senate,28,Republican,Joey Hensley,2393.0
Perry,U.S. House,7,Democratic,Kiran Sreepada,504.0
Perry,U.S. House,7,Independent,Ronald Brown,35.0
Perry,U.S. House,7,Independent,Scott Anthony Vieira Jr,21.0
Perry,U.S. House,7,Republican,Mark E. Green,2460.0
Perry,State Representative,72,Republican,Kirk Haston,2954.0
Pickett,President,,,Write-In - Brian Carroll,0.0
Pickett,President,,,Write-In - Jade Simmons,0.0
Pickett,President,,,Write-In - Kasey Wells,0.0
Pickett,President,,,Write-In - Tom Hoefling,0.0
Pickett,U.S. Senate,,,Write-In - Al Green,0.0
Pickett,U.S. Senate,,,Write-In - John A. Gentry,0.0
Pickett,President,,Democratic,Joseph R. Biden,525.0
Pickett,U.S. Senate,,Democratic,Marquita Bradshaw,475.0
Pickett,President,,Independent,Alyson Kennedy,1.0
Pickett,President,,Independent,Don Blankenship,2.0
Pickett,President,,Independent,Gloria La Riva,2.0
Pickett,President,,Independent,Howie Hawkins,2.0
Pickett,President,,Independent,Jo Jorgensen,11.0
Pickett,President,,Independent,Kanye West,7.0
Pickett,President,,Independent,"Roque ""Rocky"" De La Fuente",0.0
Pickett,U.S. Senate,,Independent,Aaron James,5.0
Pickett,U.S. Senate,,Independent,Elizabeth McLeod,9.0
Pickett,U.S. Senate,,Independent,Eric William Stansberry,4.0
Pickett,U.S. Senate,,Independent,G. Dean Hill,3.0
Pickett,U.S. Senate,,Independent,Jeffrey Alan Grunau,7.0
Pickett,U.S. Senate,,Independent,Ronnie Henley,9.0
Pickett,U.S. Senate,,Independent,Steven J. Hooper,2.0
Pickett,U.S. Senate,,Independent,"Yomi ""Fapas"" Faparusi Sr.",5.0
Pickett,President,,Republican,Donald J. Trump,2381.0
Pickett,U.S. Senate,,Republican,Bill Hagerty,2264.0
Pickett,State Senate,12,Republican,Ken Yager,2216.0
Pickett,State Representative,38,Democratic,Carol Abney,465.0
Pickett,State Representative,38,Republican,Kelly T Keisling,2293.0
Pickett,U.S. House,6,Democratic,Christopher Martin Finley,469.0
Pickett,U.S. House,6,Independent,Christopher B. Monday,57.0
Pickett,U.S. House,6,Republican,John Rose,2183.0
Polk,President,,,Write-In - Brian Carroll,0.0
Polk,President,,,Write-In - Jade Simmons,0.0
Polk,President,,,Write-In - Kasey Wells,0.0
Polk,President,,,Write-In - Tom Hoefling,0.0
Polk,U.S. Senate,,,Write-In - Al Green,0.0
Polk,U.S. Senate,,,Write-In - John A. Gentry,0.0
Polk,President,,Democratic,Joseph R. Biden,1492.0
Polk,U.S. Senate,,Democratic,Marquita Bradshaw,1401.0
Polk,President,,Independent,Alyson Kennedy,5.0
Polk,President,,Independent,Don Blankenship,6.0
Polk,President,,Independent,Gloria La Riva,1.0
Polk,President,,Independent,Howie Hawkins,5.0
Polk,President,,Independent,Jo Jorgensen,43.0
Polk,President,,Independent,Kanye West,14.0
Polk,President,,Independent,"Roque ""Rocky"" De La Fuente",2.0
Polk,U.S. Senate,,Independent,Aaron James,6.0
Polk,U.S. Senate,,Independent,Elizabeth McLeod,36.0
Polk,U.S. Senate,,Independent,Eric William Stansberry,19.0
Polk,U.S. Senate,,Independent,G. Dean Hill,10.0
Polk,U.S. Senate,,Independent,Jeffrey Alan Grunau,2.0
Polk,U.S. Senate,,Independent,Ronnie Henley,16.0
Polk,U.S. Senate,,Independent,Steven J. Hooper,8.0
Polk,U.S. Senate,,Independent,"Yomi ""Fapas"" Faparusi Sr.",18.0
Polk,President,,Republican,Donald J. Trump,6792.0
Polk,U.S. Senate,,Republican,Bill Hagerty,6620.0
Polk,State Representative,22,Republican,Dan Howell,6801.0
Polk,U.S. House,3,,Write-In - Scott D. James,0.0
Polk,U.S. House,3,Democratic,Meg Gorman,1391.0
Polk,U.S. House,3,Independent,Amber L. Hysell,103.0
Polk,U.S. House,3,Independent,Keith Douglas Sweitzer,45.0
Polk,U.S. House,3,Republican,Chuck Fleischmann,6482.0
Putnam,President,,,Write-In - Brian Carroll,13.0
Putnam,President,,,Write-In - Jade Simmons,0.0
Putnam,President,,,Write-In - Kasey Wells,0.0
Putnam,President,,,Write-In - Tom Hoefling,3.0
Putnam,U.S. Senate,,,Write-In - Al Green,0.0
Putnam,U.S. Senate,,,Write-In - John A. Gentry,1.0
Putnam,President,,Democratic,Joseph R. Biden,9185.0
Putnam,U.S. Senate,,Democratic,Marquita Bradshaw,8268.0
Putnam,President,,Independent,Alyson Kennedy,14.0
Putnam,President,,Independent,Don Blankenship,50.0
Putnam,President,,Independent,Gloria La Riva,10.0
Putnam,President,,Independent,Howie Hawkins,64.0
Putnam,President,,Independent,Jo Jorgensen,428.0
Putnam,President,,Independent,Kanye West,48.0
Putnam,President,,Independent,"Roque ""Rocky"" De La Fuente",19.0
Putnam,U.S. Senate,,Independent,Aaron James,47.0
Putnam,U.S. Senate,,Independent,Elizabeth McLeod,154.0
Putnam,U.S. Senate,,Independent,Eric William Stansberry,43.0
Putnam,U.S. Senate,,Independent,G. Dean Hill,43.0
Putnam,U.S. Senate,,Independent,Jeffrey Alan Grunau,41.0
Putnam,U.S. Senate,,Independent,Ronnie Henley,124.0
Putnam,U.S. Senate,,Independent,Steven J. Hooper,88.0
Putnam,U.S. Senate,,Independent,"Yomi ""Fapas"" Faparusi Sr.",137.0
Putnam,President,,Republican,Donald J. Trump,23759.0
Putnam,U.S. Senate,,Republican,Bill Hagerty,23031.0
Putnam,State Representative,25,Democratic,Robyn Deck,415.0
Putnam,State Representative,25,Republican,Cameron Sexton,1518.0
Putnam,State Representative,42,Republican,Ryan Williams,20591.0
Putnam,U.S. House,6,Democratic,Christopher Martin Finley,7943.0
Putnam,U.S. House,6,Independent,Christopher B. Monday,870.0
Putnam,U.S. House,6,Republican,John Rose,22513.0
Rhea,President,,,Write-In - Brian Carroll,2.0
Rhea,President,,,Write-In - Jade Simmons,1.0
Rhea,President,,,Write-In - Kasey Wells,0.0
Rhea,President,,,Write-In - Tom Hoefling,0.0
Rhea,U.S. Senate,,,Write-In - Al Green,0.0
Rhea,U.S. Senate,,,Write-In - John A. Gentry,0.0
Rhea,President,,Democratic,Joseph R. Biden,2369.0
Rhea,U.S. Senate,,Democratic,Marquita Bradshaw,2100.0
Rhea,President,,Independent,Alyson Kennedy,9.0
Rhea,President,,Independent,Don Blankenship,23.0
Rhea,President,,Independent,Gloria La Riva,3.0
Rhea,President,,Independent,Howie Hawkins,17.0
Rhea,President,,Independent,Jo Jorgensen,130.0
Rhea,President,,Independent,Kanye West,28.0
Rhea,President,,Independent,"Roque ""Rocky"" De La Fuente",5.0
Rhea,U.S. Senate,,Independent,Aaron James,18.0
Rhea,U.S. Senate,,Independent,Elizabeth McLeod,55.0
Rhea,U.S. Senate,,Independent,Eric William Stansberry,27.0
Rhea,U.S. Senate,,Independent,G. Dean Hill,32.0
Rhea,U.S. Senate,,Independent,Jeffrey Alan Grunau,18.0
Rhea,U.S. Senate,,Independent,Ronnie Henley,50.0
Rhea,U.S. Senate,,Independent,Steven J. Hooper,22.0
Rhea,U.S. Senate,,Independent,"Yomi ""Fapas"" Faparusi Sr.",26.0
Rhea,President,,Republican,Donald J. Trump,11050.0
Rhea,U.S. Senate,,Republican,Bill Hagerty,10621.0
Rhea,State Senate,12,Republican,Ken Yager,11525.0
Rhea,State Representative,31,Democratic,Dean Sparks,2118.0
Rhea,State Representative,31,Republican,Ron Travis,10957.0
Rhea,U.S. House,4,Democratic,Christopher J. Hale,2620.0
Rhea,U.S. House,4,Republican,Scott DesJarlais,10089.0
Roane,President,,,Write-In - Brian Carroll,3.0
Roane,President,,,Write-In - Jade Simmons,0.0
Roane,President,,,Write-In - Kasey Wells,0.0
Roane,President,,,Write-In - Tom Hoefling,0.0
Roane,U.S. Senate,,,Write-In - Al Green,0.0
Roane,U.S. Senate,,,Write-In - John A. Gentry,2.0
Roane,President,,Democratic,Joseph R. Biden,6043.0
Roane,U.S. Senate,,Democratic,Marquita Bradshaw,5458.0
Roane,President,,Independent,Alyson Kennedy,43.0
Roane,President,,Independent,Don Blankenship,57.0
Roane,President,,Independent,Gloria La Riva,28.0
Roane,President,,Independent,Howie Hawkins,45.0
Roane,President,,Independent,Jo Jorgensen,308.0
Roane,President,,Independent,Kanye West,143.0
Roane,President,,Independent,"Roque ""Rocky"" De La Fuente",17.0
Roane,U.S. Senate,,Independent,Aaron James,133.0
Roane,U.S. Senate,,Independent,Elizabeth McLeod,169.0
Roane,U.S. Senate,,Independent,Eric William Stansberry,81.0
Roane,U.S. Senate,,Independent,G. Dean Hill,53.0
Roane,U.S. Senate,,Independent,Jeffrey Alan Grunau,34.0
Roane,U.S. Senate,,Independent,Ronnie Henley,100.0
Roane,U.S. Senate,,Independent,Steven J. Hooper,52.0
Roane,U.S. Senate,,Independent,"Yomi ""Fapas"" Faparusi Sr.",77.0
Roane,President,,Republican,Donald J. Trump,19230.0
Roane,U.S. Senate,,Republican,Bill Hagerty,19038.0
Roane,State Senate,12,Republican,Ken Yager,22026.0
Roane,U.S. House,3,,Write-In - Scott D. James,0.0
Roane,U.S. House,3,Democratic,Meg Gorman,5202.0
Roane,U.S. House,3,Independent,Amber L. Hysell,430.0
Roane,U.S. House,3,Independent,Keith Douglas Sweitzer,197.0
Roane,U.S. House,3,Republican,Chuck Fleischmann,18902.0
Roane,State Representative,31,Democratic,Dean Sparks,593.0
Roane,State Representative,31,Republican,Ron Travis,2128.0
Roane,State Representative,32,Republican,Kent Calfee,18980.0
Robertson,President,,,Write-In - Brian Carroll,0.0
Robertson,President,,,Write-In - Jade Simmons,0.0
Robertson,President,,,Write-In - Kasey Wells,0.0
Robertson,President,,,Write-In - Tom Hoefling,2.0
Robertson,U.S. Senate,,,Write-In - Al Green,0.0
Robertson,U.S. Senate,,,Write-In - John A. Gentry,0.0
Robertson,President,,Democratic,Joseph R. Biden,8692.0
Robertson,U.S. Senate,,Democratic,Marquita Bradshaw,7530.0
Robertson,President,,Independent,Alyson Kennedy,17.0
Robertson,President,,Independent,Don Blankenship,48.0
Robertson,President,,Independent,Gloria La Riva,8.0
Robertson,President,,Independent,Howie Hawkins,39.0
Robertson,President,,Independent,Jo Jorgensen,300.0
Robertson,President,,Independent,Kanye West,60.0
Robertson,President,,Independent,"Roque ""Rocky"" De La Fuente",15.0
Robertson,U.S. Senate,,Independent,Aaron James,50.0
Robertson,U.S. Senate,,Independent,Elizabeth McLeod,195.0
Robertson,U.S. Senate,,Independent,Eric William Stansberry,58.0
Robertson,U.S. Senate,,Independent,G. Dean Hill,49.0
Robertson,U.S. Senate,,Independent,Jeffrey Alan Grunau,58.0
Robertson,U.S. Senate,,Independent,Ronnie Henley,108.0
Robertson,U.S. Senate,,Independent,Steven J. Hooper,144.0
Robertson,U.S. Senate,,Independent,"Yomi ""Fapas"" Faparusi Sr.",103.0
Robertson,President,,Republican,Donald J. Trump,24536.0
Robertson,U.S. Senate,,Republican,Bill Hagerty,23877.0
Robertson,U.S. House,6,Democratic,Christopher Martin Finley,7430.0
Robertson,U.S. House,6,Independent,Christopher B. Monday,773.0
Robertson,U.S. House,6,Republican,John Rose,22654.0
Robertson,State Representative,66,Democratic,Jarvus M. Turnley,6740.0
Robertson,State Representative,66,Republican,Sabi (Doc) Kumar,23348.0
Rutherford,President,,,Write-In - Brian Carroll,4.0
Rutherford,President,,,Write-In - Jade Simmons,0.0
Rutherford,President,,,Write-In - Kasey Wells,0.0
Rutherford,President,,,Write-In - Tom Hoefling,0.0
Rutherford,U.S. Senate,,,Write-In - Al Green,0.0
Rutherford,U.S. Senate,,,Write-In - John A. Gentry,0.0
Rutherford,President,,Democratic,Joseph R. Biden,59341.0
Rutherford,U.S. Senate,,Democratic,Marquita Bradshaw,53782.0
Rutherford,President,,Independent,Alyson Kennedy,104.0
Rutherford,President,,Independent,Don Blankenship,235.0
Rutherford,President,,Independent,Gloria La Riva,54.0
Rutherford,President,,Independent,Howie Hawkins,280.0
Rutherford,President,,Independent,Jo Jorgensen,1853.0
Rutherford,President,,Independent,Kanye West,440.0
Rutherford,President,,Independent,"Roque ""Rocky"" De La Fuente",87.0
Rutherford,U.S. Senate,,Independent,Aaron James,304.0
Rutherford,U.S. Senate,,Independent,Elizabeth McLeod,1058.0
Rutherford,U.S. Senate,,Independent,Eric William Stansberry,244.0
Rutherford,U.S. Senate,,Independent,G. Dean Hill,235.0
Rutherford,U.S. Senate,,Independent,Jeffrey Alan Grunau,225.0
Rutherford,U.S. Senate,,Independent,Ronnie Henley,440.0
Rutherford,U.S. Senate,,Independent,Steven J. Hooper,560.0
Rutherford,U.S. Senate,,Independent,"Yomi ""Fapas"" Faparusi Sr.",681.0
Rutherford,President,,Republican,Donald J. Trump,81480.0
Rutherford,U.S. Senate,,Republican,Bill Hagerty,80610.0
Rutherford,State Senate,14,Democratic,Chase Clemons,14258.0
Rutherford,State Senate,14,Republican,Shane Reeves,24898.0
Rutherford,State Representative,34,Democratic,Mary R. Vaughn,16381.0
Rutherford,State Representative,34,Republican,Tim Rudd,26284.0
Rutherford,State Representative,37,Democratic,Mariah N. Phillips,12509.0
Rutherford,State Representative,37,Republican,Charlie Baum,17372.0
Rutherford,U.S. House,4,Democratic,Christopher J. Hale,60094.0
Rutherford,U.S. House,4,Republican,Scott DesJarlais,76543.0
Rutherford,State Representative,48,Democratic,Matt Ferry,12236.0
Rutherford,State Representative,48,Republican,Bryan Terry,19724.0
Rutherford,State Representative,49,Democratic,Brandon Thomas,13167.0
Rutherford,State Representative,49,Republican,Mike Sparks,15375.0
Scott,President,,,Write-In - Brian Carroll,0.0
Scott,President,,,Write-In - Jade Simmons,0.0
Scott,President,,,Write-In - Kasey Wells,0.0
Scott,President,,,Write-In - Tom Hoefling,0.0
Scott,U.S. Senate,,,Write-In - Al Green,0.0
Scott,U.S. Senate,,,Write-In - John A. Gentry,0.0
Scott,President,,Democratic,Joseph R. Biden,986.0
Scott,U.S. Senate,,Democratic,Marquita Bradshaw,843.0
Scott,President,,Independent,Alyson Kennedy,5.0
Scott,President,,Independent,Don Blankenship,7.0
Scott,President,,Independent,Gloria La Riva,0.0
Scott,President,,Independent,Howie Hawkins,2.0
Scott,President,,Independent,Jo Jorgensen,32.0
Scott,President,,Independent,Kanye West,15.0
Scott,President,,Independent,"Roque ""Rocky"" De La Fuente",1.0
Scott,U.S. Senate,,Independent,Aaron James,7.0
Scott,U.S. Senate,,Independent,Elizabeth McLeod,41.0
Scott,U.S. Senate,,Independent,Eric William Stansberry,51.0
Scott,U.S. Senate,,Independent,G. Dean Hill,19.0
Scott,U.S. Senate,,Independent,Jeffrey Alan Grunau,7.0
Scott,U.S. Senate,,Independent,Ronnie Henley,22.0
Scott,U.S. Senate,,Independent,Steven J. Hooper,13.0
Scott,U.S. Senate,,Independent,"Yomi ""Fapas"" Faparusi Sr.",16.0
Scott,President,,Republican,Donald J. Trump,8004.0
Scott,U.S. Senate,,Republican,Bill Hagerty,7307.0
Scott,State Senate,12,Republican,Ken Yager,6965.0
Scott,U.S. House,3,,Write-In - Scott D. James,0.0
Scott,U.S. House,3,Democratic,Meg Gorman,807.0
Scott,U.S. House,3,Independent,Amber L. Hysell,97.0
Scott,U.S. House,3,Independent,Keith Douglas Sweitzer,51.0
Scott,U.S. House,3,Republican,Chuck Fleischmann,6979.0
Scott,State Representative,38,Democratic,Carol Abney,834.0
Scott,State Representative,38,Republican,Kelly T Keisling,7141.0
Sequatchie,President,,,Write-In - Brian Carroll,0.0
Sequatchie,President,,,Write-In - Jade Simmons,1.0
Sequatchie,President,,,Write-In - Kasey Wells,0.0
Sequatchie,President,,,Write-In - Tom Hoefling,0.0
Sequatchie,U.S. Senate,,,Write-In - Al Green,0.0
Sequatchie,U.S. Senate,,,Write-In - John A. Gentry,0.0
Sequatchie,President,,Democratic,Joseph R. Biden,1298.0
Sequatchie,U.S. Senate,,Democratic,Marquita Bradshaw,1153.0
Sequatchie,President,,Independent,Alyson Kennedy,3.0
Sequatchie,President,,Independent,Don Blankenship,5.0
Sequatchie,President,,Independent,Gloria La Riva,1.0
Sequatchie,President,,Independent,Howie Hawkins,11.0
Sequatchie,President,,Independent,Jo Jorgensen,64.0
Sequatchie,President,,Independent,Kanye West,14.0
Sequatchie,President,,Independent,"Roque ""Rocky"" De La Fuente",0.0
Sequatchie,U.S. Senate,,Independent,Aaron James,14.0
Sequatchie,U.S. Senate,,Independent,Elizabeth McLeod,50.0
Sequatchie,U.S. Senate,,Independent,Eric William Stansberry,15.0
Sequatchie,U.S. Senate,,Independent,G. Dean Hill,9.0
Sequatchie,U.S. Senate,,Independent,Jeffrey Alan Grunau,8.0
Sequatchie,U.S. Senate,,Independent,Ronnie Henley,19.0
Sequatchie,U.S. Senate,,Independent,Steven J. Hooper,9.0
Sequatchie,U.S. Senate,,Independent,"Yomi ""Fapas"" Faparusi Sr.",21.0
Sequatchie,President,,Republican,Donald J. Trump,5855.0
Sequatchie,U.S. Senate,,Republican,Bill Hagerty,5598.0
Sequatchie,State Senate,16,Democratic,Sheila Younglove,1213.0
Sequatchie,State Senate,16,Republican,Janice Bowling,5257.0
Sequatchie,State Representative,31,Democratic,Dean Sparks,1153.0
Sequatchie,State Representative,31,Republican,Ron Travis,5622.0
Sequatchie,U.S. House,4,Democratic,Christopher J. Hale,1389.0
Sequatchie,U.S. House,4,Republican,Scott DesJarlais,5389.0
Sevier,President,,,Write-In - Brian Carroll,2.0
Sevier,President,,,Write-In - Jade Simmons,0.0
Sevier,President,,,Write-In - Kasey Wells,0.0
Sevier,President,,,Write-In - Tom Hoefling,0.0
Sevier,U.S. Senate,,,Write-In - Al Green,0.0
Sevier,U.S. Senate,,,Write-In - John A. Gentry,0.0
Sevier,President,,Democratic,Joseph R. Biden,8721.0
Sevier,U.S. Senate,,Democratic,Marquita Bradshaw,7934.0
Sevier,President,,Independent,Alyson Kennedy,83.0
Sevier,President,,Independent,Don Blankenship,111.0
Sevier,President,,Independent,Gloria La Riva,46.0
Sevier,President,,Independent,Howie Hawkins,57.0
Sevier,President,,Independent,Jo Jorgensen,402.0
Sevier,President,,Independent,Kanye West,307.0
Sevier,President,,Independent,"Roque ""Rocky"" De La Fuente",23.0
Sevier,U.S. Senate,,Independent,Aaron James,219.0
Sevier,U.S. Senate,,Independent,Elizabeth McLeod,286.0
Sevier,U.S. Senate,,Independent,Eric William Stansberry,104.0
Sevier,U.S. Senate,,Independent,G. Dean Hill,81.0
Sevier,U.S. Senate,,Independent,Jeffrey Alan Grunau,50.0
Sevier,U.S. Senate,,Independent,Ronnie Henley,112.0
Sevier,U.S. Senate,,Independent,Steven J. Hooper,97.0
Sevier,U.S. Senate,,Independent,"Yomi ""Fapas"" Faparusi Sr.",125.0
Sevier,President,,Republican,Donald J. Trump,33783.0
Sevier,U.S. Senate,,Republican,Bill Hagerty,33531.0
Sevier,U.S. House,1,,Write-In - Josh Berger,4.0
Sevier,U.S. House,1,Democratic,Blair Walsingham,8040.0
Sevier,U.S. House,1,Independent,Steve Holder,1151.0
Sevier,U.S. House,1,Republican,Diana Harshbarger,32869.0
Sevier,State Representative,12,Democratic,Bennett H Lapides,5502.0
Sevier,State Representative,12,Republican,Dale Carr,23858.0
Sevier,State Representative,17,Democratic,Delynn McCash,2259.0
Sevier,State Representative,17,Republican,Andrew Ellis Farmer,10302.0
Sevier,State Senate,2,,Write-In - Patti Larimer Young,98.0
Sevier,State Senate,2,Republican,Art Swann,27220.0
Shelby,President,,,Write-In - Brian Carroll,158.0
Shelby,President,,,Write-In - Jade Simmons,10.0
Shelby,President,,,Write-In - Kasey Wells,0.0
Shelby,President,,,Write-In - Tom Hoefling,4.0
Shelby,U.S. Senate,,,Write-In - Al Green,0.0
Shelby,U.S. Senate,,,Write-In - John A. Gentry,3.0
Shelby,President,,Democratic,Joseph R. Biden,246105.0
Shelby,U.S. Senate,,Democratic,Marquita Bradshaw,228280.0
Shelby,President,,Independent,Alyson Kennedy,241.0
Shelby,President,,Independent,Don Blankenship,670.0
Shelby,President,,Independent,Gloria La Riva,229.0
Shelby,President,,Independent,Howie Hawkins,577.0
Shelby,President,,Independent,Jo Jorgensen,2426.0
Shelby,President,,Independent,Kanye West,1601.0
Shelby,President,,Independent,"Roque ""Rocky"" De La Fuente",219.0
Shelby,U.S. Senate,,Independent,Aaron James,1029.0
Shelby,U.S. Senate,,Independent,Elizabeth McLeod,1867.0
Shelby,U.S. Senate,,Independent,Eric William Stansberry,1636.0
Shelby,U.S. Senate,,Independent,G. Dean Hill,591.0
Shelby,U.S. Senate,,Independent,Jeffrey Alan Grunau,645.0
Shelby,U.S. Senate,,Independent,Ronnie Henley,1018.0
Shelby,U.S. Senate,,Independent,Steven J. Hooper,1358.0
Shelby,U.S. Senate,,Independent,"Yomi ""Fapas"" Faparusi Sr.",1292.0
Shelby,President,,Republican,Donald J. Trump,129815.0
Shelby,U.S. Senate,,Republican,Bill Hagerty,135043.0
Shelby,State Senate,30,Democratic,Sara P. Kyle,43895.0
Shelby,State Senate,32,Democratic,Julie Byrd Ashworth,26008.0
Shelby,State Senate,32,Republican,Paul W. Rose,50887.0
Shelby,U.S. House,8,Democratic,Erika Stotts Pearson,44789.0
Shelby,U.S. House,8,Independent,James Hart,763.0
Shelby,U.S. House,8,Independent,Jon Dillard,1281.0
Shelby,U.S. House,8,Republican,David Kustoff,86399.0
Shelby,State Representative,83,Democratic,Jerri Green,15136.0
Shelby,State Representative,83,Republican,Mark White,17738.0
Shelby,State Representative,84,Democratic,Joe Towns Jr.,16974.0
Shelby,State Representative,85,Democratic,Jesse Chism,20050.0
Shelby,State Representative,86,Democratic,Barbara Cooper,15803.0
Shelby,State Representative,86,Republican,Rob White,5946.0
Shelby,State Representative,87,Democratic,Karen Camper,15915.0
Shelby,State Representative,88,Democratic,Larry J. Miller,17615.0
Shelby,U.S. House,9,,Write-In - Charles Shappley,3.0
Shelby,U.S. House,9,Democratic,Steve Cohen,187905.0
Shelby,U.S. House,9,Independent,Bobby Lyons,2192.0
Shelby,U.S. House,9,Independent,Dennis Clark,3962.0
Shelby,U.S. House,9,Republican,Charlotte Bergmann,48818.0
Shelby,State Representative,90,Democratic,Torrey C. Harris,15996.0
Shelby,State Representative,90,Independent,John J. Deberry Jr.,4689.0
Shelby,State Representative,91,Democratic,London Lamar,14082.0
Shelby,State Representative,93,,Write-In - Michael A Minnis,16.0
Shelby,State Representative,93,Democratic,G.A. Hardaway,13900.0
Shelby,State Representative,95,Democratic,Lynnette P. Williams,12086.0
Shelby,State Representative,95,Republican,William Kevin Vaughan,27747.0
Shelby,State Representative,96,Democratic,Dwayne Thompson,19613.0
Shelby,State Representative,96,Republican,"Patricia ""Patti"" Possel",13491.0
Shelby,State Representative,97,Democratic,Gabby Salinas,14246.0
Shelby,State Representative,97,Republican,John Gillespie,14712.0
Shelby,State Representative,98,Democratic,Antonio Parkinson,14670.0
Shelby,State Representative,99,Republican,Tom Leatherwood,28046.0
Smith,President,,,Write-In - Brian Carroll,0.0
Smith,President,,,Write-In - Jade Simmons,0.0
Smith,President,,,Write-In - Kasey Wells,0.0
Smith,President,,,Write-In - Tom Hoefling,0.0
Smith,U.S. Senate,,,Write-In - Al Green,0.0
Smith,U.S. Senate,,,Write-In - John A. Gentry,1.0
Smith,President,,Democratic,Joseph R. Biden,1802.0
Smith,U.S. Senate,,Democratic,Marquita Bradshaw,1493.0
Smith,President,,Independent,Alyson Kennedy,7.0
Smith,President,,Independent,Don Blankenship,19.0
Smith,President,,Independent,Gloria La Riva,2.0
Smith,President,,Independent,Howie Hawkins,11.0
Smith,President,,Independent,Jo Jorgensen,62.0
Smith,President,,Independent,Kanye West,9.0
Smith,President,,Independent,"Roque ""Rocky"" De La Fuente",3.0
Smith,U.S. Senate,,Independent,Aaron James,20.0
Smith,U.S. Senate,,Independent,Elizabeth McLeod,34.0
Smith,U.S. Senate,,Independent,Eric William Stansberry,14.0
Smith,U.S. Senate,,Independent,G. Dean Hill,14.0
Smith,U.S. Senate,,Independent,Jeffrey Alan Grunau,15.0
Smith,U.S. Senate,,Independent,Ronnie Henley,30.0
Smith,U.S. Senate,,Independent,Steven J. Hooper,116.0
Smith,U.S. Senate,,Independent,"Yomi ""Fapas"" Faparusi Sr.",20.0
Smith,President,,Republican,Donald J. Trump,7136.0
Smith,U.S. Senate,,Republican,Bill Hagerty,6610.0
Smith,State Representative,40,Independent,Paddy Sizemore,1743.0
Smith,State Representative,40,Republican,Terri Lynn Weaver,6364.0
Smith,U.S. House,6,Democratic,Christopher Martin Finley,1450.0
Smith,U.S. House,6,Independent,Christopher B. Monday,166.0
Smith,U.S. House,6,Republican,John Rose,6582.0
Stewart,President,,,Write-In - Brian Carroll,3.0
Stewart,President,,,Write-In - Jade Simmons,0.0
Stewart,President,,,Write-In - Kasey Wells,0.0
Stewart,President,,,Write-In - Tom Hoefling,0.0
Stewart,U.S. Senate,,,Write-In - Al Green,0.0
Stewart,U.S. Senate,,,Write-In - John A. Gentry,0.0
Stewart,President,,Democratic,Joseph R. Biden,1232.0
Stewart,U.S. Senate,,Democratic,Marquita Bradshaw,1075.0
Stewart,President,,Independent,Alyson Kennedy,6.0
Stewart,President,,Independent,Don Blankenship,9.0
Stewart,President,,Independent,Gloria La Riva,6.0
Stewart,President,,Independent,Howie Hawkins,11.0
Stewart,President,,Independent,Jo Jorgensen,65.0
Stewart,President,,Independent,Kanye West,12.0
Stewart,President,,Independent,"Roque ""Rocky"" De La Fuente",2.0
Stewart,U.S. Senate,,Independent,Aaron James,11.0
Stewart,U.S. Senate,,Independent,Elizabeth McLeod,30.0
Stewart,U.S. Senate,,Independent,Eric William Stansberry,16.0
Stewart,U.S. Senate,,Independent,G. Dean Hill,13.0
Stewart,U.S. Senate,,Independent,Jeffrey Alan Grunau,18.0
Stewart,U.S. Senate,,Independent,Ronnie Henley,23.0
Stewart,U.S. Senate,,Independent,Steven J. Hooper,22.0
Stewart,U.S. Senate,,Independent,"Yomi ""Fapas"" Faparusi Sr.",15.0
Stewart,President,,Republican,Donald J. Trump,4950.0
Stewart,U.S. Senate,,Republican,Bill Hagerty,4697.0
Stewart,State Senate,22,Democratic,Ronnie L. Glynn,1132.0
Stewart,State Senate,22,Republican,Bill Powers,4664.0
Stewart,U.S. House,7,Democratic,Kiran Sreepada,974.0
Stewart,U.S. House,7,Independent,Ronald Brown,86.0
Stewart,U.S. House,7,Independent,Scott Anthony Vieira Jr,33.0
Stewart,U.S. House,7,Republican,Mark E. Green,4856.0
Stewart,State Representative,75,Independent,James Hart,1027.0
Stewart,State Representative,75,Republican,Bruce I. Griffey,4327.0
Sullivan,President,,,Write-In - Brian Carroll,14.0
Sullivan,President,,,Write-In - Jade Simmons,1.0
Sullivan,President,,,Write-In - Kasey Wells,0.0
Sullivan,President,,,Write-In - Tom Hoefling,4.0
Sullivan,U.S. Senate,,,Write-In - Al Green,0.0
Sullivan,U.S. Senate,,,Write-In - John A. Gentry,2.0
Sullivan,President,,Democratic,Joseph R. Biden,17272.0
Sullivan,U.S. Senate,,Democratic,Marquita Bradshaw,15710.0
Sullivan,President,,Independent,Alyson Kennedy,32.0
Sullivan,President,,Independent,Don Blankenship,122.0
Sullivan,President,,Independent,Gloria La Riva,20.0
Sullivan,President,,Independent,Howie Hawkins,89.0
Sullivan,President,,Independent,Jo Jorgensen,773.0
Sullivan,President,,Independent,Kanye West,135.0
Sullivan,President,,Independent,"Roque ""Rocky"" De La Fuente",35.0
Sullivan,U.S. Senate,,Independent,Aaron James,101.0
Sullivan,U.S. Senate,,Independent,Elizabeth McLeod,334.0
Sullivan,U.S. Senate,,Independent,Eric William Stansberry,74.0
Sullivan,U.S. Senate,,Independent,G. Dean Hill,122.0
Sullivan,U.S. Senate,,Independent,Jeffrey Alan Grunau,95.0
Sullivan,U.S. Senate,,Independent,Ronnie Henley,169.0
Sullivan,U.S. Senate,,Independent,Steven J. Hooper,87.0
Sullivan,U.S. Senate,,Independent,"Yomi ""Fapas"" Faparusi Sr.",205.0
Sullivan,President,,Republican,Donald J. Trump,55860.0
Sullivan,U.S. Senate,,Republican,Bill Hagerty,55506.0
Sullivan,U.S. House,1,,Write-In - Josh Berger,0.0
Sullivan,U.S. House,1,Democratic,Blair Walsingham,17381.0
Sullivan,U.S. House,1,Independent,Steve Holder,2022.0
Sullivan,State Representative,1,Republican,John K. Crawford,22456.0
Sullivan,U.S. House,1,Republican,Diana Harshbarger,53266.0
Sullivan,State Representative,2,Democratic,Arvil Love Jr,6915.0
Sullivan,State Representative,2,Republican,Bud Hulsey,23315.0
Sullivan,State Representative,3,Republican,Scotty Campbell,14259.0
Sullivan,State Senate,4,Democratic,Amber Riddle,15618.0
Sullivan,State Senate,4,Republican,Jon C. Lundberg,56329.0
Sumner,President,,,Write-In - Brian Carroll,0.0
Sumner,President,,,Write-In - Jade Simmons,0.0
Sumner,President,,,Write-In - Kasey Wells,0.0
Sumner,President,,,Write-In - Tom Hoefling,0.0
Sumner,U.S. Senate,,,Write-In - Al Green,0.0
Sumner,U.S. Senate,,,Write-In - John A. Gentry,10.0
Sumner,President,,Democratic,Joseph R. Biden,27680.0
Sumner,U.S. Senate,,Democratic,Marquita Bradshaw,23878.0
Sumner,President,,Independent,Alyson Kennedy,59.0
Sumner,President,,Independent,Don Blankenship,137.0
Sumner,President,,Independent,Gloria La Riva,25.0
Sumner,President,,Independent,Howie Hawkins,112.0
Sumner,President,,Independent,Jo Jorgensen,940.0
Sumner,President,,Independent,Kanye West,174.0
Sumner,President,,Independent,"Roque ""Rocky"" De La Fuente",49.0
Sumner,U.S. Senate,,Independent,Aaron James,157.0
Sumner,U.S. Senate,,Independent,Elizabeth McLeod,479.0
Sumner,U.S. Senate,,Independent,Eric William Stansberry,135.0
Sumner,U.S. Senate,,Independent,G. Dean Hill,115.0
Sumner,U.S. Senate,,Independent,Jeffrey Alan Grunau,118.0
Sumner,U.S. Senate,,Independent,Ronnie Henley,236.0
Sumner,U.S. Senate,,Independent,Steven J. Hooper,296.0
Sumner,U.S. Senate,,Independent,"Yomi ""Fapas"" Faparusi Sr.",340.0
Sumner,President,,Republican,Donald J. Trump,63454.0
Sumner,U.S. Senate,,Republican,Bill Hagerty,63031.0
Sumner,State Senate,18,Independent,John A. Gentry,19452.0
Sumner,State Senate,18,Republican,Ferrell Haile,58670.0
Sumner,State Representative,40,Independent,Paddy Sizemore,3635.0
Sumner,State Representative,40,Republican,Terri Lynn Weaver,12570.0
Sumner,State Representative,44,Republican,William Lamberth,27015.0
Sumner,State Representative,45,Republican,Johnny Garrett,29487.0
Sumner,U.S. House,6,Democratic,Christopher Martin Finley,23725.0
Sumner,U.S. House,6,Independent,Christopher B. Monday,2114.0
Sumner,U.S. House,6,Republican,John Rose,59982.0
Tipton,President,,,Write-In - Brian Carroll,4.0
Tipton,President,,,Write-In - Jade Simmons,0.0
Tipton,President,,,Write-In - Kasey Wells,0.0
Tipton,President,,,Write-In - Tom Hoefling,0.0
Tipton,U.S. Senate,,,Write-In - Al Green,0.0
Tipton,U.S. Senate,,,Write-In - John A. Gentry,0.0
Tipton,President,,Democratic,Joseph R. Biden,6837.0
Tipton,U.S. Senate,,Democratic,Marquita Bradshaw,5784.0
Tipton,President,,Independent,Alyson Kennedy,21.0
Tipton,President,,Independent,Don Blankenship,46.0
Tipton,President,,Independent,Gloria La Riva,9.0
Tipton,President,,Independent,Howie Hawkins,28.0
Tipton,President,,Independent,Jo Jorgensen,224.0
Tipton,President,,Independent,Kanye West,56.0
Tipton,President,,Independent,"Roque ""Rocky"" De La Fuente",13.0
Tipton,U.S. Senate,,Independent,Aaron James,48.0
Tipton,U.S. Senate,,Independent,Elizabeth McLeod,164.0
Tipton,U.S. Senate,,Independent,Eric William Stansberry,53.0
Tipton,U.S. Senate,,Independent,G. Dean Hill,57.0
Tipton,U.S. Senate,,Independent,Jeffrey Alan Grunau,53.0
Tipton,U.S. Senate,,Independent,Ronnie Henley,98.0
Tipton,U.S. Senate,,Independent,Steven J. Hooper,67.0
Tipton,U.S. Senate,,Independent,"Yomi ""Fapas"" Faparusi Sr.",77.0
Tipton,President,,Republican,Donald J. Trump,20070.0
Tipton,U.S. Senate,,Republican,Bill Hagerty,19554.0
Tipton,State Senate,32,Democratic,Julie Byrd Ashworth,5563.0
Tipton,State Senate,32,Republican,Paul W. Rose,19762.0
Tipton,U.S. House,8,Democratic,Erika Stotts Pearson,5770.0
Tipton,U.S. House,8,Independent,James Hart,274.0
Tipton,U.S. House,8,Independent,Jon Dillard,232.0
Tipton,U.S. House,8,Republican,David Kustoff,19605.0
Tipton,State Representative,81,Republican,Debra F. Moody,19897.0
Trousdale,President,,,Write-In - Brian Carroll,0.0
Trousdale,President,,,Write-In - Jade Simmons,0.0
Trousdale,President,,,Write-In - Kasey Wells,0.0
Trousdale,President,,,Write-In - Tom Hoefling,0.0
Trousdale,U.S. Senate,,,Write-In - Al Green,0.0
Trousdale,U.S. Senate,,,Write-In - John A. Gentry,0.0
Trousdale,President,,Democratic,Joseph R. Biden,1012.0
Trousdale,U.S. Senate,,Democratic,Marquita Bradshaw,810.0
Trousdale,President,,Independent,Alyson Kennedy,2.0
Trousdale,President,,Independent,Don Blankenship,2.0
Trousdale,President,,Independent,Gloria La Riva,0.0
Trousdale,President,,Independent,Howie Hawkins,2.0
Trousdale,President,,Independent,Jo Jorgensen,35.0
Trousdale,President,,Independent,Kanye West,9.0
Trousdale,President,,Independent,"Roque ""Rocky"" De La Fuente",0.0
Trousdale,U.S. Senate,,Independent,Aaron James,8.0
Trousdale,U.S. Senate,,Independent,Elizabeth McLeod,13.0
Trousdale,U.S. Senate,,Independent,Eric William Stansberry,5.0
Trousdale,U.S. Senate,,Independent,G. Dean Hill,8.0
Trousdale,U.S. Senate,,Independent,Jeffrey Alan Grunau,5.0
Trousdale,U.S. Senate,,Independent,Ronnie Henley,17.0
Trousdale,U.S. Senate,,Independent,Steven J. Hooper,17.0
Trousdale,U.S. Senate,,Independent,"Yomi ""Fapas"" Faparusi Sr.",9.0
Trousdale,President,,Republican,Donald J. Trump,2936.0
Trousdale,U.S. Senate,,Republican,Bill Hagerty,2741.0
Trousdale,State Senate,18,Independent,John A. Gentry,622.0
Trousdale,State Senate,18,Republican,Ferrell Haile,2530.0
Trousdale,State Representative,40,Independent,Paddy Sizemore,622.0
Trousdale,State Representative,40,Republican,Terri Lynn Weaver,2768.0
Trousdale,U.S. House,6,Democratic,Christopher Martin Finley,777.0
Trousdale,U.S. House,6,Independent,Christopher B. Monday,72.0
Trousdale,U.S. House,6,Republican,John Rose,2601.0
Unicoi,President,,,Write-In - Brian Carroll,1.0
Unicoi,President,,,Write-In - Jade Simmons,0.0
Unicoi,President,,,Write-In - Kasey Wells,0.0
Unicoi,President,,,Write-In - Tom Hoefling,0.0
Unicoi,U.S. Senate,,,Write-In - Al Green,0.0
Unicoi,U.S. Senate,,,Write-In - John A. Gentry,0.0
Unicoi,President,,Democratic,Joseph R. Biden,1615.0
Unicoi,U.S. Senate,,Democratic,Marquita Bradshaw,1449.0
Unicoi,President,,Independent,Alyson Kennedy,4.0
Unicoi,President,,Independent,Don Blankenship,15.0
Unicoi,President,,Independent,Gloria La Riva,1.0
Unicoi,President,,Independent,Howie Hawkins,6.0
Unicoi,President,,Independent,Jo Jorgensen,50.0
Unicoi,President,,Independent,Kanye West,14.0
Unicoi,President,,Independent,"Roque ""Rocky"" De La Fuente",2.0
Unicoi,U.S. Senate,,Independent,Aaron James,13.0
Unicoi,U.S. Senate,,Independent,Elizabeth McLeod,44.0
Unicoi,U.S. Senate,,Independent,Eric William Stansberry,17.0
Unicoi,U.S. Senate,,Independent,G. Dean Hill,16.0
Unicoi,U.S. Senate,,Independent,Jeffrey Alan Grunau,11.0
Unicoi,U.S. Senate,,Independent,Ronnie Henley,28.0
Unicoi,U.S. Senate,,Independent,Steven J. Hooper,10.0
Unicoi,U.S. Senate,,Independent,"Yomi ""Fapas"" Faparusi Sr.",17.0
Unicoi,President,,Republican,Donald J. Trump,6599.0
Unicoi,U.S. Senate,,Republican,Bill Hagerty,6267.0
Unicoi,U.S. House,1,,Write-In - Josh Berger,0.0
Unicoi,U.S. House,1,Democratic,Blair Walsingham,1527.0
Unicoi,U.S. House,1,Independent,Steve Holder,246.0
Unicoi,U.S. House,1,Republican,Diana Harshbarger,6196.0
Unicoi,State Representative,4,Democratic,Bobby Patrick Harrell,1415.0
Unicoi,State Representative,4,Republican,John B. Holsclaw Jr,5962.0
Union,President,,,Write-In - Brian Carroll,0.0
Union,President,,,Write-In - Jade Simmons,0.0
Union,President,,,Write-In - Kasey Wells,0.0
Union,President,,,Write-In - Tom Hoefling,0.0
Union,U.S. Senate,,,Write-In - Al Green,0.0
Union,U.S. Senate,,,Write-In - John A. Gentry,1.0
Union,President,,Democratic,Joseph R. Biden,1249.0
Union,U.S. Senate,,Democratic,Marquita Bradshaw,1087.0
Union,President,,Independent,Alyson Kennedy,2.0
Union,President,,Independent,Don Blankenship,9.0
Union,President,,Independent,Gloria La Riva,0.0
Union,President,,Independent,Howie Hawkins,6.0
Union,President,,Independent,Jo Jorgensen,44.0
Union,President,,Independent,Kanye West,8.0
Union,President,,Independent,"Roque ""Rocky"" De La Fuente",2.0
Union,U.S. Senate,,Independent,Aaron James,12.0
Union,U.S. Senate,,Independent,Elizabeth McLeod,32.0
Union,U.S. Senate,,Independent,Eric William Stansberry,18.0
Union,U.S. Senate,,Independent,G. Dean Hill,12.0
Union,U.S. Senate,,Independent,Jeffrey Alan Grunau,9.0
Union,U.S. Senate,,Independent,Ronnie Henley,23.0
Union,U.S. Senate,,Independent,Steven J. Hooper,8.0
Union,U.S. Senate,,Independent,"Yomi ""Fapas"" Faparusi Sr.",16.0
Union,President,,Republican,Donald J. Trump,6803.0
Union,U.S. Senate,,Republican,Bill Hagerty,6365.0
Union,U.S. House,3,,Write-In - Scott D. James,0.0
Union,U.S. House,3,Democratic,Meg Gorman,1060.0
Union,U.S. House,3,Independent,Amber L. Hysell,108.0
Union,U.S. House,3,Independent,Keith Douglas Sweitzer,44.0
Union,U.S. House,3,Republican,Chuck Fleischmann,6150.0
Union,State Representative,35,Republican,Jerry Sexton,2153.0
Union,State Representative,36,Democratic,CJ Mitchell,770.0
Union,State Representative,36,Republican,Dennis Powers,3744.0
Union,State Senate,8,Republican,Frank S. Niceley,5395.0
Van Buren,President,,,Write-In - Brian Carroll,0.0
Van Buren,President,,,Write-In - Jade Simmons,0.0
Van Buren,President,,,Write-In - Kasey Wells,0.0
Van Buren,President,,,Write-In - Tom Hoefling,0.0
Van Buren,U.S. Senate,,,Write-In - Al Green,0.0
Van Buren,U.S. Senate,,,Write-In - John A. Gentry,0.0
Van Buren,President,,Democratic,Joseph R. Biden,544.0
Van Buren,U.S. Senate,,Democratic,Marquita Bradshaw,468.0
Van Buren,President,,Independent,Alyson Kennedy,2.0
Van Buren,President,,Independent,Don Blankenship,1.0
Van Buren,President,,Independent,Gloria La Riva,0.0
Van Buren,President,,Independent,Howie Hawkins,2.0
Van Buren,President,,Independent,Jo Jorgensen,23.0
Van Buren,President,,Independent,Kanye West,6.0
Van Buren,President,,Independent,"Roque ""Rocky"" De La Fuente",1.0
Van Buren,U.S. Senate,,Independent,Aaron James,5.0
Van Buren,U.S. Senate,,Independent,Elizabeth McLeod,17.0
Van Buren,U.S. Senate,,Independent,Eric William Stansberry,7.0
Van Buren,U.S. Senate,,Independent,G. Dean Hill,6.0
Van Buren,U.S. Senate,,Independent,Jeffrey Alan Grunau,2.0
Van Buren,U.S. Senate,,Independent,Ronnie Henley,11.0
Van Buren,U.S. Senate,,Independent,Steven J. Hooper,9.0
Van Buren,U.S. Senate,,Independent,"Yomi ""Fapas"" Faparusi Sr.",9.0
Van Buren,President,,Republican,Donald J. Trump,2342.0
Van Buren,U.S. Senate,,Republican,Bill Hagerty,2155.0
Van Buren,State Senate,16,Democratic,Sheila Younglove,515.0
Van Buren,State Senate,16,Republican,Janice Bowling,2092.0
Van Buren,State Representative,25,Democratic,Robyn Deck,505.0
Van Buren,State Representative,25,Republican,Cameron Sexton,2102.0
Van Buren,U.S. House,4,Democratic,Christopher J. Hale,538.0
Van Buren,U.S. House,4,Republican,Scott DesJarlais,1858.0
Van Buren,U.S. House,6,Democratic,Christopher Martin Finley,38.0
Van Buren,U.S. House,6,Independent,Christopher B. Monday,5.0
Van Buren,U.S. House,6,Republican,John Rose,233.0
Warren,President,,,Write-In - Brian Carroll,0.0
Warren,President,,,Write-In - Jade Simmons,2.0
Warren,President,,,Write-In - Kasey Wells,0.0
Warren,President,,,Write-In - Tom Hoefling,0.0
Warren,U.S. Senate,,,Write-In - Al Green,0.0
Warren,U.S. Senate,,,Write-In - John A. Gentry,0.0
Warren,President,,Democratic,Joseph R. Biden,3924.0
Warren,U.S. Senate,,Democratic,Marquita Bradshaw,3410.0
Warren,President,,Independent,Alyson Kennedy,10.0
Warren,President,,Independent,Don Blankenship,23.0
Warren,President,,Independent,Gloria La Riva,6.0
Warren,President,,Independent,Howie Hawkins,25.0
Warren,President,,Independent,Jo Jorgensen,119.0
Warren,President,,Independent,Kanye West,41.0
Warren,President,,Independent,"Roque ""Rocky"" De La Fuente",9.0
Warren,U.S. Senate,,Independent,Aaron James,23.0
Warren,U.S. Senate,,Independent,Elizabeth McLeod,82.0
Warren,U.S. Senate,,Independent,Eric William Stansberry,33.0
Warren,U.S. Senate,,Independent,G. Dean Hill,33.0
Warren,U.S. Senate,,Independent,Jeffrey Alan Grunau,36.0
Warren,U.S. Senate,,Independent,Ronnie Henley,90.0
Warren,U.S. Senate,,Independent,Steven J. Hooper,72.0
Warren,U.S. Senate,,Independent,"Yomi ""Fapas"" Faparusi Sr.",57.0
Warren,President,,Republican,Donald J. Trump,11850.0
Warren,U.S. Senate,,Republican,Bill Hagerty,10998.0
Warren,State Senate,16,Democratic,Sheila Younglove,4045.0
Warren,State Senate,16,Republican,Janice Bowling,10295.0
Warren,U.S. House,4,Democratic,Christopher J. Hale,4292.0
Warren,U.S. House,4,Republican,Scott DesJarlais,10400.0
Warren,State Representative,43,Independent,Luke Cameron,2088.0
Warren,State Representative,43,Republican,Paul Sherrell,6533.0
Warren,State Representative,47,Republican,Rush Bricken,4178.0
Washington,President,,,Write-In - Brian Carroll,9.0
Washington,President,,,Write-In - Jade Simmons,3.0
Washington,President,,,Write-In - Kasey Wells,0.0
Washington,President,,,Write-In - Tom Hoefling,0.0
Washington,U.S. Senate,,,Write-In - Al Green,0.0
Washington,U.S. Senate,,,Write-In - John A. Gentry,1.0
Washington,President,,Democratic,Joseph R. Biden,18638.0
Washington,U.S. Senate,,Democratic,Marquita Bradshaw,17021.0
Washington,President,,Independent,Alyson Kennedy,50.0
Washington,President,,Independent,Don Blankenship,106.0
Washington,President,,Independent,Gloria La Riva,43.0
Washington,President,,Independent,Howie Hawkins,104.0
Washington,President,,Independent,Jo Jorgensen,668.0
Washington,President,,Independent,Kanye West,105.0
Washington,President,,Independent,"Roque ""Rocky"" De La Fuente",33.0
Washington,U.S. Senate,,Independent,Aaron James,156.0
Washington,U.S. Senate,,Independent,Elizabeth McLeod,346.0
Washington,U.S. Senate,,Independent,Eric William Stansberry,119.0
Washington,U.S. Senate,,Independent,G. Dean Hill,121.0
Washington,U.S. Senate,,Independent,Jeffrey Alan Grunau,69.0
Washington,U.S. Senate,,Independent,Ronnie Henley,139.0
Washington,U.S. Senate,,Independent,Steven J. Hooper,98.0
Washington,U.S. Senate,,Independent,"Yomi ""Fapas"" Faparusi Sr.",200.0
Washington,President,,Republican,Donald J. Trump,40444.0
Washington,U.S. Senate,,Republican,Bill Hagerty,39516.0
Washington,U.S. House,1,,Write-In - Josh Berger,0.0
Washington,U.S. House,1,Democratic,Blair Walsingham,18342.0
Washington,U.S. House,1,Independent,Steve Holder,1681.0
Washington,U.S. House,1,Republican,Diana Harshbarger,37924.0
Washington,State Representative,6,Democratic,Brad Batt,8107.0
Washington,State Representative,6,Republican,Tim Hicks,21557.0
Washington,State Representative,7,Republican,Rebecca Keefauver Alexander,18136.0
Wayne,President,,,Write-In - Brian Carroll,2.0
Wayne,President,,,Write-In - Jade Simmons,0.0
Wayne,President,,,Write-In - Kasey Wells,0.0
Wayne,President,,,Write-In - Tom Hoefling,0.0
Wayne,U.S. Senate,,,Write-In - Al Green,0.0
Wayne,U.S. Senate,,,Write-In - John A. Gentry,2.0
Wayne,President,,Democratic,Joseph R. Biden,820.0
Wayne,U.S. Senate,,Democratic,Marquita Bradshaw,673.0
Wayne,President,,Independent,Alyson Kennedy,2.0
Wayne,President,,Independent,Don Blankenship,11.0
Wayne,President,,Independent,Gloria La Riva,1.0
Wayne,President,,Independent,Howie Hawkins,5.0
Wayne,President,,Independent,Jo Jorgensen,27.0
Wayne,President,,Independent,Kanye West,4.0
Wayne,President,,Independent,"Roque ""Rocky"" De La Fuente",2.0
Wayne,U.S. Senate,,Independent,Aaron James,11.0
Wayne,U.S. Senate,,Independent,Elizabeth McLeod,18.0
Wayne,U.S. Senate,,Independent,Eric William Stansberry,14.0
Wayne,U.S. Senate,,Independent,G. Dean Hill,10.0
Wayne,U.S. Senate,,Independent,Jeffrey Alan Grunau,5.0
Wayne,U.S. Senate,,Independent,Ronnie Henley,39.0
Wayne,U.S. Senate,,Independent,Steven J. Hooper,15.0
Wayne,U.S. Senate,,Independent,"Yomi ""Fapas"" Faparusi Sr.",16.0
Wayne,President,,Republican,Donald J. Trump,5795.0
Wayne,U.S. Senate,,Republican,Bill Hagerty,5351.0
Wayne,State Senate,28,,Write-In - James R. Trusty,2.0
Wayne,State Senate,28,Independent,James Gray,563.0
Wayne,State Senate,28,Republican,Joey Hensley,4959.0
Wayne,U.S. House,7,Democratic,Kiran Sreepada,634.0
Wayne,U.S. House,7,Independent,Ronald Brown,76.0
Wayne,U.S. House,7,Independent,Scott Anthony Vieira Jr,22.0
Wayne,U.S. House,7,Republican,Mark E. Green,4939.0
Wayne,State Representative,71,Republican,"David ""Coach"" Byrd",5243.0
Weakley,President,,,Write-In - Brian Carroll,0.0
Weakley,President,,,Write-In - Jade Simmons,0.0
Weakley,President,,,Write-In - Kasey Wells,0.0
Weakley,President,,,Write-In - Tom Hoefling,0.0
Weakley,U.S. Senate,,,Write-In - Al Green,0.0
Weakley,U.S. Senate,,,Write-In - John A. Gentry,2.0
Weakley,President,,Democratic,Joseph R. Biden,3020.0
Weakley,U.S. Senate,,Democratic,Marquita Bradshaw,2686.0
Weakley,President,,Independent,Alyson Kennedy,34.0
Weakley,President,,Independent,Don Blankenship,31.0
Weakley,President,,Independent,Gloria La Riva,19.0
Weakley,President,,Independent,Howie Hawkins,28.0
Weakley,President,,Independent,Jo Jorgensen,84.0
Weakley,President,,Independent,Kanye West,111.0
Weakley,President,,Independent,"Roque ""Rocky"" De La Fuente",12.0
Weakley,U.S. Senate,,Independent,Aaron James,49.0
Weakley,U.S. Senate,,Independent,Elizabeth McLeod,76.0
Weakley,U.S. Senate,,Independent,Eric William Stansberry,51.0
Weakley,U.S. Senate,,Independent,G. Dean Hill,26.0
Weakley,U.S. Senate,,Independent,Jeffrey Alan Grunau,17.0
Weakley,U.S. Senate,,Independent,Ronnie Henley,58.0
Weakley,U.S. Senate,,Independent,Steven J. Hooper,173.0
Weakley,U.S. Senate,,Independent,"Yomi ""Fapas"" Faparusi Sr.",26.0
Weakley,President,,Republican,Donald J. Trump,10396.0
Weakley,U.S. Senate,,Republican,Bill Hagerty,10131.0
Weakley,State Senate,24,Independent,Yahweh Yahweh,1538.0
Weakley,State Senate,24,Republican,John D. Stevens,10852.0
Weakley,State Representative,76,Independent,Jeffery T. Washburn,3169.0
Weakley,State Representative,76,Republican,Tandy Darby,9961.0
Weakley,U.S. House,8,Democratic,Erika Stotts Pearson,2672.0
Weakley,U.S. House,8,Independent,James Hart,162.0
Weakley,U.S. House,8,Independent,Jon Dillard,91.0
Weakley,U.S. House,8,Republican,David Kustoff,10289.0
White,President,,,Write-In - Brian Carroll,0.0
White,President,,,Write-In - Jade Simmons,0.0
White,President,,,Write-In - Kasey Wells,0.0
White,President,,,Write-In - Tom Hoefling,0.0
White,U.S. Senate,,,Write-In - Al Green,0.0
White,U.S. Senate,,,Write-In - John A. Gentry,1.0
White,President,,Democratic,Joseph R. Biden,2143.0
White,U.S. Senate,,Democratic,Marquita Bradshaw,1992.0
White,President,,Independent,Alyson Kennedy,3.0
White,President,,Independent,Don Blankenship,14.0
White,President,,Independent,Gloria La Riva,0.0
White,President,,Independent,Howie Hawkins,9.0
White,President,,Independent,Jo Jorgensen,106.0
White,President,,Independent,Kanye West,13.0
White,President,,Independent,"Roque ""Rocky"" De La Fuente",1.0
White,U.S. Senate,,Independent,Aaron James,18.0
White,U.S. Senate,,Independent,Elizabeth McLeod,56.0
White,U.S. Senate,,Independent,Eric William Stansberry,17.0
White,U.S. Senate,,Independent,G. Dean Hill,20.0
White,U.S. Senate,,Independent,Jeffrey Alan Grunau,9.0
White,U.S. Senate,,Independent,Ronnie Henley,31.0
White,U.S. Senate,,Independent,Steven J. Hooper,27.0
White,U.S. Senate,,Independent,"Yomi ""Fapas"" Faparusi Sr.",22.0
White,President,,Republican,Donald J. Trump,9606.0
White,U.S. Senate,,Republican,Bill Hagerty,9475.0
White,State Representative,43,Independent,Luke Cameron,2204.0
White,State Representative,43,Republican,Paul Sherrell,9294.0
White,U.S. House,6,Democratic,Christopher Martin Finley,2087.0
White,U.S. House,6,Independent,Christopher B. Monday,248.0
White,U.S. House,6,Republican,John Rose,9232.0
Williamson,President,,,Write-In - Brian Carroll,72.0
Williamson,President,,,Write-In - Jade Simmons,11.0
Williamson,President,,,Write-In - Kasey Wells,0.0
Williamson,President,,,Write-In - Tom Hoefling,1.0
Williamson,U.S. Senate,,,Write-In - Al Green,0.0
Williamson,U.S. Senate,,,Write-In - John A. Gentry,1.0
Williamson,President,,Democratic,Joseph R. Biden,50161.0
Williamson,U.S. Senate,,Democratic,Marquita Bradshaw,43432.0
Williamson,President,,Independent,Alyson Kennedy,37.0
Williamson,President,,Independent,Don Blankenship,276.0
Williamson,President,,Independent,Gloria La Riva,34.0
Williamson,President,,Independent,Howie Hawkins,116.0
Williamson,President,,Independent,Jo Jorgensen,1494.0
Williamson,President,,Independent,Kanye West,257.0
Williamson,President,,Independent,"Roque ""Rocky"" De La Fuente",88.0
Williamson,U.S. Senate,,Independent,Aaron James,168.0
Williamson,U.S. Senate,,Independent,Elizabeth McLeod,1315.0
Williamson,U.S. Senate,,Independent,Eric William Stansberry,30.0
Williamson,U.S. Senate,,Independent,G. Dean Hill,133.0
Williamson,U.S. Senate,,Independent,Jeffrey Alan Grunau,139.0
Williamson,U.S. Senate,,Independent,Ronnie Henley,240.0
Williamson,U.S. Senate,,Independent,Steven J. Hooper,295.0
Williamson,U.S. Senate,,Independent,"Yomi ""Fapas"" Faparusi Sr.",655.0
Williamson,President,,Republican,Donald J. Trump,86469.0
Williamson,U.S. Senate,,Republican,Bill Hagerty,91155.0
Williamson,State Representative,61,Democratic,Sam Bledsoe,14178.0
Williamson,State Representative,61,Republican,Brandon Ogles,27440.0
Williamson,State Representative,63,Democratic,Elizabeth Madeira,18088.0
Williamson,State Representative,63,Independent,Bradley Fiscus,4494.0
Williamson,State Representative,63,Republican,Glen Casada,33360.0
Williamson,State Representative,65,Democratic,Jennifer Foley,12488.0
Williamson,State Representative,65,Republican,Sam Whitson,26616.0
Williamson,U.S. House,7,Democratic,Kiran Sreepada,42286.0
Williamson,U.S. House,7,Independent,Ronald Brown,1997.0
Williamson,U.S. House,7,Independent,Scott Anthony Vieira Jr,663.0
Williamson,U.S. House,7,Republican,Mark E. Green,91920.0
Wilson,President,,,Write-In - Brian Carroll,19.0
Wilson,President,,,Write-In - Jade Simmons,3.0
Wilson,President,,,Write-In - Kasey Wells,0.0
Wilson,President,,,Write-In - Tom Hoefling,3.0
Wilson,U.S. Senate,,,Write-In - Al Green,0.0
Wilson,U.S. Senate,,,Write-In - John A. Gentry,0.0
Wilson,President,,Democratic,Joseph R. Biden,22254.0
Wilson,U.S. Senate,,Democratic,Marquita Bradshaw,20059.0
Wilson,President,,Independent,Alyson Kennedy,126.0
Wilson,President,,Independent,Don Blankenship,163.0
Wilson,President,,Independent,Gloria La Riva,104.0
Wilson,President,,Independent,Howie Hawkins,81.0
Wilson,President,,Independent,Jo Jorgensen,781.0
Wilson,President,,Independent,Kanye West,449.0
Wilson,President,,Independent,"Roque ""Rocky"" De La Fuente",51.0
Wilson,U.S. Senate,,Independent,Aaron James,315.0
Wilson,U.S. Senate,,Independent,Elizabeth McLeod,454.0
Wilson,U.S. Senate,,Independent,Eric William Stansberry,166.0
Wilson,U.S. Senate,,Independent,G. Dean Hill,109.0
Wilson,U.S. Senate,,Independent,Jeffrey Alan Grunau,93.0
Wilson,U.S. Senate,,Independent,Ronnie Henley,211.0
Wilson,U.S. Senate,,Independent,Steven J. Hooper,323.0
Wilson,U.S. Senate,,Independent,"Yomi ""Fapas"" Faparusi Sr.",230.0
Wilson,President,,Republican,Donald J. Trump,50296.0
Wilson,U.S. Senate,,Republican,Bill Hagerty,50597.0
Wilson,State Representative,46,Republican,Clark Boyd,22343.0
Wilson,State Representative,57,Independent,Tom Sottek,13727.0
Wilson,State Representative,57,Republican,Susan M Lynn,31239.0
Wilson,U.S. House,6,Democratic,Christopher Martin Finley,19769.0
Wilson,U.S. House,6,Independent,Christopher B. Monday,1749.0
Wilson,U.S. House,6,Republican,John Rose,49892.0
