county,office,district,party,candidate,votes
Anderson,Delegate,3,Republican,Emily G. Beaty (Trump),2236
Anderson,Delegate,3,Republican,Fred I Underdown (Uncommitted),145
Anderson,Delegate,3,Republican,J. Thomas Decosimo (Trump),1643
Anderson,Delegate,3,Republican,Ken Meyer (Trump),1436
Anderson,Delegate,3,Republican,Liz Holiway (Trump),1031
Anderson,Delegate,3,Republican,Nancy Otis Doyle (Weld),190
Anderson,Delegate,3,Republican,Randy Ellis (Trump),2610
Anderson,Delegate,3,Republican,Sharon B. Anderson (Uncommitted),224
Anderson,Public Defender,7 (unexpired term),Democratic,No Candidate Qualified,0
Anderson,Public Defender,7 (unexpired term),Republican,Ann D Coria,3540
Anderson,Delegate,At-Large,Republican,Amy Jones (Trump),2495
Anderson,Delegate,At-Large,Republican,Beth Scott Clayton (Trump),2681
Anderson,Delegate,At-Large,Republican,Chad Blackburn (Trump),2992
Anderson,Delegate,At-Large,Republican,Dalton Temple (Trump),1035
Anderson,Delegate,At-Large,Republican,Douglas M. Englen (Trump),2567
Anderson,Delegate,At-Large,Republican,Jack Johnson (Trump),2676
Anderson,Delegate,At-Large,Republican,Jake Adams (Uncommitted),242
Anderson,Delegate,At-Large,Republican,Jane Chedester (Trump),2432
Anderson,Delegate,At-Large,Republican,Jennifer Inman Little (Trump),1307
Anderson,Delegate,At-Large,Republican,Julia Atchley-Pace (Trump),2673
Anderson,Delegate,At-Large,Republican,Larry M. Sims (Uncommitted),173
Anderson,Delegate,At-Large,Republican,Lei Ann Gleaves (Trump),2244
Anderson,Delegate,At-Large,Republican,Leslie D. Mills (Uncommitted),144
Anderson,Delegate,At-Large,Republican,Linda D. Buckles (Trump),2644
Anderson,Delegate,At-Large,Republican,Mae Beavers (Trump),2591
Anderson,Delegate,At-Large,Republican,Marsha Yessick (Trump),676
Anderson,Delegate,At-Large,Republican,Mary Littleton (Trump),1185
Anderson,Delegate,At-Large,Republican,Nazar Sharanshi (Trump),406
Anderson,Delegate,At-Large,Republican,Patricia D. Mills (Uncommitted),152
Anderson,Delegate,At-Large,Republican,Paulina Albornoz Madaris (Trump),582
Anderson,Delegate,At-Large,Republican,Peggy Larkin (Trump),2132
Anderson,Delegate,At-Large,Republican,Raul Lopez (Trump),831
Anderson,Delegate,At-Large,Republican,Rick Tillis (Trump),1230
Anderson,Delegate,At-Large,Republican,Robin T. Smith (Trump),1272
Anderson,Delegate,At-Large,Republican,Shannon Haynes (Trump),2495
Anderson,Delegate,At-Large,Republican,Steve Allbrooks (Trump),2937
Anderson,Delegate,At-Large,Republican,Susan Richardson Williams (Trump),1066
Anderson,Delegate,At-Large,Republican,Wanda J. Cooke (Uncommitted),186
Anderson,Delegate,At-Large,Republican,William Lamberth (Trump),2481
Anderson,Presidential Preference,NA,Democratic,Amy Klobuchar,209
Anderson,Presidential Preference,NA,Democratic,Andrew Yang,15
Anderson,Presidential Preference,NA,Democratic,Bernie Sanders,1701
Anderson,Presidential Preference,NA,Democratic,Cory Booker,7
Anderson,Presidential Preference,NA,Democratic,Deval Patrick,1
Anderson,Presidential Preference,NA,Democratic,Elizabeth Warren,703
Anderson,Presidential Preference,NA,Democratic,John K. Delaney,0
Anderson,Presidential Preference,NA,Democratic,Joseph R. Biden,2222
Anderson,Presidential Preference,NA,Democratic,Julián Castro,2
Anderson,Presidential Preference,NA,Democratic,Marianne Williamson,2
Anderson,Presidential Preference,NA,Democratic,Michael Bennet,19
Anderson,Presidential Preference,NA,Democratic,Michael R. Bloomberg,886
Anderson,Presidential Preference,NA,Democratic,Pete Buttigieg,250
Anderson,Presidential Preference,NA,Democratic,Tom Steyer,25
Anderson,Presidential Preference,NA,Democratic,Tulsi Gabbard,35
Anderson,Presidential Preference,NA,Democratic,Uncommitted,11
Anderson,Presidential Preference,NA,Republican,Bill Weld,63
Anderson,Presidential Preference,NA,Republican,Donald J. Trump,4281
Anderson,Presidential Preference,NA,Republican,Joe Walsh,34
Anderson,Presidential Preference,NA,Republican,Uncommitted,37
Bedford,Delegate,4,Republican,Adam Coggin (Trump),1153
Bedford,Delegate,4,Republican,James A. Sandman (Trump),549
Bedford,Delegate,4,Republican,Joanne Thompson Skidmore (Uncommitted),159
Bedford,Delegate,4,Republican,John S. Stanbery (Trump),596
Bedford,Delegate,4,Republican,Lynne Davis (Trump),1115
Bedford,Delegate,4,Republican,Mary Ann Tackett (Trump),660
Bedford,Delegate,4,Republican,Shane Reeves (Trump),1729
Bedford,Delegate,At-Large,Republican,Amy Jones (Trump),1418
Bedford,Delegate,At-Large,Republican,Beth Scott Clayton (Trump),1387
Bedford,Delegate,At-Large,Republican,Chad Blackburn (Trump),1584
Bedford,Delegate,At-Large,Republican,Dalton Temple (Trump),805
Bedford,Delegate,At-Large,Republican,Douglas M. Englen (Trump),1238
Bedford,Delegate,At-Large,Republican,Jack Johnson (Trump),1578
Bedford,Delegate,At-Large,Republican,Jake Adams (Uncommitted),208
Bedford,Delegate,At-Large,Republican,Jane Chedester (Trump),1027
Bedford,Delegate,At-Large,Republican,Jennifer Inman Little (Trump),873
Bedford,Delegate,At-Large,Republican,Julia Atchley-Pace (Trump),1105
Bedford,Delegate,At-Large,Republican,Larry M. Sims (Uncommitted),73
Bedford,Delegate,At-Large,Republican,Lei Ann Gleaves (Trump),1213
Bedford,Delegate,At-Large,Republican,Leslie D. Mills (Uncommitted),52
Bedford,Delegate,At-Large,Republican,Linda D. Buckles (Trump),1248
Bedford,Delegate,At-Large,Republican,Mae Beavers (Trump),1501
Bedford,Delegate,At-Large,Republican,Marsha Yessick (Trump),570
Bedford,Delegate,At-Large,Republican,Mary Littleton (Trump),847
Bedford,Delegate,At-Large,Republican,Nazar Sharanshi (Trump),336
Bedford,Delegate,At-Large,Republican,Patricia D. Mills (Uncommitted),53
Bedford,Delegate,At-Large,Republican,Paulina Albornoz Madaris (Trump),406
Bedford,Delegate,At-Large,Republican,Peggy Larkin (Trump),1260
Bedford,Delegate,At-Large,Republican,Raul Lopez (Trump),604
Bedford,Delegate,At-Large,Republican,Rick Tillis (Trump),974
Bedford,Delegate,At-Large,Republican,Robin T. Smith (Trump),940
Bedford,Delegate,At-Large,Republican,Shannon Haynes (Trump),1356
Bedford,Delegate,At-Large,Republican,Steve Allbrooks (Trump),1463
Bedford,Delegate,At-Large,Republican,Susan Richardson Williams (Trump),782
Bedford,Delegate,At-Large,Republican,Wanda J. Cooke (Uncommitted),66
Bedford,Delegate,At-Large,Republican,William Lamberth (Trump),1375
Bedford,Presidential Preference,NA,Democratic,Amy Klobuchar,65
Bedford,Presidential Preference,NA,Democratic,Andrew Yang,5
Bedford,Presidential Preference,NA,Democratic,Bernie Sanders,446
Bedford,Presidential Preference,NA,Democratic,Cory Booker,5
Bedford,Presidential Preference,NA,Democratic,Deval Patrick,2
Bedford,Presidential Preference,NA,Democratic,Elizabeth Warren,130
Bedford,Presidential Preference,NA,Democratic,John K. Delaney,3
Bedford,Presidential Preference,NA,Democratic,Joseph R. Biden,799
Bedford,Presidential Preference,NA,Democratic,Julián Castro,1
Bedford,Presidential Preference,NA,Democratic,Marianne Williamson,2
Bedford,Presidential Preference,NA,Democratic,Michael Bennet,8
Bedford,Presidential Preference,NA,Democratic,Michael R. Bloomberg,284
Bedford,Presidential Preference,NA,Democratic,Pete Buttigieg,60
Bedford,Presidential Preference,NA,Democratic,Tom Steyer,18
Bedford,Presidential Preference,NA,Democratic,Tulsi Gabbard,15
Bedford,Presidential Preference,NA,Democratic,Uncommitted,1
Bedford,Presidential Preference,NA,Republican,Bill Weld,11
Bedford,Presidential Preference,NA,Republican,Donald J. Trump,2678
Bedford,Presidential Preference,NA,Republican,Joe Walsh,6
Bedford,Presidential Preference,NA,Republican,Uncommitted,18
Benton,Chancellor,24 (unexpired term),Democratic,No Candidate Qualified,0
Benton,Delegate,7,Republican,Angie McClanahan (Trump),218
Benton,Delegate,7,Republican,Cheryl D. Brown (Trump),402
Benton,Delegate,7,Republican,Jim Looney (Trump),346
Benton,Delegate,7,Republican,Kenneth Eaton (Uncommitted),22
Benton,Delegate,7,Republican,Lisa Gary (Uncommitted),33
Benton,Delegate,7,Republican,Patricia F. Allen (Trump),548
Benton,Delegate,7,Republican,Rob Tiede (Uncommitted),11
Benton,Delegate,7,Republican,Sharon Massey Grimes (Trump),411
Benton,Delegate,7,Republican,Steven Giorno (Uncommitted),9
Benton,Delegate,7,Republican,Todd Benne Jr. (Uncommitted),22
Benton,Delegate,7,Republican,Tony Roberts (Trump),394
Benton,Delegate,8,Republican,Charlotte Kelley (Trump),4
Benton,Delegate,8,Republican,Elaine S. Ervin (Trump),1
Benton,Delegate,8,Republican,Jim Craig (Uncommitted),0
Benton,Delegate,8,Republican,Joseph S. Coury (Trump),3
Benton,Delegate,8,Republican,Nichole Bufalino (Trump),4
Benton,Delegate,8,Republican,Steve Maroney (Trump),2
Benton,Delegate,At-Large,Republican,Amy Jones (Trump),534
Benton,Delegate,At-Large,Republican,Beth Scott Clayton (Trump),520
Benton,Delegate,At-Large,Republican,Chad Blackburn (Trump),716
Benton,Delegate,At-Large,Republican,Dalton Temple (Trump),288
Benton,Delegate,At-Large,Republican,Douglas M. Englen (Trump),567
Benton,Delegate,At-Large,Republican,Jack Johnson (Trump),577
Benton,Delegate,At-Large,Republican,Jake Adams (Uncommitted),76
Benton,Delegate,At-Large,Republican,Jane Chedester (Trump),436
Benton,Delegate,At-Large,Republican,Jennifer Inman Little (Trump),314
Benton,Delegate,At-Large,Republican,Julia Atchley-Pace (Trump),498
Benton,Delegate,At-Large,Republican,Larry M. Sims (Uncommitted),43
Benton,Delegate,At-Large,Republican,Lei Ann Gleaves (Trump),397
Benton,Delegate,At-Large,Republican,Leslie D. Mills (Uncommitted),39
Benton,Delegate,At-Large,Republican,Linda D. Buckles (Trump),493
Benton,Delegate,At-Large,Republican,Mae Beavers (Trump),577
Benton,Delegate,At-Large,Republican,Marsha Yessick (Trump),174
Benton,Delegate,At-Large,Republican,Mary Littleton (Trump),342
Benton,Delegate,At-Large,Republican,Nazar Sharanshi (Trump),81
Benton,Delegate,At-Large,Republican,Patricia D. Mills (Uncommitted),47
Benton,Delegate,At-Large,Republican,Paulina Albornoz Madaris (Trump),140
Benton,Delegate,At-Large,Republican,Peggy Larkin (Trump),486
Benton,Delegate,At-Large,Republican,Raul Lopez (Trump),199
Benton,Delegate,At-Large,Republican,Rick Tillis (Trump),315
Benton,Delegate,At-Large,Republican,Robin T. Smith (Trump),329
Benton,Delegate,At-Large,Republican,Shannon Haynes (Trump),520
Benton,Delegate,At-Large,Republican,Steve Allbrooks (Trump),670
Benton,Delegate,At-Large,Republican,Susan Richardson Williams (Trump),266
Benton,Delegate,At-Large,Republican,Wanda J. Cooke (Uncommitted),52
Benton,Delegate,At-Large,Republican,William Lamberth (Trump),516
Benton,Presidential Preference,NA,Democratic,Amy Klobuchar,21
Benton,Presidential Preference,NA,Democratic,Andrew Yang,3
Benton,Presidential Preference,NA,Democratic,Bernie Sanders,160
Benton,Presidential Preference,NA,Democratic,Cory Booker,0
Benton,Presidential Preference,NA,Democratic,Deval Patrick,0
Benton,Presidential Preference,NA,Democratic,Elizabeth Warren,41
Benton,Presidential Preference,NA,Democratic,John K. Delaney,1
Benton,Presidential Preference,NA,Democratic,Joseph R. Biden,402
Benton,Presidential Preference,NA,Democratic,Julián Castro,0
Benton,Presidential Preference,NA,Democratic,Marianne Williamson,2
Benton,Presidential Preference,NA,Democratic,Michael Bennet,4
Benton,Presidential Preference,NA,Democratic,Michael R. Bloomberg,129
Benton,Presidential Preference,NA,Democratic,Pete Buttigieg,39
Benton,Presidential Preference,NA,Democratic,Tom Steyer,10
Benton,Presidential Preference,NA,Democratic,Tulsi Gabbard,3
Benton,Presidential Preference,NA,Democratic,Uncommitted,1
Benton,Presidential Preference,NA,Republican,Bill Weld,2
Benton,Presidential Preference,NA,Republican,Donald J. Trump,1083
Benton,Presidential Preference,NA,Republican,Joe Walsh,5
Benton,Presidential Preference,NA,Republican,Uncommitted,4
Bledsoe,Delegate,4,Republican,Adam Coggin (Trump),442
Bledsoe,Delegate,4,Republican,James A. Sandman (Trump),186
Bledsoe,Delegate,4,Republican,Joanne Thompson Skidmore (Uncommitted),25
Bledsoe,Delegate,4,Republican,John S. Stanbery (Trump),179
Bledsoe,Delegate,4,Republican,Lynne Davis (Trump),358
Bledsoe,Delegate,4,Republican,Mary Ann Tackett (Trump),165
Bledsoe,Delegate,4,Republican,Shane Reeves (Trump),376
Bledsoe,Delegate,At-Large,Republican,Amy Jones (Trump),455
Bledsoe,Delegate,At-Large,Republican,Beth Scott Clayton (Trump),516
Bledsoe,Delegate,At-Large,Republican,Chad Blackburn (Trump),592
Bledsoe,Delegate,At-Large,Republican,Dalton Temple (Trump),148
Bledsoe,Delegate,At-Large,Republican,Douglas M. Englen (Trump),478
Bledsoe,Delegate,At-Large,Republican,Jack Johnson (Trump),523
Bledsoe,Delegate,At-Large,Republican,Jake Adams (Uncommitted),31
Bledsoe,Delegate,At-Large,Republican,Jane Chedester (Trump),468
Bledsoe,Delegate,At-Large,Republican,Jennifer Inman Little (Trump),205
Bledsoe,Delegate,At-Large,Republican,Julia Atchley-Pace (Trump),505
Bledsoe,Delegate,At-Large,Republican,Larry M. Sims (Uncommitted),19
Bledsoe,Delegate,At-Large,Republican,Lei Ann Gleaves (Trump),446
Bledsoe,Delegate,At-Large,Republican,Leslie D. Mills (Uncommitted),22
Bledsoe,Delegate,At-Large,Republican,Linda D. Buckles (Trump),529
Bledsoe,Delegate,At-Large,Republican,Mae Beavers (Trump),528
Bledsoe,Delegate,At-Large,Republican,Marsha Yessick (Trump),115
Bledsoe,Delegate,At-Large,Republican,Mary Littleton (Trump),176
Bledsoe,Delegate,At-Large,Republican,Nazar Sharanshi (Trump),53
Bledsoe,Delegate,At-Large,Republican,Patricia D. Mills (Uncommitted),17
Bledsoe,Delegate,At-Large,Republican,Paulina Albornoz Madaris (Trump),71
Bledsoe,Delegate,At-Large,Republican,Peggy Larkin (Trump),380
Bledsoe,Delegate,At-Large,Republican,Raul Lopez (Trump),130
Bledsoe,Delegate,At-Large,Republican,Rick Tillis (Trump),205
Bledsoe,Delegate,At-Large,Republican,Robin T. Smith (Trump),226
Bledsoe,Delegate,At-Large,Republican,Shannon Haynes (Trump),467
Bledsoe,Delegate,At-Large,Republican,Steve Allbrooks (Trump),566
Bledsoe,Delegate,At-Large,Republican,Susan Richardson Williams (Trump),167
Bledsoe,Delegate,At-Large,Republican,Wanda J. Cooke (Uncommitted),17
Bledsoe,Delegate,At-Large,Republican,William Lamberth (Trump),462
Bledsoe,Presidential Preference,NA,Democratic,Amy Klobuchar,17
Bledsoe,Presidential Preference,NA,Democratic,Andrew Yang,5
Bledsoe,Presidential Preference,NA,Democratic,Bernie Sanders,102
Bledsoe,Presidential Preference,NA,Democratic,Cory Booker,1
Bledsoe,Presidential Preference,NA,Democratic,Deval Patrick,1
Bledsoe,Presidential Preference,NA,Democratic,Elizabeth Warren,27
Bledsoe,Presidential Preference,NA,Democratic,John K. Delaney,0
Bledsoe,Presidential Preference,NA,Democratic,Joseph R. Biden,311
Bledsoe,Presidential Preference,NA,Democratic,Julián Castro,0
Bledsoe,Presidential Preference,NA,Democratic,Marianne Williamson,0
Bledsoe,Presidential Preference,NA,Democratic,Michael Bennet,2
Bledsoe,Presidential Preference,NA,Democratic,Michael R. Bloomberg,85
Bledsoe,Presidential Preference,NA,Democratic,Pete Buttigieg,17
Bledsoe,Presidential Preference,NA,Democratic,Tom Steyer,0
Bledsoe,Presidential Preference,NA,Democratic,Tulsi Gabbard,5
Bledsoe,Presidential Preference,NA,Democratic,Uncommitted,5
Bledsoe,Presidential Preference,NA,Republican,Bill Weld,3
Bledsoe,Presidential Preference,NA,Republican,Donald J. Trump,906
Bledsoe,Presidential Preference,NA,Republican,Joe Walsh,2
Bledsoe,Presidential Preference,NA,Republican,Uncommitted,4
Blount,Delegate,2,Republican,Cindy Hatcher (Trump),4474
Blount,Delegate,2,Republican,David A Bishop (Trump),6030
Blount,Delegate,2,Republican,James Corcoran (Trump),5573
Blount,Delegate,2,Republican,Kathy Adams (Uncommitted),918
Blount,Delegate,2,Republican,Robin Flenniken (Trump),4641
Blount,Delegate,2,Republican,Scott David Smith (Trump),3772
Blount,Delegate,At-Large,Republican,Amy Jones (Trump),6095
Blount,Delegate,At-Large,Republican,Beth Scott Clayton (Trump),6494
Blount,Delegate,At-Large,Republican,Chad Blackburn (Trump),7362
Blount,Delegate,At-Large,Republican,Dalton Temple (Trump),1853
Blount,Delegate,At-Large,Republican,Douglas M. Englen (Trump),5965
Blount,Delegate,At-Large,Republican,Jack Johnson (Trump),6385
Blount,Delegate,At-Large,Republican,Jake Adams (Uncommitted),630
Blount,Delegate,At-Large,Republican,Jane Chedester (Trump),6284
Blount,Delegate,At-Large,Republican,Jennifer Inman Little (Trump),3507
Blount,Delegate,At-Large,Republican,Julia Atchley-Pace (Trump),6274
Blount,Delegate,At-Large,Republican,Larry M. Sims (Uncommitted),519
Blount,Delegate,At-Large,Republican,Lei Ann Gleaves (Trump),5538
Blount,Delegate,At-Large,Republican,Leslie D. Mills (Uncommitted),440
Blount,Delegate,At-Large,Republican,Linda D. Buckles (Trump),6553
Blount,Delegate,At-Large,Republican,Mae Beavers (Trump),6538
Blount,Delegate,At-Large,Republican,Marsha Yessick (Trump),1119
Blount,Delegate,At-Large,Republican,Mary Littleton (Trump),3007
Blount,Delegate,At-Large,Republican,Nazar Sharanshi (Trump),805
Blount,Delegate,At-Large,Republican,Patricia D. Mills (Uncommitted),450
Blount,Delegate,At-Large,Republican,Paulina Albornoz Madaris (Trump),1374
Blount,Delegate,At-Large,Republican,Peggy Larkin (Trump),5197
Blount,Delegate,At-Large,Republican,Raul Lopez (Trump),1880
Blount,Delegate,At-Large,Republican,Rick Tillis (Trump),2115
Blount,Delegate,At-Large,Republican,Robin T. Smith (Trump),2043
Blount,Delegate,At-Large,Republican,Shannon Haynes (Trump),6091
Blount,Delegate,At-Large,Republican,Steve Allbrooks (Trump),6234
Blount,Delegate,At-Large,Republican,Susan Richardson Williams (Trump),2081
Blount,Delegate,At-Large,Republican,Wanda J. Cooke (Uncommitted),429
Blount,Delegate,At-Large,Republican,William Lamberth (Trump),5698
Blount,Presidential Preference,NA,Democratic,Amy Klobuchar,257
Blount,Presidential Preference,NA,Democratic,Andrew Yang,13
Blount,Presidential Preference,NA,Democratic,Bernie Sanders,2242
Blount,Presidential Preference,NA,Democratic,Cory Booker,9
Blount,Presidential Preference,NA,Democratic,Deval Patrick,1
Blount,Presidential Preference,NA,Democratic,Elizabeth Warren,865
Blount,Presidential Preference,NA,Democratic,John K. Delaney,2
Blount,Presidential Preference,NA,Democratic,Joseph R. Biden,3170
Blount,Presidential Preference,NA,Democratic,Julián Castro,3
Blount,Presidential Preference,NA,Democratic,Marianne Williamson,5
Blount,Presidential Preference,NA,Democratic,Michael Bennet,11
Blount,Presidential Preference,NA,Democratic,Michael R. Bloomberg,1295
Blount,Presidential Preference,NA,Democratic,Pete Buttigieg,391
Blount,Presidential Preference,NA,Democratic,Tom Steyer,20
Blount,Presidential Preference,NA,Democratic,Tulsi Gabbard,45
Blount,Presidential Preference,NA,Democratic,Uncommitted,10
Blount,Presidential Preference,NA,Republican,Bill Weld,110
Blount,Presidential Preference,NA,Republican,Donald J. Trump,10701
Blount,Presidential Preference,NA,Republican,Joe Walsh,163
Blount,Presidential Preference,NA,Republican,Uncommitted,247
Bradley,Delegate,3,Republican,Emily G. Beaty (Trump),1515
Bradley,Delegate,3,Republican,Fred I Underdown (Uncommitted),102
Bradley,Delegate,3,Republican,J. Thomas Decosimo (Trump),854
Bradley,Delegate,3,Republican,Ken Meyer (Trump),883
Bradley,Delegate,3,Republican,Liz Holiway (Trump),656
Bradley,Delegate,3,Republican,Nancy Otis Doyle (Weld),107
Bradley,Delegate,3,Republican,Randy Ellis (Trump),1623
Bradley,Delegate,3,Republican,Sharon B. Anderson (Uncommitted),167
Bradley,Delegate,4,Republican,Adam Coggin (Trump),2965
Bradley,Delegate,4,Republican,James A. Sandman (Trump),1310
Bradley,Delegate,4,Republican,Joanne Thompson Skidmore (Uncommitted),534
Bradley,Delegate,4,Republican,John S. Stanbery (Trump),3302
Bradley,Delegate,4,Republican,Lynne Davis (Trump),2750
Bradley,Delegate,4,Republican,Mary Ann Tackett (Trump),1424
Bradley,Delegate,4,Republican,Shane Reeves (Trump),2305
Bradley,Delegate,At-Large,Republican,Amy Jones (Trump),5179
Bradley,Delegate,At-Large,Republican,Beth Scott Clayton (Trump),4920
Bradley,Delegate,At-Large,Republican,Chad Blackburn (Trump),5412
Bradley,Delegate,At-Large,Republican,Dalton Temple (Trump),2440
Bradley,Delegate,At-Large,Republican,Douglas M. Englen (Trump),4356
Bradley,Delegate,At-Large,Republican,Jack Johnson (Trump),5567
Bradley,Delegate,At-Large,Republican,Jake Adams (Uncommitted),666
Bradley,Delegate,At-Large,Republican,Jane Chedester (Trump),3887
Bradley,Delegate,At-Large,Republican,Jennifer Inman Little (Trump),2919
Bradley,Delegate,At-Large,Republican,Julia Atchley-Pace (Trump),4804
Bradley,Delegate,At-Large,Republican,Larry M. Sims (Uncommitted),248
Bradley,Delegate,At-Large,Republican,Lei Ann Gleaves (Trump),3920
Bradley,Delegate,At-Large,Republican,Leslie D. Mills (Uncommitted),194
Bradley,Delegate,At-Large,Republican,Linda D. Buckles (Trump),4588
Bradley,Delegate,At-Large,Republican,Mae Beavers (Trump),4394
Bradley,Delegate,At-Large,Republican,Marsha Yessick (Trump),2327
Bradley,Delegate,At-Large,Republican,Mary Littleton (Trump),2988
Bradley,Delegate,At-Large,Republican,Nazar Sharanshi (Trump),1107
Bradley,Delegate,At-Large,Republican,Patricia D. Mills (Uncommitted),202
Bradley,Delegate,At-Large,Republican,Paulina Albornoz Madaris (Trump),1690
Bradley,Delegate,At-Large,Republican,Peggy Larkin (Trump),4278
Bradley,Delegate,At-Large,Republican,Raul Lopez (Trump),1929
Bradley,Delegate,At-Large,Republican,Rick Tillis (Trump),3102
Bradley,Delegate,At-Large,Republican,Robin T. Smith (Trump),3338
Bradley,Delegate,At-Large,Republican,Shannon Haynes (Trump),4717
Bradley,Delegate,At-Large,Republican,Steve Allbrooks (Trump),5424
Bradley,Delegate,At-Large,Republican,Susan Richardson Williams (Trump),2736
Bradley,Delegate,At-Large,Republican,Wanda J. Cooke (Uncommitted),257
Bradley,Delegate,At-Large,Republican,William Lamberth (Trump),4855
Bradley,Presidential Preference,NA,Democratic,Amy Klobuchar,155
Bradley,Presidential Preference,NA,Democratic,Andrew Yang,12
Bradley,Presidential Preference,NA,Democratic,Bernie Sanders,1239
Bradley,Presidential Preference,NA,Democratic,Cory Booker,11
Bradley,Presidential Preference,NA,Democratic,Deval Patrick,0
Bradley,Presidential Preference,NA,Democratic,Elizabeth Warren,360
Bradley,Presidential Preference,NA,Democratic,John K. Delaney,4
Bradley,Presidential Preference,NA,Democratic,Joseph R. Biden,1762
Bradley,Presidential Preference,NA,Democratic,Julián Castro,2
Bradley,Presidential Preference,NA,Democratic,Marianne Williamson,1
Bradley,Presidential Preference,NA,Democratic,Michael Bennet,8
Bradley,Presidential Preference,NA,Democratic,Michael R. Bloomberg,706
Bradley,Presidential Preference,NA,Democratic,Pete Buttigieg,174
Bradley,Presidential Preference,NA,Democratic,Tom Steyer,19
Bradley,Presidential Preference,NA,Democratic,Tulsi Gabbard,29
Bradley,Presidential Preference,NA,Democratic,Uncommitted,12
Bradley,Presidential Preference,NA,Republican,Bill Weld,51
Bradley,Presidential Preference,NA,Republican,Donald J. Trump,8394
Bradley,Presidential Preference,NA,Republican,Joe Walsh,66
Bradley,Presidential Preference,NA,Republican,Uncommitted,53
Campbell,Delegate,2,Republican,Cindy Hatcher (Trump),64
Campbell,Delegate,2,Republican,David A Bishop (Trump),114
Campbell,Delegate,2,Republican,James Corcoran (Trump),92
Campbell,Delegate,2,Republican,Kathy Adams (Uncommitted),14
Campbell,Delegate,2,Republican,Robin Flenniken (Trump),79
Campbell,Delegate,2,Republican,Scott David Smith (Trump),66
Campbell,Delegate,3,Republican,Emily G. Beaty (Trump),745
Campbell,Delegate,3,Republican,Fred I Underdown (Uncommitted),26
Campbell,Delegate,3,Republican,J. Thomas Decosimo (Trump),523
Campbell,Delegate,3,Republican,Ken Meyer (Trump),612
Campbell,Delegate,3,Republican,Liz Holiway (Trump),443
Campbell,Delegate,3,Republican,Nancy Otis Doyle (Weld),97
Campbell,Delegate,3,Republican,Randy Ellis (Trump),956
Campbell,Delegate,3,Republican,Sharon B. Anderson (Uncommitted),61
Campbell,Delegate,At-Large,Republican,Amy Jones (Trump),911
Campbell,Delegate,At-Large,Republican,Beth Scott Clayton (Trump),999
Campbell,Delegate,At-Large,Republican,Chad Blackburn (Trump),1171
Campbell,Delegate,At-Large,Republican,Dalton Temple (Trump),254
Campbell,Delegate,At-Large,Republican,Douglas M. Englen (Trump),917
Campbell,Delegate,At-Large,Republican,Jack Johnson (Trump),993
Campbell,Delegate,At-Large,Republican,Jake Adams (Uncommitted),82
Campbell,Delegate,At-Large,Republican,Jane Chedester (Trump),1041
Campbell,Delegate,At-Large,Republican,Jennifer Inman Little (Trump),560
Campbell,Delegate,At-Large,Republican,Julia Atchley-Pace (Trump),972
Campbell,Delegate,At-Large,Republican,Larry M. Sims (Uncommitted),47
Campbell,Delegate,At-Large,Republican,Lei Ann Gleaves (Trump),824
Campbell,Delegate,At-Large,Republican,Leslie D. Mills (Uncommitted),40
Campbell,Delegate,At-Large,Republican,Linda D. Buckles (Trump),1028
Campbell,Delegate,At-Large,Republican,Mae Beavers (Trump),1023
Campbell,Delegate,At-Large,Republican,Marsha Yessick (Trump),131
Campbell,Delegate,At-Large,Republican,Mary Littleton (Trump),422
Campbell,Delegate,At-Large,Republican,Nazar Sharanshi (Trump),98
Campbell,Delegate,At-Large,Republican,Patricia D. Mills (Uncommitted),54
Campbell,Delegate,At-Large,Republican,Paulina Albornoz Madaris (Trump),172
Campbell,Delegate,At-Large,Republican,Peggy Larkin (Trump),739
Campbell,Delegate,At-Large,Republican,Raul Lopez (Trump),262
Campbell,Delegate,At-Large,Republican,Rick Tillis (Trump),312
Campbell,Delegate,At-Large,Republican,Robin T. Smith (Trump),298
Campbell,Delegate,At-Large,Republican,Shannon Haynes (Trump),932
Campbell,Delegate,At-Large,Republican,Steve Allbrooks (Trump),982
Campbell,Delegate,At-Large,Republican,Susan Richardson Williams (Trump),274
Campbell,Delegate,At-Large,Republican,Wanda J. Cooke (Uncommitted),58
Campbell,Delegate,At-Large,Republican,William Lamberth (Trump),851
Campbell,Presidential Preference,NA,Democratic,Amy Klobuchar,13
Campbell,Presidential Preference,NA,Democratic,Andrew Yang,3
Campbell,Presidential Preference,NA,Democratic,Bernie Sanders,257
Campbell,Presidential Preference,NA,Democratic,Cory Booker,4
Campbell,Presidential Preference,NA,Democratic,Deval Patrick,1
Campbell,Presidential Preference,NA,Democratic,Elizabeth Warren,83
Campbell,Presidential Preference,NA,Democratic,John K. Delaney,2
Campbell,Presidential Preference,NA,Democratic,Joseph R. Biden,525
Campbell,Presidential Preference,NA,Democratic,Julián Castro,1
Campbell,Presidential Preference,NA,Democratic,Marianne Williamson,0
Campbell,Presidential Preference,NA,Democratic,Michael Bennet,3
Campbell,Presidential Preference,NA,Democratic,Michael R. Bloomberg,205
Campbell,Presidential Preference,NA,Democratic,Pete Buttigieg,15
Campbell,Presidential Preference,NA,Democratic,Tom Steyer,3
Campbell,Presidential Preference,NA,Democratic,Tulsi Gabbard,3
Campbell,Presidential Preference,NA,Democratic,Uncommitted,3
Campbell,Presidential Preference,NA,Republican,Bill Weld,21
Campbell,Presidential Preference,NA,Republican,Donald J. Trump,1941
Campbell,Presidential Preference,NA,Republican,Joe Walsh,5
Campbell,Presidential Preference,NA,Republican,Uncommitted,9
Cannon,Circuit Court Judge Division V,16 (unexpired term),Democratic,No Candidate Qualified,0
Cannon,Circuit Court Judge Division V,16 (unexpired term),Republican,No Candidate Qualified,0
Cannon,Delegate,6,Republican,Craig Evan Clark (Trump),332
Cannon,Delegate,6,Republican,Frank Gorgie (Uncommitted),18
Cannon,Delegate,6,Republican,Holly S. Jones (Trump),390
Cannon,Delegate,6,Republican,Joseph Elder (Uncommitted),24
Cannon,Delegate,6,Republican,Mary Ann Parks (Trump),248
Cannon,Delegate,6,Republican,Paul Bailey (Trump),462
Cannon,Delegate,6,Republican,Ryan Williams (Trump),243
Cannon,Delegate,6,Republican,Terri R. Nicholson (Trump),228
Cannon,Delegate,At-Large,Republican,Amy Jones (Trump),517
Cannon,Delegate,At-Large,Republican,Beth Scott Clayton (Trump),459
Cannon,Delegate,At-Large,Republican,Chad Blackburn (Trump),538
Cannon,Delegate,At-Large,Republican,Dalton Temple (Trump),254
Cannon,Delegate,At-Large,Republican,Douglas M. Englen (Trump),429
Cannon,Delegate,At-Large,Republican,Jack Johnson (Trump),531
Cannon,Delegate,At-Large,Republican,Jake Adams (Uncommitted),50
Cannon,Delegate,At-Large,Republican,Jane Chedester (Trump),347
Cannon,Delegate,At-Large,Republican,Jennifer Inman Little (Trump),278
Cannon,Delegate,At-Large,Republican,Julia Atchley-Pace (Trump),372
Cannon,Delegate,At-Large,Republican,Larry M. Sims (Uncommitted),23
Cannon,Delegate,At-Large,Republican,Lei Ann Gleaves (Trump),411
Cannon,Delegate,At-Large,Republican,Leslie D. Mills (Uncommitted),17
Cannon,Delegate,At-Large,Republican,Linda D. Buckles (Trump),419
Cannon,Delegate,At-Large,Republican,Mae Beavers (Trump),618
Cannon,Delegate,At-Large,Republican,Marsha Yessick (Trump),175
Cannon,Delegate,At-Large,Republican,Mary Littleton (Trump),287
Cannon,Delegate,At-Large,Republican,Nazar Sharanshi (Trump),93
Cannon,Delegate,At-Large,Republican,Patricia D. Mills (Uncommitted),11
Cannon,Delegate,At-Large,Republican,Paulina Albornoz Madaris (Trump),121
Cannon,Delegate,At-Large,Republican,Peggy Larkin (Trump),439
Cannon,Delegate,At-Large,Republican,Raul Lopez (Trump),173
Cannon,Delegate,At-Large,Republican,Rick Tillis (Trump),288
Cannon,Delegate,At-Large,Republican,Robin T. Smith (Trump),302
Cannon,Delegate,At-Large,Republican,Shannon Haynes (Trump),468
Cannon,Delegate,At-Large,Republican,Steve Allbrooks (Trump),499
Cannon,Delegate,At-Large,Republican,Susan Richardson Williams (Trump),238
Cannon,Delegate,At-Large,Republican,Wanda J. Cooke (Uncommitted),16
Cannon,Delegate,At-Large,Republican,William Lamberth (Trump),464
Cannon,Presidential Preference,NA,Democratic,Amy Klobuchar,20
Cannon,Presidential Preference,NA,Democratic,Andrew Yang,1
Cannon,Presidential Preference,NA,Democratic,Bernie Sanders,182
Cannon,Presidential Preference,NA,Democratic,Cory Booker,0
Cannon,Presidential Preference,NA,Democratic,Deval Patrick,1
Cannon,Presidential Preference,NA,Democratic,Elizabeth Warren,55
Cannon,Presidential Preference,NA,Democratic,John K. Delaney,0
Cannon,Presidential Preference,NA,Democratic,Joseph R. Biden,281
Cannon,Presidential Preference,NA,Democratic,Julián Castro,0
Cannon,Presidential Preference,NA,Democratic,Marianne Williamson,0
Cannon,Presidential Preference,NA,Democratic,Michael Bennet,2
Cannon,Presidential Preference,NA,Democratic,Michael R. Bloomberg,105
Cannon,Presidential Preference,NA,Democratic,Pete Buttigieg,18
Cannon,Presidential Preference,NA,Democratic,Tom Steyer,3
Cannon,Presidential Preference,NA,Democratic,Tulsi Gabbard,5
Cannon,Presidential Preference,NA,Democratic,Uncommitted,1
Cannon,Presidential Preference,NA,Republican,Bill Weld,3
Cannon,Presidential Preference,NA,Republican,Donald J. Trump,931
Cannon,Presidential Preference,NA,Republican,Joe Walsh,3
Cannon,Presidential Preference,NA,Republican,Uncommitted,6
Carroll,Chancellor,24 (unexpired term),Democratic,No Candidate Qualified,0
Carroll,Delegate,8,Republican,Charlotte Kelley (Trump),484
Carroll,Delegate,8,Republican,Elaine S. Ervin (Trump),711
Carroll,Delegate,8,Republican,Jim Craig (Uncommitted),73
Carroll,Delegate,8,Republican,Joseph S. Coury (Trump),810
Carroll,Delegate,8,Republican,Nichole Bufalino (Trump),714
Carroll,Delegate,8,Republican,Steve Maroney (Trump),488
Carroll,Delegate,At-Large,Republican,Amy Jones (Trump),956
Carroll,Delegate,At-Large,Republican,Beth Scott Clayton (Trump),1002
Carroll,Delegate,At-Large,Republican,Chad Blackburn (Trump),1150
Carroll,Delegate,At-Large,Republican,Dalton Temple (Trump),305
Carroll,Delegate,At-Large,Republican,Douglas M. Englen (Trump),978
Carroll,Delegate,At-Large,Republican,Jack Johnson (Trump),1025
Carroll,Delegate,At-Large,Republican,Jake Adams (Uncommitted),63
Carroll,Delegate,At-Large,Republican,Jane Chedester (Trump),905
Carroll,Delegate,At-Large,Republican,Jennifer Inman Little (Trump),445
Carroll,Delegate,At-Large,Republican,Julia Atchley-Pace (Trump),1001
Carroll,Delegate,At-Large,Republican,Larry M. Sims (Uncommitted),35
Carroll,Delegate,At-Large,Republican,Lei Ann Gleaves (Trump),854
Carroll,Delegate,At-Large,Republican,Leslie D. Mills (Uncommitted),30
Carroll,Delegate,At-Large,Republican,Linda D. Buckles (Trump),1017
Carroll,Delegate,At-Large,Republican,Mae Beavers (Trump),1002
Carroll,Delegate,At-Large,Republican,Marsha Yessick (Trump),174
Carroll,Delegate,At-Large,Republican,Mary Littleton (Trump),362
Carroll,Delegate,At-Large,Republican,Nazar Sharanshi (Trump),94
Carroll,Delegate,At-Large,Republican,Patricia D. Mills (Uncommitted),18
Carroll,Delegate,At-Large,Republican,Paulina Albornoz Madaris (Trump),152
Carroll,Delegate,At-Large,Republican,Peggy Larkin (Trump),828
Carroll,Delegate,At-Large,Republican,Raul Lopez (Trump),230
Carroll,Delegate,At-Large,Republican,Rick Tillis (Trump),375
Carroll,Delegate,At-Large,Republican,Robin T. Smith (Trump),429
Carroll,Delegate,At-Large,Republican,Shannon Haynes (Trump),972
Carroll,Delegate,At-Large,Republican,Steve Allbrooks (Trump),1124
Carroll,Delegate,At-Large,Republican,Susan Richardson Williams (Trump),338
Carroll,Delegate,At-Large,Republican,Wanda J. Cooke (Uncommitted),37
Carroll,Delegate,At-Large,Republican,William Lamberth (Trump),905
Carroll,Presidential Preference,NA,Democratic,Amy Klobuchar,16
Carroll,Presidential Preference,NA,Democratic,Andrew Yang,1
Carroll,Presidential Preference,NA,Democratic,Bernie Sanders,220
Carroll,Presidential Preference,NA,Democratic,Cory Booker,2
Carroll,Presidential Preference,NA,Democratic,Deval Patrick,0
Carroll,Presidential Preference,NA,Democratic,Elizabeth Warren,49
Carroll,Presidential Preference,NA,Democratic,John K. Delaney,1
Carroll,Presidential Preference,NA,Democratic,Joseph R. Biden,548
Carroll,Presidential Preference,NA,Democratic,Julián Castro,2
Carroll,Presidential Preference,NA,Democratic,Marianne Williamson,1
Carroll,Presidential Preference,NA,Democratic,Michael Bennet,10
Carroll,Presidential Preference,NA,Democratic,Michael R. Bloomberg,162
Carroll,Presidential Preference,NA,Democratic,Pete Buttigieg,28
Carroll,Presidential Preference,NA,Democratic,Tom Steyer,7
Carroll,Presidential Preference,NA,Democratic,Tulsi Gabbard,2
Carroll,Presidential Preference,NA,Democratic,Uncommitted,2
Carroll,Presidential Preference,NA,Republican,Bill Weld,6
Carroll,Presidential Preference,NA,Republican,Donald J. Trump,1648
Carroll,Presidential Preference,NA,Republican,Joe Walsh,12
Carroll,Presidential Preference,NA,Republican,Uncommitted,4
Carter,Delegate,1,Republican,Anita Hodges Taylor (Trump),1282
Carter,Delegate,1,Republican,Barbara Jo Zimmerman (Trump),754
Carter,Delegate,1,Republican,Kelly Wolfe (Trump),1356
Carter,Delegate,1,Republican,Kent Harris (Uncommitted),546
Carter,Delegate,1,Republican,Linda Osborne (Uncommitted),201
Carter,Delegate,1,Republican,Matthew Johnson (Trump),1955
Carter,Delegate,1,Republican,Paul Chapman (Trump),1981
Carter,Delegate,1,Republican,Todd Fowler (Trump),1994
Carter,Delegate,At-Large,Republican,Amy Jones (Trump),2441
Carter,Delegate,At-Large,Republican,Beth Scott Clayton (Trump),2331
Carter,Delegate,At-Large,Republican,Chad Blackburn (Trump),2603
Carter,Delegate,At-Large,Republican,Dalton Temple (Trump),1266
Carter,Delegate,At-Large,Republican,Douglas M. Englen (Trump),2163
Carter,Delegate,At-Large,Republican,Jack Johnson (Trump),2749
Carter,Delegate,At-Large,Republican,Jake Adams (Uncommitted),356
Carter,Delegate,At-Large,Republican,Jane Chedester (Trump),1835
Carter,Delegate,At-Large,Republican,Jennifer Inman Little (Trump),1487
Carter,Delegate,At-Large,Republican,Julia Atchley-Pace (Trump),2061
Carter,Delegate,At-Large,Republican,Larry M. Sims (Uncommitted),121
Carter,Delegate,At-Large,Republican,Lei Ann Gleaves (Trump),1945
Carter,Delegate,At-Large,Republican,Leslie D. Mills (Uncommitted),121
Carter,Delegate,At-Large,Republican,Linda D. Buckles (Trump),2671
Carter,Delegate,At-Large,Republican,Mae Beavers (Trump),2158
Carter,Delegate,At-Large,Republican,Marsha Yessick (Trump),832
Carter,Delegate,At-Large,Republican,Mary Littleton (Trump),1525
Carter,Delegate,At-Large,Republican,Nazar Sharanshi (Trump),548
Carter,Delegate,At-Large,Republican,Patricia D. Mills (Uncommitted),107
Carter,Delegate,At-Large,Republican,Paulina Albornoz Madaris (Trump),672
Carter,Delegate,At-Large,Republican,Peggy Larkin (Trump),2241
Carter,Delegate,At-Large,Republican,Raul Lopez (Trump),908
Carter,Delegate,At-Large,Republican,Rick Tillis (Trump),1453
Carter,Delegate,At-Large,Republican,Robin T. Smith (Trump),1504
Carter,Delegate,At-Large,Republican,Shannon Haynes (Trump),2319
Carter,Delegate,At-Large,Republican,Steve Allbrooks (Trump),2544
Carter,Delegate,At-Large,Republican,Susan Richardson Williams (Trump),1292
Carter,Delegate,At-Large,Republican,Wanda J. Cooke (Uncommitted),114
Carter,Delegate,At-Large,Republican,William Lamberth (Trump),2298
Carter,Presidential Preference,NA,Democratic,Amy Klobuchar,36
Carter,Presidential Preference,NA,Democratic,Andrew Yang,5
Carter,Presidential Preference,NA,Democratic,Bernie Sanders,766
Carter,Presidential Preference,NA,Democratic,Cory Booker,1
Carter,Presidential Preference,NA,Democratic,Deval Patrick,1
Carter,Presidential Preference,NA,Democratic,Elizabeth Warren,219
Carter,Presidential Preference,NA,Democratic,John K. Delaney,7
Carter,Presidential Preference,NA,Democratic,Joseph R. Biden,823
Carter,Presidential Preference,NA,Democratic,Julián Castro,1
Carter,Presidential Preference,NA,Democratic,Marianne Williamson,0
Carter,Presidential Preference,NA,Democratic,Michael Bennet,4
Carter,Presidential Preference,NA,Democratic,Michael R. Bloomberg,344
Carter,Presidential Preference,NA,Democratic,Pete Buttigieg,72
Carter,Presidential Preference,NA,Democratic,Tom Steyer,9
Carter,Presidential Preference,NA,Democratic,Tulsi Gabbard,13
Carter,Presidential Preference,NA,Democratic,Uncommitted,7
Carter,Presidential Preference,NA,Republican,Bill Weld,23
Carter,Presidential Preference,NA,Republican,Donald J. Trump,4468
Carter,Presidential Preference,NA,Republican,Joe Walsh,40
Carter,Presidential Preference,NA,Republican,Uncommitted,47
Cheatham,Delegate,5,Republican,Beverly B. Knight-Hurley (Trump),289
Cheatham,Delegate,5,Republican,Bob Schwartz (Uncommitted),44
Cheatham,Delegate,5,Republican,Connie Hunter (Trump),380
Cheatham,Delegate,5,Republican,Karen Moore (Uncommitted),61
Cheatham,Delegate,5,Republican,Larry Hillis (Trump),607
Cheatham,Delegate,5,Republican,Lee A. Beaman (Trump),806
Cheatham,Delegate,5,Republican,Michelle Foreman (Trump),607
Cheatham,Delegate,5,Republican,Ron McDow (Trump),329
Cheatham,Delegate,5,Republican,Stacy Ries Snyder (Uncommitted),61
Cheatham,Delegate,6,Republican,Craig Evan Clark (Trump),166
Cheatham,Delegate,6,Republican,Frank Gorgie (Uncommitted),9
Cheatham,Delegate,6,Republican,Holly S. Jones (Trump),166
Cheatham,Delegate,6,Republican,Joseph Elder (Uncommitted),14
Cheatham,Delegate,6,Republican,Mary Ann Parks (Trump),133
Cheatham,Delegate,6,Republican,Paul Bailey (Trump),219
Cheatham,Delegate,6,Republican,Ryan Williams (Trump),125
Cheatham,Delegate,6,Republican,Terri R. Nicholson (Trump),168
Cheatham,Delegate,At-Large,Republican,Amy Jones (Trump),1248
Cheatham,Delegate,At-Large,Republican,Beth Scott Clayton (Trump),1324
Cheatham,Delegate,At-Large,Republican,Chad Blackburn (Trump),1416
Cheatham,Delegate,At-Large,Republican,Dalton Temple (Trump),354
Cheatham,Delegate,At-Large,Republican,Douglas M. Englen (Trump),1316
Cheatham,Delegate,At-Large,Republican,Jack Johnson (Trump),1287
Cheatham,Delegate,At-Large,Republican,Jake Adams (Uncommitted),94
Cheatham,Delegate,At-Large,Republican,Jane Chedester (Trump),1163
Cheatham,Delegate,At-Large,Republican,Jennifer Inman Little (Trump),624
Cheatham,Delegate,At-Large,Republican,Julia Atchley-Pace (Trump),1170
Cheatham,Delegate,At-Large,Republican,Larry M. Sims (Uncommitted),80
Cheatham,Delegate,At-Large,Republican,Lei Ann Gleaves (Trump),1164
Cheatham,Delegate,At-Large,Republican,Leslie D. Mills (Uncommitted),73
Cheatham,Delegate,At-Large,Republican,Linda D. Buckles (Trump),1238
Cheatham,Delegate,At-Large,Republican,Mae Beavers (Trump),1403
Cheatham,Delegate,At-Large,Republican,Marsha Yessick (Trump),265
Cheatham,Delegate,At-Large,Republican,Mary Littleton (Trump),960
Cheatham,Delegate,At-Large,Republican,Nazar Sharanshi (Trump),140
Cheatham,Delegate,At-Large,Republican,Patricia D. Mills (Uncommitted),73
Cheatham,Delegate,At-Large,Republican,Paulina Albornoz Madaris (Trump),226
Cheatham,Delegate,At-Large,Republican,Peggy Larkin (Trump),1061
Cheatham,Delegate,At-Large,Republican,Raul Lopez (Trump),295
Cheatham,Delegate,At-Large,Republican,Rick Tillis (Trump),509
Cheatham,Delegate,At-Large,Republican,Robin T. Smith (Trump),443
Cheatham,Delegate,At-Large,Republican,Shannon Haynes (Trump),1231
Cheatham,Delegate,At-Large,Republican,Steve Allbrooks (Trump),1490
Cheatham,Delegate,At-Large,Republican,Susan Richardson Williams (Trump),410
Cheatham,Delegate,At-Large,Republican,Wanda J. Cooke (Uncommitted),73
Cheatham,Delegate,At-Large,Republican,William Lamberth (Trump),1194
Cheatham,Presidential Preference,NA,Democratic,Amy Klobuchar,70
Cheatham,Presidential Preference,NA,Democratic,Andrew Yang,2
Cheatham,Presidential Preference,NA,Democratic,Bernie Sanders,761
Cheatham,Presidential Preference,NA,Democratic,Cory Booker,4
Cheatham,Presidential Preference,NA,Democratic,Deval Patrick,0
Cheatham,Presidential Preference,NA,Democratic,Elizabeth Warren,304
Cheatham,Presidential Preference,NA,Democratic,John K. Delaney,2
Cheatham,Presidential Preference,NA,Democratic,Joseph R. Biden,882
Cheatham,Presidential Preference,NA,Democratic,Julián Castro,1
Cheatham,Presidential Preference,NA,Democratic,Marianne Williamson,2
Cheatham,Presidential Preference,NA,Democratic,Michael Bennet,5
Cheatham,Presidential Preference,NA,Democratic,Michael R. Bloomberg,495
Cheatham,Presidential Preference,NA,Democratic,Pete Buttigieg,120
Cheatham,Presidential Preference,NA,Democratic,Tom Steyer,13
Cheatham,Presidential Preference,NA,Democratic,Tulsi Gabbard,14
Cheatham,Presidential Preference,NA,Democratic,Uncommitted,1
Cheatham,Presidential Preference,NA,Republican,Bill Weld,18
Cheatham,Presidential Preference,NA,Republican,Donald J. Trump,2043
Cheatham,Presidential Preference,NA,Republican,Joe Walsh,14
Cheatham,Presidential Preference,NA,Republican,Uncommitted,17
Chester,Delegate,7,Republican,Angie McClanahan (Trump),228
Chester,Delegate,7,Republican,Cheryl D. Brown (Trump),495
Chester,Delegate,7,Republican,Jim Looney (Trump),353
Chester,Delegate,7,Republican,Kenneth Eaton (Uncommitted),36
Chester,Delegate,7,Republican,Lisa Gary (Uncommitted),29
Chester,Delegate,7,Republican,Patricia F. Allen (Trump),637
Chester,Delegate,7,Republican,Rob Tiede (Uncommitted),10
Chester,Delegate,7,Republican,Sharon Massey Grimes (Trump),493
Chester,Delegate,7,Republican,Steven Giorno (Uncommitted),15
Chester,Delegate,7,Republican,Todd Benne Jr. (Uncommitted),31
Chester,Delegate,7,Republican,Tony Roberts (Trump),422
Chester,Delegate,At-Large,Republican,Amy Jones (Trump),753
Chester,Delegate,At-Large,Republican,Beth Scott Clayton (Trump),782
Chester,Delegate,At-Large,Republican,Chad Blackburn (Trump),895
Chester,Delegate,At-Large,Republican,Dalton Temple (Trump),228
Chester,Delegate,At-Large,Republican,Douglas M. Englen (Trump),700
Chester,Delegate,At-Large,Republican,Jack Johnson (Trump),798
Chester,Delegate,At-Large,Republican,Jake Adams (Uncommitted),51
Chester,Delegate,At-Large,Republican,Jane Chedester (Trump),718
Chester,Delegate,At-Large,Republican,Jennifer Inman Little (Trump),284
Chester,Delegate,At-Large,Republican,Julia Atchley-Pace (Trump),721
Chester,Delegate,At-Large,Republican,Larry M. Sims (Uncommitted),41
Chester,Delegate,At-Large,Republican,Lei Ann Gleaves (Trump),642
Chester,Delegate,At-Large,Republican,Leslie D. Mills (Uncommitted),33
Chester,Delegate,At-Large,Republican,Linda D. Buckles (Trump),747
Chester,Delegate,At-Large,Republican,Mae Beavers (Trump),756
Chester,Delegate,At-Large,Republican,Marsha Yessick (Trump),131
Chester,Delegate,At-Large,Republican,Mary Littleton (Trump),276
Chester,Delegate,At-Large,Republican,Nazar Sharanshi (Trump),75
Chester,Delegate,At-Large,Republican,Patricia D. Mills (Uncommitted),33
Chester,Delegate,At-Large,Republican,Paulina Albornoz Madaris (Trump),118
Chester,Delegate,At-Large,Republican,Peggy Larkin (Trump),519
Chester,Delegate,At-Large,Republican,Raul Lopez (Trump),179
Chester,Delegate,At-Large,Republican,Rick Tillis (Trump),265
Chester,Delegate,At-Large,Republican,Robin T. Smith (Trump),392
Chester,Delegate,At-Large,Republican,Shannon Haynes (Trump),723
Chester,Delegate,At-Large,Republican,Steve Allbrooks (Trump),868
Chester,Delegate,At-Large,Republican,Susan Richardson Williams (Trump),235
Chester,Delegate,At-Large,Republican,Wanda J. Cooke (Uncommitted),36
Chester,Delegate,At-Large,Republican,William Lamberth (Trump),742
Chester,Presidential Preference,NA,Democratic,Amy Klobuchar,12
Chester,Presidential Preference,NA,Democratic,Andrew Yang,2
Chester,Presidential Preference,NA,Democratic,Bernie Sanders,139
Chester,Presidential Preference,NA,Democratic,Cory Booker,0
Chester,Presidential Preference,NA,Democratic,Deval Patrick,1
Chester,Presidential Preference,NA,Democratic,Elizabeth Warren,53
Chester,Presidential Preference,NA,Democratic,John K. Delaney,1
Chester,Presidential Preference,NA,Democratic,Joseph R. Biden,297
Chester,Presidential Preference,NA,Democratic,Julián Castro,0
Chester,Presidential Preference,NA,Democratic,Marianne Williamson,1
Chester,Presidential Preference,NA,Democratic,Michael Bennet,3
Chester,Presidential Preference,NA,Democratic,Michael R. Bloomberg,64
Chester,Presidential Preference,NA,Democratic,Pete Buttigieg,13
Chester,Presidential Preference,NA,Democratic,Tom Steyer,6
Chester,Presidential Preference,NA,Democratic,Tulsi Gabbard,4
Chester,Presidential Preference,NA,Democratic,Uncommitted,0
Chester,Presidential Preference,NA,Republican,Bill Weld,6
Chester,Presidential Preference,NA,Republican,Donald J. Trump,1365
Chester,Presidential Preference,NA,Republican,Joe Walsh,6
Chester,Presidential Preference,NA,Republican,Uncommitted,20
Claiborne,Delegate,2,Republican,Cindy Hatcher (Trump),440
Claiborne,Delegate,2,Republican,David A Bishop (Trump),1190
Claiborne,Delegate,2,Republican,James Corcoran (Trump),856
Claiborne,Delegate,2,Republican,Kathy Adams (Uncommitted),105
Claiborne,Delegate,2,Republican,Robin Flenniken (Trump),598
Claiborne,Delegate,2,Republican,Scott David Smith (Trump),624
Claiborne,Delegate,At-Large,Republican,Amy Jones (Trump),1038
Claiborne,Delegate,At-Large,Republican,Beth Scott Clayton (Trump),1104
Claiborne,Delegate,At-Large,Republican,Chad Blackburn (Trump),1288
Claiborne,Delegate,At-Large,Republican,Dalton Temple (Trump),400
Claiborne,Delegate,At-Large,Republican,Douglas M. Englen (Trump),1108
Claiborne,Delegate,At-Large,Republican,Jack Johnson (Trump),1162
Claiborne,Delegate,At-Large,Republican,Jake Adams (Uncommitted),110
Claiborne,Delegate,At-Large,Republican,Jane Chedester (Trump),1045
Claiborne,Delegate,At-Large,Republican,Jennifer Inman Little (Trump),517
Claiborne,Delegate,At-Large,Republican,Julia Atchley-Pace (Trump),1131
Claiborne,Delegate,At-Large,Republican,Larry M. Sims (Uncommitted),51
Claiborne,Delegate,At-Large,Republican,Lei Ann Gleaves (Trump),908
Claiborne,Delegate,At-Large,Republican,Leslie D. Mills (Uncommitted),48
Claiborne,Delegate,At-Large,Republican,Linda D. Buckles (Trump),1108
Claiborne,Delegate,At-Large,Republican,Mae Beavers (Trump),1112
Claiborne,Delegate,At-Large,Republican,Marsha Yessick (Trump),213
Claiborne,Delegate,At-Large,Republican,Mary Littleton (Trump),448
Claiborne,Delegate,At-Large,Republican,Nazar Sharanshi (Trump),85
Claiborne,Delegate,At-Large,Republican,Patricia D. Mills (Uncommitted),53
Claiborne,Delegate,At-Large,Republican,Paulina Albornoz Madaris (Trump),159
Claiborne,Delegate,At-Large,Republican,Peggy Larkin (Trump),829
Claiborne,Delegate,At-Large,Republican,Raul Lopez (Trump),237
Claiborne,Delegate,At-Large,Republican,Rick Tillis (Trump),472
Claiborne,Delegate,At-Large,Republican,Robin T. Smith (Trump),481
Claiborne,Delegate,At-Large,Republican,Shannon Haynes (Trump),1066
Claiborne,Delegate,At-Large,Republican,Steve Allbrooks (Trump),1284
Claiborne,Delegate,At-Large,Republican,Susan Richardson Williams (Trump),431
Claiborne,Delegate,At-Large,Republican,Wanda J. Cooke (Uncommitted),49
Claiborne,Delegate,At-Large,Republican,William Lamberth (Trump),1029
Claiborne,Presidential Preference,NA,Democratic,Amy Klobuchar,35
Claiborne,Presidential Preference,NA,Democratic,Andrew Yang,2
Claiborne,Presidential Preference,NA,Democratic,Bernie Sanders,272
Claiborne,Presidential Preference,NA,Democratic,Cory Booker,1
Claiborne,Presidential Preference,NA,Democratic,Deval Patrick,0
Claiborne,Presidential Preference,NA,Democratic,Elizabeth Warren,67
Claiborne,Presidential Preference,NA,Democratic,John K. Delaney,1
Claiborne,Presidential Preference,NA,Democratic,Joseph R. Biden,444
Claiborne,Presidential Preference,NA,Democratic,Julián Castro,0
Claiborne,Presidential Preference,NA,Democratic,Marianne Williamson,2
Claiborne,Presidential Preference,NA,Democratic,Michael Bennet,3
Claiborne,Presidential Preference,NA,Democratic,Michael R. Bloomberg,166
Claiborne,Presidential Preference,NA,Democratic,Pete Buttigieg,24
Claiborne,Presidential Preference,NA,Democratic,Tom Steyer,6
Claiborne,Presidential Preference,NA,Democratic,Tulsi Gabbard,6
Claiborne,Presidential Preference,NA,Democratic,Uncommitted,6
Claiborne,Presidential Preference,NA,Republican,Bill Weld,9
Claiborne,Presidential Preference,NA,Republican,Donald J. Trump,2003
Claiborne,Presidential Preference,NA,Republican,Joe Walsh,13
Claiborne,Presidential Preference,NA,Republican,Uncommitted,9
Clay,Criminal Court Judge Part II,13 (unexpired term),Democratic,No Candidate Qualified,0
Clay,Criminal Court Judge Part II,13 (unexpired term),Republican,Wesley Bray,351
Clay,Delegate,6,Republican,Craig Evan Clark (Trump),140
Clay,Delegate,6,Republican,Frank Gorgie (Uncommitted),8
Clay,Delegate,6,Republican,Holly S. Jones (Trump),153
Clay,Delegate,6,Republican,Joseph Elder (Uncommitted),18
Clay,Delegate,6,Republican,Mary Ann Parks (Trump),71
Clay,Delegate,6,Republican,Paul Bailey (Trump),255
Clay,Delegate,6,Republican,Ryan Williams (Trump),91
Clay,Delegate,6,Republican,Terri R. Nicholson (Trump),74
Clay,Delegate,At-Large,Republican,Amy Jones (Trump),165
Clay,Delegate,At-Large,Republican,Beth Scott Clayton (Trump),157
Clay,Delegate,At-Large,Republican,Chad Blackburn (Trump),190
Clay,Delegate,At-Large,Republican,Dalton Temple (Trump),104
Clay,Delegate,At-Large,Republican,Douglas M. Englen (Trump),141
Clay,Delegate,At-Large,Republican,Jack Johnson (Trump),198
Clay,Delegate,At-Large,Republican,Jake Adams (Uncommitted),31
Clay,Delegate,At-Large,Republican,Jane Chedester (Trump),125
Clay,Delegate,At-Large,Republican,Jennifer Inman Little (Trump),93
Clay,Delegate,At-Large,Republican,Julia Atchley-Pace (Trump),141
Clay,Delegate,At-Large,Republican,Larry M. Sims (Uncommitted),10
Clay,Delegate,At-Large,Republican,Lei Ann Gleaves (Trump),127
Clay,Delegate,At-Large,Republican,Leslie D. Mills (Uncommitted),12
Clay,Delegate,At-Large,Republican,Linda D. Buckles (Trump),149
Clay,Delegate,At-Large,Republican,Mae Beavers (Trump),234
Clay,Delegate,At-Large,Republican,Marsha Yessick (Trump),66
Clay,Delegate,At-Large,Republican,Mary Littleton (Trump),109
Clay,Delegate,At-Large,Republican,Nazar Sharanshi (Trump),59
Clay,Delegate,At-Large,Republican,Patricia D. Mills (Uncommitted),12
Clay,Delegate,At-Large,Republican,Paulina Albornoz Madaris (Trump),59
Clay,Delegate,At-Large,Republican,Peggy Larkin (Trump),158
Clay,Delegate,At-Large,Republican,Raul Lopez (Trump),84
Clay,Delegate,At-Large,Republican,Rick Tillis (Trump),111
Clay,Delegate,At-Large,Republican,Robin T. Smith (Trump),125
Clay,Delegate,At-Large,Republican,Shannon Haynes (Trump),147
Clay,Delegate,At-Large,Republican,Steve Allbrooks (Trump),188
Clay,Delegate,At-Large,Republican,Susan Richardson Williams (Trump),99
Clay,Delegate,At-Large,Republican,Wanda J. Cooke (Uncommitted),16
Clay,Delegate,At-Large,Republican,William Lamberth (Trump),173
Clay,Presidential Preference,NA,Democratic,Amy Klobuchar,11
Clay,Presidential Preference,NA,Democratic,Andrew Yang,0
Clay,Presidential Preference,NA,Democratic,Bernie Sanders,77
Clay,Presidential Preference,NA,Democratic,Cory Booker,1
Clay,Presidential Preference,NA,Democratic,Deval Patrick,0
Clay,Presidential Preference,NA,Democratic,Elizabeth Warren,16
Clay,Presidential Preference,NA,Democratic,John K. Delaney,1
Clay,Presidential Preference,NA,Democratic,Joseph R. Biden,149
Clay,Presidential Preference,NA,Democratic,Julián Castro,1
Clay,Presidential Preference,NA,Democratic,Marianne Williamson,0
Clay,Presidential Preference,NA,Democratic,Michael Bennet,2
Clay,Presidential Preference,NA,Democratic,Michael R. Bloomberg,65
Clay,Presidential Preference,NA,Democratic,Pete Buttigieg,8
Clay,Presidential Preference,NA,Democratic,Tom Steyer,2
Clay,Presidential Preference,NA,Democratic,Tulsi Gabbard,1
Clay,Presidential Preference,NA,Democratic,Uncommitted,1
Clay,Presidential Preference,NA,Republican,Bill Weld,4
Clay,Presidential Preference,NA,Republican,Donald J. Trump,394
Clay,Presidential Preference,NA,Republican,Joe Walsh,4
Clay,Presidential Preference,NA,Republican,Uncommitted,4
Cocke,Delegate,1,Republican,Anita Hodges Taylor (Trump),736
Cocke,Delegate,1,Republican,Barbara Jo Zimmerman (Trump),627
Cocke,Delegate,1,Republican,Kelly Wolfe (Trump),687
Cocke,Delegate,1,Republican,Kent Harris (Uncommitted),165
Cocke,Delegate,1,Republican,Linda Osborne (Uncommitted),170
Cocke,Delegate,1,Republican,Matthew Johnson (Trump),1616
Cocke,Delegate,1,Republican,Paul Chapman (Trump),1791
Cocke,Delegate,1,Republican,Todd Fowler (Trump),1388
Cocke,Delegate,At-Large,Republican,Amy Jones (Trump),1773
Cocke,Delegate,At-Large,Republican,Beth Scott Clayton (Trump),1735
Cocke,Delegate,At-Large,Republican,Chad Blackburn (Trump),1945
Cocke,Delegate,At-Large,Republican,Dalton Temple (Trump),907
Cocke,Delegate,At-Large,Republican,Douglas M. Englen (Trump),1668
Cocke,Delegate,At-Large,Republican,Jack Johnson (Trump),1951
Cocke,Delegate,At-Large,Republican,Jake Adams (Uncommitted),244
Cocke,Delegate,At-Large,Republican,Jane Chedester (Trump),1502
Cocke,Delegate,At-Large,Republican,Jennifer Inman Little (Trump),1039
Cocke,Delegate,At-Large,Republican,Julia Atchley-Pace (Trump),1663
Cocke,Delegate,At-Large,Republican,Larry M. Sims (Uncommitted),125
Cocke,Delegate,At-Large,Republican,Lei Ann Gleaves (Trump),1477
Cocke,Delegate,At-Large,Republican,Leslie D. Mills (Uncommitted),111
Cocke,Delegate,At-Large,Republican,Linda D. Buckles (Trump),1683
Cocke,Delegate,At-Large,Republican,Mae Beavers (Trump),1569
Cocke,Delegate,At-Large,Republican,Marsha Yessick (Trump),642
Cocke,Delegate,At-Large,Republican,Mary Littleton (Trump),970
Cocke,Delegate,At-Large,Republican,Nazar Sharanshi (Trump),402
Cocke,Delegate,At-Large,Republican,Patricia D. Mills (Uncommitted),96
Cocke,Delegate,At-Large,Republican,Paulina Albornoz Madaris (Trump),470
Cocke,Delegate,At-Large,Republican,Peggy Larkin (Trump),1636
Cocke,Delegate,At-Large,Republican,Raul Lopez (Trump),624
Cocke,Delegate,At-Large,Republican,Rick Tillis (Trump),1011
Cocke,Delegate,At-Large,Republican,Robin T. Smith (Trump),1093
Cocke,Delegate,At-Large,Republican,Shannon Haynes (Trump),1748
Cocke,Delegate,At-Large,Republican,Steve Allbrooks (Trump),1934
Cocke,Delegate,At-Large,Republican,Susan Richardson Williams (Trump),910
Cocke,Delegate,At-Large,Republican,Wanda J. Cooke (Uncommitted),126
Cocke,Delegate,At-Large,Republican,William Lamberth (Trump),1653
Cocke,Presidential Preference,NA,Democratic,Amy Klobuchar,38
Cocke,Presidential Preference,NA,Democratic,Andrew Yang,2
Cocke,Presidential Preference,NA,Democratic,Bernie Sanders,324
Cocke,Presidential Preference,NA,Democratic,Cory Booker,4
Cocke,Presidential Preference,NA,Democratic,Deval Patrick,1
Cocke,Presidential Preference,NA,Democratic,Elizabeth Warren,75
Cocke,Presidential Preference,NA,Democratic,John K. Delaney,3
Cocke,Presidential Preference,NA,Democratic,Joseph R. Biden,446
Cocke,Presidential Preference,NA,Democratic,Julián Castro,0
Cocke,Presidential Preference,NA,Democratic,Marianne Williamson,1
Cocke,Presidential Preference,NA,Democratic,Michael Bennet,2
Cocke,Presidential Preference,NA,Democratic,Michael R. Bloomberg,209
Cocke,Presidential Preference,NA,Democratic,Pete Buttigieg,43
Cocke,Presidential Preference,NA,Democratic,Tom Steyer,6
Cocke,Presidential Preference,NA,Democratic,Tulsi Gabbard,2
Cocke,Presidential Preference,NA,Democratic,Uncommitted,1
Cocke,Presidential Preference,NA,Republican,Bill Weld,26
Cocke,Presidential Preference,NA,Republican,Donald J. Trump,3502
Cocke,Presidential Preference,NA,Republican,Joe Walsh,27
Cocke,Presidential Preference,NA,Republican,Uncommitted,42
Coffee,Delegate,6,Republican,Craig Evan Clark (Trump),2003
Coffee,Delegate,6,Republican,Frank Gorgie (Uncommitted),216
Coffee,Delegate,6,Republican,Holly S. Jones (Trump),2721
Coffee,Delegate,6,Republican,Joseph Elder (Uncommitted),297
Coffee,Delegate,6,Republican,Mary Ann Parks (Trump),1360
Coffee,Delegate,6,Republican,Paul Bailey (Trump),2578
Coffee,Delegate,6,Republican,Ryan Williams (Trump),1373
Coffee,Delegate,6,Republican,Terri R. Nicholson (Trump),1193
Coffee,Delegate,At-Large,Republican,Amy Jones (Trump),3123
Coffee,Delegate,At-Large,Republican,Beth Scott Clayton (Trump),2830
Coffee,Delegate,At-Large,Republican,Chad Blackburn (Trump),3344
Coffee,Delegate,At-Large,Republican,Dalton Temple (Trump),985
Coffee,Delegate,At-Large,Republican,Douglas M. Englen (Trump),2659
Coffee,Delegate,At-Large,Republican,Jack Johnson (Trump),3055
Coffee,Delegate,At-Large,Republican,Jake Adams (Uncommitted),282
Coffee,Delegate,At-Large,Republican,Jane Chedester (Trump),2727
Coffee,Delegate,At-Large,Republican,Jennifer Inman Little (Trump),1221
Coffee,Delegate,At-Large,Republican,Julia Atchley-Pace (Trump),2676
Coffee,Delegate,At-Large,Republican,Larry M. Sims (Uncommitted),278
Coffee,Delegate,At-Large,Republican,Lei Ann Gleaves (Trump),2595
Coffee,Delegate,At-Large,Republican,Leslie D. Mills (Uncommitted),233
Coffee,Delegate,At-Large,Republican,Linda D. Buckles (Trump),2833
Coffee,Delegate,At-Large,Republican,Mae Beavers (Trump),3192
Coffee,Delegate,At-Large,Republican,Marsha Yessick (Trump),686
Coffee,Delegate,At-Large,Republican,Mary Littleton (Trump),1181
Coffee,Delegate,At-Large,Republican,Nazar Sharanshi (Trump),328
Coffee,Delegate,At-Large,Republican,Patricia D. Mills (Uncommitted),282
Coffee,Delegate,At-Large,Republican,Paulina Albornoz Madaris (Trump),542
Coffee,Delegate,At-Large,Republican,Peggy Larkin (Trump),2200
Coffee,Delegate,At-Large,Republican,Raul Lopez (Trump),663
Coffee,Delegate,At-Large,Republican,Rick Tillis (Trump),1083
Coffee,Delegate,At-Large,Republican,Robin T. Smith (Trump),1333
Coffee,Delegate,At-Large,Republican,Shannon Haynes (Trump),2798
Coffee,Delegate,At-Large,Republican,Steve Allbrooks (Trump),3258
Coffee,Delegate,At-Large,Republican,Susan Richardson Williams (Trump),1035
Coffee,Delegate,At-Large,Republican,Wanda J. Cooke (Uncommitted),242
Coffee,Delegate,At-Large,Republican,William Lamberth (Trump),2809
Coffee,Presidential Preference,NA,Democratic,Amy Klobuchar,83
Coffee,Presidential Preference,NA,Democratic,Andrew Yang,14
Coffee,Presidential Preference,NA,Democratic,Bernie Sanders,672
Coffee,Presidential Preference,NA,Democratic,Cory Booker,8
Coffee,Presidential Preference,NA,Democratic,Deval Patrick,1
Coffee,Presidential Preference,NA,Democratic,Elizabeth Warren,196
Coffee,Presidential Preference,NA,Democratic,John K. Delaney,1
Coffee,Presidential Preference,NA,Democratic,Joseph R. Biden,1124
Coffee,Presidential Preference,NA,Democratic,Julián Castro,5
Coffee,Presidential Preference,NA,Democratic,Marianne Williamson,12
Coffee,Presidential Preference,NA,Democratic,Michael Bennet,9
Coffee,Presidential Preference,NA,Democratic,Michael R. Bloomberg,473
Coffee,Presidential Preference,NA,Democratic,Pete Buttigieg,116
Coffee,Presidential Preference,NA,Democratic,Tom Steyer,14
Coffee,Presidential Preference,NA,Democratic,Tulsi Gabbard,15
Coffee,Presidential Preference,NA,Democratic,Uncommitted,13
Coffee,Presidential Preference,NA,Republican,Bill Weld,50
Coffee,Presidential Preference,NA,Republican,Donald J. Trump,5339
Coffee,Presidential Preference,NA,Republican,Joe Walsh,92
Coffee,Presidential Preference,NA,Republican,Uncommitted,177
Crockett,Public Defender,28 (unexpired term),Democratic,No Candidate Qualified,0
Crockett,Public Defender,28 (unexpired term),Republican,No Candidate Qualified,0
Crockett,Delegate,8,Republican,Charlotte Kelley (Trump),358
Crockett,Delegate,8,Republican,Elaine S. Ervin (Trump),364
Crockett,Delegate,8,Republican,Jim Craig (Uncommitted),55
Crockett,Delegate,8,Republican,Joseph S. Coury (Trump),374
Crockett,Delegate,8,Republican,Nichole Bufalino (Trump),292
Crockett,Delegate,8,Republican,Steve Maroney (Trump),397
Crockett,Delegate,At-Large,Republican,Amy Jones (Trump),468
Crockett,Delegate,At-Large,Republican,Beth Scott Clayton (Trump),453
Crockett,Delegate,At-Large,Republican,Chad Blackburn (Trump),502
Crockett,Delegate,At-Large,Republican,Dalton Temple (Trump),201
Crockett,Delegate,At-Large,Republican,Douglas M. Englen (Trump),389
Crockett,Delegate,At-Large,Republican,Jack Johnson (Trump),490
Crockett,Delegate,At-Large,Republican,Jake Adams (Uncommitted),64
Crockett,Delegate,At-Large,Republican,Jane Chedester (Trump),347
Crockett,Delegate,At-Large,Republican,Jennifer Inman Little (Trump),237
Crockett,Delegate,At-Large,Republican,Julia Atchley-Pace (Trump),391
Crockett,Delegate,At-Large,Republican,Larry M. Sims (Uncommitted),20
Crockett,Delegate,At-Large,Republican,Lei Ann Gleaves (Trump),363
Crockett,Delegate,At-Large,Republican,Leslie D. Mills (Uncommitted),17
Crockett,Delegate,At-Large,Republican,Linda D. Buckles (Trump),419
Crockett,Delegate,At-Large,Republican,Mae Beavers (Trump),398
Crockett,Delegate,At-Large,Republican,Marsha Yessick (Trump),128
Crockett,Delegate,At-Large,Republican,Mary Littleton (Trump),266
Crockett,Delegate,At-Large,Republican,Nazar Sharanshi (Trump),73
Crockett,Delegate,At-Large,Republican,Patricia D. Mills (Uncommitted),11
Crockett,Delegate,At-Large,Republican,Paulina Albornoz Madaris (Trump),99
Crockett,Delegate,At-Large,Republican,Peggy Larkin (Trump),364
Crockett,Delegate,At-Large,Republican,Raul Lopez (Trump),150
Crockett,Delegate,At-Large,Republican,Rick Tillis (Trump),233
Crockett,Delegate,At-Large,Republican,Robin T. Smith (Trump),246
Crockett,Delegate,At-Large,Republican,Shannon Haynes (Trump),697
Crockett,Delegate,At-Large,Republican,Steve Allbrooks (Trump),496
Crockett,Delegate,At-Large,Republican,Susan Richardson Williams (Trump),227
Crockett,Delegate,At-Large,Republican,Wanda J. Cooke (Uncommitted),27
Crockett,Delegate,At-Large,Republican,William Lamberth (Trump),423
Crockett,Presidential Preference,NA,Democratic,Amy Klobuchar,10
Crockett,Presidential Preference,NA,Democratic,Andrew Yang,2
Crockett,Presidential Preference,NA,Democratic,Bernie Sanders,83
Crockett,Presidential Preference,NA,Democratic,Cory Booker,3
Crockett,Presidential Preference,NA,Democratic,Deval Patrick,1
Crockett,Presidential Preference,NA,Democratic,Elizabeth Warren,17
Crockett,Presidential Preference,NA,Democratic,John K. Delaney,1
Crockett,Presidential Preference,NA,Democratic,Joseph R. Biden,348
Crockett,Presidential Preference,NA,Democratic,Julián Castro,1
Crockett,Presidential Preference,NA,Democratic,Marianne Williamson,0
Crockett,Presidential Preference,NA,Democratic,Michael Bennet,5
Crockett,Presidential Preference,NA,Democratic,Michael R. Bloomberg,74
Crockett,Presidential Preference,NA,Democratic,Pete Buttigieg,12
Crockett,Presidential Preference,NA,Democratic,Tom Steyer,5
Crockett,Presidential Preference,NA,Democratic,Tulsi Gabbard,5
Crockett,Presidential Preference,NA,Democratic,Uncommitted,1
Crockett,Presidential Preference,NA,Republican,Bill Weld,2
Crockett,Presidential Preference,NA,Republican,Donald J. Trump,1109
Crockett,Presidential Preference,NA,Republican,Joe Walsh,7
Crockett,Presidential Preference,NA,Republican,Uncommitted,8
Cumberland,Criminal Court Judge Part II,13 (unexpired term),Democratic,No Candidate Qualified,0
Cumberland,Criminal Court Judge Part II,13 (unexpired term),Republican,Wesley Bray,6094
Cumberland,Delegate,6,Republican,Craig Evan Clark (Trump),3103
Cumberland,Delegate,6,Republican,Frank Gorgie (Uncommitted),314
Cumberland,Delegate,6,Republican,Holly S. Jones (Trump),3719
Cumberland,Delegate,6,Republican,Joseph Elder (Uncommitted),422
Cumberland,Delegate,6,Republican,Mary Ann Parks (Trump),1988
Cumberland,Delegate,6,Republican,Paul Bailey (Trump),6109
Cumberland,Delegate,6,Republican,Ryan Williams (Trump),2519
Cumberland,Delegate,6,Republican,Terri R. Nicholson (Trump),1831
Cumberland,Delegate,At-Large,Republican,Amy Jones (Trump),4630
Cumberland,Delegate,At-Large,Republican,Beth Scott Clayton (Trump),4634
Cumberland,Delegate,At-Large,Republican,Chad Blackburn (Trump),5012
Cumberland,Delegate,At-Large,Republican,Dalton Temple (Trump),2608
Cumberland,Delegate,At-Large,Republican,Douglas M. Englen (Trump),4188
Cumberland,Delegate,At-Large,Republican,Jack Johnson (Trump),5150
Cumberland,Delegate,At-Large,Republican,Jake Adams (Uncommitted),754
Cumberland,Delegate,At-Large,Republican,Jane Chedester (Trump),3814
Cumberland,Delegate,At-Large,Republican,Jennifer Inman Little (Trump),2894
Cumberland,Delegate,At-Large,Republican,Julia Atchley-Pace (Trump),4209
Cumberland,Delegate,At-Large,Republican,Larry M. Sims (Uncommitted),317
Cumberland,Delegate,At-Large,Republican,Lei Ann Gleaves (Trump),3811
Cumberland,Delegate,At-Large,Republican,Leslie D. Mills (Uncommitted),273
Cumberland,Delegate,At-Large,Republican,Linda D. Buckles (Trump),4414
Cumberland,Delegate,At-Large,Republican,Mae Beavers (Trump),4082
Cumberland,Delegate,At-Large,Republican,Marsha Yessick (Trump),1898
Cumberland,Delegate,At-Large,Republican,Mary Littleton (Trump),2975
Cumberland,Delegate,At-Large,Republican,Nazar Sharanshi (Trump),1168
Cumberland,Delegate,At-Large,Republican,Patricia D. Mills (Uncommitted),259
Cumberland,Delegate,At-Large,Republican,Paulina Albornoz Madaris (Trump),1547
Cumberland,Delegate,At-Large,Republican,Peggy Larkin (Trump),4281
Cumberland,Delegate,At-Large,Republican,Raul Lopez (Trump),1947
Cumberland,Delegate,At-Large,Republican,Rick Tillis (Trump),2781
Cumberland,Delegate,At-Large,Republican,Robin T. Smith (Trump),2972
Cumberland,Delegate,At-Large,Republican,Shannon Haynes (Trump),4421
Cumberland,Delegate,At-Large,Republican,Steve Allbrooks (Trump),4751
Cumberland,Delegate,At-Large,Republican,Susan Richardson Williams (Trump),2531
Cumberland,Delegate,At-Large,Republican,Wanda J. Cooke (Uncommitted),273
Cumberland,Delegate,At-Large,Republican,William Lamberth (Trump),4431
Cumberland,Presidential Preference,NA,Democratic,Amy Klobuchar,134
Cumberland,Presidential Preference,NA,Democratic,Andrew Yang,8
Cumberland,Presidential Preference,NA,Democratic,Bernie Sanders,614
Cumberland,Presidential Preference,NA,Democratic,Cory Booker,6
Cumberland,Presidential Preference,NA,Democratic,Deval Patrick,0
Cumberland,Presidential Preference,NA,Democratic,Elizabeth Warren,258
Cumberland,Presidential Preference,NA,Democratic,John K. Delaney,2
Cumberland,Presidential Preference,NA,Democratic,Joseph R. Biden,1423
Cumberland,Presidential Preference,NA,Democratic,Julián Castro,2
Cumberland,Presidential Preference,NA,Democratic,Marianne Williamson,5
Cumberland,Presidential Preference,NA,Democratic,Michael Bennet,13
Cumberland,Presidential Preference,NA,Democratic,Michael R. Bloomberg,643
Cumberland,Presidential Preference,NA,Democratic,Pete Buttigieg,132
Cumberland,Presidential Preference,NA,Democratic,Tom Steyer,23
Cumberland,Presidential Preference,NA,Democratic,Tulsi Gabbard,10
Cumberland,Presidential Preference,NA,Democratic,Uncommitted,16
Cumberland,Presidential Preference,NA,Republican,Bill Weld,55
Cumberland,Presidential Preference,NA,Republican,Donald J. Trump,8923
Cumberland,Presidential Preference,NA,Republican,Joe Walsh,124
Cumberland,Presidential Preference,NA,Republican,Uncommitted,162
Davidson,Chancellor Part I,20 (unexpired term),Democratic,Patricia Head Moskal,70749
Davidson,Criminal Court Judge Division 4,20 (unexpired term),Democratic,Jennifer Smith,44194
Davidson,Criminal Court Judge Division 4,20 (unexpired term),Democratic,Tillman W. Payne III,31104
Davidson,Delegate,5,Republican,Beverly B. Knight-Hurley (Trump),3235
Davidson,Delegate,5,Republican,Bob Schwartz (Uncommitted),668
Davidson,Delegate,5,Republican,Connie Hunter (Trump),4289
Davidson,Delegate,5,Republican,Karen Moore (Uncommitted),856
Davidson,Delegate,5,Republican,Larry Hillis (Trump),6803
Davidson,Delegate,5,Republican,Lee A. Beaman (Trump),10485
Davidson,Delegate,5,Republican,Michelle Foreman (Trump),6997
Davidson,Delegate,5,Republican,Ron McDow (Trump),3584
Davidson,Delegate,5,Republican,"Roy James Renfro, III (Weld)",517
Davidson,Delegate,5,Republican,Stacy Ries Snyder (Uncommitted),651
Davidson,Delegate,At-Large,Republican,Amy Jones (Trump),9447
Davidson,Delegate,At-Large,Republican,Beth Scott Clayton (Trump),9569
Davidson,Delegate,At-Large,Republican,Chad Blackburn (Trump),10829
Davidson,Delegate,At-Large,Republican,Dalton Temple (Trump),3223
Davidson,Delegate,At-Large,Republican,Douglas M. Englen (Trump),8557
Davidson,Delegate,At-Large,Republican,Jack Johnson (Trump),10088
Davidson,Delegate,At-Large,Republican,Jake Adams (Uncommitted),894
Davidson,Delegate,At-Large,Republican,Jane Chedester (Trump),8644
Davidson,Delegate,At-Large,Republican,Jennifer Inman Little (Trump),4435
Davidson,Delegate,At-Large,Republican,Julia Atchley-Pace (Trump),8508
Davidson,Delegate,At-Large,Republican,Larry M. Sims (Uncommitted),747
Davidson,Delegate,At-Large,Republican,Lei Ann Gleaves (Trump),8881
Davidson,Delegate,At-Large,Republican,Leslie D. Mills (Uncommitted),751
Davidson,Delegate,At-Large,Republican,Linda D. Buckles (Trump),9493
Davidson,Delegate,At-Large,Republican,Mae Beavers (Trump),10936
Davidson,Delegate,At-Large,Republican,Marsha Yessick (Trump),2313
Davidson,Delegate,At-Large,Republican,Mary Littleton (Trump),4628
Davidson,Delegate,At-Large,Republican,Nazar Sharanshi (Trump),1646
Davidson,Delegate,At-Large,Republican,Patricia D. Mills (Uncommitted),715
Davidson,Delegate,At-Large,Republican,Paulina Albornoz Madaris (Trump),1938
Davidson,Delegate,At-Large,Republican,Peggy Larkin (Trump),7338
Davidson,Delegate,At-Large,Republican,Raul Lopez (Trump),3288
Davidson,Delegate,At-Large,Republican,Rick Tillis (Trump),4065
Davidson,Delegate,At-Large,Republican,Robin T. Smith (Trump),4871
Davidson,Delegate,At-Large,Republican,Shannon Haynes (Trump),9049
Davidson,Delegate,At-Large,Republican,Steve Allbrooks (Trump),10865
Davidson,Delegate,At-Large,Republican,Susan Richardson Williams (Trump),3632
Davidson,Delegate,At-Large,Republican,Wanda J. Cooke (Uncommitted),768
Davidson,Delegate,At-Large,Republican,William Lamberth (Trump),9683
Davidson,Presidential Preference,NA,Democratic,Amy Klobuchar,1795
Davidson,Presidential Preference,NA,Democratic,Andrew Yang,261
Davidson,Presidential Preference,NA,Democratic,Bernie Sanders,25730
Davidson,Presidential Preference,NA,Democratic,Cory Booker,118
Davidson,Presidential Preference,NA,Democratic,Deval Patrick,19
Davidson,Presidential Preference,NA,Democratic,Elizabeth Warren,14813
Davidson,Presidential Preference,NA,Democratic,John K. Delaney,24
Davidson,Presidential Preference,NA,Democratic,Joseph R. Biden,32882
Davidson,Presidential Preference,NA,Democratic,Julián Castro,38
Davidson,Presidential Preference,NA,Democratic,Marianne Williamson,248
Davidson,Presidential Preference,NA,Democratic,Michael Bennet,136
Davidson,Presidential Preference,NA,Democratic,Michael R. Bloomberg,12164
Davidson,Presidential Preference,NA,Democratic,Pete Buttigieg,3797
Davidson,Presidential Preference,NA,Democratic,Tom Steyer,331
Davidson,Presidential Preference,NA,Democratic,Tulsi Gabbard,378
Davidson,Presidential Preference,NA,Democratic,Uncommitted,285
Davidson,Presidential Preference,NA,Republican,Bill Weld,358
Davidson,Presidential Preference,NA,Republican,Donald J. Trump,15375
Davidson,Presidential Preference,NA,Republican,Joe Walsh,205
Davidson,Presidential Preference,NA,Republican,Uncommitted,252
DeKalb,Criminal Court Judge Part II,13 (unexpired term),Democratic,No Candidate Qualified,0
DeKalb,Criminal Court Judge Part II,13 (unexpired term),Republican,Wesley Bray,666
Decatur,Chancellor,24 (unexpired term),Democratic,No Candidate Qualified,0
Decatur,Delegate,7,Republican,Angie McClanahan (Trump),111
Decatur,Delegate,7,Republican,Cheryl D. Brown (Trump),286
Decatur,Delegate,7,Republican,Jim Looney (Trump),178
Decatur,Delegate,7,Republican,Kenneth Eaton (Uncommitted),14
Decatur,Delegate,7,Republican,Lisa Gary (Uncommitted),11
Decatur,Delegate,7,Republican,Patricia F. Allen (Trump),335
Decatur,Delegate,7,Republican,Rob Tiede (Uncommitted),5
Decatur,Delegate,7,Republican,Sharon Massey Grimes (Trump),273
Decatur,Delegate,7,Republican,Steven Giorno (Uncommitted),4
Decatur,Delegate,7,Republican,Todd Benne Jr. (Uncommitted),12
Decatur,Delegate,7,Republican,Tony Roberts (Trump),190
Decatur,Delegate,At-Large,Republican,Amy Jones (Trump),410
Decatur,Delegate,At-Large,Republican,Beth Scott Clayton (Trump),414
Decatur,Delegate,At-Large,Republican,Chad Blackburn (Trump),478
Decatur,Delegate,At-Large,Republican,Dalton Temple (Trump),124
Decatur,Delegate,At-Large,Republican,Douglas M. Englen (Trump),399
Decatur,Delegate,At-Large,Republican,Jack Johnson (Trump),436
Decatur,Delegate,At-Large,Republican,Jake Adams (Uncommitted),25
Decatur,Delegate,At-Large,Republican,Jane Chedester (Trump),401
Decatur,Delegate,At-Large,Republican,Jennifer Inman Little (Trump),139
Decatur,Delegate,At-Large,Republican,Julia Atchley-Pace (Trump),396
Decatur,Delegate,At-Large,Republican,Larry M. Sims (Uncommitted),26
Decatur,Delegate,At-Large,Republican,Lei Ann Gleaves (Trump),377
Decatur,Delegate,At-Large,Republican,Leslie D. Mills (Uncommitted),13
Decatur,Delegate,At-Large,Republican,Linda D. Buckles (Trump),413
Decatur,Delegate,At-Large,Republican,Mae Beavers (Trump),435
Decatur,Delegate,At-Large,Republican,Marsha Yessick (Trump),76
Decatur,Delegate,At-Large,Republican,Mary Littleton (Trump),127
Decatur,Delegate,At-Large,Republican,Nazar Sharanshi (Trump),26
Decatur,Delegate,At-Large,Republican,Patricia D. Mills (Uncommitted),17
Decatur,Delegate,At-Large,Republican,Paulina Albornoz Madaris (Trump),47
Decatur,Delegate,At-Large,Republican,Peggy Larkin (Trump),290
Decatur,Delegate,At-Large,Republican,Raul Lopez (Trump),75
Decatur,Delegate,At-Large,Republican,Rick Tillis (Trump),128
Decatur,Delegate,At-Large,Republican,Robin T. Smith (Trump),163
Decatur,Delegate,At-Large,Republican,Shannon Haynes (Trump),406
Decatur,Delegate,At-Large,Republican,Steve Allbrooks (Trump),482
Decatur,Delegate,At-Large,Republican,Susan Richardson Williams (Trump),118
Decatur,Delegate,At-Large,Republican,Wanda J. Cooke (Uncommitted),14
Decatur,Delegate,At-Large,Republican,William Lamberth (Trump),406
Decatur,Presidential Preference,NA,Democratic,Amy Klobuchar,8
Decatur,Presidential Preference,NA,Democratic,Andrew Yang,0
Decatur,Presidential Preference,NA,Democratic,Bernie Sanders,89
Decatur,Presidential Preference,NA,Democratic,Cory Booker,4
Decatur,Presidential Preference,NA,Democratic,Deval Patrick,0
Decatur,Presidential Preference,NA,Democratic,Elizabeth Warren,19
Decatur,Presidential Preference,NA,Democratic,John K. Delaney,2
Decatur,Presidential Preference,NA,Democratic,Joseph R. Biden,231
Decatur,Presidential Preference,NA,Democratic,Julián Castro,1
Decatur,Presidential Preference,NA,Democratic,Marianne Williamson,0
Decatur,Presidential Preference,NA,Democratic,Michael Bennet,2
Decatur,Presidential Preference,NA,Democratic,Michael R. Bloomberg,91
Decatur,Presidential Preference,NA,Democratic,Pete Buttigieg,9
Decatur,Presidential Preference,NA,Democratic,Tom Steyer,4
Decatur,Presidential Preference,NA,Democratic,Tulsi Gabbard,7
Decatur,Presidential Preference,NA,Democratic,Uncommitted,5
Decatur,Presidential Preference,NA,Republican,Bill Weld,6
Decatur,Presidential Preference,NA,Republican,Donald J. Trump,738
Decatur,Presidential Preference,NA,Republican,Joe Walsh,3
Decatur,Presidential Preference,NA,Republican,Uncommitted,4
Dekalb,Delegate,6,Republican,Craig Evan Clark (Trump),364
Dekalb,Delegate,6,Republican,Frank Gorgie (Uncommitted),19
Dekalb,Delegate,6,Republican,Holly S. Jones (Trump),347
Dekalb,Delegate,6,Republican,Joseph Elder (Uncommitted),24
Dekalb,Delegate,6,Republican,Mary Ann Parks (Trump),201
Dekalb,Delegate,6,Republican,Paul Bailey (Trump),501
Dekalb,Delegate,6,Republican,Ryan Williams (Trump),294
Dekalb,Delegate,6,Republican,Terri R. Nicholson (Trump),227
Dekalb,Delegate,At-Large,Republican,Amy Jones (Trump),480
Dekalb,Delegate,At-Large,Republican,Beth Scott Clayton (Trump),484
Dekalb,Delegate,At-Large,Republican,Chad Blackburn (Trump),550
Dekalb,Delegate,At-Large,Republican,Dalton Temple (Trump),230
Dekalb,Delegate,At-Large,Republican,Douglas M. Englen (Trump),430
Dekalb,Delegate,At-Large,Republican,Jack Johnson (Trump),551
Dekalb,Delegate,At-Large,Republican,Jake Adams (Uncommitted),78
Dekalb,Delegate,At-Large,Republican,Jane Chedester (Trump),387
Dekalb,Delegate,At-Large,Republican,Jennifer Inman Little (Trump),285
Dekalb,Delegate,At-Large,Republican,Julia Atchley-Pace (Trump),384
Dekalb,Delegate,At-Large,Republican,Larry M. Sims (Uncommitted),27
Dekalb,Delegate,At-Large,Republican,Lei Ann Gleaves (Trump),423
Dekalb,Delegate,At-Large,Republican,Leslie D. Mills (Uncommitted),18
Dekalb,Delegate,At-Large,Republican,Linda D. Buckles (Trump),448
Dekalb,Delegate,At-Large,Republican,Mae Beavers (Trump),649
Dekalb,Delegate,At-Large,Republican,Marsha Yessick (Trump),158
Dekalb,Delegate,At-Large,Republican,Mary Littleton (Trump),267
Dekalb,Delegate,At-Large,Republican,Nazar Sharanshi (Trump),102
Dekalb,Delegate,At-Large,Republican,Patricia D. Mills (Uncommitted),19
Dekalb,Delegate,At-Large,Republican,Paulina Albornoz Madaris (Trump),123
Dekalb,Delegate,At-Large,Republican,Peggy Larkin (Trump),398
Dekalb,Delegate,At-Large,Republican,Raul Lopez (Trump),173
Dekalb,Delegate,At-Large,Republican,Rick Tillis (Trump),281
Dekalb,Delegate,At-Large,Republican,Robin T. Smith (Trump),293
Dekalb,Delegate,At-Large,Republican,Shannon Haynes (Trump),478
Dekalb,Delegate,At-Large,Republican,Steve Allbrooks (Trump),511
Dekalb,Delegate,At-Large,Republican,Susan Richardson Williams (Trump),252
Dekalb,Delegate,At-Large,Republican,Wanda J. Cooke (Uncommitted),19
Dekalb,Delegate,At-Large,Republican,William Lamberth (Trump),480
Dekalb,Presidential Preference,NA,Democratic,Amy Klobuchar,27
Dekalb,Presidential Preference,NA,Democratic,Andrew Yang,1
Dekalb,Presidential Preference,NA,Democratic,Bernie Sanders,203
Dekalb,Presidential Preference,NA,Democratic,Cory Booker,3
Dekalb,Presidential Preference,NA,Democratic,Deval Patrick,0
Dekalb,Presidential Preference,NA,Democratic,Elizabeth Warren,74
Dekalb,Presidential Preference,NA,Democratic,John K. Delaney,2
Dekalb,Presidential Preference,NA,Democratic,Joseph R. Biden,447
Dekalb,Presidential Preference,NA,Democratic,Julián Castro,1
Dekalb,Presidential Preference,NA,Democratic,Marianne Williamson,2
Dekalb,Presidential Preference,NA,Democratic,Michael Bennet,4
Dekalb,Presidential Preference,NA,Democratic,Michael R. Bloomberg,165
Dekalb,Presidential Preference,NA,Democratic,Pete Buttigieg,24
Dekalb,Presidential Preference,NA,Democratic,Tom Steyer,12
Dekalb,Presidential Preference,NA,Democratic,Tulsi Gabbard,6
Dekalb,Presidential Preference,NA,Democratic,Uncommitted,3
Dekalb,Presidential Preference,NA,Republican,Bill Weld,3
Dekalb,Presidential Preference,NA,Republican,Donald J. Trump,939
Dekalb,Presidential Preference,NA,Republican,Joe Walsh,2
Dekalb,Presidential Preference,NA,Republican,Uncommitted,8
Dickson,Delegate,5,Republican,Beverly B. Knight-Hurley (Trump),367
Dickson,Delegate,5,Republican,Bob Schwartz (Uncommitted),47
Dickson,Delegate,5,Republican,Connie Hunter (Trump),525
Dickson,Delegate,5,Republican,Karen Moore (Uncommitted),60
Dickson,Delegate,5,Republican,Larry Hillis (Trump),1236
Dickson,Delegate,5,Republican,Lee A. Beaman (Trump),1345
Dickson,Delegate,5,Republican,Michelle Foreman (Trump),1024
Dickson,Delegate,5,Republican,Ron McDow (Trump),392
Dickson,Delegate,5,Republican,"Roy James Renfro, III (Weld)",57
Dickson,Delegate,5,Republican,Stacy Ries Snyder (Uncommitted),43
Dickson,Delegate,At-Large,Republican,Amy Jones (Trump),1273
Dickson,Delegate,At-Large,Republican,Beth Scott Clayton (Trump),1392
Dickson,Delegate,At-Large,Republican,Chad Blackburn (Trump),1573
Dickson,Delegate,At-Large,Republican,Dalton Temple (Trump),453
Dickson,Delegate,At-Large,Republican,Douglas M. Englen (Trump),1325
Dickson,Delegate,At-Large,Republican,Jack Johnson (Trump),1403
Dickson,Delegate,At-Large,Republican,Jake Adams (Uncommitted),86
Dickson,Delegate,At-Large,Republican,Jane Chedester (Trump),1210
Dickson,Delegate,At-Large,Republican,Jennifer Inman Little (Trump),665
Dickson,Delegate,At-Large,Republican,Julia Atchley-Pace (Trump),1327
Dickson,Delegate,At-Large,Republican,Larry M. Sims (Uncommitted),49
Dickson,Delegate,At-Large,Republican,Lei Ann Gleaves (Trump),1222
Dickson,Delegate,At-Large,Republican,Leslie D. Mills (Uncommitted),53
Dickson,Delegate,At-Large,Republican,Linda D. Buckles (Trump),1340
Dickson,Delegate,At-Large,Republican,Mae Beavers (Trump),1546
Dickson,Delegate,At-Large,Republican,Marsha Yessick (Trump),305
Dickson,Delegate,At-Large,Republican,Mary Littleton (Trump),1340
Dickson,Delegate,At-Large,Republican,Nazar Sharanshi (Trump),155
Dickson,Delegate,At-Large,Republican,Patricia D. Mills (Uncommitted),40
Dickson,Delegate,At-Large,Republican,Paulina Albornoz Madaris (Trump),225
Dickson,Delegate,At-Large,Republican,Peggy Larkin (Trump),1076
Dickson,Delegate,At-Large,Republican,Raul Lopez (Trump),364
Dickson,Delegate,At-Large,Republican,Rick Tillis (Trump),598
Dickson,Delegate,At-Large,Republican,Robin T. Smith (Trump),626
Dickson,Delegate,At-Large,Republican,Shannon Haynes (Trump),1323
Dickson,Delegate,At-Large,Republican,Steve Allbrooks (Trump),1754
Dickson,Delegate,At-Large,Republican,Susan Richardson Williams (Trump),516
Dickson,Delegate,At-Large,Republican,Wanda J. Cooke (Uncommitted),50
Dickson,Delegate,At-Large,Republican,William Lamberth (Trump),1156
Dickson,Presidential Preference,NA,Democratic,Amy Klobuchar,52
Dickson,Presidential Preference,NA,Democratic,Andrew Yang,10
Dickson,Presidential Preference,NA,Democratic,Bernie Sanders,703
Dickson,Presidential Preference,NA,Democratic,Cory Booker,2
Dickson,Presidential Preference,NA,Democratic,Deval Patrick,1
Dickson,Presidential Preference,NA,Democratic,Elizabeth Warren,262
Dickson,Presidential Preference,NA,Democratic,John K. Delaney,3
Dickson,Presidential Preference,NA,Democratic,Joseph R. Biden,1195
Dickson,Presidential Preference,NA,Democratic,Julián Castro,1
Dickson,Presidential Preference,NA,Democratic,Marianne Williamson,1
Dickson,Presidential Preference,NA,Democratic,Michael Bennet,10
Dickson,Presidential Preference,NA,Democratic,Michael R. Bloomberg,462
Dickson,Presidential Preference,NA,Democratic,Pete Buttigieg,81
Dickson,Presidential Preference,NA,Democratic,Tom Steyer,16
Dickson,Presidential Preference,NA,Democratic,Tulsi Gabbard,12
Dickson,Presidential Preference,NA,Democratic,Uncommitted,9
Dickson,Presidential Preference,NA,Republican,Bill Weld,10
Dickson,Presidential Preference,NA,Republican,Donald J. Trump,2444
Dickson,Presidential Preference,NA,Republican,Joe Walsh,18
Dickson,Presidential Preference,NA,Republican,Uncommitted,20
Dyer,Delegate,8,Republican,Charlotte Kelley (Trump),654
Dyer,Delegate,8,Republican,Elaine S. Ervin (Trump),833
Dyer,Delegate,8,Republican,Jim Craig (Uncommitted),76
Dyer,Delegate,8,Republican,Joseph S. Coury (Trump),830
Dyer,Delegate,8,Republican,Nichole Bufalino (Trump),666
Dyer,Delegate,8,Republican,Steve Maroney (Trump),786
Dyer,Delegate,At-Large,Republican,Amy Jones (Trump),1050
Dyer,Delegate,At-Large,Republican,Beth Scott Clayton (Trump),946
Dyer,Delegate,At-Large,Republican,Chad Blackburn (Trump),1113
Dyer,Delegate,At-Large,Republican,Dalton Temple (Trump),517
Dyer,Delegate,At-Large,Republican,Douglas M. Englen (Trump),867
Dyer,Delegate,At-Large,Republican,Jack Johnson (Trump),1100
Dyer,Delegate,At-Large,Republican,Jake Adams (Uncommitted),140
Dyer,Delegate,At-Large,Republican,Jane Chedester (Trump),777
Dyer,Delegate,At-Large,Republican,Jennifer Inman Little (Trump),553
Dyer,Delegate,At-Large,Republican,Julia Atchley-Pace (Trump),826
Dyer,Delegate,At-Large,Republican,Larry M. Sims (Uncommitted),52
Dyer,Delegate,At-Large,Republican,Lei Ann Gleaves (Trump),792
Dyer,Delegate,At-Large,Republican,Leslie D. Mills (Uncommitted),48
Dyer,Delegate,At-Large,Republican,Linda D. Buckles (Trump),857
Dyer,Delegate,At-Large,Republican,Mae Beavers (Trump),824
Dyer,Delegate,At-Large,Republican,Marsha Yessick (Trump),324
Dyer,Delegate,At-Large,Republican,Mary Littleton (Trump),589
Dyer,Delegate,At-Large,Republican,Nazar Sharanshi (Trump),195
Dyer,Delegate,At-Large,Republican,Patricia D. Mills (Uncommitted),48
Dyer,Delegate,At-Large,Republican,Paulina Albornoz Madaris (Trump),244
Dyer,Delegate,At-Large,Republican,Peggy Larkin (Trump),855
Dyer,Delegate,At-Large,Republican,Raul Lopez (Trump),363
Dyer,Delegate,At-Large,Republican,Rick Tillis (Trump),576
Dyer,Delegate,At-Large,Republican,Robin T. Smith (Trump),589
Dyer,Delegate,At-Large,Republican,Shannon Haynes (Trump),969
Dyer,Delegate,At-Large,Republican,Steve Allbrooks (Trump),1071
Dyer,Delegate,At-Large,Republican,Susan Richardson Williams (Trump),512
Dyer,Delegate,At-Large,Republican,Wanda J. Cooke (Uncommitted),48
Dyer,Delegate,At-Large,Republican,William Lamberth (Trump),941
Dyer,Presidential Preference,NA,Democratic,Amy Klobuchar,18
Dyer,Presidential Preference,NA,Democratic,Andrew Yang,1
Dyer,Presidential Preference,NA,Democratic,Bernie Sanders,231
Dyer,Presidential Preference,NA,Democratic,Cory Booker,1
Dyer,Presidential Preference,NA,Democratic,Deval Patrick,4
Dyer,Presidential Preference,NA,Democratic,Elizabeth Warren,65
Dyer,Presidential Preference,NA,Democratic,John K. Delaney,1
Dyer,Presidential Preference,NA,Democratic,Joseph R. Biden,647
Dyer,Presidential Preference,NA,Democratic,Julián Castro,0
Dyer,Presidential Preference,NA,Democratic,Marianne Williamson,0
Dyer,Presidential Preference,NA,Democratic,Michael Bennet,6
Dyer,Presidential Preference,NA,Democratic,Michael R. Bloomberg,259
Dyer,Presidential Preference,NA,Democratic,Pete Buttigieg,22
Dyer,Presidential Preference,NA,Democratic,Tom Steyer,3
Dyer,Presidential Preference,NA,Democratic,Tulsi Gabbard,3
Dyer,Presidential Preference,NA,Democratic,Uncommitted,2
Dyer,Presidential Preference,NA,Republican,Bill Weld,10
Dyer,Presidential Preference,NA,Republican,Donald J. Trump,2092
Dyer,Presidential Preference,NA,Republican,Joe Walsh,9
Dyer,Presidential Preference,NA,Republican,Uncommitted,5
Fayette,Delegate,8,Republican,Charlotte Kelley (Trump),1230
Fayette,Delegate,8,Republican,Elaine S. Ervin (Trump),1521
Fayette,Delegate,8,Republican,Jim Craig (Uncommitted),148
Fayette,Delegate,8,Republican,Joseph S. Coury (Trump),1505
Fayette,Delegate,8,Republican,Nichole Bufalino (Trump),1344
Fayette,Delegate,8,Republican,Steve Maroney (Trump),1375
Fayette,Delegate,At-Large,Republican,Amy Jones (Trump),1835
Fayette,Delegate,At-Large,Republican,Beth Scott Clayton (Trump),1795
Fayette,Delegate,At-Large,Republican,Chad Blackburn (Trump),2053
Fayette,Delegate,At-Large,Republican,Dalton Temple (Trump),910
Fayette,Delegate,At-Large,Republican,Douglas M. Englen (Trump),1613
Fayette,Delegate,At-Large,Republican,Jack Johnson (Trump),2003
Fayette,Delegate,At-Large,Republican,Jake Adams (Uncommitted),219
Fayette,Delegate,At-Large,Republican,Jane Chedester (Trump),1505
Fayette,Delegate,At-Large,Republican,Jennifer Inman Little (Trump),1101
Fayette,Delegate,At-Large,Republican,Julia Atchley-Pace (Trump),1581
Fayette,Delegate,At-Large,Republican,Larry M. Sims (Uncommitted),62
Fayette,Delegate,At-Large,Republican,Lei Ann Gleaves (Trump),1546
Fayette,Delegate,At-Large,Republican,Leslie D. Mills (Uncommitted),64
Fayette,Delegate,At-Large,Republican,Linda D. Buckles (Trump),1722
Fayette,Delegate,At-Large,Republican,Mae Beavers (Trump),1544
Fayette,Delegate,At-Large,Republican,Marsha Yessick (Trump),685
Fayette,Delegate,At-Large,Republican,Mary Littleton (Trump),1132
Fayette,Delegate,At-Large,Republican,Nazar Sharanshi (Trump),414
Fayette,Delegate,At-Large,Republican,Patricia D. Mills (Uncommitted),53
Fayette,Delegate,At-Large,Republican,Paulina Albornoz Madaris (Trump),504
Fayette,Delegate,At-Large,Republican,Peggy Larkin (Trump),1774
Fayette,Delegate,At-Large,Republican,Raul Lopez (Trump),720
Fayette,Delegate,At-Large,Republican,Rick Tillis (Trump),1077
Fayette,Delegate,At-Large,Republican,Robin T. Smith (Trump),1115
Fayette,Delegate,At-Large,Republican,Shannon Haynes (Trump),1738
Fayette,Delegate,At-Large,Republican,Steve Allbrooks (Trump),2011
Fayette,Delegate,At-Large,Republican,Susan Richardson Williams (Trump),903
Fayette,Delegate,At-Large,Republican,Wanda J. Cooke (Uncommitted),64
Fayette,Delegate,At-Large,Republican,William Lamberth (Trump),1830
Fayette,Presidential Preference,NA,Democratic,Amy Klobuchar,29
Fayette,Presidential Preference,NA,Democratic,Andrew Yang,2
Fayette,Presidential Preference,NA,Democratic,Bernie Sanders,427
Fayette,Presidential Preference,NA,Democratic,Cory Booker,12
Fayette,Presidential Preference,NA,Democratic,Deval Patrick,3
Fayette,Presidential Preference,NA,Democratic,Elizabeth Warren,119
Fayette,Presidential Preference,NA,Democratic,John K. Delaney,10
Fayette,Presidential Preference,NA,Democratic,Joseph R. Biden,1534
Fayette,Presidential Preference,NA,Democratic,Julián Castro,4
Fayette,Presidential Preference,NA,Democratic,Marianne Williamson,2
Fayette,Presidential Preference,NA,Democratic,Michael Bennet,17
Fayette,Presidential Preference,NA,Democratic,Michael R. Bloomberg,482
Fayette,Presidential Preference,NA,Democratic,Pete Buttigieg,49
Fayette,Presidential Preference,NA,Democratic,Tom Steyer,6
Fayette,Presidential Preference,NA,Democratic,Tulsi Gabbard,13
Fayette,Presidential Preference,NA,Democratic,Uncommitted,2
Fayette,Presidential Preference,NA,Republican,Bill Weld,17
Fayette,Presidential Preference,NA,Republican,Donald J. Trump,3089
Fayette,Presidential Preference,NA,Republican,Joe Walsh,15
Fayette,Presidential Preference,NA,Republican,Uncommitted,12
Fentress,Delegate,6,Republican,Craig Evan Clark (Trump),567
Fentress,Delegate,6,Republican,Frank Gorgie (Uncommitted),38
Fentress,Delegate,6,Republican,Holly S. Jones (Trump),605
Fentress,Delegate,6,Republican,Joseph Elder (Uncommitted),60
Fentress,Delegate,6,Republican,Mary Ann Parks (Trump),294
Fentress,Delegate,6,Republican,Paul Bailey (Trump),801
Fentress,Delegate,6,Republican,Ryan Williams (Trump),481
Fentress,Delegate,6,Republican,Terri R. Nicholson (Trump),293
Fentress,Delegate,At-Large,Republican,Amy Jones (Trump),761
Fentress,Delegate,At-Large,Republican,Beth Scott Clayton (Trump),732
Fentress,Delegate,At-Large,Republican,Chad Blackburn (Trump),827
Fentress,Delegate,At-Large,Republican,Dalton Temple (Trump),411
Fentress,Delegate,At-Large,Republican,Douglas M. Englen (Trump),693
Fentress,Delegate,At-Large,Republican,Jack Johnson (Trump),869
Fentress,Delegate,At-Large,Republican,Jake Adams (Uncommitted),118
Fentress,Delegate,At-Large,Republican,Jane Chedester (Trump),601
Fentress,Delegate,At-Large,Republican,Jennifer Inman Little (Trump),448
Fentress,Delegate,At-Large,Republican,Julia Atchley-Pace (Trump),637
Fentress,Delegate,At-Large,Republican,Larry M. Sims (Uncommitted),31
Fentress,Delegate,At-Large,Republican,Lei Ann Gleaves (Trump),598
Fentress,Delegate,At-Large,Republican,Leslie D. Mills (Uncommitted),35
Fentress,Delegate,At-Large,Republican,Linda D. Buckles (Trump),713
Fentress,Delegate,At-Large,Republican,Mae Beavers (Trump),707
Fentress,Delegate,At-Large,Republican,Marsha Yessick (Trump),274
Fentress,Delegate,At-Large,Republican,Mary Littleton (Trump),451
Fentress,Delegate,At-Large,Republican,Nazar Sharanshi (Trump),159
Fentress,Delegate,At-Large,Republican,Patricia D. Mills (Uncommitted),29
Fentress,Delegate,At-Large,Republican,Paulina Albornoz Madaris (Trump),209
Fentress,Delegate,At-Large,Republican,Peggy Larkin (Trump),659
Fentress,Delegate,At-Large,Republican,Raul Lopez (Trump),278
Fentress,Delegate,At-Large,Republican,Rick Tillis (Trump),428
Fentress,Delegate,At-Large,Republican,Robin T. Smith (Trump),478
Fentress,Delegate,At-Large,Republican,Shannon Haynes (Trump),703
Fentress,Delegate,At-Large,Republican,Steve Allbrooks (Trump),816
Fentress,Delegate,At-Large,Republican,Susan Richardson Williams (Trump),386
Fentress,Delegate,At-Large,Republican,Wanda J. Cooke (Uncommitted),30
Fentress,Delegate,At-Large,Republican,William Lamberth (Trump),740
Fentress,Presidential Preference,NA,Democratic,Amy Klobuchar,17
Fentress,Presidential Preference,NA,Democratic,Andrew Yang,1
Fentress,Presidential Preference,NA,Democratic,Bernie Sanders,130
Fentress,Presidential Preference,NA,Democratic,Cory Booker,2
Fentress,Presidential Preference,NA,Democratic,Deval Patrick,0
Fentress,Presidential Preference,NA,Democratic,Elizabeth Warren,50
Fentress,Presidential Preference,NA,Democratic,John K. Delaney,1
Fentress,Presidential Preference,NA,Democratic,Joseph R. Biden,226
Fentress,Presidential Preference,NA,Democratic,Julián Castro,0
Fentress,Presidential Preference,NA,Democratic,Marianne Williamson,0
Fentress,Presidential Preference,NA,Democratic,Michael Bennet,2
Fentress,Presidential Preference,NA,Democratic,Michael R. Bloomberg,105
Fentress,Presidential Preference,NA,Democratic,Pete Buttigieg,16
Fentress,Presidential Preference,NA,Democratic,Tom Steyer,5
Fentress,Presidential Preference,NA,Democratic,Tulsi Gabbard,3
Fentress,Presidential Preference,NA,Democratic,Uncommitted,3
Fentress,Presidential Preference,NA,Republican,Bill Weld,7
Fentress,Presidential Preference,NA,Republican,Donald J. Trump,1446
Fentress,Presidential Preference,NA,Republican,Joe Walsh,7
Fentress,Presidential Preference,NA,Republican,Uncommitted,4
Franklin,Delegate,4,Republican,Adam Coggin (Trump),1532
Franklin,Delegate,4,Republican,James A. Sandman (Trump),995
Franklin,Delegate,4,Republican,Joanne Thompson Skidmore (Uncommitted),352
Franklin,Delegate,4,Republican,John S. Stanbery (Trump),915
Franklin,Delegate,4,Republican,Lynne Davis (Trump),1656
Franklin,Delegate,4,Republican,Mary Ann Tackett (Trump),944
Franklin,Delegate,4,Republican,Shane Reeves (Trump),1516
Franklin,Delegate,At-Large,Republican,Amy Jones (Trump),2010
Franklin,Delegate,At-Large,Republican,Beth Scott Clayton (Trump),1952
Franklin,Delegate,At-Large,Republican,Chad Blackburn (Trump),2131
Franklin,Delegate,At-Large,Republican,Dalton Temple (Trump),1127
Franklin,Delegate,At-Large,Republican,Douglas M. Englen (Trump),1694
Franklin,Delegate,At-Large,Republican,Jack Johnson (Trump),2142
Franklin,Delegate,At-Large,Republican,Jake Adams (Uncommitted),309
Franklin,Delegate,At-Large,Republican,Jane Chedester (Trump),1542
Franklin,Delegate,At-Large,Republican,Jennifer Inman Little (Trump),1233
Franklin,Delegate,At-Large,Republican,Julia Atchley-Pace (Trump),1592
Franklin,Delegate,At-Large,Republican,Larry M. Sims (Uncommitted),122
Franklin,Delegate,At-Large,Republican,Lei Ann Gleaves (Trump),1582
Franklin,Delegate,At-Large,Republican,Leslie D. Mills (Uncommitted),107
Franklin,Delegate,At-Large,Republican,Linda D. Buckles (Trump),1816
Franklin,Delegate,At-Large,Republican,Mae Beavers (Trump),1925
Franklin,Delegate,At-Large,Republican,Marsha Yessick (Trump),768
Franklin,Delegate,At-Large,Republican,Mary Littleton (Trump),1196
Franklin,Delegate,At-Large,Republican,Nazar Sharanshi (Trump),489
Franklin,Delegate,At-Large,Republican,Patricia D. Mills (Uncommitted),109
Franklin,Delegate,At-Large,Republican,Paulina Albornoz Madaris (Trump),600
Franklin,Delegate,At-Large,Republican,Peggy Larkin (Trump),1791
Franklin,Delegate,At-Large,Republican,Raul Lopez (Trump),822
Franklin,Delegate,At-Large,Republican,Rick Tillis (Trump),1205
Franklin,Delegate,At-Large,Republican,Robin T. Smith (Trump),1159
Franklin,Delegate,At-Large,Republican,Shannon Haynes (Trump),1896
Franklin,Delegate,At-Large,Republican,Steve Allbrooks (Trump),2039
Franklin,Delegate,At-Large,Republican,Susan Richardson Williams (Trump),1058
Franklin,Delegate,At-Large,Republican,Wanda J. Cooke (Uncommitted),115
Franklin,Delegate,At-Large,Republican,William Lamberth (Trump),1873
Franklin,Presidential Preference,NA,Democratic,Amy Klobuchar,63
Franklin,Presidential Preference,NA,Democratic,Andrew Yang,2
Franklin,Presidential Preference,NA,Democratic,Bernie Sanders,587
Franklin,Presidential Preference,NA,Democratic,Cory Booker,8
Franklin,Presidential Preference,NA,Democratic,Deval Patrick,2
Franklin,Presidential Preference,NA,Democratic,Elizabeth Warren,326
Franklin,Presidential Preference,NA,Democratic,John K. Delaney,0
Franklin,Presidential Preference,NA,Democratic,Joseph R. Biden,1225
Franklin,Presidential Preference,NA,Democratic,Julián Castro,4
Franklin,Presidential Preference,NA,Democratic,Marianne Williamson,2
Franklin,Presidential Preference,NA,Democratic,Michael Bennet,6
Franklin,Presidential Preference,NA,Democratic,Michael R. Bloomberg,435
Franklin,Presidential Preference,NA,Democratic,Pete Buttigieg,70
Franklin,Presidential Preference,NA,Democratic,Tom Steyer,14
Franklin,Presidential Preference,NA,Democratic,Tulsi Gabbard,7
Franklin,Presidential Preference,NA,Democratic,Uncommitted,9
Franklin,Presidential Preference,NA,Republican,Bill Weld,28
Franklin,Presidential Preference,NA,Republican,Donald J. Trump,3770
Franklin,Presidential Preference,NA,Republican,Joe Walsh,43
Franklin,Presidential Preference,NA,Republican,Uncommitted,51
Gibson,Public Defender,28 (unexpired term),Democratic,No Candidate Qualified,0
Gibson,Delegate,8,Republican,Charlotte Kelley (Trump),917
Gibson,Delegate,8,Republican,Elaine S. Ervin (Trump),1142
Gibson,Delegate,8,Republican,Jim Craig (Uncommitted),99
Gibson,Delegate,8,Republican,Joseph S. Coury (Trump),1121
Gibson,Delegate,8,Republican,Nichole Bufalino (Trump),967
Gibson,Delegate,8,Republican,Steve Maroney (Trump),1131
Gibson,Delegate,At-Large,Republican,Amy Jones (Trump),1447
Gibson,Delegate,At-Large,Republican,Beth Scott Clayton (Trump),1376
Gibson,Delegate,At-Large,Republican,Chad Blackburn (Trump),1554
Gibson,Delegate,At-Large,Republican,Dalton Temple (Trump),694
Gibson,Delegate,At-Large,Republican,Douglas M. Englen (Trump),1229
Gibson,Delegate,At-Large,Republican,Jack Johnson (Trump),1577
Gibson,Delegate,At-Large,Republican,Jake Adams (Uncommitted),156
Gibson,Delegate,At-Large,Republican,Jane Chedester (Trump),1131
Gibson,Delegate,At-Large,Republican,Jennifer Inman Little (Trump),883
Gibson,Delegate,At-Large,Republican,Julia Atchley-Pace (Trump),1207
Gibson,Delegate,At-Large,Republican,Larry M. Sims (Uncommitted),58
Gibson,Delegate,At-Large,Republican,Lei Ann Gleaves (Trump),1162
Gibson,Delegate,At-Large,Republican,Leslie D. Mills (Uncommitted),47
Gibson,Delegate,At-Large,Republican,Linda D. Buckles (Trump),1272
Gibson,Delegate,At-Large,Republican,Mae Beavers (Trump),1199
Gibson,Delegate,At-Large,Republican,Marsha Yessick (Trump),438
Gibson,Delegate,At-Large,Republican,Mary Littleton (Trump),845
Gibson,Delegate,At-Large,Republican,Nazar Sharanshi (Trump),282
Gibson,Delegate,At-Large,Republican,Patricia D. Mills (Uncommitted),39
Gibson,Delegate,At-Large,Republican,Paulina Albornoz Madaris (Trump),382
Gibson,Delegate,At-Large,Republican,Peggy Larkin (Trump),1245
Gibson,Delegate,At-Large,Republican,Raul Lopez (Trump),505
Gibson,Delegate,At-Large,Republican,Rick Tillis (Trump),767
Gibson,Delegate,At-Large,Republican,Robin T. Smith (Trump),836
Gibson,Delegate,At-Large,Republican,Shannon Haynes (Trump),1342
Gibson,Delegate,At-Large,Republican,Steve Allbrooks (Trump),1554
Gibson,Delegate,At-Large,Republican,Susan Richardson Williams (Trump),698
Gibson,Delegate,At-Large,Republican,Wanda J. Cooke (Uncommitted),66
Gibson,Delegate,At-Large,Republican,William Lamberth (Trump),1323
Gibson,Presidential Preference,NA,Democratic,Amy Klobuchar,26
Gibson,Presidential Preference,NA,Democratic,Andrew Yang,4
Gibson,Presidential Preference,NA,Democratic,Bernie Sanders,356
Gibson,Presidential Preference,NA,Democratic,Cory Booker,8
Gibson,Presidential Preference,NA,Democratic,Deval Patrick,1
Gibson,Presidential Preference,NA,Democratic,Elizabeth Warren,82
Gibson,Presidential Preference,NA,Democratic,John K. Delaney,3
Gibson,Presidential Preference,NA,Democratic,Joseph R. Biden,1272
Gibson,Presidential Preference,NA,Democratic,Julián Castro,1
Gibson,Presidential Preference,NA,Democratic,Marianne Williamson,1
Gibson,Presidential Preference,NA,Democratic,Michael Bennet,18
Gibson,Presidential Preference,NA,Democratic,Michael R. Bloomberg,292
Gibson,Presidential Preference,NA,Democratic,Pete Buttigieg,48
Gibson,Presidential Preference,NA,Democratic,Tom Steyer,13
Gibson,Presidential Preference,NA,Democratic,Tulsi Gabbard,11
Gibson,Presidential Preference,NA,Democratic,Uncommitted,4
Gibson,Presidential Preference,NA,Republican,Bill Weld,8
Gibson,Presidential Preference,NA,Republican,Donald J. Trump,2745
Gibson,Presidential Preference,NA,Republican,Joe Walsh,11
Gibson,Presidential Preference,NA,Republican,Uncommitted,14
Giles,Circuit Court Judge Part III,22 (unexpired term),Republican,Chris Sockwell,1304
Giles,Public Defender,22 (unexpired term),Republican,Travis Jones,1302
Giles,Delegate,7,Republican,Angie McClanahan (Trump),356
Giles,Delegate,7,Republican,Cheryl D. Brown (Trump),732
Giles,Delegate,7,Republican,Jim Looney (Trump),670
Giles,Delegate,7,Republican,Kenneth Eaton (Uncommitted),53
Giles,Delegate,7,Republican,Lisa Gary (Uncommitted),65
Giles,Delegate,7,Republican,Patricia F. Allen (Trump),840
Giles,Delegate,7,Republican,Rob Tiede (Uncommitted),12
Giles,Delegate,7,Republican,Sharon Massey Grimes (Trump),708
Giles,Delegate,7,Republican,Steven Giorno (Uncommitted),25
Giles,Delegate,7,Republican,Todd Benne Jr. (Uncommitted),48
Giles,Delegate,7,Republican,Tony Roberts (Trump),597
Giles,Delegate,At-Large,Republican,Amy Jones (Trump),1049
Giles,Delegate,At-Large,Republican,Beth Scott Clayton (Trump),1028
Giles,Delegate,At-Large,Republican,Chad Blackburn (Trump),1183
Giles,Delegate,At-Large,Republican,Dalton Temple (Trump),533
Giles,Delegate,At-Large,Republican,Douglas M. Englen (Trump),951
Giles,Delegate,At-Large,Republican,Jack Johnson (Trump),1150
Giles,Delegate,At-Large,Republican,Jake Adams (Uncommitted),153
Giles,Delegate,At-Large,Republican,Jane Chedester (Trump),818
Giles,Delegate,At-Large,Republican,Jennifer Inman Little (Trump),574
Giles,Delegate,At-Large,Republican,Julia Atchley-Pace (Trump),900
Giles,Delegate,At-Large,Republican,Larry M. Sims (Uncommitted),41
Giles,Delegate,At-Large,Republican,Lei Ann Gleaves (Trump),874
Giles,Delegate,At-Large,Republican,Leslie D. Mills (Uncommitted),27
Giles,Delegate,At-Large,Republican,Linda D. Buckles (Trump),951
Giles,Delegate,At-Large,Republican,Mae Beavers (Trump),1025
Giles,Delegate,At-Large,Republican,Marsha Yessick (Trump),393
Giles,Delegate,At-Large,Republican,Mary Littleton (Trump),648
Giles,Delegate,At-Large,Republican,Nazar Sharanshi (Trump),209
Giles,Delegate,At-Large,Republican,Patricia D. Mills (Uncommitted),22
Giles,Delegate,At-Large,Republican,Paulina Albornoz Madaris (Trump),238
Giles,Delegate,At-Large,Republican,Peggy Larkin (Trump),888
Giles,Delegate,At-Large,Republican,Raul Lopez (Trump),376
Giles,Delegate,At-Large,Republican,Rick Tillis (Trump),644
Giles,Delegate,At-Large,Republican,Robin T. Smith (Trump),644
Giles,Delegate,At-Large,Republican,Shannon Haynes (Trump),1007
Giles,Delegate,At-Large,Republican,Steve Allbrooks (Trump),1191
Giles,Delegate,At-Large,Republican,Susan Richardson Williams (Trump),572
Giles,Delegate,At-Large,Republican,Wanda J. Cooke (Uncommitted),41
Giles,Delegate,At-Large,Republican,William Lamberth (Trump),993
Giles,Presidential Preference,NA,Democratic,Amy Klobuchar,23
Giles,Presidential Preference,NA,Democratic,Andrew Yang,0
Giles,Presidential Preference,NA,Democratic,Bernie Sanders,287
Giles,Presidential Preference,NA,Democratic,Cory Booker,5
Giles,Presidential Preference,NA,Democratic,Deval Patrick,0
Giles,Presidential Preference,NA,Democratic,Elizabeth Warren,77
Giles,Presidential Preference,NA,Democratic,John K. Delaney,3
Giles,Presidential Preference,NA,Democratic,Joseph R. Biden,729
Giles,Presidential Preference,NA,Democratic,Julián Castro,0
Giles,Presidential Preference,NA,Democratic,Marianne Williamson,0
Giles,Presidential Preference,NA,Democratic,Michael Bennet,4
Giles,Presidential Preference,NA,Democratic,Michael R. Bloomberg,250
Giles,Presidential Preference,NA,Democratic,Pete Buttigieg,43
Giles,Presidential Preference,NA,Democratic,Tom Steyer,6
Giles,Presidential Preference,NA,Democratic,Tulsi Gabbard,4
Giles,Presidential Preference,NA,Democratic,Uncommitted,2
Giles,Presidential Preference,NA,Republican,Bill Weld,7
Giles,Presidential Preference,NA,Republican,Donald J. Trump,1854
Giles,Presidential Preference,NA,Republican,Joe Walsh,9
Giles,Presidential Preference,NA,Republican,Uncommitted,4
Grainger,Delegate,2,Republican,Cindy Hatcher (Trump),519
Grainger,Delegate,2,Republican,David A Bishop (Trump),1439
Grainger,Delegate,2,Republican,James Corcoran (Trump),933
Grainger,Delegate,2,Republican,Kathy Adams (Uncommitted),160
Grainger,Delegate,2,Republican,Robin Flenniken (Trump),660
Grainger,Delegate,2,Republican,Scott David Smith (Trump),685
Grainger,Delegate,At-Large,Republican,Amy Jones (Trump),1115
Grainger,Delegate,At-Large,Republican,Beth Scott Clayton (Trump),1196
Grainger,Delegate,At-Large,Republican,Chad Blackburn (Trump),1416
Grainger,Delegate,At-Large,Republican,Dalton Temple (Trump),403
Grainger,Delegate,At-Large,Republican,Douglas M. Englen (Trump),1150
Grainger,Delegate,At-Large,Republican,Jack Johnson (Trump),1198
Grainger,Delegate,At-Large,Republican,Jake Adams (Uncommitted),166
Grainger,Delegate,At-Large,Republican,Jane Chedester (Trump),1076
Grainger,Delegate,At-Large,Republican,Jennifer Inman Little (Trump),666
Grainger,Delegate,At-Large,Republican,Julia Atchley-Pace (Trump),1250
Grainger,Delegate,At-Large,Republican,Larry M. Sims (Uncommitted),78
Grainger,Delegate,At-Large,Republican,Lei Ann Gleaves (Trump),990
Grainger,Delegate,At-Large,Republican,Leslie D. Mills (Uncommitted),129
Grainger,Delegate,At-Large,Republican,Linda D. Buckles (Trump),1199
Grainger,Delegate,At-Large,Republican,Mae Beavers (Trump),1222
Grainger,Delegate,At-Large,Republican,Marsha Yessick (Trump),208
Grainger,Delegate,At-Large,Republican,Mary Littleton (Trump),459
Grainger,Delegate,At-Large,Republican,Nazar Sharanshi (Trump),112
Grainger,Delegate,At-Large,Republican,Patricia D. Mills (Uncommitted),157
Grainger,Delegate,At-Large,Republican,Paulina Albornoz Madaris (Trump),161
Grainger,Delegate,At-Large,Republican,Peggy Larkin (Trump),903
Grainger,Delegate,At-Large,Republican,Raul Lopez (Trump),239
Grainger,Delegate,At-Large,Republican,Rick Tillis (Trump),462
Grainger,Delegate,At-Large,Republican,Robin T. Smith (Trump),500
Grainger,Delegate,At-Large,Republican,Shannon Haynes (Trump),1133
Grainger,Delegate,At-Large,Republican,Steve Allbrooks (Trump),1375
Grainger,Delegate,At-Large,Republican,Susan Richardson Williams (Trump),408
Grainger,Delegate,At-Large,Republican,Wanda J. Cooke (Uncommitted),72
Grainger,Delegate,At-Large,Republican,William Lamberth (Trump),1003
Grainger,Presidential Preference,NA,Democratic,Amy Klobuchar,13
Grainger,Presidential Preference,NA,Democratic,Andrew Yang,0
Grainger,Presidential Preference,NA,Democratic,Bernie Sanders,157
Grainger,Presidential Preference,NA,Democratic,Cory Booker,0
Grainger,Presidential Preference,NA,Democratic,Deval Patrick,0
Grainger,Presidential Preference,NA,Democratic,Elizabeth Warren,48
Grainger,Presidential Preference,NA,Democratic,John K. Delaney,1
Grainger,Presidential Preference,NA,Democratic,Joseph R. Biden,268
Grainger,Presidential Preference,NA,Democratic,Julián Castro,0
Grainger,Presidential Preference,NA,Democratic,Marianne Williamson,1
Grainger,Presidential Preference,NA,Democratic,Michael Bennet,3
Grainger,Presidential Preference,NA,Democratic,Michael R. Bloomberg,117
Grainger,Presidential Preference,NA,Democratic,Pete Buttigieg,19
Grainger,Presidential Preference,NA,Democratic,Tom Steyer,6
Grainger,Presidential Preference,NA,Democratic,Tulsi Gabbard,3
Grainger,Presidential Preference,NA,Democratic,Uncommitted,7
Grainger,Presidential Preference,NA,Republican,Bill Weld,25
Grainger,Presidential Preference,NA,Republican,Donald J. Trump,2495
Grainger,Presidential Preference,NA,Republican,Joe Walsh,38
Grainger,Presidential Preference,NA,Republican,Uncommitted,16
Greene,Delegate,1,Republican,Anita Hodges Taylor (Trump),979
Greene,Delegate,1,Republican,Barbara Jo Zimmerman (Trump),876
Greene,Delegate,1,Republican,Kelly Wolfe (Trump),1260
Greene,Delegate,1,Republican,Kent Harris (Uncommitted),222
Greene,Delegate,1,Republican,Linda Osborne (Uncommitted),158
Greene,Delegate,1,Republican,Matthew Johnson (Trump),2519
Greene,Delegate,1,Republican,Paul Chapman (Trump),2797
Greene,Delegate,1,Republican,Todd Fowler (Trump),2217
Greene,Delegate,At-Large,Republican,Amy Jones (Trump),3020
Greene,Delegate,At-Large,Republican,Beth Scott Clayton (Trump),2910
Greene,Delegate,At-Large,Republican,Chad Blackburn (Trump),3490
Greene,Delegate,At-Large,Republican,Dalton Temple (Trump),911
Greene,Delegate,At-Large,Republican,Douglas M. Englen (Trump),2854
Greene,Delegate,At-Large,Republican,Jack Johnson (Trump),3117
Greene,Delegate,At-Large,Republican,Jake Adams (Uncommitted),230
Greene,Delegate,At-Large,Republican,Jane Chedester (Trump),2843
Greene,Delegate,At-Large,Republican,Jennifer Inman Little (Trump),973
Greene,Delegate,At-Large,Republican,Julia Atchley-Pace (Trump),2902
Greene,Delegate,At-Large,Republican,Larry M. Sims (Uncommitted),194
Greene,Delegate,At-Large,Republican,Lei Ann Gleaves (Trump),2604
Greene,Delegate,At-Large,Republican,Leslie D. Mills (Uncommitted),149
Greene,Delegate,At-Large,Republican,Linda D. Buckles (Trump),3133
Greene,Delegate,At-Large,Republican,Mae Beavers (Trump),2940
Greene,Delegate,At-Large,Republican,Marsha Yessick (Trump),550
Greene,Delegate,At-Large,Republican,Mary Littleton (Trump),1002
Greene,Delegate,At-Large,Republican,Nazar Sharanshi (Trump),267
Greene,Delegate,At-Large,Republican,Patricia D. Mills (Uncommitted),209
Greene,Delegate,At-Large,Republican,Paulina Albornoz Madaris (Trump),419
Greene,Delegate,At-Large,Republican,Peggy Larkin (Trump),2225
Greene,Delegate,At-Large,Republican,Raul Lopez (Trump),604
Greene,Delegate,At-Large,Republican,Rick Tillis (Trump),1026
Greene,Delegate,At-Large,Republican,Robin T. Smith (Trump),1272
Greene,Delegate,At-Large,Republican,Shannon Haynes (Trump),2885
Greene,Delegate,At-Large,Republican,Steve Allbrooks (Trump),3431
Greene,Delegate,At-Large,Republican,Susan Richardson Williams (Trump),872
Greene,Delegate,At-Large,Republican,Wanda J. Cooke (Uncommitted),164
Greene,Delegate,At-Large,Republican,William Lamberth (Trump),2871
Greene,Presidential Preference,NA,Democratic,Amy Klobuchar,70
Greene,Presidential Preference,NA,Democratic,Andrew Yang,11
Greene,Presidential Preference,NA,Democratic,Bernie Sanders,700
Greene,Presidential Preference,NA,Democratic,Cory Booker,3
Greene,Presidential Preference,NA,Democratic,Deval Patrick,2
Greene,Presidential Preference,NA,Democratic,Elizabeth Warren,241
Greene,Presidential Preference,NA,Democratic,John K. Delaney,1
Greene,Presidential Preference,NA,Democratic,Joseph R. Biden,1118
Greene,Presidential Preference,NA,Democratic,Julián Castro,2
Greene,Presidential Preference,NA,Democratic,Marianne Williamson,12
Greene,Presidential Preference,NA,Democratic,Michael Bennet,7
Greene,Presidential Preference,NA,Democratic,Michael R. Bloomberg,372
Greene,Presidential Preference,NA,Democratic,Pete Buttigieg,102
Greene,Presidential Preference,NA,Democratic,Tom Steyer,26
Greene,Presidential Preference,NA,Democratic,Tulsi Gabbard,23
Greene,Presidential Preference,NA,Democratic,Uncommitted,5
Greene,Presidential Preference,NA,Republican,Bill Weld,29
Greene,Presidential Preference,NA,Republican,Donald J. Trump,5218
Greene,Presidential Preference,NA,Republican,Joe Walsh,34
Greene,Presidential Preference,NA,Republican,Uncommitted,54
Grundy,Delegate,4,Republican,Adam Coggin (Trump),482
Grundy,Delegate,4,Republican,James A. Sandman (Trump),291
Grundy,Delegate,4,Republican,Joanne Thompson Skidmore (Uncommitted),71
Grundy,Delegate,4,Republican,John S. Stanbery (Trump),288
Grundy,Delegate,4,Republican,Lynne Davis (Trump),453
Grundy,Delegate,4,Republican,Mary Ann Tackett (Trump),229
Grundy,Delegate,4,Republican,Shane Reeves (Trump),461
Grundy,Delegate,At-Large,Republican,Amy Jones (Trump),569
Grundy,Delegate,At-Large,Republican,Beth Scott Clayton (Trump),566
Grundy,Delegate,At-Large,Republican,Chad Blackburn (Trump),655
Grundy,Delegate,At-Large,Republican,Dalton Temple (Trump),297
Grundy,Delegate,At-Large,Republican,Douglas M. Englen (Trump),524
Grundy,Delegate,At-Large,Republican,Jack Johnson (Trump),656
Grundy,Delegate,At-Large,Republican,Jake Adams (Uncommitted),81
Grundy,Delegate,At-Large,Republican,Jane Chedester (Trump),455
Grundy,Delegate,At-Large,Republican,Jennifer Inman Little (Trump),293
Grundy,Delegate,At-Large,Republican,Julia Atchley-Pace (Trump),500
Grundy,Delegate,At-Large,Republican,Larry M. Sims (Uncommitted),39
Grundy,Delegate,At-Large,Republican,Lei Ann Gleaves (Trump),456
Grundy,Delegate,At-Large,Republican,Leslie D. Mills (Uncommitted),30
Grundy,Delegate,At-Large,Republican,Linda D. Buckles (Trump),533
Grundy,Delegate,At-Large,Republican,Mae Beavers (Trump),541
Grundy,Delegate,At-Large,Republican,Marsha Yessick (Trump),203
Grundy,Delegate,At-Large,Republican,Mary Littleton (Trump),329
Grundy,Delegate,At-Large,Republican,Nazar Sharanshi (Trump),113
Grundy,Delegate,At-Large,Republican,Patricia D. Mills (Uncommitted),29
Grundy,Delegate,At-Large,Republican,Paulina Albornoz Madaris (Trump),131
Grundy,Delegate,At-Large,Republican,Peggy Larkin (Trump),493
Grundy,Delegate,At-Large,Republican,Raul Lopez (Trump),177
Grundy,Delegate,At-Large,Republican,Rick Tillis (Trump),335
Grundy,Delegate,At-Large,Republican,Robin T. Smith (Trump),365
Grundy,Delegate,At-Large,Republican,Shannon Haynes (Trump),565
Grundy,Delegate,At-Large,Republican,Steve Allbrooks (Trump),642
Grundy,Delegate,At-Large,Republican,Susan Richardson Williams (Trump),295
Grundy,Delegate,At-Large,Republican,Wanda J. Cooke (Uncommitted),32
Grundy,Delegate,At-Large,Republican,William Lamberth (Trump),540
Grundy,Presidential Preference,NA,Democratic,Amy Klobuchar,8
Grundy,Presidential Preference,NA,Democratic,Andrew Yang,2
Grundy,Presidential Preference,NA,Democratic,Bernie Sanders,116
Grundy,Presidential Preference,NA,Democratic,Cory Booker,1
Grundy,Presidential Preference,NA,Democratic,Deval Patrick,1
Grundy,Presidential Preference,NA,Democratic,Elizabeth Warren,55
Grundy,Presidential Preference,NA,Democratic,John K. Delaney,3
Grundy,Presidential Preference,NA,Democratic,Joseph R. Biden,265
Grundy,Presidential Preference,NA,Democratic,Julián Castro,2
Grundy,Presidential Preference,NA,Democratic,Marianne Williamson,1
Grundy,Presidential Preference,NA,Democratic,Michael Bennet,5
Grundy,Presidential Preference,NA,Democratic,Michael R. Bloomberg,126
Grundy,Presidential Preference,NA,Democratic,Pete Buttigieg,19
Grundy,Presidential Preference,NA,Democratic,Tom Steyer,8
Grundy,Presidential Preference,NA,Democratic,Tulsi Gabbard,2
Grundy,Presidential Preference,NA,Democratic,Uncommitted,20
Grundy,Presidential Preference,NA,Republican,Bill Weld,6
Grundy,Presidential Preference,NA,Republican,Donald J. Trump,1048
Grundy,Presidential Preference,NA,Republican,Joe Walsh,3
Grundy,Presidential Preference,NA,Republican,Uncommitted,6
Hamblen,Delegate,1,Republican,Anita Hodges Taylor (Trump),1084
Hamblen,Delegate,1,Republican,Barbara Jo Zimmerman (Trump),970
Hamblen,Delegate,1,Republican,Kelly Wolfe (Trump),1248
Hamblen,Delegate,1,Republican,Kent Harris (Uncommitted),320
Hamblen,Delegate,1,Republican,Linda Osborne (Uncommitted),360
Hamblen,Delegate,1,Republican,Matthew Johnson (Trump),2398
Hamblen,Delegate,1,Republican,Paul Chapman (Trump),3044
Hamblen,Delegate,1,Republican,Todd Fowler (Trump),2278
Hamblen,Delegate,At-Large,Republican,Amy Jones (Trump),2913
Hamblen,Delegate,At-Large,Republican,Beth Scott Clayton (Trump),2836
Hamblen,Delegate,At-Large,Republican,Chad Blackburn (Trump),3250
Hamblen,Delegate,At-Large,Republican,Dalton Temple (Trump),1556
Hamblen,Delegate,At-Large,Republican,Douglas M. Englen (Trump),2624
Hamblen,Delegate,At-Large,Republican,Jack Johnson (Trump),3254
Hamblen,Delegate,At-Large,Republican,Jake Adams (Uncommitted),565
Hamblen,Delegate,At-Large,Republican,Jane Chedester (Trump),2217
Hamblen,Delegate,At-Large,Republican,Jennifer Inman Little (Trump),2147
Hamblen,Delegate,At-Large,Republican,Julia Atchley-Pace (Trump),2608
Hamblen,Delegate,At-Large,Republican,Larry M. Sims (Uncommitted),205
Hamblen,Delegate,At-Large,Republican,Lei Ann Gleaves (Trump),2309
Hamblen,Delegate,At-Large,Republican,Leslie D. Mills (Uncommitted),233
Hamblen,Delegate,At-Large,Republican,Linda D. Buckles (Trump),2605
Hamblen,Delegate,At-Large,Republican,Mae Beavers (Trump),2420
Hamblen,Delegate,At-Large,Republican,Marsha Yessick (Trump),988
Hamblen,Delegate,At-Large,Republican,Mary Littleton (Trump),1682
Hamblen,Delegate,At-Large,Republican,Nazar Sharanshi (Trump),640
Hamblen,Delegate,At-Large,Republican,Patricia D. Mills (Uncommitted),246
Hamblen,Delegate,At-Large,Republican,Paulina Albornoz Madaris (Trump),764
Hamblen,Delegate,At-Large,Republican,Peggy Larkin (Trump),2666
Hamblen,Delegate,At-Large,Republican,Raul Lopez (Trump),1123
Hamblen,Delegate,At-Large,Republican,Rick Tillis (Trump),1885
Hamblen,Delegate,At-Large,Republican,Robin T. Smith (Trump),1991
Hamblen,Delegate,At-Large,Republican,Shannon Haynes (Trump),2869
Hamblen,Delegate,At-Large,Republican,Steve Allbrooks (Trump),3088
Hamblen,Delegate,At-Large,Republican,Susan Richardson Williams (Trump),1533
Hamblen,Delegate,At-Large,Republican,Wanda J. Cooke (Uncommitted),182
Hamblen,Delegate,At-Large,Republican,William Lamberth (Trump),2613
Hamblen,Presidential Preference,NA,Democratic,Amy Klobuchar,60
Hamblen,Presidential Preference,NA,Democratic,Andrew Yang,4
Hamblen,Presidential Preference,NA,Democratic,Bernie Sanders,676
Hamblen,Presidential Preference,NA,Democratic,Cory Booker,8
Hamblen,Presidential Preference,NA,Democratic,Deval Patrick,0
Hamblen,Presidential Preference,NA,Democratic,Elizabeth Warren,144
Hamblen,Presidential Preference,NA,Democratic,John K. Delaney,7
Hamblen,Presidential Preference,NA,Democratic,Joseph R. Biden,994
Hamblen,Presidential Preference,NA,Democratic,Julián Castro,1
Hamblen,Presidential Preference,NA,Democratic,Marianne Williamson,2
Hamblen,Presidential Preference,NA,Democratic,Michael Bennet,10
Hamblen,Presidential Preference,NA,Democratic,Michael R. Bloomberg,345
Hamblen,Presidential Preference,NA,Democratic,Pete Buttigieg,72
Hamblen,Presidential Preference,NA,Democratic,Tom Steyer,6
Hamblen,Presidential Preference,NA,Democratic,Tulsi Gabbard,11
Hamblen,Presidential Preference,NA,Democratic,Uncommitted,4
Hamblen,Presidential Preference,NA,Republican,Bill Weld,33
Hamblen,Presidential Preference,NA,Republican,Donald J. Trump,5464
Hamblen,Presidential Preference,NA,Republican,Joe Walsh,77
Hamblen,Presidential Preference,NA,Republican,Uncommitted,93
Hamilton,Delegate,3,Republican,Emily G. Beaty (Trump),10413
Hamilton,Delegate,3,Republican,Fred I Underdown (Uncommitted),1008
Hamilton,Delegate,3,Republican,J. Thomas Decosimo (Trump),11918
Hamilton,Delegate,3,Republican,Ken Meyer (Trump),9697
Hamilton,Delegate,3,Republican,Liz Holiway (Trump),6255
Hamilton,Delegate,3,Republican,Nancy Otis Doyle (Weld),1124
Hamilton,Delegate,3,Republican,Randy Ellis (Trump),13620
Hamilton,Delegate,3,Republican,Sharon B. Anderson (Uncommitted),1381
Hamilton,Delegate,At-Large,Republican,Amy Jones (Trump),13274
Hamilton,Delegate,At-Large,Republican,Beth Scott Clayton (Trump),14235
Hamilton,Delegate,At-Large,Republican,Chad Blackburn (Trump),15945
Hamilton,Delegate,At-Large,Republican,Dalton Temple (Trump),7492
Hamilton,Delegate,At-Large,Republican,Douglas M. Englen (Trump),12995
Hamilton,Delegate,At-Large,Republican,Jack Johnson (Trump),15062
Hamilton,Delegate,At-Large,Republican,Jake Adams (Uncommitted),1933
Hamilton,Delegate,At-Large,Republican,Jane Chedester (Trump),11465
Hamilton,Delegate,At-Large,Republican,Jennifer Inman Little (Trump),8169
Hamilton,Delegate,At-Large,Republican,Julia Atchley-Pace (Trump),13360
Hamilton,Delegate,At-Large,Republican,Larry M. Sims (Uncommitted),1735
Hamilton,Delegate,At-Large,Republican,Lei Ann Gleaves (Trump),10991
Hamilton,Delegate,At-Large,Republican,Leslie D. Mills (Uncommitted),1544
Hamilton,Delegate,At-Large,Republican,Linda D. Buckles (Trump),14069
Hamilton,Delegate,At-Large,Republican,Mae Beavers (Trump),13645
Hamilton,Delegate,At-Large,Republican,Marsha Yessick (Trump),10809
Hamilton,Delegate,At-Large,Republican,Mary Littleton (Trump),8764
Hamilton,Delegate,At-Large,Republican,Nazar Sharanshi (Trump),3641
Hamilton,Delegate,At-Large,Republican,Patricia D. Mills (Uncommitted),1551
Hamilton,Delegate,At-Large,Republican,Paulina Albornoz Madaris (Trump),5526
Hamilton,Delegate,At-Large,Republican,Peggy Larkin (Trump),11586
Hamilton,Delegate,At-Large,Republican,Raul Lopez (Trump),6514
Hamilton,Delegate,At-Large,Republican,Rick Tillis (Trump),9905
Hamilton,Delegate,At-Large,Republican,Robin T. Smith (Trump),12574
Hamilton,Delegate,At-Large,Republican,Shannon Haynes (Trump),14000
Hamilton,Delegate,At-Large,Republican,Steve Allbrooks (Trump),16588
Hamilton,Delegate,At-Large,Republican,Susan Richardson Williams (Trump),9858
Hamilton,Delegate,At-Large,Republican,Wanda J. Cooke (Uncommitted),1671
Hamilton,Delegate,At-Large,Republican,William Lamberth (Trump),13051
Hamilton,Presidential Preference,NA,Democratic,Amy Klobuchar,624
Hamilton,Presidential Preference,NA,Democratic,Andrew Yang,78
Hamilton,Presidential Preference,NA,Democratic,Bernie Sanders,9428
Hamilton,Presidential Preference,NA,Democratic,Cory Booker,38
Hamilton,Presidential Preference,NA,Democratic,Deval Patrick,7
Hamilton,Presidential Preference,NA,Democratic,Elizabeth Warren,3640
Hamilton,Presidential Preference,NA,Democratic,John K. Delaney,7
Hamilton,Presidential Preference,NA,Democratic,Joseph R. Biden,16296
Hamilton,Presidential Preference,NA,Democratic,Julián Castro,7
Hamilton,Presidential Preference,NA,Democratic,Marianne Williamson,16
Hamilton,Presidential Preference,NA,Democratic,Michael Bennet,62
Hamilton,Presidential Preference,NA,Democratic,Michael R. Bloomberg,5556
Hamilton,Presidential Preference,NA,Democratic,Pete Buttigieg,1076
Hamilton,Presidential Preference,NA,Democratic,Tom Steyer,110
Hamilton,Presidential Preference,NA,Democratic,Tulsi Gabbard,144
Hamilton,Presidential Preference,NA,Democratic,Uncommitted,48
Hamilton,Presidential Preference,NA,Republican,Bill Weld,296
Hamilton,Presidential Preference,NA,Republican,Donald J. Trump,23661
Hamilton,Presidential Preference,NA,Republican,Joe Walsh,296
Hamilton,Presidential Preference,NA,Republican,Uncommitted,597
Hancock,Delegate,1,Republican,Anita Hodges Taylor (Trump),79
Hancock,Delegate,1,Republican,Barbara Jo Zimmerman (Trump),63
Hancock,Delegate,1,Republican,Kelly Wolfe (Trump),95
Hancock,Delegate,1,Republican,Kent Harris (Uncommitted),23
Hancock,Delegate,1,Republican,Linda Osborne (Uncommitted),16
Hancock,Delegate,1,Republican,Matthew Johnson (Trump),199
Hancock,Delegate,1,Republican,Paul Chapman (Trump),224
Hancock,Delegate,1,Republican,Todd Fowler (Trump),175
Hancock,Delegate,At-Large,Republican,Amy Jones (Trump),222
Hancock,Delegate,At-Large,Republican,Beth Scott Clayton (Trump),246
Hancock,Delegate,At-Large,Republican,Chad Blackburn (Trump),290
Hancock,Delegate,At-Large,Republican,Dalton Temple (Trump),87
Hancock,Delegate,At-Large,Republican,Douglas M. Englen (Trump),251
Hancock,Delegate,At-Large,Republican,Jack Johnson (Trump),271
Hancock,Delegate,At-Large,Republican,Jake Adams (Uncommitted),19
Hancock,Delegate,At-Large,Republican,Jane Chedester (Trump),244
Hancock,Delegate,At-Large,Republican,Jennifer Inman Little (Trump),108
Hancock,Delegate,At-Large,Republican,Julia Atchley-Pace (Trump),268
Hancock,Delegate,At-Large,Republican,Larry M. Sims (Uncommitted),15
Hancock,Delegate,At-Large,Republican,Lei Ann Gleaves (Trump),212
Hancock,Delegate,At-Large,Republican,Leslie D. Mills (Uncommitted),8
Hancock,Delegate,At-Large,Republican,Linda D. Buckles (Trump),266
Hancock,Delegate,At-Large,Republican,Mae Beavers (Trump),265
Hancock,Delegate,At-Large,Republican,Marsha Yessick (Trump),56
Hancock,Delegate,At-Large,Republican,Mary Littleton (Trump),95
Hancock,Delegate,At-Large,Republican,Nazar Sharanshi (Trump),27
Hancock,Delegate,At-Large,Republican,Patricia D. Mills (Uncommitted),11
Hancock,Delegate,At-Large,Republican,Paulina Albornoz Madaris (Trump),33
Hancock,Delegate,At-Large,Republican,Peggy Larkin (Trump),209
Hancock,Delegate,At-Large,Republican,Raul Lopez (Trump),60
Hancock,Delegate,At-Large,Republican,Rick Tillis (Trump),98
Hancock,Delegate,At-Large,Republican,Robin T. Smith (Trump),105
Hancock,Delegate,At-Large,Republican,Shannon Haynes (Trump),242
Hancock,Delegate,At-Large,Republican,Steve Allbrooks (Trump),295
Hancock,Delegate,At-Large,Republican,Susan Richardson Williams (Trump),81
Hancock,Delegate,At-Large,Republican,Wanda J. Cooke (Uncommitted),14
Hancock,Delegate,At-Large,Republican,William Lamberth (Trump),230
Hancock,Presidential Preference,NA,Democratic,Amy Klobuchar,3
Hancock,Presidential Preference,NA,Democratic,Andrew Yang,0
Hancock,Presidential Preference,NA,Democratic,Bernie Sanders,38
Hancock,Presidential Preference,NA,Democratic,Cory Booker,0
Hancock,Presidential Preference,NA,Democratic,Deval Patrick,0
Hancock,Presidential Preference,NA,Democratic,Elizabeth Warren,3
Hancock,Presidential Preference,NA,Democratic,John K. Delaney,0
Hancock,Presidential Preference,NA,Democratic,Joseph R. Biden,68
Hancock,Presidential Preference,NA,Democratic,Julián Castro,0
Hancock,Presidential Preference,NA,Democratic,Marianne Williamson,0
Hancock,Presidential Preference,NA,Democratic,Michael Bennet,1
Hancock,Presidential Preference,NA,Democratic,Michael R. Bloomberg,27
Hancock,Presidential Preference,NA,Democratic,Pete Buttigieg,5
Hancock,Presidential Preference,NA,Democratic,Tom Steyer,0
Hancock,Presidential Preference,NA,Democratic,Tulsi Gabbard,1
Hancock,Presidential Preference,NA,Democratic,Uncommitted,0
Hancock,Presidential Preference,NA,Republican,Bill Weld,5
Hancock,Presidential Preference,NA,Republican,Donald J. Trump,546
Hancock,Presidential Preference,NA,Republican,Joe Walsh,4
Hancock,Presidential Preference,NA,Republican,Uncommitted,7
Hardeman,Delegate,7,Republican,Angie McClanahan (Trump),143
Hardeman,Delegate,7,Republican,Cheryl D. Brown (Trump),353
Hardeman,Delegate,7,Republican,Jim Looney (Trump),218
Hardeman,Delegate,7,Republican,Kenneth Eaton (Uncommitted),21
Hardeman,Delegate,7,Republican,Lisa Gary (Uncommitted),21
Hardeman,Delegate,7,Republican,Patricia F. Allen (Trump),420
Hardeman,Delegate,7,Republican,Rob Tiede (Uncommitted),6
Hardeman,Delegate,7,Republican,Sharon Massey Grimes (Trump),381
Hardeman,Delegate,7,Republican,Steven Giorno (Uncommitted),8
Hardeman,Delegate,7,Republican,Todd Benne Jr. (Uncommitted),18
Hardeman,Delegate,7,Republican,Tony Roberts (Trump),223
Hardeman,Delegate,At-Large,Republican,Amy Jones (Trump),547
Hardeman,Delegate,At-Large,Republican,Beth Scott Clayton (Trump),590
Hardeman,Delegate,At-Large,Republican,Chad Blackburn (Trump),673
Hardeman,Delegate,At-Large,Republican,Dalton Temple (Trump),157
Hardeman,Delegate,At-Large,Republican,Douglas M. Englen (Trump),551
Hardeman,Delegate,At-Large,Republican,Jack Johnson (Trump),580
Hardeman,Delegate,At-Large,Republican,Jake Adams (Uncommitted),41
Hardeman,Delegate,At-Large,Republican,Jane Chedester (Trump),534
Hardeman,Delegate,At-Large,Republican,Jennifer Inman Little (Trump),252
Hardeman,Delegate,At-Large,Republican,Julia Atchley-Pace (Trump),569
Hardeman,Delegate,At-Large,Republican,Larry M. Sims (Uncommitted),15
Hardeman,Delegate,At-Large,Republican,Lei Ann Gleaves (Trump),507
Hardeman,Delegate,At-Large,Republican,Leslie D. Mills (Uncommitted),19
Hardeman,Delegate,At-Large,Republican,Linda D. Buckles (Trump),593
Hardeman,Delegate,At-Large,Republican,Mae Beavers (Trump),592
Hardeman,Delegate,At-Large,Republican,Marsha Yessick (Trump),82
Hardeman,Delegate,At-Large,Republican,Mary Littleton (Trump),207
Hardeman,Delegate,At-Large,Republican,Nazar Sharanshi (Trump),36
Hardeman,Delegate,At-Large,Republican,Patricia D. Mills (Uncommitted),22
Hardeman,Delegate,At-Large,Republican,Paulina Albornoz Madaris (Trump),67
Hardeman,Delegate,At-Large,Republican,Peggy Larkin (Trump),456
Hardeman,Delegate,At-Large,Republican,Raul Lopez (Trump),115
Hardeman,Delegate,At-Large,Republican,Rick Tillis (Trump),194
Hardeman,Delegate,At-Large,Republican,Robin T. Smith (Trump),214
Hardeman,Delegate,At-Large,Republican,Shannon Haynes (Trump),555
Hardeman,Delegate,At-Large,Republican,Steve Allbrooks (Trump),649
Hardeman,Delegate,At-Large,Republican,Susan Richardson Williams (Trump),176
Hardeman,Delegate,At-Large,Republican,Wanda J. Cooke (Uncommitted),26
Hardeman,Delegate,At-Large,Republican,William Lamberth (Trump),540
Hardeman,Presidential Preference,NA,Democratic,Amy Klobuchar,10
Hardeman,Presidential Preference,NA,Democratic,Andrew Yang,4
Hardeman,Presidential Preference,NA,Democratic,Bernie Sanders,202
Hardeman,Presidential Preference,NA,Democratic,Cory Booker,3
Hardeman,Presidential Preference,NA,Democratic,Deval Patrick,1
Hardeman,Presidential Preference,NA,Democratic,Elizabeth Warren,44
Hardeman,Presidential Preference,NA,Democratic,John K. Delaney,4
Hardeman,Presidential Preference,NA,Democratic,Joseph R. Biden,1103
Hardeman,Presidential Preference,NA,Democratic,Julián Castro,0
Hardeman,Presidential Preference,NA,Democratic,Marianne Williamson,6
Hardeman,Presidential Preference,NA,Democratic,Michael Bennet,26
Hardeman,Presidential Preference,NA,Democratic,Michael R. Bloomberg,342
Hardeman,Presidential Preference,NA,Democratic,Pete Buttigieg,13
Hardeman,Presidential Preference,NA,Democratic,Tom Steyer,9
Hardeman,Presidential Preference,NA,Democratic,Tulsi Gabbard,4
Hardeman,Presidential Preference,NA,Democratic,Uncommitted,9
Hardeman,Presidential Preference,NA,Republican,Bill Weld,5
Hardeman,Presidential Preference,NA,Republican,Donald J. Trump,974
Hardeman,Presidential Preference,NA,Republican,Joe Walsh,4
Hardeman,Presidential Preference,NA,Republican,Uncommitted,3
Hardin,Chancellor,24 (unexpired term),Democratic,No Candidate Qualified,0
Hardin,Delegate,7,Republican,Angie McClanahan (Trump),322
Hardin,Delegate,7,Republican,Cheryl D. Brown (Trump),679
Hardin,Delegate,7,Republican,Jim Looney (Trump),428
Hardin,Delegate,7,Republican,Kenneth Eaton (Uncommitted),39
Hardin,Delegate,7,Republican,Lisa Gary (Uncommitted),50
Hardin,Delegate,7,Republican,Patricia F. Allen (Trump),851
Hardin,Delegate,7,Republican,Rob Tiede (Uncommitted),16
Hardin,Delegate,7,Republican,Sharon Massey Grimes (Trump),697
Hardin,Delegate,7,Republican,Steven Giorno (Uncommitted),19
Hardin,Delegate,7,Republican,Todd Benne Jr. (Uncommitted),26
Hardin,Delegate,7,Republican,Tony Roberts (Trump),547
Hardin,Delegate,At-Large,Republican,Amy Jones (Trump),1031
Hardin,Delegate,At-Large,Republican,Beth Scott Clayton (Trump),977
Hardin,Delegate,At-Large,Republican,Chad Blackburn (Trump),1235
Hardin,Delegate,At-Large,Republican,Dalton Temple (Trump),308
Hardin,Delegate,At-Large,Republican,Douglas M. Englen (Trump),925
Hardin,Delegate,At-Large,Republican,Jack Johnson (Trump),1037
Hardin,Delegate,At-Large,Republican,Jake Adams (Uncommitted),67
Hardin,Delegate,At-Large,Republican,Jane Chedester (Trump),917
Hardin,Delegate,At-Large,Republican,Jennifer Inman Little (Trump),362
Hardin,Delegate,At-Large,Republican,Julia Atchley-Pace (Trump),947
Hardin,Delegate,At-Large,Republican,Larry M. Sims (Uncommitted),45
Hardin,Delegate,At-Large,Republican,Lei Ann Gleaves (Trump),869
Hardin,Delegate,At-Large,Republican,Leslie D. Mills (Uncommitted),49
Hardin,Delegate,At-Large,Republican,Linda D. Buckles (Trump),979
Hardin,Delegate,At-Large,Republican,Mae Beavers (Trump),988
Hardin,Delegate,At-Large,Republican,Marsha Yessick (Trump),180
Hardin,Delegate,At-Large,Republican,Mary Littleton (Trump),344
Hardin,Delegate,At-Large,Republican,Nazar Sharanshi (Trump),87
Hardin,Delegate,At-Large,Republican,Patricia D. Mills (Uncommitted),51
Hardin,Delegate,At-Large,Republican,Paulina Albornoz Madaris (Trump),143
Hardin,Delegate,At-Large,Republican,Peggy Larkin (Trump),702
Hardin,Delegate,At-Large,Republican,Raul Lopez (Trump),181
Hardin,Delegate,At-Large,Republican,Rick Tillis (Trump),344
Hardin,Delegate,At-Large,Republican,Robin T. Smith (Trump),555
Hardin,Delegate,At-Large,Republican,Shannon Haynes (Trump),963
Hardin,Delegate,At-Large,Republican,Steve Allbrooks (Trump),1156
Hardin,Delegate,At-Large,Republican,Susan Richardson Williams (Trump),343
Hardin,Delegate,At-Large,Republican,Wanda J. Cooke (Uncommitted),50
Hardin,Delegate,At-Large,Republican,William Lamberth (Trump),987
Hardin,Presidential Preference,NA,Democratic,Amy Klobuchar,22
Hardin,Presidential Preference,NA,Democratic,Andrew Yang,4
Hardin,Presidential Preference,NA,Democratic,Bernie Sanders,153
Hardin,Presidential Preference,NA,Democratic,Cory Booker,2
Hardin,Presidential Preference,NA,Democratic,Deval Patrick,0
Hardin,Presidential Preference,NA,Democratic,Elizabeth Warren,45
Hardin,Presidential Preference,NA,Democratic,John K. Delaney,0
Hardin,Presidential Preference,NA,Democratic,Joseph R. Biden,520
Hardin,Presidential Preference,NA,Democratic,Julián Castro,0
Hardin,Presidential Preference,NA,Democratic,Marianne Williamson,1
Hardin,Presidential Preference,NA,Democratic,Michael Bennet,1
Hardin,Presidential Preference,NA,Democratic,Michael R. Bloomberg,107
Hardin,Presidential Preference,NA,Democratic,Pete Buttigieg,19
Hardin,Presidential Preference,NA,Democratic,Tom Steyer,9
Hardin,Presidential Preference,NA,Democratic,Tulsi Gabbard,5
Hardin,Presidential Preference,NA,Democratic,Uncommitted,4
Hardin,Presidential Preference,NA,Republican,Bill Weld,12
Hardin,Presidential Preference,NA,Republican,Donald J. Trump,1984
Hardin,Presidential Preference,NA,Republican,Joe Walsh,15
Hardin,Presidential Preference,NA,Republican,Uncommitted,6
Hawkins,Delegate,1,Republican,Anita Hodges Taylor (Trump),851
Hawkins,Delegate,1,Republican,Barbara Jo Zimmerman (Trump),801
Hawkins,Delegate,1,Republican,Kelly Wolfe (Trump),1006
Hawkins,Delegate,1,Republican,Kent Harris (Uncommitted),214
Hawkins,Delegate,1,Republican,Linda Osborne (Uncommitted),189
Hawkins,Delegate,1,Republican,Matthew Johnson (Trump),2088
Hawkins,Delegate,1,Republican,Paul Chapman (Trump),2230
Hawkins,Delegate,1,Republican,Todd Fowler (Trump),1871
Hawkins,Delegate,At-Large,Republican,Amy Jones (Trump),2355
Hawkins,Delegate,At-Large,Republican,Beth Scott Clayton (Trump),2216
Hawkins,Delegate,At-Large,Republican,Chad Blackburn (Trump),2550
Hawkins,Delegate,At-Large,Republican,Dalton Temple (Trump),1288
Hawkins,Delegate,At-Large,Republican,Douglas M. Englen (Trump),2077
Hawkins,Delegate,At-Large,Republican,Jack Johnson (Trump),2589
Hawkins,Delegate,At-Large,Republican,Jake Adams (Uncommitted),354
Hawkins,Delegate,At-Large,Republican,Jane Chedester (Trump),1781
Hawkins,Delegate,At-Large,Republican,Jennifer Inman Little (Trump),1316
Hawkins,Delegate,At-Large,Republican,Julia Atchley-Pace (Trump),1992
Hawkins,Delegate,At-Large,Republican,Larry M. Sims (Uncommitted),132
Hawkins,Delegate,At-Large,Republican,Lei Ann Gleaves (Trump),1794
Hawkins,Delegate,At-Large,Republican,Leslie D. Mills (Uncommitted),108
Hawkins,Delegate,At-Large,Republican,Linda D. Buckles (Trump),2299
Hawkins,Delegate,At-Large,Republican,Mae Beavers (Trump),2003
Hawkins,Delegate,At-Large,Republican,Marsha Yessick (Trump),815
Hawkins,Delegate,At-Large,Republican,Mary Littleton (Trump),1398
Hawkins,Delegate,At-Large,Republican,Nazar Sharanshi (Trump),524
Hawkins,Delegate,At-Large,Republican,Patricia D. Mills (Uncommitted),111
Hawkins,Delegate,At-Large,Republican,Paulina Albornoz Madaris (Trump),622
Hawkins,Delegate,At-Large,Republican,Peggy Larkin (Trump),2241
Hawkins,Delegate,At-Large,Republican,Raul Lopez (Trump),853
Hawkins,Delegate,At-Large,Republican,Rick Tillis (Trump),1449
Hawkins,Delegate,At-Large,Republican,Robin T. Smith (Trump),1458
Hawkins,Delegate,At-Large,Republican,Shannon Haynes (Trump),2269
Hawkins,Delegate,At-Large,Republican,Steve Allbrooks (Trump),2431
Hawkins,Delegate,At-Large,Republican,Susan Richardson Williams (Trump),1325
Hawkins,Delegate,At-Large,Republican,Wanda J. Cooke (Uncommitted),118
Hawkins,Delegate,At-Large,Republican,William Lamberth (Trump),2204
Hawkins,Presidential Preference,NA,Democratic,Amy Klobuchar,32
Hawkins,Presidential Preference,NA,Democratic,Andrew Yang,7
Hawkins,Presidential Preference,NA,Democratic,Bernie Sanders,481
Hawkins,Presidential Preference,NA,Democratic,Cory Booker,3
Hawkins,Presidential Preference,NA,Democratic,Deval Patrick,1
Hawkins,Presidential Preference,NA,Democratic,Elizabeth Warren,104
Hawkins,Presidential Preference,NA,Democratic,John K. Delaney,3
Hawkins,Presidential Preference,NA,Democratic,Joseph R. Biden,865
Hawkins,Presidential Preference,NA,Democratic,Julián Castro,2
Hawkins,Presidential Preference,NA,Democratic,Marianne Williamson,2
Hawkins,Presidential Preference,NA,Democratic,Michael Bennet,4
Hawkins,Presidential Preference,NA,Democratic,Michael R. Bloomberg,281
Hawkins,Presidential Preference,NA,Democratic,Pete Buttigieg,45
Hawkins,Presidential Preference,NA,Democratic,Tom Steyer,12
Hawkins,Presidential Preference,NA,Democratic,Tulsi Gabbard,8
Hawkins,Presidential Preference,NA,Democratic,Uncommitted,10
Hawkins,Presidential Preference,NA,Republican,Bill Weld,23
Hawkins,Presidential Preference,NA,Republican,Donald J. Trump,4154
Hawkins,Presidential Preference,NA,Republican,Joe Walsh,26
Hawkins,Presidential Preference,NA,Republican,Uncommitted,26
Haywood,Public Defender,28 (unexpired term),Democratic,No Candidate Qualified,0
Haywood,Delegate,8,Republican,Charlotte Kelley (Trump),136
Haywood,Delegate,8,Republican,Elaine S. Ervin (Trump),188
Haywood,Delegate,8,Republican,Jim Craig (Uncommitted),25
Haywood,Delegate,8,Republican,Joseph S. Coury (Trump),195
Haywood,Delegate,8,Republican,Nichole Bufalino (Trump),189
Haywood,Delegate,8,Republican,Steve Maroney (Trump),153
Haywood,Delegate,At-Large,Republican,Amy Jones (Trump),266
Haywood,Delegate,At-Large,Republican,Beth Scott Clayton (Trump),299
Haywood,Delegate,At-Large,Republican,Chad Blackburn (Trump),320
Haywood,Delegate,At-Large,Republican,Dalton Temple (Trump),89
Haywood,Delegate,At-Large,Republican,Douglas M. Englen (Trump),263
Haywood,Delegate,At-Large,Republican,Jack Johnson (Trump),297
Haywood,Delegate,At-Large,Republican,Jake Adams (Uncommitted),16
Haywood,Delegate,At-Large,Republican,Jane Chedester (Trump),268
Haywood,Delegate,At-Large,Republican,Jennifer Inman Little (Trump),130
Haywood,Delegate,At-Large,Republican,Julia Atchley-Pace (Trump),275
Haywood,Delegate,At-Large,Republican,Larry M. Sims (Uncommitted),10
Haywood,Delegate,At-Large,Republican,Lei Ann Gleaves (Trump),237
Haywood,Delegate,At-Large,Republican,Leslie D. Mills (Uncommitted),7
Haywood,Delegate,At-Large,Republican,Linda D. Buckles (Trump),281
Haywood,Delegate,At-Large,Republican,Mae Beavers (Trump),275
Haywood,Delegate,At-Large,Republican,Marsha Yessick (Trump),39
Haywood,Delegate,At-Large,Republican,Mary Littleton (Trump),128
Haywood,Delegate,At-Large,Republican,Nazar Sharanshi (Trump),23
Haywood,Delegate,At-Large,Republican,Patricia D. Mills (Uncommitted),6
Haywood,Delegate,At-Large,Republican,Paulina Albornoz Madaris (Trump),37
Haywood,Delegate,At-Large,Republican,Peggy Larkin (Trump),230
Haywood,Delegate,At-Large,Republican,Raul Lopez (Trump),77
Haywood,Delegate,At-Large,Republican,Rick Tillis (Trump),92
Haywood,Delegate,At-Large,Republican,Robin T. Smith (Trump),122
Haywood,Delegate,At-Large,Republican,Shannon Haynes (Trump),286
Haywood,Delegate,At-Large,Republican,Steve Allbrooks (Trump),328
Haywood,Delegate,At-Large,Republican,Susan Richardson Williams (Trump),105
Haywood,Delegate,At-Large,Republican,Wanda J. Cooke (Uncommitted),6
Haywood,Delegate,At-Large,Republican,William Lamberth (Trump),267
Haywood,Presidential Preference,NA,Democratic,Amy Klobuchar,15
Haywood,Presidential Preference,NA,Democratic,Andrew Yang,1
Haywood,Presidential Preference,NA,Democratic,Bernie Sanders,152
Haywood,Presidential Preference,NA,Democratic,Cory Booker,3
Haywood,Presidential Preference,NA,Democratic,Deval Patrick,1
Haywood,Presidential Preference,NA,Democratic,Elizabeth Warren,42
Haywood,Presidential Preference,NA,Democratic,John K. Delaney,1
Haywood,Presidential Preference,NA,Democratic,Joseph R. Biden,848
Haywood,Presidential Preference,NA,Democratic,Julián Castro,1
Haywood,Presidential Preference,NA,Democratic,Marianne Williamson,1
Haywood,Presidential Preference,NA,Democratic,Michael Bennet,11
Haywood,Presidential Preference,NA,Democratic,Michael R. Bloomberg,363
Haywood,Presidential Preference,NA,Democratic,Pete Buttigieg,11
Haywood,Presidential Preference,NA,Democratic,Tom Steyer,5
Haywood,Presidential Preference,NA,Democratic,Tulsi Gabbard,1
Haywood,Presidential Preference,NA,Democratic,Uncommitted,0
Haywood,Presidential Preference,NA,Republican,Bill Weld,2
Haywood,Presidential Preference,NA,Republican,Donald J. Trump,548
Haywood,Presidential Preference,NA,Republican,Joe Walsh,3
Haywood,Presidential Preference,NA,Republican,Uncommitted,3
Henderson,Delegate,7,Republican,Angie McClanahan (Trump),350
Henderson,Delegate,7,Republican,Cheryl D. Brown (Trump),1144
Henderson,Delegate,7,Republican,Jim Looney (Trump),554
Henderson,Delegate,7,Republican,Kenneth Eaton (Uncommitted),111
Henderson,Delegate,7,Republican,Lisa Gary (Uncommitted),109
Henderson,Delegate,7,Republican,Patricia F. Allen (Trump),1326
Henderson,Delegate,7,Republican,Rob Tiede (Uncommitted),26
Henderson,Delegate,7,Republican,Sharon Massey Grimes (Trump),1105
Henderson,Delegate,7,Republican,Steven Giorno (Uncommitted),28
Henderson,Delegate,7,Republican,Todd Benne Jr. (Uncommitted),84
Henderson,Delegate,7,Republican,Tony Roberts (Trump),856
Henderson,Delegate,At-Large,Republican,Amy Jones (Trump),1528
Henderson,Delegate,At-Large,Republican,Beth Scott Clayton (Trump),1650
Henderson,Delegate,At-Large,Republican,Chad Blackburn (Trump),1865
Henderson,Delegate,At-Large,Republican,Dalton Temple (Trump),475
Henderson,Delegate,At-Large,Republican,Douglas M. Englen (Trump),1518
Henderson,Delegate,At-Large,Republican,Jack Johnson (Trump),1763
Henderson,Delegate,At-Large,Republican,Jake Adams (Uncommitted),197
Henderson,Delegate,At-Large,Republican,Jane Chedester (Trump),1449
Henderson,Delegate,At-Large,Republican,Jennifer Inman Little (Trump),856
Henderson,Delegate,At-Large,Republican,Julia Atchley-Pace (Trump),1643
Henderson,Delegate,At-Large,Republican,Larry M. Sims (Uncommitted),105
Henderson,Delegate,At-Large,Republican,Lei Ann Gleaves (Trump),1408
Henderson,Delegate,At-Large,Republican,Leslie D. Mills (Uncommitted),108
Henderson,Delegate,At-Large,Republican,Linda D. Buckles (Trump),1613
Henderson,Delegate,At-Large,Republican,Mae Beavers (Trump),1599
Henderson,Delegate,At-Large,Republican,Marsha Yessick (Trump),301
Henderson,Delegate,At-Large,Republican,Mary Littleton (Trump),602
Henderson,Delegate,At-Large,Republican,Nazar Sharanshi (Trump),127
Henderson,Delegate,At-Large,Republican,Patricia D. Mills (Uncommitted),81
Henderson,Delegate,At-Large,Republican,Paulina Albornoz Madaris (Trump),215
Henderson,Delegate,At-Large,Republican,Peggy Larkin (Trump),1234
Henderson,Delegate,At-Large,Republican,Raul Lopez (Trump),306
Henderson,Delegate,At-Large,Republican,Rick Tillis (Trump),562
Henderson,Delegate,At-Large,Republican,Robin T. Smith (Trump),684
Henderson,Delegate,At-Large,Republican,Shannon Haynes (Trump),1557
Henderson,Delegate,At-Large,Republican,Steve Allbrooks (Trump),1911
Henderson,Delegate,At-Large,Republican,Susan Richardson Williams (Trump),528
Henderson,Delegate,At-Large,Republican,Wanda J. Cooke (Uncommitted),95
Henderson,Delegate,At-Large,Republican,William Lamberth (Trump),1385
Henderson,Presidential Preference,NA,Democratic,Amy Klobuchar,17
Henderson,Presidential Preference,NA,Democratic,Andrew Yang,1
Henderson,Presidential Preference,NA,Democratic,Bernie Sanders,157
Henderson,Presidential Preference,NA,Democratic,Cory Booker,0
Henderson,Presidential Preference,NA,Democratic,Deval Patrick,0
Henderson,Presidential Preference,NA,Democratic,Elizabeth Warren,27
Henderson,Presidential Preference,NA,Democratic,John K. Delaney,0
Henderson,Presidential Preference,NA,Democratic,Joseph R. Biden,395
Henderson,Presidential Preference,NA,Democratic,Julián Castro,1
Henderson,Presidential Preference,NA,Democratic,Marianne Williamson,0
Henderson,Presidential Preference,NA,Democratic,Michael Bennet,5
Henderson,Presidential Preference,NA,Democratic,Michael R. Bloomberg,79
Henderson,Presidential Preference,NA,Democratic,Pete Buttigieg,14
Henderson,Presidential Preference,NA,Democratic,Tom Steyer,1
Henderson,Presidential Preference,NA,Democratic,Tulsi Gabbard,4
Henderson,Presidential Preference,NA,Democratic,Uncommitted,3
Henderson,Presidential Preference,NA,Republican,Bill Weld,22
Henderson,Presidential Preference,NA,Republican,Donald J. Trump,3314
Henderson,Presidential Preference,NA,Republican,Joe Walsh,40
Henderson,Presidential Preference,NA,Republican,Uncommitted,57
Henry,Chancellor,24 (unexpired term),Democratic,No Candidate Qualified,0
Henry,Delegate,8,Republican,Charlotte Kelley (Trump),797
Henry,Delegate,8,Republican,Elaine S. Ervin (Trump),1087
Henry,Delegate,8,Republican,Jim Craig (Uncommitted),141
Henry,Delegate,8,Republican,Joseph S. Coury (Trump),1158
Henry,Delegate,8,Republican,Nichole Bufalino (Trump),966
Henry,Delegate,8,Republican,Steve Maroney (Trump),977
Henry,Delegate,At-Large,Republican,Amy Jones (Trump),1339
Henry,Delegate,At-Large,Republican,Beth Scott Clayton (Trump),1305
Henry,Delegate,At-Large,Republican,Chad Blackburn (Trump),1481
Henry,Delegate,At-Large,Republican,Dalton Temple (Trump),689
Henry,Delegate,At-Large,Republican,Douglas M. Englen (Trump),1211
Henry,Delegate,At-Large,Republican,Jack Johnson (Trump),1509
Henry,Delegate,At-Large,Republican,Jake Adams (Uncommitted),192
Henry,Delegate,At-Large,Republican,Jane Chedester (Trump),1068
Henry,Delegate,At-Large,Republican,Jennifer Inman Little (Trump),744
Henry,Delegate,At-Large,Republican,Julia Atchley-Pace (Trump),1168
Henry,Delegate,At-Large,Republican,Larry M. Sims (Uncommitted),49
Henry,Delegate,At-Large,Republican,Lei Ann Gleaves (Trump),1097
Henry,Delegate,At-Large,Republican,Leslie D. Mills (Uncommitted),54
Henry,Delegate,At-Large,Republican,Linda D. Buckles (Trump),1243
Henry,Delegate,At-Large,Republican,Mae Beavers (Trump),1221
Henry,Delegate,At-Large,Republican,Marsha Yessick (Trump),423
Henry,Delegate,At-Large,Republican,Mary Littleton (Trump),786
Henry,Delegate,At-Large,Republican,Nazar Sharanshi (Trump),276
Henry,Delegate,At-Large,Republican,Patricia D. Mills (Uncommitted),42
Henry,Delegate,At-Large,Republican,Paulina Albornoz Madaris (Trump),357
Henry,Delegate,At-Large,Republican,Peggy Larkin (Trump),1193
Henry,Delegate,At-Large,Republican,Raul Lopez (Trump),490
Henry,Delegate,At-Large,Republican,Rick Tillis (Trump),767
Henry,Delegate,At-Large,Republican,Robin T. Smith (Trump),799
Henry,Delegate,At-Large,Republican,Shannon Haynes (Trump),1309
Henry,Delegate,At-Large,Republican,Steve Allbrooks (Trump),1550
Henry,Delegate,At-Large,Republican,Susan Richardson Williams (Trump),650
Henry,Delegate,At-Large,Republican,Wanda J. Cooke (Uncommitted),45
Henry,Delegate,At-Large,Republican,William Lamberth (Trump),1306
Henry,Presidential Preference,NA,Democratic,Amy Klobuchar,44
Henry,Presidential Preference,NA,Democratic,Andrew Yang,3
Henry,Presidential Preference,NA,Democratic,Bernie Sanders,329
Henry,Presidential Preference,NA,Democratic,Cory Booker,9
Henry,Presidential Preference,NA,Democratic,Deval Patrick,1
Henry,Presidential Preference,NA,Democratic,Elizabeth Warren,111
Henry,Presidential Preference,NA,Democratic,John K. Delaney,1
Henry,Presidential Preference,NA,Democratic,Joseph R. Biden,768
Henry,Presidential Preference,NA,Democratic,Julián Castro,3
Henry,Presidential Preference,NA,Democratic,Marianne Williamson,1
Henry,Presidential Preference,NA,Democratic,Michael Bennet,9
Henry,Presidential Preference,NA,Democratic,Michael R. Bloomberg,361
Henry,Presidential Preference,NA,Democratic,Pete Buttigieg,65
Henry,Presidential Preference,NA,Democratic,Tom Steyer,10
Henry,Presidential Preference,NA,Democratic,Tulsi Gabbard,8
Henry,Presidential Preference,NA,Democratic,Uncommitted,3
Henry,Presidential Preference,NA,Republican,Bill Weld,10
Henry,Presidential Preference,NA,Republican,Donald J. Trump,2345
Henry,Presidential Preference,NA,Republican,Joe Walsh,13
Henry,Presidential Preference,NA,Republican,Uncommitted,10
Hickman,Delegate,7,Republican,Angie McClanahan (Trump),215
Hickman,Delegate,7,Republican,Cheryl D. Brown (Trump),494
Hickman,Delegate,7,Republican,Jim Looney (Trump),305
Hickman,Delegate,7,Republican,Kenneth Eaton (Uncommitted),29
Hickman,Delegate,7,Republican,Lisa Gary (Uncommitted),37
Hickman,Delegate,7,Republican,Patricia F. Allen (Trump),600
Hickman,Delegate,7,Republican,Rob Tiede (Uncommitted),10
Hickman,Delegate,7,Republican,Sharon Massey Grimes (Trump),488
Hickman,Delegate,7,Republican,Steven Giorno (Uncommitted),20
Hickman,Delegate,7,Republican,Todd Benne Jr. (Uncommitted),26
Hickman,Delegate,7,Republican,Tony Roberts (Trump),335
Hickman,Delegate,At-Large,Republican,Amy Jones (Trump),685
Hickman,Delegate,At-Large,Republican,Beth Scott Clayton (Trump),747
Hickman,Delegate,At-Large,Republican,Chad Blackburn (Trump),888
Hickman,Delegate,At-Large,Republican,Dalton Temple (Trump),266
Hickman,Delegate,At-Large,Republican,Douglas M. Englen (Trump),714
Hickman,Delegate,At-Large,Republican,Jack Johnson (Trump),787
Hickman,Delegate,At-Large,Republican,Jake Adams (Uncommitted),65
Hickman,Delegate,At-Large,Republican,Jane Chedester (Trump),693
Hickman,Delegate,At-Large,Republican,Jennifer Inman Little (Trump),323
Hickman,Delegate,At-Large,Republican,Julia Atchley-Pace (Trump),713
Hickman,Delegate,At-Large,Republican,Larry M. Sims (Uncommitted),26
Hickman,Delegate,At-Large,Republican,Lei Ann Gleaves (Trump),660
Hickman,Delegate,At-Large,Republican,Leslie D. Mills (Uncommitted),26
Hickman,Delegate,At-Large,Republican,Linda D. Buckles (Trump),751
Hickman,Delegate,At-Large,Republican,Mae Beavers (Trump),805
Hickman,Delegate,At-Large,Republican,Marsha Yessick (Trump),146
Hickman,Delegate,At-Large,Republican,Mary Littleton (Trump),364
Hickman,Delegate,At-Large,Republican,Nazar Sharanshi (Trump),84
Hickman,Delegate,At-Large,Republican,Patricia D. Mills (Uncommitted),24
Hickman,Delegate,At-Large,Republican,Paulina Albornoz Madaris (Trump),132
Hickman,Delegate,At-Large,Republican,Peggy Larkin (Trump),580
Hickman,Delegate,At-Large,Republican,Raul Lopez (Trump),195
Hickman,Delegate,At-Large,Republican,Rick Tillis (Trump),312
Hickman,Delegate,At-Large,Republican,Robin T. Smith (Trump),316
Hickman,Delegate,At-Large,Republican,Shannon Haynes (Trump),683
Hickman,Delegate,At-Large,Republican,Steve Allbrooks (Trump),894
Hickman,Delegate,At-Large,Republican,Susan Richardson Williams (Trump),237
Hickman,Delegate,At-Large,Republican,Wanda J. Cooke (Uncommitted),30
Hickman,Delegate,At-Large,Republican,William Lamberth (Trump),666
Hickman,Presidential Preference,NA,Democratic,Amy Klobuchar,27
Hickman,Presidential Preference,NA,Democratic,Andrew Yang,4
Hickman,Presidential Preference,NA,Democratic,Bernie Sanders,257
Hickman,Presidential Preference,NA,Democratic,Cory Booker,1
Hickman,Presidential Preference,NA,Democratic,Deval Patrick,0
Hickman,Presidential Preference,NA,Democratic,Elizabeth Warren,84
Hickman,Presidential Preference,NA,Democratic,John K. Delaney,1
Hickman,Presidential Preference,NA,Democratic,Joseph R. Biden,417
Hickman,Presidential Preference,NA,Democratic,Julián Castro,0
Hickman,Presidential Preference,NA,Democratic,Marianne Williamson,2
Hickman,Presidential Preference,NA,Democratic,Michael Bennet,3
Hickman,Presidential Preference,NA,Democratic,Michael R. Bloomberg,170
Hickman,Presidential Preference,NA,Democratic,Pete Buttigieg,40
Hickman,Presidential Preference,NA,Democratic,Tom Steyer,5
Hickman,Presidential Preference,NA,Democratic,Tulsi Gabbard,3
Hickman,Presidential Preference,NA,Democratic,Uncommitted,4
Hickman,Presidential Preference,NA,Republican,Bill Weld,10
Hickman,Presidential Preference,NA,Republican,Donald J. Trump,1243
Hickman,Presidential Preference,NA,Republican,Joe Walsh,5
Hickman,Presidential Preference,NA,Republican,Uncommitted,6
Houston,Delegate,7,Republican,Angie McClanahan (Trump),98
Houston,Delegate,7,Republican,Cheryl D. Brown (Trump),193
Houston,Delegate,7,Republican,Jim Looney (Trump),139
Houston,Delegate,7,Republican,Kenneth Eaton (Uncommitted),8
Houston,Delegate,7,Republican,Lisa Gary (Uncommitted),14
Houston,Delegate,7,Republican,Patricia F. Allen (Trump),245
Houston,Delegate,7,Republican,Rob Tiede (Uncommitted),5
Houston,Delegate,7,Republican,Sharon Massey Grimes (Trump),204
Houston,Delegate,7,Republican,Steven Giorno (Uncommitted),6
Houston,Delegate,7,Republican,Todd Benne Jr. (Uncommitted),10
Houston,Delegate,7,Republican,Tony Roberts (Trump),158
Houston,Delegate,At-Large,Republican,Amy Jones (Trump),281
Houston,Delegate,At-Large,Republican,Beth Scott Clayton (Trump),275
Houston,Delegate,At-Large,Republican,Chad Blackburn (Trump),339
Houston,Delegate,At-Large,Republican,Dalton Temple (Trump),77
Houston,Delegate,At-Large,Republican,Douglas M. Englen (Trump),312
Houston,Delegate,At-Large,Republican,Jack Johnson (Trump),299
Houston,Delegate,At-Large,Republican,Jake Adams (Uncommitted),19
Houston,Delegate,At-Large,Republican,Jane Chedester (Trump),267
Houston,Delegate,At-Large,Republican,Jennifer Inman Little (Trump),101
Houston,Delegate,At-Large,Republican,Julia Atchley-Pace (Trump),260
Houston,Delegate,At-Large,Republican,Larry M. Sims (Uncommitted),14
Houston,Delegate,At-Large,Republican,Lei Ann Gleaves (Trump),253
Houston,Delegate,At-Large,Republican,Leslie D. Mills (Uncommitted),14
Houston,Delegate,At-Large,Republican,Linda D. Buckles (Trump),284
Houston,Delegate,At-Large,Republican,Mae Beavers (Trump),330
Houston,Delegate,At-Large,Republican,Marsha Yessick (Trump),53
Houston,Delegate,At-Large,Republican,Mary Littleton (Trump),134
Houston,Delegate,At-Large,Republican,Nazar Sharanshi (Trump),23
Houston,Delegate,At-Large,Republican,Patricia D. Mills (Uncommitted),21
Houston,Delegate,At-Large,Republican,Paulina Albornoz Madaris (Trump),43
Houston,Delegate,At-Large,Republican,Peggy Larkin (Trump),226
Houston,Delegate,At-Large,Republican,Raul Lopez (Trump),66
Houston,Delegate,At-Large,Republican,Rick Tillis (Trump),111
Houston,Delegate,At-Large,Republican,Robin T. Smith (Trump),120
Houston,Delegate,At-Large,Republican,Shannon Haynes (Trump),266
Houston,Delegate,At-Large,Republican,Steve Allbrooks (Trump),358
Houston,Delegate,At-Large,Republican,Susan Richardson Williams (Trump),82
Houston,Delegate,At-Large,Republican,Wanda J. Cooke (Uncommitted),7
Houston,Delegate,At-Large,Republican,William Lamberth (Trump),304
Houston,Presidential Preference,NA,Democratic,Amy Klobuchar,4
Houston,Presidential Preference,NA,Democratic,Andrew Yang,0
Houston,Presidential Preference,NA,Democratic,Bernie Sanders,82
Houston,Presidential Preference,NA,Democratic,Cory Booker,2
Houston,Presidential Preference,NA,Democratic,Deval Patrick,0
Houston,Presidential Preference,NA,Democratic,Elizabeth Warren,28
Houston,Presidential Preference,NA,Democratic,John K. Delaney,1
Houston,Presidential Preference,NA,Democratic,Joseph R. Biden,197
Houston,Presidential Preference,NA,Democratic,Julián Castro,0
Houston,Presidential Preference,NA,Democratic,Marianne Williamson,2
Houston,Presidential Preference,NA,Democratic,Michael Bennet,1
Houston,Presidential Preference,NA,Democratic,Michael R. Bloomberg,60
Houston,Presidential Preference,NA,Democratic,Pete Buttigieg,18
Houston,Presidential Preference,NA,Democratic,Tom Steyer,1
Houston,Presidential Preference,NA,Democratic,Tulsi Gabbard,2
Houston,Presidential Preference,NA,Democratic,Uncommitted,5
Houston,Presidential Preference,NA,Republican,Bill Weld,3
Houston,Presidential Preference,NA,Republican,Donald J. Trump,477
Houston,Presidential Preference,NA,Republican,Joe Walsh,2
Houston,Presidential Preference,NA,Republican,Uncommitted,5
Humphreys,Delegate,7,Republican,Angie McClanahan (Trump),194
Humphreys,Delegate,7,Republican,Cheryl D. Brown (Trump),417
Humphreys,Delegate,7,Republican,Jim Looney (Trump),248
Humphreys,Delegate,7,Republican,Kenneth Eaton (Uncommitted),31
Humphreys,Delegate,7,Republican,Lisa Gary (Uncommitted),26
Humphreys,Delegate,7,Republican,Patricia F. Allen (Trump),493
Humphreys,Delegate,7,Republican,Rob Tiede (Uncommitted),7
Humphreys,Delegate,7,Republican,Sharon Massey Grimes (Trump),392
Humphreys,Delegate,7,Republican,Steven Giorno (Uncommitted),12
Humphreys,Delegate,7,Republican,Todd Benne Jr. (Uncommitted),24
Humphreys,Delegate,7,Republican,Tony Roberts (Trump),281
Humphreys,Delegate,At-Large,Republican,Amy Jones (Trump),570
Humphreys,Delegate,At-Large,Republican,Beth Scott Clayton (Trump),607
Humphreys,Delegate,At-Large,Republican,Chad Blackburn (Trump),713
Humphreys,Delegate,At-Large,Republican,Dalton Temple (Trump),199
Humphreys,Delegate,At-Large,Republican,Douglas M. Englen (Trump),608
Humphreys,Delegate,At-Large,Republican,Jack Johnson (Trump),629
Humphreys,Delegate,At-Large,Republican,Jake Adams (Uncommitted),48
Humphreys,Delegate,At-Large,Republican,Jane Chedester (Trump),559
Humphreys,Delegate,At-Large,Republican,Jennifer Inman Little (Trump),273
Humphreys,Delegate,At-Large,Republican,Julia Atchley-Pace (Trump),603
Humphreys,Delegate,At-Large,Republican,Larry M. Sims (Uncommitted),30
Humphreys,Delegate,At-Large,Republican,Lei Ann Gleaves (Trump),567
Humphreys,Delegate,At-Large,Republican,Leslie D. Mills (Uncommitted),26
Humphreys,Delegate,At-Large,Republican,Linda D. Buckles (Trump),618
Humphreys,Delegate,At-Large,Republican,Mae Beavers (Trump),676
Humphreys,Delegate,At-Large,Republican,Marsha Yessick (Trump),130
Humphreys,Delegate,At-Large,Republican,Mary Littleton (Trump),339
Humphreys,Delegate,At-Large,Republican,Nazar Sharanshi (Trump),50
Humphreys,Delegate,At-Large,Republican,Patricia D. Mills (Uncommitted),24
Humphreys,Delegate,At-Large,Republican,Paulina Albornoz Madaris (Trump),93
Humphreys,Delegate,At-Large,Republican,Peggy Larkin (Trump),520
Humphreys,Delegate,At-Large,Republican,Raul Lopez (Trump),128
Humphreys,Delegate,At-Large,Republican,Rick Tillis (Trump),251
Humphreys,Delegate,At-Large,Republican,Robin T. Smith (Trump),280
Humphreys,Delegate,At-Large,Republican,Shannon Haynes (Trump),582
Humphreys,Delegate,At-Large,Republican,Steve Allbrooks (Trump),763
Humphreys,Delegate,At-Large,Republican,Susan Richardson Williams (Trump),179
Humphreys,Delegate,At-Large,Republican,Wanda J. Cooke (Uncommitted),35
Humphreys,Delegate,At-Large,Republican,William Lamberth (Trump),588
Humphreys,Presidential Preference,NA,Democratic,Amy Klobuchar,30
Humphreys,Presidential Preference,NA,Democratic,Andrew Yang,2
Humphreys,Presidential Preference,NA,Democratic,Bernie Sanders,239
Humphreys,Presidential Preference,NA,Democratic,Cory Booker,4
Humphreys,Presidential Preference,NA,Democratic,Deval Patrick,1
Humphreys,Presidential Preference,NA,Democratic,Elizabeth Warren,56
Humphreys,Presidential Preference,NA,Democratic,John K. Delaney,0
Humphreys,Presidential Preference,NA,Democratic,Joseph R. Biden,455
Humphreys,Presidential Preference,NA,Democratic,Julián Castro,0
Humphreys,Presidential Preference,NA,Democratic,Marianne Williamson,0
Humphreys,Presidential Preference,NA,Democratic,Michael Bennet,4
Humphreys,Presidential Preference,NA,Democratic,Michael R. Bloomberg,220
Humphreys,Presidential Preference,NA,Democratic,Pete Buttigieg,33
Humphreys,Presidential Preference,NA,Democratic,Tom Steyer,9
Humphreys,Presidential Preference,NA,Democratic,Tulsi Gabbard,6
Humphreys,Presidential Preference,NA,Democratic,Uncommitted,6
Humphreys,Presidential Preference,NA,Republican,Bill Weld,6
Humphreys,Presidential Preference,NA,Republican,Donald J. Trump,1043
Humphreys,Presidential Preference,NA,Republican,Joe Walsh,7
Humphreys,Presidential Preference,NA,Republican,Uncommitted,9
Jackson,Delegate,6,Republican,Craig Evan Clark (Trump),225
Jackson,Delegate,6,Republican,Frank Gorgie (Uncommitted),14
Jackson,Delegate,6,Republican,Holly S. Jones (Trump),233
Jackson,Delegate,6,Republican,Joseph Elder (Uncommitted),18
Jackson,Delegate,6,Republican,Mary Ann Parks (Trump),131
Jackson,Delegate,6,Republican,Paul Bailey (Trump),434
Jackson,Delegate,6,Republican,Ryan Williams (Trump),238
Jackson,Delegate,6,Republican,Terri R. Nicholson (Trump),114
Jackson,Delegate,At-Large,Republican,Amy Jones (Trump),335
Jackson,Delegate,At-Large,Republican,Beth Scott Clayton (Trump),330
Jackson,Delegate,At-Large,Republican,Chad Blackburn (Trump),404
Jackson,Delegate,At-Large,Republican,Dalton Temple (Trump),181
Jackson,Delegate,At-Large,Republican,Douglas M. Englen (Trump),344
Jackson,Delegate,At-Large,Republican,Jack Johnson (Trump),405
Jackson,Delegate,At-Large,Republican,Jake Adams (Uncommitted),53
Jackson,Delegate,At-Large,Republican,Jane Chedester (Trump),282
Jackson,Delegate,At-Large,Republican,Jennifer Inman Little (Trump),199
Jackson,Delegate,At-Large,Republican,Julia Atchley-Pace (Trump),299
Jackson,Delegate,At-Large,Republican,Larry M. Sims (Uncommitted),20
Jackson,Delegate,At-Large,Republican,Lei Ann Gleaves (Trump),271
Jackson,Delegate,At-Large,Republican,Leslie D. Mills (Uncommitted),14
Jackson,Delegate,At-Large,Republican,Linda D. Buckles (Trump),318
Jackson,Delegate,At-Large,Republican,Mae Beavers (Trump),378
Jackson,Delegate,At-Large,Republican,Marsha Yessick (Trump),119
Jackson,Delegate,At-Large,Republican,Mary Littleton (Trump),203
Jackson,Delegate,At-Large,Republican,Nazar Sharanshi (Trump),78
Jackson,Delegate,At-Large,Republican,Patricia D. Mills (Uncommitted),17
Jackson,Delegate,At-Large,Republican,Paulina Albornoz Madaris (Trump),92
Jackson,Delegate,At-Large,Republican,Peggy Larkin (Trump),306
Jackson,Delegate,At-Large,Republican,Raul Lopez (Trump),161
Jackson,Delegate,At-Large,Republican,Rick Tillis (Trump),227
Jackson,Delegate,At-Large,Republican,Robin T. Smith (Trump),211
Jackson,Delegate,At-Large,Republican,Shannon Haynes (Trump),315
Jackson,Delegate,At-Large,Republican,Steve Allbrooks (Trump),383
Jackson,Delegate,At-Large,Republican,Susan Richardson Williams (Trump),177
Jackson,Delegate,At-Large,Republican,Wanda J. Cooke (Uncommitted),15
Jackson,Delegate,At-Large,Republican,William Lamberth (Trump),338
Jackson,Presidential Preference,NA,Democratic,Amy Klobuchar,11
Jackson,Presidential Preference,NA,Democratic,Andrew Yang,2
Jackson,Presidential Preference,NA,Democratic,Bernie Sanders,139
Jackson,Presidential Preference,NA,Democratic,Cory Booker,1
Jackson,Presidential Preference,NA,Democratic,Deval Patrick,0
Jackson,Presidential Preference,NA,Democratic,Elizabeth Warren,34
Jackson,Presidential Preference,NA,Democratic,John K. Delaney,1
Jackson,Presidential Preference,NA,Democratic,Joseph R. Biden,234
Jackson,Presidential Preference,NA,Democratic,Julián Castro,0
Jackson,Presidential Preference,NA,Democratic,Marianne Williamson,0
Jackson,Presidential Preference,NA,Democratic,Michael Bennet,1
Jackson,Presidential Preference,NA,Democratic,Michael R. Bloomberg,76
Jackson,Presidential Preference,NA,Democratic,Pete Buttigieg,22
Jackson,Presidential Preference,NA,Democratic,Tom Steyer,5
Jackson,Presidential Preference,NA,Democratic,Tulsi Gabbard,4
Jackson,Presidential Preference,NA,Democratic,Uncommitted,2
Jackson,Presidential Preference,NA,Republican,Bill Weld,1
Jackson,Presidential Preference,NA,Republican,Donald J. Trump,691
Jackson,Presidential Preference,NA,Republican,Joe Walsh,2
Jackson,Presidential Preference,NA,Republican,Uncommitted,3
Jefferson,Delegate,1,Republican,Anita Hodges Taylor (Trump),236
Jefferson,Delegate,1,Republican,Barbara Jo Zimmerman (Trump),206
Jefferson,Delegate,1,Republican,Kelly Wolfe (Trump),217
Jefferson,Delegate,1,Republican,Kent Harris (Uncommitted),33
Jefferson,Delegate,1,Republican,Linda Osborne (Uncommitted),61
Jefferson,Delegate,1,Republican,Matthew Johnson (Trump),465
Jefferson,Delegate,1,Republican,Paul Chapman (Trump),512
Jefferson,Delegate,1,Republican,Todd Fowler (Trump),437
Jefferson,Delegate,2,Republican,Cindy Hatcher (Trump),1240
Jefferson,Delegate,2,Republican,David A Bishop (Trump),1910
Jefferson,Delegate,2,Republican,James Corcoran (Trump),1660
Jefferson,Delegate,2,Republican,Kathy Adams (Uncommitted),268
Jefferson,Delegate,2,Republican,Robin Flenniken (Trump),1247
Jefferson,Delegate,2,Republican,Scott David Smith (Trump),1344
Jefferson,Delegate,At-Large,Republican,Amy Jones (Trump),2440
Jefferson,Delegate,At-Large,Republican,Beth Scott Clayton (Trump),2420
Jefferson,Delegate,At-Large,Republican,Chad Blackburn (Trump),2716
Jefferson,Delegate,At-Large,Republican,Dalton Temple (Trump),1334
Jefferson,Delegate,At-Large,Republican,Douglas M. Englen (Trump),2158
Jefferson,Delegate,At-Large,Republican,Jack Johnson (Trump),2614
Jefferson,Delegate,At-Large,Republican,Jake Adams (Uncommitted),371
Jefferson,Delegate,At-Large,Republican,Jane Chedester (Trump),1938
Jefferson,Delegate,At-Large,Republican,Jennifer Inman Little (Trump),1532
Jefferson,Delegate,At-Large,Republican,Julia Atchley-Pace (Trump),2366
Jefferson,Delegate,At-Large,Republican,Larry M. Sims (Uncommitted),149
Jefferson,Delegate,At-Large,Republican,Lei Ann Gleaves (Trump),1935
Jefferson,Delegate,At-Large,Republican,Leslie D. Mills (Uncommitted),147
Jefferson,Delegate,At-Large,Republican,Linda D. Buckles (Trump),2266
Jefferson,Delegate,At-Large,Republican,Mae Beavers (Trump),2066
Jefferson,Delegate,At-Large,Republican,Marsha Yessick (Trump),893
Jefferson,Delegate,At-Large,Republican,Mary Littleton (Trump),1477
Jefferson,Delegate,At-Large,Republican,Nazar Sharanshi (Trump),555
Jefferson,Delegate,At-Large,Republican,Patricia D. Mills (Uncommitted),148
Jefferson,Delegate,At-Large,Republican,Paulina Albornoz Madaris (Trump),702
Jefferson,Delegate,At-Large,Republican,Peggy Larkin (Trump),2190
Jefferson,Delegate,At-Large,Republican,Raul Lopez (Trump),942
Jefferson,Delegate,At-Large,Republican,Rick Tillis (Trump),1485
Jefferson,Delegate,At-Large,Republican,Robin T. Smith (Trump),1611
Jefferson,Delegate,At-Large,Republican,Shannon Haynes (Trump),2409
Jefferson,Delegate,At-Large,Republican,Steve Allbrooks (Trump),2510
Jefferson,Delegate,At-Large,Republican,Susan Richardson Williams (Trump),1410
Jefferson,Delegate,At-Large,Republican,Wanda J. Cooke (Uncommitted),157
Jefferson,Delegate,At-Large,Republican,William Lamberth (Trump),2314
Jefferson,Presidential Preference,NA,Democratic,Amy Klobuchar,43
Jefferson,Presidential Preference,NA,Democratic,Andrew Yang,6
Jefferson,Presidential Preference,NA,Democratic,Bernie Sanders,546
Jefferson,Presidential Preference,NA,Democratic,Cory Booker,4
Jefferson,Presidential Preference,NA,Democratic,Deval Patrick,0
Jefferson,Presidential Preference,NA,Democratic,Elizabeth Warren,186
Jefferson,Presidential Preference,NA,Democratic,John K. Delaney,2
Jefferson,Presidential Preference,NA,Democratic,Joseph R. Biden,862
Jefferson,Presidential Preference,NA,Democratic,Julián Castro,0
Jefferson,Presidential Preference,NA,Democratic,Marianne Williamson,2
Jefferson,Presidential Preference,NA,Democratic,Michael Bennet,2
Jefferson,Presidential Preference,NA,Democratic,Michael R. Bloomberg,352
Jefferson,Presidential Preference,NA,Democratic,Pete Buttigieg,59
Jefferson,Presidential Preference,NA,Democratic,Tom Steyer,7
Jefferson,Presidential Preference,NA,Democratic,Tulsi Gabbard,7
Jefferson,Presidential Preference,NA,Democratic,Uncommitted,5
Jefferson,Presidential Preference,NA,Republican,Bill Weld,44
Jefferson,Presidential Preference,NA,Republican,Donald J. Trump,4130
Jefferson,Presidential Preference,NA,Republican,Joe Walsh,49
Jefferson,Presidential Preference,NA,Republican,Uncommitted,40
Johnson,Delegate,1,Republican,Anita Hodges Taylor (Trump),321
Johnson,Delegate,1,Republican,Barbara Jo Zimmerman (Trump),244
Johnson,Delegate,1,Republican,Kelly Wolfe (Trump),328
Johnson,Delegate,1,Republican,Kent Harris (Uncommitted),109
Johnson,Delegate,1,Republican,Linda Osborne (Uncommitted),88
Johnson,Delegate,1,Republican,Matthew Johnson (Trump),709
Johnson,Delegate,1,Republican,Paul Chapman (Trump),686
Johnson,Delegate,1,Republican,Todd Fowler (Trump),555
Johnson,Delegate,At-Large,Republican,Amy Jones (Trump),758
Johnson,Delegate,At-Large,Republican,Beth Scott Clayton (Trump),711
Johnson,Delegate,At-Large,Republican,Chad Blackburn (Trump),825
Johnson,Delegate,At-Large,Republican,Dalton Temple (Trump),435
Johnson,Delegate,At-Large,Republican,Douglas M. Englen (Trump),696
Johnson,Delegate,At-Large,Republican,Jack Johnson (Trump),877
Johnson,Delegate,At-Large,Republican,Jake Adams (Uncommitted),107
Johnson,Delegate,At-Large,Republican,Jane Chedester (Trump),579
Johnson,Delegate,At-Large,Republican,Jennifer Inman Little (Trump),440
Johnson,Delegate,At-Large,Republican,Julia Atchley-Pace (Trump),617
Johnson,Delegate,At-Large,Republican,Larry M. Sims (Uncommitted),43
Johnson,Delegate,At-Large,Republican,Lei Ann Gleaves (Trump),600
Johnson,Delegate,At-Large,Republican,Leslie D. Mills (Uncommitted),39
Johnson,Delegate,At-Large,Republican,Linda D. Buckles (Trump),830
Johnson,Delegate,At-Large,Republican,Mae Beavers (Trump),686
Johnson,Delegate,At-Large,Republican,Marsha Yessick (Trump),295
Johnson,Delegate,At-Large,Republican,Mary Littleton (Trump),457
Johnson,Delegate,At-Large,Republican,Nazar Sharanshi (Trump),187
Johnson,Delegate,At-Large,Republican,Patricia D. Mills (Uncommitted),33
Johnson,Delegate,At-Large,Republican,Paulina Albornoz Madaris (Trump),213
Johnson,Delegate,At-Large,Republican,Peggy Larkin (Trump),678
Johnson,Delegate,At-Large,Republican,Raul Lopez (Trump),331
Johnson,Delegate,At-Large,Republican,Rick Tillis (Trump),469
Johnson,Delegate,At-Large,Republican,Robin T. Smith (Trump),463
Johnson,Delegate,At-Large,Republican,Shannon Haynes (Trump),720
Johnson,Delegate,At-Large,Republican,Steve Allbrooks (Trump),807
Johnson,Delegate,At-Large,Republican,Susan Richardson Williams (Trump),383
Johnson,Delegate,At-Large,Republican,Wanda J. Cooke (Uncommitted),41
Johnson,Delegate,At-Large,Republican,William Lamberth (Trump),741
Johnson,Presidential Preference,NA,Democratic,Amy Klobuchar,22
Johnson,Presidential Preference,NA,Democratic,Andrew Yang,1
Johnson,Presidential Preference,NA,Democratic,Bernie Sanders,177
Johnson,Presidential Preference,NA,Democratic,Cory Booker,0
Johnson,Presidential Preference,NA,Democratic,Deval Patrick,1
Johnson,Presidential Preference,NA,Democratic,Elizabeth Warren,46
Johnson,Presidential Preference,NA,Democratic,John K. Delaney,2
Johnson,Presidential Preference,NA,Democratic,Joseph R. Biden,226
Johnson,Presidential Preference,NA,Democratic,Julián Castro,0
Johnson,Presidential Preference,NA,Democratic,Marianne Williamson,0
Johnson,Presidential Preference,NA,Democratic,Michael Bennet,2
Johnson,Presidential Preference,NA,Democratic,Michael R. Bloomberg,89
Johnson,Presidential Preference,NA,Democratic,Pete Buttigieg,35
Johnson,Presidential Preference,NA,Democratic,Tom Steyer,4
Johnson,Presidential Preference,NA,Democratic,Tulsi Gabbard,3
Johnson,Presidential Preference,NA,Democratic,Uncommitted,0
Johnson,Presidential Preference,NA,Republican,Bill Weld,9
Johnson,Presidential Preference,NA,Republican,Donald J. Trump,1443
Johnson,Presidential Preference,NA,Republican,Joe Walsh,10
Johnson,Presidential Preference,NA,Republican,Uncommitted,10
Knox,Delegate,2,Republican,Cindy Hatcher (Trump),9691
Knox,Delegate,2,Republican,David A Bishop (Trump),18598
Knox,Delegate,2,Republican,James Corcoran (Trump),17295
Knox,Delegate,2,Republican,Kathy Adams (Uncommitted),2872
Knox,Delegate,2,Republican,Robin Flenniken (Trump),12776
Knox,Delegate,2,Republican,Scott David Smith (Trump),11675
Knox,Criminal Court Judge Division II,6 (unexpired term),Democratic,No Candidate Qualified,0
Knox,Public Defender,6 (unexpired term),Democratic,No Candidate Qualified,0
Knox,Criminal Court Judge Division II,6 (unexpired term),Republican,Kyle Hixson,22419
Knox,Criminal Court Judge Division II,6 (unexpired term),Republican,Wesley Stone,10933
Knox,Public Defender,6 (unexpired term),Republican,Eric M. Lutton,17322
Knox,Public Defender,6 (unexpired term),Republican,Rhonda Lee,14574
Knox,Delegate,At-Large,Republican,Amy Jones (Trump),17549
Knox,Delegate,At-Large,Republican,Beth Scott Clayton (Trump),19460
Knox,Delegate,At-Large,Republican,Chad Blackburn (Trump),22151
Knox,Delegate,At-Large,Republican,Dalton Temple (Trump),7779
Knox,Delegate,At-Large,Republican,Douglas M. Englen (Trump),18383
Knox,Delegate,At-Large,Republican,Jack Johnson (Trump),19580
Knox,Delegate,At-Large,Republican,Jake Adams (Uncommitted),3216
Knox,Delegate,At-Large,Republican,Jane Chedester (Trump),17625
Knox,Delegate,At-Large,Republican,Jennifer Inman Little (Trump),9623
Knox,Delegate,At-Large,Republican,Julia Atchley-Pace (Trump),20403
Knox,Delegate,At-Large,Republican,Larry M. Sims (Uncommitted),2515
Knox,Delegate,At-Large,Republican,Lei Ann Gleaves (Trump),16190
Knox,Delegate,At-Large,Republican,Leslie D. Mills (Uncommitted),2365
Knox,Delegate,At-Large,Republican,Linda D. Buckles (Trump),19157
Knox,Delegate,At-Large,Republican,Mae Beavers (Trump),19068
Knox,Delegate,At-Large,Republican,Marsha Yessick (Trump),5857
Knox,Delegate,At-Large,Republican,Mary Littleton (Trump),9002
Knox,Delegate,At-Large,Republican,Nazar Sharanshi (Trump),3457
Knox,Delegate,At-Large,Republican,Patricia D. Mills (Uncommitted),2292
Knox,Delegate,At-Large,Republican,Paulina Albornoz Madaris (Trump),4572
Knox,Delegate,At-Large,Republican,Peggy Larkin (Trump),14497
Knox,Delegate,At-Large,Republican,Raul Lopez (Trump),7004
Knox,Delegate,At-Large,Republican,Rick Tillis (Trump),9344
Knox,Delegate,At-Large,Republican,Robin T. Smith (Trump),9560
Knox,Delegate,At-Large,Republican,Shannon Haynes (Trump),17936
Knox,Delegate,At-Large,Republican,Steve Allbrooks (Trump),21611
Knox,Delegate,At-Large,Republican,Susan Richardson Williams (Trump),10332
Knox,Delegate,At-Large,Republican,Wanda J. Cooke (Uncommitted),2432
Knox,Delegate,At-Large,Republican,William Lamberth (Trump),17072
Knox,Presidential Preference,NA,Democratic,Amy Klobuchar,1256
Knox,Presidential Preference,NA,Democratic,Andrew Yang,107
Knox,Presidential Preference,NA,Democratic,Bernie Sanders,14722
Knox,Presidential Preference,NA,Democratic,Cory Booker,54
Knox,Presidential Preference,NA,Democratic,Deval Patrick,9
Knox,Presidential Preference,NA,Democratic,Elizabeth Warren,6245
Knox,Presidential Preference,NA,Democratic,John K. Delaney,25
Knox,Presidential Preference,NA,Democratic,Joseph R. Biden,14885
Knox,Presidential Preference,NA,Democratic,Julián Castro,10
Knox,Presidential Preference,NA,Democratic,Marianne Williamson,20
Knox,Presidential Preference,NA,Democratic,Michael Bennet,95
Knox,Presidential Preference,NA,Democratic,Michael R. Bloomberg,6512
Knox,Presidential Preference,NA,Democratic,Pete Buttigieg,2044
Knox,Presidential Preference,NA,Democratic,Tom Steyer,123
Knox,Presidential Preference,NA,Democratic,Tulsi Gabbard,223
Knox,Presidential Preference,NA,Democratic,Uncommitted,84
Knox,Presidential Preference,NA,Republican,Bill Weld,727
Knox,Presidential Preference,NA,Republican,Donald J. Trump,32978
Knox,Presidential Preference,NA,Republican,Joe Walsh,709
Knox,Presidential Preference,NA,Republican,Uncommitted,1192
Lake,Delegate,8,Republican,Charlotte Kelley (Trump),77
Lake,Delegate,8,Republican,Elaine S. Ervin (Trump),109
Lake,Delegate,8,Republican,Jim Craig (Uncommitted),13
Lake,Delegate,8,Republican,Joseph S. Coury (Trump),116
Lake,Delegate,8,Republican,Nichole Bufalino (Trump),104
Lake,Delegate,8,Republican,Steve Maroney (Trump),98
Lake,Delegate,At-Large,Republican,Amy Jones (Trump),136
Lake,Delegate,At-Large,Republican,Beth Scott Clayton (Trump),135
Lake,Delegate,At-Large,Republican,Chad Blackburn (Trump),178
Lake,Delegate,At-Large,Republican,Dalton Temple (Trump),58
Lake,Delegate,At-Large,Republican,Douglas M. Englen (Trump),141
Lake,Delegate,At-Large,Republican,Jack Johnson (Trump),161
Lake,Delegate,At-Large,Republican,Jake Adams (Uncommitted),25
Lake,Delegate,At-Large,Republican,Jane Chedester (Trump),129
Lake,Delegate,At-Large,Republican,Jennifer Inman Little (Trump),76
Lake,Delegate,At-Large,Republican,Julia Atchley-Pace (Trump),140
Lake,Delegate,At-Large,Republican,Larry M. Sims (Uncommitted),7
Lake,Delegate,At-Large,Republican,Lei Ann Gleaves (Trump),131
Lake,Delegate,At-Large,Republican,Leslie D. Mills (Uncommitted),20
Lake,Delegate,At-Large,Republican,Linda D. Buckles (Trump),146
Lake,Delegate,At-Large,Republican,Mae Beavers (Trump),147
Lake,Delegate,At-Large,Republican,Marsha Yessick (Trump),30
Lake,Delegate,At-Large,Republican,Mary Littleton (Trump),71
Lake,Delegate,At-Large,Republican,Nazar Sharanshi (Trump),20
Lake,Delegate,At-Large,Republican,Patricia D. Mills (Uncommitted),14
Lake,Delegate,At-Large,Republican,Paulina Albornoz Madaris (Trump),25
Lake,Delegate,At-Large,Republican,Peggy Larkin (Trump),122
Lake,Delegate,At-Large,Republican,Raul Lopez (Trump),51
Lake,Delegate,At-Large,Republican,Rick Tillis (Trump),72
Lake,Delegate,At-Large,Republican,Robin T. Smith (Trump),76
Lake,Delegate,At-Large,Republican,Shannon Haynes (Trump),151
Lake,Delegate,At-Large,Republican,Steve Allbrooks (Trump),188
Lake,Delegate,At-Large,Republican,Susan Richardson Williams (Trump),62
Lake,Delegate,At-Large,Republican,Wanda J. Cooke (Uncommitted),13
Lake,Delegate,At-Large,Republican,William Lamberth (Trump),142
Lake,Presidential Preference,NA,Democratic,Amy Klobuchar,2
Lake,Presidential Preference,NA,Democratic,Andrew Yang,1
Lake,Presidential Preference,NA,Democratic,Bernie Sanders,51
Lake,Presidential Preference,NA,Democratic,Cory Booker,1
Lake,Presidential Preference,NA,Democratic,Deval Patrick,0
Lake,Presidential Preference,NA,Democratic,Elizabeth Warren,8
Lake,Presidential Preference,NA,Democratic,John K. Delaney,0
Lake,Presidential Preference,NA,Democratic,Joseph R. Biden,133
Lake,Presidential Preference,NA,Democratic,Julián Castro,1
Lake,Presidential Preference,NA,Democratic,Marianne Williamson,0
Lake,Presidential Preference,NA,Democratic,Michael Bennet,7
Lake,Presidential Preference,NA,Democratic,Michael R. Bloomberg,39
Lake,Presidential Preference,NA,Democratic,Pete Buttigieg,2
Lake,Presidential Preference,NA,Democratic,Tom Steyer,0
Lake,Presidential Preference,NA,Democratic,Tulsi Gabbard,0
Lake,Presidential Preference,NA,Democratic,Uncommitted,0
Lake,Presidential Preference,NA,Republican,Bill Weld,1
Lake,Presidential Preference,NA,Republican,Donald J. Trump,297
Lake,Presidential Preference,NA,Republican,Joe Walsh,2
Lake,Presidential Preference,NA,Republican,Uncommitted,1
Lauderdale,Delegate,8,Republican,Charlotte Kelley (Trump),348
Lauderdale,Delegate,8,Republican,Elaine S. Ervin (Trump),366
Lauderdale,Delegate,8,Republican,Jim Craig (Uncommitted),61
Lauderdale,Delegate,8,Republican,Joseph S. Coury (Trump),358
Lauderdale,Delegate,8,Republican,Nichole Bufalino (Trump),314
Lauderdale,Delegate,8,Republican,Steve Maroney (Trump),366
Lauderdale,Delegate,At-Large,Republican,Amy Jones (Trump),453
Lauderdale,Delegate,At-Large,Republican,Beth Scott Clayton (Trump),449
Lauderdale,Delegate,At-Large,Republican,Chad Blackburn (Trump),527
Lauderdale,Delegate,At-Large,Republican,Dalton Temple (Trump),238
Lauderdale,Delegate,At-Large,Republican,Douglas M. Englen (Trump),411
Lauderdale,Delegate,At-Large,Republican,Jack Johnson (Trump),529
Lauderdale,Delegate,At-Large,Republican,Jake Adams (Uncommitted),70
Lauderdale,Delegate,At-Large,Republican,Jane Chedester (Trump),337
Lauderdale,Delegate,At-Large,Republican,Jennifer Inman Little (Trump),266
Lauderdale,Delegate,At-Large,Republican,Julia Atchley-Pace (Trump),368
Lauderdale,Delegate,At-Large,Republican,Larry M. Sims (Uncommitted),21
Lauderdale,Delegate,At-Large,Republican,Lei Ann Gleaves (Trump),357
Lauderdale,Delegate,At-Large,Republican,Leslie D. Mills (Uncommitted),25
Lauderdale,Delegate,At-Large,Republican,Linda D. Buckles (Trump),415
Lauderdale,Delegate,At-Large,Republican,Mae Beavers (Trump),376
Lauderdale,Delegate,At-Large,Republican,Marsha Yessick (Trump),162
Lauderdale,Delegate,At-Large,Republican,Mary Littleton (Trump),273
Lauderdale,Delegate,At-Large,Republican,Nazar Sharanshi (Trump),118
Lauderdale,Delegate,At-Large,Republican,Patricia D. Mills (Uncommitted),24
Lauderdale,Delegate,At-Large,Republican,Paulina Albornoz Madaris (Trump),136
Lauderdale,Delegate,At-Large,Republican,Peggy Larkin (Trump),393
Lauderdale,Delegate,At-Large,Republican,Raul Lopez (Trump),208
Lauderdale,Delegate,At-Large,Republican,Rick Tillis (Trump),284
Lauderdale,Delegate,At-Large,Republican,Robin T. Smith (Trump),296
Lauderdale,Delegate,At-Large,Republican,Shannon Haynes (Trump),455
Lauderdale,Delegate,At-Large,Republican,Steve Allbrooks (Trump),507
Lauderdale,Delegate,At-Large,Republican,Susan Richardson Williams (Trump),260
Lauderdale,Delegate,At-Large,Republican,Wanda J. Cooke (Uncommitted),18
Lauderdale,Delegate,At-Large,Republican,William Lamberth (Trump),462
Lauderdale,Presidential Preference,NA,Democratic,Amy Klobuchar,13
Lauderdale,Presidential Preference,NA,Democratic,Andrew Yang,6
Lauderdale,Presidential Preference,NA,Democratic,Bernie Sanders,223
Lauderdale,Presidential Preference,NA,Democratic,Cory Booker,3
Lauderdale,Presidential Preference,NA,Democratic,Deval Patrick,2
Lauderdale,Presidential Preference,NA,Democratic,Elizabeth Warren,36
Lauderdale,Presidential Preference,NA,Democratic,John K. Delaney,3
Lauderdale,Presidential Preference,NA,Democratic,Joseph R. Biden,727
Lauderdale,Presidential Preference,NA,Democratic,Julián Castro,0
Lauderdale,Presidential Preference,NA,Democratic,Marianne Williamson,0
Lauderdale,Presidential Preference,NA,Democratic,Michael Bennet,10
Lauderdale,Presidential Preference,NA,Democratic,Michael R. Bloomberg,245
Lauderdale,Presidential Preference,NA,Democratic,Pete Buttigieg,15
Lauderdale,Presidential Preference,NA,Democratic,Tom Steyer,8
Lauderdale,Presidential Preference,NA,Democratic,Tulsi Gabbard,5
Lauderdale,Presidential Preference,NA,Democratic,Uncommitted,5
Lauderdale,Presidential Preference,NA,Republican,Bill Weld,2
Lauderdale,Presidential Preference,NA,Republican,Donald J. Trump,1055
Lauderdale,Presidential Preference,NA,Republican,Joe Walsh,8
Lauderdale,Presidential Preference,NA,Republican,Uncommitted,5
Lawrence,Circuit Court Judge Part III,22 (unexpired term),Republican,Chris Sockwell,1805
Lawrence,Public Defender,22 (unexpired term),Republican,Travis Jones,1664
Lawrence,Delegate,7,Republican,Angie McClanahan (Trump),330
Lawrence,Delegate,7,Republican,Cheryl D. Brown (Trump),822
Lawrence,Delegate,7,Republican,Jim Looney (Trump),1083
Lawrence,Delegate,7,Republican,Kenneth Eaton (Uncommitted),79
Lawrence,Delegate,7,Republican,Lisa Gary (Uncommitted),78
Lawrence,Delegate,7,Republican,Patricia F. Allen (Trump),936
Lawrence,Delegate,7,Republican,Rob Tiede (Uncommitted),13
Lawrence,Delegate,7,Republican,Sharon Massey Grimes (Trump),717
Lawrence,Delegate,7,Republican,Steven Giorno (Uncommitted),29
Lawrence,Delegate,7,Republican,Todd Benne Jr. (Uncommitted),40
Lawrence,Delegate,7,Republican,Tony Roberts (Trump),617
Lawrence,Delegate,At-Large,Republican,Amy Jones (Trump),1164
Lawrence,Delegate,At-Large,Republican,Beth Scott Clayton (Trump),1173
Lawrence,Delegate,At-Large,Republican,Chad Blackburn (Trump),1311
Lawrence,Delegate,At-Large,Republican,Dalton Temple (Trump),574
Lawrence,Delegate,At-Large,Republican,Douglas M. Englen (Trump),1042
Lawrence,Delegate,At-Large,Republican,Jack Johnson (Trump),1302
Lawrence,Delegate,At-Large,Republican,Jake Adams (Uncommitted),158
Lawrence,Delegate,At-Large,Republican,Jane Chedester (Trump),949
Lawrence,Delegate,At-Large,Republican,Jennifer Inman Little (Trump),603
Lawrence,Delegate,At-Large,Republican,Julia Atchley-Pace (Trump),992
Lawrence,Delegate,At-Large,Republican,Larry M. Sims (Uncommitted),39
Lawrence,Delegate,At-Large,Republican,Lei Ann Gleaves (Trump),965
Lawrence,Delegate,At-Large,Republican,Leslie D. Mills (Uncommitted),35
Lawrence,Delegate,At-Large,Republican,Linda D. Buckles (Trump),1069
Lawrence,Delegate,At-Large,Republican,Mae Beavers (Trump),1138
Lawrence,Delegate,At-Large,Republican,Marsha Yessick (Trump),396
Lawrence,Delegate,At-Large,Republican,Mary Littleton (Trump),643
Lawrence,Delegate,At-Large,Republican,Nazar Sharanshi (Trump),243
Lawrence,Delegate,At-Large,Republican,Patricia D. Mills (Uncommitted),31
Lawrence,Delegate,At-Large,Republican,Paulina Albornoz Madaris (Trump),288
Lawrence,Delegate,At-Large,Republican,Peggy Larkin (Trump),1020
Lawrence,Delegate,At-Large,Republican,Raul Lopez (Trump),388
Lawrence,Delegate,At-Large,Republican,Rick Tillis (Trump),671
Lawrence,Delegate,At-Large,Republican,Robin T. Smith (Trump),683
Lawrence,Delegate,At-Large,Republican,Shannon Haynes (Trump),1104
Lawrence,Delegate,At-Large,Republican,Steve Allbrooks (Trump),1311
Lawrence,Delegate,At-Large,Republican,Susan Richardson Williams (Trump),548
Lawrence,Delegate,At-Large,Republican,Wanda J. Cooke (Uncommitted),47
Lawrence,Delegate,At-Large,Republican,William Lamberth (Trump),1120
Lawrence,Presidential Preference,NA,Democratic,Amy Klobuchar,39
Lawrence,Presidential Preference,NA,Democratic,Andrew Yang,1
Lawrence,Presidential Preference,NA,Democratic,Bernie Sanders,379
Lawrence,Presidential Preference,NA,Democratic,Cory Booker,2
Lawrence,Presidential Preference,NA,Democratic,Deval Patrick,1
Lawrence,Presidential Preference,NA,Democratic,Elizabeth Warren,89
Lawrence,Presidential Preference,NA,Democratic,John K. Delaney,2
Lawrence,Presidential Preference,NA,Democratic,Joseph R. Biden,803
Lawrence,Presidential Preference,NA,Democratic,Julián Castro,1
Lawrence,Presidential Preference,NA,Democratic,Marianne Williamson,1
Lawrence,Presidential Preference,NA,Democratic,Michael Bennet,8
Lawrence,Presidential Preference,NA,Democratic,Michael R. Bloomberg,272
Lawrence,Presidential Preference,NA,Democratic,Pete Buttigieg,25
Lawrence,Presidential Preference,NA,Democratic,Tom Steyer,10
Lawrence,Presidential Preference,NA,Democratic,Tulsi Gabbard,11
Lawrence,Presidential Preference,NA,Democratic,Uncommitted,6
Lawrence,Presidential Preference,NA,Republican,Bill Weld,11
Lawrence,Presidential Preference,NA,Republican,Donald J. Trump,2225
Lawrence,Presidential Preference,NA,Republican,Joe Walsh,12
Lawrence,Presidential Preference,NA,Republican,Uncommitted,7
Lewis,Circuit Court Judge Division V,21 (unexpired term),Republican,Mike Spitzer,775
Lewis,Delegate,7,Republican,Angie McClanahan (Trump),113
Lewis,Delegate,7,Republican,Cheryl D. Brown (Trump),372
Lewis,Delegate,7,Republican,Jim Looney (Trump),247
Lewis,Delegate,7,Republican,Kenneth Eaton (Uncommitted),24
Lewis,Delegate,7,Republican,Lisa Gary (Uncommitted),24
Lewis,Delegate,7,Republican,Patricia F. Allen (Trump),405
Lewis,Delegate,7,Republican,Rob Tiede (Uncommitted),8
Lewis,Delegate,7,Republican,Sharon Massey Grimes (Trump),375
Lewis,Delegate,7,Republican,Steven Giorno (Uncommitted),7
Lewis,Delegate,7,Republican,Todd Benne Jr. (Uncommitted),15
Lewis,Delegate,7,Republican,Tony Roberts (Trump),206
Lewis,Delegate,At-Large,Republican,Amy Jones (Trump),460
Lewis,Delegate,At-Large,Republican,Beth Scott Clayton (Trump),521
Lewis,Delegate,At-Large,Republican,Chad Blackburn (Trump),598
Lewis,Delegate,At-Large,Republican,Dalton Temple (Trump),160
Lewis,Delegate,At-Large,Republican,Douglas M. Englen (Trump),490
Lewis,Delegate,At-Large,Republican,Jack Johnson (Trump),510
Lewis,Delegate,At-Large,Republican,Jake Adams (Uncommitted),33
Lewis,Delegate,At-Large,Republican,Jane Chedester (Trump),472
Lewis,Delegate,At-Large,Republican,Jennifer Inman Little (Trump),217
Lewis,Delegate,At-Large,Republican,Julia Atchley-Pace (Trump),514
Lewis,Delegate,At-Large,Republican,Larry M. Sims (Uncommitted),22
Lewis,Delegate,At-Large,Republican,Lei Ann Gleaves (Trump),424
Lewis,Delegate,At-Large,Republican,Leslie D. Mills (Uncommitted),17
Lewis,Delegate,At-Large,Republican,Linda D. Buckles (Trump),509
Lewis,Delegate,At-Large,Republican,Mae Beavers (Trump),552
Lewis,Delegate,At-Large,Republican,Marsha Yessick (Trump),111
Lewis,Delegate,At-Large,Republican,Mary Littleton (Trump),194
Lewis,Delegate,At-Large,Republican,Nazar Sharanshi (Trump),46
Lewis,Delegate,At-Large,Republican,Patricia D. Mills (Uncommitted),17
Lewis,Delegate,At-Large,Republican,Paulina Albornoz Madaris (Trump),74
Lewis,Delegate,At-Large,Republican,Peggy Larkin (Trump),391
Lewis,Delegate,At-Large,Republican,Raul Lopez (Trump),128
Lewis,Delegate,At-Large,Republican,Rick Tillis (Trump),196
Lewis,Delegate,At-Large,Republican,Robin T. Smith (Trump),199
Lewis,Delegate,At-Large,Republican,Shannon Haynes (Trump),483
Lewis,Delegate,At-Large,Republican,Steve Allbrooks (Trump),598
Lewis,Delegate,At-Large,Republican,Susan Richardson Williams (Trump),152
Lewis,Delegate,At-Large,Republican,Wanda J. Cooke (Uncommitted),21
Lewis,Delegate,At-Large,Republican,William Lamberth (Trump),469
Lewis,Presidential Preference,NA,Democratic,Amy Klobuchar,10
Lewis,Presidential Preference,NA,Democratic,Andrew Yang,0
Lewis,Presidential Preference,NA,Democratic,Bernie Sanders,192
Lewis,Presidential Preference,NA,Democratic,Cory Booker,0
Lewis,Presidential Preference,NA,Democratic,Deval Patrick,0
Lewis,Presidential Preference,NA,Democratic,Elizabeth Warren,43
Lewis,Presidential Preference,NA,Democratic,John K. Delaney,2
Lewis,Presidential Preference,NA,Democratic,Joseph R. Biden,169
Lewis,Presidential Preference,NA,Democratic,Julián Castro,0
Lewis,Presidential Preference,NA,Democratic,Marianne Williamson,0
Lewis,Presidential Preference,NA,Democratic,Michael Bennet,3
Lewis,Presidential Preference,NA,Democratic,Michael R. Bloomberg,83
Lewis,Presidential Preference,NA,Democratic,Pete Buttigieg,17
Lewis,Presidential Preference,NA,Democratic,Tom Steyer,0
Lewis,Presidential Preference,NA,Democratic,Tulsi Gabbard,6
Lewis,Presidential Preference,NA,Democratic,Uncommitted,1
Lewis,Presidential Preference,NA,Republican,Bill Weld,2
Lewis,Presidential Preference,NA,Republican,Donald J. Trump,846
Lewis,Presidential Preference,NA,Republican,Joe Walsh,4
Lewis,Presidential Preference,NA,Republican,Uncommitted,5
Lincoln,Delegate,4,Republican,Adam Coggin (Trump),1197
Lincoln,Delegate,4,Republican,James A. Sandman (Trump),710
Lincoln,Delegate,4,Republican,Joanne Thompson Skidmore (Uncommitted),107
Lincoln,Delegate,4,Republican,John S. Stanbery (Trump),554
Lincoln,Delegate,4,Republican,Lynne Davis (Trump),1077
Lincoln,Delegate,4,Republican,Mary Ann Tackett (Trump),1527
Lincoln,Delegate,4,Republican,Shane Reeves (Trump),1758
Lincoln,Delegate,At-Large,Republican,Amy Jones (Trump),1656
Lincoln,Delegate,At-Large,Republican,Beth Scott Clayton (Trump),1645
Lincoln,Delegate,At-Large,Republican,Chad Blackburn (Trump),2023
Lincoln,Delegate,At-Large,Republican,Dalton Temple (Trump),652
Lincoln,Delegate,At-Large,Republican,Douglas M. Englen (Trump),1572
Lincoln,Delegate,At-Large,Republican,Jack Johnson (Trump),1771
Lincoln,Delegate,At-Large,Republican,Jake Adams (Uncommitted),107
Lincoln,Delegate,At-Large,Republican,Jane Chedester (Trump),1496
Lincoln,Delegate,At-Large,Republican,Jennifer Inman Little (Trump),683
Lincoln,Delegate,At-Large,Republican,Julia Atchley-Pace (Trump),1666
Lincoln,Delegate,At-Large,Republican,Larry M. Sims (Uncommitted),103
Lincoln,Delegate,At-Large,Republican,Lei Ann Gleaves (Trump),1417
Lincoln,Delegate,At-Large,Republican,Leslie D. Mills (Uncommitted),68
Lincoln,Delegate,At-Large,Republican,Linda D. Buckles (Trump),1633
Lincoln,Delegate,At-Large,Republican,Mae Beavers (Trump),1686
Lincoln,Delegate,At-Large,Republican,Marsha Yessick (Trump),391
Lincoln,Delegate,At-Large,Republican,Mary Littleton (Trump),702
Lincoln,Delegate,At-Large,Republican,Nazar Sharanshi (Trump),179
Lincoln,Delegate,At-Large,Republican,Patricia D. Mills (Uncommitted),81
Lincoln,Delegate,At-Large,Republican,Paulina Albornoz Madaris (Trump),284
Lincoln,Delegate,At-Large,Republican,Peggy Larkin (Trump),1265
Lincoln,Delegate,At-Large,Republican,Raul Lopez (Trump),425
Lincoln,Delegate,At-Large,Republican,Rick Tillis (Trump),1186
Lincoln,Delegate,At-Large,Republican,Robin T. Smith (Trump),839
Lincoln,Delegate,At-Large,Republican,Shannon Haynes (Trump),1589
Lincoln,Delegate,At-Large,Republican,Steve Allbrooks (Trump),2007
Lincoln,Delegate,At-Large,Republican,Susan Richardson Williams (Trump),611
Lincoln,Delegate,At-Large,Republican,Wanda J. Cooke (Uncommitted),75
Lincoln,Delegate,At-Large,Republican,William Lamberth (Trump),1600
Lincoln,Presidential Preference,NA,Democratic,Amy Klobuchar,28
Lincoln,Presidential Preference,NA,Democratic,Andrew Yang,2
Lincoln,Presidential Preference,NA,Democratic,Bernie Sanders,287
Lincoln,Presidential Preference,NA,Democratic,Cory Booker,4
Lincoln,Presidential Preference,NA,Democratic,Deval Patrick,0
Lincoln,Presidential Preference,NA,Democratic,Elizabeth Warren,112
Lincoln,Presidential Preference,NA,Democratic,John K. Delaney,0
Lincoln,Presidential Preference,NA,Democratic,Joseph R. Biden,648
Lincoln,Presidential Preference,NA,Democratic,Julián Castro,3
Lincoln,Presidential Preference,NA,Democratic,Marianne Williamson,9
Lincoln,Presidential Preference,NA,Democratic,Michael Bennet,6
Lincoln,Presidential Preference,NA,Democratic,Michael R. Bloomberg,227
Lincoln,Presidential Preference,NA,Democratic,Pete Buttigieg,32
Lincoln,Presidential Preference,NA,Democratic,Tom Steyer,11
Lincoln,Presidential Preference,NA,Democratic,Tulsi Gabbard,8
Lincoln,Presidential Preference,NA,Democratic,Uncommitted,6
Lincoln,Presidential Preference,NA,Republican,Bill Weld,20
Lincoln,Presidential Preference,NA,Republican,Donald J. Trump,3192
Lincoln,Presidential Preference,NA,Republican,Joe Walsh,10
Lincoln,Presidential Preference,NA,Republican,Uncommitted,16
Loudon,Delegate,2,Republican,Cindy Hatcher (Trump),1916
Loudon,Delegate,2,Republican,David A Bishop (Trump),3351
Loudon,Delegate,2,Republican,James Corcoran (Trump),2824
Loudon,Delegate,2,Republican,Kathy Adams (Uncommitted),401
Loudon,Delegate,2,Republican,Robin Flenniken (Trump),2364
Loudon,Delegate,2,Republican,Scott David Smith (Trump),1982
Loudon,Delegate,At-Large,Republican,Amy Jones (Trump),3371
Loudon,Delegate,At-Large,Republican,Beth Scott Clayton (Trump),3657
Loudon,Delegate,At-Large,Republican,Chad Blackburn (Trump),4063
Loudon,Delegate,At-Large,Republican,Dalton Temple (Trump),1328
Loudon,Delegate,At-Large,Republican,Douglas M. Englen (Trump),3471
Loudon,Delegate,At-Large,Republican,Jack Johnson (Trump),3661
Loudon,Delegate,At-Large,Republican,Jake Adams (Uncommitted),359
Loudon,Delegate,At-Large,Republican,Jane Chedester (Trump),3349
Loudon,Delegate,At-Large,Republican,Jennifer Inman Little (Trump),1881
Loudon,Delegate,At-Large,Republican,Julia Atchley-Pace (Trump),3808
Loudon,Delegate,At-Large,Republican,Larry M. Sims (Uncommitted),247
Loudon,Delegate,At-Large,Republican,Lei Ann Gleaves (Trump),3101
Loudon,Delegate,At-Large,Republican,Leslie D. Mills (Uncommitted),237
Loudon,Delegate,At-Large,Republican,Linda D. Buckles (Trump),3711
Loudon,Delegate,At-Large,Republican,Mae Beavers (Trump),3658
Loudon,Delegate,At-Large,Republican,Marsha Yessick (Trump),957
Loudon,Delegate,At-Large,Republican,Mary Littleton (Trump),1944
Loudon,Delegate,At-Large,Republican,Nazar Sharanshi (Trump),526
Loudon,Delegate,At-Large,Republican,Patricia D. Mills (Uncommitted),223
Loudon,Delegate,At-Large,Republican,Paulina Albornoz Madaris (Trump),827
Loudon,Delegate,At-Large,Republican,Peggy Larkin (Trump),2920
Loudon,Delegate,At-Large,Republican,Raul Lopez (Trump),1005
Loudon,Delegate,At-Large,Republican,Rick Tillis (Trump),1683
Loudon,Delegate,At-Large,Republican,Robin T. Smith (Trump),1718
Loudon,Delegate,At-Large,Republican,Shannon Haynes (Trump),3437
Loudon,Delegate,At-Large,Republican,Steve Allbrooks (Trump),4075
Loudon,Delegate,At-Large,Republican,Susan Richardson Williams (Trump),1565
Loudon,Delegate,At-Large,Republican,Wanda J. Cooke (Uncommitted),255
Loudon,Delegate,At-Large,Republican,William Lamberth (Trump),3304
Loudon,Presidential Preference,NA,Democratic,Amy Klobuchar,178
Loudon,Presidential Preference,NA,Democratic,Andrew Yang,5
Loudon,Presidential Preference,NA,Democratic,Bernie Sanders,640
Loudon,Presidential Preference,NA,Democratic,Cory Booker,4
Loudon,Presidential Preference,NA,Democratic,Deval Patrick,0
Loudon,Presidential Preference,NA,Democratic,Elizabeth Warren,244
Loudon,Presidential Preference,NA,Democratic,John K. Delaney,3
Loudon,Presidential Preference,NA,Democratic,Joseph R. Biden,1295
Loudon,Presidential Preference,NA,Democratic,Julián Castro,3
Loudon,Presidential Preference,NA,Democratic,Marianne Williamson,3
Loudon,Presidential Preference,NA,Democratic,Michael Bennet,9
Loudon,Presidential Preference,NA,Democratic,Michael R. Bloomberg,746
Loudon,Presidential Preference,NA,Democratic,Pete Buttigieg,179
Loudon,Presidential Preference,NA,Democratic,Tom Steyer,14
Loudon,Presidential Preference,NA,Democratic,Tulsi Gabbard,11
Loudon,Presidential Preference,NA,Democratic,Uncommitted,5
Loudon,Presidential Preference,NA,Republican,Bill Weld,67
Loudon,Presidential Preference,NA,Republican,Donald J. Trump,6061
Loudon,Presidential Preference,NA,Republican,Joe Walsh,60
Loudon,Presidential Preference,NA,Republican,Uncommitted,113
Macon,Circuit Court Judge Division II,15 (unexpired term),Republican,Javin Cripps,849
Macon,Circuit Court Judge Division II,15 (unexpired term),Republican,Michael Collins,842
Macon,Circuit Court Judge Division II,15 (unexpired term),Republican,Shawn McBrien,189
Macon,Public Defender,15 (unexpired term),Republican,Shelley Thompson Gardner,1344
Macon,Delegate,6,Republican,Craig Evan Clark (Trump),673
Macon,Delegate,6,Republican,Frank Gorgie (Uncommitted),41
Macon,Delegate,6,Republican,Holly S. Jones (Trump),716
Macon,Delegate,6,Republican,Joseph Elder (Uncommitted),70
Macon,Delegate,6,Republican,Mary Ann Parks (Trump),454
Macon,Delegate,6,Republican,Paul Bailey (Trump),891
Macon,Delegate,6,Republican,Ryan Williams (Trump),516
Macon,Delegate,6,Republican,Terri R. Nicholson (Trump),419
Macon,Delegate,At-Large,Republican,Amy Jones (Trump),941
Macon,Delegate,At-Large,Republican,Beth Scott Clayton (Trump),923
Macon,Delegate,At-Large,Republican,Chad Blackburn (Trump),1080
Macon,Delegate,At-Large,Republican,Dalton Temple (Trump),502
Macon,Delegate,At-Large,Republican,Douglas M. Englen (Trump),831
Macon,Delegate,At-Large,Republican,Jack Johnson (Trump),1034
Macon,Delegate,At-Large,Republican,Jake Adams (Uncommitted),140
Macon,Delegate,At-Large,Republican,Jane Chedester (Trump),711
Macon,Delegate,At-Large,Republican,Jennifer Inman Little (Trump),500
Macon,Delegate,At-Large,Republican,Julia Atchley-Pace (Trump),745
Macon,Delegate,At-Large,Republican,Larry M. Sims (Uncommitted),40
Macon,Delegate,At-Large,Republican,Lei Ann Gleaves (Trump),813
Macon,Delegate,At-Large,Republican,Leslie D. Mills (Uncommitted),41
Macon,Delegate,At-Large,Republican,Linda D. Buckles (Trump),835
Macon,Delegate,At-Large,Republican,Mae Beavers (Trump),1294
Macon,Delegate,At-Large,Republican,Marsha Yessick (Trump),276
Macon,Delegate,At-Large,Republican,Mary Littleton (Trump),517
Macon,Delegate,At-Large,Republican,Nazar Sharanshi (Trump),158
Macon,Delegate,At-Large,Republican,Patricia D. Mills (Uncommitted),38
Macon,Delegate,At-Large,Republican,Paulina Albornoz Madaris (Trump),188
Macon,Delegate,At-Large,Republican,Peggy Larkin (Trump),782
Macon,Delegate,At-Large,Republican,Raul Lopez (Trump),313
Macon,Delegate,At-Large,Republican,Rick Tillis (Trump),564
Macon,Delegate,At-Large,Republican,Robin T. Smith (Trump),565
Macon,Delegate,At-Large,Republican,Shannon Haynes (Trump),892
Macon,Delegate,At-Large,Republican,Steve Allbrooks (Trump),1032
Macon,Delegate,At-Large,Republican,Susan Richardson Williams (Trump),457
Macon,Delegate,At-Large,Republican,Wanda J. Cooke (Uncommitted),69
Macon,Delegate,At-Large,Republican,William Lamberth (Trump),965
Macon,Presidential Preference,NA,Democratic,Amy Klobuchar,9
Macon,Presidential Preference,NA,Democratic,Andrew Yang,1
Macon,Presidential Preference,NA,Democratic,Bernie Sanders,161
Macon,Presidential Preference,NA,Democratic,Cory Booker,0
Macon,Presidential Preference,NA,Democratic,Deval Patrick,0
Macon,Presidential Preference,NA,Democratic,Elizabeth Warren,26
Macon,Presidential Preference,NA,Democratic,John K. Delaney,1
Macon,Presidential Preference,NA,Democratic,Joseph R. Biden,209
Macon,Presidential Preference,NA,Democratic,Julián Castro,1
Macon,Presidential Preference,NA,Democratic,Marianne Williamson,0
Macon,Presidential Preference,NA,Democratic,Michael Bennet,4
Macon,Presidential Preference,NA,Democratic,Michael R. Bloomberg,128
Macon,Presidential Preference,NA,Democratic,Pete Buttigieg,24
Macon,Presidential Preference,NA,Democratic,Tom Steyer,2
Macon,Presidential Preference,NA,Democratic,Tulsi Gabbard,2
Macon,Presidential Preference,NA,Democratic,Uncommitted,1
Macon,Presidential Preference,NA,Republican,Bill Weld,12
Macon,Presidential Preference,NA,Republican,Donald J. Trump,2018
Macon,Presidential Preference,NA,Republican,Joe Walsh,18
Macon,Presidential Preference,NA,Republican,Uncommitted,16
Madison,Delegate,8,Republican,Charlotte Kelley (Trump),1306
Madison,Delegate,8,Republican,Elaine S. Ervin (Trump),1796
Madison,Delegate,8,Republican,Jim Craig (Uncommitted),264
Madison,Delegate,8,Republican,Joseph S. Coury (Trump),1914
Madison,Delegate,8,Republican,Nichole Bufalino (Trump),1674
Madison,Delegate,8,Republican,Steve Maroney (Trump),2214
Madison,Delegate,At-Large,Republican,Amy Jones (Trump),2469
Madison,Delegate,At-Large,Republican,Beth Scott Clayton (Trump),2655
Madison,Delegate,At-Large,Republican,Chad Blackburn (Trump),2873
Madison,Delegate,At-Large,Republican,Dalton Temple (Trump),768
Madison,Delegate,At-Large,Republican,Douglas M. Englen (Trump),2382
Madison,Delegate,At-Large,Republican,Jack Johnson (Trump),2670
Madison,Delegate,At-Large,Republican,Jake Adams (Uncommitted),189
Madison,Delegate,At-Large,Republican,Jane Chedester (Trump),2276
Madison,Delegate,At-Large,Republican,Jennifer Inman Little (Trump),1286
Madison,Delegate,At-Large,Republican,Julia Atchley-Pace (Trump),2515
Madison,Delegate,At-Large,Republican,Larry M. Sims (Uncommitted),127
Madison,Delegate,At-Large,Republican,Lei Ann Gleaves (Trump),2236
Madison,Delegate,At-Large,Republican,Leslie D. Mills (Uncommitted),121
Madison,Delegate,At-Large,Republican,Linda D. Buckles (Trump),2620
Madison,Delegate,At-Large,Republican,Mae Beavers (Trump),2483
Madison,Delegate,At-Large,Republican,Marsha Yessick (Trump),547
Madison,Delegate,At-Large,Republican,Mary Littleton (Trump),1125
Madison,Delegate,At-Large,Republican,Nazar Sharanshi (Trump),244
Madison,Delegate,At-Large,Republican,Patricia D. Mills (Uncommitted),103
Madison,Delegate,At-Large,Republican,Paulina Albornoz Madaris (Trump),401
Madison,Delegate,At-Large,Republican,Peggy Larkin (Trump),2075
Madison,Delegate,At-Large,Republican,Raul Lopez (Trump),616
Madison,Delegate,At-Large,Republican,Rick Tillis (Trump),1064
Madison,Delegate,At-Large,Republican,Robin T. Smith (Trump),1184
Madison,Delegate,At-Large,Republican,Shannon Haynes (Trump),2534
Madison,Delegate,At-Large,Republican,Steve Allbrooks (Trump),2946
Madison,Delegate,At-Large,Republican,Susan Richardson Williams (Trump),1020
Madison,Delegate,At-Large,Republican,Wanda J. Cooke (Uncommitted),120
Madison,Delegate,At-Large,Republican,William Lamberth (Trump),2376
Madison,Presidential Preference,NA,Democratic,Amy Klobuchar,115
Madison,Presidential Preference,NA,Democratic,Andrew Yang,10
Madison,Presidential Preference,NA,Democratic,Bernie Sanders,1121
Madison,Presidential Preference,NA,Democratic,Cory Booker,19
Madison,Presidential Preference,NA,Democratic,Deval Patrick,4
Madison,Presidential Preference,NA,Democratic,Elizabeth Warren,416
Madison,Presidential Preference,NA,Democratic,John K. Delaney,9
Madison,Presidential Preference,NA,Democratic,Joseph R. Biden,4063
Madison,Presidential Preference,NA,Democratic,Julián Castro,1
Madison,Presidential Preference,NA,Democratic,Marianne Williamson,7
Madison,Presidential Preference,NA,Democratic,Michael Bennet,30
Madison,Presidential Preference,NA,Democratic,Michael R. Bloomberg,1003
Madison,Presidential Preference,NA,Democratic,Pete Buttigieg,128
Madison,Presidential Preference,NA,Democratic,Tom Steyer,39
Madison,Presidential Preference,NA,Democratic,Tulsi Gabbard,16
Madison,Presidential Preference,NA,Democratic,Uncommitted,17
Madison,Presidential Preference,NA,Republican,Bill Weld,27
Madison,Presidential Preference,NA,Republican,Donald J. Trump,4446
Madison,Presidential Preference,NA,Republican,Joe Walsh,34
Madison,Presidential Preference,NA,Republican,Uncommitted,37
Marion,Delegate,4,Republican,Adam Coggin (Trump),878
Marion,Delegate,4,Republican,James A. Sandman (Trump),612
Marion,Delegate,4,Republican,Joanne Thompson Skidmore (Uncommitted),70
Marion,Delegate,4,Republican,John S. Stanbery (Trump),586
Marion,Delegate,4,Republican,Lynne Davis (Trump),819
Marion,Delegate,4,Republican,Mary Ann Tackett (Trump),558
Marion,Delegate,4,Republican,Shane Reeves (Trump),835
Marion,Delegate,At-Large,Republican,Amy Jones (Trump),1016
Marion,Delegate,At-Large,Republican,Beth Scott Clayton (Trump),1078
Marion,Delegate,At-Large,Republican,Chad Blackburn (Trump),1277
Marion,Delegate,At-Large,Republican,Dalton Temple (Trump),248
Marion,Delegate,At-Large,Republican,Douglas M. Englen (Trump),1024
Marion,Delegate,At-Large,Republican,Jack Johnson (Trump),1042
Marion,Delegate,At-Large,Republican,Jake Adams (Uncommitted),70
Marion,Delegate,At-Large,Republican,Jane Chedester (Trump),1072
Marion,Delegate,At-Large,Republican,Jennifer Inman Little (Trump),562
Marion,Delegate,At-Large,Republican,Julia Atchley-Pace (Trump),1052
Marion,Delegate,At-Large,Republican,Larry M. Sims (Uncommitted),48
Marion,Delegate,At-Large,Republican,Lei Ann Gleaves (Trump),928
Marion,Delegate,At-Large,Republican,Leslie D. Mills (Uncommitted),38
Marion,Delegate,At-Large,Republican,Linda D. Buckles (Trump),1113
Marion,Delegate,At-Large,Republican,Mae Beavers (Trump),1124
Marion,Delegate,At-Large,Republican,Marsha Yessick (Trump),206
Marion,Delegate,At-Large,Republican,Mary Littleton (Trump),468
Marion,Delegate,At-Large,Republican,Nazar Sharanshi (Trump),94
Marion,Delegate,At-Large,Republican,Patricia D. Mills (Uncommitted),41
Marion,Delegate,At-Large,Republican,Paulina Albornoz Madaris (Trump),200
Marion,Delegate,At-Large,Republican,Peggy Larkin (Trump),834
Marion,Delegate,At-Large,Republican,Raul Lopez (Trump),266
Marion,Delegate,At-Large,Republican,Rick Tillis (Trump),363
Marion,Delegate,At-Large,Republican,Robin T. Smith (Trump),318
Marion,Delegate,At-Large,Republican,Shannon Haynes (Trump),1053
Marion,Delegate,At-Large,Republican,Steve Allbrooks (Trump),1138
Marion,Delegate,At-Large,Republican,Susan Richardson Williams (Trump),276
Marion,Delegate,At-Large,Republican,Wanda J. Cooke (Uncommitted),40
Marion,Delegate,At-Large,Republican,William Lamberth (Trump),922
Marion,Presidential Preference,NA,Democratic,Amy Klobuchar,62
Marion,Presidential Preference,NA,Democratic,Andrew Yang,13
Marion,Presidential Preference,NA,Democratic,Bernie Sanders,420
Marion,Presidential Preference,NA,Democratic,Cory Booker,13
Marion,Presidential Preference,NA,Democratic,Deval Patrick,2
Marion,Presidential Preference,NA,Democratic,Elizabeth Warren,158
Marion,Presidential Preference,NA,Democratic,John K. Delaney,19
Marion,Presidential Preference,NA,Democratic,Joseph R. Biden,1027
Marion,Presidential Preference,NA,Democratic,Julián Castro,4
Marion,Presidential Preference,NA,Democratic,Marianne Williamson,3
Marion,Presidential Preference,NA,Democratic,Michael Bennet,24
Marion,Presidential Preference,NA,Democratic,Michael R. Bloomberg,441
Marion,Presidential Preference,NA,Democratic,Pete Buttigieg,76
Marion,Presidential Preference,NA,Democratic,Tom Steyer,23
Marion,Presidential Preference,NA,Democratic,Tulsi Gabbard,67
Marion,Presidential Preference,NA,Democratic,Uncommitted,65
Marion,Presidential Preference,NA,Republican,Bill Weld,12
Marion,Presidential Preference,NA,Republican,Donald J. Trump,2130
Marion,Presidential Preference,NA,Republican,Joe Walsh,11
Marion,Presidential Preference,NA,Republican,Uncommitted,21
Marshall,Delegate,4,Republican,Adam Coggin (Trump),680
Marshall,Delegate,4,Republican,James A. Sandman (Trump),417
Marshall,Delegate,4,Republican,Joanne Thompson Skidmore (Uncommitted),98
Marshall,Delegate,4,Republican,John S. Stanbery (Trump),381
Marshall,Delegate,4,Republican,Lynne Davis (Trump),618
Marshall,Delegate,4,Republican,Mary Ann Tackett (Trump),452
Marshall,Delegate,4,Republican,Shane Reeves (Trump),1025
Marshall,Delegate,At-Large,Republican,Amy Jones (Trump),854
Marshall,Delegate,At-Large,Republican,Beth Scott Clayton (Trump),821
Marshall,Delegate,At-Large,Republican,Chad Blackburn (Trump),986
Marshall,Delegate,At-Large,Republican,Dalton Temple (Trump),481
Marshall,Delegate,At-Large,Republican,Douglas M. Englen (Trump),743
Marshall,Delegate,At-Large,Republican,Jack Johnson (Trump),973
Marshall,Delegate,At-Large,Republican,Jake Adams (Uncommitted),128
Marshall,Delegate,At-Large,Republican,Jane Chedester (Trump),600
Marshall,Delegate,At-Large,Republican,Jennifer Inman Little (Trump),498
Marshall,Delegate,At-Large,Republican,Julia Atchley-Pace (Trump),602
Marshall,Delegate,At-Large,Republican,Larry M. Sims (Uncommitted),57
Marshall,Delegate,At-Large,Republican,Lei Ann Gleaves (Trump),732
Marshall,Delegate,At-Large,Republican,Leslie D. Mills (Uncommitted),45
Marshall,Delegate,At-Large,Republican,Linda D. Buckles (Trump),741
Marshall,Delegate,At-Large,Republican,Mae Beavers (Trump),1048
Marshall,Delegate,At-Large,Republican,Marsha Yessick (Trump),352
Marshall,Delegate,At-Large,Republican,Mary Littleton (Trump),553
Marshall,Delegate,At-Large,Republican,Nazar Sharanshi (Trump),208
Marshall,Delegate,At-Large,Republican,Patricia D. Mills (Uncommitted),40
Marshall,Delegate,At-Large,Republican,Paulina Albornoz Madaris (Trump),240
Marshall,Delegate,At-Large,Republican,Peggy Larkin (Trump),726
Marshall,Delegate,At-Large,Republican,Raul Lopez (Trump),377
Marshall,Delegate,At-Large,Republican,Rick Tillis (Trump),1146
Marshall,Delegate,At-Large,Republican,Robin T. Smith (Trump),548
Marshall,Delegate,At-Large,Republican,Shannon Haynes (Trump),790
Marshall,Delegate,At-Large,Republican,Steve Allbrooks (Trump),904
Marshall,Delegate,At-Large,Republican,Susan Richardson Williams (Trump),473
Marshall,Delegate,At-Large,Republican,Wanda J. Cooke (Uncommitted),45
Marshall,Delegate,At-Large,Republican,William Lamberth (Trump),824
Marshall,Presidential Preference,NA,Democratic,Amy Klobuchar,35
Marshall,Presidential Preference,NA,Democratic,Andrew Yang,4
Marshall,Presidential Preference,NA,Democratic,Bernie Sanders,385
Marshall,Presidential Preference,NA,Democratic,Cory Booker,5
Marshall,Presidential Preference,NA,Democratic,Deval Patrick,2
Marshall,Presidential Preference,NA,Democratic,Elizabeth Warren,126
Marshall,Presidential Preference,NA,Democratic,John K. Delaney,2
Marshall,Presidential Preference,NA,Democratic,Joseph R. Biden,683
Marshall,Presidential Preference,NA,Democratic,Julián Castro,0
Marshall,Presidential Preference,NA,Democratic,Marianne Williamson,3
Marshall,Presidential Preference,NA,Democratic,Michael Bennet,2
Marshall,Presidential Preference,NA,Democratic,Michael R. Bloomberg,256
Marshall,Presidential Preference,NA,Democratic,Pete Buttigieg,47
Marshall,Presidential Preference,NA,Democratic,Tom Steyer,9
Marshall,Presidential Preference,NA,Democratic,Tulsi Gabbard,7
Marshall,Presidential Preference,NA,Democratic,Uncommitted,3
Marshall,Presidential Preference,NA,Republican,Bill Weld,9
Marshall,Presidential Preference,NA,Republican,Donald J. Trump,1741
Marshall,Presidential Preference,NA,Republican,Joe Walsh,11
Marshall,Presidential Preference,NA,Republican,Uncommitted,12
Maury,Circuit Court Judge Part III,22 (unexpired term),Republican,Chris Sockwell,4831
Maury,Public Defender,22 (unexpired term),Republican,Travis Jones,4919
Maury,Delegate,4,Republican,Adam Coggin (Trump),2159
Maury,Delegate,4,Republican,James A. Sandman (Trump),1083
Maury,Delegate,4,Republican,Joanne Thompson Skidmore (Uncommitted),192
Maury,Delegate,4,Republican,John S. Stanbery (Trump),987
Maury,Delegate,4,Republican,Lynne Davis (Trump),1841
Maury,Delegate,4,Republican,Mary Ann Tackett (Trump),1031
Maury,Delegate,4,Republican,Shane Reeves (Trump),1865
Maury,Delegate,7,Republican,Angie McClanahan (Trump),398
Maury,Delegate,7,Republican,Cheryl D. Brown (Trump),497
Maury,Delegate,7,Republican,Jim Looney (Trump),382
Maury,Delegate,7,Republican,Kenneth Eaton (Uncommitted),34
Maury,Delegate,7,Republican,Lisa Gary (Uncommitted),38
Maury,Delegate,7,Republican,Patricia F. Allen (Trump),569
Maury,Delegate,7,Republican,Rob Tiede (Uncommitted),11
Maury,Delegate,7,Republican,Sharon Massey Grimes (Trump),461
Maury,Delegate,7,Republican,Steven Giorno (Uncommitted),16
Maury,Delegate,7,Republican,Todd Benne Jr. (Uncommitted),33
Maury,Delegate,7,Republican,Tony Roberts (Trump),348
Maury,Delegate,At-Large,Republican,Amy Jones (Trump),3244
Maury,Delegate,At-Large,Republican,Beth Scott Clayton (Trump),3405
Maury,Delegate,At-Large,Republican,Chad Blackburn (Trump),3875
Maury,Delegate,At-Large,Republican,Dalton Temple (Trump),1315
Maury,Delegate,At-Large,Republican,Douglas M. Englen (Trump),3138
Maury,Delegate,At-Large,Republican,Jack Johnson (Trump),3538
Maury,Delegate,At-Large,Republican,Jake Adams (Uncommitted),382
Maury,Delegate,At-Large,Republican,Jane Chedester (Trump),2890
Maury,Delegate,At-Large,Republican,Jennifer Inman Little (Trump),1683
Maury,Delegate,At-Large,Republican,Julia Atchley-Pace (Trump),2981
Maury,Delegate,At-Large,Republican,Larry M. Sims (Uncommitted),319
Maury,Delegate,At-Large,Republican,Lei Ann Gleaves (Trump),2851
Maury,Delegate,At-Large,Republican,Leslie D. Mills (Uncommitted),284
Maury,Delegate,At-Large,Republican,Linda D. Buckles (Trump),3209
Maury,Delegate,At-Large,Republican,Mae Beavers (Trump),3537
Maury,Delegate,At-Large,Republican,Marsha Yessick (Trump),954
Maury,Delegate,At-Large,Republican,Mary Littleton (Trump),1774
Maury,Delegate,At-Large,Republican,Nazar Sharanshi (Trump),596
Maury,Delegate,At-Large,Republican,Patricia D. Mills (Uncommitted),310
Maury,Delegate,At-Large,Republican,Paulina Albornoz Madaris (Trump),844
Maury,Delegate,At-Large,Republican,Peggy Larkin (Trump),2829
Maury,Delegate,At-Large,Republican,Raul Lopez (Trump),1115
Maury,Delegate,At-Large,Republican,Rick Tillis (Trump),1762
Maury,Delegate,At-Large,Republican,Robin T. Smith (Trump),1671
Maury,Delegate,At-Large,Republican,Shannon Haynes (Trump),3115
Maury,Delegate,At-Large,Republican,Steve Allbrooks (Trump),3970
Maury,Delegate,At-Large,Republican,Susan Richardson Williams (Trump),1349
Maury,Delegate,At-Large,Republican,Wanda J. Cooke (Uncommitted),279
Maury,Delegate,At-Large,Republican,William Lamberth (Trump),3179
Maury,Presidential Preference,NA,Democratic,Amy Klobuchar,134
Maury,Presidential Preference,NA,Democratic,Andrew Yang,12
Maury,Presidential Preference,NA,Democratic,Bernie Sanders,1478
Maury,Presidential Preference,NA,Democratic,Cory Booker,8
Maury,Presidential Preference,NA,Democratic,Deval Patrick,4
Maury,Presidential Preference,NA,Democratic,Elizabeth Warren,485
Maury,Presidential Preference,NA,Democratic,John K. Delaney,1
Maury,Presidential Preference,NA,Democratic,Joseph R. Biden,2517
Maury,Presidential Preference,NA,Democratic,Julián Castro,2
Maury,Presidential Preference,NA,Democratic,Marianne Williamson,2
Maury,Presidential Preference,NA,Democratic,Michael Bennet,10
Maury,Presidential Preference,NA,Democratic,Michael R. Bloomberg,844
Maury,Presidential Preference,NA,Democratic,Pete Buttigieg,216
Maury,Presidential Preference,NA,Democratic,Tom Steyer,16
Maury,Presidential Preference,NA,Democratic,Tulsi Gabbard,25
Maury,Presidential Preference,NA,Democratic,Uncommitted,18
Maury,Presidential Preference,NA,Republican,Bill Weld,42
Maury,Presidential Preference,NA,Republican,Donald J. Trump,6061
Maury,Presidential Preference,NA,Republican,Joe Walsh,43
Maury,Presidential Preference,NA,Republican,Uncommitted,83
McMinn,Delegate,3,Republican,Emily G. Beaty (Trump),2891
McMinn,Delegate,3,Republican,Fred I Underdown (Uncommitted),455
McMinn,Delegate,3,Republican,J. Thomas Decosimo (Trump),2044
McMinn,Delegate,3,Republican,Ken Meyer (Trump),1705
McMinn,Delegate,3,Republican,Liz Holiway (Trump),1232
McMinn,Delegate,3,Republican,Nancy Otis Doyle (Weld),193
McMinn,Delegate,3,Republican,Randy Ellis (Trump),3223
McMinn,Delegate,3,Republican,Sharon B. Anderson (Uncommitted),476
McMinn,Delegate,At-Large,Republican,Amy Jones (Trump),3191
McMinn,Delegate,At-Large,Republican,Beth Scott Clayton (Trump),3478
McMinn,Delegate,At-Large,Republican,Chad Blackburn (Trump),3791
McMinn,Delegate,At-Large,Republican,Dalton Temple (Trump),1104
McMinn,Delegate,At-Large,Republican,Douglas M. Englen (Trump),3246
McMinn,Delegate,At-Large,Republican,Jack Johnson (Trump),3477
McMinn,Delegate,At-Large,Republican,Jake Adams (Uncommitted),269
McMinn,Delegate,At-Large,Republican,Jane Chedester (Trump),3156
McMinn,Delegate,At-Large,Republican,Jennifer Inman Little (Trump),1606
McMinn,Delegate,At-Large,Republican,Julia Atchley-Pace (Trump),3647
McMinn,Delegate,At-Large,Republican,Larry M. Sims (Uncommitted),210
McMinn,Delegate,At-Large,Republican,Lei Ann Gleaves (Trump),2903
McMinn,Delegate,At-Large,Republican,Leslie D. Mills (Uncommitted),190
McMinn,Delegate,At-Large,Republican,Linda D. Buckles (Trump),3462
McMinn,Delegate,At-Large,Republican,Mae Beavers (Trump),3497
McMinn,Delegate,At-Large,Republican,Marsha Yessick (Trump),752
McMinn,Delegate,At-Large,Republican,Mary Littleton (Trump),1443
McMinn,Delegate,At-Large,Republican,Nazar Sharanshi (Trump),318
McMinn,Delegate,At-Large,Republican,Patricia D. Mills (Uncommitted),176
McMinn,Delegate,At-Large,Republican,Paulina Albornoz Madaris (Trump),585
McMinn,Delegate,At-Large,Republican,Peggy Larkin (Trump),2637
McMinn,Delegate,At-Large,Republican,Raul Lopez (Trump),779
McMinn,Delegate,At-Large,Republican,Rick Tillis (Trump),1346
McMinn,Delegate,At-Large,Republican,Robin T. Smith (Trump),1485
McMinn,Delegate,At-Large,Republican,Shannon Haynes (Trump),3252
McMinn,Delegate,At-Large,Republican,Steve Allbrooks (Trump),3782
McMinn,Delegate,At-Large,Republican,Susan Richardson Williams (Trump),1200
McMinn,Delegate,At-Large,Republican,Wanda J. Cooke (Uncommitted),217
McMinn,Delegate,At-Large,Republican,William Lamberth (Trump),3089
McMinn,Presidential Preference,NA,Democratic,Amy Klobuchar,55
McMinn,Presidential Preference,NA,Democratic,Andrew Yang,6
McMinn,Presidential Preference,NA,Democratic,Bernie Sanders,453
McMinn,Presidential Preference,NA,Democratic,Cory Booker,4
McMinn,Presidential Preference,NA,Democratic,Deval Patrick,5
McMinn,Presidential Preference,NA,Democratic,Elizabeth Warren,160
McMinn,Presidential Preference,NA,Democratic,John K. Delaney,1
McMinn,Presidential Preference,NA,Democratic,Joseph R. Biden,953
McMinn,Presidential Preference,NA,Democratic,Julián Castro,3
McMinn,Presidential Preference,NA,Democratic,Marianne Williamson,1
McMinn,Presidential Preference,NA,Democratic,Michael Bennet,11
McMinn,Presidential Preference,NA,Democratic,Michael R. Bloomberg,361
McMinn,Presidential Preference,NA,Democratic,Pete Buttigieg,73
McMinn,Presidential Preference,NA,Democratic,Tom Steyer,28
McMinn,Presidential Preference,NA,Democratic,Tulsi Gabbard,15
McMinn,Presidential Preference,NA,Democratic,Uncommitted,13
McMinn,Presidential Preference,NA,Republican,Bill Weld,41
McMinn,Presidential Preference,NA,Republican,Donald J. Trump,5539
McMinn,Presidential Preference,NA,Republican,Joe Walsh,67
McMinn,Presidential Preference,NA,Republican,Uncommitted,77
McNairy,Delegate,7,Republican,Angie McClanahan (Trump),242
McNairy,Delegate,7,Republican,Cheryl D. Brown (Trump),595
McNairy,Delegate,7,Republican,Jim Looney (Trump),351
McNairy,Delegate,7,Republican,Kenneth Eaton (Uncommitted),26
McNairy,Delegate,7,Republican,Lisa Gary (Uncommitted),26
McNairy,Delegate,7,Republican,Patricia F. Allen (Trump),694
McNairy,Delegate,7,Republican,Rob Tiede (Uncommitted),7
McNairy,Delegate,7,Republican,Sharon Massey Grimes (Trump),582
McNairy,Delegate,7,Republican,Steven Giorno (Uncommitted),7
McNairy,Delegate,7,Republican,Todd Benne Jr. (Uncommitted),17
McNairy,Delegate,7,Republican,Tony Roberts (Trump),466
McNairy,Delegate,At-Large,Republican,Amy Jones (Trump),889
McNairy,Delegate,At-Large,Republican,Beth Scott Clayton (Trump),902
McNairy,Delegate,At-Large,Republican,Chad Blackburn (Trump),1111
McNairy,Delegate,At-Large,Republican,Dalton Temple (Trump),249
McNairy,Delegate,At-Large,Republican,Douglas M. Englen (Trump),855
McNairy,Delegate,At-Large,Republican,Jack Johnson (Trump),950
McNairy,Delegate,At-Large,Republican,Jake Adams (Uncommitted),50
McNairy,Delegate,At-Large,Republican,Jane Chedester (Trump),851
McNairy,Delegate,At-Large,Republican,Jennifer Inman Little (Trump),321
McNairy,Delegate,At-Large,Republican,Julia Atchley-Pace (Trump),840
McNairy,Delegate,At-Large,Republican,Larry M. Sims (Uncommitted),28
McNairy,Delegate,At-Large,Republican,Lei Ann Gleaves (Trump),805
McNairy,Delegate,At-Large,Republican,Leslie D. Mills (Uncommitted),33
McNairy,Delegate,At-Large,Republican,Linda D. Buckles (Trump),863
McNairy,Delegate,At-Large,Republican,Mae Beavers (Trump),882
McNairy,Delegate,At-Large,Republican,Marsha Yessick (Trump),141
McNairy,Delegate,At-Large,Republican,Mary Littleton (Trump),322
McNairy,Delegate,At-Large,Republican,Nazar Sharanshi (Trump),70
McNairy,Delegate,At-Large,Republican,Patricia D. Mills (Uncommitted),42
McNairy,Delegate,At-Large,Republican,Paulina Albornoz Madaris (Trump),109
McNairy,Delegate,At-Large,Republican,Peggy Larkin (Trump),635
McNairy,Delegate,At-Large,Republican,Raul Lopez (Trump),160
McNairy,Delegate,At-Large,Republican,Rick Tillis (Trump),258
McNairy,Delegate,At-Large,Republican,Robin T. Smith (Trump),346
McNairy,Delegate,At-Large,Republican,Shannon Haynes (Trump),866
McNairy,Delegate,At-Large,Republican,Steve Allbrooks (Trump),1040
McNairy,Delegate,At-Large,Republican,Susan Richardson Williams (Trump),218
McNairy,Delegate,At-Large,Republican,Wanda J. Cooke (Uncommitted),25
McNairy,Delegate,At-Large,Republican,William Lamberth (Trump),921
McNairy,Presidential Preference,NA,Democratic,Amy Klobuchar,10
McNairy,Presidential Preference,NA,Democratic,Andrew Yang,5
McNairy,Presidential Preference,NA,Democratic,Bernie Sanders,153
McNairy,Presidential Preference,NA,Democratic,Cory Booker,4
McNairy,Presidential Preference,NA,Democratic,Deval Patrick,0
McNairy,Presidential Preference,NA,Democratic,Elizabeth Warren,34
McNairy,Presidential Preference,NA,Democratic,John K. Delaney,2
McNairy,Presidential Preference,NA,Democratic,Joseph R. Biden,573
McNairy,Presidential Preference,NA,Democratic,Julián Castro,0
McNairy,Presidential Preference,NA,Democratic,Marianne Williamson,3
McNairy,Presidential Preference,NA,Democratic,Michael Bennet,6
McNairy,Presidential Preference,NA,Democratic,Michael R. Bloomberg,139
McNairy,Presidential Preference,NA,Democratic,Pete Buttigieg,16
McNairy,Presidential Preference,NA,Democratic,Tom Steyer,3
McNairy,Presidential Preference,NA,Democratic,Tulsi Gabbard,4
McNairy,Presidential Preference,NA,Democratic,Uncommitted,3
McNairy,Presidential Preference,NA,Republican,Bill Weld,7
McNairy,Presidential Preference,NA,Republican,Donald J. Trump,1738
McNairy,Presidential Preference,NA,Republican,Joe Walsh,7
McNairy,Presidential Preference,NA,Republican,Uncommitted,2
Meigs,Delegate,4,Republican,Adam Coggin (Trump),598
Meigs,Delegate,4,Republican,James A. Sandman (Trump),384
Meigs,Delegate,4,Republican,Joanne Thompson Skidmore (Uncommitted),147
Meigs,Delegate,4,Republican,John S. Stanbery (Trump),516
Meigs,Delegate,4,Republican,Lynne Davis (Trump),617
Meigs,Delegate,4,Republican,Mary Ann Tackett (Trump),398
Meigs,Delegate,4,Republican,Shane Reeves (Trump),596
Meigs,Delegate,At-Large,Republican,Amy Jones (Trump),785
Meigs,Delegate,At-Large,Republican,Beth Scott Clayton (Trump),767
Meigs,Delegate,At-Large,Republican,Chad Blackburn (Trump),859
Meigs,Delegate,At-Large,Republican,Dalton Temple (Trump),394
Meigs,Delegate,At-Large,Republican,Douglas M. Englen (Trump),714
Meigs,Delegate,At-Large,Republican,Jack Johnson (Trump),892
Meigs,Delegate,At-Large,Republican,Jake Adams (Uncommitted),146
Meigs,Delegate,At-Large,Republican,Jane Chedester (Trump),645
Meigs,Delegate,At-Large,Republican,Jennifer Inman Little (Trump),451
Meigs,Delegate,At-Large,Republican,Julia Atchley-Pace (Trump),782
Meigs,Delegate,At-Large,Republican,Larry M. Sims (Uncommitted),62
Meigs,Delegate,At-Large,Republican,Lei Ann Gleaves (Trump),625
Meigs,Delegate,At-Large,Republican,Leslie D. Mills (Uncommitted),48
Meigs,Delegate,At-Large,Republican,Linda D. Buckles (Trump),717
Meigs,Delegate,At-Large,Republican,Mae Beavers (Trump),730
Meigs,Delegate,At-Large,Republican,Marsha Yessick (Trump),322
Meigs,Delegate,At-Large,Republican,Mary Littleton (Trump),505
Meigs,Delegate,At-Large,Republican,Nazar Sharanshi (Trump),169
Meigs,Delegate,At-Large,Republican,Patricia D. Mills (Uncommitted),50
Meigs,Delegate,At-Large,Republican,Paulina Albornoz Madaris (Trump),242
Meigs,Delegate,At-Large,Republican,Peggy Larkin (Trump),670
Meigs,Delegate,At-Large,Republican,Raul Lopez (Trump),290
Meigs,Delegate,At-Large,Republican,Rick Tillis (Trump),482
Meigs,Delegate,At-Large,Republican,Robin T. Smith (Trump),509
Meigs,Delegate,At-Large,Republican,Shannon Haynes (Trump),764
Meigs,Delegate,At-Large,Republican,Steve Allbrooks (Trump),846
Meigs,Delegate,At-Large,Republican,Susan Richardson Williams (Trump),390
Meigs,Delegate,At-Large,Republican,Wanda J. Cooke (Uncommitted),60
Meigs,Delegate,At-Large,Republican,William Lamberth (Trump),764
Meigs,Presidential Preference,NA,Democratic,Amy Klobuchar,21
Meigs,Presidential Preference,NA,Democratic,Andrew Yang,0
Meigs,Presidential Preference,NA,Democratic,Bernie Sanders,101
Meigs,Presidential Preference,NA,Democratic,Cory Booker,4
Meigs,Presidential Preference,NA,Democratic,Deval Patrick,0
Meigs,Presidential Preference,NA,Democratic,Elizabeth Warren,25
Meigs,Presidential Preference,NA,Democratic,John K. Delaney,2
Meigs,Presidential Preference,NA,Democratic,Joseph R. Biden,258
Meigs,Presidential Preference,NA,Democratic,Julián Castro,0
Meigs,Presidential Preference,NA,Democratic,Marianne Williamson,0
Meigs,Presidential Preference,NA,Democratic,Michael Bennet,2
Meigs,Presidential Preference,NA,Democratic,Michael R. Bloomberg,101
Meigs,Presidential Preference,NA,Democratic,Pete Buttigieg,13
Meigs,Presidential Preference,NA,Democratic,Tom Steyer,4
Meigs,Presidential Preference,NA,Democratic,Tulsi Gabbard,5
Meigs,Presidential Preference,NA,Democratic,Uncommitted,4
Meigs,Presidential Preference,NA,Republican,Bill Weld,15
Meigs,Presidential Preference,NA,Republican,Donald J. Trump,1668
Meigs,Presidential Preference,NA,Republican,Joe Walsh,29
Meigs,Presidential Preference,NA,Republican,Uncommitted,31
Monroe,Delegate,3,Republican,Emily G. Beaty (Trump),2346
Monroe,Delegate,3,Republican,Fred I Underdown (Uncommitted),118
Monroe,Delegate,3,Republican,J. Thomas Decosimo (Trump),1781
Monroe,Delegate,3,Republican,Ken Meyer (Trump),1401
Monroe,Delegate,3,Republican,Liz Holiway (Trump),980
Monroe,Delegate,3,Republican,Nancy Otis Doyle (Weld),149
Monroe,Delegate,3,Republican,Randy Ellis (Trump),2713
Monroe,Delegate,3,Republican,Sharon B. Anderson (Uncommitted),220
Monroe,Delegate,At-Large,Republican,Amy Jones (Trump),2504
Monroe,Delegate,At-Large,Republican,Beth Scott Clayton (Trump),2668
Monroe,Delegate,At-Large,Republican,Chad Blackburn (Trump),3057
Monroe,Delegate,At-Large,Republican,Dalton Temple (Trump),949
Monroe,Delegate,At-Large,Republican,Douglas M. Englen (Trump),2614
Monroe,Delegate,At-Large,Republican,Jack Johnson (Trump),2695
Monroe,Delegate,At-Large,Republican,Jake Adams (Uncommitted),235
Monroe,Delegate,At-Large,Republican,Jane Chedester (Trump),2442
Monroe,Delegate,At-Large,Republican,Jennifer Inman Little (Trump),1262
Monroe,Delegate,At-Large,Republican,Julia Atchley-Pace (Trump),3047
Monroe,Delegate,At-Large,Republican,Larry M. Sims (Uncommitted),131
Monroe,Delegate,At-Large,Republican,Lei Ann Gleaves (Trump),2281
Monroe,Delegate,At-Large,Republican,Leslie D. Mills (Uncommitted),129
Monroe,Delegate,At-Large,Republican,Linda D. Buckles (Trump),2704
Monroe,Delegate,At-Large,Republican,Mae Beavers (Trump),2670
Monroe,Delegate,At-Large,Republican,Marsha Yessick (Trump),600
Monroe,Delegate,At-Large,Republican,Mary Littleton (Trump),1137
Monroe,Delegate,At-Large,Republican,Nazar Sharanshi (Trump),265
Monroe,Delegate,At-Large,Republican,Patricia D. Mills (Uncommitted),109
Monroe,Delegate,At-Large,Republican,Paulina Albornoz Madaris (Trump),458
Monroe,Delegate,At-Large,Republican,Peggy Larkin (Trump),2121
Monroe,Delegate,At-Large,Republican,Raul Lopez (Trump),615
Monroe,Delegate,At-Large,Republican,Rick Tillis (Trump),1087
Monroe,Delegate,At-Large,Republican,Robin T. Smith (Trump),1123
Monroe,Delegate,At-Large,Republican,Shannon Haynes (Trump),2575
Monroe,Delegate,At-Large,Republican,Steve Allbrooks (Trump),2991
Monroe,Delegate,At-Large,Republican,Susan Richardson Williams (Trump),960
Monroe,Delegate,At-Large,Republican,Wanda J. Cooke (Uncommitted),152
Monroe,Delegate,At-Large,Republican,William Lamberth (Trump),2460
Monroe,Presidential Preference,NA,Democratic,Amy Klobuchar,50
Monroe,Presidential Preference,NA,Democratic,Andrew Yang,3
Monroe,Presidential Preference,NA,Democratic,Bernie Sanders,403
Monroe,Presidential Preference,NA,Democratic,Cory Booker,1
Monroe,Presidential Preference,NA,Democratic,Deval Patrick,1
Monroe,Presidential Preference,NA,Democratic,Elizabeth Warren,104
Monroe,Presidential Preference,NA,Democratic,John K. Delaney,1
Monroe,Presidential Preference,NA,Democratic,Joseph R. Biden,867
Monroe,Presidential Preference,NA,Democratic,Julián Castro,1
Monroe,Presidential Preference,NA,Democratic,Marianne Williamson,1
Monroe,Presidential Preference,NA,Democratic,Michael Bennet,1
Monroe,Presidential Preference,NA,Democratic,Michael R. Bloomberg,386
Monroe,Presidential Preference,NA,Democratic,Pete Buttigieg,59
Monroe,Presidential Preference,NA,Democratic,Tom Steyer,7
Monroe,Presidential Preference,NA,Democratic,Tulsi Gabbard,6
Monroe,Presidential Preference,NA,Democratic,Uncommitted,9
Monroe,Presidential Preference,NA,Republican,Bill Weld,26
Monroe,Presidential Preference,NA,Republican,Donald J. Trump,4359
Monroe,Presidential Preference,NA,Republican,Joe Walsh,31
Monroe,Presidential Preference,NA,Republican,Uncommitted,36
Montgomery,Circuit Court Judge Part V,19 (unexpired term),Democratic,No Candidate Qualified,0
Montgomery,Circuit Court Judge Part V,19 (unexpired term),Republican,Katy Olita,7721
Montgomery,Delegate,7,Republican,Angie McClanahan (Trump),1945
Montgomery,Delegate,7,Republican,Cheryl D. Brown (Trump),3421
Montgomery,Delegate,7,Republican,Jim Looney (Trump),2762
Montgomery,Delegate,7,Republican,Kenneth Eaton (Uncommitted),461
Montgomery,Delegate,7,Republican,Lisa Gary (Uncommitted),545
Montgomery,Delegate,7,Republican,Patricia F. Allen (Trump),4422
Montgomery,Delegate,7,Republican,Rob Tiede (Uncommitted),165
Montgomery,Delegate,7,Republican,Sharon Massey Grimes (Trump),4552
Montgomery,Delegate,7,Republican,Steven Giorno (Uncommitted),222
Montgomery,Delegate,7,Republican,Todd Benne Jr. (Uncommitted),351
Montgomery,Delegate,7,Republican,Tony Roberts (Trump),3017
Montgomery,Delegate,At-Large,Republican,Amy Jones (Trump),5070
Montgomery,Delegate,At-Large,Republican,Beth Scott Clayton (Trump),4962
Montgomery,Delegate,At-Large,Republican,Chad Blackburn (Trump),5755
Montgomery,Delegate,At-Large,Republican,Dalton Temple (Trump),2889
Montgomery,Delegate,At-Large,Republican,Douglas M. Englen (Trump),4750
Montgomery,Delegate,At-Large,Republican,Jack Johnson (Trump),5740
Montgomery,Delegate,At-Large,Republican,Jake Adams (Uncommitted),939
Montgomery,Delegate,At-Large,Republican,Jane Chedester (Trump),4137
Montgomery,Delegate,At-Large,Republican,Jennifer Inman Little (Trump),3133
Montgomery,Delegate,At-Large,Republican,Julia Atchley-Pace (Trump),4418
Montgomery,Delegate,At-Large,Republican,Larry M. Sims (Uncommitted),361
Montgomery,Delegate,At-Large,Republican,Lei Ann Gleaves (Trump),4301
Montgomery,Delegate,At-Large,Republican,Leslie D. Mills (Uncommitted),351
Montgomery,Delegate,At-Large,Republican,Linda D. Buckles (Trump),4723
Montgomery,Delegate,At-Large,Republican,Mae Beavers (Trump),4821
Montgomery,Delegate,At-Large,Republican,Marsha Yessick (Trump),2269
Montgomery,Delegate,At-Large,Republican,Mary Littleton (Trump),3673
Montgomery,Delegate,At-Large,Republican,Nazar Sharanshi (Trump),1377
Montgomery,Delegate,At-Large,Republican,Patricia D. Mills (Uncommitted),355
Montgomery,Delegate,At-Large,Republican,Paulina Albornoz Madaris (Trump),1741
Montgomery,Delegate,At-Large,Republican,Peggy Larkin (Trump),4777
Montgomery,Delegate,At-Large,Republican,Raul Lopez (Trump),2468
Montgomery,Delegate,At-Large,Republican,Rick Tillis (Trump),3294
Montgomery,Delegate,At-Large,Republican,Robin T. Smith (Trump),3416
Montgomery,Delegate,At-Large,Republican,Shannon Haynes (Trump),4894
Montgomery,Delegate,At-Large,Republican,Steve Allbrooks (Trump),5944
Montgomery,Delegate,At-Large,Republican,Susan Richardson Williams (Trump),2828
Montgomery,Delegate,At-Large,Republican,Wanda J. Cooke (Uncommitted),403
Montgomery,Delegate,At-Large,Republican,William Lamberth (Trump),4901
Montgomery,Presidential Preference,NA,Democratic,Amy Klobuchar,236
Montgomery,Presidential Preference,NA,Democratic,Andrew Yang,44
Montgomery,Presidential Preference,NA,Democratic,Bernie Sanders,3406
Montgomery,Presidential Preference,NA,Democratic,Cory Booker,29
Montgomery,Presidential Preference,NA,Democratic,Deval Patrick,8
Montgomery,Presidential Preference,NA,Democratic,Elizabeth Warren,1024
Montgomery,Presidential Preference,NA,Democratic,John K. Delaney,17
Montgomery,Presidential Preference,NA,Democratic,Joseph R. Biden,5351
Montgomery,Presidential Preference,NA,Democratic,Julián Castro,16
Montgomery,Presidential Preference,NA,Democratic,Marianne Williamson,5
Montgomery,Presidential Preference,NA,Democratic,Michael Bennet,52
Montgomery,Presidential Preference,NA,Democratic,Michael R. Bloomberg,1711
Montgomery,Presidential Preference,NA,Democratic,Pete Buttigieg,373
Montgomery,Presidential Preference,NA,Democratic,Tom Steyer,57
Montgomery,Presidential Preference,NA,Democratic,Tulsi Gabbard,67
Montgomery,Presidential Preference,NA,Democratic,Uncommitted,14
Montgomery,Presidential Preference,NA,Republican,Bill Weld,94
Montgomery,Presidential Preference,NA,Republican,Donald J. Trump,9011
Montgomery,Presidential Preference,NA,Republican,Joe Walsh,151
Montgomery,Presidential Preference,NA,Republican,Uncommitted,205
Moore,Delegate,4,Republican,Adam Coggin (Trump),287
Moore,Delegate,4,Republican,James A. Sandman (Trump),147
Moore,Delegate,4,Republican,Joanne Thompson Skidmore (Uncommitted),16
Moore,Delegate,4,Republican,John S. Stanbery (Trump),129
Moore,Delegate,4,Republican,Lynne Davis (Trump),296
Moore,Delegate,4,Republican,Mary Ann Tackett (Trump),175
Moore,Delegate,4,Republican,Shane Reeves (Trump),372
Moore,Delegate,At-Large,Republican,Amy Jones (Trump),378
Moore,Delegate,At-Large,Republican,Beth Scott Clayton (Trump),372
Moore,Delegate,At-Large,Republican,Chad Blackburn (Trump),426
Moore,Delegate,At-Large,Republican,Dalton Temple (Trump),136
Moore,Delegate,At-Large,Republican,Douglas M. Englen (Trump),345
Moore,Delegate,At-Large,Republican,Jack Johnson (Trump),384
Moore,Delegate,At-Large,Republican,Jake Adams (Uncommitted),18
Moore,Delegate,At-Large,Republican,Jane Chedester (Trump),334
Moore,Delegate,At-Large,Republican,Jennifer Inman Little (Trump),149
Moore,Delegate,At-Large,Republican,Julia Atchley-Pace (Trump),352
Moore,Delegate,At-Large,Republican,Larry M. Sims (Uncommitted),14
Moore,Delegate,At-Large,Republican,Lei Ann Gleaves (Trump),324
Moore,Delegate,At-Large,Republican,Leslie D. Mills (Uncommitted),14
Moore,Delegate,At-Large,Republican,Linda D. Buckles (Trump),348
Moore,Delegate,At-Large,Republican,Mae Beavers (Trump),403
Moore,Delegate,At-Large,Republican,Marsha Yessick (Trump),73
Moore,Delegate,At-Large,Republican,Mary Littleton (Trump),139
Moore,Delegate,At-Large,Republican,Nazar Sharanshi (Trump),49
Moore,Delegate,At-Large,Republican,Patricia D. Mills (Uncommitted),14
Moore,Delegate,At-Large,Republican,Paulina Albornoz Madaris (Trump),72
Moore,Delegate,At-Large,Republican,Peggy Larkin (Trump),307
Moore,Delegate,At-Large,Republican,Raul Lopez (Trump),89
Moore,Delegate,At-Large,Republican,Rick Tillis (Trump),160
Moore,Delegate,At-Large,Republican,Robin T. Smith (Trump),175
Moore,Delegate,At-Large,Republican,Shannon Haynes (Trump),382
Moore,Delegate,At-Large,Republican,Steve Allbrooks (Trump),416
Moore,Delegate,At-Large,Republican,Susan Richardson Williams (Trump),126
Moore,Delegate,At-Large,Republican,Wanda J. Cooke (Uncommitted),15
Moore,Delegate,At-Large,Republican,William Lamberth (Trump),376
Moore,Presidential Preference,NA,Democratic,Amy Klobuchar,5
Moore,Presidential Preference,NA,Democratic,Andrew Yang,0
Moore,Presidential Preference,NA,Democratic,Bernie Sanders,51
Moore,Presidential Preference,NA,Democratic,Cory Booker,0
Moore,Presidential Preference,NA,Democratic,Deval Patrick,0
Moore,Presidential Preference,NA,Democratic,Elizabeth Warren,24
Moore,Presidential Preference,NA,Democratic,John K. Delaney,1
Moore,Presidential Preference,NA,Democratic,Joseph R. Biden,138
Moore,Presidential Preference,NA,Democratic,Julián Castro,0
Moore,Presidential Preference,NA,Democratic,Marianne Williamson,2
Moore,Presidential Preference,NA,Democratic,Michael Bennet,1
Moore,Presidential Preference,NA,Democratic,Michael R. Bloomberg,60
Moore,Presidential Preference,NA,Democratic,Pete Buttigieg,12
Moore,Presidential Preference,NA,Democratic,Tom Steyer,2
Moore,Presidential Preference,NA,Democratic,Tulsi Gabbard,2
Moore,Presidential Preference,NA,Democratic,Uncommitted,2
Moore,Presidential Preference,NA,Republican,Bill Weld,2
Moore,Presidential Preference,NA,Republican,Donald J. Trump,653
Moore,Presidential Preference,NA,Republican,Joe Walsh,4
Moore,Presidential Preference,NA,Republican,Uncommitted,0
Morgan,Delegate,3,Republican,Emily G. Beaty (Trump),638
Morgan,Delegate,3,Republican,Fred I Underdown (Uncommitted),23
Morgan,Delegate,3,Republican,J. Thomas Decosimo (Trump),488
Morgan,Delegate,3,Republican,Ken Meyer (Trump),422
Morgan,Delegate,3,Republican,Liz Holiway (Trump),278
Morgan,Delegate,3,Republican,Nancy Otis Doyle (Weld),33
Morgan,Delegate,3,Republican,Randy Ellis (Trump),805
Morgan,Delegate,3,Republican,Sharon B. Anderson (Uncommitted),58
Morgan,Delegate,At-Large,Republican,Amy Jones (Trump),741
Morgan,Delegate,At-Large,Republican,Beth Scott Clayton (Trump),783
Morgan,Delegate,At-Large,Republican,Chad Blackburn (Trump),926
Morgan,Delegate,At-Large,Republican,Dalton Temple (Trump),286
Morgan,Delegate,At-Large,Republican,Douglas M. Englen (Trump),801
Morgan,Delegate,At-Large,Republican,Jack Johnson (Trump),834
Morgan,Delegate,At-Large,Republican,Jake Adams (Uncommitted),67
Morgan,Delegate,At-Large,Republican,Jane Chedester (Trump),728
Morgan,Delegate,At-Large,Republican,Jennifer Inman Little (Trump),337
Morgan,Delegate,At-Large,Republican,Julia Atchley-Pace (Trump),815
Morgan,Delegate,At-Large,Republican,Larry M. Sims (Uncommitted),34
Morgan,Delegate,At-Large,Republican,Lei Ann Gleaves (Trump),653
Morgan,Delegate,At-Large,Republican,Leslie D. Mills (Uncommitted),32
Morgan,Delegate,At-Large,Republican,Linda D. Buckles (Trump),793
Morgan,Delegate,At-Large,Republican,Mae Beavers (Trump),794
Morgan,Delegate,At-Large,Republican,Marsha Yessick (Trump),146
Morgan,Delegate,At-Large,Republican,Mary Littleton (Trump),271
Morgan,Delegate,At-Large,Republican,Nazar Sharanshi (Trump),69
Morgan,Delegate,At-Large,Republican,Patricia D. Mills (Uncommitted),22
Morgan,Delegate,At-Large,Republican,Paulina Albornoz Madaris (Trump),110
Morgan,Delegate,At-Large,Republican,Peggy Larkin (Trump),584
Morgan,Delegate,At-Large,Republican,Raul Lopez (Trump),204
Morgan,Delegate,At-Large,Republican,Rick Tillis (Trump),359
Morgan,Delegate,At-Large,Republican,Robin T. Smith (Trump),319
Morgan,Delegate,At-Large,Republican,Shannon Haynes (Trump),754
Morgan,Delegate,At-Large,Republican,Steve Allbrooks (Trump),923
Morgan,Delegate,At-Large,Republican,Susan Richardson Williams (Trump),265
Morgan,Delegate,At-Large,Republican,Wanda J. Cooke (Uncommitted),29
Morgan,Delegate,At-Large,Republican,William Lamberth (Trump),736
Morgan,Presidential Preference,NA,Democratic,Amy Klobuchar,11
Morgan,Presidential Preference,NA,Democratic,Andrew Yang,1
Morgan,Presidential Preference,NA,Democratic,Bernie Sanders,165
Morgan,Presidential Preference,NA,Democratic,Cory Booker,0
Morgan,Presidential Preference,NA,Democratic,Deval Patrick,1
Morgan,Presidential Preference,NA,Democratic,Elizabeth Warren,56
Morgan,Presidential Preference,NA,Democratic,John K. Delaney,1
Morgan,Presidential Preference,NA,Democratic,Joseph R. Biden,236
Morgan,Presidential Preference,NA,Democratic,Julián Castro,0
Morgan,Presidential Preference,NA,Democratic,Marianne Williamson,0
Morgan,Presidential Preference,NA,Democratic,Michael Bennet,7
Morgan,Presidential Preference,NA,Democratic,Michael R. Bloomberg,124
Morgan,Presidential Preference,NA,Democratic,Pete Buttigieg,22
Morgan,Presidential Preference,NA,Democratic,Tom Steyer,7
Morgan,Presidential Preference,NA,Democratic,Tulsi Gabbard,6
Morgan,Presidential Preference,NA,Democratic,Uncommitted,4
Morgan,Presidential Preference,NA,Republican,Bill Weld,4
Morgan,Presidential Preference,NA,Republican,Donald J. Trump,1369
Morgan,Presidential Preference,NA,Republican,Joe Walsh,11
Morgan,Presidential Preference,NA,Republican,Uncommitted,3
Obion,Delegate,8,Republican,Charlotte Kelley (Trump),709
Obion,Delegate,8,Republican,Elaine S. Ervin (Trump),958
Obion,Delegate,8,Republican,Jim Craig (Uncommitted),124
Obion,Delegate,8,Republican,Joseph S. Coury (Trump),936
Obion,Delegate,8,Republican,Nichole Bufalino (Trump),701
Obion,Delegate,8,Republican,Steve Maroney (Trump),665
Obion,Delegate,At-Large,Republican,Amy Jones (Trump),992
Obion,Delegate,At-Large,Republican,Beth Scott Clayton (Trump),1107
Obion,Delegate,At-Large,Republican,Chad Blackburn (Trump),1307
Obion,Delegate,At-Large,Republican,Dalton Temple (Trump),235
Obion,Delegate,At-Large,Republican,Douglas M. Englen (Trump),1007
Obion,Delegate,At-Large,Republican,Jack Johnson (Trump),1076
Obion,Delegate,At-Large,Republican,Jake Adams (Uncommitted),54
Obion,Delegate,At-Large,Republican,Jane Chedester (Trump),1101
Obion,Delegate,At-Large,Republican,Jennifer Inman Little (Trump),571
Obion,Delegate,At-Large,Republican,Julia Atchley-Pace (Trump),1040
Obion,Delegate,At-Large,Republican,Larry M. Sims (Uncommitted),37
Obion,Delegate,At-Large,Republican,Lei Ann Gleaves (Trump),932
Obion,Delegate,At-Large,Republican,Leslie D. Mills (Uncommitted),26
Obion,Delegate,At-Large,Republican,Linda D. Buckles (Trump),1189
Obion,Delegate,At-Large,Republican,Mae Beavers (Trump),1149
Obion,Delegate,At-Large,Republican,Marsha Yessick (Trump),105
Obion,Delegate,At-Large,Republican,Mary Littleton (Trump),408
Obion,Delegate,At-Large,Republican,Nazar Sharanshi (Trump),63
Obion,Delegate,At-Large,Republican,Patricia D. Mills (Uncommitted),34
Obion,Delegate,At-Large,Republican,Paulina Albornoz Madaris (Trump),145
Obion,Delegate,At-Large,Republican,Peggy Larkin (Trump),846
Obion,Delegate,At-Large,Republican,Raul Lopez (Trump),226
Obion,Delegate,At-Large,Republican,Rick Tillis (Trump),256
Obion,Delegate,At-Large,Republican,Robin T. Smith (Trump),256
Obion,Delegate,At-Large,Republican,Shannon Haynes (Trump),1019
Obion,Delegate,At-Large,Republican,Steve Allbrooks (Trump),1118
Obion,Delegate,At-Large,Republican,Susan Richardson Williams (Trump),204
Obion,Delegate,At-Large,Republican,Wanda J. Cooke (Uncommitted),23
Obion,Delegate,At-Large,Republican,William Lamberth (Trump),918
Obion,Presidential Preference,NA,Democratic,Amy Klobuchar,24
Obion,Presidential Preference,NA,Democratic,Andrew Yang,4
Obion,Presidential Preference,NA,Democratic,Bernie Sanders,202
Obion,Presidential Preference,NA,Democratic,Cory Booker,4
Obion,Presidential Preference,NA,Democratic,Deval Patrick,1
Obion,Presidential Preference,NA,Democratic,Elizabeth Warren,54
Obion,Presidential Preference,NA,Democratic,John K. Delaney,2
Obion,Presidential Preference,NA,Democratic,Joseph R. Biden,580
Obion,Presidential Preference,NA,Democratic,Julián Castro,2
Obion,Presidential Preference,NA,Democratic,Marianne Williamson,0
Obion,Presidential Preference,NA,Democratic,Michael Bennet,5
Obion,Presidential Preference,NA,Democratic,Michael R. Bloomberg,145
Obion,Presidential Preference,NA,Democratic,Pete Buttigieg,36
Obion,Presidential Preference,NA,Democratic,Tom Steyer,7
Obion,Presidential Preference,NA,Democratic,Tulsi Gabbard,6
Obion,Presidential Preference,NA,Democratic,Uncommitted,3
Obion,Presidential Preference,NA,Republican,Bill Weld,8
Obion,Presidential Preference,NA,Republican,Donald J. Trump,2118
Obion,Presidential Preference,NA,Republican,Joe Walsh,5
Obion,Presidential Preference,NA,Republican,Uncommitted,5
Overton,Criminal Court Judge Part II,13 (unexpired term),Democratic,No Candidate Qualified,0
Overton,Criminal Court Judge Part II,13 (unexpired term),Republican,Wesley Bray,959
Overton,Delegate,6,Republican,Craig Evan Clark (Trump),479
Overton,Delegate,6,Republican,Frank Gorgie (Uncommitted),20
Overton,Delegate,6,Republican,Holly S. Jones (Trump),474
Overton,Delegate,6,Republican,Joseph Elder (Uncommitted),41
Overton,Delegate,6,Republican,Mary Ann Parks (Trump),220
Overton,Delegate,6,Republican,Paul Bailey (Trump),923
Overton,Delegate,6,Republican,Ryan Williams (Trump),486
Overton,Delegate,6,Republican,Terri R. Nicholson (Trump),197
Overton,Delegate,At-Large,Republican,Amy Jones (Trump),657
Overton,Delegate,At-Large,Republican,Beth Scott Clayton (Trump),640
Overton,Delegate,At-Large,Republican,Chad Blackburn (Trump),709
Overton,Delegate,At-Large,Republican,Dalton Temple (Trump),350
Overton,Delegate,At-Large,Republican,Douglas M. Englen (Trump),591
Overton,Delegate,At-Large,Republican,Jack Johnson (Trump),752
Overton,Delegate,At-Large,Republican,Jake Adams (Uncommitted),101
Overton,Delegate,At-Large,Republican,Jane Chedester (Trump),528
Overton,Delegate,At-Large,Republican,Jennifer Inman Little (Trump),375
Overton,Delegate,At-Large,Republican,Julia Atchley-Pace (Trump),561
Overton,Delegate,At-Large,Republican,Larry M. Sims (Uncommitted),32
Overton,Delegate,At-Large,Republican,Lei Ann Gleaves (Trump),544
Overton,Delegate,At-Large,Republican,Leslie D. Mills (Uncommitted),31
Overton,Delegate,At-Large,Republican,Linda D. Buckles (Trump),611
Overton,Delegate,At-Large,Republican,Mae Beavers (Trump),626
Overton,Delegate,At-Large,Republican,Marsha Yessick (Trump),237
Overton,Delegate,At-Large,Republican,Mary Littleton (Trump),395
Overton,Delegate,At-Large,Republican,Nazar Sharanshi (Trump),136
Overton,Delegate,At-Large,Republican,Patricia D. Mills (Uncommitted),20
Overton,Delegate,At-Large,Republican,Paulina Albornoz Madaris (Trump),175
Overton,Delegate,At-Large,Republican,Peggy Larkin (Trump),618
Overton,Delegate,At-Large,Republican,Raul Lopez (Trump),242
Overton,Delegate,At-Large,Republican,Rick Tillis (Trump),402
Overton,Delegate,At-Large,Republican,Robin T. Smith (Trump),407
Overton,Delegate,At-Large,Republican,Shannon Haynes (Trump),637
Overton,Delegate,At-Large,Republican,Steve Allbrooks (Trump),715
Overton,Delegate,At-Large,Republican,Susan Richardson Williams (Trump),347
Overton,Delegate,At-Large,Republican,Wanda J. Cooke (Uncommitted),30
Overton,Delegate,At-Large,Republican,William Lamberth (Trump),638
Overton,Presidential Preference,NA,Democratic,Amy Klobuchar,26
Overton,Presidential Preference,NA,Democratic,Andrew Yang,4
Overton,Presidential Preference,NA,Democratic,Bernie Sanders,281
Overton,Presidential Preference,NA,Democratic,Cory Booker,9
Overton,Presidential Preference,NA,Democratic,Deval Patrick,1
Overton,Presidential Preference,NA,Democratic,Elizabeth Warren,61
Overton,Presidential Preference,NA,Democratic,John K. Delaney,1
Overton,Presidential Preference,NA,Democratic,Joseph R. Biden,512
Overton,Presidential Preference,NA,Democratic,Julián Castro,2
Overton,Presidential Preference,NA,Democratic,Marianne Williamson,4
Overton,Presidential Preference,NA,Democratic,Michael Bennet,10
Overton,Presidential Preference,NA,Democratic,Michael R. Bloomberg,248
Overton,Presidential Preference,NA,Democratic,Pete Buttigieg,31
Overton,Presidential Preference,NA,Democratic,Tom Steyer,10
Overton,Presidential Preference,NA,Democratic,Tulsi Gabbard,8
Overton,Presidential Preference,NA,Democratic,Uncommitted,7
Overton,Presidential Preference,NA,Republican,Bill Weld,4
Overton,Presidential Preference,NA,Republican,Donald J. Trump,1271
Overton,Presidential Preference,NA,Republican,Joe Walsh,10
Overton,Presidential Preference,NA,Republican,Uncommitted,6
Perry,Circuit Court Judge Division V,21 (unexpired term),Republican,Mike Spitzer,423
Perry,Delegate,7,Republican,Angie McClanahan (Trump),71
Perry,Delegate,7,Republican,Cheryl D. Brown (Trump),198
Perry,Delegate,7,Republican,Jim Looney (Trump),139
Perry,Delegate,7,Republican,Kenneth Eaton (Uncommitted),10
Perry,Delegate,7,Republican,Lisa Gary (Uncommitted),18
Perry,Delegate,7,Republican,Patricia F. Allen (Trump),235
Perry,Delegate,7,Republican,Rob Tiede (Uncommitted),4
Perry,Delegate,7,Republican,Sharon Massey Grimes (Trump),201
Perry,Delegate,7,Republican,Steven Giorno (Uncommitted),5
Perry,Delegate,7,Republican,Todd Benne Jr. (Uncommitted),7
Perry,Delegate,7,Republican,Tony Roberts (Trump),151
Perry,Delegate,At-Large,Republican,Amy Jones (Trump),257
Perry,Delegate,At-Large,Republican,Beth Scott Clayton (Trump),254
Perry,Delegate,At-Large,Republican,Chad Blackburn (Trump),284
Perry,Delegate,At-Large,Republican,Dalton Temple (Trump),124
Perry,Delegate,At-Large,Republican,Douglas M. Englen (Trump),234
Perry,Delegate,At-Large,Republican,Jack Johnson (Trump),300
Perry,Delegate,At-Large,Republican,Jake Adams (Uncommitted),29
Perry,Delegate,At-Large,Republican,Jane Chedester (Trump),218
Perry,Delegate,At-Large,Republican,Jennifer Inman Little (Trump),146
Perry,Delegate,At-Large,Republican,Julia Atchley-Pace (Trump),229
Perry,Delegate,At-Large,Republican,Larry M. Sims (Uncommitted),11
Perry,Delegate,At-Large,Republican,Lei Ann Gleaves (Trump),221
Perry,Delegate,At-Large,Republican,Leslie D. Mills (Uncommitted),8
Perry,Delegate,At-Large,Republican,Linda D. Buckles (Trump),234
Perry,Delegate,At-Large,Republican,Mae Beavers (Trump),262
Perry,Delegate,At-Large,Republican,Marsha Yessick (Trump),103
Perry,Delegate,At-Large,Republican,Mary Littleton (Trump),135
Perry,Delegate,At-Large,Republican,Nazar Sharanshi (Trump),65
Perry,Delegate,At-Large,Republican,Patricia D. Mills (Uncommitted),8
Perry,Delegate,At-Large,Republican,Paulina Albornoz Madaris (Trump),70
Perry,Delegate,At-Large,Republican,Peggy Larkin (Trump),239
Perry,Delegate,At-Large,Republican,Raul Lopez (Trump),98
Perry,Delegate,At-Large,Republican,Rick Tillis (Trump),157
Perry,Delegate,At-Large,Republican,Robin T. Smith (Trump),146
Perry,Delegate,At-Large,Republican,Shannon Haynes (Trump),258
Perry,Delegate,At-Large,Republican,Steve Allbrooks (Trump),304
Perry,Delegate,At-Large,Republican,Susan Richardson Williams (Trump),151
Perry,Delegate,At-Large,Republican,Wanda J. Cooke (Uncommitted),22
Perry,Delegate,At-Large,Republican,William Lamberth (Trump),261
Perry,Presidential Preference,NA,Democratic,Amy Klobuchar,6
Perry,Presidential Preference,NA,Democratic,Andrew Yang,0
Perry,Presidential Preference,NA,Democratic,Bernie Sanders,75
Perry,Presidential Preference,NA,Democratic,Cory Booker,1
Perry,Presidential Preference,NA,Democratic,Deval Patrick,0
Perry,Presidential Preference,NA,Democratic,Elizabeth Warren,16
Perry,Presidential Preference,NA,Democratic,John K. Delaney,1
Perry,Presidential Preference,NA,Democratic,Joseph R. Biden,135
Perry,Presidential Preference,NA,Democratic,Julián Castro,0
Perry,Presidential Preference,NA,Democratic,Marianne Williamson,0
Perry,Presidential Preference,NA,Democratic,Michael Bennet,0
Perry,Presidential Preference,NA,Democratic,Michael R. Bloomberg,55
Perry,Presidential Preference,NA,Democratic,Pete Buttigieg,12
Perry,Presidential Preference,NA,Democratic,Tom Steyer,3
Perry,Presidential Preference,NA,Democratic,Tulsi Gabbard,4
Perry,Presidential Preference,NA,Democratic,Uncommitted,0
Perry,Presidential Preference,NA,Republican,Bill Weld,2
Perry,Presidential Preference,NA,Republican,Donald J. Trump,467
Perry,Presidential Preference,NA,Republican,Joe Walsh,3
Perry,Presidential Preference,NA,Republican,Uncommitted,4
Pickett,Criminal Court Judge Part II,13 (unexpired term),Democratic,No Candidate Qualified,0
Pickett,Criminal Court Judge Part II,13 (unexpired term),Republican,Wesley Bray,396
Pickett,Delegate,6,Republican,Craig Evan Clark (Trump),240
Pickett,Delegate,6,Republican,Frank Gorgie (Uncommitted),21
Pickett,Delegate,6,Republican,Holly S. Jones (Trump),241
Pickett,Delegate,6,Republican,Joseph Elder (Uncommitted),50
Pickett,Delegate,6,Republican,Mary Ann Parks (Trump),133
Pickett,Delegate,6,Republican,Paul Bailey (Trump),339
Pickett,Delegate,6,Republican,Ryan Williams (Trump),188
Pickett,Delegate,6,Republican,Terri R. Nicholson (Trump),109
Pickett,Delegate,At-Large,Republican,Amy Jones (Trump),302
Pickett,Delegate,At-Large,Republican,Beth Scott Clayton (Trump),299
Pickett,Delegate,At-Large,Republican,Chad Blackburn (Trump),326
Pickett,Delegate,At-Large,Republican,Dalton Temple (Trump),146
Pickett,Delegate,At-Large,Republican,Douglas M. Englen (Trump),294
Pickett,Delegate,At-Large,Republican,Jack Johnson (Trump),312
Pickett,Delegate,At-Large,Republican,Jake Adams (Uncommitted),47
Pickett,Delegate,At-Large,Republican,Jane Chedester (Trump),257
Pickett,Delegate,At-Large,Republican,Jennifer Inman Little (Trump),166
Pickett,Delegate,At-Large,Republican,Julia Atchley-Pace (Trump),256
Pickett,Delegate,At-Large,Republican,Larry M. Sims (Uncommitted),44
Pickett,Delegate,At-Large,Republican,Lei Ann Gleaves (Trump),264
Pickett,Delegate,At-Large,Republican,Leslie D. Mills (Uncommitted),33
Pickett,Delegate,At-Large,Republican,Linda D. Buckles (Trump),318
Pickett,Delegate,At-Large,Republican,Mae Beavers (Trump),310
Pickett,Delegate,At-Large,Republican,Marsha Yessick (Trump),105
Pickett,Delegate,At-Large,Republican,Mary Littleton (Trump),177
Pickett,Delegate,At-Large,Republican,Nazar Sharanshi (Trump),59
Pickett,Delegate,At-Large,Republican,Patricia D. Mills (Uncommitted),34
Pickett,Delegate,At-Large,Republican,Paulina Albornoz Madaris (Trump),75
Pickett,Delegate,At-Large,Republican,Peggy Larkin (Trump),271
Pickett,Delegate,At-Large,Republican,Raul Lopez (Trump),101
Pickett,Delegate,At-Large,Republican,Rick Tillis (Trump),179
Pickett,Delegate,At-Large,Republican,Robin T. Smith (Trump),196
Pickett,Delegate,At-Large,Republican,Shannon Haynes (Trump),269
Pickett,Delegate,At-Large,Republican,Steve Allbrooks (Trump),320
Pickett,Delegate,At-Large,Republican,Susan Richardson Williams (Trump),136
Pickett,Delegate,At-Large,Republican,Wanda J. Cooke (Uncommitted),35
Pickett,Delegate,At-Large,Republican,William Lamberth (Trump),292
Pickett,Presidential Preference,NA,Democratic,Amy Klobuchar,12
Pickett,Presidential Preference,NA,Democratic,Andrew Yang,0
Pickett,Presidential Preference,NA,Democratic,Bernie Sanders,48
Pickett,Presidential Preference,NA,Democratic,Cory Booker,0
Pickett,Presidential Preference,NA,Democratic,Deval Patrick,0
Pickett,Presidential Preference,NA,Democratic,Elizabeth Warren,12
Pickett,Presidential Preference,NA,Democratic,John K. Delaney,0
Pickett,Presidential Preference,NA,Democratic,Joseph R. Biden,132
Pickett,Presidential Preference,NA,Democratic,Julián Castro,0
Pickett,Presidential Preference,NA,Democratic,Marianne Williamson,0
Pickett,Presidential Preference,NA,Democratic,Michael Bennet,0
Pickett,Presidential Preference,NA,Democratic,Michael R. Bloomberg,66
Pickett,Presidential Preference,NA,Democratic,Pete Buttigieg,8
Pickett,Presidential Preference,NA,Democratic,Tom Steyer,2
Pickett,Presidential Preference,NA,Democratic,Tulsi Gabbard,0
Pickett,Presidential Preference,NA,Democratic,Uncommitted,0
Pickett,Presidential Preference,NA,Republican,Bill Weld,3
Pickett,Presidential Preference,NA,Republican,Donald J. Trump,617
Pickett,Presidential Preference,NA,Republican,Joe Walsh,4
Pickett,Presidential Preference,NA,Republican,Uncommitted,13
Polk,Delegate,3,Republican,Emily G. Beaty (Trump),987
Polk,Delegate,3,Republican,Fred I Underdown (Uncommitted),60
Polk,Delegate,3,Republican,J. Thomas Decosimo (Trump),575
Polk,Delegate,3,Republican,Ken Meyer (Trump),658
Polk,Delegate,3,Republican,Liz Holiway (Trump),479
Polk,Delegate,3,Republican,Nancy Otis Doyle (Weld),69
Polk,Delegate,3,Republican,Randy Ellis (Trump),1153
Polk,Delegate,3,Republican,Sharon B. Anderson (Uncommitted),80
Polk,Delegate,At-Large,Republican,Amy Jones (Trump),957
Polk,Delegate,At-Large,Republican,Beth Scott Clayton (Trump),1004
Polk,Delegate,At-Large,Republican,Chad Blackburn (Trump),1145
Polk,Delegate,At-Large,Republican,Dalton Temple (Trump),501
Polk,Delegate,At-Large,Republican,Douglas M. Englen (Trump),968
Polk,Delegate,At-Large,Republican,Jack Johnson (Trump),1055
Polk,Delegate,At-Large,Republican,Jake Adams (Uncommitted),111
Polk,Delegate,At-Large,Republican,Jane Chedester (Trump),784
Polk,Delegate,At-Large,Republican,Jennifer Inman Little (Trump),514
Polk,Delegate,At-Large,Republican,Julia Atchley-Pace (Trump),1102
Polk,Delegate,At-Large,Republican,Larry M. Sims (Uncommitted),83
Polk,Delegate,At-Large,Republican,Lei Ann Gleaves (Trump),748
Polk,Delegate,At-Large,Republican,Leslie D. Mills (Uncommitted),60
Polk,Delegate,At-Large,Republican,Linda D. Buckles (Trump),922
Polk,Delegate,At-Large,Republican,Mae Beavers (Trump),936
Polk,Delegate,At-Large,Republican,Marsha Yessick (Trump),294
Polk,Delegate,At-Large,Republican,Mary Littleton (Trump),530
Polk,Delegate,At-Large,Republican,Nazar Sharanshi (Trump),148
Polk,Delegate,At-Large,Republican,Patricia D. Mills (Uncommitted),59
Polk,Delegate,At-Large,Republican,Paulina Albornoz Madaris (Trump),237
Polk,Delegate,At-Large,Republican,Peggy Larkin (Trump),812
Polk,Delegate,At-Large,Republican,Raul Lopez (Trump),324
Polk,Delegate,At-Large,Republican,Rick Tillis (Trump),551
Polk,Delegate,At-Large,Republican,Robin T. Smith (Trump),592
Polk,Delegate,At-Large,Republican,Shannon Haynes (Trump),948
Polk,Delegate,At-Large,Republican,Steve Allbrooks (Trump),1119
Polk,Delegate,At-Large,Republican,Susan Richardson Williams (Trump),409
Polk,Delegate,At-Large,Republican,Wanda J. Cooke (Uncommitted),54
Polk,Delegate,At-Large,Republican,William Lamberth (Trump),933
Polk,Presidential Preference,NA,Democratic,Amy Klobuchar,43
Polk,Presidential Preference,NA,Democratic,Andrew Yang,2
Polk,Presidential Preference,NA,Democratic,Bernie Sanders,222
Polk,Presidential Preference,NA,Democratic,Cory Booker,1
Polk,Presidential Preference,NA,Democratic,Deval Patrick,2
Polk,Presidential Preference,NA,Democratic,Elizabeth Warren,47
Polk,Presidential Preference,NA,Democratic,John K. Delaney,1
Polk,Presidential Preference,NA,Democratic,Joseph R. Biden,467
Polk,Presidential Preference,NA,Democratic,Julián Castro,0
Polk,Presidential Preference,NA,Democratic,Marianne Williamson,2
Polk,Presidential Preference,NA,Democratic,Michael Bennet,5
Polk,Presidential Preference,NA,Democratic,Michael R. Bloomberg,176
Polk,Presidential Preference,NA,Democratic,Pete Buttigieg,27
Polk,Presidential Preference,NA,Democratic,Tom Steyer,8
Polk,Presidential Preference,NA,Democratic,Tulsi Gabbard,11
Polk,Presidential Preference,NA,Democratic,Uncommitted,38
Polk,Presidential Preference,NA,Republican,Bill Weld,9
Polk,Presidential Preference,NA,Republican,Donald J. Trump,1835
Polk,Presidential Preference,NA,Republican,Joe Walsh,10
Polk,Presidential Preference,NA,Republican,Uncommitted,12
Putnam,Criminal Court Judge Part II,13 (unexpired term),Democratic,No Candidate Qualified,0
Putnam,Criminal Court Judge Part II,13 (unexpired term),Republican,Wesley Bray,3660
Putnam,Delegate,6,Republican,Craig Evan Clark (Trump),1322
Putnam,Delegate,6,Republican,Frank Gorgie (Uncommitted),102
Putnam,Delegate,6,Republican,Holly S. Jones (Trump),1474
Putnam,Delegate,6,Republican,Joseph Elder (Uncommitted),147
Putnam,Delegate,6,Republican,Mary Ann Parks (Trump),719
Putnam,Delegate,6,Republican,Paul Bailey (Trump),3329
Putnam,Delegate,6,Republican,Ryan Williams (Trump),2693
Putnam,Delegate,6,Republican,Terri R. Nicholson (Trump),868
Putnam,Delegate,At-Large,Republican,Amy Jones (Trump),2427
Putnam,Delegate,At-Large,Republican,Beth Scott Clayton (Trump),2357
Putnam,Delegate,At-Large,Republican,Chad Blackburn (Trump),2662
Putnam,Delegate,At-Large,Republican,Dalton Temple (Trump),1335
Putnam,Delegate,At-Large,Republican,Douglas M. Englen (Trump),2159
Putnam,Delegate,At-Large,Republican,Jack Johnson (Trump),2748
Putnam,Delegate,At-Large,Republican,Jake Adams (Uncommitted),363
Putnam,Delegate,At-Large,Republican,Jane Chedester (Trump),1880
Putnam,Delegate,At-Large,Republican,Jennifer Inman Little (Trump),1430
Putnam,Delegate,At-Large,Republican,Julia Atchley-Pace (Trump),2003
Putnam,Delegate,At-Large,Republican,Larry M. Sims (Uncommitted),144
Putnam,Delegate,At-Large,Republican,Lei Ann Gleaves (Trump),2002
Putnam,Delegate,At-Large,Republican,Leslie D. Mills (Uncommitted),125
Putnam,Delegate,At-Large,Republican,Linda D. Buckles (Trump),2181
Putnam,Delegate,At-Large,Republican,Mae Beavers (Trump),2379
Putnam,Delegate,At-Large,Republican,Marsha Yessick (Trump),878
Putnam,Delegate,At-Large,Republican,Mary Littleton (Trump),1476
Putnam,Delegate,At-Large,Republican,Nazar Sharanshi (Trump),576
Putnam,Delegate,At-Large,Republican,Patricia D. Mills (Uncommitted),109
Putnam,Delegate,At-Large,Republican,Paulina Albornoz Madaris (Trump),694
Putnam,Delegate,At-Large,Republican,Peggy Larkin (Trump),2122
Putnam,Delegate,At-Large,Republican,Raul Lopez (Trump),1004
Putnam,Delegate,At-Large,Republican,Rick Tillis (Trump),1476
Putnam,Delegate,At-Large,Republican,Robin T. Smith (Trump),1528
Putnam,Delegate,At-Large,Republican,Shannon Haynes (Trump),2249
Putnam,Delegate,At-Large,Republican,Steve Allbrooks (Trump),2589
Putnam,Delegate,At-Large,Republican,Susan Richardson Williams (Trump),1370
Putnam,Delegate,At-Large,Republican,Wanda J. Cooke (Uncommitted),126
Putnam,Delegate,At-Large,Republican,William Lamberth (Trump),2389
Putnam,Presidential Preference,NA,Democratic,Amy Klobuchar,156
Putnam,Presidential Preference,NA,Democratic,Andrew Yang,12
Putnam,Presidential Preference,NA,Democratic,Bernie Sanders,1509
Putnam,Presidential Preference,NA,Democratic,Cory Booker,11
Putnam,Presidential Preference,NA,Democratic,Deval Patrick,3
Putnam,Presidential Preference,NA,Democratic,Elizabeth Warren,422
Putnam,Presidential Preference,NA,Democratic,John K. Delaney,1
Putnam,Presidential Preference,NA,Democratic,Joseph R. Biden,1361
Putnam,Presidential Preference,NA,Democratic,Julián Castro,2
Putnam,Presidential Preference,NA,Democratic,Marianne Williamson,0
Putnam,Presidential Preference,NA,Democratic,Michael Bennet,9
Putnam,Presidential Preference,NA,Democratic,Michael R. Bloomberg,632
Putnam,Presidential Preference,NA,Democratic,Pete Buttigieg,224
Putnam,Presidential Preference,NA,Democratic,Tom Steyer,29
Putnam,Presidential Preference,NA,Democratic,Tulsi Gabbard,27
Putnam,Presidential Preference,NA,Democratic,Uncommitted,11
Putnam,Presidential Preference,NA,Republican,Bill Weld,17
Putnam,Presidential Preference,NA,Republican,Donald J. Trump,4266
Putnam,Presidential Preference,NA,Republican,Joe Walsh,38
Putnam,Presidential Preference,NA,Republican,Uncommitted,42
Rhea,Delegate,4,Republican,Adam Coggin (Trump),1156
Rhea,Delegate,4,Republican,James A. Sandman (Trump),490
Rhea,Delegate,4,Republican,Joanne Thompson Skidmore (Uncommitted),109
Rhea,Delegate,4,Republican,John S. Stanbery (Trump),471
Rhea,Delegate,4,Republican,Lynne Davis (Trump),1019
Rhea,Delegate,4,Republican,Mary Ann Tackett (Trump),484
Rhea,Delegate,4,Republican,Shane Reeves (Trump),1056
Rhea,Delegate,At-Large,Republican,Amy Jones (Trump),1340
Rhea,Delegate,At-Large,Republican,Beth Scott Clayton (Trump),1471
Rhea,Delegate,At-Large,Republican,Chad Blackburn (Trump),1623
Rhea,Delegate,At-Large,Republican,Dalton Temple (Trump),449
Rhea,Delegate,At-Large,Republican,Douglas M. Englen (Trump),1403
Rhea,Delegate,At-Large,Republican,Jack Johnson (Trump),1487
Rhea,Delegate,At-Large,Republican,Jake Adams (Uncommitted),117
Rhea,Delegate,At-Large,Republican,Jane Chedester (Trump),1337
Rhea,Delegate,At-Large,Republican,Jennifer Inman Little (Trump),661
Rhea,Delegate,At-Large,Republican,Julia Atchley-Pace (Trump),1440
Rhea,Delegate,At-Large,Republican,Larry M. Sims (Uncommitted),85
Rhea,Delegate,At-Large,Republican,Lei Ann Gleaves (Trump),1240
Rhea,Delegate,At-Large,Republican,Leslie D. Mills (Uncommitted),65
Rhea,Delegate,At-Large,Republican,Linda D. Buckles (Trump),1506
Rhea,Delegate,At-Large,Republican,Mae Beavers (Trump),1463
Rhea,Delegate,At-Large,Republican,Marsha Yessick (Trump),383
Rhea,Delegate,At-Large,Republican,Mary Littleton (Trump),592
Rhea,Delegate,At-Large,Republican,Nazar Sharanshi (Trump),156
Rhea,Delegate,At-Large,Republican,Patricia D. Mills (Uncommitted),64
Rhea,Delegate,At-Large,Republican,Paulina Albornoz Madaris (Trump),248
Rhea,Delegate,At-Large,Republican,Peggy Larkin (Trump),1161
Rhea,Delegate,At-Large,Republican,Raul Lopez (Trump),372
Rhea,Delegate,At-Large,Republican,Rick Tillis (Trump),567
Rhea,Delegate,At-Large,Republican,Robin T. Smith (Trump),682
Rhea,Delegate,At-Large,Republican,Shannon Haynes (Trump),1398
Rhea,Delegate,At-Large,Republican,Steve Allbrooks (Trump),1613
Rhea,Delegate,At-Large,Republican,Susan Richardson Williams (Trump),457
Rhea,Delegate,At-Large,Republican,Wanda J. Cooke (Uncommitted),84
Rhea,Delegate,At-Large,Republican,William Lamberth (Trump),1345
Rhea,Presidential Preference,NA,Democratic,Amy Klobuchar,15
Rhea,Presidential Preference,NA,Democratic,Andrew Yang,2
Rhea,Presidential Preference,NA,Democratic,Bernie Sanders,266
Rhea,Presidential Preference,NA,Democratic,Cory Booker,1
Rhea,Presidential Preference,NA,Democratic,Deval Patrick,0
Rhea,Presidential Preference,NA,Democratic,Elizabeth Warren,72
Rhea,Presidential Preference,NA,Democratic,John K. Delaney,0
Rhea,Presidential Preference,NA,Democratic,Joseph R. Biden,541
Rhea,Presidential Preference,NA,Democratic,Julián Castro,1
Rhea,Presidential Preference,NA,Democratic,Marianne Williamson,1
Rhea,Presidential Preference,NA,Democratic,Michael Bennet,4
Rhea,Presidential Preference,NA,Democratic,Michael R. Bloomberg,210
Rhea,Presidential Preference,NA,Democratic,Pete Buttigieg,26
Rhea,Presidential Preference,NA,Democratic,Tom Steyer,7
Rhea,Presidential Preference,NA,Democratic,Tulsi Gabbard,10
Rhea,Presidential Preference,NA,Democratic,Uncommitted,7
Rhea,Presidential Preference,NA,Republican,Bill Weld,13
Rhea,Presidential Preference,NA,Republican,Donald J. Trump,2456
Rhea,Presidential Preference,NA,Republican,Joe Walsh,26
Rhea,Presidential Preference,NA,Republican,Uncommitted,34
Roane,Delegate,3,Republican,Emily G. Beaty (Trump),1970
Roane,Delegate,3,Republican,Fred I Underdown (Uncommitted),96
Roane,Delegate,3,Republican,J. Thomas Decosimo (Trump),1334
Roane,Delegate,3,Republican,Ken Meyer (Trump),1340
Roane,Delegate,3,Republican,Liz Holiway (Trump),1313
Roane,Delegate,3,Republican,Nancy Otis Doyle (Weld),133
Roane,Delegate,3,Republican,Randy Ellis (Trump),2626
Roane,Delegate,3,Republican,Sharon B. Anderson (Uncommitted),151
Roane,Delegate,At-Large,Republican,Amy Jones (Trump),2254
Roane,Delegate,At-Large,Republican,Beth Scott Clayton (Trump),2429
Roane,Delegate,At-Large,Republican,Chad Blackburn (Trump),2770
Roane,Delegate,At-Large,Republican,Dalton Temple (Trump),893
Roane,Delegate,At-Large,Republican,Douglas M. Englen (Trump),2364
Roane,Delegate,At-Large,Republican,Jack Johnson (Trump),2516
Roane,Delegate,At-Large,Republican,Jake Adams (Uncommitted),220
Roane,Delegate,At-Large,Republican,Jane Chedester (Trump),2255
Roane,Delegate,At-Large,Republican,Jennifer Inman Little (Trump),1178
Roane,Delegate,At-Large,Republican,Julia Atchley-Pace (Trump),2483
Roane,Delegate,At-Large,Republican,Larry M. Sims (Uncommitted),142
Roane,Delegate,At-Large,Republican,Lei Ann Gleaves (Trump),2037
Roane,Delegate,At-Large,Republican,Leslie D. Mills (Uncommitted),103
Roane,Delegate,At-Large,Republican,Linda D. Buckles (Trump),2437
Roane,Delegate,At-Large,Republican,Mae Beavers (Trump),2455
Roane,Delegate,At-Large,Republican,Marsha Yessick (Trump),533
Roane,Delegate,At-Large,Republican,Mary Littleton (Trump),1106
Roane,Delegate,At-Large,Republican,Nazar Sharanshi (Trump),312
Roane,Delegate,At-Large,Republican,Patricia D. Mills (Uncommitted),90
Roane,Delegate,At-Large,Republican,Paulina Albornoz Madaris (Trump),492
Roane,Delegate,At-Large,Republican,Peggy Larkin (Trump),1871
Roane,Delegate,At-Large,Republican,Raul Lopez (Trump),703
Roane,Delegate,At-Large,Republican,Rick Tillis (Trump),1132
Roane,Delegate,At-Large,Republican,Robin T. Smith (Trump),1086
Roane,Delegate,At-Large,Republican,Shannon Haynes (Trump),2278
Roane,Delegate,At-Large,Republican,Steve Allbrooks (Trump),2689
Roane,Delegate,At-Large,Republican,Susan Richardson Williams (Trump),909
Roane,Delegate,At-Large,Republican,Wanda J. Cooke (Uncommitted),133
Roane,Delegate,At-Large,Republican,William Lamberth (Trump),2157
Roane,Presidential Preference,NA,Democratic,Amy Klobuchar,117
Roane,Presidential Preference,NA,Democratic,Andrew Yang,5
Roane,Presidential Preference,NA,Democratic,Bernie Sanders,743
Roane,Presidential Preference,NA,Democratic,Cory Booker,2
Roane,Presidential Preference,NA,Democratic,Deval Patrick,2
Roane,Presidential Preference,NA,Democratic,Elizabeth Warren,244
Roane,Presidential Preference,NA,Democratic,John K. Delaney,5
Roane,Presidential Preference,NA,Democratic,Joseph R. Biden,1297
Roane,Presidential Preference,NA,Democratic,Julián Castro,1
Roane,Presidential Preference,NA,Democratic,Marianne Williamson,2
Roane,Presidential Preference,NA,Democratic,Michael Bennet,6
Roane,Presidential Preference,NA,Democratic,Michael R. Bloomberg,559
Roane,Presidential Preference,NA,Democratic,Pete Buttigieg,145
Roane,Presidential Preference,NA,Democratic,Tom Steyer,11
Roane,Presidential Preference,NA,Democratic,Tulsi Gabbard,23
Roane,Presidential Preference,NA,Democratic,Uncommitted,7
Roane,Presidential Preference,NA,Republican,Bill Weld,35
Roane,Presidential Preference,NA,Republican,Donald J. Trump,3963
Roane,Presidential Preference,NA,Republican,Joe Walsh,24
Roane,Presidential Preference,NA,Republican,Uncommitted,28
Robertson,Circuit Court Judge Part V,19 (unexpired term),Democratic,No Candidate Qualified,0
Robertson,Delegate,6,Republican,Craig Evan Clark (Trump),1307
Robertson,Delegate,6,Republican,Frank Gorgie (Uncommitted),92
Robertson,Delegate,6,Republican,Holly S. Jones (Trump),1531
Robertson,Delegate,6,Republican,Joseph Elder (Uncommitted),109
Robertson,Delegate,6,Republican,Mary Ann Parks (Trump),939
Robertson,Delegate,6,Republican,Paul Bailey (Trump),1718
Robertson,Delegate,6,Republican,Ryan Williams (Trump),1015
Robertson,Delegate,6,Republican,Terri R. Nicholson (Trump),905
Robertson,Delegate,At-Large,Republican,Amy Jones (Trump),1942
Robertson,Delegate,At-Large,Republican,Beth Scott Clayton (Trump),1856
Robertson,Delegate,At-Large,Republican,Chad Blackburn (Trump),2079
Robertson,Delegate,At-Large,Republican,Dalton Temple (Trump),1019
Robertson,Delegate,At-Large,Republican,Douglas M. Englen (Trump),1637
Robertson,Delegate,At-Large,Republican,Jack Johnson (Trump),2089
Robertson,Delegate,At-Large,Republican,Jake Adams (Uncommitted),255
Robertson,Delegate,At-Large,Republican,Jane Chedester (Trump),1463
Robertson,Delegate,At-Large,Republican,Jennifer Inman Little (Trump),1133
Robertson,Delegate,At-Large,Republican,Julia Atchley-Pace (Trump),1777
Robertson,Delegate,At-Large,Republican,Larry M. Sims (Uncommitted),87
Robertson,Delegate,At-Large,Republican,Lei Ann Gleaves (Trump),1773
Robertson,Delegate,At-Large,Republican,Leslie D. Mills (Uncommitted),79
Robertson,Delegate,At-Large,Republican,Linda D. Buckles (Trump),1723
Robertson,Delegate,At-Large,Republican,Mae Beavers (Trump),1974
Robertson,Delegate,At-Large,Republican,Marsha Yessick (Trump),725
Robertson,Delegate,At-Large,Republican,Mary Littleton (Trump),1203
Robertson,Delegate,At-Large,Republican,Nazar Sharanshi (Trump),532
Robertson,Delegate,At-Large,Republican,Patricia D. Mills (Uncommitted),63
Robertson,Delegate,At-Large,Republican,Paulina Albornoz Madaris (Trump),569
Robertson,Delegate,At-Large,Republican,Peggy Larkin (Trump),1680
Robertson,Delegate,At-Large,Republican,Raul Lopez (Trump),853
Robertson,Delegate,At-Large,Republican,Rick Tillis (Trump),1148
Robertson,Delegate,At-Large,Republican,Robin T. Smith (Trump),1154
Robertson,Delegate,At-Large,Republican,Shannon Haynes (Trump),1739
Robertson,Delegate,At-Large,Republican,Steve Allbrooks (Trump),2064
Robertson,Delegate,At-Large,Republican,Susan Richardson Williams (Trump),1056
Robertson,Delegate,At-Large,Republican,Wanda J. Cooke (Uncommitted),87
Robertson,Delegate,At-Large,Republican,William Lamberth (Trump),2009
Robertson,Presidential Preference,NA,Democratic,Amy Klobuchar,98
Robertson,Presidential Preference,NA,Democratic,Andrew Yang,8
Robertson,Presidential Preference,NA,Democratic,Bernie Sanders,859
Robertson,Presidential Preference,NA,Democratic,Cory Booker,6
Robertson,Presidential Preference,NA,Democratic,Deval Patrick,1
Robertson,Presidential Preference,NA,Democratic,Elizabeth Warren,298
Robertson,Presidential Preference,NA,Democratic,John K. Delaney,5
Robertson,Presidential Preference,NA,Democratic,Joseph R. Biden,1621
Robertson,Presidential Preference,NA,Democratic,Julián Castro,3
Robertson,Presidential Preference,NA,Democratic,Marianne Williamson,1
Robertson,Presidential Preference,NA,Democratic,Michael Bennet,12
Robertson,Presidential Preference,NA,Democratic,Michael R. Bloomberg,652
Robertson,Presidential Preference,NA,Democratic,Pete Buttigieg,116
Robertson,Presidential Preference,NA,Democratic,Tom Steyer,25
Robertson,Presidential Preference,NA,Democratic,Tulsi Gabbard,26
Robertson,Presidential Preference,NA,Democratic,Uncommitted,12
Robertson,Presidential Preference,NA,Republican,Bill Weld,23
Robertson,Presidential Preference,NA,Republican,Donald J. Trump,3530
Robertson,Presidential Preference,NA,Republican,Joe Walsh,28
Robertson,Presidential Preference,NA,Republican,Uncommitted,23
Rutherford,Circuit Court Judge Division V,16 (unexpired term),Democratic,No Candidate Qualified,0
Rutherford,Circuit Court Judge Division V,16 (unexpired term),Republican,No Candidate Qualified,0
Rutherford,Delegate,4,Republican,Adam Coggin (Trump),7726
Rutherford,Delegate,4,Republican,James A. Sandman (Trump),3825
Rutherford,Delegate,4,Republican,Joanne Thompson Skidmore (Uncommitted),1355
Rutherford,Delegate,4,Republican,John S. Stanbery (Trump),3682
Rutherford,Delegate,4,Republican,Lynne Davis (Trump),6184
Rutherford,Delegate,4,Republican,Mary Ann Tackett (Trump),5223
Rutherford,Delegate,4,Republican,Shane Reeves (Trump),9395
Rutherford,Delegate,At-Large,Republican,Amy Jones (Trump),9107
Rutherford,Delegate,At-Large,Republican,Beth Scott Clayton (Trump),8610
Rutherford,Delegate,At-Large,Republican,Chad Blackburn (Trump),9408
Rutherford,Delegate,At-Large,Republican,Dalton Temple (Trump),5027
Rutherford,Delegate,At-Large,Republican,Douglas M. Englen (Trump),7234
Rutherford,Delegate,At-Large,Republican,Jack Johnson (Trump),9807
Rutherford,Delegate,At-Large,Republican,Jake Adams (Uncommitted),1469
Rutherford,Delegate,At-Large,Republican,Jane Chedester (Trump),6351
Rutherford,Delegate,At-Large,Republican,Jennifer Inman Little (Trump),5524
Rutherford,Delegate,At-Large,Republican,Julia Atchley-Pace (Trump),6773
Rutherford,Delegate,At-Large,Republican,Larry M. Sims (Uncommitted),865
Rutherford,Delegate,At-Large,Republican,Lei Ann Gleaves (Trump),7486
Rutherford,Delegate,At-Large,Republican,Leslie D. Mills (Uncommitted),490
Rutherford,Delegate,At-Large,Republican,Linda D. Buckles (Trump),7736
Rutherford,Delegate,At-Large,Republican,Mae Beavers (Trump),9454
Rutherford,Delegate,At-Large,Republican,Marsha Yessick (Trump),4158
Rutherford,Delegate,At-Large,Republican,Mary Littleton (Trump),6092
Rutherford,Delegate,At-Large,Republican,Nazar Sharanshi (Trump),2295
Rutherford,Delegate,At-Large,Republican,Patricia D. Mills (Uncommitted),491
Rutherford,Delegate,At-Large,Republican,Paulina Albornoz Madaris (Trump),2839
Rutherford,Delegate,At-Large,Republican,Peggy Larkin (Trump),7858
Rutherford,Delegate,At-Large,Republican,Raul Lopez (Trump),4110
Rutherford,Delegate,At-Large,Republican,Rick Tillis (Trump),6118
Rutherford,Delegate,At-Large,Republican,Robin T. Smith (Trump),6065
Rutherford,Delegate,At-Large,Republican,Shannon Haynes (Trump),8296
Rutherford,Delegate,At-Large,Republican,Steve Allbrooks (Trump),9249
Rutherford,Delegate,At-Large,Republican,Susan Richardson Williams (Trump),5186
Rutherford,Delegate,At-Large,Republican,Wanda J. Cooke (Uncommitted),561
Rutherford,Delegate,At-Large,Republican,William Lamberth (Trump),8299
Rutherford,Presidential Preference,NA,Democratic,Amy Klobuchar,445
Rutherford,Presidential Preference,NA,Democratic,Andrew Yang,75
Rutherford,Presidential Preference,NA,Democratic,Bernie Sanders,7803
Rutherford,Presidential Preference,NA,Democratic,Cory Booker,48
Rutherford,Presidential Preference,NA,Democratic,Deval Patrick,3
Rutherford,Presidential Preference,NA,Democratic,Elizabeth Warren,2516
Rutherford,Presidential Preference,NA,Democratic,John K. Delaney,10
Rutherford,Presidential Preference,NA,Democratic,Joseph R. Biden,9112
Rutherford,Presidential Preference,NA,Democratic,Julián Castro,15
Rutherford,Presidential Preference,NA,Democratic,Marianne Williamson,10
Rutherford,Presidential Preference,NA,Democratic,Michael Bennet,49
Rutherford,Presidential Preference,NA,Democratic,Michael R. Bloomberg,2832
Rutherford,Presidential Preference,NA,Democratic,Pete Buttigieg,878
Rutherford,Presidential Preference,NA,Democratic,Tom Steyer,75
Rutherford,Presidential Preference,NA,Democratic,Tulsi Gabbard,120
Rutherford,Presidential Preference,NA,Democratic,Uncommitted,21
Rutherford,Presidential Preference,NA,Republican,Bill Weld,145
Rutherford,Presidential Preference,NA,Republican,Donald J. Trump,14792
Rutherford,Presidential Preference,NA,Republican,Joe Walsh,161
Rutherford,Presidential Preference,NA,Republican,Uncommitted,196
Scott,Delegate,3,Republican,Emily G. Beaty (Trump),490
Scott,Delegate,3,Republican,Fred I Underdown (Uncommitted),17
Scott,Delegate,3,Republican,J. Thomas Decosimo (Trump),298
Scott,Delegate,3,Republican,Ken Meyer (Trump),305
Scott,Delegate,3,Republican,Liz Holiway (Trump),212
Scott,Delegate,3,Republican,Nancy Otis Doyle (Weld),27
Scott,Delegate,3,Republican,Randy Ellis (Trump),563
Scott,Delegate,3,Republican,Sharon B. Anderson (Uncommitted),44
Scott,Delegate,At-Large,Republican,Amy Jones (Trump),542
Scott,Delegate,At-Large,Republican,Beth Scott Clayton (Trump),526
Scott,Delegate,At-Large,Republican,Chad Blackburn (Trump),599
Scott,Delegate,At-Large,Republican,Dalton Temple (Trump),284
Scott,Delegate,At-Large,Republican,Douglas M. Englen (Trump),486
Scott,Delegate,At-Large,Republican,Jack Johnson (Trump),596
Scott,Delegate,At-Large,Republican,Jake Adams (Uncommitted),77
Scott,Delegate,At-Large,Republican,Jane Chedester (Trump),415
Scott,Delegate,At-Large,Republican,Jennifer Inman Little (Trump),283
Scott,Delegate,At-Large,Republican,Julia Atchley-Pace (Trump),443
Scott,Delegate,At-Large,Republican,Larry M. Sims (Uncommitted),22
Scott,Delegate,At-Large,Republican,Lei Ann Gleaves (Trump),426
Scott,Delegate,At-Large,Republican,Leslie D. Mills (Uncommitted),21
Scott,Delegate,At-Large,Republican,Linda D. Buckles (Trump),486
Scott,Delegate,At-Large,Republican,Mae Beavers (Trump),453
Scott,Delegate,At-Large,Republican,Marsha Yessick (Trump),175
Scott,Delegate,At-Large,Republican,Mary Littleton (Trump),272
Scott,Delegate,At-Large,Republican,Nazar Sharanshi (Trump),114
Scott,Delegate,At-Large,Republican,Patricia D. Mills (Uncommitted),18
Scott,Delegate,At-Large,Republican,Paulina Albornoz Madaris (Trump),150
Scott,Delegate,At-Large,Republican,Peggy Larkin (Trump),450
Scott,Delegate,At-Large,Republican,Raul Lopez (Trump),199
Scott,Delegate,At-Large,Republican,Rick Tillis (Trump),317
Scott,Delegate,At-Large,Republican,Robin T. Smith (Trump),303
Scott,Delegate,At-Large,Republican,Shannon Haynes (Trump),525
Scott,Delegate,At-Large,Republican,Steve Allbrooks (Trump),596
Scott,Delegate,At-Large,Republican,Susan Richardson Williams (Trump),248
Scott,Delegate,At-Large,Republican,Wanda J. Cooke (Uncommitted),15
Scott,Delegate,At-Large,Republican,William Lamberth (Trump),510
Scott,Presidential Preference,NA,Democratic,Amy Klobuchar,7
Scott,Presidential Preference,NA,Democratic,Andrew Yang,0
Scott,Presidential Preference,NA,Democratic,Bernie Sanders,108
Scott,Presidential Preference,NA,Democratic,Cory Booker,1
Scott,Presidential Preference,NA,Democratic,Deval Patrick,0
Scott,Presidential Preference,NA,Democratic,Elizabeth Warren,25
Scott,Presidential Preference,NA,Democratic,John K. Delaney,0
Scott,Presidential Preference,NA,Democratic,Joseph R. Biden,192
Scott,Presidential Preference,NA,Democratic,Julián Castro,0
Scott,Presidential Preference,NA,Democratic,Marianne Williamson,1
Scott,Presidential Preference,NA,Democratic,Michael Bennet,1
Scott,Presidential Preference,NA,Democratic,Michael R. Bloomberg,61
Scott,Presidential Preference,NA,Democratic,Pete Buttigieg,7
Scott,Presidential Preference,NA,Democratic,Tom Steyer,3
Scott,Presidential Preference,NA,Democratic,Tulsi Gabbard,4
Scott,Presidential Preference,NA,Democratic,Uncommitted,2
Scott,Presidential Preference,NA,Republican,Bill Weld,4
Scott,Presidential Preference,NA,Republican,Donald J. Trump,1081
Scott,Presidential Preference,NA,Republican,Joe Walsh,4
Scott,Presidential Preference,NA,Republican,Uncommitted,1
Sequatchie,Delegate,4,Republican,Adam Coggin (Trump),389
Sequatchie,Delegate,4,Republican,James A. Sandman (Trump),234
Sequatchie,Delegate,4,Republican,Joanne Thompson Skidmore (Uncommitted),56
Sequatchie,Delegate,4,Republican,John S. Stanbery (Trump),227
Sequatchie,Delegate,4,Republican,Lynne Davis (Trump),349
Sequatchie,Delegate,4,Republican,Mary Ann Tackett (Trump),199
Sequatchie,Delegate,4,Republican,Shane Reeves (Trump),359
Sequatchie,Delegate,At-Large,Republican,Amy Jones (Trump),471
Sequatchie,Delegate,At-Large,Republican,Beth Scott Clayton (Trump),461
Sequatchie,Delegate,At-Large,Republican,Chad Blackburn (Trump),533
Sequatchie,Delegate,At-Large,Republican,Dalton Temple (Trump),256
Sequatchie,Delegate,At-Large,Republican,Douglas M. Englen (Trump),422
Sequatchie,Delegate,At-Large,Republican,Jack Johnson (Trump),558
Sequatchie,Delegate,At-Large,Republican,Jake Adams (Uncommitted),65
Sequatchie,Delegate,At-Large,Republican,Jane Chedester (Trump),364
Sequatchie,Delegate,At-Large,Republican,Jennifer Inman Little (Trump),290
Sequatchie,Delegate,At-Large,Republican,Julia Atchley-Pace (Trump),407
Sequatchie,Delegate,At-Large,Republican,Larry M. Sims (Uncommitted),25
Sequatchie,Delegate,At-Large,Republican,Lei Ann Gleaves (Trump),370
Sequatchie,Delegate,At-Large,Republican,Leslie D. Mills (Uncommitted),24
Sequatchie,Delegate,At-Large,Republican,Linda D. Buckles (Trump),435
Sequatchie,Delegate,At-Large,Republican,Mae Beavers (Trump),444
Sequatchie,Delegate,At-Large,Republican,Marsha Yessick (Trump),235
Sequatchie,Delegate,At-Large,Republican,Mary Littleton (Trump),285
Sequatchie,Delegate,At-Large,Republican,Nazar Sharanshi (Trump),117
Sequatchie,Delegate,At-Large,Republican,Patricia D. Mills (Uncommitted),21
Sequatchie,Delegate,At-Large,Republican,Paulina Albornoz Madaris (Trump),165
Sequatchie,Delegate,At-Large,Republican,Peggy Larkin (Trump),427
Sequatchie,Delegate,At-Large,Republican,Raul Lopez (Trump),205
Sequatchie,Delegate,At-Large,Republican,Rick Tillis (Trump),307
Sequatchie,Delegate,At-Large,Republican,Robin T. Smith (Trump),334
Sequatchie,Delegate,At-Large,Republican,Shannon Haynes (Trump),459
Sequatchie,Delegate,At-Large,Republican,Steve Allbrooks (Trump),519
Sequatchie,Delegate,At-Large,Republican,Susan Richardson Williams (Trump),254
Sequatchie,Delegate,At-Large,Republican,Wanda J. Cooke (Uncommitted),23
Sequatchie,Delegate,At-Large,Republican,William Lamberth (Trump),476
Sequatchie,Presidential Preference,NA,Democratic,Amy Klobuchar,24
Sequatchie,Presidential Preference,NA,Democratic,Andrew Yang,1
Sequatchie,Presidential Preference,NA,Democratic,Bernie Sanders,161
Sequatchie,Presidential Preference,NA,Democratic,Cory Booker,0
Sequatchie,Presidential Preference,NA,Democratic,Deval Patrick,1
Sequatchie,Presidential Preference,NA,Democratic,Elizabeth Warren,50
Sequatchie,Presidential Preference,NA,Democratic,John K. Delaney,0
Sequatchie,Presidential Preference,NA,Democratic,Joseph R. Biden,270
Sequatchie,Presidential Preference,NA,Democratic,Julián Castro,0
Sequatchie,Presidential Preference,NA,Democratic,Marianne Williamson,0
Sequatchie,Presidential Preference,NA,Democratic,Michael Bennet,1
Sequatchie,Presidential Preference,NA,Democratic,Michael R. Bloomberg,131
Sequatchie,Presidential Preference,NA,Democratic,Pete Buttigieg,26
Sequatchie,Presidential Preference,NA,Democratic,Tom Steyer,1
Sequatchie,Presidential Preference,NA,Democratic,Tulsi Gabbard,4
Sequatchie,Presidential Preference,NA,Democratic,Uncommitted,0
Sequatchie,Presidential Preference,NA,Republican,Bill Weld,8
Sequatchie,Presidential Preference,NA,Republican,Donald J. Trump,958
Sequatchie,Presidential Preference,NA,Republican,Joe Walsh,4
Sequatchie,Presidential Preference,NA,Republican,Uncommitted,7
Sevier,Delegate,1,Republican,Anita Hodges Taylor (Trump),1575
Sevier,Delegate,1,Republican,Barbara Jo Zimmerman (Trump),1379
Sevier,Delegate,1,Republican,Kelly Wolfe (Trump),1802
Sevier,Delegate,1,Republican,Kent Harris (Uncommitted),235
Sevier,Delegate,1,Republican,Linda Osborne (Uncommitted),229
Sevier,Delegate,1,Republican,Matthew Johnson (Trump),3404
Sevier,Delegate,1,Republican,Paul Chapman (Trump),4065
Sevier,Delegate,1,Republican,Todd Fowler (Trump),3096
Sevier,Delegate,At-Large,Republican,Amy Jones (Trump),4197
Sevier,Delegate,At-Large,Republican,Beth Scott Clayton (Trump),4191
Sevier,Delegate,At-Large,Republican,Chad Blackburn (Trump),4842
Sevier,Delegate,At-Large,Republican,Dalton Temple (Trump),1595
Sevier,Delegate,At-Large,Republican,Douglas M. Englen (Trump),3937
Sevier,Delegate,At-Large,Republican,Jack Johnson (Trump),4280
Sevier,Delegate,At-Large,Republican,Jake Adams (Uncommitted),301
Sevier,Delegate,At-Large,Republican,Jane Chedester (Trump),4011
Sevier,Delegate,At-Large,Republican,Jennifer Inman Little (Trump),1706
Sevier,Delegate,At-Large,Republican,Julia Atchley-Pace (Trump),4543
Sevier,Delegate,At-Large,Republican,Larry M. Sims (Uncommitted),315
Sevier,Delegate,At-Large,Republican,Lei Ann Gleaves (Trump),3715
Sevier,Delegate,At-Large,Republican,Leslie D. Mills (Uncommitted),219
Sevier,Delegate,At-Large,Republican,Linda D. Buckles (Trump),4192
Sevier,Delegate,At-Large,Republican,Mae Beavers (Trump),4099
Sevier,Delegate,At-Large,Republican,Marsha Yessick (Trump),885
Sevier,Delegate,At-Large,Republican,Mary Littleton (Trump),1710
Sevier,Delegate,At-Large,Republican,Nazar Sharanshi (Trump),492
Sevier,Delegate,At-Large,Republican,Patricia D. Mills (Uncommitted),238
Sevier,Delegate,At-Large,Republican,Paulina Albornoz Madaris (Trump),711
Sevier,Delegate,At-Large,Republican,Peggy Larkin (Trump),3083
Sevier,Delegate,At-Large,Republican,Raul Lopez (Trump),983
Sevier,Delegate,At-Large,Republican,Rick Tillis (Trump),1511
Sevier,Delegate,At-Large,Republican,Robin T. Smith (Trump),1923
Sevier,Delegate,At-Large,Republican,Shannon Haynes (Trump),4077
Sevier,Delegate,At-Large,Republican,Steve Allbrooks (Trump),4704
Sevier,Delegate,At-Large,Republican,Susan Richardson Williams (Trump),1421
Sevier,Delegate,At-Large,Republican,Wanda J. Cooke (Uncommitted),222
Sevier,Delegate,At-Large,Republican,William Lamberth (Trump),4036
Sevier,Presidential Preference,NA,Democratic,Amy Klobuchar,83
Sevier,Presidential Preference,NA,Democratic,Andrew Yang,7
Sevier,Presidential Preference,NA,Democratic,Bernie Sanders,1149
Sevier,Presidential Preference,NA,Democratic,Cory Booker,2
Sevier,Presidential Preference,NA,Democratic,Deval Patrick,3
Sevier,Presidential Preference,NA,Democratic,Elizabeth Warren,309
Sevier,Presidential Preference,NA,Democratic,John K. Delaney,3
Sevier,Presidential Preference,NA,Democratic,Joseph R. Biden,1536
Sevier,Presidential Preference,NA,Democratic,Julián Castro,2
Sevier,Presidential Preference,NA,Democratic,Marianne Williamson,5
Sevier,Presidential Preference,NA,Democratic,Michael Bennet,4
Sevier,Presidential Preference,NA,Democratic,Michael R. Bloomberg,588
Sevier,Presidential Preference,NA,Democratic,Pete Buttigieg,153
Sevier,Presidential Preference,NA,Democratic,Tom Steyer,12
Sevier,Presidential Preference,NA,Democratic,Tulsi Gabbard,23
Sevier,Presidential Preference,NA,Democratic,Uncommitted,9
Sevier,Presidential Preference,NA,Republican,Bill Weld,59
Sevier,Presidential Preference,NA,Republican,Donald J. Trump,7018
Sevier,Presidential Preference,NA,Republican,Joe Walsh,60
Sevier,Presidential Preference,NA,Republican,Uncommitted,71
Shelby,Delegate,8,Republican,Charlotte Kelley (Trump),5346
Shelby,Delegate,8,Republican,Elaine S. Ervin (Trump),6887
Shelby,Delegate,8,Republican,Jim Craig (Uncommitted),842
Shelby,Delegate,8,Republican,Joseph S. Coury (Trump),6306
Shelby,Delegate,8,Republican,Nichole Bufalino (Trump),6319
Shelby,Delegate,8,Republican,Steve Maroney (Trump),6077
Shelby,Delegate,9,Republican,Arnold Weiner (Trump),2442
Shelby,Delegate,9,Republican,Charlotte Bergmann (Trump),5176
Shelby,Delegate,9,Republican,Drew Daniel (Trump),3595
Shelby,Delegate,9,Republican,Terry Roland (Trump),5051
Shelby,Delegate,9,Republican,Tina R. McElravey (Trump),2838
Shelby,Delegate,At-Large,Republican,Amy Jones (Trump),14371
Shelby,Delegate,At-Large,Republican,Beth Scott Clayton (Trump),14263
Shelby,Delegate,At-Large,Republican,Chad Blackburn (Trump),15885
Shelby,Delegate,At-Large,Republican,Dalton Temple (Trump),3638
Shelby,Delegate,At-Large,Republican,Douglas M. Englen (Trump),13562
Shelby,Delegate,At-Large,Republican,Jack Johnson (Trump),14617
Shelby,Delegate,At-Large,Republican,Jake Adams (Uncommitted),1001
Shelby,Delegate,At-Large,Republican,Jane Chedester (Trump),13246
Shelby,Delegate,At-Large,Republican,Jennifer Inman Little (Trump),5471
Shelby,Delegate,At-Large,Republican,Julia Atchley-Pace (Trump),13268
Shelby,Delegate,At-Large,Republican,Larry M. Sims (Uncommitted),832
Shelby,Delegate,At-Large,Republican,Lei Ann Gleaves (Trump),12893
Shelby,Delegate,At-Large,Republican,Leslie D. Mills (Uncommitted),869
Shelby,Delegate,At-Large,Republican,Linda D. Buckles (Trump),13826
Shelby,Delegate,At-Large,Republican,Mae Beavers (Trump),13030
Shelby,Delegate,At-Large,Republican,Marsha Yessick (Trump),2700
Shelby,Delegate,At-Large,Republican,Mary Littleton (Trump),5167
Shelby,Delegate,At-Large,Republican,Nazar Sharanshi (Trump),1999
Shelby,Delegate,At-Large,Republican,Patricia D. Mills (Uncommitted),917
Shelby,Delegate,At-Large,Republican,Paulina Albornoz Madaris (Trump),2576
Shelby,Delegate,At-Large,Republican,Peggy Larkin (Trump),14467
Shelby,Delegate,At-Large,Republican,Raul Lopez (Trump),3637
Shelby,Delegate,At-Large,Republican,Rick Tillis (Trump),4592
Shelby,Delegate,At-Large,Republican,Robin T. Smith (Trump),4985
Shelby,Delegate,At-Large,Republican,Shannon Haynes (Trump),13964
Shelby,Delegate,At-Large,Republican,Steve Allbrooks (Trump),15759
Shelby,Delegate,At-Large,Republican,Susan Richardson Williams (Trump),4065
Shelby,Delegate,At-Large,Republican,Wanda J. Cooke (Uncommitted),903
Shelby,Delegate,At-Large,Republican,William Lamberth (Trump),14319
Shelby,Presidential Preference,NA,Democratic,Amy Klobuchar,1123
Shelby,Presidential Preference,NA,Democratic,Andrew Yang,127
Shelby,Presidential Preference,NA,Democratic,Bernie Sanders,20492
Shelby,Presidential Preference,NA,Democratic,Cory Booker,311
Shelby,Presidential Preference,NA,Democratic,Deval Patrick,54
Shelby,Presidential Preference,NA,Democratic,Elizabeth Warren,8465
Shelby,Presidential Preference,NA,Democratic,John K. Delaney,100
Shelby,Presidential Preference,NA,Democratic,Joseph R. Biden,50280
Shelby,Presidential Preference,NA,Democratic,Julián Castro,50
Shelby,Presidential Preference,NA,Democratic,Marianne Williamson,28
Shelby,Presidential Preference,NA,Democratic,Michael Bennet,623
Shelby,Presidential Preference,NA,Democratic,Michael R. Bloomberg,18185
Shelby,Presidential Preference,NA,Democratic,Pete Buttigieg,1748
Shelby,Presidential Preference,NA,Democratic,Tom Steyer,280
Shelby,Presidential Preference,NA,Democratic,Tulsi Gabbard,229
Shelby,Presidential Preference,NA,Democratic,Uncommitted,108
Shelby,Presidential Preference,NA,Republican,Bill Weld,274
Shelby,Presidential Preference,NA,Republican,Donald J. Trump,21282
Shelby,Presidential Preference,NA,Republican,Joe Walsh,260
Shelby,Presidential Preference,NA,Republican,Uncommitted,326
Smith,Circuit Court Judge Division II,15 (unexpired term),Republican,Javin Cripps,867
Smith,Circuit Court Judge Division II,15 (unexpired term),Republican,Michael Collins,2005
Smith,Circuit Court Judge Division II,15 (unexpired term),Republican,Shawn McBrien,255
Smith,Public Defender,15 (unexpired term),Republican,Shelley Thompson Gardner,2047
Smith,Delegate,6,Republican,Craig Evan Clark (Trump),1062
Smith,Delegate,6,Republican,Frank Gorgie (Uncommitted),98
Smith,Delegate,6,Republican,Holly S. Jones (Trump),1131
Smith,Delegate,6,Republican,Joseph Elder (Uncommitted),141
Smith,Delegate,6,Republican,Mary Ann Parks (Trump),640
Smith,Delegate,6,Republican,Paul Bailey (Trump),1456
Smith,Delegate,6,Republican,Ryan Williams (Trump),969
Smith,Delegate,6,Republican,Terri R. Nicholson (Trump),758
Smith,Delegate,At-Large,Republican,Amy Jones (Trump),1440
Smith,Delegate,At-Large,Republican,Beth Scott Clayton (Trump),1386
Smith,Delegate,At-Large,Republican,Chad Blackburn (Trump),1662
Smith,Delegate,At-Large,Republican,Dalton Temple (Trump),786
Smith,Delegate,At-Large,Republican,Douglas M. Englen (Trump),1249
Smith,Delegate,At-Large,Republican,Jack Johnson (Trump),1639
Smith,Delegate,At-Large,Republican,Jake Adams (Uncommitted),249
Smith,Delegate,At-Large,Republican,Jane Chedester (Trump),1107
Smith,Delegate,At-Large,Republican,Jennifer Inman Little (Trump),858
Smith,Delegate,At-Large,Republican,Julia Atchley-Pace (Trump),1116
Smith,Delegate,At-Large,Republican,Larry M. Sims (Uncommitted),103
Smith,Delegate,At-Large,Republican,Lei Ann Gleaves (Trump),1316
Smith,Delegate,At-Large,Republican,Leslie D. Mills (Uncommitted),72
Smith,Delegate,At-Large,Republican,Linda D. Buckles (Trump),1299
Smith,Delegate,At-Large,Republican,Mae Beavers (Trump),1967
Smith,Delegate,At-Large,Republican,Marsha Yessick (Trump),494
Smith,Delegate,At-Large,Republican,Mary Littleton (Trump),834
Smith,Delegate,At-Large,Republican,Nazar Sharanshi (Trump),281
Smith,Delegate,At-Large,Republican,Patricia D. Mills (Uncommitted),71
Smith,Delegate,At-Large,Republican,Paulina Albornoz Madaris (Trump),368
Smith,Delegate,At-Large,Republican,Peggy Larkin (Trump),1244
Smith,Delegate,At-Large,Republican,Raul Lopez (Trump),517
Smith,Delegate,At-Large,Republican,Rick Tillis (Trump),872
Smith,Delegate,At-Large,Republican,Robin T. Smith (Trump),1004
Smith,Delegate,At-Large,Republican,Shannon Haynes (Trump),1415
Smith,Delegate,At-Large,Republican,Steve Allbrooks (Trump),1509
Smith,Delegate,At-Large,Republican,Susan Richardson Williams (Trump),816
Smith,Delegate,At-Large,Republican,Wanda J. Cooke (Uncommitted),88
Smith,Delegate,At-Large,Republican,William Lamberth (Trump),1483
Smith,Presidential Preference,NA,Democratic,Amy Klobuchar,28
Smith,Presidential Preference,NA,Democratic,Andrew Yang,6
Smith,Presidential Preference,NA,Democratic,Bernie Sanders,239
Smith,Presidential Preference,NA,Democratic,Cory Booker,5
Smith,Presidential Preference,NA,Democratic,Deval Patrick,0
Smith,Presidential Preference,NA,Democratic,Elizabeth Warren,73
Smith,Presidential Preference,NA,Democratic,John K. Delaney,2
Smith,Presidential Preference,NA,Democratic,Joseph R. Biden,391
Smith,Presidential Preference,NA,Democratic,Julián Castro,1
Smith,Presidential Preference,NA,Democratic,Marianne Williamson,1
Smith,Presidential Preference,NA,Democratic,Michael Bennet,10
Smith,Presidential Preference,NA,Democratic,Michael R. Bloomberg,291
Smith,Presidential Preference,NA,Democratic,Pete Buttigieg,34
Smith,Presidential Preference,NA,Democratic,Tom Steyer,7
Smith,Presidential Preference,NA,Democratic,Tulsi Gabbard,3
Smith,Presidential Preference,NA,Democratic,Uncommitted,14
Smith,Presidential Preference,NA,Republican,Bill Weld,19
Smith,Presidential Preference,NA,Republican,Donald J. Trump,3057
Smith,Presidential Preference,NA,Republican,Joe Walsh,44
Smith,Presidential Preference,NA,Republican,Uncommitted,62
Stewart,Delegate,7,Republican,Angie McClanahan (Trump),185
Stewart,Delegate,7,Republican,Cheryl D. Brown (Trump),332
Stewart,Delegate,7,Republican,Jim Looney (Trump),295
Stewart,Delegate,7,Republican,Kenneth Eaton (Uncommitted),38
Stewart,Delegate,7,Republican,Lisa Gary (Uncommitted),38
Stewart,Delegate,7,Republican,Patricia F. Allen (Trump),429
Stewart,Delegate,7,Republican,Rob Tiede (Uncommitted),3
Stewart,Delegate,7,Republican,Sharon Massey Grimes (Trump),396
Stewart,Delegate,7,Republican,Steven Giorno (Uncommitted),12
Stewart,Delegate,7,Republican,Todd Benne Jr. (Uncommitted),27
Stewart,Delegate,7,Republican,Tony Roberts (Trump),309
Stewart,Delegate,At-Large,Republican,Amy Jones (Trump),495
Stewart,Delegate,At-Large,Republican,Beth Scott Clayton (Trump),482
Stewart,Delegate,At-Large,Republican,Chad Blackburn (Trump),572
Stewart,Delegate,At-Large,Republican,Dalton Temple (Trump),292
Stewart,Delegate,At-Large,Republican,Douglas M. Englen (Trump),481
Stewart,Delegate,At-Large,Republican,Jack Johnson (Trump),569
Stewart,Delegate,At-Large,Republican,Jake Adams (Uncommitted),87
Stewart,Delegate,At-Large,Republican,Jane Chedester (Trump),407
Stewart,Delegate,At-Large,Republican,Jennifer Inman Little (Trump),305
Stewart,Delegate,At-Large,Republican,Julia Atchley-Pace (Trump),397
Stewart,Delegate,At-Large,Republican,Larry M. Sims (Uncommitted),27
Stewart,Delegate,At-Large,Republican,Lei Ann Gleaves (Trump),405
Stewart,Delegate,At-Large,Republican,Leslie D. Mills (Uncommitted),26
Stewart,Delegate,At-Large,Republican,Linda D. Buckles (Trump),453
Stewart,Delegate,At-Large,Republican,Mae Beavers (Trump),490
Stewart,Delegate,At-Large,Republican,Marsha Yessick (Trump),198
Stewart,Delegate,At-Large,Republican,Mary Littleton (Trump),338
Stewart,Delegate,At-Large,Republican,Nazar Sharanshi (Trump),119
Stewart,Delegate,At-Large,Republican,Patricia D. Mills (Uncommitted),23
Stewart,Delegate,At-Large,Republican,Paulina Albornoz Madaris (Trump),152
Stewart,Delegate,At-Large,Republican,Peggy Larkin (Trump),455
Stewart,Delegate,At-Large,Republican,Raul Lopez (Trump),219
Stewart,Delegate,At-Large,Republican,Rick Tillis (Trump),334
Stewart,Delegate,At-Large,Republican,Robin T. Smith (Trump),346
Stewart,Delegate,At-Large,Republican,Shannon Haynes (Trump),477
Stewart,Delegate,At-Large,Republican,Steve Allbrooks (Trump),607
Stewart,Delegate,At-Large,Republican,Susan Richardson Williams (Trump),277
Stewart,Delegate,At-Large,Republican,Wanda J. Cooke (Uncommitted),30
Stewart,Delegate,At-Large,Republican,William Lamberth (Trump),518
Stewart,Presidential Preference,NA,Democratic,Amy Klobuchar,24
Stewart,Presidential Preference,NA,Democratic,Andrew Yang,4
Stewart,Presidential Preference,NA,Democratic,Bernie Sanders,148
Stewart,Presidential Preference,NA,Democratic,Cory Booker,3
Stewart,Presidential Preference,NA,Democratic,Deval Patrick,0
Stewart,Presidential Preference,NA,Democratic,Elizabeth Warren,43
Stewart,Presidential Preference,NA,Democratic,John K. Delaney,0
Stewart,Presidential Preference,NA,Democratic,Joseph R. Biden,279
Stewart,Presidential Preference,NA,Democratic,Julián Castro,1
Stewart,Presidential Preference,NA,Democratic,Marianne Williamson,0
Stewart,Presidential Preference,NA,Democratic,Michael Bennet,5
Stewart,Presidential Preference,NA,Democratic,Michael R. Bloomberg,133
Stewart,Presidential Preference,NA,Democratic,Pete Buttigieg,21
Stewart,Presidential Preference,NA,Democratic,Tom Steyer,3
Stewart,Presidential Preference,NA,Democratic,Tulsi Gabbard,3
Stewart,Presidential Preference,NA,Democratic,Uncommitted,3
Stewart,Presidential Preference,NA,Republican,Bill Weld,4
Stewart,Presidential Preference,NA,Republican,Donald J. Trump,982
Stewart,Presidential Preference,NA,Republican,Joe Walsh,5
Stewart,Presidential Preference,NA,Republican,Uncommitted,11
Sullivan,Delegate,1,Republican,Anita Hodges Taylor (Trump),2104
Sullivan,Delegate,1,Republican,Barbara Jo Zimmerman (Trump),1944
Sullivan,Delegate,1,Republican,Kelly Wolfe (Trump),1944
Sullivan,Delegate,1,Republican,Kent Harris (Uncommitted),567
Sullivan,Delegate,1,Republican,Linda Osborne (Uncommitted),478
Sullivan,Delegate,1,Republican,Matthew Johnson (Trump),3917
Sullivan,Delegate,1,Republican,Paul Chapman (Trump),4359
Sullivan,Delegate,1,Republican,Todd Fowler (Trump),3691
Sullivan,Public Defender,2 (unexpired term),Democratic,No Candidate Qualified,0
Sullivan,Public Defender,2 (unexpired term),Republican,Andrew Jackson Gibbons,7044
Sullivan,Delegate,At-Large,Republican,Amy Jones (Trump),4811
Sullivan,Delegate,At-Large,Republican,Beth Scott Clayton (Trump),5112
Sullivan,Delegate,At-Large,Republican,Chad Blackburn (Trump),5743
Sullivan,Delegate,At-Large,Republican,Dalton Temple (Trump),1904
Sullivan,Delegate,At-Large,Republican,Douglas M. Englen (Trump),4904
Sullivan,Delegate,At-Large,Republican,Jack Johnson (Trump),5254
Sullivan,Delegate,At-Large,Republican,Jake Adams (Uncommitted),475
Sullivan,Delegate,At-Large,Republican,Jane Chedester (Trump),4579
Sullivan,Delegate,At-Large,Republican,Jennifer Inman Little (Trump),2444
Sullivan,Delegate,At-Large,Republican,Julia Atchley-Pace (Trump),5005
Sullivan,Delegate,At-Large,Republican,Larry M. Sims (Uncommitted),320
Sullivan,Delegate,At-Large,Republican,Lei Ann Gleaves (Trump),4252
Sullivan,Delegate,At-Large,Republican,Leslie D. Mills (Uncommitted),277
Sullivan,Delegate,At-Large,Republican,Linda D. Buckles (Trump),5826
Sullivan,Delegate,At-Large,Republican,Mae Beavers (Trump),5207
Sullivan,Delegate,At-Large,Republican,Marsha Yessick (Trump),1296
Sullivan,Delegate,At-Large,Republican,Mary Littleton (Trump),2368
Sullivan,Delegate,At-Large,Republican,Nazar Sharanshi (Trump),668
Sullivan,Delegate,At-Large,Republican,Patricia D. Mills (Uncommitted),248
Sullivan,Delegate,At-Large,Republican,Paulina Albornoz Madaris (Trump),980
Sullivan,Delegate,At-Large,Republican,Peggy Larkin (Trump),4344
Sullivan,Delegate,At-Large,Republican,Raul Lopez (Trump),1405
Sullivan,Delegate,At-Large,Republican,Rick Tillis (Trump),2320
Sullivan,Delegate,At-Large,Republican,Robin T. Smith (Trump),2527
Sullivan,Delegate,At-Large,Republican,Shannon Haynes (Trump),4948
Sullivan,Delegate,At-Large,Republican,Steve Allbrooks (Trump),5617
Sullivan,Delegate,At-Large,Republican,Susan Richardson Williams (Trump),2062
Sullivan,Delegate,At-Large,Republican,Wanda J. Cooke (Uncommitted),277
Sullivan,Delegate,At-Large,Republican,William Lamberth (Trump),4655
Sullivan,Presidential Preference,NA,Democratic,Amy Klobuchar,191
Sullivan,Presidential Preference,NA,Democratic,Andrew Yang,12
Sullivan,Presidential Preference,NA,Democratic,Bernie Sanders,2252
Sullivan,Presidential Preference,NA,Democratic,Cory Booker,2
Sullivan,Presidential Preference,NA,Democratic,Deval Patrick,2
Sullivan,Presidential Preference,NA,Democratic,Elizabeth Warren,660
Sullivan,Presidential Preference,NA,Democratic,John K. Delaney,3
Sullivan,Presidential Preference,NA,Democratic,Joseph R. Biden,3147
Sullivan,Presidential Preference,NA,Democratic,Julián Castro,1
Sullivan,Presidential Preference,NA,Democratic,Marianne Williamson,6
Sullivan,Presidential Preference,NA,Democratic,Michael Bennet,17
Sullivan,Presidential Preference,NA,Democratic,Michael R. Bloomberg,1017
Sullivan,Presidential Preference,NA,Democratic,Pete Buttigieg,268
Sullivan,Presidential Preference,NA,Democratic,Tom Steyer,29
Sullivan,Presidential Preference,NA,Democratic,Tulsi Gabbard,43
Sullivan,Presidential Preference,NA,Democratic,Uncommitted,8
Sullivan,Presidential Preference,NA,Republican,Bill Weld,69
Sullivan,Presidential Preference,NA,Republican,Donald J. Trump,8081
Sullivan,Presidential Preference,NA,Republican,Joe Walsh,74
Sullivan,Presidential Preference,NA,Republican,Uncommitted,72
Sumner,Delegate,6,Republican,Craig Evan Clark (Trump),3753
Sumner,Delegate,6,Republican,Frank Gorgie (Uncommitted),443
Sumner,Delegate,6,Republican,Holly S. Jones (Trump),4509
Sumner,Delegate,6,Republican,Joseph Elder (Uncommitted),448
Sumner,Delegate,6,Republican,Mary Ann Parks (Trump),3083
Sumner,Delegate,6,Republican,Paul Bailey (Trump),5143
Sumner,Delegate,6,Republican,Ryan Williams (Trump),3160
Sumner,Delegate,6,Republican,Terri R. Nicholson (Trump),2737
Sumner,Delegate,At-Large,Republican,Amy Jones (Trump),5464
Sumner,Delegate,At-Large,Republican,Beth Scott Clayton (Trump),5525
Sumner,Delegate,At-Large,Republican,Chad Blackburn (Trump),6049
Sumner,Delegate,At-Large,Republican,Dalton Temple (Trump),2845
Sumner,Delegate,At-Large,Republican,Douglas M. Englen (Trump),4764
Sumner,Delegate,At-Large,Republican,Jack Johnson (Trump),5958
Sumner,Delegate,At-Large,Republican,Jake Adams (Uncommitted),792
Sumner,Delegate,At-Large,Republican,Jane Chedester (Trump),4344
Sumner,Delegate,At-Large,Republican,Jennifer Inman Little (Trump),3386
Sumner,Delegate,At-Large,Republican,Julia Atchley-Pace (Trump),4783
Sumner,Delegate,At-Large,Republican,Larry M. Sims (Uncommitted),299
Sumner,Delegate,At-Large,Republican,Lei Ann Gleaves (Trump),5309
Sumner,Delegate,At-Large,Republican,Leslie D. Mills (Uncommitted),280
Sumner,Delegate,At-Large,Republican,Linda D. Buckles (Trump),5120
Sumner,Delegate,At-Large,Republican,Mae Beavers (Trump),6212
Sumner,Delegate,At-Large,Republican,Marsha Yessick (Trump),2255
Sumner,Delegate,At-Large,Republican,Mary Littleton (Trump),3550
Sumner,Delegate,At-Large,Republican,Nazar Sharanshi (Trump),1425
Sumner,Delegate,At-Large,Republican,Patricia D. Mills (Uncommitted),259
Sumner,Delegate,At-Large,Republican,Paulina Albornoz Madaris (Trump),1707
Sumner,Delegate,At-Large,Republican,Peggy Larkin (Trump),4970
Sumner,Delegate,At-Large,Republican,Raul Lopez (Trump),2511
Sumner,Delegate,At-Large,Republican,Rick Tillis (Trump),3468
Sumner,Delegate,At-Large,Republican,Robin T. Smith (Trump),3503
Sumner,Delegate,At-Large,Republican,Shannon Haynes (Trump),5425
Sumner,Delegate,At-Large,Republican,Steve Allbrooks (Trump),6182
Sumner,Delegate,At-Large,Republican,Susan Richardson Williams (Trump),3033
Sumner,Delegate,At-Large,Republican,Wanda J. Cooke (Uncommitted),323
Sumner,Delegate,At-Large,Republican,William Lamberth (Trump),6754
Sumner,Presidential Preference,NA,Democratic,Amy Klobuchar,234
Sumner,Presidential Preference,NA,Democratic,Andrew Yang,16
Sumner,Presidential Preference,NA,Democratic,Bernie Sanders,2879
Sumner,Presidential Preference,NA,Democratic,Cory Booker,19
Sumner,Presidential Preference,NA,Democratic,Deval Patrick,4
Sumner,Presidential Preference,NA,Democratic,Elizabeth Warren,1201
Sumner,Presidential Preference,NA,Democratic,John K. Delaney,4
Sumner,Presidential Preference,NA,Democratic,Joseph R. Biden,4997
Sumner,Presidential Preference,NA,Democratic,Julián Castro,7
Sumner,Presidential Preference,NA,Democratic,Marianne Williamson,8
Sumner,Presidential Preference,NA,Democratic,Michael Bennet,27
Sumner,Presidential Preference,NA,Democratic,Michael R. Bloomberg,1708
Sumner,Presidential Preference,NA,Democratic,Pete Buttigieg,402
Sumner,Presidential Preference,NA,Democratic,Tom Steyer,44
Sumner,Presidential Preference,NA,Democratic,Tulsi Gabbard,72
Sumner,Presidential Preference,NA,Democratic,Uncommitted,9
Sumner,Presidential Preference,NA,Republican,Bill Weld,87
Sumner,Presidential Preference,NA,Republican,Donald J. Trump,9870
Sumner,Presidential Preference,NA,Republican,Joe Walsh,94
Sumner,Presidential Preference,NA,Republican,Uncommitted,78
Tipton,Delegate,8,Republican,Charlotte Kelley (Trump),1906
Tipton,Delegate,8,Republican,Elaine S. Ervin (Trump),1926
Tipton,Delegate,8,Republican,Jim Craig (Uncommitted),246
Tipton,Delegate,8,Republican,Joseph S. Coury (Trump),1517
Tipton,Delegate,8,Republican,Nichole Bufalino (Trump),1246
Tipton,Delegate,8,Republican,Steve Maroney (Trump),1583
Tipton,Delegate,At-Large,Republican,Amy Jones (Trump),2000
Tipton,Delegate,At-Large,Republican,Beth Scott Clayton (Trump),1904
Tipton,Delegate,At-Large,Republican,Chad Blackburn (Trump),2276
Tipton,Delegate,At-Large,Republican,Dalton Temple (Trump),1077
Tipton,Delegate,At-Large,Republican,Douglas M. Englen (Trump),1732
Tipton,Delegate,At-Large,Republican,Jack Johnson (Trump),2159
Tipton,Delegate,At-Large,Republican,Jake Adams (Uncommitted),315
Tipton,Delegate,At-Large,Republican,Jane Chedester (Trump),1523
Tipton,Delegate,At-Large,Republican,Jennifer Inman Little (Trump),1303
Tipton,Delegate,At-Large,Republican,Julia Atchley-Pace (Trump),1624
Tipton,Delegate,At-Large,Republican,Larry M. Sims (Uncommitted),103
Tipton,Delegate,At-Large,Republican,Lei Ann Gleaves (Trump),1607
Tipton,Delegate,At-Large,Republican,Leslie D. Mills (Uncommitted),79
Tipton,Delegate,At-Large,Republican,Linda D. Buckles (Trump),1738
Tipton,Delegate,At-Large,Republican,Mae Beavers (Trump),1663
Tipton,Delegate,At-Large,Republican,Marsha Yessick (Trump),739
Tipton,Delegate,At-Large,Republican,Mary Littleton (Trump),1321
Tipton,Delegate,At-Large,Republican,Nazar Sharanshi (Trump),436
Tipton,Delegate,At-Large,Republican,Patricia D. Mills (Uncommitted),106
Tipton,Delegate,At-Large,Republican,Paulina Albornoz Madaris (Trump),557
Tipton,Delegate,At-Large,Republican,Peggy Larkin (Trump),1842
Tipton,Delegate,At-Large,Republican,Raul Lopez (Trump),869
Tipton,Delegate,At-Large,Republican,Rick Tillis (Trump),1278
Tipton,Delegate,At-Large,Republican,Robin T. Smith (Trump),1331
Tipton,Delegate,At-Large,Republican,Shannon Haynes (Trump),1839
Tipton,Delegate,At-Large,Republican,Steve Allbrooks (Trump),2316
Tipton,Delegate,At-Large,Republican,Susan Richardson Williams (Trump),1122
Tipton,Delegate,At-Large,Republican,Wanda J. Cooke (Uncommitted),94
Tipton,Delegate,At-Large,Republican,William Lamberth (Trump),1897
Tipton,Presidential Preference,NA,Democratic,Amy Klobuchar,30
Tipton,Presidential Preference,NA,Democratic,Andrew Yang,3
Tipton,Presidential Preference,NA,Democratic,Bernie Sanders,517
Tipton,Presidential Preference,NA,Democratic,Cory Booker,3
Tipton,Presidential Preference,NA,Democratic,Deval Patrick,1
Tipton,Presidential Preference,NA,Democratic,Elizabeth Warren,174
Tipton,Presidential Preference,NA,Democratic,John K. Delaney,6
Tipton,Presidential Preference,NA,Democratic,Joseph R. Biden,1144
Tipton,Presidential Preference,NA,Democratic,Julián Castro,1
Tipton,Presidential Preference,NA,Democratic,Marianne Williamson,0
Tipton,Presidential Preference,NA,Democratic,Michael Bennet,8
Tipton,Presidential Preference,NA,Democratic,Michael R. Bloomberg,460
Tipton,Presidential Preference,NA,Democratic,Pete Buttigieg,44
Tipton,Presidential Preference,NA,Democratic,Tom Steyer,9
Tipton,Presidential Preference,NA,Democratic,Tulsi Gabbard,13
Tipton,Presidential Preference,NA,Democratic,Uncommitted,3
Tipton,Presidential Preference,NA,Republican,Bill Weld,21
Tipton,Presidential Preference,NA,Republican,Donald J. Trump,3674
Tipton,Presidential Preference,NA,Republican,Joe Walsh,28
Tipton,Presidential Preference,NA,Republican,Uncommitted,17
Trousdale,Delegate,6,Republican,Craig Evan Clark (Trump),149
Trousdale,Delegate,6,Republican,Frank Gorgie (Uncommitted),11
Trousdale,Delegate,6,Republican,Holly S. Jones (Trump),184
Trousdale,Delegate,6,Republican,Joseph Elder (Uncommitted),25
Trousdale,Delegate,6,Republican,Mary Ann Parks (Trump),111
Trousdale,Delegate,6,Republican,Paul Bailey (Trump),215
Trousdale,Delegate,6,Republican,Ryan Williams (Trump),124
Trousdale,Delegate,6,Republican,Terri R. Nicholson (Trump),116
Trousdale,Delegate,At-Large,Republican,Amy Jones (Trump),232
Trousdale,Delegate,At-Large,Republican,Beth Scott Clayton (Trump),233
Trousdale,Delegate,At-Large,Republican,Chad Blackburn (Trump),255
Trousdale,Delegate,At-Large,Republican,Dalton Temple (Trump),126
Trousdale,Delegate,At-Large,Republican,Douglas M. Englen (Trump),206
Trousdale,Delegate,At-Large,Republican,Jack Johnson (Trump),258
Trousdale,Delegate,At-Large,Republican,Jake Adams (Uncommitted),37
Trousdale,Delegate,At-Large,Republican,Jane Chedester (Trump),178
Trousdale,Delegate,At-Large,Republican,Jennifer Inman Little (Trump),137
Trousdale,Delegate,At-Large,Republican,Julia Atchley-Pace (Trump),182
Trousdale,Delegate,At-Large,Republican,Larry M. Sims (Uncommitted),9
Trousdale,Delegate,At-Large,Republican,Lei Ann Gleaves (Trump),232
Trousdale,Delegate,At-Large,Republican,Leslie D. Mills (Uncommitted),13
Trousdale,Delegate,At-Large,Republican,Linda D. Buckles (Trump),208
Trousdale,Delegate,At-Large,Republican,Mae Beavers (Trump),311
Trousdale,Delegate,At-Large,Republican,Marsha Yessick (Trump),77
Trousdale,Delegate,At-Large,Republican,Mary Littleton (Trump),135
Trousdale,Delegate,At-Large,Republican,Nazar Sharanshi (Trump),44
Trousdale,Delegate,At-Large,Republican,Patricia D. Mills (Uncommitted),7
Trousdale,Delegate,At-Large,Republican,Paulina Albornoz Madaris (Trump),62
Trousdale,Delegate,At-Large,Republican,Peggy Larkin (Trump),207
Trousdale,Delegate,At-Large,Republican,Raul Lopez (Trump),98
Trousdale,Delegate,At-Large,Republican,Rick Tillis (Trump),135
Trousdale,Delegate,At-Large,Republican,Robin T. Smith (Trump),150
Trousdale,Delegate,At-Large,Republican,Shannon Haynes (Trump),222
Trousdale,Delegate,At-Large,Republican,Steve Allbrooks (Trump),240
Trousdale,Delegate,At-Large,Republican,Susan Richardson Williams (Trump),125
Trousdale,Delegate,At-Large,Republican,Wanda J. Cooke (Uncommitted),14
Trousdale,Delegate,At-Large,Republican,William Lamberth (Trump),237
Trousdale,Presidential Preference,NA,Democratic,Amy Klobuchar,9
Trousdale,Presidential Preference,NA,Democratic,Andrew Yang,0
Trousdale,Presidential Preference,NA,Democratic,Bernie Sanders,81
Trousdale,Presidential Preference,NA,Democratic,Cory Booker,1
Trousdale,Presidential Preference,NA,Democratic,Deval Patrick,0
Trousdale,Presidential Preference,NA,Democratic,Elizabeth Warren,21
Trousdale,Presidential Preference,NA,Democratic,John K. Delaney,0
Trousdale,Presidential Preference,NA,Democratic,Joseph R. Biden,182
Trousdale,Presidential Preference,NA,Democratic,Julián Castro,0
Trousdale,Presidential Preference,NA,Democratic,Marianne Williamson,0
Trousdale,Presidential Preference,NA,Democratic,Michael Bennet,1
Trousdale,Presidential Preference,NA,Democratic,Michael R. Bloomberg,111
Trousdale,Presidential Preference,NA,Democratic,Pete Buttigieg,13
Trousdale,Presidential Preference,NA,Democratic,Tom Steyer,2
Trousdale,Presidential Preference,NA,Democratic,Tulsi Gabbard,1
Trousdale,Presidential Preference,NA,Democratic,Uncommitted,0
Trousdale,Presidential Preference,NA,Republican,Bill Weld,2
Trousdale,Presidential Preference,NA,Republican,Donald J. Trump,481
Trousdale,Presidential Preference,NA,Republican,Joe Walsh,1
Trousdale,Presidential Preference,NA,Republican,Uncommitted,3
Unicoi,Delegate,1,Republican,Anita Hodges Taylor (Trump),457
Unicoi,Delegate,1,Republican,Barbara Jo Zimmerman (Trump),235
Unicoi,Delegate,1,Republican,Kelly Wolfe (Trump),590
Unicoi,Delegate,1,Republican,Kent Harris (Uncommitted),422
Unicoi,Delegate,1,Republican,Linda Osborne (Uncommitted),66
Unicoi,Delegate,1,Republican,Matthew Johnson (Trump),771
Unicoi,Delegate,1,Republican,Paul Chapman (Trump),853
Unicoi,Delegate,1,Republican,Todd Fowler (Trump),888
Unicoi,Delegate,At-Large,Republican,Amy Jones (Trump),1003
Unicoi,Delegate,At-Large,Republican,Beth Scott Clayton (Trump),942
Unicoi,Delegate,At-Large,Republican,Chad Blackburn (Trump),1087
Unicoi,Delegate,At-Large,Republican,Dalton Temple (Trump),486
Unicoi,Delegate,At-Large,Republican,Douglas M. Englen (Trump),891
Unicoi,Delegate,At-Large,Republican,Jack Johnson (Trump),1069
Unicoi,Delegate,At-Large,Republican,Jake Adams (Uncommitted),135
Unicoi,Delegate,At-Large,Republican,Jane Chedester (Trump),785
Unicoi,Delegate,At-Large,Republican,Jennifer Inman Little (Trump),579
Unicoi,Delegate,At-Large,Republican,Julia Atchley-Pace (Trump),865
Unicoi,Delegate,At-Large,Republican,Larry M. Sims (Uncommitted),53
Unicoi,Delegate,At-Large,Republican,Lei Ann Gleaves (Trump),787
Unicoi,Delegate,At-Large,Republican,Leslie D. Mills (Uncommitted),53
Unicoi,Delegate,At-Large,Republican,Linda D. Buckles (Trump),991
Unicoi,Delegate,At-Large,Republican,Mae Beavers (Trump),884
Unicoi,Delegate,At-Large,Republican,Marsha Yessick (Trump),376
Unicoi,Delegate,At-Large,Republican,Mary Littleton (Trump),587
Unicoi,Delegate,At-Large,Republican,Nazar Sharanshi (Trump),216
Unicoi,Delegate,At-Large,Republican,Patricia D. Mills (Uncommitted),46
Unicoi,Delegate,At-Large,Republican,Paulina Albornoz Madaris (Trump),285
Unicoi,Delegate,At-Large,Republican,Peggy Larkin (Trump),886
Unicoi,Delegate,At-Large,Republican,Raul Lopez (Trump),376
Unicoi,Delegate,At-Large,Republican,Rick Tillis (Trump),572
Unicoi,Delegate,At-Large,Republican,Robin T. Smith (Trump),627
Unicoi,Delegate,At-Large,Republican,Shannon Haynes (Trump),952
Unicoi,Delegate,At-Large,Republican,Steve Allbrooks (Trump),1048
Unicoi,Delegate,At-Large,Republican,Susan Richardson Williams (Trump),495
Unicoi,Delegate,At-Large,Republican,Wanda J. Cooke (Uncommitted),61
Unicoi,Delegate,At-Large,Republican,William Lamberth (Trump),888
Unicoi,Presidential Preference,NA,Democratic,Amy Klobuchar,23
Unicoi,Presidential Preference,NA,Democratic,Andrew Yang,1
Unicoi,Presidential Preference,NA,Democratic,Bernie Sanders,283
Unicoi,Presidential Preference,NA,Democratic,Cory Booker,1
Unicoi,Presidential Preference,NA,Democratic,Deval Patrick,0
Unicoi,Presidential Preference,NA,Democratic,Elizabeth Warren,56
Unicoi,Presidential Preference,NA,Democratic,John K. Delaney,0
Unicoi,Presidential Preference,NA,Democratic,Joseph R. Biden,265
Unicoi,Presidential Preference,NA,Democratic,Julián Castro,0
Unicoi,Presidential Preference,NA,Democratic,Marianne Williamson,0
Unicoi,Presidential Preference,NA,Democratic,Michael Bennet,1
Unicoi,Presidential Preference,NA,Democratic,Michael R. Bloomberg,117
Unicoi,Presidential Preference,NA,Democratic,Pete Buttigieg,22
Unicoi,Presidential Preference,NA,Democratic,Tom Steyer,2
Unicoi,Presidential Preference,NA,Democratic,Tulsi Gabbard,5
Unicoi,Presidential Preference,NA,Democratic,Uncommitted,2
Unicoi,Presidential Preference,NA,Republican,Bill Weld,8
Unicoi,Presidential Preference,NA,Republican,Donald J. Trump,1991
Unicoi,Presidential Preference,NA,Republican,Joe Walsh,13
Unicoi,Presidential Preference,NA,Republican,Uncommitted,22
Union,Delegate,3,Republican,Emily G. Beaty (Trump),464
Union,Delegate,3,Republican,Fred I Underdown (Uncommitted),40
Union,Delegate,3,Republican,J. Thomas Decosimo (Trump),319
Union,Delegate,3,Republican,Ken Meyer (Trump),366
Union,Delegate,3,Republican,Liz Holiway (Trump),268
Union,Delegate,3,Republican,Nancy Otis Doyle (Weld),52
Union,Delegate,3,Republican,Randy Ellis (Trump),623
Union,Delegate,3,Republican,Sharon B. Anderson (Uncommitted),70
Union,Delegate,At-Large,Republican,Amy Jones (Trump),563
Union,Delegate,At-Large,Republican,Beth Scott Clayton (Trump),549
Union,Delegate,At-Large,Republican,Chad Blackburn (Trump),649
Union,Delegate,At-Large,Republican,Dalton Temple (Trump),318
Union,Delegate,At-Large,Republican,Douglas M. Englen (Trump),518
Union,Delegate,At-Large,Republican,Jack Johnson (Trump),650
Union,Delegate,At-Large,Republican,Jake Adams (Uncommitted),82
Union,Delegate,At-Large,Republican,Jane Chedester (Trump),477
Union,Delegate,At-Large,Republican,Jennifer Inman Little (Trump),344
Union,Delegate,At-Large,Republican,Julia Atchley-Pace (Trump),502
Union,Delegate,At-Large,Republican,Larry M. Sims (Uncommitted),29
Union,Delegate,At-Large,Republican,Lei Ann Gleaves (Trump),498
Union,Delegate,At-Large,Republican,Leslie D. Mills (Uncommitted),31
Union,Delegate,At-Large,Republican,Linda D. Buckles (Trump),514
Union,Delegate,At-Large,Republican,Mae Beavers (Trump),493
Union,Delegate,At-Large,Republican,Marsha Yessick (Trump),225
Union,Delegate,At-Large,Republican,Mary Littleton (Trump),307
Union,Delegate,At-Large,Republican,Nazar Sharanshi (Trump),126
Union,Delegate,At-Large,Republican,Patricia D. Mills (Uncommitted),28
Union,Delegate,At-Large,Republican,Paulina Albornoz Madaris (Trump),150
Union,Delegate,At-Large,Republican,Peggy Larkin (Trump),491
Union,Delegate,At-Large,Republican,Raul Lopez (Trump),233
Union,Delegate,At-Large,Republican,Rick Tillis (Trump),365
Union,Delegate,At-Large,Republican,Robin T. Smith (Trump),356
Union,Delegate,At-Large,Republican,Shannon Haynes (Trump),545
Union,Delegate,At-Large,Republican,Steve Allbrooks (Trump),602
Union,Delegate,At-Large,Republican,Susan Richardson Williams (Trump),347
Union,Delegate,At-Large,Republican,Wanda J. Cooke (Uncommitted),32
Union,Delegate,At-Large,Republican,William Lamberth (Trump),531
Union,Presidential Preference,NA,Democratic,Amy Klobuchar,4
Union,Presidential Preference,NA,Democratic,Andrew Yang,3
Union,Presidential Preference,NA,Democratic,Bernie Sanders,159
Union,Presidential Preference,NA,Democratic,Cory Booker,0
Union,Presidential Preference,NA,Democratic,Deval Patrick,0
Union,Presidential Preference,NA,Democratic,Elizabeth Warren,25
Union,Presidential Preference,NA,Democratic,John K. Delaney,0
Union,Presidential Preference,NA,Democratic,Joseph R. Biden,289
Union,Presidential Preference,NA,Democratic,Julián Castro,0
Union,Presidential Preference,NA,Democratic,Marianne Williamson,0
Union,Presidential Preference,NA,Democratic,Michael Bennet,1
Union,Presidential Preference,NA,Democratic,Michael R. Bloomberg,103
Union,Presidential Preference,NA,Democratic,Pete Buttigieg,8
Union,Presidential Preference,NA,Democratic,Tom Steyer,7
Union,Presidential Preference,NA,Democratic,Tulsi Gabbard,6
Union,Presidential Preference,NA,Democratic,Uncommitted,3
Union,Presidential Preference,NA,Republican,Bill Weld,7
Union,Presidential Preference,NA,Republican,Donald J. Trump,1101
Union,Presidential Preference,NA,Republican,Joe Walsh,8
Union,Presidential Preference,NA,Republican,Uncommitted,7
Van Buren,Delegate,4,Republican,Adam Coggin (Trump),168
Van Buren,Delegate,4,Republican,James A. Sandman (Trump),108
Van Buren,Delegate,4,Republican,Joanne Thompson Skidmore (Uncommitted),23
Van Buren,Delegate,4,Republican,John S. Stanbery (Trump),91
Van Buren,Delegate,4,Republican,Lynne Davis (Trump),142
Van Buren,Delegate,4,Republican,Mary Ann Tackett (Trump),87
Van Buren,Delegate,4,Republican,Shane Reeves (Trump),137
Van Buren,Delegate,6,Republican,Craig Evan Clark (Trump),11
Van Buren,Delegate,6,Republican,Frank Gorgie (Uncommitted),0
Van Buren,Delegate,6,Republican,Holly S. Jones (Trump),28
Van Buren,Delegate,6,Republican,Joseph Elder (Uncommitted),2
Van Buren,Delegate,6,Republican,Mary Ann Parks (Trump),18
Van Buren,Delegate,6,Republican,Paul Bailey (Trump),33
Van Buren,Delegate,6,Republican,Ryan Williams (Trump),16
Van Buren,Delegate,6,Republican,Terri R. Nicholson (Trump),15
Van Buren,Delegate,At-Large,Republican,Amy Jones (Trump),205
Van Buren,Delegate,At-Large,Republican,Beth Scott Clayton (Trump),202
Van Buren,Delegate,At-Large,Republican,Chad Blackburn (Trump),231
Van Buren,Delegate,At-Large,Republican,Dalton Temple (Trump),116
Van Buren,Delegate,At-Large,Republican,Douglas M. Englen (Trump),190
Van Buren,Delegate,At-Large,Republican,Jack Johnson (Trump),229
Van Buren,Delegate,At-Large,Republican,Jake Adams (Uncommitted),30
Van Buren,Delegate,At-Large,Republican,Jane Chedester (Trump),167
Van Buren,Delegate,At-Large,Republican,Jennifer Inman Little (Trump),122
Van Buren,Delegate,At-Large,Republican,Julia Atchley-Pace (Trump),185
Van Buren,Delegate,At-Large,Republican,Larry M. Sims (Uncommitted),15
Van Buren,Delegate,At-Large,Republican,Lei Ann Gleaves (Trump),180
Van Buren,Delegate,At-Large,Republican,Leslie D. Mills (Uncommitted),12
Van Buren,Delegate,At-Large,Republican,Linda D. Buckles (Trump),195
Van Buren,Delegate,At-Large,Republican,Mae Beavers (Trump),194
Van Buren,Delegate,At-Large,Republican,Marsha Yessick (Trump),83
Van Buren,Delegate,At-Large,Republican,Mary Littleton (Trump),129
Van Buren,Delegate,At-Large,Republican,Nazar Sharanshi (Trump),41
Van Buren,Delegate,At-Large,Republican,Patricia D. Mills (Uncommitted),13
Van Buren,Delegate,At-Large,Republican,Paulina Albornoz Madaris (Trump),53
Van Buren,Delegate,At-Large,Republican,Peggy Larkin (Trump),180
Van Buren,Delegate,At-Large,Republican,Raul Lopez (Trump),75
Van Buren,Delegate,At-Large,Republican,Rick Tillis (Trump),135
Van Buren,Delegate,At-Large,Republican,Robin T. Smith (Trump),124
Van Buren,Delegate,At-Large,Republican,Shannon Haynes (Trump),216
Van Buren,Delegate,At-Large,Republican,Steve Allbrooks (Trump),229
Van Buren,Delegate,At-Large,Republican,Susan Richardson Williams (Trump),108
Van Buren,Delegate,At-Large,Republican,Wanda J. Cooke (Uncommitted),8
Van Buren,Delegate,At-Large,Republican,William Lamberth (Trump),200
Van Buren,Presidential Preference,NA,Democratic,Amy Klobuchar,8
Van Buren,Presidential Preference,NA,Democratic,Andrew Yang,0
Van Buren,Presidential Preference,NA,Democratic,Bernie Sanders,58
Van Buren,Presidential Preference,NA,Democratic,Cory Booker,3
Van Buren,Presidential Preference,NA,Democratic,Deval Patrick,0
Van Buren,Presidential Preference,NA,Democratic,Elizabeth Warren,24
Van Buren,Presidential Preference,NA,Democratic,John K. Delaney,1
Van Buren,Presidential Preference,NA,Democratic,Joseph R. Biden,132
Van Buren,Presidential Preference,NA,Democratic,Julián Castro,0
Van Buren,Presidential Preference,NA,Democratic,Marianne Williamson,0
Van Buren,Presidential Preference,NA,Democratic,Michael Bennet,3
Van Buren,Presidential Preference,NA,Democratic,Michael R. Bloomberg,69
Van Buren,Presidential Preference,NA,Democratic,Pete Buttigieg,9
Van Buren,Presidential Preference,NA,Democratic,Tom Steyer,2
Van Buren,Presidential Preference,NA,Democratic,Tulsi Gabbard,1
Van Buren,Presidential Preference,NA,Democratic,Uncommitted,3
Van Buren,Presidential Preference,NA,Republican,Bill Weld,2
Van Buren,Presidential Preference,NA,Republican,Donald J. Trump,391
Van Buren,Presidential Preference,NA,Republican,Joe Walsh,1
Van Buren,Presidential Preference,NA,Republican,Uncommitted,0
Warren,Delegate,4,Republican,Adam Coggin (Trump),848
Warren,Delegate,4,Republican,James A. Sandman (Trump),470
Warren,Delegate,4,Republican,Joanne Thompson Skidmore (Uncommitted),125
Warren,Delegate,4,Republican,John S. Stanbery (Trump),449
Warren,Delegate,4,Republican,Lynne Davis (Trump),819
Warren,Delegate,4,Republican,Mary Ann Tackett (Trump),505
Warren,Delegate,4,Republican,Shane Reeves (Trump),841
Warren,Delegate,At-Large,Republican,Amy Jones (Trump),993
Warren,Delegate,At-Large,Republican,Beth Scott Clayton (Trump),1014
Warren,Delegate,At-Large,Republican,Chad Blackburn (Trump),1120
Warren,Delegate,At-Large,Republican,Dalton Temple (Trump),552
Warren,Delegate,At-Large,Republican,Douglas M. Englen (Trump),902
Warren,Delegate,At-Large,Republican,Jack Johnson (Trump),1119
Warren,Delegate,At-Large,Republican,Jake Adams (Uncommitted),160
Warren,Delegate,At-Large,Republican,Jane Chedester (Trump),824
Warren,Delegate,At-Large,Republican,Jennifer Inman Little (Trump),574
Warren,Delegate,At-Large,Republican,Julia Atchley-Pace (Trump),855
Warren,Delegate,At-Large,Republican,Larry M. Sims (Uncommitted),79
Warren,Delegate,At-Large,Republican,Lei Ann Gleaves (Trump),849
Warren,Delegate,At-Large,Republican,Leslie D. Mills (Uncommitted),63
Warren,Delegate,At-Large,Republican,Linda D. Buckles (Trump),922
Warren,Delegate,At-Large,Republican,Mae Beavers (Trump),1026
Warren,Delegate,At-Large,Republican,Marsha Yessick (Trump),364
Warren,Delegate,At-Large,Republican,Mary Littleton (Trump),633
Warren,Delegate,At-Large,Republican,Nazar Sharanshi (Trump),232
Warren,Delegate,At-Large,Republican,Patricia D. Mills (Uncommitted),58
Warren,Delegate,At-Large,Republican,Paulina Albornoz Madaris (Trump),283
Warren,Delegate,At-Large,Republican,Peggy Larkin (Trump),891
Warren,Delegate,At-Large,Republican,Raul Lopez (Trump),420
Warren,Delegate,At-Large,Republican,Rick Tillis (Trump),582
Warren,Delegate,At-Large,Republican,Robin T. Smith (Trump),615
Warren,Delegate,At-Large,Republican,Shannon Haynes (Trump),954
Warren,Delegate,At-Large,Republican,Steve Allbrooks (Trump),1105
Warren,Delegate,At-Large,Republican,Susan Richardson Williams (Trump),505
Warren,Delegate,At-Large,Republican,Wanda J. Cooke (Uncommitted),59
Warren,Delegate,At-Large,Republican,William Lamberth (Trump),974
Warren,Presidential Preference,NA,Democratic,Amy Klobuchar,59
Warren,Presidential Preference,NA,Democratic,Andrew Yang,5
Warren,Presidential Preference,NA,Democratic,Bernie Sanders,506
Warren,Presidential Preference,NA,Democratic,Cory Booker,11
Warren,Presidential Preference,NA,Democratic,Deval Patrick,1
Warren,Presidential Preference,NA,Democratic,Elizabeth Warren,157
Warren,Presidential Preference,NA,Democratic,John K. Delaney,5
Warren,Presidential Preference,NA,Democratic,Joseph R. Biden,817
Warren,Presidential Preference,NA,Democratic,Julián Castro,3
Warren,Presidential Preference,NA,Democratic,Marianne Williamson,1
Warren,Presidential Preference,NA,Democratic,Michael Bennet,16
Warren,Presidential Preference,NA,Democratic,Michael R. Bloomberg,412
Warren,Presidential Preference,NA,Democratic,Pete Buttigieg,71
Warren,Presidential Preference,NA,Democratic,Tom Steyer,19
Warren,Presidential Preference,NA,Democratic,Tulsi Gabbard,22
Warren,Presidential Preference,NA,Democratic,Uncommitted,12
Warren,Presidential Preference,NA,Republican,Bill Weld,11
Warren,Presidential Preference,NA,Republican,Donald J. Trump,1968
Warren,Presidential Preference,NA,Republican,Joe Walsh,17
Warren,Presidential Preference,NA,Republican,Uncommitted,5
Washington,Delegate,1,Republican,Anita Hodges Taylor (Trump),3067
Washington,Delegate,1,Republican,Barbara Jo Zimmerman (Trump),1618
Washington,Delegate,1,Republican,Kelly Wolfe (Trump),4408
Washington,Delegate,1,Republican,Kent Harris (Uncommitted),1826
Washington,Delegate,1,Republican,Linda Osborne (Uncommitted),611
Washington,Delegate,1,Republican,Matthew Johnson (Trump),3537
Washington,Delegate,1,Republican,Paul Chapman (Trump),3799
Washington,Delegate,1,Republican,Todd Fowler (Trump),5281
Washington,Delegate,At-Large,Republican,Amy Jones (Trump),5256
Washington,Delegate,At-Large,Republican,Beth Scott Clayton (Trump),5220
Washington,Delegate,At-Large,Republican,Chad Blackburn (Trump),5728
Washington,Delegate,At-Large,Republican,Dalton Temple (Trump),2718
Washington,Delegate,At-Large,Republican,Douglas M. Englen (Trump),4596
Washington,Delegate,At-Large,Republican,Jack Johnson (Trump),5673
Washington,Delegate,At-Large,Republican,Jake Adams (Uncommitted),950
Washington,Delegate,At-Large,Republican,Jane Chedester (Trump),4079
Washington,Delegate,At-Large,Republican,Jennifer Inman Little (Trump),3131
Washington,Delegate,At-Large,Republican,Julia Atchley-Pace (Trump),4372
Washington,Delegate,At-Large,Republican,Larry M. Sims (Uncommitted),458
Washington,Delegate,At-Large,Republican,Lei Ann Gleaves (Trump),4120
Washington,Delegate,At-Large,Republican,Leslie D. Mills (Uncommitted),444
Washington,Delegate,At-Large,Republican,Linda D. Buckles (Trump),5589
Washington,Delegate,At-Large,Republican,Mae Beavers (Trump),4756
Washington,Delegate,At-Large,Republican,Marsha Yessick (Trump),1969
Washington,Delegate,At-Large,Republican,Mary Littleton (Trump),3496
Washington,Delegate,At-Large,Republican,Nazar Sharanshi (Trump),1300
Washington,Delegate,At-Large,Republican,Patricia D. Mills (Uncommitted),462
Washington,Delegate,At-Large,Republican,Paulina Albornoz Madaris (Trump),1560
Washington,Delegate,At-Large,Republican,Peggy Larkin (Trump),4941
Washington,Delegate,At-Large,Republican,Raul Lopez (Trump),2090
Washington,Delegate,At-Large,Republican,Rick Tillis (Trump),3272
Washington,Delegate,At-Large,Republican,Robin T. Smith (Trump),3413
Washington,Delegate,At-Large,Republican,Shannon Haynes (Trump),5088
Washington,Delegate,At-Large,Republican,Steve Allbrooks (Trump),5390
Washington,Delegate,At-Large,Republican,Susan Richardson Williams (Trump),2964
Washington,Delegate,At-Large,Republican,Wanda J. Cooke (Uncommitted),428
Washington,Delegate,At-Large,Republican,William Lamberth (Trump),4879
Washington,Presidential Preference,NA,Democratic,Amy Klobuchar,221
Washington,Presidential Preference,NA,Democratic,Andrew Yang,12
Washington,Presidential Preference,NA,Democratic,Bernie Sanders,3096
Washington,Presidential Preference,NA,Democratic,Cory Booker,7
Washington,Presidential Preference,NA,Democratic,Deval Patrick,0
Washington,Presidential Preference,NA,Democratic,Elizabeth Warren,934
Washington,Presidential Preference,NA,Democratic,John K. Delaney,4
Washington,Presidential Preference,NA,Democratic,Joseph R. Biden,2828
Washington,Presidential Preference,NA,Democratic,Julián Castro,2
Washington,Presidential Preference,NA,Democratic,Marianne Williamson,2
Washington,Presidential Preference,NA,Democratic,Michael Bennet,13
Washington,Presidential Preference,NA,Democratic,Michael R. Bloomberg,1039
Washington,Presidential Preference,NA,Democratic,Pete Buttigieg,370
Washington,Presidential Preference,NA,Democratic,Tom Steyer,31
Washington,Presidential Preference,NA,Democratic,Tulsi Gabbard,36
Washington,Presidential Preference,NA,Democratic,Uncommitted,9
Washington,Presidential Preference,NA,Republican,Bill Weld,131
Washington,Presidential Preference,NA,Republican,Donald J. Trump,9871
Washington,Presidential Preference,NA,Republican,Joe Walsh,155
Washington,Presidential Preference,NA,Republican,Uncommitted,193
Wayne,Circuit Court Judge Part III,22 (unexpired term),Republican,Chris Sockwell,681
Wayne,Public Defender,22 (unexpired term),Republican,Travis Jones,628
Wayne,Delegate,7,Republican,Angie McClanahan (Trump),152
Wayne,Delegate,7,Republican,Cheryl D. Brown (Trump),354
Wayne,Delegate,7,Republican,Jim Looney (Trump),270
Wayne,Delegate,7,Republican,Kenneth Eaton (Uncommitted),38
Wayne,Delegate,7,Republican,Lisa Gary (Uncommitted),27
Wayne,Delegate,7,Republican,Patricia F. Allen (Trump),407
Wayne,Delegate,7,Republican,Rob Tiede (Uncommitted),4
Wayne,Delegate,7,Republican,Sharon Massey Grimes (Trump),335
Wayne,Delegate,7,Republican,Steven Giorno (Uncommitted),11
Wayne,Delegate,7,Republican,Todd Benne Jr. (Uncommitted),13
Wayne,Delegate,7,Republican,Tony Roberts (Trump),258
Wayne,Delegate,At-Large,Republican,Amy Jones (Trump),473
Wayne,Delegate,At-Large,Republican,Beth Scott Clayton (Trump),473
Wayne,Delegate,At-Large,Republican,Chad Blackburn (Trump),549
Wayne,Delegate,At-Large,Republican,Dalton Temple (Trump),233
Wayne,Delegate,At-Large,Republican,Douglas M. Englen (Trump),427
Wayne,Delegate,At-Large,Republican,Jack Johnson (Trump),519
Wayne,Delegate,At-Large,Republican,Jake Adams (Uncommitted),55
Wayne,Delegate,At-Large,Republican,Jane Chedester (Trump),376
Wayne,Delegate,At-Large,Republican,Jennifer Inman Little (Trump),257
Wayne,Delegate,At-Large,Republican,Julia Atchley-Pace (Trump),404
Wayne,Delegate,At-Large,Republican,Larry M. Sims (Uncommitted),20
Wayne,Delegate,At-Large,Republican,Lei Ann Gleaves (Trump),406
Wayne,Delegate,At-Large,Republican,Leslie D. Mills (Uncommitted),14
Wayne,Delegate,At-Large,Republican,Linda D. Buckles (Trump),451
Wayne,Delegate,At-Large,Republican,Mae Beavers (Trump),500
Wayne,Delegate,At-Large,Republican,Marsha Yessick (Trump),168
Wayne,Delegate,At-Large,Republican,Mary Littleton (Trump),271
Wayne,Delegate,At-Large,Republican,Nazar Sharanshi (Trump),96
Wayne,Delegate,At-Large,Republican,Patricia D. Mills (Uncommitted),17
Wayne,Delegate,At-Large,Republican,Paulina Albornoz Madaris (Trump),107
Wayne,Delegate,At-Large,Republican,Peggy Larkin (Trump),431
Wayne,Delegate,At-Large,Republican,Raul Lopez (Trump),154
Wayne,Delegate,At-Large,Republican,Rick Tillis (Trump),258
Wayne,Delegate,At-Large,Republican,Robin T. Smith (Trump),260
Wayne,Delegate,At-Large,Republican,Shannon Haynes (Trump),454
Wayne,Delegate,At-Large,Republican,Steve Allbrooks (Trump),562
Wayne,Delegate,At-Large,Republican,Susan Richardson Williams (Trump),205
Wayne,Delegate,At-Large,Republican,Wanda J. Cooke (Uncommitted),25
Wayne,Delegate,At-Large,Republican,William Lamberth (Trump),460
Wayne,Presidential Preference,NA,Democratic,Amy Klobuchar,4
Wayne,Presidential Preference,NA,Democratic,Andrew Yang,0
Wayne,Presidential Preference,NA,Democratic,Bernie Sanders,58
Wayne,Presidential Preference,NA,Democratic,Cory Booker,2
Wayne,Presidential Preference,NA,Democratic,Deval Patrick,0
Wayne,Presidential Preference,NA,Democratic,Elizabeth Warren,22
Wayne,Presidential Preference,NA,Democratic,John K. Delaney,0
Wayne,Presidential Preference,NA,Democratic,Joseph R. Biden,155
Wayne,Presidential Preference,NA,Democratic,Julián Castro,1
Wayne,Presidential Preference,NA,Democratic,Marianne Williamson,2
Wayne,Presidential Preference,NA,Democratic,Michael Bennet,1
Wayne,Presidential Preference,NA,Democratic,Michael R. Bloomberg,62
Wayne,Presidential Preference,NA,Democratic,Pete Buttigieg,17
Wayne,Presidential Preference,NA,Democratic,Tom Steyer,3
Wayne,Presidential Preference,NA,Democratic,Tulsi Gabbard,0
Wayne,Presidential Preference,NA,Democratic,Uncommitted,3
Wayne,Presidential Preference,NA,Republican,Bill Weld,1
Wayne,Presidential Preference,NA,Republican,Donald J. Trump,1119
Wayne,Presidential Preference,NA,Republican,Joe Walsh,4
Wayne,Presidential Preference,NA,Republican,Uncommitted,3
Weakley,Delegate,8,Republican,Charlotte Kelley (Trump),654
Weakley,Delegate,8,Republican,Elaine S. Ervin (Trump),847
Weakley,Delegate,8,Republican,Jim Craig (Uncommitted),70
Weakley,Delegate,8,Republican,Joseph S. Coury (Trump),917
Weakley,Delegate,8,Republican,Nichole Bufalino (Trump),692
Weakley,Delegate,8,Republican,Steve Maroney (Trump),757
Weakley,Delegate,At-Large,Republican,Amy Jones (Trump),1129
Weakley,Delegate,At-Large,Republican,Beth Scott Clayton (Trump),1128
Weakley,Delegate,At-Large,Republican,Chad Blackburn (Trump),1369
Weakley,Delegate,At-Large,Republican,Dalton Temple (Trump),345
Weakley,Delegate,At-Large,Republican,Douglas M. Englen (Trump),1094
Weakley,Delegate,At-Large,Republican,Jack Johnson (Trump),1180
Weakley,Delegate,At-Large,Republican,Jake Adams (Uncommitted),74
Weakley,Delegate,At-Large,Republican,Jane Chedester (Trump),1080
Weakley,Delegate,At-Large,Republican,Jennifer Inman Little (Trump),396
Weakley,Delegate,At-Large,Republican,Julia Atchley-Pace (Trump),1105
Weakley,Delegate,At-Large,Republican,Larry M. Sims (Uncommitted),63
Weakley,Delegate,At-Large,Republican,Lei Ann Gleaves (Trump),1031
Weakley,Delegate,At-Large,Republican,Leslie D. Mills (Uncommitted),36
Weakley,Delegate,At-Large,Republican,Linda D. Buckles (Trump),1179
Weakley,Delegate,At-Large,Republican,Mae Beavers (Trump),1142
Weakley,Delegate,At-Large,Republican,Marsha Yessick (Trump),162
Weakley,Delegate,At-Large,Republican,Mary Littleton (Trump),397
Weakley,Delegate,At-Large,Republican,Nazar Sharanshi (Trump),114
Weakley,Delegate,At-Large,Republican,Patricia D. Mills (Uncommitted),45
Weakley,Delegate,At-Large,Republican,Paulina Albornoz Madaris (Trump),148
Weakley,Delegate,At-Large,Republican,Peggy Larkin (Trump),854
Weakley,Delegate,At-Large,Republican,Raul Lopez (Trump),241
Weakley,Delegate,At-Large,Republican,Rick Tillis (Trump),373
Weakley,Delegate,At-Large,Republican,Robin T. Smith (Trump),491
Weakley,Delegate,At-Large,Republican,Shannon Haynes (Trump),1110
Weakley,Delegate,At-Large,Republican,Steve Allbrooks (Trump),1364
Weakley,Delegate,At-Large,Republican,Susan Richardson Williams (Trump),331
Weakley,Delegate,At-Large,Republican,Wanda J. Cooke (Uncommitted),46
Weakley,Delegate,At-Large,Republican,William Lamberth (Trump),1128
Weakley,Presidential Preference,NA,Democratic,Amy Klobuchar,45
Weakley,Presidential Preference,NA,Democratic,Andrew Yang,2
Weakley,Presidential Preference,NA,Democratic,Bernie Sanders,323
Weakley,Presidential Preference,NA,Democratic,Cory Booker,2
Weakley,Presidential Preference,NA,Democratic,Deval Patrick,1
Weakley,Presidential Preference,NA,Democratic,Elizabeth Warren,138
Weakley,Presidential Preference,NA,Democratic,John K. Delaney,1
Weakley,Presidential Preference,NA,Democratic,Joseph R. Biden,624
Weakley,Presidential Preference,NA,Democratic,Julián Castro,0
Weakley,Presidential Preference,NA,Democratic,Marianne Williamson,2
Weakley,Presidential Preference,NA,Democratic,Michael Bennet,10
Weakley,Presidential Preference,NA,Democratic,Michael R. Bloomberg,192
Weakley,Presidential Preference,NA,Democratic,Pete Buttigieg,42
Weakley,Presidential Preference,NA,Democratic,Tom Steyer,6
Weakley,Presidential Preference,NA,Democratic,Tulsi Gabbard,10
Weakley,Presidential Preference,NA,Democratic,Uncommitted,16
Weakley,Presidential Preference,NA,Republican,Bill Weld,11
Weakley,Presidential Preference,NA,Republican,Donald J. Trump,1900
Weakley,Presidential Preference,NA,Republican,Joe Walsh,8
Weakley,Presidential Preference,NA,Republican,Uncommitted,17
White,Criminal Court Judge Part II,13 (unexpired term),Democratic,No Candidate Qualified,0
White,Criminal Court Judge Part II,13 (unexpired term),Republican,Wesley Bray,1641
White,Delegate,6,Republican,Craig Evan Clark (Trump),738
White,Delegate,6,Republican,Frank Gorgie (Uncommitted),47
White,Delegate,6,Republican,Holly S. Jones (Trump),859
White,Delegate,6,Republican,Joseph Elder (Uncommitted),94
White,Delegate,6,Republican,Mary Ann Parks (Trump),420
White,Delegate,6,Republican,Paul Bailey (Trump),1781
White,Delegate,6,Republican,Ryan Williams (Trump),925
White,Delegate,6,Republican,Terri R. Nicholson (Trump),391
White,Delegate,At-Large,Republican,Amy Jones (Trump),1100
White,Delegate,At-Large,Republican,Beth Scott Clayton (Trump),1128
White,Delegate,At-Large,Republican,Chad Blackburn (Trump),1383
White,Delegate,At-Large,Republican,Dalton Temple (Trump),698
White,Delegate,At-Large,Republican,Douglas M. Englen (Trump),1034
White,Delegate,At-Large,Republican,Jack Johnson (Trump),1210
White,Delegate,At-Large,Republican,Jake Adams (Uncommitted),139
White,Delegate,At-Large,Republican,Jane Chedester (Trump),829
White,Delegate,At-Large,Republican,Jennifer Inman Little (Trump),632
White,Delegate,At-Large,Republican,Julia Atchley-Pace (Trump),916
White,Delegate,At-Large,Republican,Larry M. Sims (Uncommitted),110
White,Delegate,At-Large,Republican,Lei Ann Gleaves (Trump),823
White,Delegate,At-Large,Republican,Leslie D. Mills (Uncommitted),96
White,Delegate,At-Large,Republican,Linda D. Buckles (Trump),1027
White,Delegate,At-Large,Republican,Mae Beavers (Trump),1212
White,Delegate,At-Large,Republican,Marsha Yessick (Trump),377
White,Delegate,At-Large,Republican,Mary Littleton (Trump),675
White,Delegate,At-Large,Republican,Nazar Sharanshi (Trump),183
White,Delegate,At-Large,Republican,Patricia D. Mills (Uncommitted),92
White,Delegate,At-Large,Republican,Paulina Albornoz Madaris (Trump),239
White,Delegate,At-Large,Republican,Peggy Larkin (Trump),857
White,Delegate,At-Large,Republican,Raul Lopez (Trump),425
White,Delegate,At-Large,Republican,Rick Tillis (Trump),838
White,Delegate,At-Large,Republican,Robin T. Smith (Trump),793
White,Delegate,At-Large,Republican,Shannon Haynes (Trump),1058
White,Delegate,At-Large,Republican,Steve Allbrooks (Trump),1356
White,Delegate,At-Large,Republican,Susan Richardson Williams (Trump),742
White,Delegate,At-Large,Republican,Wanda J. Cooke (Uncommitted),86
White,Delegate,At-Large,Republican,William Lamberth (Trump),1054
White,Presidential Preference,NA,Democratic,Amy Klobuchar,24
White,Presidential Preference,NA,Democratic,Andrew Yang,4
White,Presidential Preference,NA,Democratic,Bernie Sanders,274
White,Presidential Preference,NA,Democratic,Cory Booker,1
White,Presidential Preference,NA,Democratic,Deval Patrick,1
White,Presidential Preference,NA,Democratic,Elizabeth Warren,67
White,Presidential Preference,NA,Democratic,John K. Delaney,2
White,Presidential Preference,NA,Democratic,Joseph R. Biden,481
White,Presidential Preference,NA,Democratic,Julián Castro,0
White,Presidential Preference,NA,Democratic,Marianne Williamson,1
White,Presidential Preference,NA,Democratic,Michael Bennet,1
White,Presidential Preference,NA,Democratic,Michael R. Bloomberg,205
White,Presidential Preference,NA,Democratic,Pete Buttigieg,41
White,Presidential Preference,NA,Democratic,Tom Steyer,10
White,Presidential Preference,NA,Democratic,Tulsi Gabbard,11
White,Presidential Preference,NA,Democratic,Uncommitted,21
White,Presidential Preference,NA,Republican,Bill Weld,7
White,Presidential Preference,NA,Republican,Donald J. Trump,2135
White,Presidential Preference,NA,Republican,Joe Walsh,9
White,Presidential Preference,NA,Republican,Uncommitted,23
Williamson,Circuit Court Judge Division V,21 (unexpired term),Republican,Mike Spitzer,14683
Williamson,Delegate,7,Republican,Angie McClanahan (Trump),4284
Williamson,Delegate,7,Republican,Cheryl D. Brown (Trump),7686
Williamson,Delegate,7,Republican,Jim Looney (Trump),5610
Williamson,Delegate,7,Republican,Kenneth Eaton (Uncommitted),580
Williamson,Delegate,7,Republican,Lisa Gary (Uncommitted),625
Williamson,Delegate,7,Republican,Patricia F. Allen (Trump),7970
Williamson,Delegate,7,Republican,Rob Tiede (Uncommitted),141
Williamson,Delegate,7,Republican,Sharon Massey Grimes (Trump),7412
Williamson,Delegate,7,Republican,Steven Giorno (Uncommitted),203
Williamson,Delegate,7,Republican,Todd Benne Jr. (Uncommitted),648
Williamson,Delegate,7,Republican,Tony Roberts (Trump),5548
Williamson,Delegate,At-Large,Republican,Amy Jones (Trump),9894
Williamson,Delegate,At-Large,Republican,Beth Scott Clayton (Trump),11679
Williamson,Delegate,At-Large,Republican,Chad Blackburn (Trump),12208
Williamson,Delegate,At-Large,Republican,Dalton Temple (Trump),3069
Williamson,Delegate,At-Large,Republican,Douglas M. Englen (Trump),11048
Williamson,Delegate,At-Large,Republican,Jack Johnson (Trump),10792
Williamson,Delegate,At-Large,Republican,Jake Adams (Uncommitted),678
Williamson,Delegate,At-Large,Republican,Jane Chedester (Trump),11134
Williamson,Delegate,At-Large,Republican,Jennifer Inman Little (Trump),4338
Williamson,Delegate,At-Large,Republican,Julia Atchley-Pace (Trump),10982
Williamson,Delegate,At-Large,Republican,Larry M. Sims (Uncommitted),646
Williamson,Delegate,At-Large,Republican,Lei Ann Gleaves (Trump),9418
Williamson,Delegate,At-Large,Republican,Leslie D. Mills (Uncommitted),631
Williamson,Delegate,At-Large,Republican,Linda D. Buckles (Trump),11517
Williamson,Delegate,At-Large,Republican,Mae Beavers (Trump),11848
Williamson,Delegate,At-Large,Republican,Marsha Yessick (Trump),2991
Williamson,Delegate,At-Large,Republican,Mary Littleton (Trump),4133
Williamson,Delegate,At-Large,Republican,Nazar Sharanshi (Trump),1805
Williamson,Delegate,At-Large,Republican,Patricia D. Mills (Uncommitted),670
Williamson,Delegate,At-Large,Republican,Paulina Albornoz Madaris (Trump),2064
Williamson,Delegate,At-Large,Republican,Peggy Larkin (Trump),8167
Williamson,Delegate,At-Large,Republican,Raul Lopez (Trump),3053
Williamson,Delegate,At-Large,Republican,Rick Tillis (Trump),3025
Williamson,Delegate,At-Large,Republican,Robin T. Smith (Trump),3566
Williamson,Delegate,At-Large,Republican,Shannon Haynes (Trump),9601
Williamson,Delegate,At-Large,Republican,Steve Allbrooks (Trump),12447
Williamson,Delegate,At-Large,Republican,Susan Richardson Williams (Trump),3352
Williamson,Delegate,At-Large,Republican,Wanda J. Cooke (Uncommitted),618
Williamson,Delegate,At-Large,Republican,William Lamberth (Trump),8808
Williamson,Presidential Preference,NA,Democratic,Amy Klobuchar,709
Williamson,Presidential Preference,NA,Democratic,Andrew Yang,33
Williamson,Presidential Preference,NA,Democratic,Bernie Sanders,4671
Williamson,Presidential Preference,NA,Democratic,Cory Booker,19
Williamson,Presidential Preference,NA,Democratic,Deval Patrick,3
Williamson,Presidential Preference,NA,Democratic,Elizabeth Warren,2881
Williamson,Presidential Preference,NA,Democratic,John K. Delaney,6
Williamson,Presidential Preference,NA,Democratic,Joseph R. Biden,10441
Williamson,Presidential Preference,NA,Democratic,Julián Castro,4
Williamson,Presidential Preference,NA,Democratic,Marianne Williamson,9
Williamson,Presidential Preference,NA,Democratic,Michael Bennet,28
Williamson,Presidential Preference,NA,Democratic,Michael R. Bloomberg,3932
Williamson,Presidential Preference,NA,Democratic,Pete Buttigieg,1086
Williamson,Presidential Preference,NA,Democratic,Tom Steyer,50
Williamson,Presidential Preference,NA,Democratic,Tulsi Gabbard,133
Williamson,Presidential Preference,NA,Democratic,Uncommitted,11
Williamson,Presidential Preference,NA,Republican,Bill Weld,239
Williamson,Presidential Preference,NA,Republican,Donald J. Trump,15483
Williamson,Presidential Preference,NA,Republican,Joe Walsh,137
Williamson,Presidential Preference,NA,Republican,Uncommitted,283
Wilson,Circuit Court Judge Division II,15 (unexpired term),Republican,Javin Cripps,3253
Wilson,Circuit Court Judge Division II,15 (unexpired term),Republican,Michael Collins,4990
Wilson,Circuit Court Judge Division II,15 (unexpired term),Republican,Shawn McBrien,3728
Wilson,Public Defender,15 (unexpired term),Republican,Shelley Thompson Gardner,11092
Wilson,Delegate,6,Republican,Craig Evan Clark (Trump),4921
Wilson,Delegate,6,Republican,Frank Gorgie (Uncommitted),490
Wilson,Delegate,6,Republican,Holly S. Jones (Trump),5468
Wilson,Delegate,6,Republican,Joseph Elder (Uncommitted),616
Wilson,Delegate,6,Republican,Mary Ann Parks (Trump),3466
Wilson,Delegate,6,Republican,Paul Bailey (Trump),6319
Wilson,Delegate,6,Republican,Ryan Williams (Trump),3535
Wilson,Delegate,6,Republican,Terri R. Nicholson (Trump),3239
Wilson,Delegate,At-Large,Republican,Amy Jones (Trump),7020
Wilson,Delegate,At-Large,Republican,Beth Scott Clayton (Trump),6833
Wilson,Delegate,At-Large,Republican,Chad Blackburn (Trump),8016
Wilson,Delegate,At-Large,Republican,Dalton Temple (Trump),2373
Wilson,Delegate,At-Large,Republican,Douglas M. Englen (Trump),6358
Wilson,Delegate,At-Large,Republican,Jack Johnson (Trump),7103
Wilson,Delegate,At-Large,Republican,Jake Adams (Uncommitted),623
Wilson,Delegate,At-Large,Republican,Jane Chedester (Trump),6372
Wilson,Delegate,At-Large,Republican,Jennifer Inman Little (Trump),3187
Wilson,Delegate,At-Large,Republican,Julia Atchley-Pace (Trump),6532
Wilson,Delegate,At-Large,Republican,Larry M. Sims (Uncommitted),579
Wilson,Delegate,At-Large,Republican,Lei Ann Gleaves (Trump),6804
Wilson,Delegate,At-Large,Republican,Leslie D. Mills (Uncommitted),481
Wilson,Delegate,At-Large,Republican,Linda D. Buckles (Trump),6936
Wilson,Delegate,At-Large,Republican,Mae Beavers (Trump),8757
Wilson,Delegate,At-Large,Republican,Marsha Yessick (Trump),1664
Wilson,Delegate,At-Large,Republican,Mary Littleton (Trump),3075
Wilson,Delegate,At-Large,Republican,Nazar Sharanshi (Trump),866
Wilson,Delegate,At-Large,Republican,Patricia D. Mills (Uncommitted),570
Wilson,Delegate,At-Large,Republican,Paulina Albornoz Madaris (Trump),1316
Wilson,Delegate,At-Large,Republican,Peggy Larkin (Trump),5537
Wilson,Delegate,At-Large,Republican,Raul Lopez (Trump),1926
Wilson,Delegate,At-Large,Republican,Rick Tillis (Trump),2702
Wilson,Delegate,At-Large,Republican,Robin T. Smith (Trump),3364
Wilson,Delegate,At-Large,Republican,Shannon Haynes (Trump),6738
Wilson,Delegate,At-Large,Republican,Steve Allbrooks (Trump),7647
Wilson,Delegate,At-Large,Republican,Susan Richardson Williams (Trump),2728
Wilson,Delegate,At-Large,Republican,Wanda J. Cooke (Uncommitted),556
Wilson,Delegate,At-Large,Republican,William Lamberth (Trump),6900
Wilson,Presidential Preference,NA,Democratic,Amy Klobuchar,295
Wilson,Presidential Preference,NA,Democratic,Andrew Yang,21
Wilson,Presidential Preference,NA,Democratic,Bernie Sanders,1886
Wilson,Presidential Preference,NA,Democratic,Cory Booker,10
Wilson,Presidential Preference,NA,Democratic,Deval Patrick,1
Wilson,Presidential Preference,NA,Democratic,Elizabeth Warren,907
Wilson,Presidential Preference,NA,Democratic,John K. Delaney,7
Wilson,Presidential Preference,NA,Democratic,Joseph R. Biden,3404
Wilson,Presidential Preference,NA,Democratic,Julián Castro,3
Wilson,Presidential Preference,NA,Democratic,Marianne Williamson,11
Wilson,Presidential Preference,NA,Democratic,Michael Bennet,16
Wilson,Presidential Preference,NA,Democratic,Michael R. Bloomberg,1582
Wilson,Presidential Preference,NA,Democratic,Pete Buttigieg,486
Wilson,Presidential Preference,NA,Democratic,Tom Steyer,40
Wilson,Presidential Preference,NA,Democratic,Tulsi Gabbard,43
Wilson,Presidential Preference,NA,Democratic,Uncommitted,38
Wilson,Presidential Preference,NA,Republican,Bill Weld,120
Wilson,Presidential Preference,NA,Republican,Donald J. Trump,12142
Wilson,Presidential Preference,NA,Republican,Joe Walsh,148
Wilson,Presidential Preference,NA,Republican,Uncommitted,329
