county,office,district,party,candidate,votes
Anderson,President,NA,,Write-In,9
Anderson,President,NA,Democratic,"Gore, Al",13556
Anderson,President,NA,Independent,"Brown, Cathy Gordon",26
Anderson,President,NA,Independent,"Browne, Harry",79
Anderson,President,NA,Independent,"Buchanan, Patrick J.",76
Anderson,President,NA,Independent,"Hagelin, John",10
Anderson,President,NA,Independent,"Nader, Ralph",316
Anderson,President,NA,Independent,"Phillips, Howard",16
Anderson,President,NA,Independent,"Venson, Randall",3
Anderson,President,NA,Republican,"Bush, George W.",14688
Anderson,State House,33,,Write-In,0
Anderson,State House,33,Democratic,"Caldwell, Gene",10895
Anderson,State House,33,Republican,"Phillips, Anne",9755
Anderson,State House,36,,Write-In,0
Anderson,State House,36,Democratic,"Cross, Jerry",3104
Anderson,State House,36,Republican,"Baird, William A.",3728
Anderson,U.S. House,3,,Write-In,0
Anderson,U.S. House,3,Democratic,"Callaway, William L.",8286
Anderson,U.S. House,3,Independent,"Austin, Trudy",503
Anderson,U.S. House,3,Republican,"Wamp, Zach",18047
Anderson,U.S. Senate,NA,,Write-In,0
Anderson,U.S. Senate,NA,Democratic,"Clark, Jeff",7692
Anderson,U.S. Senate,NA,Independent,"Burrell, Tom",510
Anderson,U.S. Senate,NA,Independent,"Johnson, Charles F.",93
Anderson,U.S. Senate,NA,Independent,"Kinstle, Joel",43
Anderson,U.S. Senate,NA,Independent,"Ownby, David Jarrod",61
Anderson,U.S. Senate,NA,Independent,"Watson, Robert",66
Anderson,U.S. Senate,NA,Republican,"Frist, Bill",18188
Bedford,President,NA,,Write-In,0
Bedford,President,NA,Democratic,"Gore, Al",6136
Bedford,President,NA,Independent,"Brown, Cathy Gordon",13
Bedford,President,NA,Independent,"Browne, Harry",28
Bedford,President,NA,Independent,"Buchanan, Patrick J.",16
Bedford,President,NA,Independent,"Hagelin, John",4
Bedford,President,NA,Independent,"Nader, Ralph",80
Bedford,President,NA,Independent,"Phillips, Howard",17
Bedford,President,NA,Independent,"Venson, Randall",2
Bedford,President,NA,Republican,"Bush, George W.",5911
Bedford,State House,62,,Write-In,1
Bedford,State House,62,Democratic,"Phillips, Clarence (Pete)",6852
Bedford,State Senate,16,,Write-In,0
Bedford,State Senate,16,Democratic,"Trail, Larry",6112
Bedford,State Senate,16,Republican,"Wall, Howard",4718
Bedford,U.S. House,4,,Write-In,0
Bedford,U.S. House,4,Democratic,"Dunaway, David H.",3632
Bedford,U.S. House,4,Independent,"Lyons, J. Patrick",306
Bedford,U.S. House,4,Republican,"Hilleary, Van",6719
Bedford,U.S. Senate,NA,,Write-In,2
Bedford,U.S. Senate,NA,Democratic,"Clark, Jeff",3934
Bedford,U.S. Senate,NA,Independent,"Burrell, Tom",49
Bedford,U.S. Senate,NA,Independent,"Johnson, Charles F.",11
Bedford,U.S. Senate,NA,Independent,"Kinstle, Joel",12
Bedford,U.S. Senate,NA,Independent,"Ownby, David Jarrod",13
Bedford,U.S. Senate,NA,Independent,"Watson, Robert",18
Bedford,U.S. Senate,NA,Republican,"Frist, Bill",6683
Benton,President,NA,,Write-In,0
Benton,President,NA,Democratic,"Gore, Al",3700
Benton,President,NA,Independent,"Brown, Cathy Gordon",8
Benton,President,NA,Independent,"Browne, Harry",12
Benton,President,NA,Independent,"Buchanan, Patrick J.",37
Benton,President,NA,Independent,"Hagelin, John",3
Benton,President,NA,Independent,"Nader, Ralph",62
Benton,President,NA,Independent,"Phillips, Howard",4
Benton,President,NA,Independent,"Venson, Randall",1
Benton,President,NA,Republican,"Bush, George W.",2484
Benton,State House,74,,Write-In,0
Benton,State House,74,Democratic,"Tidwell, John C.",5102
Benton,State Senate,24,,Write-In,0
Benton,State Senate,24,Democratic,"Herron, Roy",4601
Benton,U.S. House,8,,Write-In,0
Benton,U.S. House,8,Democratic,"Tanner, John",4940
Benton,U.S. House,8,Republican,"Yancy, Billy",1200
Benton,U.S. Senate,NA,,Write-In,0
Benton,U.S. Senate,NA,Democratic,"Clark, Jeff",2862
Benton,U.S. Senate,NA,Independent,"Burrell, Tom",58
Benton,U.S. Senate,NA,Independent,"Johnson, Charles F.",32
Benton,U.S. Senate,NA,Independent,"Kinstle, Joel",9
Benton,U.S. Senate,NA,Independent,"Ownby, David Jarrod",9
Benton,U.S. Senate,NA,Independent,"Watson, Robert",38
Benton,U.S. Senate,NA,Republican,"Frist, Bill",3071
Bledsoe,President,NA,,Write-In,0
Bledsoe,President,NA,Democratic,"Gore, Al",1756
Bledsoe,President,NA,Independent,"Brown, Cathy Gordon",6
Bledsoe,President,NA,Independent,"Browne, Harry",5
Bledsoe,President,NA,Independent,"Buchanan, Patrick J.",14
Bledsoe,President,NA,Independent,"Hagelin, John",0
Bledsoe,President,NA,Independent,"Nader, Ralph",35
Bledsoe,President,NA,Independent,"Phillips, Howard",0
Bledsoe,President,NA,Independent,"Venson, Randall",0
Bledsoe,President,NA,Republican,"Bush, George W.",2380
Bledsoe,State House,37,,Write-In,0
Bledsoe,State House,37,Democratic,"Rhinehart, Shelby A.",1824
Bledsoe,State House,37,Republican,"Swafford, Mark",2388
Bledsoe,U.S. House,3,,Write-In,0
Bledsoe,U.S. House,3,Democratic,"Callaway, William L.",1386
Bledsoe,U.S. House,3,Independent,"Austin, Trudy",69
Bledsoe,U.S. House,3,Republican,"Wamp, Zach",2717
Bledsoe,U.S. Senate,NA,,Write-In,0
Bledsoe,U.S. Senate,NA,Democratic,"Clark, Jeff",1312
Bledsoe,U.S. Senate,NA,Independent,"Burrell, Tom",49
Bledsoe,U.S. Senate,NA,Independent,"Johnson, Charles F.",12
Bledsoe,U.S. Senate,NA,Independent,"Kinstle, Joel",4
Bledsoe,U.S. Senate,NA,Independent,"Ownby, David Jarrod",6
Bledsoe,U.S. Senate,NA,Independent,"Watson, Robert",16
Bledsoe,U.S. Senate,NA,Republican,"Frist, Bill",2636
Blount,President,NA,,Write-In,8
Blount,President,NA,Democratic,"Gore, Al",14688
Blount,President,NA,Independent,"Brown, Cathy Gordon",28
Blount,President,NA,Independent,"Browne, Harry",117
Blount,President,NA,Independent,"Buchanan, Patrick J.",117
Blount,President,NA,Independent,"Hagelin, John",14
Blount,President,NA,Independent,"Nader, Ralph",379
Blount,President,NA,Independent,"Phillips, Howard",34
Blount,President,NA,Independent,"Venson, Randall",4
Blount,President,NA,Republican,"Bush, George W.",25273
Blount,State House,20,,Write-In,7
Blount,State House,20,Democratic,"Twiggs, David",5861
Blount,State House,20,Republican,"Overbey, Doug",11426
Blount,State House,8,,Write-In,1
Blount,State House,8,Republican,"McCord, Joe",16729
Blount,State Senate,8,,Write-In,13
Blount,State Senate,8,Democratic,"Boling, Jeff D.",8774
Blount,State Senate,8,Independent,"Overby, Tammy",2408
Blount,State Senate,8,Republican,"Clabough, Bill",26106
Blount,U.S. House,2,,Write-In,11
Blount,U.S. House,2,Independent,"Rowland, Kevin J.",3942
Blount,U.S. House,2,Republican,"Duncan, Jr., John J.",31605
Blount,U.S. Senate,NA,,Write-In,11
Blount,U.S. Senate,NA,Democratic,"Clark, Jeff",7876
Blount,U.S. Senate,NA,Independent,"Burrell, Tom",608
Blount,U.S. Senate,NA,Independent,"Johnson, Charles F.",119
Blount,U.S. Senate,NA,Independent,"Kinstle, Joel",64
Blount,U.S. Senate,NA,Independent,"Ownby, David Jarrod",655
Blount,U.S. Senate,NA,Independent,"Watson, Robert",100
Blount,U.S. Senate,NA,Republican,"Frist, Bill",28536
Bradley,President,NA,,Write-In,3
Bradley,President,NA,Democratic,"Gore, Al",8768
Bradley,President,NA,Independent,"Brown, Cathy Gordon",34
Bradley,President,NA,Independent,"Browne, Harry",64
Bradley,President,NA,Independent,"Buchanan, Patrick J.",109
Bradley,President,NA,Independent,"Hagelin, John",5
Bradley,President,NA,Independent,"Nader, Ralph",271
Bradley,President,NA,Independent,"Phillips, Howard",18
Bradley,President,NA,Independent,"Venson, Randall",4
Bradley,President,NA,Republican,"Bush, George W.",20167
Bradley,State House,22,,Write-In,2
Bradley,State House,22,Independent,"Ledford, Jr., Samuel Ray",1331
Bradley,State House,22,Republican,"Newton, J. Chris",8054
Bradley,State House,24,,Write-In,17
Bradley,State House,24,Republican,"Bunch, Dewayne",13417
Bradley,U.S. House,2,,Write-In,7
Bradley,U.S. House,2,Independent,"Rowland, Kevin J.",1534
Bradley,U.S. House,2,Republican,"Duncan, Jr., John J.",11050
Bradley,U.S. House,3,,Write-In,2
Bradley,U.S. House,3,Democratic,"Callaway, William L.",4319
Bradley,U.S. House,3,Independent,"Austin, Trudy",153
Bradley,U.S. House,3,Republican,"Wamp, Zach",10346
Bradley,U.S. Senate,NA,,Write-In,1
Bradley,U.S. Senate,NA,Democratic,"Clark, Jeff",5945
Bradley,U.S. Senate,NA,Independent,"Burrell, Tom",237
Bradley,U.S. Senate,NA,Independent,"Johnson, Charles F.",102
Bradley,U.S. Senate,NA,Independent,"Kinstle, Joel",24
Bradley,U.S. Senate,NA,Independent,"Ownby, David Jarrod",90
Bradley,U.S. Senate,NA,Independent,"Watson, Robert",88
Bradley,U.S. Senate,NA,Republican,"Frist, Bill",22264
Campbell,President,NA,,Write-In,0
Campbell,President,NA,Democratic,"Gore, Al",6492
Campbell,President,NA,Independent,"Brown, Cathy Gordon",11
Campbell,President,NA,Independent,"Browne, Harry",15
Campbell,President,NA,Independent,"Buchanan, Patrick J.",37
Campbell,President,NA,Independent,"Hagelin, John",2
Campbell,President,NA,Independent,"Nader, Ralph",74
Campbell,President,NA,Independent,"Phillips, Howard",1
Campbell,President,NA,Independent,"Venson, Randall",5
Campbell,President,NA,Republican,"Bush, George W.",5784
Campbell,State House,34,,Write-In,0
Campbell,State House,34,Republican,"Goins, Mark K.",2172
Campbell,State House,36,,Write-In,0
Campbell,State House,36,Democratic,"Cross, Jerry",4355
Campbell,State House,36,Republican,"Baird, William A.",4721
Campbell,U.S. House,4,,Write-In,0
Campbell,U.S. House,4,Democratic,"Dunaway, David H.",4894
Campbell,U.S. House,4,Independent,"Lyons, J. Patrick",80
Campbell,U.S. House,4,Republican,"Hilleary, Van",6492
Campbell,U.S. Senate,NA,,Write-In,0
Campbell,U.S. Senate,NA,Democratic,"Clark, Jeff",3864
Campbell,U.S. Senate,NA,Independent,"Burrell, Tom",82
Campbell,U.S. Senate,NA,Independent,"Johnson, Charles F.",36
Campbell,U.S. Senate,NA,Independent,"Kinstle, Joel",10
Campbell,U.S. Senate,NA,Independent,"Ownby, David Jarrod",21
Campbell,U.S. Senate,NA,Independent,"Watson, Robert",45
Campbell,U.S. Senate,NA,Republican,"Frist, Bill",6480
Cannon,President,NA,,Write-In,0
Cannon,President,NA,Democratic,"Gore, Al",2697
Cannon,President,NA,Independent,"Brown, Cathy Gordon",3
Cannon,President,NA,Independent,"Browne, Harry",12
Cannon,President,NA,Independent,"Buchanan, Patrick J.",14
Cannon,President,NA,Independent,"Hagelin, John",0
Cannon,President,NA,Independent,"Nader, Ralph",45
Cannon,President,NA,Independent,"Phillips, Howard",2
Cannon,President,NA,Independent,"Venson, Randall",0
Cannon,President,NA,Republican,"Bush, George W.",1924
Cannon,State House,40,,Write-In,2
Cannon,State House,40,Democratic,"Buck, Frank",3243
Cannon,U.S. House,6,,Write-In,0
Cannon,U.S. House,6,Democratic,"Gordon, Bart",3472
Cannon,U.S. House,6,Independent,"Coffer, Jim",80
Cannon,U.S. House,6,Republican,"Charles, David",893
Cannon,U.S. Senate,NA,,Write-In,0
Cannon,U.S. Senate,NA,Democratic,"Clark, Jeff",1705
Cannon,U.S. Senate,NA,Independent,"Burrell, Tom",68
Cannon,U.S. Senate,NA,Independent,"Johnson, Charles F.",30
Cannon,U.S. Senate,NA,Independent,"Kinstle, Joel",3
Cannon,U.S. Senate,NA,Independent,"Ownby, David Jarrod",4
Cannon,U.S. Senate,NA,Independent,"Watson, Robert",18
Cannon,U.S. Senate,NA,Republican,"Frist, Bill",2393
Carroll,President,NA,,Write-In,0
Carroll,President,NA,Democratic,"Gore, Al",5239
Carroll,President,NA,Independent,"Brown, Cathy Gordon",10
Carroll,President,NA,Independent,"Browne, Harry",11
Carroll,President,NA,Independent,"Buchanan, Patrick J.",32
Carroll,President,NA,Independent,"Hagelin, John",0
Carroll,President,NA,Independent,"Nader, Ralph",65
Carroll,President,NA,Independent,"Phillips, Howard",3
Carroll,President,NA,Independent,"Venson, Randall",2
Carroll,President,NA,Republican,"Bush, George W.",5465
Carroll,State House,76,,Write-In,0
Carroll,State House,76,Democratic,"Maddox, Mark L.",5089
Carroll,State House,79,,Write-In,0
Carroll,State House,79,Democratic,"Phelan, Paul E.",1797
Carroll,State House,79,Independent,"Carlton, Mark",701
Carroll,U.S. House,8,,Write-In,0
Carroll,U.S. House,8,Democratic,"Tanner, John",7639
Carroll,U.S. House,8,Republican,"Yancy, Billy",2455
Carroll,U.S. Senate,NA,,Write-In,0
Carroll,U.S. Senate,NA,Democratic,"Clark, Jeff",3391
Carroll,U.S. Senate,NA,Independent,"Burrell, Tom",78
Carroll,U.S. Senate,NA,Independent,"Johnson, Charles F.",30
Carroll,U.S. Senate,NA,Independent,"Kinstle, Joel",20
Carroll,U.S. Senate,NA,Independent,"Ownby, David Jarrod",14
Carroll,U.S. Senate,NA,Independent,"Watson, Robert",24
Carroll,U.S. Senate,NA,Republican,"Frist, Bill",6513
Carter,President,NA,,Write-In,0
Carter,President,NA,Democratic,"Gore, Al",6724
Carter,President,NA,Independent,"Brown, Cathy Gordon",17
Carter,President,NA,Independent,"Browne, Harry",38
Carter,President,NA,Independent,"Buchanan, Patrick J.",48
Carter,President,NA,Independent,"Hagelin, John",4
Carter,President,NA,Independent,"Nader, Ralph",157
Carter,President,NA,Independent,"Phillips, Howard",2
Carter,President,NA,Independent,"Venson, Randall",1
Carter,President,NA,Republican,"Bush, George W.",12111
Carter,State House,4,,Write-In,0
Carter,State House,4,Republican,"Cole, Ralph",14446
Carter,U.S. House,1,,Write-In,0
Carter,U.S. House,1,Republican,"Jenkins, William L. (Bill)",14000
Carter,U.S. Senate,NA,,Write-In,0
Carter,U.S. Senate,NA,Democratic,"Clark, Jeff",4115
Carter,U.S. Senate,NA,Independent,"Burrell, Tom",174
Carter,U.S. Senate,NA,Independent,"Johnson, Charles F.",94
Carter,U.S. Senate,NA,Independent,"Kinstle, Joel",27
Carter,U.S. Senate,NA,Independent,"Ownby, David Jarrod",21
Carter,U.S. Senate,NA,Independent,"Watson, Robert",69
Carter,U.S. Senate,NA,Republican,"Frist, Bill",13497
Cheatham,President,NA,,Write-In,0
Cheatham,President,NA,Democratic,"Gore, Al",6062
Cheatham,President,NA,Independent,"Brown, Cathy Gordon",5
Cheatham,President,NA,Independent,"Browne, Harry",27
Cheatham,President,NA,Independent,"Buchanan, Patrick J.",19
Cheatham,President,NA,Independent,"Hagelin, John",4
Cheatham,President,NA,Independent,"Nader, Ralph",139
Cheatham,President,NA,Independent,"Phillips, Howard",4
Cheatham,President,NA,Independent,"Venson, Randall",0
Cheatham,President,NA,Republican,"Bush, George W.",6356
Cheatham,State House,63,,Write-In,1
Cheatham,State House,63,Democratic,"Williams, L. Mike",4608
Cheatham,State House,63,Republican,"Cassman, Jeffrey L.",3478
Cheatham,State House,66,,Write-In,0
Cheatham,State House,66,Democratic,"Davidson, Eugene E. (Gene)",2054
Cheatham,State House,66,Republican,"Mobley, Marie O.",1414
Cheatham,State Senate,22,,Write-In,1
Cheatham,State Senate,22,Democratic,"Kurita, Rosalind",6723
Cheatham,State Senate,22,Republican,"Redd, Wallace M.",5092
Cheatham,U.S. House,7,,Write-In,1
Cheatham,U.S. House,7,Democratic,"Sims, Richard P.",3444
Cheatham,U.S. House,7,Independent,"Solee, Denis",349
Cheatham,U.S. House,7,Republican,"Bryant, Ed",7443
Cheatham,U.S. Senate,NA,,Write-In,1
Cheatham,U.S. Senate,NA,Democratic,"Clark, Jeff",3359
Cheatham,U.S. Senate,NA,Independent,"Burrell, Tom",240
Cheatham,U.S. Senate,NA,Independent,"Johnson, Charles F.",60
Cheatham,U.S. Senate,NA,Independent,"Kinstle, Joel",45
Cheatham,U.S. Senate,NA,Independent,"Ownby, David Jarrod",33
Cheatham,U.S. Senate,NA,Independent,"Watson, Robert",83
Cheatham,U.S. Senate,NA,Republican,"Frist, Bill",7967
Chester,President,NA,,Write-In,0
Chester,President,NA,Democratic,"Gore, Al",2192
Chester,President,NA,Independent,"Brown, Cathy Gordon",2
Chester,President,NA,Independent,"Browne, Harry",3
Chester,President,NA,Independent,"Buchanan, Patrick J.",16
Chester,President,NA,Independent,"Hagelin, John",1
Chester,President,NA,Independent,"Nader, Ralph",25
Chester,President,NA,Independent,"Phillips, Howard",0
Chester,President,NA,Independent,"Venson, Randall",2
Chester,President,NA,Republican,"Bush, George W.",3487
Chester,State House,72,,Write-In,0
Chester,State House,72,Republican,"McDaniel, Steve",3294
Chester,State Senate,26,,Write-In,0
Chester,State Senate,26,Democratic,"Wilder, Sr., John S.",2694
Chester,State Senate,26,Republican,"Shutt, Bob",2589
Chester,U.S. House,7,,Write-In,0
Chester,U.S. House,7,Democratic,"Sims, Richard P.",1309
Chester,U.S. House,7,Independent,"Solee, Denis",22
Chester,U.S. House,7,Republican,"Bryant, Ed",3742
Chester,U.S. Senate,NA,,Write-In,0
Chester,U.S. Senate,NA,Democratic,"Clark, Jeff",1383
Chester,U.S. Senate,NA,Independent,"Burrell, Tom",43
Chester,U.S. Senate,NA,Independent,"Johnson, Charles F.",69
Chester,U.S. Senate,NA,Independent,"Kinstle, Joel",3
Chester,U.S. Senate,NA,Independent,"Ownby, David Jarrod",2
Chester,U.S. Senate,NA,Independent,"Watson, Robert",6
Chester,U.S. Senate,NA,Republican,"Frist, Bill",3702
Claiborne,President,NA,,Write-In,2
Claiborne,President,NA,Democratic,"Gore, Al",3841
Claiborne,President,NA,Independent,"Brown, Cathy Gordon",13
Claiborne,President,NA,Independent,"Browne, Harry",25
Claiborne,President,NA,Independent,"Buchanan, Patrick J.",28
Claiborne,President,NA,Independent,"Hagelin, John",3
Claiborne,President,NA,Independent,"Nader, Ralph",60
Claiborne,President,NA,Independent,"Phillips, Howard",3
Claiborne,President,NA,Independent,"Venson, Randall",2
Claiborne,President,NA,Republican,"Bush, George W.",5023
Claiborne,State House,34,,Write-In,0
Claiborne,State House,34,Republican,"Goins, Mark K.",6396
Claiborne,State Senate,4,,Write-In,4
Claiborne,State Senate,4,Republican,"Williams, Micheal R.",5749
Claiborne,U.S. House,4,,Write-In,0
Claiborne,U.S. House,4,Democratic,"Dunaway, David H.",2553
Claiborne,U.S. House,4,Independent,"Lyons, J. Patrick",85
Claiborne,U.S. House,4,Republican,"Hilleary, Van",5672
Claiborne,U.S. Senate,NA,,Write-In,0
Claiborne,U.S. Senate,NA,Democratic,"Clark, Jeff",2344
Claiborne,U.S. Senate,NA,Independent,"Burrell, Tom",71
Claiborne,U.S. Senate,NA,Independent,"Johnson, Charles F.",49
Claiborne,U.S. Senate,NA,Independent,"Kinstle, Joel",26
Claiborne,U.S. Senate,NA,Independent,"Ownby, David Jarrod",27
Claiborne,U.S. Senate,NA,Independent,"Watson, Robert",25
Claiborne,U.S. Senate,NA,Republican,"Frist, Bill",5530
Clay,President,NA,,Write-In,0
Clay,President,NA,Democratic,"Gore, Al",1931
Clay,President,NA,Independent,"Brown, Cathy Gordon",4
Clay,President,NA,Independent,"Browne, Harry",4
Clay,President,NA,Independent,"Buchanan, Patrick J.",11
Clay,President,NA,Independent,"Hagelin, John",2
Clay,President,NA,Independent,"Nader, Ralph",19
Clay,President,NA,Independent,"Phillips, Howard",1
Clay,President,NA,Independent,"Venson, Randall",2
Clay,President,NA,Republican,"Bush, George W.",1468
Clay,State House,38,,Write-In,0
Clay,State House,38,Democratic,"Winningham, Leslie",1847
Clay,U.S. House,6,,Write-In,0
Clay,U.S. House,6,Democratic,"Gordon, Bart",2102
Clay,U.S. House,6,Independent,"Coffer, Jim",25
Clay,U.S. House,6,Republican,"Charles, David",829
Clay,U.S. Senate,NA,,Write-In,0
Clay,U.S. Senate,NA,Democratic,"Clark, Jeff",1088
Clay,U.S. Senate,NA,Independent,"Burrell, Tom",12
Clay,U.S. Senate,NA,Independent,"Johnson, Charles F.",12
Clay,U.S. Senate,NA,Independent,"Kinstle, Joel",3
Clay,U.S. Senate,NA,Independent,"Ownby, David Jarrod",1
Clay,U.S. Senate,NA,Independent,"Watson, Robert",6
Clay,U.S. Senate,NA,Republican,"Frist, Bill",1514
Cocke,President,NA,,Write-In,0
Cocke,President,NA,Democratic,"Gore, Al",3872
Cocke,President,NA,Independent,"Brown, Cathy Gordon",21
Cocke,President,NA,Independent,"Browne, Harry",28
Cocke,President,NA,Independent,"Buchanan, Patrick J.",28
Cocke,President,NA,Independent,"Hagelin, John",3
Cocke,President,NA,Independent,"Nader, Ralph",93
Cocke,President,NA,Independent,"Phillips, Howard",6
Cocke,President,NA,Independent,"Venson, Randall",3
Cocke,President,NA,Republican,"Bush, George W.",6185
Cocke,State House,11,,Write-In,0
Cocke,State House,11,Independent,"Dier, Thomas",1843
Cocke,State House,11,Independent,"Spriggs, Sr., Richard E.",233
Cocke,State House,11,Republican,"Davis, Ronnie E.",6337
Cocke,U.S. House,1,,Write-In,0
Cocke,U.S. House,1,Republican,"Jenkins, William L. (Bill)",6333
Cocke,U.S. Senate,NA,,Write-In,0
Cocke,U.S. Senate,NA,Democratic,"Clark, Jeff",1795
Cocke,U.S. Senate,NA,Independent,"Burrell, Tom",99
Cocke,U.S. Senate,NA,Independent,"Johnson, Charles F.",56
Cocke,U.S. Senate,NA,Independent,"Kinstle, Joel",19
Cocke,U.S. Senate,NA,Independent,"Ownby, David Jarrod",39
Cocke,U.S. Senate,NA,Independent,"Watson, Robert",39
Cocke,U.S. Senate,NA,Republican,"Frist, Bill",6557
Coffee,President,NA,,Write-In,3
Coffee,President,NA,Democratic,"Gore, Al",8741
Coffee,President,NA,Independent,"Brown, Cathy Gordon",19
Coffee,President,NA,Independent,"Browne, Harry",38
Coffee,President,NA,Independent,"Buchanan, Patrick J.",41
Coffee,President,NA,Independent,"Hagelin, John",1
Coffee,President,NA,Independent,"Nader, Ralph",151
Coffee,President,NA,Independent,"Phillips, Howard",4
Coffee,President,NA,Independent,"Venson, Randall",2
Coffee,President,NA,Republican,"Bush, George W.",8788
Coffee,State House,47,,Write-In,2
Coffee,State House,47,Democratic,"Lewis, Jr., Doyle (Butch)",10037
Coffee,State House,47,Independent,"Whitman, Brian",217
Coffee,State House,47,Republican,"Welborn, David E.",6430
Coffee,U.S. House,4,,Write-In,1
Coffee,U.S. House,4,Democratic,"Dunaway, David H.",5748
Coffee,U.S. House,4,Independent,"Lyons, J. Patrick",137
Coffee,U.S. House,4,Republican,"Hilleary, Van",10435
Coffee,U.S. Senate,NA,,Write-In,1
Coffee,U.S. Senate,NA,Democratic,"Clark, Jeff",5920
Coffee,U.S. Senate,NA,Independent,"Burrell, Tom",109
Coffee,U.S. Senate,NA,Independent,"Johnson, Charles F.",27
Coffee,U.S. Senate,NA,Independent,"Kinstle, Joel",7
Coffee,U.S. Senate,NA,Independent,"Ownby, David Jarrod",9
Coffee,U.S. Senate,NA,Independent,"Watson, Robert",23
Coffee,U.S. Senate,NA,Republican,"Frist, Bill",10188
Crockett,President,NA,,Write-In,0
Crockett,President,NA,Democratic,"Gore, Al",2705
Crockett,President,NA,Independent,"Brown, Cathy Gordon",3
Crockett,President,NA,Independent,"Browne, Harry",0
Crockett,President,NA,Independent,"Buchanan, Patrick J.",14
Crockett,President,NA,Independent,"Hagelin, John",0
Crockett,President,NA,Independent,"Nader, Ralph",42
Crockett,President,NA,Independent,"Phillips, Howard",0
Crockett,President,NA,Independent,"Venson, Randall",0
Crockett,President,NA,Republican,"Bush, George W.",2676
Crockett,State House,78,,Write-In,0
Crockett,State House,78,Democratic,"Cole, Ronnie C.",3097
Crockett,State House,78,Republican,"Dahl, Dave",1748
Crockett,State Senate,26,,Write-In,0
Crockett,State Senate,26,Democratic,"Wilder, Sr., John S.",2958
Crockett,State Senate,26,Republican,"Shutt, Bob",1932
Crockett,U.S. House,8,,Write-In,0
Crockett,U.S. House,8,Democratic,"Tanner, John",3948
Crockett,U.S. House,8,Republican,"Yancy, Billy",1111
Crockett,U.S. Senate,NA,,Write-In,0
Crockett,U.S. Senate,NA,Democratic,"Clark, Jeff",1661
Crockett,U.S. Senate,NA,Independent,"Burrell, Tom",32
Crockett,U.S. Senate,NA,Independent,"Johnson, Charles F.",18
Crockett,U.S. Senate,NA,Independent,"Kinstle, Joel",5
Crockett,U.S. Senate,NA,Independent,"Ownby, David Jarrod",4
Crockett,U.S. Senate,NA,Independent,"Watson, Robert",9
Crockett,U.S. Senate,NA,Republican,"Frist, Bill",3282
Cumberland,President,NA,,Write-In,1
Cumberland,President,NA,Democratic,"Gore, Al",7644
Cumberland,President,NA,Independent,"Brown, Cathy Gordon",10
Cumberland,President,NA,Independent,"Browne, Harry",32
Cumberland,President,NA,Independent,"Buchanan, Patrick J.",96
Cumberland,President,NA,Independent,"Hagelin, John",2
Cumberland,President,NA,Independent,"Nader, Ralph",223
Cumberland,President,NA,Independent,"Phillips, Howard",11
Cumberland,President,NA,Independent,"Venson, Randall",4
Cumberland,President,NA,Republican,"Bush, George W.",10994
Cumberland,State House,25,,Write-In,1
Cumberland,State House,25,Independent,"Cuva, Donald R.",2680
Cumberland,State House,25,Republican,"Walker, Raymond B.",10256
Cumberland,State House,43,,Write-In,0
Cumberland,State House,43,Democratic,"Curtiss, Charles",1780
Cumberland,State House,43,Independent,"Sharpe, Richard G.",109
Cumberland,State House,43,Republican,"Mathias, Steve",1356
Cumberland,State Senate,12,,Write-In,0
Cumberland,State Senate,12,Democratic,"Davis, Lincoln",10542
Cumberland,State Senate,12,Republican,"Deporter, Ralph G.",7071
Cumberland,U.S. House,4,,Write-In,0
Cumberland,U.S. House,4,Democratic,"Dunaway, David H.",4859
Cumberland,U.S. House,4,Independent,"Lyons, J. Patrick",197
Cumberland,U.S. House,4,Republican,"Hilleary, Van",13083
Cumberland,U.S. Senate,NA,,Write-In,0
Cumberland,U.S. Senate,NA,Democratic,"Clark, Jeff",4693
Cumberland,U.S. Senate,NA,Independent,"Burrell, Tom",252
Cumberland,U.S. Senate,NA,Independent,"Johnson, Charles F.",89
Cumberland,U.S. Senate,NA,Independent,"Kinstle, Joel",42
Cumberland,U.S. Senate,NA,Independent,"Ownby, David Jarrod",38
Cumberland,U.S. Senate,NA,Independent,"Watson, Robert",130
Cumberland,U.S. Senate,NA,Republican,"Frist, Bill",12322
Davidson,President,NA,,Write-In,40
Davidson,President,NA,Democratic,"Gore, Al",120508
Davidson,President,NA,Independent,"Brown, Cathy Gordon",118
Davidson,President,NA,Independent,"Browne, Harry",529
Davidson,President,NA,Independent,"Buchanan, Patrick J.",216
Davidson,President,NA,Independent,"Hagelin, John",77
Davidson,President,NA,Independent,"Nader, Ralph",2920
Davidson,President,NA,Independent,"Phillips, Howard",41
Davidson,President,NA,Independent,"Venson, Randall",22
Davidson,President,NA,Republican,"Bush, George W.",84117
Davidson,State House,50,,Write-In,0
Davidson,State House,50,Democratic,"Garrett, Tim",18076
Davidson,State House,51,,Write-In,0
Davidson,State House,51,Democratic,"Turner, Mike",13131
Davidson,State House,51,Republican,"Sexton, Danny",4673
Davidson,State House,52,,Write-In,0
Davidson,State House,52,Democratic,"Briley, Robert",12040
Davidson,State House,53,,Write-In,1
Davidson,State House,53,Democratic,"Arriola, John",14003
Davidson,State House,54,,Write-In,0
Davidson,State House,54,Democratic,"Langster, Edith Taylor",9796
Davidson,State House,54,Independent,"Love, Harold M.",5323
Davidson,State House,55,,Write-In,3
Davidson,State House,55,Democratic,"Odom, Gary",17925
Davidson,State House,56,,Write-In,0
Davidson,State House,56,Democratic,"Hicks, Jack",7759
Davidson,State House,56,Independent,"Husband, Rich",1125
Davidson,State House,56,Republican,"Harwell, Beth Halteman",25291
Davidson,State House,58,,Write-In,0
Davidson,State House,58,Democratic,"Pruitt, Mary",10325
Davidson,State House,59,,Write-In,4
Davidson,State House,59,Democratic,"Jones, Sherry",13402
Davidson,State House,60,,Write-In,0
Davidson,State House,60,Democratic,"West, Jr., Ben",15142
Davidson,State House,60,Republican,"Backs, Dave",5672
Davidson,State Senate,20,,Write-In,1
Davidson,State Senate,20,Democratic,"Haynes, Joe M.",45134
Davidson,U.S. House,5,,Write-In,2
Davidson,U.S. House,5,Democratic,"Clement, Bob",138362
Davidson,U.S. House,5,Independent,"Carew, David",6064
Davidson,U.S. House,5,Republican,"Scott, Stan",46277
Davidson,U.S. House,6,,Write-In,0
Davidson,U.S. House,6,Democratic,"Gordon, Bart",1622
Davidson,U.S. House,6,Independent,"Coffer, Jim",87
Davidson,U.S. House,6,Republican,"Charles, David",1702
Davidson,U.S. Senate,NA,,Write-In,8
Davidson,U.S. Senate,NA,Democratic,"Clark, Jeff",68424
Davidson,U.S. Senate,NA,Independent,"Burrell, Tom",5549
Davidson,U.S. Senate,NA,Independent,"Johnson, Charles F.",1236
Davidson,U.S. Senate,NA,Independent,"Kinstle, Joel",423
Davidson,U.S. Senate,NA,Independent,"Ownby, David Jarrod",482
Davidson,U.S. Senate,NA,Independent,"Watson, Robert",865
Davidson,U.S. Senate,NA,Republican,"Frist, Bill",117611
DeKalb,President,NA,,Write-In,2
DeKalb,President,NA,Democratic,"Gore, Al",3765
DeKalb,President,NA,Independent,"Brown, Cathy Gordon",8
DeKalb,President,NA,Independent,"Browne, Harry",10
DeKalb,President,NA,Independent,"Buchanan, Patrick J.",5
DeKalb,President,NA,Independent,"Hagelin, John",1
DeKalb,President,NA,Independent,"Nader, Ralph",63
DeKalb,President,NA,Independent,"Phillips, Howard",0
DeKalb,President,NA,Independent,"Venson, Randall",0
DeKalb,President,NA,Republican,"Bush, George W.",2411
DeKalb,State House,40,,Write-In,6
DeKalb,State House,40,Democratic,"Buck, Frank",4331
DeKalb,U.S. House,6,,Write-In,0
DeKalb,U.S. House,6,Democratic,"Gordon, Bart",4393
DeKalb,U.S. House,6,Independent,"Coffer, Jim",93
DeKalb,U.S. House,6,Republican,"Charles, David",1145
DeKalb,U.S. Senate,NA,,Write-In,0
DeKalb,U.S. Senate,NA,Democratic,"Clark, Jeff",2252
DeKalb,U.S. Senate,NA,Independent,"Burrell, Tom",66
DeKalb,U.S. Senate,NA,Independent,"Johnson, Charles F.",50
DeKalb,U.S. Senate,NA,Independent,"Kinstle, Joel",7
DeKalb,U.S. Senate,NA,Independent,"Ownby, David Jarrod",16
DeKalb,U.S. Senate,NA,Independent,"Watson, Robert",22
DeKalb,U.S. Senate,NA,Republican,"Frist, Bill",2948
Decatur,President,NA,,Write-In,0
Decatur,President,NA,Democratic,"Gore, Al",2278
Decatur,President,NA,Independent,"Brown, Cathy Gordon",2
Decatur,President,NA,Independent,"Browne, Harry",4
Decatur,President,NA,Independent,"Buchanan, Patrick J.",16
Decatur,President,NA,Independent,"Hagelin, John",1
Decatur,President,NA,Independent,"Nader, Ralph",22
Decatur,President,NA,Independent,"Phillips, Howard",0
Decatur,President,NA,Independent,"Venson, Randall",1
Decatur,President,NA,Republican,"Bush, George W.",2046
Decatur,State House,71,,Write-In,0
Decatur,State House,71,Democratic,"Rinks, Randy (Bear)",1398
Decatur,State House,74,,Write-In,0
Decatur,State House,74,Democratic,"Tidwell, John C.",1091
Decatur,State Senate,25,,Write-In,0
Decatur,State Senate,25,Democratic,"Jackson, Doug",1911
Decatur,State Senate,25,Republican,"Butler, Bonnie R.",2318
Decatur,U.S. House,7,,Write-In,0
Decatur,U.S. House,7,Democratic,"Sims, Richard P.",1611
Decatur,U.S. House,7,Independent,"Solee, Denis",21
Decatur,U.S. House,7,Republican,"Bryant, Ed",2283
Decatur,U.S. Senate,NA,,Write-In,0
Decatur,U.S. Senate,NA,Democratic,"Clark, Jeff",1574
Decatur,U.S. Senate,NA,Independent,"Burrell, Tom",13
Decatur,U.S. Senate,NA,Independent,"Johnson, Charles F.",12
Decatur,U.S. Senate,NA,Independent,"Kinstle, Joel",1
Decatur,U.S. Senate,NA,Independent,"Ownby, David Jarrod",4
Decatur,U.S. Senate,NA,Independent,"Watson, Robert",17
Decatur,U.S. Senate,NA,Republican,"Frist, Bill",2423
Dickson,President,NA,,Write-In,0
Dickson,President,NA,Democratic,"Gore, Al",8332
Dickson,President,NA,Independent,"Brown, Cathy Gordon",20
Dickson,President,NA,Independent,"Browne, Harry",37
Dickson,President,NA,Independent,"Buchanan, Patrick J.",25
Dickson,President,NA,Independent,"Hagelin, John",2
Dickson,President,NA,Independent,"Nader, Ralph",120
Dickson,President,NA,Independent,"Phillips, Howard",3
Dickson,President,NA,Independent,"Venson, Randall",1
Dickson,President,NA,Republican,"Bush, George W.",7016
Dickson,State House,69,,Write-In,0
Dickson,State House,69,Democratic,"Shepard, David",7920
Dickson,State House,69,Republican,"Tidwell, Danny",5329
Dickson,State House,75,,Write-In,0
Dickson,State House,75,Democratic,"Ridgeway, Don",734
Dickson,State Senate,25,,Write-In,0
Dickson,State Senate,25,Democratic,"Jackson, Doug",8572
Dickson,State Senate,25,Republican,"Butler, Bonnie R.",6084
Dickson,U.S. House,7,,Write-In,0
Dickson,U.S. House,7,Democratic,"Sims, Richard P.",5184
Dickson,U.S. House,7,Independent,"Solee, Denis",88
Dickson,U.S. House,7,Republican,"Bryant, Ed",7787
Dickson,U.S. Senate,NA,,Write-In,0
Dickson,U.S. Senate,NA,Democratic,"Clark, Jeff",5307
Dickson,U.S. Senate,NA,Independent,"Burrell, Tom",88
Dickson,U.S. Senate,NA,Independent,"Johnson, Charles F.",10
Dickson,U.S. Senate,NA,Independent,"Kinstle, Joel",8
Dickson,U.S. Senate,NA,Independent,"Ownby, David Jarrod",4
Dickson,U.S. Senate,NA,Independent,"Watson, Robert",6
Dickson,U.S. Senate,NA,Republican,"Frist, Bill",8463
Dyer,President,NA,,Write-In,0
Dyer,President,NA,Democratic,"Gore, Al",5425
Dyer,President,NA,Independent,"Brown, Cathy Gordon",10
Dyer,President,NA,Independent,"Browne, Harry",5
Dyer,President,NA,Independent,"Buchanan, Patrick J.",19
Dyer,President,NA,Independent,"Hagelin, John",3
Dyer,President,NA,Independent,"Nader, Ralph",88
Dyer,President,NA,Independent,"Phillips, Howard",7
Dyer,President,NA,Independent,"Venson, Randall",2
Dyer,President,NA,Republican,"Bush, George W.",6282
Dyer,State House,78,,Write-In,0
Dyer,State House,78,Democratic,"Cole, Ronnie C.",6885
Dyer,State House,78,Republican,"Dahl, Dave",4748
Dyer,State Senate,24,,Write-In,0
Dyer,State Senate,24,Democratic,"Herron, Roy",7636
Dyer,U.S. House,8,,Write-In,0
Dyer,U.S. House,8,Democratic,"Tanner, John",8685
Dyer,U.S. House,8,Republican,"Yancy, Billy",2779
Dyer,U.S. Senate,NA,,Write-In,0
Dyer,U.S. Senate,NA,Democratic,"Clark, Jeff",3691
Dyer,U.S. Senate,NA,Independent,"Burrell, Tom",68
Dyer,U.S. Senate,NA,Independent,"Johnson, Charles F.",37
Dyer,U.S. Senate,NA,Independent,"Kinstle, Joel",9
Dyer,U.S. Senate,NA,Independent,"Ownby, David Jarrod",24
Dyer,U.S. Senate,NA,Independent,"Watson, Robert",30
Dyer,U.S. Senate,NA,Republican,"Frist, Bill",7449
Fayette,President,NA,,Write-In,0
Fayette,President,NA,Democratic,"Gore, Al",5037
Fayette,President,NA,Independent,"Brown, Cathy Gordon",6
Fayette,President,NA,Independent,"Browne, Harry",15
Fayette,President,NA,Independent,"Buchanan, Patrick J.",19
Fayette,President,NA,Independent,"Hagelin, John",2
Fayette,President,NA,Independent,"Nader, Ralph",44
Fayette,President,NA,Independent,"Phillips, Howard",4
Fayette,President,NA,Independent,"Venson, Randall",0
Fayette,President,NA,Republican,"Bush, George W.",6402
Fayette,State House,81,,Write-In,0
Fayette,State House,81,Democratic,"Naifeh, Jimmy",2804
Fayette,State House,81,Republican,"Johnson, Joe",1751
Fayette,State House,82,,Write-In,0
Fayette,State House,82,Democratic,"Fitzhugh, Craig",3309
Fayette,State Senate,26,,Write-In,0
Fayette,State Senate,26,Democratic,"Wilder, Sr., John S.",6419
Fayette,State Senate,26,Republican,"Shutt, Bob",4905
Fayette,U.S. House,7,,Write-In,0
Fayette,U.S. House,7,Democratic,"Sims, Richard P.",3582
Fayette,U.S. House,7,Independent,"Solee, Denis",110
Fayette,U.S. House,7,Republican,"Bryant, Ed",6773
Fayette,U.S. Senate,NA,,Write-In,0
Fayette,U.S. Senate,NA,Democratic,"Clark, Jeff",3575
Fayette,U.S. Senate,NA,Independent,"Burrell, Tom",68
Fayette,U.S. Senate,NA,Independent,"Johnson, Charles F.",61
Fayette,U.S. Senate,NA,Independent,"Kinstle, Joel",14
Fayette,U.S. Senate,NA,Independent,"Ownby, David Jarrod",9
Fayette,U.S. Senate,NA,Independent,"Watson, Robert",43
Fayette,U.S. Senate,NA,Republican,"Frist, Bill",6959
Fentress,President,NA,,Write-In,0
Fentress,President,NA,Democratic,"Gore, Al",2529
Fentress,President,NA,Independent,"Brown, Cathy Gordon",17
Fentress,President,NA,Independent,"Browne, Harry",5
Fentress,President,NA,Independent,"Buchanan, Patrick J.",27
Fentress,President,NA,Independent,"Hagelin, John",1
Fentress,President,NA,Independent,"Nader, Ralph",28
Fentress,President,NA,Independent,"Phillips, Howard",4
Fentress,President,NA,Independent,"Venson, Randall",1
Fentress,President,NA,Republican,"Bush, George W.",3417
Fentress,State House,41,,Write-In,0
Fentress,State House,41,Democratic,"Windel, John Mark",4411
Fentress,State Senate,12,,Write-In,0
Fentress,State Senate,12,Democratic,"Davis, Lincoln",4236
Fentress,State Senate,12,Republican,"Deporter, Ralph G.",1338
Fentress,U.S. House,4,,Write-In,0
Fentress,U.S. House,4,Democratic,"Dunaway, David H.",1436
Fentress,U.S. House,4,Independent,"Lyons, J. Patrick",50
Fentress,U.S. House,4,Republican,"Hilleary, Van",3996
Fentress,U.S. Senate,NA,,Write-In,0
Fentress,U.S. Senate,NA,Democratic,"Clark, Jeff",1455
Fentress,U.S. Senate,NA,Independent,"Burrell, Tom",47
Fentress,U.S. Senate,NA,Independent,"Johnson, Charles F.",33
Fentress,U.S. Senate,NA,Independent,"Kinstle, Joel",7
Fentress,U.S. Senate,NA,Independent,"Ownby, David Jarrod",16
Fentress,U.S. Senate,NA,Independent,"Watson, Robert",33
Fentress,U.S. Senate,NA,Republican,"Frist, Bill",3684
Franklin,President,NA,,Write-In,0
Franklin,President,NA,Democratic,"Gore, Al",7828
Franklin,President,NA,Independent,"Brown, Cathy Gordon",21
Franklin,President,NA,Independent,"Browne, Harry",27
Franklin,President,NA,Independent,"Buchanan, Patrick J.",29
Franklin,President,NA,Independent,"Hagelin, John",9
Franklin,President,NA,Independent,"Nader, Ralph",190
Franklin,President,NA,Independent,"Phillips, Howard",25
Franklin,President,NA,Independent,"Venson, Randall",2
Franklin,President,NA,Republican,"Bush, George W.",6560
Franklin,State House,39,,Write-In,4
Franklin,State House,39,Democratic,"Fraley, George",9290
Franklin,State House,39,Independent,"Miller, John J.",3655
Franklin,State Senate,14,,Write-In,5
Franklin,State Senate,14,Democratic,"Cooper, Jerry W.",8569
Franklin,State Senate,14,Independent,"Stoltzfus, Ron",3905
Franklin,U.S. House,4,,Write-In,0
Franklin,U.S. House,4,Democratic,"Dunaway, David H.",5428
Franklin,U.S. House,4,Independent,"Lyons, J. Patrick",184
Franklin,U.S. House,4,Republican,"Hilleary, Van",7910
Franklin,U.S. Senate,NA,,Write-In,0
Franklin,U.S. Senate,NA,Democratic,"Clark, Jeff",5655
Franklin,U.S. Senate,NA,Independent,"Burrell, Tom",174
Franklin,U.S. Senate,NA,Independent,"Johnson, Charles F.",62
Franklin,U.S. Senate,NA,Independent,"Kinstle, Joel",18
Franklin,U.S. Senate,NA,Independent,"Ownby, David Jarrod",36
Franklin,U.S. Senate,NA,Independent,"Watson, Robert",46
Franklin,U.S. Senate,NA,Republican,"Frist, Bill",7670
Gibson,President,NA,,Write-In,0
Gibson,President,NA,Democratic,"Gore, Al",8663
Gibson,President,NA,Independent,"Brown, Cathy Gordon",12
Gibson,President,NA,Independent,"Browne, Harry",13
Gibson,President,NA,Independent,"Buchanan, Patrick J.",56
Gibson,President,NA,Independent,"Hagelin, John",4
Gibson,President,NA,Independent,"Nader, Ralph",101
Gibson,President,NA,Independent,"Phillips, Howard",2
Gibson,President,NA,Independent,"Venson, Randall",0
Gibson,President,NA,Republican,"Bush, George W.",8286
Gibson,State House,77,,Write-In,0
Gibson,State House,77,Democratic,"Pinion, Phillip",2000
Gibson,State House,79,,Write-In,0
Gibson,State House,79,Democratic,"Phelan, Paul E.",10348
Gibson,State House,79,Independent,"Carlton, Mark",2506
Gibson,U.S. House,8,,Write-In,0
Gibson,U.S. House,8,Democratic,"Tanner, John",13149
Gibson,U.S. House,8,Republican,"Yancy, Billy",3464
Gibson,U.S. Senate,NA,,Write-In,0
Gibson,U.S. Senate,NA,Democratic,"Clark, Jeff",5843
Gibson,U.S. Senate,NA,Independent,"Burrell, Tom",105
Gibson,U.S. Senate,NA,Independent,"Johnson, Charles F.",65
Gibson,U.S. Senate,NA,Independent,"Kinstle, Joel",27
Gibson,U.S. Senate,NA,Independent,"Ownby, David Jarrod",19
Gibson,U.S. Senate,NA,Independent,"Watson, Robert",69
Gibson,U.S. Senate,NA,Republican,"Frist, Bill",10021
Giles,President,NA,,Write-In,0
Giles,President,NA,Democratic,"Gore, Al",5527
Giles,President,NA,Independent,"Brown, Cathy Gordon",15
Giles,President,NA,Independent,"Browne, Harry",22
Giles,President,NA,Independent,"Buchanan, Patrick J.",37
Giles,President,NA,Independent,"Hagelin, John",3
Giles,President,NA,Independent,"Nader, Ralph",79
Giles,President,NA,Independent,"Phillips, Howard",5
Giles,President,NA,Independent,"Venson, Randall",1
Giles,President,NA,Republican,"Bush, George W.",4377
Giles,State House,65,,Write-In,0
Giles,State House,65,Democratic,"Fowlkes, Joe",7315
Giles,State Senate,14,,Write-In,0
Giles,State Senate,14,Democratic,"Cooper, Jerry W.",5900
Giles,State Senate,14,Independent,"Stoltzfus, Ron",2152
Giles,U.S. House,4,,Write-In,0
Giles,U.S. House,4,Democratic,"Dunaway, David H.",3700
Giles,U.S. House,4,Independent,"Lyons, J. Patrick",144
Giles,U.S. House,4,Republican,"Hilleary, Van",5334
Giles,U.S. Senate,NA,,Write-In,0
Giles,U.S. Senate,NA,Democratic,"Clark, Jeff",3663
Giles,U.S. Senate,NA,Independent,"Burrell, Tom",97
Giles,U.S. Senate,NA,Independent,"Johnson, Charles F.",77
Giles,U.S. Senate,NA,Independent,"Kinstle, Joel",23
Giles,U.S. Senate,NA,Independent,"Ownby, David Jarrod",12
Giles,U.S. Senate,NA,Independent,"Watson, Robert",84
Giles,U.S. Senate,NA,Republican,"Frist, Bill",5059
Grainger,President,NA,,Write-In,0
Grainger,President,NA,Democratic,"Gore, Al",2361
Grainger,President,NA,Independent,"Brown, Cathy Gordon",11
Grainger,President,NA,Independent,"Browne, Harry",8
Grainger,President,NA,Independent,"Buchanan, Patrick J.",15
Grainger,President,NA,Independent,"Hagelin, John",2
Grainger,President,NA,Independent,"Nader, Ralph",46
Grainger,President,NA,Independent,"Phillips, Howard",4
Grainger,President,NA,Independent,"Venson, Randall",1
Grainger,President,NA,Republican,"Bush, George W.",3746
Grainger,State House,35,,Write-In,0
Grainger,State House,35,Republican,"Roach, Dennis E.",4483
Grainger,State Senate,4,,Write-In,0
Grainger,State Senate,4,Republican,"Williams, Micheal R.",3928
Grainger,U.S. House,4,,Write-In,0
Grainger,U.S. House,4,Democratic,"Dunaway, David H.",1741
Grainger,U.S. House,4,Independent,"Lyons, J. Patrick",63
Grainger,U.S. House,4,Republican,"Hilleary, Van",4012
Grainger,U.S. Senate,NA,,Write-In,0
Grainger,U.S. Senate,NA,Democratic,"Clark, Jeff",1549
Grainger,U.S. Senate,NA,Independent,"Burrell, Tom",52
Grainger,U.S. Senate,NA,Independent,"Johnson, Charles F.",43
Grainger,U.S. Senate,NA,Independent,"Kinstle, Joel",9
Grainger,U.S. Senate,NA,Independent,"Ownby, David Jarrod",22
Grainger,U.S. Senate,NA,Independent,"Watson, Robert",30
Grainger,U.S. Senate,NA,Republican,"Frist, Bill",4019
Greene,President,NA,,Write-In,0
Greene,President,NA,Democratic,"Gore, Al",7909
Greene,President,NA,Independent,"Brown, Cathy Gordon",33
Greene,President,NA,Independent,"Browne, Harry",49
Greene,President,NA,Independent,"Buchanan, Patrick J.",52
Greene,President,NA,Independent,"Hagelin, John",16
Greene,President,NA,Independent,"Nader, Ralph",185
Greene,President,NA,Independent,"Phillips, Howard",24
Greene,President,NA,Independent,"Venson, Randall",8
Greene,President,NA,Republican,"Bush, George W.",12540
Greene,State House,11,,Write-In,0
Greene,State House,11,Independent,"Dier, Thomas",1899
Greene,State House,11,Independent,"Spriggs, Sr., Richard E.",105
Greene,State House,11,Republican,"Davis, Ronnie E.",4172
Greene,State House,5,,Write-In,5
Greene,State House,5,Republican,"Whitson, Jr., Zane C.",7561
Greene,U.S. House,1,,Write-In,4
Greene,U.S. House,1,Republican,"Jenkins, William L. (Bill)",14121
Greene,U.S. Senate,NA,,Write-In,2
Greene,U.S. Senate,NA,Democratic,"Clark, Jeff",4230
Greene,U.S. Senate,NA,Independent,"Burrell, Tom",168
Greene,U.S. Senate,NA,Independent,"Johnson, Charles F.",88
Greene,U.S. Senate,NA,Independent,"Kinstle, Joel",25
Greene,U.S. Senate,NA,Independent,"Ownby, David Jarrod",23
Greene,U.S. Senate,NA,Independent,"Watson, Robert",61
Greene,U.S. Senate,NA,Republican,"Frist, Bill",13867
Grundy,President,NA,,Write-In,7
Grundy,President,NA,Democratic,"Gore, Al",2970
Grundy,President,NA,Independent,"Brown, Cathy Gordon",3
Grundy,President,NA,Independent,"Browne, Harry",5
Grundy,President,NA,Independent,"Buchanan, Patrick J.",15
Grundy,President,NA,Independent,"Hagelin, John",2
Grundy,President,NA,Independent,"Nader, Ralph",37
Grundy,President,NA,Independent,"Phillips, Howard",3
Grundy,President,NA,Independent,"Venson, Randall",1
Grundy,President,NA,Republican,"Bush, George W.",1553
Grundy,State House,37,,Write-In,1
Grundy,State House,37,Democratic,"Rhinehart, Shelby A.",714
Grundy,State House,37,Republican,"Swafford, Mark",286
Grundy,State House,47,,Write-In,5
Grundy,State House,47,Democratic,"Lewis, Jr., Doyle (Butch)",2567
Grundy,State House,47,Independent,"Whitman, Brian",83
Grundy,State House,47,Republican,"Welborn, David E.",613
Grundy,State Senate,14,,Write-In,5
Grundy,State Senate,14,Democratic,"Cooper, Jerry W.",3168
Grundy,State Senate,14,Independent,"Stoltzfus, Ron",790
Grundy,U.S. House,3,,Write-In,0
Grundy,U.S. House,3,Democratic,"Callaway, William L.",2407
Grundy,U.S. House,3,Independent,"Austin, Trudy",43
Grundy,U.S. House,3,Republican,"Wamp, Zach",1933
Grundy,U.S. Senate,NA,,Write-In,2
Grundy,U.S. Senate,NA,Democratic,"Clark, Jeff",2275
Grundy,U.S. Senate,NA,Independent,"Burrell, Tom",30
Grundy,U.S. Senate,NA,Independent,"Johnson, Charles F.",11
Grundy,U.S. Senate,NA,Independent,"Kinstle, Joel",4
Grundy,U.S. Senate,NA,Independent,"Ownby, David Jarrod",7
Grundy,U.S. Senate,NA,Independent,"Watson, Robert",11
Grundy,U.S. Senate,NA,Republican,"Frist, Bill",2008
Hamblen,President,NA,,Write-In,0
Hamblen,President,NA,Democratic,"Gore, Al",7564
Hamblen,President,NA,Independent,"Brown, Cathy Gordon",14
Hamblen,President,NA,Independent,"Browne, Harry",48
Hamblen,President,NA,Independent,"Buchanan, Patrick J.",53
Hamblen,President,NA,Independent,"Hagelin, John",3
Hamblen,President,NA,Independent,"Nader, Ralph",181
Hamblen,President,NA,Independent,"Phillips, Howard",6
Hamblen,President,NA,Independent,"Venson, Randall",6
Hamblen,President,NA,Republican,"Bush, George W.",11824
Hamblen,State House,10,,Write-In,0
Hamblen,State House,10,Democratic,"Ridley, Jr., Hickman S.",3668
Hamblen,State House,10,Independent,"Winkles, Ronald C.",4327
Hamblen,State House,10,Republican,"Ford, Stancil",11043
Hamblen,U.S. House,4,,Write-In,0
Hamblen,U.S. House,4,Democratic,"Dunaway, David H.",5085
Hamblen,U.S. House,4,Independent,"Lyons, J. Patrick",275
Hamblen,U.S. House,4,Republican,"Hilleary, Van",13602
Hamblen,U.S. Senate,NA,,Write-In,0
Hamblen,U.S. Senate,NA,Democratic,"Clark, Jeff",4750
Hamblen,U.S. Senate,NA,Independent,"Burrell, Tom",171
Hamblen,U.S. Senate,NA,Independent,"Johnson, Charles F.",133
Hamblen,U.S. Senate,NA,Independent,"Kinstle, Joel",39
Hamblen,U.S. Senate,NA,Independent,"Ownby, David Jarrod",47
Hamblen,U.S. Senate,NA,Independent,"Watson, Robert",60
Hamblen,U.S. Senate,NA,Republican,"Frist, Bill",13727
Hamilton,President,NA,,Write-In,58
Hamilton,President,NA,Democratic,"Gore, Al",51708
Hamilton,President,NA,Independent,"Brown, Cathy Gordon",57
Hamilton,President,NA,Independent,"Browne, Harry",306
Hamilton,President,NA,Independent,"Buchanan, Patrick J.",265
Hamilton,President,NA,Independent,"Hagelin, John",34
Hamilton,President,NA,Independent,"Nader, Ralph",1290
Hamilton,President,NA,Independent,"Phillips, Howard",44
Hamilton,President,NA,Independent,"Venson, Randall",12
Hamilton,President,NA,Republican,"Bush, George W.",66605
Hamilton,State House,26,,Write-In,584
Hamilton,State House,26,Republican,"Wood, Bobby",18295
Hamilton,State House,27,,Write-In,69
Hamilton,State House,27,Democratic,"James, Stuart F.",7701
Hamilton,State House,27,Republican,"Clem, Christopher",12908
Hamilton,State House,28,,Write-In,309
Hamilton,State House,28,Democratic,"Brown, Tommie F.",11739
Hamilton,State House,29,,Write-In,32
Hamilton,State House,29,Democratic,"Turner, Brenda K.",10519
Hamilton,State House,29,Republican,"Horne, Johnny W.",4542
Hamilton,State House,30,,Write-In,455
Hamilton,State House,30,Republican,"Sharp, Jack",17968
Hamilton,State House,31,,Write-In,37
Hamilton,State House,31,Democratic,"Stulce, Arnold",9823
Hamilton,State House,31,Republican,"Vincent, James E.",11644
Hamilton,State Senate,10,,Write-In,42
Hamilton,State Senate,10,Democratic,"Crutchfield, Ward",29916
Hamilton,State Senate,10,Independent,"Marceaux, Basil",667
Hamilton,State Senate,10,Republican,"Meyer, Kenneth J.",17327
Hamilton,U.S. House,3,,Write-In,78
Hamilton,U.S. House,3,Democratic,"Callaway, William L.",41256
Hamilton,U.S. House,3,Independent,"Austin, Trudy",1484
Hamilton,U.S. House,3,Republican,"Wamp, Zach",75401
Hamilton,U.S. Senate,NA,,Write-In,83
Hamilton,U.S. Senate,NA,Democratic,"Clark, Jeff",36733
Hamilton,U.S. Senate,NA,Independent,"Burrell, Tom",1705
Hamilton,U.S. Senate,NA,Independent,"Johnson, Charles F.",157
Hamilton,U.S. Senate,NA,Independent,"Kinstle, Joel",97
Hamilton,U.S. Senate,NA,Independent,"Ownby, David Jarrod",117
Hamilton,U.S. Senate,NA,Independent,"Watson, Robert",166
Hamilton,U.S. Senate,NA,Republican,"Frist, Bill",78652
Hancock,President,NA,,Write-In,0
Hancock,President,NA,Democratic,"Gore, Al",690
Hancock,President,NA,Independent,"Brown, Cathy Gordon",0
Hancock,President,NA,Independent,"Browne, Harry",12
Hancock,President,NA,Independent,"Buchanan, Patrick J.",11
Hancock,President,NA,Independent,"Hagelin, John",1
Hancock,President,NA,Independent,"Nader, Ralph",17
Hancock,President,NA,Independent,"Phillips, Howard",1
Hancock,President,NA,Independent,"Venson, Randall",0
Hancock,President,NA,Republican,"Bush, George W.",1343
Hancock,State House,9,,Write-In,0
Hancock,State House,9,Democratic,"Givens, Larry K.",1235
Hancock,State House,9,Republican,"Hower, Chad Z.",626
Hancock,State Senate,4,,Write-In,0
Hancock,State Senate,4,Republican,"Williams, Micheal R.",979
Hancock,U.S. House,1,,Write-In,0
Hancock,U.S. House,1,Republican,"Jenkins, William L. (Bill)",1351
Hancock,U.S. Senate,NA,,Write-In,0
Hancock,U.S. Senate,NA,Democratic,"Clark, Jeff",352
Hancock,U.S. Senate,NA,Independent,"Burrell, Tom",27
Hancock,U.S. Senate,NA,Independent,"Johnson, Charles F.",12
Hancock,U.S. Senate,NA,Independent,"Kinstle, Joel",4
Hancock,U.S. Senate,NA,Independent,"Ownby, David Jarrod",1
Hancock,U.S. Senate,NA,Independent,"Watson, Robert",9
Hancock,U.S. Senate,NA,Republican,"Frist, Bill",1320
Hardeman,President,NA,,Write-In,1
Hardeman,President,NA,Democratic,"Gore, Al",4953
Hardeman,President,NA,Independent,"Brown, Cathy Gordon",18
Hardeman,President,NA,Independent,"Browne, Harry",14
Hardeman,President,NA,Independent,"Buchanan, Patrick J.",30
Hardeman,President,NA,Independent,"Hagelin, John",7
Hardeman,President,NA,Independent,"Nader, Ralph",38
Hardeman,President,NA,Independent,"Phillips, Howard",9
Hardeman,President,NA,Independent,"Venson, Randall",4
Hardeman,President,NA,Republican,"Bush, George W.",3729
Hardeman,State House,72,,Write-In,0
Hardeman,State House,72,Republican,"McDaniel, Steve",2120
Hardeman,State House,80,,Write-In,0
Hardeman,State House,80,Democratic,"Shaw, Johnny W.",2891
Hardeman,State House,80,Independent,"Godwin, Shelia L.",199
Hardeman,State Senate,26,,Write-In,0
Hardeman,State Senate,26,Democratic,"Wilder, Sr., John S.",5054
Hardeman,State Senate,26,Republican,"Shutt, Bob",2730
Hardeman,U.S. House,7,,Write-In,0
Hardeman,U.S. House,7,Democratic,"Sims, Richard P.",2604
Hardeman,U.S. House,7,Independent,"Solee, Denis",71
Hardeman,U.S. House,7,Republican,"Bryant, Ed",3958
Hardeman,U.S. Senate,NA,,Write-In,0
Hardeman,U.S. Senate,NA,Democratic,"Clark, Jeff",2760
Hardeman,U.S. Senate,NA,Independent,"Burrell, Tom",44
Hardeman,U.S. Senate,NA,Independent,"Johnson, Charles F.",171
Hardeman,U.S. Senate,NA,Independent,"Kinstle, Joel",13
Hardeman,U.S. Senate,NA,Independent,"Ownby, David Jarrod",10
Hardeman,U.S. Senate,NA,Independent,"Watson, Robert",34
Hardeman,U.S. Senate,NA,Republican,"Frist, Bill",4076
Hardin,President,NA,,Write-In,16
Hardin,President,NA,Democratic,"Gore, Al",3735
Hardin,President,NA,Independent,"Brown, Cathy Gordon",8
Hardin,President,NA,Independent,"Browne, Harry",4
Hardin,President,NA,Independent,"Buchanan, Patrick J.",14
Hardin,President,NA,Independent,"Hagelin, John",2
Hardin,President,NA,Independent,"Nader, Ralph",49
Hardin,President,NA,Independent,"Phillips, Howard",0
Hardin,President,NA,Independent,"Venson, Randall",3
Hardin,President,NA,Republican,"Bush, George W.",4951
Hardin,State House,71,,Write-In,123
Hardin,State House,71,Democratic,"Rinks, Randy (Bear)",6316
Hardin,State Senate,26,,Write-In,12
Hardin,State Senate,26,Democratic,"Wilder, Sr., John S.",3391
Hardin,State Senate,26,Republican,"Shutt, Bob",5347
Hardin,U.S. House,4,,Write-In,4
Hardin,U.S. House,4,Democratic,"Dunaway, David H.",2373
Hardin,U.S. House,4,Independent,"Lyons, J. Patrick",69
Hardin,U.S. House,4,Republican,"Hilleary, Van",5529
Hardin,U.S. Senate,NA,,Write-In,4
Hardin,U.S. Senate,NA,Democratic,"Clark, Jeff",2374
Hardin,U.S. Senate,NA,Independent,"Burrell, Tom",42
Hardin,U.S. Senate,NA,Independent,"Johnson, Charles F.",27
Hardin,U.S. Senate,NA,Independent,"Kinstle, Joel",7
Hardin,U.S. Senate,NA,Independent,"Ownby, David Jarrod",4
Hardin,U.S. Senate,NA,Independent,"Watson, Robert",18
Hardin,U.S. Senate,NA,Republican,"Frist, Bill",5561
Hawkins,President,NA,,Write-In,4
Hawkins,President,NA,Democratic,"Gore, Al",6753
Hawkins,President,NA,Independent,"Brown, Cathy Gordon",18
Hawkins,President,NA,Independent,"Browne, Harry",40
Hawkins,President,NA,Independent,"Buchanan, Patrick J.",47
Hawkins,President,NA,Independent,"Hagelin, John",2
Hawkins,President,NA,Independent,"Nader, Ralph",147
Hawkins,President,NA,Independent,"Phillips, Howard",9
Hawkins,President,NA,Independent,"Venson, Randall",7
Hawkins,President,NA,Republican,"Bush, George W.",10071
Hawkins,State House,9,,Write-In,2
Hawkins,State House,9,Democratic,"Givens, Larry K.",9378
Hawkins,State House,9,Republican,"Hower, Chad Z.",6793
Hawkins,State Senate,4,,Write-In,3
Hawkins,State Senate,4,Republican,"Williams, Micheal R.",9807
Hawkins,U.S. House,1,,Write-In,4
Hawkins,U.S. House,1,Republican,"Jenkins, William L. (Bill)",13591
Hawkins,U.S. Senate,NA,,Write-In,2
Hawkins,U.S. Senate,NA,Democratic,"Clark, Jeff",4226
Hawkins,U.S. Senate,NA,Independent,"Burrell, Tom",163
Hawkins,U.S. Senate,NA,Independent,"Johnson, Charles F.",99
Hawkins,U.S. Senate,NA,Independent,"Kinstle, Joel",38
Hawkins,U.S. Senate,NA,Independent,"Ownby, David Jarrod",22
Hawkins,U.S. Senate,NA,Independent,"Watson, Robert",62
Hawkins,U.S. Senate,NA,Republican,"Frist, Bill",11203
Haywood,President,NA,,Write-In,0
Haywood,President,NA,Democratic,"Gore, Al",3887
Haywood,President,NA,Independent,"Brown, Cathy Gordon",3
Haywood,President,NA,Independent,"Browne, Harry",2
Haywood,President,NA,Independent,"Buchanan, Patrick J.",7
Haywood,President,NA,Independent,"Hagelin, John",2
Haywood,President,NA,Independent,"Nader, Ralph",20
Haywood,President,NA,Independent,"Phillips, Howard",2
Haywood,President,NA,Independent,"Venson, Randall",1
Haywood,President,NA,Republican,"Bush, George W.",2554
Haywood,State House,80,,Write-In,0
Haywood,State House,80,Democratic,"Shaw, Johnny W.",2299
Haywood,State House,80,Independent,"Godwin, Shelia L.",419
Haywood,State House,82,,Write-In,0
Haywood,State House,82,Democratic,"Fitzhugh, Craig",2195
Haywood,State Senate,26,,Write-In,0
Haywood,State Senate,26,Democratic,"Wilder, Sr., John S.",4324
Haywood,State Senate,26,Republican,"Shutt, Bob",1975
Haywood,U.S. House,8,,Write-In,0
Haywood,U.S. House,8,Democratic,"Tanner, John",4976
Haywood,U.S. House,8,Republican,"Yancy, Billy",1160
Haywood,U.S. Senate,NA,,Write-In,0
Haywood,U.S. Senate,NA,Democratic,"Clark, Jeff",2792
Haywood,U.S. Senate,NA,Independent,"Burrell, Tom",30
Haywood,U.S. Senate,NA,Independent,"Johnson, Charles F.",22
Haywood,U.S. Senate,NA,Independent,"Kinstle, Joel",9
Haywood,U.S. Senate,NA,Independent,"Ownby, David Jarrod",3
Haywood,U.S. Senate,NA,Independent,"Watson, Robert",11
Haywood,U.S. Senate,NA,Republican,"Frist, Bill",3063
Henderson,President,NA,,Write-In,0
Henderson,President,NA,Democratic,"Gore, Al",3166
Henderson,President,NA,Independent,"Brown, Cathy Gordon",6
Henderson,President,NA,Independent,"Browne, Harry",6
Henderson,President,NA,Independent,"Buchanan, Patrick J.",20
Henderson,President,NA,Independent,"Hagelin, John",2
Henderson,President,NA,Independent,"Nader, Ralph",46
Henderson,President,NA,Independent,"Phillips, Howard",0
Henderson,President,NA,Independent,"Venson, Randall",0
Henderson,President,NA,Republican,"Bush, George W.",5153
Henderson,State House,72,,Write-In,0
Henderson,State House,72,Republican,"McDaniel, Steve",6744
Henderson,State Senate,25,,Write-In,0
Henderson,State Senate,25,Democratic,"Jackson, Doug",2665
Henderson,State Senate,25,Republican,"Butler, Bonnie R.",4994
Henderson,U.S. House,7,,Write-In,0
Henderson,U.S. House,7,Democratic,"Sims, Richard P.",1801
Henderson,U.S. House,7,Independent,"Solee, Denis",82
Henderson,U.S. House,7,Republican,"Bryant, Ed",5566
Henderson,U.S. Senate,NA,,Write-In,0
Henderson,U.S. Senate,NA,Democratic,"Clark, Jeff",1771
Henderson,U.S. Senate,NA,Independent,"Burrell, Tom",78
Henderson,U.S. Senate,NA,Independent,"Johnson, Charles F.",39
Henderson,U.S. Senate,NA,Independent,"Kinstle, Joel",9
Henderson,U.S. Senate,NA,Independent,"Ownby, David Jarrod",6
Henderson,U.S. Senate,NA,Independent,"Watson, Robert",29
Henderson,U.S. Senate,NA,Republican,"Frist, Bill",5757
Henry,President,NA,,Write-In,41
Henry,President,NA,Democratic,"Gore, Al",6093
Henry,President,NA,Independent,"Brown, Cathy Gordon",14
Henry,President,NA,Independent,"Browne, Harry",22
Henry,President,NA,Independent,"Buchanan, Patrick J.",55
Henry,President,NA,Independent,"Hagelin, John",3
Henry,President,NA,Independent,"Nader, Ralph",125
Henry,President,NA,Independent,"Phillips, Howard",11
Henry,President,NA,Independent,"Venson, Randall",1
Henry,President,NA,Republican,"Bush, George W.",5944
Henry,State House,75,,Write-In,120
Henry,State House,75,Democratic,"Ridgeway, Don",9419
Henry,State Senate,24,,Write-In,125
Henry,State Senate,24,Democratic,"Herron, Roy",8395
Henry,U.S. House,8,,Write-In,12
Henry,U.S. House,8,Democratic,"Tanner, John",8874
Henry,U.S. House,8,Republican,"Yancy, Billy",2585
Henry,U.S. Senate,NA,,Write-In,9
Henry,U.S. Senate,NA,Democratic,"Clark, Jeff",4386
Henry,U.S. Senate,NA,Independent,"Burrell, Tom",94
Henry,U.S. Senate,NA,Independent,"Johnson, Charles F.",40
Henry,U.S. Senate,NA,Independent,"Kinstle, Joel",13
Henry,U.S. Senate,NA,Independent,"Ownby, David Jarrod",15
Henry,U.S. Senate,NA,Independent,"Watson, Robert",40
Henry,U.S. Senate,NA,Republican,"Frist, Bill",6669
Hickman,President,NA,,Write-In,11
Hickman,President,NA,Democratic,"Gore, Al",4239
Hickman,President,NA,Independent,"Brown, Cathy Gordon",3
Hickman,President,NA,Independent,"Browne, Harry",11
Hickman,President,NA,Independent,"Buchanan, Patrick J.",20
Hickman,President,NA,Independent,"Hagelin, John",1
Hickman,President,NA,Independent,"Nader, Ralph",58
Hickman,President,NA,Independent,"Phillips, Howard",3
Hickman,President,NA,Independent,"Venson, Randall",4
Hickman,President,NA,Republican,"Bush, George W.",2914
Hickman,State House,69,,Write-In,8
Hickman,State House,69,Democratic,"Shepard, David",4831
Hickman,State House,69,Republican,"Tidwell, Danny",2133
Hickman,State Senate,25,,Write-In,10
Hickman,State Senate,25,Democratic,"Jackson, Doug",5014
Hickman,State Senate,25,Republican,"Butler, Bonnie R.",2127
Hickman,U.S. House,7,,Write-In,6
Hickman,U.S. House,7,Democratic,"Sims, Richard P.",3085
Hickman,U.S. House,7,Independent,"Solee, Denis",70
Hickman,U.S. House,7,Republican,"Bryant, Ed",3420
Hickman,U.S. Senate,NA,,Write-In,2
Hickman,U.S. Senate,NA,Democratic,"Clark, Jeff",2920
Hickman,U.S. Senate,NA,Independent,"Burrell, Tom",59
Hickman,U.S. Senate,NA,Independent,"Johnson, Charles F.",17
Hickman,U.S. Senate,NA,Independent,"Kinstle, Joel",9
Hickman,U.S. Senate,NA,Independent,"Ownby, David Jarrod",13
Hickman,U.S. Senate,NA,Independent,"Watson, Robert",18
Hickman,U.S. Senate,NA,Republican,"Frist, Bill",3772
Houston,President,NA,,Write-In,0
Houston,President,NA,Democratic,"Gore, Al",2081
Houston,President,NA,Independent,"Brown, Cathy Gordon",12
Houston,President,NA,Independent,"Browne, Harry",9
Houston,President,NA,Independent,"Buchanan, Patrick J.",11
Houston,President,NA,Independent,"Hagelin, John",2
Houston,President,NA,Independent,"Nader, Ralph",16
Houston,President,NA,Independent,"Phillips, Howard",2
Houston,President,NA,Independent,"Venson, Randall",1
Houston,President,NA,Republican,"Bush, George W.",993
Houston,State House,75,,Write-In,0
Houston,State House,75,Democratic,"Ridgeway, Don",1905
Houston,State Senate,22,,Write-In,0
Houston,State Senate,22,Democratic,"Kurita, Rosalind",2235
Houston,State Senate,22,Republican,"Redd, Wallace M.",693
Houston,U.S. House,8,,Write-In,0
Houston,U.S. House,8,Democratic,"Tanner, John",1992
Houston,U.S. House,8,Republican,"Yancy, Billy",525
Houston,U.S. Senate,NA,,Write-In,0
Houston,U.S. Senate,NA,Democratic,"Clark, Jeff",1512
Houston,U.S. Senate,NA,Independent,"Burrell, Tom",5
Houston,U.S. Senate,NA,Independent,"Johnson, Charles F.",1
Houston,U.S. Senate,NA,Independent,"Kinstle, Joel",0
Houston,U.S. Senate,NA,Independent,"Ownby, David Jarrod",0
Houston,U.S. Senate,NA,Independent,"Watson, Robert",5
Houston,U.S. Senate,NA,Republican,"Frist, Bill",1168
Humphreys,President,NA,,Write-In,1
Humphreys,President,NA,Democratic,"Gore, Al",4205
Humphreys,President,NA,Independent,"Brown, Cathy Gordon",1
Humphreys,President,NA,Independent,"Browne, Harry",10
Humphreys,President,NA,Independent,"Buchanan, Patrick J.",10
Humphreys,President,NA,Independent,"Hagelin, John",1
Humphreys,President,NA,Independent,"Nader, Ralph",65
Humphreys,President,NA,Independent,"Phillips, Howard",1
Humphreys,President,NA,Independent,"Venson, Randall",0
Humphreys,President,NA,Republican,"Bush, George W.",2387
Humphreys,State House,74,,Write-In,2
Humphreys,State House,74,Democratic,"Tidwell, John C.",5500
Humphreys,State Senate,25,,Write-In,0
Humphreys,State Senate,25,Democratic,"Jackson, Doug",4452
Humphreys,State Senate,25,Republican,"Butler, Bonnie R.",2069
Humphreys,U.S. House,8,,Write-In,0
Humphreys,U.S. House,8,Democratic,"Tanner, John",4836
Humphreys,U.S. House,8,Republican,"Yancy, Billy",1419
Humphreys,U.S. Senate,NA,,Write-In,0
Humphreys,U.S. Senate,NA,Democratic,"Clark, Jeff",3225
Humphreys,U.S. Senate,NA,Independent,"Burrell, Tom",67
Humphreys,U.S. Senate,NA,Independent,"Johnson, Charles F.",21
Humphreys,U.S. Senate,NA,Independent,"Kinstle, Joel",7
Humphreys,U.S. Senate,NA,Independent,"Ownby, David Jarrod",5
Humphreys,U.S. Senate,NA,Independent,"Watson, Robert",22
Humphreys,U.S. Senate,NA,Republican,"Frist, Bill",2997
Jackson,President,NA,,Write-In,0
Jackson,President,NA,Democratic,"Gore, Al",3304
Jackson,President,NA,Independent,"Brown, Cathy Gordon",5
Jackson,President,NA,Independent,"Browne, Harry",10
Jackson,President,NA,Independent,"Buchanan, Patrick J.",10
Jackson,President,NA,Independent,"Hagelin, John",2
Jackson,President,NA,Independent,"Nader, Ralph",36
Jackson,President,NA,Independent,"Phillips, Howard",2
Jackson,President,NA,Independent,"Venson, Randall",1
Jackson,President,NA,Republican,"Bush, George W.",1384
Jackson,State House,38,,Write-In,1
Jackson,State House,38,Democratic,"Winningham, Leslie",3122
Jackson,U.S. House,6,,Write-In,0
Jackson,U.S. House,6,Democratic,"Gordon, Bart",3570
Jackson,U.S. House,6,Independent,"Coffer, Jim",49
Jackson,U.S. House,6,Republican,"Charles, David",695
Jackson,U.S. Senate,NA,,Write-In,0
Jackson,U.S. Senate,NA,Democratic,"Clark, Jeff",2038
Jackson,U.S. Senate,NA,Independent,"Burrell, Tom",47
Jackson,U.S. Senate,NA,Independent,"Johnson, Charles F.",13
Jackson,U.S. Senate,NA,Independent,"Kinstle, Joel",8
Jackson,U.S. Senate,NA,Independent,"Ownby, David Jarrod",1
Jackson,U.S. Senate,NA,Independent,"Watson, Robert",6
Jackson,U.S. Senate,NA,Republican,"Frist, Bill",1585
Jefferson,President,NA,,Write-In,1
Jefferson,President,NA,Democratic,"Gore, Al",5226
Jefferson,President,NA,Independent,"Brown, Cathy Gordon",8
Jefferson,President,NA,Independent,"Browne, Harry",22
Jefferson,President,NA,Independent,"Buchanan, Patrick J.",38
Jefferson,President,NA,Independent,"Hagelin, John",2
Jefferson,President,NA,Independent,"Nader, Ralph",121
Jefferson,President,NA,Independent,"Phillips, Howard",10
Jefferson,President,NA,Independent,"Venson, Randall",2
Jefferson,President,NA,Republican,"Bush, George W.",8657
Jefferson,State House,35,,Write-In,0
Jefferson,State House,35,Republican,"Roach, Dennis E.",9893
Jefferson,State Senate,4,,Write-In,0
Jefferson,State Senate,4,Republican,"Williams, Micheal R.",8266
Jefferson,U.S. House,1,,Write-In,1
Jefferson,U.S. House,1,Republican,"Jenkins, William L. (Bill)",9728
Jefferson,U.S. Senate,NA,,Write-In,0
Jefferson,U.S. Senate,NA,Democratic,"Clark, Jeff",3068
Jefferson,U.S. Senate,NA,Independent,"Burrell, Tom",140
Jefferson,U.S. Senate,NA,Independent,"Johnson, Charles F.",74
Jefferson,U.S. Senate,NA,Independent,"Kinstle, Joel",17
Jefferson,U.S. Senate,NA,Independent,"Ownby, David Jarrod",59
Jefferson,U.S. Senate,NA,Independent,"Watson, Robert",53
Jefferson,U.S. Senate,NA,Republican,"Frist, Bill",9788
Johnson,President,NA,,Write-In,0
Johnson,President,NA,Democratic,"Gore, Al",1813
Johnson,President,NA,Independent,"Brown, Cathy Gordon",12
Johnson,President,NA,Independent,"Browne, Harry",13
Johnson,President,NA,Independent,"Buchanan, Patrick J.",12
Johnson,President,NA,Independent,"Hagelin, John",6
Johnson,President,NA,Independent,"Nader, Ralph",54
Johnson,President,NA,Independent,"Phillips, Howard",7
Johnson,President,NA,Independent,"Venson, Randall",0
Johnson,President,NA,Republican,"Bush, George W.",3740
Johnson,State House,3,,Write-In,0
Johnson,State House,3,Independent,"Cuthill, Thomas",412
Johnson,State House,3,Independent,"Pike, Dale",179
Johnson,State House,3,Republican,"Mumpower, Jason E.",4374
Johnson,U.S. House,1,,Write-In,1
Johnson,U.S. House,1,Republican,"Jenkins, William L. (Bill)",4123
Johnson,U.S. Senate,NA,,Write-In,0
Johnson,U.S. Senate,NA,Democratic,"Clark, Jeff",1059
Johnson,U.S. Senate,NA,Independent,"Burrell, Tom",63
Johnson,U.S. Senate,NA,Independent,"Johnson, Charles F.",45
Johnson,U.S. Senate,NA,Independent,"Kinstle, Joel",18
Johnson,U.S. Senate,NA,Independent,"Ownby, David Jarrod",6
Johnson,U.S. Senate,NA,Independent,"Watson, Robert",35
Johnson,U.S. Senate,NA,Republican,"Frist, Bill",4014
Knox,President,NA,,Write-In,8
Knox,President,NA,Democratic,"Gore, Al",60969
Knox,President,NA,Independent,"Brown, Cathy Gordon",79
Knox,President,NA,Independent,"Browne, Harry",501
Knox,President,NA,Independent,"Buchanan, Patrick J.",306
Knox,President,NA,Independent,"Hagelin, John",46
Knox,President,NA,Independent,"Nader, Ralph",1772
Knox,President,NA,Independent,"Phillips, Howard",43
Knox,President,NA,Independent,"Venson, Randall",11
Knox,President,NA,Republican,"Bush, George W.",86851
Knox,State House,13,,Write-In,0
Knox,State House,13,Democratic,"Tindell, Harry",7635
Knox,State House,13,Independent,"Meyer, Charles B.",623
Knox,State House,13,Republican,"Willis, David N.",4287
Knox,State House,14,,Write-In,6
Knox,State House,14,Republican,"Bittle, H.E.",25756
Knox,State House,15,,Write-In,2
Knox,State House,15,Democratic,"Armstrong, Joe",8637
Knox,State House,16,,Write-In,0
Knox,State House,16,Democratic,"Warwick, William O.",6971
Knox,State House,16,Republican,"Dunn, Bill",17289
Knox,State House,17,,Write-In,5
Knox,State House,17,Republican,"Hagood, Jamie",17493
Knox,State House,18,,Write-In,3
Knox,State House,18,Republican,"Buttry, Steven",17845
Knox,State House,19,,Write-In,1
Knox,State House,19,Republican,"Boyer, Jim",14962
Knox,State Senate,6,,Write-In,4
Knox,State Senate,6,Independent,"Boswell, II, Wade H.",6508
Knox,State Senate,6,Republican,"Atchley, Ben",51088
Knox,U.S. House,1,,Write-In,0
Knox,U.S. House,1,Republican,"Jenkins, William L. (Bill)",842
Knox,U.S. House,2,,Write-In,8
Knox,U.S. House,2,Independent,"Rowland, Kevin J.",12413
Knox,U.S. House,2,Republican,"Duncan, Jr., John J.",108804
Knox,U.S. House,4,,Write-In,0
Knox,U.S. House,4,Democratic,"Dunaway, David H.",1261
Knox,U.S. House,4,Independent,"Lyons, J. Patrick",73
Knox,U.S. House,4,Republican,"Hilleary, Van",4064
Knox,U.S. Senate,NA,,Write-In,7
Knox,U.S. Senate,NA,Democratic,"Clark, Jeff",35185
Knox,U.S. Senate,NA,Independent,"Burrell, Tom",2680
Knox,U.S. Senate,NA,Independent,"Johnson, Charles F.",378
Knox,U.S. Senate,NA,Independent,"Kinstle, Joel",220
Knox,U.S. Senate,NA,Independent,"Ownby, David Jarrod",363
Knox,U.S. Senate,NA,Independent,"Watson, Robert",451
Knox,U.S. Senate,NA,Republican,"Frist, Bill",101551
Lake,President,NA,,Write-In,0
Lake,President,NA,Democratic,"Gore, Al",1419
Lake,President,NA,Independent,"Brown, Cathy Gordon",0
Lake,President,NA,Independent,"Browne, Harry",4
Lake,President,NA,Independent,"Buchanan, Patrick J.",6
Lake,President,NA,Independent,"Hagelin, John",0
Lake,President,NA,Independent,"Nader, Ralph",11
Lake,President,NA,Independent,"Phillips, Howard",1
Lake,President,NA,Independent,"Venson, Randall",2
Lake,President,NA,Republican,"Bush, George W.",781
Lake,State House,77,,Write-In,0
Lake,State House,77,Democratic,"Pinion, Phillip",1472
Lake,State Senate,24,,Write-In,0
Lake,State Senate,24,Democratic,"Herron, Roy",1185
Lake,U.S. House,8,,Write-In,0
Lake,U.S. House,8,Democratic,"Tanner, John",1716
Lake,U.S. House,8,Republican,"Yancy, Billy",202
Lake,U.S. Senate,NA,,Write-In,0
Lake,U.S. Senate,NA,Democratic,"Clark, Jeff",682
Lake,U.S. Senate,NA,Independent,"Burrell, Tom",6
Lake,U.S. Senate,NA,Independent,"Johnson, Charles F.",3
Lake,U.S. Senate,NA,Independent,"Kinstle, Joel",5
Lake,U.S. Senate,NA,Independent,"Ownby, David Jarrod",2
Lake,U.S. Senate,NA,Independent,"Watson, Robert",5
Lake,U.S. Senate,NA,Republican,"Frist, Bill",738
Lauderdale,President,NA,,Write-In,0
Lauderdale,President,NA,Democratic,"Gore, Al",4224
Lauderdale,President,NA,Independent,"Brown, Cathy Gordon",7
Lauderdale,President,NA,Independent,"Browne, Harry",3
Lauderdale,President,NA,Independent,"Buchanan, Patrick J.",21
Lauderdale,President,NA,Independent,"Hagelin, John",2
Lauderdale,President,NA,Independent,"Nader, Ralph",27
Lauderdale,President,NA,Independent,"Phillips, Howard",3
Lauderdale,President,NA,Independent,"Venson, Randall",2
Lauderdale,President,NA,Republican,"Bush, George W.",3329
Lauderdale,State House,82,,Write-In,0
Lauderdale,State House,82,Democratic,"Fitzhugh, Craig",5986
Lauderdale,State Senate,32,,Write-In,0
Lauderdale,State Senate,32,Republican,"Norris, Mark",3314
Lauderdale,U.S. House,8,,Write-In,0
Lauderdale,U.S. House,8,Democratic,"Tanner, John",5558
Lauderdale,U.S. House,8,Republican,"Yancy, Billy",1686
Lauderdale,U.S. Senate,NA,,Write-In,0
Lauderdale,U.S. Senate,NA,Democratic,"Clark, Jeff",3006
Lauderdale,U.S. Senate,NA,Independent,"Burrell, Tom",40
Lauderdale,U.S. Senate,NA,Independent,"Johnson, Charles F.",21
Lauderdale,U.S. Senate,NA,Independent,"Kinstle, Joel",5
Lauderdale,U.S. Senate,NA,Independent,"Ownby, David Jarrod",5
Lauderdale,U.S. Senate,NA,Independent,"Watson, Robert",16
Lauderdale,U.S. Senate,NA,Republican,"Frist, Bill",4031
Lawrence,President,NA,,Write-In,0
Lawrence,President,NA,Democratic,"Gore, Al",6643
Lawrence,President,NA,Independent,"Brown, Cathy Gordon",21
Lawrence,President,NA,Independent,"Browne, Harry",19
Lawrence,President,NA,Independent,"Buchanan, Patrick J.",48
Lawrence,President,NA,Independent,"Hagelin, John",14
Lawrence,President,NA,Independent,"Nader, Ralph",98
Lawrence,President,NA,Independent,"Phillips, Howard",14
Lawrence,President,NA,Independent,"Venson, Randall",0
Lawrence,President,NA,Republican,"Bush, George W.",7613
Lawrence,State House,70,,Write-In,0
Lawrence,State House,70,Democratic,"White, John M.",7885
Lawrence,State House,70,Republican,"Coble, Scott C.",5543
Lawrence,State Senate,25,,Write-In,0
Lawrence,State Senate,25,Democratic,"Jackson, Doug",6191
Lawrence,State Senate,25,Republican,"Butler, Bonnie R.",6712
Lawrence,U.S. House,4,,Write-In,0
Lawrence,U.S. House,4,Democratic,"Dunaway, David H.",4470
Lawrence,U.S. House,4,Independent,"Lyons, J. Patrick",82
Lawrence,U.S. House,4,Republican,"Hilleary, Van",8553
Lawrence,U.S. Senate,NA,,Write-In,0
Lawrence,U.S. Senate,NA,Democratic,"Clark, Jeff",4618
Lawrence,U.S. Senate,NA,Independent,"Burrell, Tom",65
Lawrence,U.S. Senate,NA,Independent,"Johnson, Charles F.",30
Lawrence,U.S. Senate,NA,Independent,"Kinstle, Joel",8
Lawrence,U.S. Senate,NA,Independent,"Ownby, David Jarrod",9
Lawrence,U.S. Senate,NA,Independent,"Watson, Robert",24
Lawrence,U.S. Senate,NA,Republican,"Frist, Bill",8197
Lewis,President,NA,,Write-In,0
Lewis,President,NA,Democratic,"Gore, Al",2281
Lewis,President,NA,Independent,"Brown, Cathy Gordon",7
Lewis,President,NA,Independent,"Browne, Harry",4
Lewis,President,NA,Independent,"Buchanan, Patrick J.",18
Lewis,President,NA,Independent,"Hagelin, John",1
Lewis,President,NA,Independent,"Nader, Ralph",63
Lewis,President,NA,Independent,"Phillips, Howard",7
Lewis,President,NA,Independent,"Venson, Randall",2
Lewis,President,NA,Republican,"Bush, George W.",2037
Lewis,State House,70,,Write-In,0
Lewis,State House,70,Democratic,"White, John M.",2719
Lewis,State House,70,Republican,"Coble, Scott C.",1571
Lewis,State Senate,25,,Write-In,0
Lewis,State Senate,25,Democratic,"Jackson, Doug",2443
Lewis,State Senate,25,Republican,"Butler, Bonnie R.",1805
Lewis,U.S. House,7,,Write-In,0
Lewis,U.S. House,7,Democratic,"Sims, Richard P.",1812
Lewis,U.S. House,7,Independent,"Solee, Denis",62
Lewis,U.S. House,7,Republican,"Bryant, Ed",2246
Lewis,U.S. Senate,NA,,Write-In,0
Lewis,U.S. Senate,NA,Democratic,"Clark, Jeff",1761
Lewis,U.S. Senate,NA,Independent,"Burrell, Tom",111
Lewis,U.S. Senate,NA,Independent,"Johnson, Charles F.",18
Lewis,U.S. Senate,NA,Independent,"Kinstle, Joel",8
Lewis,U.S. Senate,NA,Independent,"Ownby, David Jarrod",4
Lewis,U.S. Senate,NA,Independent,"Watson, Robert",16
Lewis,U.S. Senate,NA,Republican,"Frist, Bill",2334
Lincoln,President,NA,,Write-In,18
Lincoln,President,NA,Democratic,"Gore, Al",5060
Lincoln,President,NA,Independent,"Brown, Cathy Gordon",9
Lincoln,President,NA,Independent,"Browne, Harry",21
Lincoln,President,NA,Independent,"Buchanan, Patrick J.",36
Lincoln,President,NA,Independent,"Hagelin, John",2
Lincoln,President,NA,Independent,"Nader, Ralph",72
Lincoln,President,NA,Independent,"Phillips, Howard",6
Lincoln,President,NA,Independent,"Venson, Randall",0
Lincoln,President,NA,Republican,"Bush, George W.",5435
Lincoln,State House,62,,Write-In,69
Lincoln,State House,62,Democratic,"Phillips, Clarence (Pete)",3662
Lincoln,State House,65,,Write-In,97
Lincoln,State House,65,Democratic,"Fowlkes, Joe",2539
Lincoln,State Senate,14,,Write-In,33
Lincoln,State Senate,14,Democratic,"Cooper, Jerry W.",6103
Lincoln,State Senate,14,Independent,"Stoltzfus, Ron",2394
Lincoln,U.S. House,4,,Write-In,0
Lincoln,U.S. House,4,Democratic,"Dunaway, David H.",3634
Lincoln,U.S. House,4,Independent,"Lyons, J. Patrick",127
Lincoln,U.S. House,4,Republican,"Hilleary, Van",6118
Lincoln,U.S. Senate,NA,,Write-In,0
Lincoln,U.S. Senate,NA,Democratic,"Clark, Jeff",3670
Lincoln,U.S. Senate,NA,Independent,"Burrell, Tom",82
Lincoln,U.S. Senate,NA,Independent,"Johnson, Charles F.",57
Lincoln,U.S. Senate,NA,Independent,"Kinstle, Joel",13
Lincoln,U.S. Senate,NA,Independent,"Ownby, David Jarrod",15
Lincoln,U.S. Senate,NA,Independent,"Watson, Robert",48
Lincoln,U.S. Senate,NA,Republican,"Frist, Bill",5756
Loudon,President,NA,,Write-In,0
Loudon,President,NA,Democratic,"Gore, Al",5905
Loudon,President,NA,Independent,"Brown, Cathy Gordon",13
Loudon,President,NA,Independent,"Browne, Harry",44
Loudon,President,NA,Independent,"Buchanan, Patrick J.",38
Loudon,President,NA,Independent,"Hagelin, John",3
Loudon,President,NA,Independent,"Nader, Ralph",132
Loudon,President,NA,Independent,"Phillips, Howard",5
Loudon,President,NA,Independent,"Venson, Randall",0
Loudon,President,NA,Republican,"Bush, George W.",10266
Loudon,State House,20,,Write-In,0
Loudon,State House,20,Democratic,"Twiggs, David",1450
Loudon,State House,20,Republican,"Overbey, Doug",1536
Loudon,State House,21,,Write-In,0
Loudon,State House,21,Republican,"Johnson, Russell",9288
Loudon,U.S. House,2,,Write-In,0
Loudon,U.S. House,2,Independent,"Rowland, Kevin J.",866
Loudon,U.S. House,2,Republican,"Duncan, Jr., John J.",12610
Loudon,U.S. Senate,NA,,Write-In,0
Loudon,U.S. Senate,NA,Democratic,"Clark, Jeff",3672
Loudon,U.S. Senate,NA,Independent,"Burrell, Tom",141
Loudon,U.S. Senate,NA,Independent,"Johnson, Charles F.",111
Loudon,U.S. Senate,NA,Independent,"Kinstle, Joel",28
Loudon,U.S. Senate,NA,Independent,"Ownby, David Jarrod",67
Loudon,U.S. Senate,NA,Independent,"Watson, Robert",67
Loudon,U.S. Senate,NA,Republican,"Frist, Bill",10694
Macon,President,NA,,Write-In,0
Macon,President,NA,Democratic,"Gore, Al",3059
Macon,President,NA,Independent,"Brown, Cathy Gordon",7
Macon,President,NA,Independent,"Browne, Harry",10
Macon,President,NA,Independent,"Buchanan, Patrick J.",10
Macon,President,NA,Independent,"Hagelin, John",4
Macon,President,NA,Independent,"Nader, Ralph",30
Macon,President,NA,Independent,"Phillips, Howard",1
Macon,President,NA,Independent,"Venson, Randall",4
Macon,President,NA,Republican,"Bush, George W.",3366
Macon,State House,38,,Write-In,0
Macon,State House,38,Democratic,"Winningham, Leslie",1575
Macon,State House,40,,Write-In,0
Macon,State House,40,Democratic,"Buck, Frank",1537
Macon,U.S. House,6,,Write-In,0
Macon,U.S. House,6,Democratic,"Gordon, Bart",3978
Macon,U.S. House,6,Independent,"Coffer, Jim",27
Macon,U.S. House,6,Republican,"Charles, David",1810
Macon,U.S. Senate,NA,,Write-In,0
Macon,U.S. Senate,NA,Democratic,"Clark, Jeff",1815
Macon,U.S. Senate,NA,Independent,"Burrell, Tom",24
Macon,U.S. Senate,NA,Independent,"Johnson, Charles F.",26
Macon,U.S. Senate,NA,Independent,"Kinstle, Joel",11
Macon,U.S. Senate,NA,Independent,"Ownby, David Jarrod",3
Macon,U.S. Senate,NA,Independent,"Watson, Robert",11
Macon,U.S. Senate,NA,Republican,"Frist, Bill",3601
Madison,President,NA,,Write-In,0
Madison,President,NA,Democratic,"Gore, Al",15781
Madison,President,NA,Independent,"Brown, Cathy Gordon",17
Madison,President,NA,Independent,"Browne, Harry",31
Madison,President,NA,Independent,"Buchanan, Patrick J.",48
Madison,President,NA,Independent,"Hagelin, John",4
Madison,President,NA,Independent,"Nader, Ralph",173
Madison,President,NA,Independent,"Phillips, Howard",12
Madison,President,NA,Independent,"Venson, Randall",2
Madison,President,NA,Republican,"Bush, George W.",17862
Madison,State House,73,,Write-In,0
Madison,State House,73,Democratic,"Kisber, Matt",14113
Madison,State House,73,Republican,"Eldridge, Jimmy",12806
Madison,State House,80,,Write-In,0
Madison,State House,80,Democratic,"Shaw, Johnny W.",5398
Madison,State House,80,Independent,"Godwin, Shelia L.",1345
Madison,U.S. House,8,,Write-In,2
Madison,U.S. House,8,Democratic,"Tanner, John",23519
Madison,U.S. House,8,Republican,"Yancy, Billy",9533
Madison,U.S. Senate,NA,,Write-In,0
Madison,U.S. Senate,NA,Democratic,"Clark, Jeff",10273
Madison,U.S. Senate,NA,Independent,"Burrell, Tom",235
Madison,U.S. Senate,NA,Independent,"Johnson, Charles F.",116
Madison,U.S. Senate,NA,Independent,"Kinstle, Joel",76
Madison,U.S. Senate,NA,Independent,"Ownby, David Jarrod",34
Madison,U.S. Senate,NA,Independent,"Watson, Robert",69
Madison,U.S. Senate,NA,Republican,"Frist, Bill",22254
Marion,President,NA,,Write-In,0
Marion,President,NA,Democratic,"Gore, Al",5441
Marion,President,NA,Independent,"Brown, Cathy Gordon",7
Marion,President,NA,Independent,"Browne, Harry",17
Marion,President,NA,Independent,"Buchanan, Patrick J.",50
Marion,President,NA,Independent,"Hagelin, John",1
Marion,President,NA,Independent,"Nader, Ralph",74
Marion,President,NA,Independent,"Phillips, Howard",4
Marion,President,NA,Independent,"Venson, Randall",5
Marion,President,NA,Republican,"Bush, George W.",4651
Marion,State House,37,,Write-In,0
Marion,State House,37,Democratic,"Rhinehart, Shelby A.",3362
Marion,State House,37,Republican,"Swafford, Mark",1900
Marion,State House,39,,Write-In,0
Marion,State House,39,Democratic,"Fraley, George",2835
Marion,State House,39,Independent,"Miller, John J.",1141
Marion,U.S. House,3,,Write-In,0
Marion,U.S. House,3,Democratic,"Callaway, William L.",4372
Marion,U.S. House,3,Independent,"Austin, Trudy",127
Marion,U.S. House,3,Republican,"Wamp, Zach",5582
Marion,U.S. Senate,NA,,Write-In,0
Marion,U.S. Senate,NA,Democratic,"Clark, Jeff",4126
Marion,U.S. Senate,NA,Independent,"Burrell, Tom",71
Marion,U.S. Senate,NA,Independent,"Johnson, Charles F.",32
Marion,U.S. Senate,NA,Independent,"Kinstle, Joel",10
Marion,U.S. Senate,NA,Independent,"Ownby, David Jarrod",19
Marion,U.S. Senate,NA,Independent,"Watson, Robert",34
Marion,U.S. Senate,NA,Republican,"Frist, Bill",5592
Marshall,President,NA,,Write-In,2
Marshall,President,NA,Democratic,"Gore, Al",5107
Marshall,President,NA,Independent,"Brown, Cathy Gordon",5
Marshall,President,NA,Independent,"Browne, Harry",19
Marshall,President,NA,Independent,"Buchanan, Patrick J.",22
Marshall,President,NA,Independent,"Hagelin, John",2
Marshall,President,NA,Independent,"Nader, Ralph",94
Marshall,President,NA,Independent,"Phillips, Howard",3
Marshall,President,NA,Independent,"Venson, Randall",0
Marshall,President,NA,Republican,"Bush, George W.",4105
Marshall,State House,57,,Write-In,0
Marshall,State House,57,Democratic,"Gass, Michael W.",1801
Marshall,State House,57,Republican,"Beavers, Mae",2487
Marshall,State House,65,,Write-In,0
Marshall,State House,65,Democratic,"Fowlkes, Joe",3450
Marshall,U.S. House,6,,Write-In,0
Marshall,U.S. House,6,Democratic,"Gordon, Bart",6579
Marshall,U.S. House,6,Independent,"Coffer, Jim",147
Marshall,U.S. House,6,Republican,"Charles, David",2210
Marshall,U.S. Senate,NA,,Write-In,0
Marshall,U.S. Senate,NA,Democratic,"Clark, Jeff",3302
Marshall,U.S. Senate,NA,Independent,"Burrell, Tom",84
Marshall,U.S. Senate,NA,Independent,"Johnson, Charles F.",64
Marshall,U.S. Senate,NA,Independent,"Kinstle, Joel",13
Marshall,U.S. Senate,NA,Independent,"Ownby, David Jarrod",19
Marshall,U.S. Senate,NA,Independent,"Watson, Robert",33
Marshall,U.S. Senate,NA,Republican,"Frist, Bill",5246
Maury,President,NA,,Write-In,17
Maury,President,NA,Democratic,"Gore, Al",11127
Maury,President,NA,Independent,"Brown, Cathy Gordon",16
Maury,President,NA,Independent,"Browne, Harry",49
Maury,President,NA,Independent,"Buchanan, Patrick J.",37
Maury,President,NA,Independent,"Hagelin, John",4
Maury,President,NA,Independent,"Nader, Ralph",207
Maury,President,NA,Independent,"Phillips, Howard",8
Maury,President,NA,Independent,"Venson, Randall",5
Maury,President,NA,Republican,"Bush, George W.",11930
Maury,State House,64,,Write-In,24
Maury,State House,64,Democratic,"Sands, Bobby",13997
Maury,State House,64,Republican,"Embry, Wallace",7643
Maury,State House,70,,Write-In,5
Maury,State House,70,Democratic,"White, John M.",569
Maury,State House,70,Republican,"Coble, Scott C.",690
Maury,U.S. House,7,,Write-In,15
Maury,U.S. House,7,Democratic,"Sims, Richard P.",8521
Maury,U.S. House,7,Independent,"Solee, Denis",231
Maury,U.S. House,7,Republican,"Bryant, Ed",13368
Maury,U.S. Senate,NA,,Write-In,8
Maury,U.S. Senate,NA,Democratic,"Clark, Jeff",8252
Maury,U.S. Senate,NA,Independent,"Burrell, Tom",172
Maury,U.S. Senate,NA,Independent,"Johnson, Charles F.",66
Maury,U.S. Senate,NA,Independent,"Kinstle, Joel",16
Maury,U.S. Senate,NA,Independent,"Ownby, David Jarrod",20
Maury,U.S. Senate,NA,Independent,"Watson, Robert",47
Maury,U.S. Senate,NA,Republican,"Frist, Bill",13997
McMinn,President,NA,,Write-In,0
McMinn,President,NA,Democratic,"Gore, Al",6142
McMinn,President,NA,Independent,"Brown, Cathy Gordon",22
McMinn,President,NA,Independent,"Browne, Harry",57
McMinn,President,NA,Independent,"Buchanan, Patrick J.",67
McMinn,President,NA,Independent,"Hagelin, John",8
McMinn,President,NA,Independent,"Nader, Ralph",142
McMinn,President,NA,Independent,"Phillips, Howard",7
McMinn,President,NA,Independent,"Venson, Randall",0
McMinn,President,NA,Republican,"Bush, George W.",10155
McMinn,State House,23,,Write-In,0
McMinn,State House,23,Independent,"Callaway, Robert E.",3647
McMinn,State House,23,Republican,"McKee, Robert S.",11556
McMinn,U.S. House,2,,Write-In,0
McMinn,U.S. House,2,Independent,"Rowland, Kevin J.",2048
McMinn,U.S. House,2,Republican,"Duncan, Jr., John J.",13419
McMinn,U.S. Senate,NA,,Write-In,0
McMinn,U.S. Senate,NA,Democratic,"Clark, Jeff",4281
McMinn,U.S. Senate,NA,Independent,"Burrell, Tom",162
McMinn,U.S. Senate,NA,Independent,"Johnson, Charles F.",69
McMinn,U.S. Senate,NA,Independent,"Kinstle, Joel",23
McMinn,U.S. Senate,NA,Independent,"Ownby, David Jarrod",23
McMinn,U.S. Senate,NA,Independent,"Watson, Robert",82
McMinn,U.S. Senate,NA,Republican,"Frist, Bill",11521
McNairy,President,NA,,Write-In,0
McNairy,President,NA,Democratic,"Gore, Al",4003
McNairy,President,NA,Independent,"Brown, Cathy Gordon",6
McNairy,President,NA,Independent,"Browne, Harry",9
McNairy,President,NA,Independent,"Buchanan, Patrick J.",23
McNairy,President,NA,Independent,"Hagelin, John",0
McNairy,President,NA,Independent,"Nader, Ralph",47
McNairy,President,NA,Independent,"Phillips, Howard",2
McNairy,President,NA,Independent,"Venson, Randall",2
McNairy,President,NA,Republican,"Bush, George W.",4897
McNairy,State House,71,,Write-In,0
McNairy,State House,71,Democratic,"Rinks, Randy (Bear)",6309
McNairy,State Senate,26,,Write-In,0
McNairy,State Senate,26,Democratic,"Wilder, Sr., John S.",4616
McNairy,State Senate,26,Republican,"Shutt, Bob",4237
McNairy,U.S. House,7,,Write-In,0
McNairy,U.S. House,7,Democratic,"Sims, Richard P.",2626
McNairy,U.S. House,7,Independent,"Solee, Denis",45
McNairy,U.S. House,7,Republican,"Bryant, Ed",5699
McNairy,U.S. Senate,NA,,Write-In,0
McNairy,U.S. Senate,NA,Democratic,"Clark, Jeff",2666
McNairy,U.S. Senate,NA,Independent,"Burrell, Tom",30
McNairy,U.S. Senate,NA,Independent,"Johnson, Charles F.",15
McNairy,U.S. Senate,NA,Independent,"Kinstle, Joel",8
McNairy,U.S. Senate,NA,Independent,"Ownby, David Jarrod",4
McNairy,U.S. Senate,NA,Independent,"Watson, Robert",16
McNairy,U.S. Senate,NA,Republican,"Frist, Bill",5764
Meigs,President,NA,,Write-In,2
Meigs,President,NA,Democratic,"Gore, Al",1555
Meigs,President,NA,Independent,"Brown, Cathy Gordon",2
Meigs,President,NA,Independent,"Browne, Harry",6
Meigs,President,NA,Independent,"Buchanan, Patrick J.",12
Meigs,President,NA,Independent,"Hagelin, John",3
Meigs,President,NA,Independent,"Nader, Ralph",12
Meigs,President,NA,Independent,"Phillips, Howard",1
Meigs,President,NA,Independent,"Venson, Randall",0
Meigs,President,NA,Republican,"Bush, George W.",1797
Meigs,State House,22,,Write-In,0
Meigs,State House,22,Independent,"Ledford, Jr., Samuel Ray",492
Meigs,State House,22,Republican,"Newton, J. Chris",2102
Meigs,U.S. House,3,,Write-In,0
Meigs,U.S. House,3,Democratic,"Callaway, William L.",1187
Meigs,U.S. House,3,Independent,"Austin, Trudy",49
Meigs,U.S. House,3,Republican,"Wamp, Zach",2044
Meigs,U.S. Senate,NA,,Write-In,0
Meigs,U.S. Senate,NA,Democratic,"Clark, Jeff",1043
Meigs,U.S. Senate,NA,Independent,"Burrell, Tom",17
Meigs,U.S. Senate,NA,Independent,"Johnson, Charles F.",24
Meigs,U.S. Senate,NA,Independent,"Kinstle, Joel",8
Meigs,U.S. Senate,NA,Independent,"Ownby, David Jarrod",9
Meigs,U.S. Senate,NA,Independent,"Watson, Robert",14
Meigs,U.S. Senate,NA,Republican,"Frist, Bill",2088
Monroe,President,NA,,Write-In,1
Monroe,President,NA,Democratic,"Gore, Al",5327
Monroe,President,NA,Independent,"Brown, Cathy Gordon",12
Monroe,President,NA,Independent,"Browne, Harry",18
Monroe,President,NA,Independent,"Buchanan, Patrick J.",40
Monroe,President,NA,Independent,"Hagelin, John",3
Monroe,President,NA,Independent,"Nader, Ralph",78
Monroe,President,NA,Independent,"Phillips, Howard",10
Monroe,President,NA,Independent,"Venson, Randall",0
Monroe,President,NA,Republican,"Bush, George W.",7514
Monroe,State House,21,,Write-In,0
Monroe,State House,21,Republican,"Johnson, Russell",5736
Monroe,State House,23,,Write-In,0
Monroe,State House,23,Independent,"Callaway, Robert E.",461
Monroe,State House,23,Republican,"McKee, Robert S.",1864
Monroe,U.S. House,2,,Write-In,1
Monroe,U.S. House,2,Independent,"Rowland, Kevin J.",1501
Monroe,U.S. House,2,Republican,"Duncan, Jr., John J.",9666
Monroe,U.S. Senate,NA,,Write-In,0
Monroe,U.S. Senate,NA,Democratic,"Clark, Jeff",3831
Monroe,U.S. Senate,NA,Independent,"Burrell, Tom",120
Monroe,U.S. Senate,NA,Independent,"Johnson, Charles F.",43
Monroe,U.S. Senate,NA,Independent,"Kinstle, Joel",20
Monroe,U.S. Senate,NA,Independent,"Ownby, David Jarrod",28
Monroe,U.S. Senate,NA,Independent,"Watson, Robert",93
Monroe,U.S. Senate,NA,Republican,"Frist, Bill",8520
Montgomery,President,NA,,Write-In,5
Montgomery,President,NA,Democratic,"Gore, Al",18818
Montgomery,President,NA,Independent,"Brown, Cathy Gordon",35
Montgomery,President,NA,Independent,"Browne, Harry",72
Montgomery,President,NA,Independent,"Buchanan, Patrick J.",81
Montgomery,President,NA,Independent,"Hagelin, John",11
Montgomery,President,NA,Independent,"Nader, Ralph",359
Montgomery,President,NA,Independent,"Phillips, Howard",15
Montgomery,President,NA,Independent,"Venson, Randall",4
Montgomery,President,NA,Republican,"Bush, George W.",19644
Montgomery,State House,67,,Write-In,10
Montgomery,State House,67,Democratic,"McMillan, Kim",13983
Montgomery,State House,68,,Write-In,1
Montgomery,State House,68,Democratic,"Head, Tommy",11850
Montgomery,State House,68,Republican,"Redman, Dale B.",8412
Montgomery,State Senate,22,,Write-In,1
Montgomery,State Senate,22,Democratic,"Kurita, Rosalind",23246
Montgomery,State Senate,22,Republican,"Redd, Wallace M.",14234
Montgomery,U.S. House,7,,Write-In,0
Montgomery,U.S. House,7,Democratic,"Sims, Richard P.",11501
Montgomery,U.S. House,7,Independent,"Solee, Denis",440
Montgomery,U.S. House,7,Republican,"Bryant, Ed",24289
Montgomery,U.S. Senate,NA,,Write-In,2
Montgomery,U.S. Senate,NA,Democratic,"Clark, Jeff",11560
Montgomery,U.S. Senate,NA,Independent,"Burrell, Tom",340
Montgomery,U.S. Senate,NA,Independent,"Johnson, Charles F.",267
Montgomery,U.S. Senate,NA,Independent,"Kinstle, Joel",56
Montgomery,U.S. Senate,NA,Independent,"Ownby, David Jarrod",36
Montgomery,U.S. Senate,NA,Independent,"Watson, Robert",97
Montgomery,U.S. Senate,NA,Republican,"Frist, Bill",24382
Moore,President,NA,,Write-In,0
Moore,President,NA,Democratic,"Gore, Al",1107
Moore,President,NA,Independent,"Brown, Cathy Gordon",3
Moore,President,NA,Independent,"Browne, Harry",6
Moore,President,NA,Independent,"Buchanan, Patrick J.",7
Moore,President,NA,Independent,"Hagelin, John",2
Moore,President,NA,Independent,"Nader, Ralph",27
Moore,President,NA,Independent,"Phillips, Howard",2
Moore,President,NA,Independent,"Venson, Randall",2
Moore,President,NA,Republican,"Bush, George W.",1145
Moore,State House,39,,Write-In,0
Moore,State House,39,Democratic,"Fraley, George",1179
Moore,State House,39,Independent,"Miller, John J.",562
Moore,State Senate,14,,Write-In,0
Moore,State Senate,14,Democratic,"Cooper, Jerry W.",1216
Moore,State Senate,14,Independent,"Stoltzfus, Ron",554
Moore,U.S. House,4,,Write-In,0
Moore,U.S. House,4,Democratic,"Dunaway, David H.",650
Moore,U.S. House,4,Independent,"Lyons, J. Patrick",46
Moore,U.S. House,4,Republican,"Hilleary, Van",1332
Moore,U.S. Senate,NA,,Write-In,0
Moore,U.S. Senate,NA,Democratic,"Clark, Jeff",683
Moore,U.S. Senate,NA,Independent,"Burrell, Tom",22
Moore,U.S. Senate,NA,Independent,"Johnson, Charles F.",6
Moore,U.S. Senate,NA,Independent,"Kinstle, Joel",2
Moore,U.S. Senate,NA,Independent,"Ownby, David Jarrod",5
Moore,U.S. Senate,NA,Independent,"Watson, Robert",25
Moore,U.S. Senate,NA,Republican,"Frist, Bill",1267
Morgan,President,NA,,Write-In,12
Morgan,President,NA,Democratic,"Gore, Al",2921
Morgan,President,NA,Independent,"Brown, Cathy Gordon",4
Morgan,President,NA,Independent,"Browne, Harry",6
Morgan,President,NA,Independent,"Buchanan, Patrick J.",27
Morgan,President,NA,Independent,"Hagelin, John",2
Morgan,President,NA,Independent,"Nader, Ralph",39
Morgan,President,NA,Independent,"Phillips, Howard",7
Morgan,President,NA,Independent,"Venson, Randall",0
Morgan,President,NA,Republican,"Bush, George W.",3144
Morgan,State House,41,,Write-In,80
Morgan,State House,41,Democratic,"Windel, John Mark",4609
Morgan,State Senate,12,,Write-In,12
Morgan,State Senate,12,Democratic,"Davis, Lincoln",3858
Morgan,State Senate,12,Republican,"Deporter, Ralph G.",1910
Morgan,U.S. House,3,,Write-In,0
Morgan,U.S. House,3,Democratic,"Callaway, William L.",2003
Morgan,U.S. House,3,Independent,"Austin, Trudy",263
Morgan,U.S. House,3,Republican,"Wamp, Zach",3559
Morgan,U.S. Senate,NA,,Write-In,0
Morgan,U.S. Senate,NA,Democratic,"Clark, Jeff",2069
Morgan,U.S. Senate,NA,Independent,"Burrell, Tom",38
Morgan,U.S. Senate,NA,Independent,"Johnson, Charles F.",10
Morgan,U.S. Senate,NA,Independent,"Kinstle, Joel",10
Morgan,U.S. Senate,NA,Independent,"Ownby, David Jarrod",5
Morgan,U.S. Senate,NA,Independent,"Watson, Robert",19
Morgan,U.S. Senate,NA,Republican,"Frist, Bill",3615
Obion,President,NA,,Write-In,0
Obion,President,NA,Democratic,"Gore, Al",6056
Obion,President,NA,Independent,"Brown, Cathy Gordon",13
Obion,President,NA,Independent,"Browne, Harry",19
Obion,President,NA,Independent,"Buchanan, Patrick J.",62
Obion,President,NA,Independent,"Hagelin, John",7
Obion,President,NA,Independent,"Nader, Ralph",99
Obion,President,NA,Independent,"Phillips, Howard",10
Obion,President,NA,Independent,"Venson, Randall",6
Obion,President,NA,Republican,"Bush, George W.",6168
Obion,State House,77,,Write-In,0
Obion,State House,77,Democratic,"Pinion, Phillip",8771
Obion,State Senate,24,,Write-In,1
Obion,State Senate,24,Democratic,"Herron, Roy",7034
Obion,U.S. House,8,,Write-In,0
Obion,U.S. House,8,Democratic,"Tanner, John",9271
Obion,U.S. House,8,Republican,"Yancy, Billy",2006
Obion,U.S. Senate,NA,,Write-In,0
Obion,U.S. Senate,NA,Democratic,"Clark, Jeff",3202
Obion,U.S. Senate,NA,Independent,"Burrell, Tom",49
Obion,U.S. Senate,NA,Independent,"Johnson, Charles F.",54
Obion,U.S. Senate,NA,Independent,"Kinstle, Joel",13
Obion,U.S. Senate,NA,Independent,"Ownby, David Jarrod",14
Obion,U.S. Senate,NA,Independent,"Watson, Robert",46
Obion,U.S. Senate,NA,Republican,"Frist, Bill",6002
Overton,President,NA,,Write-In,0
Overton,President,NA,Democratic,"Gore, Al",4507
Overton,President,NA,Independent,"Brown, Cathy Gordon",12
Overton,President,NA,Independent,"Browne, Harry",12
Overton,President,NA,Independent,"Buchanan, Patrick J.",29
Overton,President,NA,Independent,"Hagelin, John",5
Overton,President,NA,Independent,"Nader, Ralph",46
Overton,President,NA,Independent,"Phillips, Howard",10
Overton,President,NA,Independent,"Venson, Randall",0
Overton,President,NA,Republican,"Bush, George W.",2875
Overton,State House,41,,Write-In,0
Overton,State House,41,Democratic,"Windel, John Mark",5630
Overton,State Senate,12,,Write-In,0
Overton,State Senate,12,Democratic,"Davis, Lincoln",4906
Overton,State Senate,12,Republican,"Deporter, Ralph G.",1320
Overton,U.S. House,6,,Write-In,0
Overton,U.S. House,6,Democratic,"Gordon, Bart",5195
Overton,U.S. House,6,Independent,"Coffer, Jim",43
Overton,U.S. House,6,Republican,"Charles, David",1344
Overton,U.S. Senate,NA,,Write-In,0
Overton,U.S. Senate,NA,Democratic,"Clark, Jeff",2938
Overton,U.S. Senate,NA,Independent,"Burrell, Tom",39
Overton,U.S. Senate,NA,Independent,"Johnson, Charles F.",20
Overton,U.S. Senate,NA,Independent,"Kinstle, Joel",3
Overton,U.S. Senate,NA,Independent,"Ownby, David Jarrod",7
Overton,U.S. Senate,NA,Independent,"Watson, Robert",14
Overton,U.S. Senate,NA,Republican,"Frist, Bill",3001
Perry,President,NA,,Write-In,1
Perry,President,NA,Democratic,"Gore, Al",1650
Perry,President,NA,Independent,"Brown, Cathy Gordon",3
Perry,President,NA,Independent,"Browne, Harry",7
Perry,President,NA,Independent,"Buchanan, Patrick J.",8
Perry,President,NA,Independent,"Hagelin, John",0
Perry,President,NA,Independent,"Nader, Ralph",28
Perry,President,NA,Independent,"Phillips, Howard",1
Perry,President,NA,Independent,"Venson, Randall",3
Perry,President,NA,Republican,"Bush, George W.",1165
Perry,State House,74,,Write-In,0
Perry,State House,74,Democratic,"Tidwell, John C.",1570
Perry,State Senate,25,,Write-In,0
Perry,State Senate,25,Democratic,"Jackson, Doug",1485
Perry,State Senate,25,Republican,"Butler, Bonnie R.",1003
Perry,U.S. House,7,,Write-In,0
Perry,U.S. House,7,Democratic,"Sims, Richard P.",1054
Perry,U.S. House,7,Independent,"Solee, Denis",27
Perry,U.S. House,7,Republican,"Bryant, Ed",1232
Perry,U.S. Senate,NA,,Write-In,0
Perry,U.S. Senate,NA,Democratic,"Clark, Jeff",1085
Perry,U.S. Senate,NA,Independent,"Burrell, Tom",12
Perry,U.S. Senate,NA,Independent,"Johnson, Charles F.",22
Perry,U.S. Senate,NA,Independent,"Kinstle, Joel",4
Perry,U.S. Senate,NA,Independent,"Ownby, David Jarrod",6
Perry,U.S. Senate,NA,Independent,"Watson, Robert",4
Perry,U.S. Senate,NA,Republican,"Frist, Bill",1294
Pickett,President,NA,,Write-In,0
Pickett,President,NA,Democratic,"Gore, Al",939
Pickett,President,NA,Independent,"Brown, Cathy Gordon",2
Pickett,President,NA,Independent,"Browne, Harry",2
Pickett,President,NA,Independent,"Buchanan, Patrick J.",2
Pickett,President,NA,Independent,"Hagelin, John",0
Pickett,President,NA,Independent,"Nader, Ralph",12
Pickett,President,NA,Independent,"Phillips, Howard",1
Pickett,President,NA,Independent,"Venson, Randall",0
Pickett,President,NA,Republican,"Bush, George W.",1281
Pickett,State House,38,,Write-In,0
Pickett,State House,38,Democratic,"Winningham, Leslie",1471
Pickett,U.S. House,4,,Write-In,0
Pickett,U.S. House,4,Democratic,"Dunaway, David H.",624
Pickett,U.S. House,4,Independent,"Lyons, J. Patrick",14
Pickett,U.S. House,4,Republican,"Hilleary, Van",1379
Pickett,U.S. Senate,NA,,Write-In,0
Pickett,U.S. Senate,NA,Democratic,"Clark, Jeff",624
Pickett,U.S. Senate,NA,Independent,"Burrell, Tom",12
Pickett,U.S. Senate,NA,Independent,"Johnson, Charles F.",5
Pickett,U.S. Senate,NA,Independent,"Kinstle, Joel",1
Pickett,U.S. Senate,NA,Independent,"Ownby, David Jarrod",2
Pickett,U.S. Senate,NA,Independent,"Watson, Robert",3
Pickett,U.S. Senate,NA,Republican,"Frist, Bill",1346
Polk,President,NA,,Write-In,0
Polk,President,NA,Democratic,"Gore, Al",2574
Polk,President,NA,Independent,"Brown, Cathy Gordon",6
Polk,President,NA,Independent,"Browne, Harry",10
Polk,President,NA,Independent,"Buchanan, Patrick J.",48
Polk,President,NA,Independent,"Hagelin, John",0
Polk,President,NA,Independent,"Nader, Ralph",46
Polk,President,NA,Independent,"Phillips, Howard",2
Polk,President,NA,Independent,"Venson, Randall",1
Polk,President,NA,Republican,"Bush, George W.",2907
Polk,State House,22,,Write-In,0
Polk,State House,22,Independent,"Ledford, Jr., Samuel Ray",991
Polk,State House,22,Republican,"Newton, J. Chris",3822
Polk,U.S. House,3,,Write-In,0
Polk,U.S. House,3,Democratic,"Callaway, William L.",2279
Polk,U.S. House,3,Independent,"Austin, Trudy",68
Polk,U.S. House,3,Republican,"Wamp, Zach",3218
Polk,U.S. Senate,NA,,Write-In,0
Polk,U.S. Senate,NA,Democratic,"Clark, Jeff",2176
Polk,U.S. Senate,NA,Independent,"Burrell, Tom",42
Polk,U.S. Senate,NA,Independent,"Johnson, Charles F.",25
Polk,U.S. Senate,NA,Independent,"Kinstle, Joel",5
Polk,U.S. Senate,NA,Independent,"Ownby, David Jarrod",7
Polk,U.S. Senate,NA,Independent,"Watson, Robert",13
Polk,U.S. Senate,NA,Republican,"Frist, Bill",3211
Putnam,President,NA,,Write-In,4
Putnam,President,NA,Democratic,"Gore, Al",10785
Putnam,President,NA,Independent,"Brown, Cathy Gordon",26
Putnam,President,NA,Independent,"Browne, Harry",61
Putnam,President,NA,Independent,"Buchanan, Patrick J.",57
Putnam,President,NA,Independent,"Hagelin, John",8
Putnam,President,NA,Independent,"Nader, Ralph",228
Putnam,President,NA,Independent,"Phillips, Howard",15
Putnam,President,NA,Independent,"Venson, Randall",6
Putnam,President,NA,Republican,"Bush, George W.",11248
Putnam,State House,42,,Write-In,10
Putnam,State House,42,Democratic,"Hargrove, Jere L.",12459
Putnam,State House,42,Republican,"Henry, V. Dwight",9254
Putnam,U.S. House,6,,Write-In,0
Putnam,U.S. House,6,Democratic,"Gordon, Bart",14223
Putnam,U.S. House,6,Independent,"Coffer, Jim",370
Putnam,U.S. House,6,Republican,"Charles, David",6533
Putnam,U.S. Senate,NA,,Write-In,0
Putnam,U.S. Senate,NA,Democratic,"Clark, Jeff",6987
Putnam,U.S. Senate,NA,Independent,"Burrell, Tom",344
Putnam,U.S. Senate,NA,Independent,"Johnson, Charles F.",130
Putnam,U.S. Senate,NA,Independent,"Kinstle, Joel",20
Putnam,U.S. Senate,NA,Independent,"Ownby, David Jarrod",31
Putnam,U.S. Senate,NA,Independent,"Watson, Robert",73
Putnam,U.S. Senate,NA,Republican,"Frist, Bill",13418
Rhea,President,NA,,Write-In,2
Rhea,President,NA,Democratic,"Gore, Al",3722
Rhea,President,NA,Independent,"Brown, Cathy Gordon",17
Rhea,President,NA,Independent,"Browne, Harry",16
Rhea,President,NA,Independent,"Buchanan, Patrick J.",32
Rhea,President,NA,Independent,"Hagelin, John",6
Rhea,President,NA,Independent,"Nader, Ralph",74
Rhea,President,NA,Independent,"Phillips, Howard",0
Rhea,President,NA,Independent,"Venson, Randall",3
Rhea,President,NA,Republican,"Bush, George W.",5900
Rhea,State House,25,,Write-In,0
Rhea,State House,25,Independent,"Cuva, Donald R.",1932
Rhea,State House,25,Republican,"Walker, Raymond B.",5595
Rhea,U.S. House,4,,Write-In,0
Rhea,U.S. House,4,Democratic,"Dunaway, David H.",2298
Rhea,U.S. House,4,Independent,"Lyons, J. Patrick",97
Rhea,U.S. House,4,Republican,"Hilleary, Van",6712
Rhea,U.S. Senate,NA,,Write-In,1
Rhea,U.S. Senate,NA,Democratic,"Clark, Jeff",2224
Rhea,U.S. Senate,NA,Independent,"Burrell, Tom",50
Rhea,U.S. Senate,NA,Independent,"Johnson, Charles F.",19
Rhea,U.S. Senate,NA,Independent,"Kinstle, Joel",5
Rhea,U.S. Senate,NA,Independent,"Ownby, David Jarrod",29
Rhea,U.S. Senate,NA,Independent,"Watson, Robert",27
Rhea,U.S. Senate,NA,Republican,"Frist, Bill",6136
Roane,President,NA,,Write-In,0
Roane,President,NA,Democratic,"Gore, Al",9575
Roane,President,NA,Independent,"Brown, Cathy Gordon",15
Roane,President,NA,Independent,"Browne, Harry",60
Roane,President,NA,Independent,"Buchanan, Patrick J.",97
Roane,President,NA,Independent,"Hagelin, John",10
Roane,President,NA,Independent,"Nader, Ralph",211
Roane,President,NA,Independent,"Phillips, Howard",9
Roane,President,NA,Independent,"Venson, Randall",4
Roane,President,NA,Republican,"Bush, George W.",11345
Roane,State House,32,,Write-In,0
Roane,State House,32,Democratic,"Ferguson, Dennis",12702
Roane,State House,32,Independent,"Bagnell, Jason John",364
Roane,State House,32,Republican,"Brogdon, Alven",7559
Roane,State Senate,12,,Write-In,0
Roane,State Senate,12,Democratic,"Davis, Lincoln",11222
Roane,State Senate,12,Republican,"Deporter, Ralph G.",7876
Roane,U.S. House,3,,Write-In,0
Roane,U.S. House,3,Democratic,"Callaway, William L.",6402
Roane,U.S. House,3,Independent,"Austin, Trudy",424
Roane,U.S. House,3,Republican,"Wamp, Zach",13468
Roane,U.S. Senate,NA,,Write-In,0
Roane,U.S. Senate,NA,Democratic,"Clark, Jeff",5988
Roane,U.S. Senate,NA,Independent,"Burrell, Tom",176
Roane,U.S. Senate,NA,Independent,"Johnson, Charles F.",140
Roane,U.S. Senate,NA,Independent,"Kinstle, Joel",42
Roane,U.S. Senate,NA,Independent,"Ownby, David Jarrod",74
Roane,U.S. Senate,NA,Independent,"Watson, Robert",93
Roane,U.S. Senate,NA,Republican,"Frist, Bill",13646
Robertson,President,NA,,Write-In,0
Robertson,President,NA,Democratic,"Gore, Al",10249
Robertson,President,NA,Independent,"Brown, Cathy Gordon",14
Robertson,President,NA,Independent,"Browne, Harry",28
Robertson,President,NA,Independent,"Buchanan, Patrick J.",39
Robertson,President,NA,Independent,"Hagelin, John",5
Robertson,President,NA,Independent,"Nader, Ralph",148
Robertson,President,NA,Independent,"Phillips, Howard",4
Robertson,President,NA,Independent,"Venson, Randall",2
Robertson,President,NA,Republican,"Bush, George W.",9675
Robertson,State House,66,,Write-In,0
Robertson,State House,66,Democratic,"Davidson, Eugene E. (Gene)",11254
Robertson,State House,66,Republican,"Mobley, Marie O.",7789
Robertson,State Senate,18,,Write-In,0
Robertson,State Senate,18,Democratic,"Graves, JoAnn",12479
Robertson,State Senate,18,Independent,"Myers, David C.",236
Robertson,State Senate,18,Republican,"Haile, Ferrell",6407
Robertson,U.S. House,5,,Write-In,0
Robertson,U.S. House,5,Democratic,"Clement, Bob",10915
Robertson,U.S. House,5,Independent,"Carew, David",204
Robertson,U.S. House,5,Republican,"Scott, Stan",4109
Robertson,U.S. House,7,,Write-In,0
Robertson,U.S. House,7,Democratic,"Sims, Richard P.",1211
Robertson,U.S. House,7,Independent,"Solee, Denis",47
Robertson,U.S. House,7,Republican,"Bryant, Ed",2241
Robertson,U.S. Senate,NA,,Write-In,1
Robertson,U.S. Senate,NA,Democratic,"Clark, Jeff",6461
Robertson,U.S. Senate,NA,Independent,"Burrell, Tom",154
Robertson,U.S. Senate,NA,Independent,"Johnson, Charles F.",51
Robertson,U.S. Senate,NA,Independent,"Kinstle, Joel",24
Robertson,U.S. Senate,NA,Independent,"Ownby, David Jarrod",14
Robertson,U.S. Senate,NA,Independent,"Watson, Robert",28
Robertson,U.S. Senate,NA,Republican,"Frist, Bill",12135
Rutherford,President,NA,,Write-In,0
Rutherford,President,NA,Democratic,"Gore, Al",27360
Rutherford,President,NA,Independent,"Brown, Cathy Gordon",48
Rutherford,President,NA,Independent,"Browne, Harry",143
Rutherford,President,NA,Independent,"Buchanan, Patrick J.",110
Rutherford,President,NA,Independent,"Hagelin, John",12
Rutherford,President,NA,Independent,"Nader, Ralph",1024
Rutherford,President,NA,Independent,"Phillips, Howard",29
Rutherford,President,NA,Independent,"Venson, Randall",11
Rutherford,President,NA,Republican,"Bush, George W.",33445
Rutherford,State House,48,,Write-In,0
Rutherford,State House,48,Democratic,"Hood, John",14079
Rutherford,State House,48,Independent,"Dickens, Shannon",1032
Rutherford,State House,48,Republican,"Davis, Tim",7670
Rutherford,State House,49,,Write-In,0
Rutherford,State House,49,Democratic,"Eckles, Mary Ann",10412
Rutherford,State House,49,Republican,"Rowland, Donna",14900
Rutherford,State House,57,,Write-In,0
Rutherford,State House,57,Democratic,"Gass, Michael W.",3941
Rutherford,State House,57,Republican,"Beavers, Mae",6853
Rutherford,State Senate,16,,Write-In,0
Rutherford,State Senate,16,Democratic,"Trail, Larry",31946
Rutherford,State Senate,16,Republican,"Wall, Howard",26855
Rutherford,U.S. House,6,,Write-In,0
Rutherford,U.S. House,6,Democratic,"Gordon, Bart",38821
Rutherford,U.S. House,6,Independent,"Coffer, Jim",1344
Rutherford,U.S. House,6,Republican,"Charles, David",19425
Rutherford,U.S. Senate,NA,,Write-In,0
Rutherford,U.S. Senate,NA,Democratic,"Clark, Jeff",16947
Rutherford,U.S. Senate,NA,Independent,"Burrell, Tom",1141
Rutherford,U.S. Senate,NA,Independent,"Johnson, Charles F.",322
Rutherford,U.S. Senate,NA,Independent,"Kinstle, Joel",99
Rutherford,U.S. Senate,NA,Independent,"Ownby, David Jarrod",118
Rutherford,U.S. Senate,NA,Independent,"Watson, Robert",336
Rutherford,U.S. Senate,NA,Republican,"Frist, Bill",39497
Scott,President,NA,,Write-In,1
Scott,President,NA,Democratic,"Gore, Al",2967
Scott,President,NA,Independent,"Brown, Cathy Gordon",5
Scott,President,NA,Independent,"Browne, Harry",7
Scott,President,NA,Independent,"Buchanan, Patrick J.",22
Scott,President,NA,Independent,"Hagelin, John",0
Scott,President,NA,Independent,"Nader, Ralph",31
Scott,President,NA,Independent,"Phillips, Howard",3
Scott,President,NA,Independent,"Venson, Randall",0
Scott,President,NA,Republican,"Bush, George W.",3579
Scott,State House,38,,Write-In,0
Scott,State House,38,Democratic,"Winningham, Leslie",3909
Scott,State Senate,12,,Write-In,0
Scott,State Senate,12,Democratic,"Davis, Lincoln",3545
Scott,State Senate,12,Republican,"Deporter, Ralph G.",1657
Scott,U.S. House,4,,Write-In,0
Scott,U.S. House,4,Democratic,"Dunaway, David H.",1867
Scott,U.S. House,4,Independent,"Lyons, J. Patrick",27
Scott,U.S. House,4,Republican,"Hilleary, Van",3957
Scott,U.S. Senate,NA,,Write-In,0
Scott,U.S. Senate,NA,Democratic,"Clark, Jeff",1523
Scott,U.S. Senate,NA,Independent,"Burrell, Tom",20
Scott,U.S. Senate,NA,Independent,"Johnson, Charles F.",11
Scott,U.S. Senate,NA,Independent,"Kinstle, Joel",3
Scott,U.S. Senate,NA,Independent,"Ownby, David Jarrod",6
Scott,U.S. Senate,NA,Independent,"Watson, Robert",14
Scott,U.S. Senate,NA,Republican,"Frist, Bill",3695
Sequatchie,President,NA,,Write-In,0
Sequatchie,President,NA,Democratic,"Gore, Al",1648
Sequatchie,President,NA,Independent,"Brown, Cathy Gordon",3
Sequatchie,President,NA,Independent,"Browne, Harry",3
Sequatchie,President,NA,Independent,"Buchanan, Patrick J.",23
Sequatchie,President,NA,Independent,"Hagelin, John",0
Sequatchie,President,NA,Independent,"Nader, Ralph",37
Sequatchie,President,NA,Independent,"Phillips, Howard",3
Sequatchie,President,NA,Independent,"Venson, Randall",1
Sequatchie,President,NA,Republican,"Bush, George W.",2169
Sequatchie,State House,37,,Write-In,0
Sequatchie,State House,37,Democratic,"Rhinehart, Shelby A.",1926
Sequatchie,State House,37,Republican,"Swafford, Mark",1926
Sequatchie,U.S. House,3,,Write-In,0
Sequatchie,U.S. House,3,Democratic,"Callaway, William L.",1129
Sequatchie,U.S. House,3,Independent,"Austin, Trudy",37
Sequatchie,U.S. House,3,Republican,"Wamp, Zach",2670
Sequatchie,U.S. Senate,NA,,Write-In,0
Sequatchie,U.S. Senate,NA,Democratic,"Clark, Jeff",1147
Sequatchie,U.S. Senate,NA,Independent,"Burrell, Tom",25
Sequatchie,U.S. Senate,NA,Independent,"Johnson, Charles F.",12
Sequatchie,U.S. Senate,NA,Independent,"Kinstle, Joel",2
Sequatchie,U.S. Senate,NA,Independent,"Ownby, David Jarrod",7
Sequatchie,U.S. Senate,NA,Independent,"Watson, Robert",8
Sequatchie,U.S. Senate,NA,Republican,"Frist, Bill",2560
Sevier,President,NA,,Write-In,0
Sevier,President,NA,Democratic,"Gore, Al",8208
Sevier,President,NA,Independent,"Brown, Cathy Gordon",24
Sevier,President,NA,Independent,"Browne, Harry",65
Sevier,President,NA,Independent,"Buchanan, Patrick J.",64
Sevier,President,NA,Independent,"Hagelin, John",4
Sevier,President,NA,Independent,"Nader, Ralph",259
Sevier,President,NA,Independent,"Phillips, Howard",4
Sevier,President,NA,Independent,"Venson, Randall",3
Sevier,President,NA,Republican,"Bush, George W.",16734
Sevier,State House,12,,Write-In,0
Sevier,State House,12,Republican,"Montgomery, Richard",20195
Sevier,State Senate,8,,Write-In,0
Sevier,State Senate,8,Democratic,"Boling, Jeff D.",5321
Sevier,State Senate,8,Independent,"Overby, Tammy",1726
Sevier,State Senate,8,Republican,"Clabough, Bill",15402
Sevier,U.S. House,1,,Write-In,0
Sevier,U.S. House,1,Republican,"Jenkins, William L. (Bill)",19925
Sevier,U.S. Senate,NA,,Write-In,0
Sevier,U.S. Senate,NA,Democratic,"Clark, Jeff",4198
Sevier,U.S. Senate,NA,Independent,"Burrell, Tom",317
Sevier,U.S. Senate,NA,Independent,"Johnson, Charles F.",386
Sevier,U.S. Senate,NA,Independent,"Kinstle, Joel",75
Sevier,U.S. Senate,NA,Independent,"Ownby, David Jarrod",380
Sevier,U.S. Senate,NA,Independent,"Watson, Robert",168
Sevier,U.S. Senate,NA,Republican,"Frist, Bill",18237
Shelby,President,NA,,Write-In,123
Shelby,President,NA,Democratic,"Gore, Al",190404
Shelby,President,NA,Independent,"Brown, Cathy Gordon",199
Shelby,President,NA,Independent,"Browne, Harry",469
Shelby,President,NA,Independent,"Buchanan, Patrick J.",299
Shelby,President,NA,Independent,"Hagelin, John",115
Shelby,President,NA,Independent,"Nader, Ralph",2860
Shelby,President,NA,Independent,"Phillips, Howard",235
Shelby,President,NA,Independent,"Venson, Randall",295
Shelby,President,NA,Republican,"Bush, George W.",141756
Shelby,State House,83,,Write-In,11
Shelby,State House,83,Republican,"Kent, Joe",15498
Shelby,State House,84,,Write-In,4
Shelby,State House,84,Democratic,"Towns, Jr., Joe",11947
Shelby,State House,85,,Write-In,0
Shelby,State House,85,Democratic,"Turner, Larry",13954
Shelby,State House,86,,Write-In,9
Shelby,State House,86,Democratic,"Cooper, Barbara",10927
Shelby,State House,86,Republican,"Edwards, III, George T.",2566
Shelby,State House,87,,Write-In,2
Shelby,State House,87,Democratic,"Bowers, Kathryn",10998
Shelby,State House,88,,Write-In,2
Shelby,State House,88,Democratic,"Miller, Larry",7374
Shelby,State House,89,,Write-In,8
Shelby,State House,89,Democratic,"Chumney, Carol",10205
Shelby,State House,90,,Write-In,3
Shelby,State House,90,Democratic,"DeBerry, Jr., John",8329
Shelby,State House,91,,Write-In,2
Shelby,State House,91,Democratic,"DeBerry, Lois",11589
Shelby,State House,92,,Write-In,1
Shelby,State House,92,Democratic,"Brooks, Henri",11649
Shelby,State House,93,,Write-In,4
Shelby,State House,93,Democratic,"Kernell, Mike",11550
Shelby,State House,93,Independent,"Harris, Robert E. Lee",2896
Shelby,State House,94,,Write-In,5
Shelby,State House,94,Republican,"Scroggs, Larry",28828
Shelby,State House,95,,Write-In,7
Shelby,State House,95,Republican,"Todd, Curry",23806
Shelby,State House,96,,Write-In,27
Shelby,State House,96,Democratic,"Flinn, III, George Shea",9480
Shelby,State House,96,Republican,"Stanley, Paul R.",19310
Shelby,State House,97,,Write-In,4
Shelby,State House,97,Republican,"Hargett, Tre",14860
Shelby,State House,98,,Write-In,0
Shelby,State House,98,Democratic,"Jones, Jr., Ulysses",11380
Shelby,State House,99,,Write-In,32
Shelby,State House,99,Republican,"Pleasant, W.C. (Bubba)",16339
Shelby,State Senate,28,,Write-In,10
Shelby,State Senate,28,Democratic,"Kyle, Jim",30169
Shelby,State Senate,28,Republican,"DeBerry, Roderick",15880
Shelby,State Senate,30,,Write-In,22
Shelby,State Senate,30,Democratic,"Cohen, Steve",34490
Shelby,State Senate,30,Independent,"Lewis, Charles",7679
Shelby,State Senate,32,,Write-In,8
Shelby,State Senate,32,Republican,"Norris, Mark",49127
Shelby,U.S. House,7,,Write-In,43
Shelby,U.S. House,7,Democratic,"Sims, Richard P.",22242
Shelby,U.S. House,7,Independent,"Solee, Denis",1276
Shelby,U.S. House,7,Republican,"Bryant, Ed",81009
Shelby,U.S. House,8,,Write-In,10
Shelby,U.S. House,8,Democratic,"Tanner, John",22665
Shelby,U.S. House,8,Republican,"Yancy, Billy",14341
Shelby,U.S. House,9,,Write-In,36
Shelby,U.S. House,9,Democratic,"Ford, Jr., Harold",143298
Shelby,U.S. Senate,NA,,Write-In,111
Shelby,U.S. Senate,NA,Democratic,"Clark, Jeff",126721
Shelby,U.S. Senate,NA,Independent,"Burrell, Tom",3826
Shelby,U.S. Senate,NA,Independent,"Johnson, Charles F.",2427
Shelby,U.S. Senate,NA,Independent,"Kinstle, Joel",668
Shelby,U.S. Senate,NA,Independent,"Ownby, David Jarrod",558
Shelby,U.S. Senate,NA,Independent,"Watson, Robert",2642
Shelby,U.S. Senate,NA,Republican,"Frist, Bill",171249
Smith,President,NA,,Write-In,0
Smith,President,NA,Democratic,"Gore, Al",4884
Smith,President,NA,Independent,"Brown, Cathy Gordon",5
Smith,President,NA,Independent,"Browne, Harry",7
Smith,President,NA,Independent,"Buchanan, Patrick J.",21
Smith,President,NA,Independent,"Hagelin, John",1
Smith,President,NA,Independent,"Nader, Ralph",42
Smith,President,NA,Independent,"Phillips, Howard",3
Smith,President,NA,Independent,"Venson, Randall",1
Smith,President,NA,Republican,"Bush, George W.",2384
Smith,State House,40,,Write-In,0
Smith,State House,40,Democratic,"Buck, Frank",4677
Smith,U.S. House,6,,Write-In,0
Smith,U.S. House,6,Democratic,"Gordon, Bart",5301
Smith,U.S. House,6,Independent,"Coffer, Jim",51
Smith,U.S. House,6,Republican,"Charles, David",1304
Smith,U.S. Senate,NA,,Write-In,0
Smith,U.S. Senate,NA,Democratic,"Clark, Jeff",3027
Smith,U.S. Senate,NA,Independent,"Burrell, Tom",35
Smith,U.S. Senate,NA,Independent,"Johnson, Charles F.",13
Smith,U.S. Senate,NA,Independent,"Kinstle, Joel",11
Smith,U.S. Senate,NA,Independent,"Ownby, David Jarrod",6
Smith,U.S. Senate,NA,Independent,"Watson, Robert",14
Smith,U.S. Senate,NA,Republican,"Frist, Bill",2927
Stewart,President,NA,,Write-In,0
Stewart,President,NA,Democratic,"Gore, Al",2870
Stewart,President,NA,Independent,"Brown, Cathy Gordon",10
Stewart,President,NA,Independent,"Browne, Harry",10
Stewart,President,NA,Independent,"Buchanan, Patrick J.",15
Stewart,President,NA,Independent,"Hagelin, John",0
Stewart,President,NA,Independent,"Nader, Ralph",50
Stewart,President,NA,Independent,"Phillips, Howard",1
Stewart,President,NA,Independent,"Venson, Randall",0
Stewart,President,NA,Republican,"Bush, George W.",1826
Stewart,State House,75,,Write-In,1
Stewart,State House,75,Democratic,"Ridgeway, Don",3381
Stewart,State Senate,22,,Write-In,1
Stewart,State Senate,22,Democratic,"Kurita, Rosalind",3414
Stewart,State Senate,22,Republican,"Redd, Wallace M.",1190
Stewart,U.S. House,8,,Write-In,0
Stewart,U.S. House,8,Democratic,"Tanner, John",3233
Stewart,U.S. House,8,Republican,"Yancy, Billy",1035
Stewart,U.S. Senate,NA,,Write-In,0
Stewart,U.S. Senate,NA,Democratic,"Clark, Jeff",2133
Stewart,U.S. Senate,NA,Independent,"Burrell, Tom",45
Stewart,U.S. Senate,NA,Independent,"Johnson, Charles F.",23
Stewart,U.S. Senate,NA,Independent,"Kinstle, Joel",15
Stewart,U.S. Senate,NA,Independent,"Ownby, David Jarrod",7
Stewart,U.S. Senate,NA,Independent,"Watson, Robert",23
Stewart,U.S. Senate,NA,Republican,"Frist, Bill",2212
Sullivan,President,NA,,Write-In,7
Sullivan,President,NA,Democratic,"Gore, Al",21354
Sullivan,President,NA,Independent,"Brown, Cathy Gordon",55
Sullivan,President,NA,Independent,"Browne, Harry",137
Sullivan,President,NA,Independent,"Buchanan, Patrick J.",80
Sullivan,President,NA,Independent,"Hagelin, John",21
Sullivan,President,NA,Independent,"Nader, Ralph",520
Sullivan,President,NA,Independent,"Phillips, Howard",65
Sullivan,President,NA,Independent,"Venson, Randall",6
Sullivan,President,NA,Republican,"Bush, George W.",33482
Sullivan,State House,1,,Write-In,0
Sullivan,State House,1,Democratic,"Akard, Joe Mike",7155
Sullivan,State House,1,Republican,"Godsey, Steve M.",9506
Sullivan,State House,2,,Write-In,1
Sullivan,State House,2,Independent,"Smith, Kenny D.",3195
Sullivan,State House,2,Republican,"Westmoreland, Keith",14745
Sullivan,State House,3,,Write-In,0
Sullivan,State House,3,Independent,"Cuthill, Thomas",1173
Sullivan,State House,3,Independent,"Pike, Dale",692
Sullivan,State House,3,Republican,"Mumpower, Jason E.",11052
Sullivan,State House,6,,Write-In,0
Sullivan,State House,6,Republican,"Davis, David",2528
Sullivan,State Senate,2,,Write-In,3
Sullivan,State Senate,2,Democratic,"Carrier, Vance",14394
Sullivan,State Senate,2,Republican,"Ramsey, Ronald",36105
Sullivan,U.S. House,1,,Write-In,8
Sullivan,U.S. House,1,Republican,"Jenkins, William L. (Bill)",42805
Sullivan,U.S. Senate,NA,,Write-In,0
Sullivan,U.S. Senate,NA,Democratic,"Clark, Jeff",13527
Sullivan,U.S. Senate,NA,Independent,"Burrell, Tom",451
Sullivan,U.S. Senate,NA,Independent,"Johnson, Charles F.",218
Sullivan,U.S. Senate,NA,Independent,"Kinstle, Joel",56
Sullivan,U.S. Senate,NA,Independent,"Ownby, David Jarrod",98
Sullivan,U.S. Senate,NA,Independent,"Watson, Robert",219
Sullivan,U.S. Senate,NA,Republican,"Frist, Bill",38463
Sumner,President,NA,,Write-In,5
Sumner,President,NA,Democratic,"Gore, Al",22118
Sumner,President,NA,Independent,"Brown, Cathy Gordon",36
Sumner,President,NA,Independent,"Browne, Harry",109
Sumner,President,NA,Independent,"Buchanan, Patrick J.",86
Sumner,President,NA,Independent,"Hagelin, John",13
Sumner,President,NA,Independent,"Nader, Ralph",482
Sumner,President,NA,Independent,"Phillips, Howard",23
Sumner,President,NA,Independent,"Venson, Randall",4
Sumner,President,NA,Republican,"Bush, George W.",27601
Sumner,State House,44,,Write-In,65
Sumner,State House,44,Democratic,"McDonald, Mike",17275
Sumner,State House,45,,Write-In,59
Sumner,State House,45,Democratic,"Seaton, Joseph M.",7172
Sumner,State House,45,Republican,"Black, Diane",18025
Sumner,State Senate,18,,Write-In,3
Sumner,State Senate,18,Democratic,"Graves, JoAnn",26897
Sumner,State Senate,18,Independent,"Myers, David C.",838
Sumner,State Senate,18,Republican,"Haile, Ferrell",21049
Sumner,U.S. House,6,,Write-In,825
Sumner,U.S. House,6,Democratic,"Gordon, Bart",29833
Sumner,U.S. House,6,Independent,"Coffer, Jim",784
Sumner,U.S. House,6,Republican,"Charles, David",17788
Sumner,U.S. Senate,NA,,Write-In,0
Sumner,U.S. Senate,NA,Democratic,"Clark, Jeff",13943
Sumner,U.S. Senate,NA,Independent,"Burrell, Tom",459
Sumner,U.S. Senate,NA,Independent,"Johnson, Charles F.",210
Sumner,U.S. Senate,NA,Independent,"Kinstle, Joel",65
Sumner,U.S. Senate,NA,Independent,"Ownby, David Jarrod",63
Sumner,U.S. Senate,NA,Independent,"Watson, Robert",181
Sumner,U.S. Senate,NA,Republican,"Frist, Bill",32919
Tipton,President,NA,,Write-In,0
Tipton,President,NA,Democratic,"Gore, Al",6300
Tipton,President,NA,Independent,"Brown, Cathy Gordon",17
Tipton,President,NA,Independent,"Browne, Harry",29
Tipton,President,NA,Independent,"Buchanan, Patrick J.",25
Tipton,President,NA,Independent,"Hagelin, John",3
Tipton,President,NA,Independent,"Nader, Ralph",96
Tipton,President,NA,Independent,"Phillips, Howard",10
Tipton,President,NA,Independent,"Venson, Randall",2
Tipton,President,NA,Republican,"Bush, George W.",10070
Tipton,State House,81,,Write-In,0
Tipton,State House,81,Democratic,"Naifeh, Jimmy",9525
Tipton,State House,81,Republican,"Johnson, Joe",6944
Tipton,State Senate,32,,Write-In,0
Tipton,State Senate,32,Republican,"Norris, Mark",10518
Tipton,U.S. House,8,,Write-In,0
Tipton,U.S. House,8,Democratic,"Tanner, John",9595
Tipton,U.S. House,8,Republican,"Yancy, Billy",6478
Tipton,U.S. Senate,NA,,Write-In,0
Tipton,U.S. Senate,NA,Democratic,"Clark, Jeff",4593
Tipton,U.S. Senate,NA,Independent,"Burrell, Tom",161
Tipton,U.S. Senate,NA,Independent,"Johnson, Charles F.",127
Tipton,U.S. Senate,NA,Independent,"Kinstle, Joel",27
Tipton,U.S. Senate,NA,Independent,"Ownby, David Jarrod",13
Tipton,U.S. Senate,NA,Independent,"Watson, Robert",62
Tipton,U.S. Senate,NA,Republican,"Frist, Bill",10933
Trousdale,President,NA,,Write-In,0
Trousdale,President,NA,Democratic,"Gore, Al",1966
Trousdale,President,NA,Independent,"Brown, Cathy Gordon",2
Trousdale,President,NA,Independent,"Browne, Harry",1
Trousdale,President,NA,Independent,"Buchanan, Patrick J.",4
Trousdale,President,NA,Independent,"Hagelin, John",1
Trousdale,President,NA,Independent,"Nader, Ralph",15
Trousdale,President,NA,Independent,"Phillips, Howard",5
Trousdale,President,NA,Independent,"Venson, Randall",1
Trousdale,President,NA,Republican,"Bush, George W.",950
Trousdale,State House,46,,Write-In,0
Trousdale,State House,46,Democratic,"Bone, Stratton",2165
Trousdale,State House,46,Republican,"Gaylord, Arron Roger",474
Trousdale,U.S. House,6,,Write-In,0
Trousdale,U.S. House,6,Democratic,"Gordon, Bart",2237
Trousdale,U.S. House,6,Independent,"Coffer, Jim",33
Trousdale,U.S. House,6,Republican,"Charles, David",475
Trousdale,U.S. Senate,NA,,Write-In,0
Trousdale,U.S. Senate,NA,Democratic,"Clark, Jeff",1195
Trousdale,U.S. Senate,NA,Independent,"Burrell, Tom",29
Trousdale,U.S. Senate,NA,Independent,"Johnson, Charles F.",14
Trousdale,U.S. Senate,NA,Independent,"Kinstle, Joel",6
Trousdale,U.S. Senate,NA,Independent,"Ownby, David Jarrod",6
Trousdale,U.S. Senate,NA,Independent,"Watson, Robert",8
Trousdale,U.S. Senate,NA,Republican,"Frist, Bill",1248
Unicoi,President,NA,,Write-In,2
Unicoi,President,NA,Democratic,"Gore, Al",2566
Unicoi,President,NA,Independent,"Brown, Cathy Gordon",9
Unicoi,President,NA,Independent,"Browne, Harry",13
Unicoi,President,NA,Independent,"Buchanan, Patrick J.",12
Unicoi,President,NA,Independent,"Hagelin, John",5
Unicoi,President,NA,Independent,"Nader, Ralph",40
Unicoi,President,NA,Independent,"Phillips, Howard",1
Unicoi,President,NA,Independent,"Venson, Randall",1
Unicoi,President,NA,Republican,"Bush, George W.",3780
Unicoi,State House,5,,Write-In,0
Unicoi,State House,5,Republican,"Whitson, Jr., Zane C.",4655
Unicoi,U.S. House,1,,Write-In,1
Unicoi,U.S. House,1,Republican,"Jenkins, William L. (Bill)",3918
Unicoi,U.S. Senate,NA,,Write-In,0
Unicoi,U.S. Senate,NA,Democratic,"Clark, Jeff",1291
Unicoi,U.S. Senate,NA,Independent,"Burrell, Tom",34
Unicoi,U.S. Senate,NA,Independent,"Johnson, Charles F.",25
Unicoi,U.S. Senate,NA,Independent,"Kinstle, Joel",6
Unicoi,U.S. Senate,NA,Independent,"Ownby, David Jarrod",8
Unicoi,U.S. Senate,NA,Independent,"Watson, Robert",26
Unicoi,U.S. Senate,NA,Republican,"Frist, Bill",3986
Union,President,NA,,Write-In,1
Union,President,NA,Democratic,"Gore, Al",2564
Union,President,NA,Independent,"Brown, Cathy Gordon",3
Union,President,NA,Independent,"Browne, Harry",8
Union,President,NA,Independent,"Buchanan, Patrick J.",14
Union,President,NA,Independent,"Hagelin, John",2
Union,President,NA,Independent,"Nader, Ralph",30
Union,President,NA,Independent,"Phillips, Howard",0
Union,President,NA,Independent,"Venson, Randall",0
Union,President,NA,Republican,"Bush, George W.",3199
Union,State House,34,,Write-In,0
Union,State House,34,Republican,"Goins, Mark K.",3362
Union,State Senate,4,,Write-In,2
Union,State Senate,4,Republican,"Williams, Micheal R.",3730
Union,U.S. House,4,,Write-In,0
Union,U.S. House,4,Democratic,"Dunaway, David H.",1614
Union,U.S. House,4,Independent,"Lyons, J. Patrick",26
Union,U.S. House,4,Republican,"Hilleary, Van",3531
Union,U.S. Senate,NA,,Write-In,0
Union,U.S. Senate,NA,Democratic,"Clark, Jeff",1471
Union,U.S. Senate,NA,Independent,"Burrell, Tom",23
Union,U.S. Senate,NA,Independent,"Johnson, Charles F.",11
Union,U.S. Senate,NA,Independent,"Kinstle, Joel",5
Union,U.S. Senate,NA,Independent,"Ownby, David Jarrod",5
Union,U.S. Senate,NA,Independent,"Watson, Robert",9
Union,U.S. Senate,NA,Republican,"Frist, Bill",3454
Van Buren,President,NA,,Write-In,0
Van Buren,President,NA,Democratic,"Gore, Al",1255
Van Buren,President,NA,Independent,"Brown, Cathy Gordon",6
Van Buren,President,NA,Independent,"Browne, Harry",5
Van Buren,President,NA,Independent,"Buchanan, Patrick J.",10
Van Buren,President,NA,Independent,"Hagelin, John",1
Van Buren,President,NA,Independent,"Nader, Ralph",8
Van Buren,President,NA,Independent,"Phillips, Howard",1
Van Buren,President,NA,Independent,"Venson, Randall",0
Van Buren,President,NA,Republican,"Bush, George W.",845
Van Buren,State House,37,,Write-In,0
Van Buren,State House,37,Democratic,"Rhinehart, Shelby A.",1165
Van Buren,State House,37,Republican,"Swafford, Mark",883
Van Buren,U.S. House,3,,Write-In,0
Van Buren,U.S. House,3,Democratic,"Callaway, William L.",759
Van Buren,U.S. House,3,Independent,"Austin, Trudy",15
Van Buren,U.S. House,3,Republican,"Wamp, Zach",855
Van Buren,U.S. Senate,NA,,Write-In,0
Van Buren,U.S. Senate,NA,Democratic,"Clark, Jeff",712
Van Buren,U.S. Senate,NA,Independent,"Burrell, Tom",9
Van Buren,U.S. Senate,NA,Independent,"Johnson, Charles F.",2
Van Buren,U.S. Senate,NA,Independent,"Kinstle, Joel",3
Van Buren,U.S. Senate,NA,Independent,"Ownby, David Jarrod",1
Van Buren,U.S. Senate,NA,Independent,"Watson, Robert",7
Van Buren,U.S. Senate,NA,Republican,"Frist, Bill",986
Warren,President,NA,,Write-In,0
Warren,President,NA,Democratic,"Gore, Al",7378
Warren,President,NA,Independent,"Brown, Cathy Gordon",25
Warren,President,NA,Independent,"Browne, Harry",28
Warren,President,NA,Independent,"Buchanan, Patrick J.",31
Warren,President,NA,Independent,"Hagelin, John",4
Warren,President,NA,Independent,"Nader, Ralph",105
Warren,President,NA,Independent,"Phillips, Howard",5
Warren,President,NA,Independent,"Venson, Randall",3
Warren,President,NA,Republican,"Bush, George W.",5552
Warren,State House,37,,Write-In,0
Warren,State House,37,Democratic,"Rhinehart, Shelby A.",2665
Warren,State House,37,Republican,"Swafford, Mark",2142
Warren,State House,43,,Write-In,0
Warren,State House,43,Democratic,"Curtiss, Charles",4726
Warren,State House,43,Independent,"Sharpe, Richard G.",290
Warren,State House,43,Republican,"Mathias, Steve",1899
Warren,State Senate,14,,Write-In,0
Warren,State Senate,14,Democratic,"Cooper, Jerry W.",8829
Warren,State Senate,14,Independent,"Stoltzfus, Ron",3421
Warren,U.S. House,4,,Write-In,0
Warren,U.S. House,4,Democratic,"Dunaway, David H.",5066
Warren,U.S. House,4,Independent,"Lyons, J. Patrick",215
Warren,U.S. House,4,Republican,"Hilleary, Van",7052
Warren,U.S. Senate,NA,,Write-In,0
Warren,U.S. Senate,NA,Democratic,"Clark, Jeff",4882
Warren,U.S. Senate,NA,Independent,"Burrell, Tom",100
Warren,U.S. Senate,NA,Independent,"Johnson, Charles F.",93
Warren,U.S. Senate,NA,Independent,"Kinstle, Joel",19
Warren,U.S. Senate,NA,Independent,"Ownby, David Jarrod",35
Warren,U.S. Senate,NA,Independent,"Watson, Robert",61
Warren,U.S. Senate,NA,Republican,"Frist, Bill",7096
Washington,President,NA,,Write-In,5
Washington,President,NA,Democratic,"Gore, Al",14769
Washington,President,NA,Independent,"Brown, Cathy Gordon",14
Washington,President,NA,Independent,"Browne, Harry",94
Washington,President,NA,Independent,"Buchanan, Patrick J.",64
Washington,President,NA,Independent,"Hagelin, John",12
Washington,President,NA,Independent,"Nader, Ralph",375
Washington,President,NA,Independent,"Phillips, Howard",19
Washington,President,NA,Independent,"Venson, Randall",11
Washington,President,NA,Republican,"Bush, George W.",22579
Washington,State House,6,,Write-In,382
Washington,State House,6,Republican,"Davis, David",13506
Washington,State House,7,,Write-In,11
Washington,State House,7,Republican,"Patton, Robert (Bob)",11842
Washington,U.S. House,1,,Write-In,1
Washington,U.S. House,1,Republican,"Jenkins, William L. (Bill)",27091
Washington,U.S. Senate,NA,,Write-In,1
Washington,U.S. Senate,NA,Democratic,"Clark, Jeff",8856
Washington,U.S. Senate,NA,Independent,"Burrell, Tom",444
Washington,U.S. Senate,NA,Independent,"Johnson, Charles F.",183
Washington,U.S. Senate,NA,Independent,"Kinstle, Joel",51
Washington,U.S. Senate,NA,Independent,"Ownby, David Jarrod",67
Washington,U.S. Senate,NA,Independent,"Watson, Robert",137
Washington,U.S. Senate,NA,Republican,"Frist, Bill",25481
Wayne,President,NA,,Write-In,2
Wayne,President,NA,Democratic,"Gore, Al",1859
Wayne,President,NA,Independent,"Brown, Cathy Gordon",3
Wayne,President,NA,Independent,"Browne, Harry",7
Wayne,President,NA,Independent,"Buchanan, Patrick J.",20
Wayne,President,NA,Independent,"Hagelin, John",0
Wayne,President,NA,Independent,"Nader, Ralph",43
Wayne,President,NA,Independent,"Phillips, Howard",2
Wayne,President,NA,Independent,"Venson, Randall",0
Wayne,President,NA,Republican,"Bush, George W.",3370
Wayne,State House,70,,Write-In,0
Wayne,State House,70,Democratic,"White, John M.",758
Wayne,State House,70,Republican,"Coble, Scott C.",633
Wayne,State House,74,,Write-In,2
Wayne,State House,74,Democratic,"Tidwell, John C.",1205
Wayne,State Senate,26,,Write-In,0
Wayne,State Senate,26,Democratic,"Wilder, Sr., John S.",2195
Wayne,State Senate,26,Republican,"Shutt, Bob",2550
Wayne,U.S. House,4,,Write-In,0
Wayne,U.S. House,4,Democratic,"Dunaway, David H.",1286
Wayne,U.S. House,4,Independent,"Lyons, J. Patrick",27
Wayne,U.S. House,4,Republican,"Hilleary, Van",3364
Wayne,U.S. Senate,NA,,Write-In,0
Wayne,U.S. Senate,NA,Democratic,"Clark, Jeff",1236
Wayne,U.S. Senate,NA,Independent,"Burrell, Tom",16
Wayne,U.S. Senate,NA,Independent,"Johnson, Charles F.",4
Wayne,U.S. Senate,NA,Independent,"Kinstle, Joel",1
Wayne,U.S. Senate,NA,Independent,"Ownby, David Jarrod",4
Wayne,U.S. Senate,NA,Independent,"Watson, Robert",7
Wayne,U.S. Senate,NA,Republican,"Frist, Bill",3236
Weakley,President,NA,,Write-In,0
Weakley,President,NA,Democratic,"Gore, Al",5570
Weakley,President,NA,Independent,"Brown, Cathy Gordon",8
Weakley,President,NA,Independent,"Browne, Harry",12
Weakley,President,NA,Independent,"Buchanan, Patrick J.",44
Weakley,President,NA,Independent,"Hagelin, John",3
Weakley,President,NA,Independent,"Nader, Ralph",91
Weakley,President,NA,Independent,"Phillips, Howard",9
Weakley,President,NA,Independent,"Venson, Randall",1
Weakley,President,NA,Republican,"Bush, George W.",6106
Weakley,State House,76,,Write-In,1
Weakley,State House,76,Democratic,"Maddox, Mark L.",9003
Weakley,State Senate,24,,Write-In,1
Weakley,State Senate,24,Democratic,"Herron, Roy",9266
Weakley,U.S. House,8,,Write-In,0
Weakley,U.S. House,8,Democratic,"Tanner, John",8531
Weakley,U.S. House,8,Republican,"Yancy, Billy",2950
Weakley,U.S. Senate,NA,,Write-In,0
Weakley,U.S. Senate,NA,Democratic,"Clark, Jeff",4240
Weakley,U.S. Senate,NA,Independent,"Burrell, Tom",73
Weakley,U.S. Senate,NA,Independent,"Johnson, Charles F.",36
Weakley,U.S. Senate,NA,Independent,"Kinstle, Joel",18
Weakley,U.S. Senate,NA,Independent,"Ownby, David Jarrod",12
Weakley,U.S. Senate,NA,Independent,"Watson, Robert",25
Weakley,U.S. Senate,NA,Republican,"Frist, Bill",6936
White,President,NA,,Write-In,0
White,President,NA,Democratic,"Gore, Al",4135
White,President,NA,Independent,"Brown, Cathy Gordon",12
White,President,NA,Independent,"Browne, Harry",14
White,President,NA,Independent,"Buchanan, Patrick J.",29
White,President,NA,Independent,"Hagelin, John",0
White,President,NA,Independent,"Nader, Ralph",58
White,President,NA,Independent,"Phillips, Howard",1
White,President,NA,Independent,"Venson, Randall",1
White,President,NA,Republican,"Bush, George W.",3525
White,State House,43,,Write-In,0
White,State House,43,Democratic,"Curtiss, Charles",5795
White,State House,43,Independent,"Sharpe, Richard G.",330
White,State House,43,Republican,"Mathias, Steve",1712
White,U.S. House,4,,Write-In,0
White,U.S. House,4,Democratic,"Dunaway, David H.",2946
White,U.S. House,4,Independent,"Lyons, J. Patrick",94
White,U.S. House,4,Republican,"Hilleary, Van",4776
White,U.S. Senate,NA,,Write-In,0
White,U.S. Senate,NA,Democratic,"Clark, Jeff",3069
White,U.S. Senate,NA,Independent,"Burrell, Tom",66
White,U.S. Senate,NA,Independent,"Johnson, Charles F.",43
White,U.S. Senate,NA,Independent,"Kinstle, Joel",12
White,U.S. Senate,NA,Independent,"Ownby, David Jarrod",10
White,U.S. Senate,NA,Independent,"Watson, Robert",30
White,U.S. Senate,NA,Republican,"Frist, Bill",4505
Williamson,President,NA,,Write-In,0
Williamson,President,NA,Democratic,"Gore, Al",18745
Williamson,President,NA,Independent,"Brown, Cathy Gordon",15
Williamson,President,NA,Independent,"Browne, Harry",141
Williamson,President,NA,Independent,"Buchanan, Patrick J.",50
Williamson,President,NA,Independent,"Hagelin, John",6
Williamson,President,NA,Independent,"Nader, Ralph",536
Williamson,President,NA,Independent,"Phillips, Howard",30
Williamson,President,NA,Independent,"Venson, Randall",5
Williamson,President,NA,Republican,"Bush, George W.",38901
Williamson,State House,61,,Write-In,0
Williamson,State House,61,Republican,"Sargent, Jr., Charles M.",34218
Williamson,State House,63,,Write-In,0
Williamson,State House,63,Democratic,"Williams, L. Mike",8029
Williamson,State House,63,Republican,"Cassman, Jeffrey L.",7593
Williamson,U.S. House,6,,Write-In,359
Williamson,U.S. House,6,Democratic,"Gordon, Bart",26289
Williamson,U.S. House,6,Independent,"Coffer, Jim",954
Williamson,U.S. House,6,Republican,"Charles, David",28497
Williamson,U.S. Senate,NA,,Write-In,0
Williamson,U.S. Senate,NA,Democratic,"Clark, Jeff",9768
Williamson,U.S. Senate,NA,Independent,"Burrell, Tom",851
Williamson,U.S. Senate,NA,Independent,"Johnson, Charles F.",266
Williamson,U.S. Senate,NA,Independent,"Kinstle, Joel",49
Williamson,U.S. Senate,NA,Independent,"Ownby, David Jarrod",46
Williamson,U.S. Senate,NA,Independent,"Watson, Robert",146
Williamson,U.S. Senate,NA,Republican,"Frist, Bill",44850
Wilson,President,NA,,Write-In,2
Wilson,President,NA,Democratic,"Gore, Al",16561
Wilson,President,NA,Independent,"Brown, Cathy Gordon",39
Wilson,President,NA,Independent,"Browne, Harry",75
Wilson,President,NA,Independent,"Buchanan, Patrick J.",69
Wilson,President,NA,Independent,"Hagelin, John",6
Wilson,President,NA,Independent,"Nader, Ralph",308
Wilson,President,NA,Independent,"Phillips, Howard",8
Wilson,President,NA,Independent,"Venson, Randall",4
Wilson,President,NA,Republican,"Bush, George W.",18844
Wilson,State House,46,,Write-In,0
Wilson,State House,46,Democratic,"Bone, Stratton",13965
Wilson,State House,46,Republican,"Gaylord, Arron Roger",6987
Wilson,State House,57,,Write-In,0
Wilson,State House,57,Democratic,"Gass, Michael W.",4101
Wilson,State House,57,Republican,"Beavers, Mae",8687
Wilson,U.S. House,6,,Write-In,0
Wilson,U.S. House,6,Democratic,"Gordon, Bart",21246
Wilson,U.S. House,6,Independent,"Coffer, Jim",598
Wilson,U.S. House,6,Republican,"Charles, David",12519
Wilson,U.S. Senate,NA,,Write-In,0
Wilson,U.S. Senate,NA,Democratic,"Clark, Jeff",10095
Wilson,U.S. Senate,NA,Independent,"Burrell, Tom",341
Wilson,U.S. Senate,NA,Independent,"Johnson, Charles F.",161
Wilson,U.S. Senate,NA,Independent,"Kinstle, Joel",58
Wilson,U.S. Senate,NA,Independent,"Ownby, David Jarrod",54
Wilson,U.S. Senate,NA,Independent,"Watson, Robert",137
Wilson,U.S. Senate,NA,Republican,"Frist, Bill",22781
