county,office,district,party,candidate,votes
Anderson,Delegate,3,Republican,Barbara Dallanegra - Paul,698
Anderson,Delegate,3,Republican,Bobby Wood - Gingrich,1433
Anderson,Delegate,3,Republican,Daniel Appleget - Paul,710
Anderson,Delegate,3,Republican,Emily Beaty - Romney,1299
Anderson,Delegate,3,Republican,Hobart L. Rice - Romney,632
Anderson,Delegate,3,Republican,J.B. Underwood - Paul,719
Anderson,Delegate,3,Republican,Jeanne E. Wood - Gingrich,1291
Anderson,Delegate,3,Republican,Jennifer Inman Little - Romney,1273
Anderson,Delegate,3,Republican,John S. Stanbery - Gingrich,1534
Anderson,Delegate,3,Republican,Milan M. Blake - Perry,244
Anderson,Delegate,3,Republican,Oscar Brock - Romney,1175
Anderson,Delegate,3,Republican,Teresa Wood - Gingrich,472
Anderson,Delegate,At-Large,Republican,Alexander Oaks Waters - Huntsman,388
Anderson,Delegate,At-Large,Republican,Andre Flanary - Paul,860
Anderson,Delegate,At-Large,Republican,Beth Campbell - Romney,1729
Anderson,Delegate,At-Large,Republican,Brian Kelsey - Perry,353
Anderson,Delegate,At-Large,Republican,C. Mack Patton - Gingrich,1753
Anderson,Delegate,At-Large,Republican,Crom Carmichael - Gingrich,1798
Anderson,Delegate,At-Large,Republican,Daniel Rawls - Paul,777
Anderson,Delegate,At-Large,Republican,Donna K. Appleget - Paul,1085
Anderson,Delegate,At-Large,Republican,Elaine Laney Heard - Perry,379
Anderson,Delegate,At-Large,Republican,Gail D. Patton - Gingrich,1738
Anderson,Delegate,At-Large,Republican,Gary Allen - Paul,1137
Anderson,Delegate,At-Large,Republican,Gary Ellis - Paul,986
Anderson,Delegate,At-Large,Republican,Jason Davis - Paul,1053
Anderson,Delegate,At-Large,Republican,Jeff Pedigo - Paul,838
Anderson,Delegate,At-Large,Republican,Jessica Frizzell - Perry,460
Anderson,Delegate,At-Large,Republican,Jim Looney - Romney,1299
Anderson,Delegate,At-Large,Republican,Joel Crenshaw - Paul,1048
Anderson,Delegate,At-Large,Republican,John Crisp - Romney,1645
Anderson,Delegate,At-Large,Republican,John Gardner - Gingrich,1835
Anderson,Delegate,At-Large,Republican,John Wayne Cropp - Romney,1526
Anderson,Delegate,At-Large,Republican,Josh Brown - Romney,1842
Anderson,Delegate,At-Large,Republican,Juanita Thouin - Uncommitted,792
Anderson,Delegate,At-Large,Republican,Julia Hurley - Romney,1530
Anderson,Delegate,At-Large,Republican,Justin Pitt - Romney,1109
Anderson,Delegate,At-Large,Republican,Kyle Gregory Perry - Paul,813
Anderson,Delegate,At-Large,Republican,Larry Bates - Perry,508
Anderson,Delegate,At-Large,Republican,Mark White - Romney,685
Anderson,Delegate,At-Large,Republican,Mark Winslow - Gingrich,1684
Anderson,Delegate,At-Large,Republican,Martha Ruth Brown - Gingrich,1891
Anderson,Delegate,At-Large,Republican,Matthew Jerry Johnson - Gingrich,1780
Anderson,Delegate,At-Large,Republican,Matthew Smith - Perry,268
Anderson,Delegate,At-Large,Republican,Randal Boyd - Romney,1917
Anderson,Delegate,At-Large,Republican,Rob Ailey - Romney,1916
Anderson,Delegate,At-Large,Republican,Robert Tyler Prince - Uncommitted,1039
Anderson,Delegate,At-Large,Republican,Ron Ramsey - Perry,436
Anderson,Delegate,At-Large,Republican,Ronald Lanfear - Paul,812
Anderson,Delegate,At-Large,Republican,Rosine Ghawji - Uncommitted,920
Anderson,Delegate,At-Large,Republican,Ruth B. Hagerty - Romney,1507
Anderson,Delegate,At-Large,Republican,Sandy Crawford - Uncommitted,1206
Anderson,Delegate,At-Large,Republican,Shalia Lankford - Perry,269
Anderson,Delegate,At-Large,Republican,Sindy Ramsey - Perry,261
Anderson,Delegate,At-Large,Republican,Stacey Campfield - Gingrich,1958
Anderson,Delegate,At-Large,Republican,Steve Allbrooks - Romney,1946
Anderson,Delegate,At-Large,Republican,Steve Buttry - Romney,1727
Anderson,Delegate,At-Large,Republican,Steven Warhurst - Paul,781
Anderson,Delegate,At-Large,Republican,Susan Richardson Williams - Romney,840
Anderson,Delegate,At-Large,Republican,Thomas Smith - Perry,252
Anderson,Delegate,At-Large,Republican,Tiffany Ramsey Goforth - Perry,464
Anderson,Delegate,At-Large,Republican,Tony Shipley - Gingrich,1718
Anderson,Delegate,At-Large,Republican,Victor Ashe - Huntsman,766
Anderson,Delegate,At-Large,Republican,Wendell Moore - Romney,1299
Anderson,Delegate,At-Large,Republican,Willis Ayres - Gingrich,1880
Anderson,Delegate,At-Large,Republican,Winfield Dunn - Romney,1689
Anderson,Presidential Preference,NA,Democratic,Barack Obama,887
Anderson,Presidential Preference,NA,Democratic,Uncommitted,159
Anderson,Presidential Preference,NA,Democratic,Write-in - John Wolfe,2
Anderson,Presidential Preference,NA,Republican,"Charles ""Buddy"" Roemer",17
Anderson,Presidential Preference,NA,Republican,Gary Johnson,10
Anderson,Presidential Preference,NA,Republican,Jon Huntsman,36
Anderson,Presidential Preference,NA,Republican,Michele Bachmann,39
Anderson,Presidential Preference,NA,Republican,Mitt Romney,2320
Anderson,Presidential Preference,NA,Republican,Newt Gingrich,1690
Anderson,Presidential Preference,NA,Republican,Rick Perry,32
Anderson,Presidential Preference,NA,Republican,Rick Santorum,2827
Anderson,Presidential Preference,NA,Republican,Ron Paul,719
Anderson,Presidential Preference,NA,Republican,Uncommitted,65
Bedford,Delegate,6,Republican,Beth Cox - Romney,253
Bedford,Delegate,6,Republican,Chad White - Romney,143
Bedford,Delegate,6,Republican,Christopher Stephen Hughes - Gingrich,412
Bedford,Delegate,6,Republican,Debra K. Copass - Romney,174
Bedford,Delegate,6,Republican,Joe Carr - Gingrich,527
Bedford,Delegate,6,Republican,Justin Wax - Perry,76
Bedford,Delegate,6,Republican,Mark Abbotoy - Paul,168
Bedford,Delegate,6,Republican,Randy Stamps - Romney,188
Bedford,Delegate,6,Republican,Sofia Carnicelli Grey - Paul,164
Bedford,Delegate,6,Republican,Susan Witcher - Gingrich,195
Bedford,Delegate,6,Republican,Terri Lynn Weaver - Gingrich,462
Bedford,Delegate,6,Republican,Terry Barnes - Uncommitted,127
Bedford,Delegate,At-Large,Republican,Alexander Oaks Waters - Huntsman,180
Bedford,Delegate,At-Large,Republican,Andre Flanary - Paul,155
Bedford,Delegate,At-Large,Republican,Beth Campbell - Romney,396
Bedford,Delegate,At-Large,Republican,Brian Kelsey - Perry,74
Bedford,Delegate,At-Large,Republican,C. Mack Patton - Gingrich,489
Bedford,Delegate,At-Large,Republican,Crom Carmichael - Gingrich,496
Bedford,Delegate,At-Large,Republican,Daniel Rawls - Paul,140
Bedford,Delegate,At-Large,Republican,Donna K. Appleget - Paul,225
Bedford,Delegate,At-Large,Republican,Elaine Laney Heard - Perry,72
Bedford,Delegate,At-Large,Republican,Gail D. Patton - Gingrich,525
Bedford,Delegate,At-Large,Republican,Gary Allen - Paul,264
Bedford,Delegate,At-Large,Republican,Gary Ellis - Paul,188
Bedford,Delegate,At-Large,Republican,Jason Davis - Paul,219
Bedford,Delegate,At-Large,Republican,Jeff Pedigo - Paul,184
Bedford,Delegate,At-Large,Republican,Jessica Frizzell - Perry,94
Bedford,Delegate,At-Large,Republican,Jim Looney - Romney,306
Bedford,Delegate,At-Large,Republican,Joel Crenshaw - Paul,179
Bedford,Delegate,At-Large,Republican,John Crisp - Romney,335
Bedford,Delegate,At-Large,Republican,John Gardner - Gingrich,588
Bedford,Delegate,At-Large,Republican,John Wayne Cropp - Romney,325
Bedford,Delegate,At-Large,Republican,Josh Brown - Romney,362
Bedford,Delegate,At-Large,Republican,Juanita Thouin - Uncommitted,117
Bedford,Delegate,At-Large,Republican,Julia Hurley - Romney,331
Bedford,Delegate,At-Large,Republican,Justin Pitt - Romney,285
Bedford,Delegate,At-Large,Republican,Kyle Gregory Perry - Paul,168
Bedford,Delegate,At-Large,Republican,Larry Bates - Perry,95
Bedford,Delegate,At-Large,Republican,Mark White - Romney,151
Bedford,Delegate,At-Large,Republican,Mark Winslow - Gingrich,424
Bedford,Delegate,At-Large,Republican,Martha Ruth Brown - Gingrich,558
Bedford,Delegate,At-Large,Republican,Matthew Jerry Johnson - Gingrich,513
Bedford,Delegate,At-Large,Republican,Matthew Smith - Perry,67
Bedford,Delegate,At-Large,Republican,Randal Boyd - Romney,382
Bedford,Delegate,At-Large,Republican,Rob Ailey - Romney,336
Bedford,Delegate,At-Large,Republican,Robert Tyler Prince - Uncommitted,159
Bedford,Delegate,At-Large,Republican,Ron Ramsey - Perry,219
Bedford,Delegate,At-Large,Republican,Ronald Lanfear - Paul,159
Bedford,Delegate,At-Large,Republican,Rosine Ghawji - Uncommitted,128
Bedford,Delegate,At-Large,Republican,Ruth B. Hagerty - Romney,304
Bedford,Delegate,At-Large,Republican,Sandy Crawford - Uncommitted,186
Bedford,Delegate,At-Large,Republican,Shalia Lankford - Perry,71
Bedford,Delegate,At-Large,Republican,Sindy Ramsey - Perry,81
Bedford,Delegate,At-Large,Republican,Stacey Campfield - Gingrich,552
Bedford,Delegate,At-Large,Republican,Steve Allbrooks - Romney,349
Bedford,Delegate,At-Large,Republican,Steve Buttry - Romney,320
Bedford,Delegate,At-Large,Republican,Steven Warhurst - Paul,130
Bedford,Delegate,At-Large,Republican,Susan Richardson Williams - Romney,143
Bedford,Delegate,At-Large,Republican,Thomas Smith - Perry,200
Bedford,Delegate,At-Large,Republican,Tiffany Ramsey Goforth - Perry,69
Bedford,Delegate,At-Large,Republican,Tony Shipley - Gingrich,450
Bedford,Delegate,At-Large,Republican,Victor Ashe - Huntsman,224
Bedford,Delegate,At-Large,Republican,Wendell Moore - Romney,304
Bedford,Delegate,At-Large,Republican,Willis Ayres - Gingrich,530
Bedford,Delegate,At-Large,Republican,Winfield Dunn - Romney,422
Bedford,Presidential Preference,NA,Democratic,Barack Obama,254
Bedford,Presidential Preference,NA,Democratic,Uncommitted,73
Bedford,Presidential Preference,NA,Republican,"Charles ""Buddy"" Roemer",6
Bedford,Presidential Preference,NA,Republican,Gary Johnson,4
Bedford,Presidential Preference,NA,Republican,Jon Huntsman,1
Bedford,Presidential Preference,NA,Republican,Michele Bachmann,6
Bedford,Presidential Preference,NA,Republican,Mitt Romney,837
Bedford,Presidential Preference,NA,Republican,Newt Gingrich,957
Bedford,Presidential Preference,NA,Republican,Rick Perry,11
Bedford,Presidential Preference,NA,Republican,Rick Santorum,1419
Bedford,Presidential Preference,NA,Republican,Ron Paul,202
Bedford,Presidential Preference,NA,Republican,Uncommitted,6
Benton,Delegate,8,Republican,Adrian Eddleman - Paul,78
Benton,Delegate,8,Republican,Betty Anderson - Romney,128
Benton,Delegate,8,Republican,Bob D. Anderson - Romney,139
Benton,Delegate,8,Republican,Emily H. Shore - Gingrich,231
Benton,Delegate,8,Republican,James William Shore - Gingrich,213
Benton,Delegate,8,Republican,Jeremie Schultz - Paul,74
Benton,Delegate,8,Republican,Jim Summerville - Perry,32
Benton,Delegate,8,Republican,Mark E. Green - Perry,44
Benton,Delegate,8,Republican,Mike Peery - Gingrich,226
Benton,Delegate,8,Republican,Oneida Wagoner - Romney,69
Benton,Delegate,8,Republican,Steve Maroney - Romney,137
Benton,Delegate,8,Republican,Ted Williams - Perry,44
Benton,Delegate,8,Republican,Tiffany Doyle - Paul,87
Benton,Delegate,At-Large,Republican,Alexander Oaks Waters - Huntsman,24
Benton,Delegate,At-Large,Republican,Andre Flanary - Paul,103
Benton,Delegate,At-Large,Republican,Beth Campbell - Romney,192
Benton,Delegate,At-Large,Republican,Brian Kelsey - Perry,72
Benton,Delegate,At-Large,Republican,C. Mack Patton - Gingrich,255
Benton,Delegate,At-Large,Republican,Crom Carmichael - Gingrich,259
Benton,Delegate,At-Large,Republican,Daniel Rawls - Paul,96
Benton,Delegate,At-Large,Republican,Donna K. Appleget - Paul,118
Benton,Delegate,At-Large,Republican,Elaine Laney Heard - Perry,59
Benton,Delegate,At-Large,Republican,Gail D. Patton - Gingrich,254
Benton,Delegate,At-Large,Republican,Gary Allen - Paul,135
Benton,Delegate,At-Large,Republican,Gary Ellis - Paul,120
Benton,Delegate,At-Large,Republican,Jason Davis - Paul,116
Benton,Delegate,At-Large,Republican,Jeff Pedigo - Paul,103
Benton,Delegate,At-Large,Republican,Jessica Frizzell - Perry,70
Benton,Delegate,At-Large,Republican,Jim Looney - Romney,170
Benton,Delegate,At-Large,Republican,Joel Crenshaw - Paul,116
Benton,Delegate,At-Large,Republican,John Crisp - Romney,182
Benton,Delegate,At-Large,Republican,John Gardner - Gingrich,260
Benton,Delegate,At-Large,Republican,John Wayne Cropp - Romney,183
Benton,Delegate,At-Large,Republican,Josh Brown - Romney,185
Benton,Delegate,At-Large,Republican,Juanita Thouin - Uncommitted,132
Benton,Delegate,At-Large,Republican,Julia Hurley - Romney,181
Benton,Delegate,At-Large,Republican,Justin Pitt - Romney,172
Benton,Delegate,At-Large,Republican,Kyle Gregory Perry - Paul,100
Benton,Delegate,At-Large,Republican,Larry Bates - Perry,78
Benton,Delegate,At-Large,Republican,Mark White - Romney,105
Benton,Delegate,At-Large,Republican,Mark Winslow - Gingrich,259
Benton,Delegate,At-Large,Republican,Martha Ruth Brown - Gingrich,268
Benton,Delegate,At-Large,Republican,Matthew Jerry Johnson - Gingrich,254
Benton,Delegate,At-Large,Republican,Matthew Smith - Perry,56
Benton,Delegate,At-Large,Republican,Randal Boyd - Romney,183
Benton,Delegate,At-Large,Republican,Rob Ailey - Romney,175
Benton,Delegate,At-Large,Republican,Robert Tyler Prince - Uncommitted,157
Benton,Delegate,At-Large,Republican,Ron Ramsey - Perry,81
Benton,Delegate,At-Large,Republican,Ronald Lanfear - Paul,103
Benton,Delegate,At-Large,Republican,Rosine Ghawji - Uncommitted,135
Benton,Delegate,At-Large,Republican,Ruth B. Hagerty - Romney,180
Benton,Delegate,At-Large,Republican,Sandy Crawford - Uncommitted,168
Benton,Delegate,At-Large,Republican,Shalia Lankford - Perry,55
Benton,Delegate,At-Large,Republican,Sindy Ramsey - Perry,53
Benton,Delegate,At-Large,Republican,Stacey Campfield - Gingrich,261
Benton,Delegate,At-Large,Republican,Steve Allbrooks - Romney,178
Benton,Delegate,At-Large,Republican,Steve Buttry - Romney,189
Benton,Delegate,At-Large,Republican,Steven Warhurst - Paul,92
Benton,Delegate,At-Large,Republican,Susan Richardson Williams - Romney,83
Benton,Delegate,At-Large,Republican,Thomas Smith - Perry,58
Benton,Delegate,At-Large,Republican,Tiffany Ramsey Goforth - Perry,73
Benton,Delegate,At-Large,Republican,Tony Shipley - Gingrich,256
Benton,Delegate,At-Large,Republican,Victor Ashe - Huntsman,27
Benton,Delegate,At-Large,Republican,Wendell Moore - Romney,175
Benton,Delegate,At-Large,Republican,Willis Ayres - Gingrich,263
Benton,Delegate,At-Large,Republican,Winfield Dunn - Romney,186
Benton,Presidential Preference,NA,Democratic,Barack Obama,524
Benton,Presidential Preference,NA,Democratic,Uncommitted,213
Benton,Presidential Preference,NA,Republican,"Charles ""Buddy"" Roemer",1
Benton,Presidential Preference,NA,Republican,Michele Bachmann,3
Benton,Presidential Preference,NA,Republican,Mitt Romney,241
Benton,Presidential Preference,NA,Republican,Newt Gingrich,228
Benton,Presidential Preference,NA,Republican,Rick Perry,3
Benton,Presidential Preference,NA,Republican,Rick Santorum,492
Benton,Presidential Preference,NA,Republican,Ron Paul,78
Benton,Presidential Preference,NA,Republican,Uncommitted,5
Bledsoe,Public Defender,12,Democratic,Jeff Harmon,440
Bledsoe,Delegate,4,Republican,Amanda Griffith - Paul,177
Bledsoe,Delegate,4,Republican,Annette Sapp - Gingrich,360
Bledsoe,Delegate,4,Republican,David French - Romney,163
Bledsoe,Delegate,4,Republican,David G. Bearden - Paul,145
Bledsoe,Delegate,4,Republican,Jason Whatley - Romney,139
Bledsoe,Delegate,4,Republican,Kristopher D. Miller - Perry,56
Bledsoe,Delegate,4,Republican,Mary Ellen Redford - Paul,64
Bledsoe,Delegate,4,Republican,Nancy French - Romney,159
Bledsoe,Delegate,4,Republican,Robert Crigger - Uncommitted,120
Bledsoe,Delegate,4,Republican,Steven Lane - Paul,112
Bledsoe,Delegate,4,Republican,Tommy Lee Francis - Perry,78
Bledsoe,Delegate,At-Large,Republican,Alexander Oaks Waters - Huntsman,65
Bledsoe,Delegate,At-Large,Republican,Andre Flanary - Paul,137
Bledsoe,Delegate,At-Large,Republican,Beth Campbell - Romney,164
Bledsoe,Delegate,At-Large,Republican,Brian Kelsey - Perry,53
Bledsoe,Delegate,At-Large,Republican,C. Mack Patton - Gingrich,357
Bledsoe,Delegate,At-Large,Republican,Crom Carmichael - Gingrich,351
Bledsoe,Delegate,At-Large,Republican,Daniel Rawls - Paul,125
Bledsoe,Delegate,At-Large,Republican,Donna K. Appleget - Paul,197
Bledsoe,Delegate,At-Large,Republican,Elaine Laney Heard - Perry,59
Bledsoe,Delegate,At-Large,Republican,Gail D. Patton - Gingrich,343
Bledsoe,Delegate,At-Large,Republican,Gary Allen - Paul,194
Bledsoe,Delegate,At-Large,Republican,Gary Ellis - Paul,156
Bledsoe,Delegate,At-Large,Republican,Jason Davis - Paul,174
Bledsoe,Delegate,At-Large,Republican,Jeff Pedigo - Paul,131
Bledsoe,Delegate,At-Large,Republican,Jessica Frizzell - Perry,78
Bledsoe,Delegate,At-Large,Republican,Jim Looney - Romney,128
Bledsoe,Delegate,At-Large,Republican,Joel Crenshaw - Paul,169
Bledsoe,Delegate,At-Large,Republican,John Crisp - Romney,151
Bledsoe,Delegate,At-Large,Republican,John Gardner - Gingrich,359
Bledsoe,Delegate,At-Large,Republican,John Wayne Cropp - Romney,146
Bledsoe,Delegate,At-Large,Republican,Josh Brown - Romney,201
Bledsoe,Delegate,At-Large,Republican,Juanita Thouin - Uncommitted,113
Bledsoe,Delegate,At-Large,Republican,Julia Hurley - Romney,142
Bledsoe,Delegate,At-Large,Republican,Justin Pitt - Romney,103
Bledsoe,Delegate,At-Large,Republican,Kyle Gregory Perry - Paul,142
Bledsoe,Delegate,At-Large,Republican,Larry Bates - Perry,81
Bledsoe,Delegate,At-Large,Republican,Mark White - Romney,55
Bledsoe,Delegate,At-Large,Republican,Mark Winslow - Gingrich,329
Bledsoe,Delegate,At-Large,Republican,Martha Ruth Brown - Gingrich,379
Bledsoe,Delegate,At-Large,Republican,Matthew Jerry Johnson - Gingrich,359
Bledsoe,Delegate,At-Large,Republican,Matthew Smith - Perry,36
Bledsoe,Delegate,At-Large,Republican,Randal Boyd - Romney,196
Bledsoe,Delegate,At-Large,Republican,Rob Ailey - Romney,198
Bledsoe,Delegate,At-Large,Republican,Robert Tyler Prince - Uncommitted,151
Bledsoe,Delegate,At-Large,Republican,Ron Ramsey - Perry,59
Bledsoe,Delegate,At-Large,Republican,Ronald Lanfear - Paul,132
Bledsoe,Delegate,At-Large,Republican,Rosine Ghawji - Uncommitted,134
Bledsoe,Delegate,At-Large,Republican,Ruth B. Hagerty - Romney,134
Bledsoe,Delegate,At-Large,Republican,Sandy Crawford - Uncommitted,177
Bledsoe,Delegate,At-Large,Republican,Shalia Lankford - Perry,43
Bledsoe,Delegate,At-Large,Republican,Sindy Ramsey - Perry,45
Bledsoe,Delegate,At-Large,Republican,Stacey Campfield - Gingrich,385
Bledsoe,Delegate,At-Large,Republican,Steve Allbrooks - Romney,187
Bledsoe,Delegate,At-Large,Republican,Steve Buttry - Romney,162
Bledsoe,Delegate,At-Large,Republican,Steven Warhurst - Paul,120
Bledsoe,Delegate,At-Large,Republican,Susan Richardson Williams - Romney,69
Bledsoe,Delegate,At-Large,Republican,Thomas Smith - Perry,40
Bledsoe,Delegate,At-Large,Republican,Tiffany Ramsey Goforth - Perry,79
Bledsoe,Delegate,At-Large,Republican,Tony Shipley - Gingrich,341
Bledsoe,Delegate,At-Large,Republican,Victor Ashe - Huntsman,57
Bledsoe,Delegate,At-Large,Republican,Wendell Moore - Romney,126
Bledsoe,Delegate,At-Large,Republican,Willis Ayres - Gingrich,383
Bledsoe,Delegate,At-Large,Republican,Winfield Dunn - Romney,159
Bledsoe,Presidential Preference,NA,Democratic,Barack Obama,348
Bledsoe,Presidential Preference,NA,Democratic,Uncommitted,102
Bledsoe,Presidential Preference,NA,Republican,"Charles ""Buddy"" Roemer",4
Bledsoe,Presidential Preference,NA,Republican,Gary Johnson,5
Bledsoe,Presidential Preference,NA,Republican,Jon Huntsman,7
Bledsoe,Presidential Preference,NA,Republican,Michele Bachmann,11
Bledsoe,Presidential Preference,NA,Republican,Mitt Romney,311
Bledsoe,Presidential Preference,NA,Republican,Newt Gingrich,475
Bledsoe,Presidential Preference,NA,Republican,Rick Perry,9
Bledsoe,Presidential Preference,NA,Republican,Rick Santorum,536
Bledsoe,Presidential Preference,NA,Republican,Ron Paul,152
Bledsoe,Presidential Preference,NA,Republican,Uncommitted,24
Blount,Delegate,2,Republican,Aaron Garcia Margulies - Gingrich,508
Blount,Delegate,2,Republican,Dick Powell - Perry,250
Blount,Delegate,2,Republican,J. Christopher Lane - Uncommitted,928
Blount,Delegate,2,Republican,J. Clay Atherton - Paul,1214
Blount,Delegate,2,Republican,Jimmy Matlock - Perry,362
Blount,Delegate,2,Republican,Joan Ashe - Huntsman,303
Blount,Delegate,2,Republican,Leonard W. Brown - Gingrich,2547
Blount,Delegate,2,Republican,Matthew Herriman - Perry,278
Blount,Delegate,2,Republican,Monta Hirzel - Gingrich,1890
Blount,Delegate,2,Republican,Richard Barnes - Romney,2373
Blount,Delegate,2,Republican,Russell Barber - Romney,2366
Blount,Delegate,2,Republican,Ryan Haynes - Romney,2336
Blount,Delegate,2,Republican,Scott David Smith - Gingrich,1016
Blount,Delegate,2,Republican,Sheree Callaway - Paul,1227
Blount,Delegate,2,Republican,Ted Boyatt - Gingrich,2845
Blount,Delegate,2,Republican,Ted Hatfield - Uncommitted,993
Blount,Delegate,2,Republican,Tona Monroe - Paul,1186
Blount,Circuit Court Division 1,5,Republican,Tammy Harrington,8407
Blount,Delegate,At-Large,Republican,Alexander Oaks Waters - Huntsman,624
Blount,Delegate,At-Large,Republican,Andre Flanary - Paul,1625
Blount,Delegate,At-Large,Republican,Beth Campbell - Romney,3114
Blount,Delegate,At-Large,Republican,Brian Kelsey - Perry,585
Blount,Delegate,At-Large,Republican,C. Mack Patton - Gingrich,3485
Blount,Delegate,At-Large,Republican,Crom Carmichael - Gingrich,3524
Blount,Delegate,At-Large,Republican,Daniel Rawls - Paul,1506
Blount,Delegate,At-Large,Republican,Donna K. Appleget - Paul,2117
Blount,Delegate,At-Large,Republican,Elaine Laney Heard - Perry,673
Blount,Delegate,At-Large,Republican,Gail D. Patton - Gingrich,3447
Blount,Delegate,At-Large,Republican,Gary Allen - Paul,2184
Blount,Delegate,At-Large,Republican,Gary Ellis - Paul,1842
Blount,Delegate,At-Large,Republican,Jason Davis - Paul,2002
Blount,Delegate,At-Large,Republican,Jeff Pedigo - Paul,1599
Blount,Delegate,At-Large,Republican,Jessica Frizzell - Perry,804
Blount,Delegate,At-Large,Republican,Jim Looney - Romney,2279
Blount,Delegate,At-Large,Republican,Joel Crenshaw - Paul,2004
Blount,Delegate,At-Large,Republican,John Crisp - Romney,3029
Blount,Delegate,At-Large,Republican,John Gardner - Gingrich,3632
Blount,Delegate,At-Large,Republican,John Wayne Cropp - Romney,2696
Blount,Delegate,At-Large,Republican,Josh Brown - Romney,3412
Blount,Delegate,At-Large,Republican,Juanita Thouin - Uncommitted,1444
Blount,Delegate,At-Large,Republican,Julia Hurley - Romney,2637
Blount,Delegate,At-Large,Republican,Justin Pitt - Romney,1902
Blount,Delegate,At-Large,Republican,Kyle Gregory Perry - Paul,1560
Blount,Delegate,At-Large,Republican,Larry Bates - Perry,845
Blount,Delegate,At-Large,Republican,Mark White - Romney,1238
Blount,Delegate,At-Large,Republican,Mark Winslow - Gingrich,3359
Blount,Delegate,At-Large,Republican,Martha Ruth Brown - Gingrich,3753
Blount,Delegate,At-Large,Republican,Matthew Jerry Johnson - Gingrich,3528
Blount,Delegate,At-Large,Republican,Matthew Smith - Perry,411
Blount,Delegate,At-Large,Republican,Randal Boyd - Romney,3533
Blount,Delegate,At-Large,Republican,Rob Ailey - Romney,3609
Blount,Delegate,At-Large,Republican,Robert Tyler Prince - Uncommitted,1932
Blount,Delegate,At-Large,Republican,Ron Ramsey - Perry,785
Blount,Delegate,At-Large,Republican,Ronald Lanfear - Paul,1573
Blount,Delegate,At-Large,Republican,Rosine Ghawji - Uncommitted,1669
Blount,Delegate,At-Large,Republican,Ruth B. Hagerty - Romney,2653
Blount,Delegate,At-Large,Republican,Sandy Crawford - Uncommitted,2163
Blount,Delegate,At-Large,Republican,Shalia Lankford - Perry,422
Blount,Delegate,At-Large,Republican,Sindy Ramsey - Perry,449
Blount,Delegate,At-Large,Republican,Stacey Campfield - Gingrich,3856
Blount,Delegate,At-Large,Republican,Steve Allbrooks - Romney,3560
Blount,Delegate,At-Large,Republican,Steve Buttry - Romney,3128
Blount,Delegate,At-Large,Republican,Steven Warhurst - Paul,1455
Blount,Delegate,At-Large,Republican,Susan Richardson Williams - Romney,1488
Blount,Delegate,At-Large,Republican,Thomas Smith - Perry,396
Blount,Delegate,At-Large,Republican,Tiffany Ramsey Goforth - Perry,826
Blount,Delegate,At-Large,Republican,Tony Shipley - Gingrich,3421
Blount,Delegate,At-Large,Republican,Victor Ashe - Huntsman,1224
Blount,Delegate,At-Large,Republican,Wendell Moore - Romney,2252
Blount,Delegate,At-Large,Republican,Willis Ayres - Gingrich,3727
Blount,Delegate,At-Large,Republican,Winfield Dunn - Romney,3049
Blount,Presidential Preference,NA,Democratic,Barack Obama,402
Blount,Presidential Preference,NA,Democratic,Uncommitted,56
Blount,Presidential Preference,NA,Republican,"Charles ""Buddy"" Roemer",31
Blount,Presidential Preference,NA,Republican,Gary Johnson,14
Blount,Presidential Preference,NA,Republican,Jon Huntsman,37
Blount,Presidential Preference,NA,Republican,Michele Bachmann,71
Blount,Presidential Preference,NA,Republican,Mitt Romney,4326
Blount,Presidential Preference,NA,Republican,Newt Gingrich,3508
Blount,Presidential Preference,NA,Republican,Rick Perry,56
Blount,Presidential Preference,NA,Republican,Rick Santorum,4855
Blount,Presidential Preference,NA,Republican,Ron Paul,1553
Blount,Presidential Preference,NA,Republican,Uncommitted,87
Bradley,Delegate,3,Republican,Barbara Dallanegra - Paul,850
Bradley,Delegate,3,Republican,Bobby Wood - Gingrich,2039
Bradley,Delegate,3,Republican,Daniel Appleget - Paul,833
Bradley,Delegate,3,Republican,Emily Beaty - Romney,1321
Bradley,Delegate,3,Republican,Hobart L. Rice - Romney,353
Bradley,Delegate,3,Republican,J.B. Underwood - Paul,887
Bradley,Delegate,3,Republican,Jeanne E. Wood - Gingrich,1847
Bradley,Delegate,3,Republican,Jennifer Inman Little - Romney,896
Bradley,Delegate,3,Republican,John S. Stanbery - Gingrich,2825
Bradley,Delegate,3,Republican,Milan M. Blake - Perry,297
Bradley,Delegate,3,Republican,Oscar Brock - Romney,948
Bradley,Delegate,3,Republican,Teresa Wood - Gingrich,959
Bradley,Delegate,At-Large,Republican,Alexander Oaks Waters - Huntsman,789
Bradley,Delegate,At-Large,Republican,Andre Flanary - Paul,746
Bradley,Delegate,At-Large,Republican,Beth Campbell - Romney,1543
Bradley,Delegate,At-Large,Republican,Brian Kelsey - Perry,304
Bradley,Delegate,At-Large,Republican,C. Mack Patton - Gingrich,2190
Bradley,Delegate,At-Large,Republican,Crom Carmichael - Gingrich,1999
Bradley,Delegate,At-Large,Republican,Daniel Rawls - Paul,686
Bradley,Delegate,At-Large,Republican,Donna K. Appleget - Paul,1075
Bradley,Delegate,At-Large,Republican,Elaine Laney Heard - Perry,345
Bradley,Delegate,At-Large,Republican,Gail D. Patton - Gingrich,2233
Bradley,Delegate,At-Large,Republican,Gary Allen - Paul,1243
Bradley,Delegate,At-Large,Republican,Gary Ellis - Paul,1309
Bradley,Delegate,At-Large,Republican,Jason Davis - Paul,984
Bradley,Delegate,At-Large,Republican,Jeff Pedigo - Paul,776
Bradley,Delegate,At-Large,Republican,Jessica Frizzell - Perry,430
Bradley,Delegate,At-Large,Republican,Jim Looney - Romney,1111
Bradley,Delegate,At-Large,Republican,Joel Crenshaw - Paul,912
Bradley,Delegate,At-Large,Republican,John Crisp - Romney,1491
Bradley,Delegate,At-Large,Republican,John Gardner - Gingrich,2272
Bradley,Delegate,At-Large,Republican,John Wayne Cropp - Romney,1265
Bradley,Delegate,At-Large,Republican,Josh Brown - Romney,1484
Bradley,Delegate,At-Large,Republican,Juanita Thouin - Uncommitted,694
Bradley,Delegate,At-Large,Republican,Julia Hurley - Romney,1238
Bradley,Delegate,At-Large,Republican,Justin Pitt - Romney,1018
Bradley,Delegate,At-Large,Republican,Kyle Gregory Perry - Paul,747
Bradley,Delegate,At-Large,Republican,Larry Bates - Perry,471
Bradley,Delegate,At-Large,Republican,Mark White - Romney,650
Bradley,Delegate,At-Large,Republican,Mark Winslow - Gingrich,1874
Bradley,Delegate,At-Large,Republican,Martha Ruth Brown - Gingrich,2334
Bradley,Delegate,At-Large,Republican,Matthew Jerry Johnson - Gingrich,2184
Bradley,Delegate,At-Large,Republican,Matthew Smith - Perry,415
Bradley,Delegate,At-Large,Republican,Randal Boyd - Romney,1395
Bradley,Delegate,At-Large,Republican,Rob Ailey - Romney,1420
Bradley,Delegate,At-Large,Republican,Robert Tyler Prince - Uncommitted,907
Bradley,Delegate,At-Large,Republican,Ron Ramsey - Perry,575
Bradley,Delegate,At-Large,Republican,Ronald Lanfear - Paul,766
Bradley,Delegate,At-Large,Republican,Rosine Ghawji - Uncommitted,734
Bradley,Delegate,At-Large,Republican,Ruth B. Hagerty - Romney,1238
Bradley,Delegate,At-Large,Republican,Sandy Crawford - Uncommitted,1031
Bradley,Delegate,At-Large,Republican,Shalia Lankford - Perry,293
Bradley,Delegate,At-Large,Republican,Sindy Ramsey - Perry,363
Bradley,Delegate,At-Large,Republican,Stacey Campfield - Gingrich,2182
Bradley,Delegate,At-Large,Republican,Steve Allbrooks - Romney,1391
Bradley,Delegate,At-Large,Republican,Steve Buttry - Romney,1273
Bradley,Delegate,At-Large,Republican,Steven Warhurst - Paul,619
Bradley,Delegate,At-Large,Republican,Susan Richardson Williams - Romney,560
Bradley,Delegate,At-Large,Republican,Thomas Smith - Perry,295
Bradley,Delegate,At-Large,Republican,Tiffany Ramsey Goforth - Perry,441
Bradley,Delegate,At-Large,Republican,Tony Shipley - Gingrich,1904
Bradley,Delegate,At-Large,Republican,Victor Ashe - Huntsman,957
Bradley,Delegate,At-Large,Republican,Wendell Moore - Romney,1196
Bradley,Delegate,At-Large,Republican,Willis Ayres - Gingrich,2086
Bradley,Delegate,At-Large,Republican,Winfield Dunn - Romney,1417
Bradley,Presidential Preference,NA,Democratic,Barack Obama,415
Bradley,Presidential Preference,NA,Democratic,Uncommitted,84
Bradley,Presidential Preference,NA,Republican,"Charles ""Buddy"" Roemer",14
Bradley,Presidential Preference,NA,Republican,Gary Johnson,8
Bradley,Presidential Preference,NA,Republican,Jon Huntsman,13
Bradley,Presidential Preference,NA,Republican,Michele Bachmann,22
Bradley,Presidential Preference,NA,Republican,Mitt Romney,2350
Bradley,Presidential Preference,NA,Republican,Newt Gingrich,2855
Bradley,Presidential Preference,NA,Republican,Rick Perry,49
Bradley,Presidential Preference,NA,Republican,Rick Santorum,4152
Bradley,Presidential Preference,NA,Republican,Ron Paul,924
Bradley,Presidential Preference,NA,Republican,Uncommitted,43
Campbell,Delegate,4,Republican,Amanda Griffith - Paul,265
Campbell,Delegate,4,Republican,Annette Sapp - Gingrich,575
Campbell,Delegate,4,Republican,David French - Romney,479
Campbell,Delegate,4,Republican,David G. Bearden - Paul,240
Campbell,Delegate,4,Republican,Jason Whatley - Romney,434
Campbell,Delegate,4,Republican,Kristopher D. Miller - Perry,145
Campbell,Delegate,4,Republican,Mary Ellen Redford - Paul,115
Campbell,Delegate,4,Republican,Nancy French - Romney,455
Campbell,Delegate,4,Republican,Robert Crigger - Uncommitted,297
Campbell,Delegate,4,Republican,Steven Lane - Paul,198
Campbell,Delegate,4,Republican,Tommy Lee Francis - Perry,193
Campbell,Delegate,At-Large,Republican,Alexander Oaks Waters - Huntsman,108
Campbell,Delegate,At-Large,Republican,Andre Flanary - Paul,240
Campbell,Delegate,At-Large,Republican,Beth Campbell - Romney,520
Campbell,Delegate,At-Large,Republican,Brian Kelsey - Perry,90
Campbell,Delegate,At-Large,Republican,C. Mack Patton - Gingrich,633
Campbell,Delegate,At-Large,Republican,Crom Carmichael - Gingrich,642
Campbell,Delegate,At-Large,Republican,Daniel Rawls - Paul,210
Campbell,Delegate,At-Large,Republican,Donna K. Appleget - Paul,294
Campbell,Delegate,At-Large,Republican,Elaine Laney Heard - Perry,127
Campbell,Delegate,At-Large,Republican,Gail D. Patton - Gingrich,644
Campbell,Delegate,At-Large,Republican,Gary Allen - Paul,342
Campbell,Delegate,At-Large,Republican,Gary Ellis - Paul,255
Campbell,Delegate,At-Large,Republican,Jason Davis - Paul,306
Campbell,Delegate,At-Large,Republican,Jeff Pedigo - Paul,221
Campbell,Delegate,At-Large,Republican,Jessica Frizzell - Perry,145
Campbell,Delegate,At-Large,Republican,Jim Looney - Romney,374
Campbell,Delegate,At-Large,Republican,Joel Crenshaw - Paul,282
Campbell,Delegate,At-Large,Republican,John Crisp - Romney,465
Campbell,Delegate,At-Large,Republican,John Gardner - Gingrich,664
Campbell,Delegate,At-Large,Republican,John Wayne Cropp - Romney,432
Campbell,Delegate,At-Large,Republican,Josh Brown - Romney,555
Campbell,Delegate,At-Large,Republican,Juanita Thouin - Uncommitted,269
Campbell,Delegate,At-Large,Republican,Julia Hurley - Romney,418
Campbell,Delegate,At-Large,Republican,Justin Pitt - Romney,316
Campbell,Delegate,At-Large,Republican,Kyle Gregory Perry - Paul,224
Campbell,Delegate,At-Large,Republican,Larry Bates - Perry,148
Campbell,Delegate,At-Large,Republican,Mark White - Romney,179
Campbell,Delegate,At-Large,Republican,Mark Winslow - Gingrich,614
Campbell,Delegate,At-Large,Republican,Martha Ruth Brown - Gingrich,693
Campbell,Delegate,At-Large,Republican,Matthew Jerry Johnson - Gingrich,656
Campbell,Delegate,At-Large,Republican,Matthew Smith - Perry,67
Campbell,Delegate,At-Large,Republican,Randal Boyd - Romney,574
Campbell,Delegate,At-Large,Republican,Rob Ailey - Romney,605
Campbell,Delegate,At-Large,Republican,Robert Tyler Prince - Uncommitted,348
Campbell,Delegate,At-Large,Republican,Ron Ramsey - Perry,133
Campbell,Delegate,At-Large,Republican,Ronald Lanfear - Paul,218
Campbell,Delegate,At-Large,Republican,Rosine Ghawji - Uncommitted,296
Campbell,Delegate,At-Large,Republican,Ruth B. Hagerty - Romney,412
Campbell,Delegate,At-Large,Republican,Sandy Crawford - Uncommitted,412
Campbell,Delegate,At-Large,Republican,Shalia Lankford - Perry,83
Campbell,Delegate,At-Large,Republican,Sindy Ramsey - Perry,83
Campbell,Delegate,At-Large,Republican,Stacey Campfield - Gingrich,724
Campbell,Delegate,At-Large,Republican,Steve Allbrooks - Romney,588
Campbell,Delegate,At-Large,Republican,Steve Buttry - Romney,494
Campbell,Delegate,At-Large,Republican,Steven Warhurst - Paul,194
Campbell,Delegate,At-Large,Republican,Susan Richardson Williams - Romney,240
Campbell,Delegate,At-Large,Republican,Thomas Smith - Perry,65
Campbell,Delegate,At-Large,Republican,Tiffany Ramsey Goforth - Perry,157
Campbell,Delegate,At-Large,Republican,Tony Shipley - Gingrich,624
Campbell,Delegate,At-Large,Republican,Victor Ashe - Huntsman,223
Campbell,Delegate,At-Large,Republican,Wendell Moore - Romney,378
Campbell,Delegate,At-Large,Republican,Willis Ayres - Gingrich,705
Campbell,Delegate,At-Large,Republican,Winfield Dunn - Romney,512
Campbell,Presidential Preference,NA,Democratic,Barack Obama,316
Campbell,Presidential Preference,NA,Democratic,Uncommitted,84
Campbell,Presidential Preference,NA,Republican,"Charles ""Buddy"" Roemer",4
Campbell,Presidential Preference,NA,Republican,Gary Johnson,4
Campbell,Presidential Preference,NA,Republican,Jon Huntsman,6
Campbell,Presidential Preference,NA,Republican,Michele Bachmann,13
Campbell,Presidential Preference,NA,Republican,Mitt Romney,905
Campbell,Presidential Preference,NA,Republican,Newt Gingrich,731
Campbell,Presidential Preference,NA,Republican,Rick Perry,10
Campbell,Presidential Preference,NA,Republican,Rick Santorum,1229
Campbell,Presidential Preference,NA,Republican,Ron Paul,234
Campbell,Presidential Preference,NA,Republican,Uncommitted,24
Cannon,Delegate,6,Republican,Beth Cox - Romney,121
Cannon,Delegate,6,Republican,Chad White - Romney,53
Cannon,Delegate,6,Republican,Christopher Stephen Hughes - Gingrich,153
Cannon,Delegate,6,Republican,Debra K. Copass - Romney,78
Cannon,Delegate,6,Republican,Joe Carr - Gingrich,240
Cannon,Delegate,6,Republican,Justin Wax - Perry,51
Cannon,Delegate,6,Republican,Mark Abbotoy - Paul,126
Cannon,Delegate,6,Republican,Randy Stamps - Romney,87
Cannon,Delegate,6,Republican,Sofia Carnicelli Grey - Paul,110
Cannon,Delegate,6,Republican,Susan Witcher - Gingrich,88
Cannon,Delegate,6,Republican,Terri Lynn Weaver - Gingrich,206
Cannon,Delegate,6,Republican,Terry Barnes - Uncommitted,110
Cannon,Delegate,At-Large,Republican,Alexander Oaks Waters - Huntsman,91
Cannon,Delegate,At-Large,Republican,Andre Flanary - Paul,102
Cannon,Delegate,At-Large,Republican,Beth Campbell - Romney,168
Cannon,Delegate,At-Large,Republican,Brian Kelsey - Perry,34
Cannon,Delegate,At-Large,Republican,C. Mack Patton - Gingrich,210
Cannon,Delegate,At-Large,Republican,Crom Carmichael - Gingrich,194
Cannon,Delegate,At-Large,Republican,Daniel Rawls - Paul,90
Cannon,Delegate,At-Large,Republican,Donna K. Appleget - Paul,125
Cannon,Delegate,At-Large,Republican,Elaine Laney Heard - Perry,41
Cannon,Delegate,At-Large,Republican,Gail D. Patton - Gingrich,228
Cannon,Delegate,At-Large,Republican,Gary Allen - Paul,160
Cannon,Delegate,At-Large,Republican,Gary Ellis - Paul,117
Cannon,Delegate,At-Large,Republican,Jason Davis - Paul,123
Cannon,Delegate,At-Large,Republican,Jeff Pedigo - Paul,133
Cannon,Delegate,At-Large,Republican,Jessica Frizzell - Perry,62
Cannon,Delegate,At-Large,Republican,Jim Looney - Romney,122
Cannon,Delegate,At-Large,Republican,Joel Crenshaw - Paul,115
Cannon,Delegate,At-Large,Republican,John Crisp - Romney,147
Cannon,Delegate,At-Large,Republican,John Gardner - Gingrich,231
Cannon,Delegate,At-Large,Republican,John Wayne Cropp - Romney,139
Cannon,Delegate,At-Large,Republican,Josh Brown - Romney,156
Cannon,Delegate,At-Large,Republican,Juanita Thouin - Uncommitted,86
Cannon,Delegate,At-Large,Republican,Julia Hurley - Romney,128
Cannon,Delegate,At-Large,Republican,Justin Pitt - Romney,113
Cannon,Delegate,At-Large,Republican,Kyle Gregory Perry - Paul,96
Cannon,Delegate,At-Large,Republican,Larry Bates - Perry,72
Cannon,Delegate,At-Large,Republican,Mark White - Romney,55
Cannon,Delegate,At-Large,Republican,Mark Winslow - Gingrich,180
Cannon,Delegate,At-Large,Republican,Martha Ruth Brown - Gingrich,224
Cannon,Delegate,At-Large,Republican,Matthew Jerry Johnson - Gingrich,212
Cannon,Delegate,At-Large,Republican,Matthew Smith - Perry,48
Cannon,Delegate,At-Large,Republican,Randal Boyd - Romney,143
Cannon,Delegate,At-Large,Republican,Rob Ailey - Romney,151
Cannon,Delegate,At-Large,Republican,Robert Tyler Prince - Uncommitted,107
Cannon,Delegate,At-Large,Republican,Ron Ramsey - Perry,90
Cannon,Delegate,At-Large,Republican,Ronald Lanfear - Paul,101
Cannon,Delegate,At-Large,Republican,Rosine Ghawji - Uncommitted,87
Cannon,Delegate,At-Large,Republican,Ruth B. Hagerty - Romney,126
Cannon,Delegate,At-Large,Republican,Sandy Crawford - Uncommitted,131
Cannon,Delegate,At-Large,Republican,Shalia Lankford - Perry,34
Cannon,Delegate,At-Large,Republican,Sindy Ramsey - Perry,41
Cannon,Delegate,At-Large,Republican,Stacey Campfield - Gingrich,224
Cannon,Delegate,At-Large,Republican,Steve Allbrooks - Romney,147
Cannon,Delegate,At-Large,Republican,Steve Buttry - Romney,130
Cannon,Delegate,At-Large,Republican,Steven Warhurst - Paul,88
Cannon,Delegate,At-Large,Republican,Susan Richardson Williams - Romney,53
Cannon,Delegate,At-Large,Republican,Thomas Smith - Perry,37
Cannon,Delegate,At-Large,Republican,Tiffany Ramsey Goforth - Perry,47
Cannon,Delegate,At-Large,Republican,Tony Shipley - Gingrich,179
Cannon,Delegate,At-Large,Republican,Victor Ashe - Huntsman,99
Cannon,Delegate,At-Large,Republican,Wendell Moore - Romney,116
Cannon,Delegate,At-Large,Republican,Willis Ayres - Gingrich,207
Cannon,Delegate,At-Large,Republican,Winfield Dunn - Romney,150
Cannon,Presidential Preference,NA,Democratic,Barack Obama,116
Cannon,Presidential Preference,NA,Democratic,Uncommitted,32
Cannon,Presidential Preference,NA,Republican,Gary Johnson,1
Cannon,Presidential Preference,NA,Republican,Jon Huntsman,1
Cannon,Presidential Preference,NA,Republican,Michele Bachmann,7
Cannon,Presidential Preference,NA,Republican,Mitt Romney,277
Cannon,Presidential Preference,NA,Republican,Newt Gingrich,277
Cannon,Presidential Preference,NA,Republican,Rick Perry,3
Cannon,Presidential Preference,NA,Republican,Rick Santorum,577
Cannon,Presidential Preference,NA,Republican,Ron Paul,143
Cannon,Presidential Preference,NA,Republican,Uncommitted,10
Carroll,Delegate,8,Republican,Adrian Eddleman - Paul,149
Carroll,Delegate,8,Republican,Betty Anderson - Romney,204
Carroll,Delegate,8,Republican,Bob D. Anderson - Romney,221
Carroll,Delegate,8,Republican,Emily H. Shore - Gingrich,358
Carroll,Delegate,8,Republican,James William Shore - Gingrich,369
Carroll,Delegate,8,Republican,Jeremie Schultz - Paul,132
Carroll,Delegate,8,Republican,Jim Summerville - Perry,60
Carroll,Delegate,8,Republican,Mark E. Green - Perry,74
Carroll,Delegate,8,Republican,Mike Peery - Gingrich,393
Carroll,Delegate,8,Republican,Oneida Wagoner - Romney,76
Carroll,Delegate,8,Republican,Steve Maroney - Romney,201
Carroll,Delegate,8,Republican,Ted Williams - Perry,76
Carroll,Delegate,8,Republican,Tiffany Doyle - Paul,147
Carroll,Delegate,At-Large,Republican,Alexander Oaks Waters - Huntsman,64
Carroll,Delegate,At-Large,Republican,Andre Flanary - Paul,163
Carroll,Delegate,At-Large,Republican,Beth Campbell - Romney,259
Carroll,Delegate,At-Large,Republican,Brian Kelsey - Perry,88
Carroll,Delegate,At-Large,Republican,C. Mack Patton - Gingrich,460
Carroll,Delegate,At-Large,Republican,Crom Carmichael - Gingrich,473
Carroll,Delegate,At-Large,Republican,Daniel Rawls - Paul,156
Carroll,Delegate,At-Large,Republican,Donna K. Appleget - Paul,227
Carroll,Delegate,At-Large,Republican,Elaine Laney Heard - Perry,102
Carroll,Delegate,At-Large,Republican,Gail D. Patton - Gingrich,449
Carroll,Delegate,At-Large,Republican,Gary Allen - Paul,247
Carroll,Delegate,At-Large,Republican,Gary Ellis - Paul,202
Carroll,Delegate,At-Large,Republican,Jason Davis - Paul,220
Carroll,Delegate,At-Large,Republican,Jeff Pedigo - Paul,174
Carroll,Delegate,At-Large,Republican,Jessica Frizzell - Perry,136
Carroll,Delegate,At-Large,Republican,Jim Looney - Romney,198
Carroll,Delegate,At-Large,Republican,Joel Crenshaw - Paul,220
Carroll,Delegate,At-Large,Republican,John Crisp - Romney,236
Carroll,Delegate,At-Large,Republican,John Gardner - Gingrich,474
Carroll,Delegate,At-Large,Republican,John Wayne Cropp - Romney,222
Carroll,Delegate,At-Large,Republican,Josh Brown - Romney,304
Carroll,Delegate,At-Large,Republican,Juanita Thouin - Uncommitted,179
Carroll,Delegate,At-Large,Republican,Julia Hurley - Romney,213
Carroll,Delegate,At-Large,Republican,Justin Pitt - Romney,163
Carroll,Delegate,At-Large,Republican,Kyle Gregory Perry - Paul,175
Carroll,Delegate,At-Large,Republican,Larry Bates - Perry,149
Carroll,Delegate,At-Large,Republican,Mark White - Romney,106
Carroll,Delegate,At-Large,Republican,Mark Winslow - Gingrich,451
Carroll,Delegate,At-Large,Republican,Martha Ruth Brown - Gingrich,488
Carroll,Delegate,At-Large,Republican,Matthew Jerry Johnson - Gingrich,460
Carroll,Delegate,At-Large,Republican,Matthew Smith - Perry,62
Carroll,Delegate,At-Large,Republican,Randal Boyd - Romney,307
Carroll,Delegate,At-Large,Republican,Rob Ailey - Romney,306
Carroll,Delegate,At-Large,Republican,Robert Tyler Prince - Uncommitted,265
Carroll,Delegate,At-Large,Republican,Ron Ramsey - Perry,95
Carroll,Delegate,At-Large,Republican,Ronald Lanfear - Paul,167
Carroll,Delegate,At-Large,Republican,Rosine Ghawji - Uncommitted,226
Carroll,Delegate,At-Large,Republican,Ruth B. Hagerty - Romney,214
Carroll,Delegate,At-Large,Republican,Sandy Crawford - Uncommitted,282
Carroll,Delegate,At-Large,Republican,Shalia Lankford - Perry,68
Carroll,Delegate,At-Large,Republican,Sindy Ramsey - Perry,63
Carroll,Delegate,At-Large,Republican,Stacey Campfield - Gingrich,487
Carroll,Delegate,At-Large,Republican,Steve Allbrooks - Romney,311
Carroll,Delegate,At-Large,Republican,Steve Buttry - Romney,275
Carroll,Delegate,At-Large,Republican,Steven Warhurst - Paul,151
Carroll,Delegate,At-Large,Republican,Susan Richardson Williams - Romney,101
Carroll,Delegate,At-Large,Republican,Thomas Smith - Perry,63
Carroll,Delegate,At-Large,Republican,Tiffany Ramsey Goforth - Perry,119
Carroll,Delegate,At-Large,Republican,Tony Shipley - Gingrich,451
Carroll,Delegate,At-Large,Republican,Victor Ashe - Huntsman,76
Carroll,Delegate,At-Large,Republican,Wendell Moore - Romney,190
Carroll,Delegate,At-Large,Republican,Willis Ayres - Gingrich,488
Carroll,Delegate,At-Large,Republican,Winfield Dunn - Romney,265
Carroll,Presidential Preference,NA,Democratic,Barack Obama,238
Carroll,Presidential Preference,NA,Democratic,Uncommitted,38
Carroll,Presidential Preference,NA,Republican,"Charles ""Buddy"" Roemer",3
Carroll,Presidential Preference,NA,Republican,Gary Johnson,4
Carroll,Presidential Preference,NA,Republican,Jon Huntsman,2
Carroll,Presidential Preference,NA,Republican,Michele Bachmann,11
Carroll,Presidential Preference,NA,Republican,Mitt Romney,459
Carroll,Presidential Preference,NA,Republican,Newt Gingrich,548
Carroll,Presidential Preference,NA,Republican,Rick Perry,12
Carroll,Presidential Preference,NA,Republican,Rick Santorum,872
Carroll,Presidential Preference,NA,Republican,Ron Paul,194
Carroll,Presidential Preference,NA,Republican,Uncommitted,3
Carter,Delegate,1,Republican,Alicia Mumpower - Romney,560
Carter,Delegate,1,Republican,Charles Cook - Paul,354
Carter,Delegate,1,Republican,David Golden - Romney,523
Carter,Delegate,1,Republican,Dustin Goforth - Perry,75
Carter,Delegate,1,Republican,Gregg Richardson - Paul,343
Carter,Delegate,1,Republican,"Jeffrey ""Bo"" Shultz - Uncommitted",256
Carter,Delegate,1,Republican,Jennifer Flanary - Uncommitted,274
Carter,Delegate,1,Republican,Jesse Overbey - Uncommitted,262
Carter,Delegate,1,Republican,Jordan G. Young - Perry,78
Carter,Delegate,1,Republican,Linda D. Buckles - Gingrich,1270
Carter,Delegate,1,Republican,Linda L. Osborne - Gingrich,1120
Carter,Delegate,1,Republican,Michael H. Simpson - Paul,149
Carter,Delegate,1,Republican,P K Lowrey - Paul,227
Carter,Delegate,1,Republican,Phil Hoskins - Gingrich,1212
Carter,Delegate,1,Republican,Warren Jones - Romney,501
Carter,Delegate,At-Large,Republican,Alexander Oaks Waters - Huntsman,484
Carter,Delegate,At-Large,Republican,Andre Flanary - Paul,333
Carter,Delegate,At-Large,Republican,Beth Campbell - Romney,791
Carter,Delegate,At-Large,Republican,Brian Kelsey - Perry,144
Carter,Delegate,At-Large,Republican,C. Mack Patton - Gingrich,1114
Carter,Delegate,At-Large,Republican,Crom Carmichael - Gingrich,1044
Carter,Delegate,At-Large,Republican,Daniel Rawls - Paul,311
Carter,Delegate,At-Large,Republican,Donna K. Appleget - Paul,460
Carter,Delegate,At-Large,Republican,Elaine Laney Heard - Perry,146
Carter,Delegate,At-Large,Republican,Gail D. Patton - Gingrich,1103
Carter,Delegate,At-Large,Republican,Gary Allen - Paul,617
Carter,Delegate,At-Large,Republican,Gary Ellis - Paul,505
Carter,Delegate,At-Large,Republican,Jason Davis - Paul,449
Carter,Delegate,At-Large,Republican,Jeff Pedigo - Paul,330
Carter,Delegate,At-Large,Republican,Jessica Frizzell - Perry,174
Carter,Delegate,At-Large,Republican,Jim Looney - Romney,568
Carter,Delegate,At-Large,Republican,Joel Crenshaw - Paul,432
Carter,Delegate,At-Large,Republican,John Crisp - Romney,685
Carter,Delegate,At-Large,Republican,John Gardner - Gingrich,1192
Carter,Delegate,At-Large,Republican,John Wayne Cropp - Romney,637
Carter,Delegate,At-Large,Republican,Josh Brown - Romney,734
Carter,Delegate,At-Large,Republican,Juanita Thouin - Uncommitted,299
Carter,Delegate,At-Large,Republican,Julia Hurley - Romney,622
Carter,Delegate,At-Large,Republican,Justin Pitt - Romney,526
Carter,Delegate,At-Large,Republican,Kyle Gregory Perry - Paul,362
Carter,Delegate,At-Large,Republican,Larry Bates - Perry,194
Carter,Delegate,At-Large,Republican,Mark White - Romney,355
Carter,Delegate,At-Large,Republican,Mark Winslow - Gingrich,933
Carter,Delegate,At-Large,Republican,Martha Ruth Brown - Gingrich,1207
Carter,Delegate,At-Large,Republican,Matthew Jerry Johnson - Gingrich,1121
Carter,Delegate,At-Large,Republican,Matthew Smith - Perry,208
Carter,Delegate,At-Large,Republican,Randal Boyd - Romney,707
Carter,Delegate,At-Large,Republican,Rob Ailey - Romney,702
Carter,Delegate,At-Large,Republican,Robert Tyler Prince - Uncommitted,340
Carter,Delegate,At-Large,Republican,Ron Ramsey - Perry,706
Carter,Delegate,At-Large,Republican,Ronald Lanfear - Paul,350
Carter,Delegate,At-Large,Republican,Rosine Ghawji - Uncommitted,300
Carter,Delegate,At-Large,Republican,Ruth B. Hagerty - Romney,576
Carter,Delegate,At-Large,Republican,Sandy Crawford - Uncommitted,418
Carter,Delegate,At-Large,Republican,Shalia Lankford - Perry,113
Carter,Delegate,At-Large,Republican,Sindy Ramsey - Perry,168
Carter,Delegate,At-Large,Republican,Stacey Campfield - Gingrich,1126
Carter,Delegate,At-Large,Republican,Steve Allbrooks - Romney,680
Carter,Delegate,At-Large,Republican,Steve Buttry - Romney,640
Carter,Delegate,At-Large,Republican,Steven Warhurst - Paul,285
Carter,Delegate,At-Large,Republican,Susan Richardson Williams - Romney,302
Carter,Delegate,At-Large,Republican,Thomas Smith - Perry,207
Carter,Delegate,At-Large,Republican,Tiffany Ramsey Goforth - Perry,175
Carter,Delegate,At-Large,Republican,Tony Shipley - Gingrich,1426
Carter,Delegate,At-Large,Republican,Victor Ashe - Huntsman,516
Carter,Delegate,At-Large,Republican,Wendell Moore - Romney,577
Carter,Delegate,At-Large,Republican,Willis Ayres - Gingrich,1111
Carter,Delegate,At-Large,Republican,Winfield Dunn - Romney,711
Carter,Presidential Preference,NA,Democratic,Barack Obama,143
Carter,Presidential Preference,NA,Democratic,Uncommitted,25
Carter,Presidential Preference,NA,Republican,"Charles ""Buddy"" Roemer",15
Carter,Presidential Preference,NA,Republican,Gary Johnson,5
Carter,Presidential Preference,NA,Republican,Jon Huntsman,8
Carter,Presidential Preference,NA,Republican,Michele Bachmann,19
Carter,Presidential Preference,NA,Republican,Mitt Romney,1427
Carter,Presidential Preference,NA,Republican,Newt Gingrich,1893
Carter,Presidential Preference,NA,Republican,Rick Perry,32
Carter,Presidential Preference,NA,Republican,Rick Santorum,2336
Carter,Presidential Preference,NA,Republican,Ron Paul,510
Carter,Presidential Preference,NA,Republican,Uncommitted,20
Cheatham,Delegate,5,Republican,Bob Schwartz - Gingrich,665
Cheatham,Delegate,5,Republican,Chrissy Hagerty - Romney,419
Cheatham,Delegate,5,Republican,George B. Stadler - Romney,232
Cheatham,Delegate,5,Republican,John Patrick Shorter - Romney,340
Cheatham,Delegate,5,Republican,Raul Lopez - Perry,329
Cheatham,Delegate,5,Republican,Shiri Anderson - Romney,464
Cheatham,Delegate,7,Republican,Ammon Smartt - Romney,133
Cheatham,Delegate,7,Republican,Barrett Rich - Romney,134
Cheatham,Delegate,7,Republican,Corey M. Stockman - Paul,113
Cheatham,Delegate,7,Republican,Gary Shane Goolsby - Paul,111
Cheatham,Delegate,7,Republican,John Elkington - Perry,43
Cheatham,Delegate,7,Republican,Kenny Crenshaw - Paul,118
Cheatham,Delegate,7,Republican,"Martha ""Jane"" Pleasant - Gingrich",291
Cheatham,Delegate,7,Republican,Mary Kate Brown - Romney,155
Cheatham,Delegate,7,Republican,Monty Lankford - Perry,29
Cheatham,Delegate,7,Republican,Reta Galbraith - Gingrich,289
Cheatham,Delegate,7,Republican,"W.C. ""Bubba"" Pleasant - Gingrich",286
Cheatham,Delegate,At-Large,Republican,Alexander Oaks Waters - Huntsman,144
Cheatham,Delegate,At-Large,Republican,Andre Flanary - Paul,367
Cheatham,Delegate,At-Large,Republican,Beth Campbell - Romney,547
Cheatham,Delegate,At-Large,Republican,Brian Kelsey - Perry,164
Cheatham,Delegate,At-Large,Republican,C. Mack Patton - Gingrich,958
Cheatham,Delegate,At-Large,Republican,Crom Carmichael - Gingrich,995
Cheatham,Delegate,At-Large,Republican,Daniel Rawls - Paul,344
Cheatham,Delegate,At-Large,Republican,Donna K. Appleget - Paul,497
Cheatham,Delegate,At-Large,Republican,Elaine Laney Heard - Perry,210
Cheatham,Delegate,At-Large,Republican,Gail D. Patton - Gingrich,945
Cheatham,Delegate,At-Large,Republican,Gary Allen - Paul,520
Cheatham,Delegate,At-Large,Republican,Gary Ellis - Paul,423
Cheatham,Delegate,At-Large,Republican,Jason Davis - Paul,482
Cheatham,Delegate,At-Large,Republican,Jeff Pedigo - Paul,367
Cheatham,Delegate,At-Large,Republican,Jessica Frizzell - Perry,281
Cheatham,Delegate,At-Large,Republican,Jim Looney - Romney,391
Cheatham,Delegate,At-Large,Republican,Joel Crenshaw - Paul,481
Cheatham,Delegate,At-Large,Republican,John Crisp - Romney,485
Cheatham,Delegate,At-Large,Republican,John Gardner - Gingrich,1002
Cheatham,Delegate,At-Large,Republican,John Wayne Cropp - Romney,452
Cheatham,Delegate,At-Large,Republican,Josh Brown - Romney,592
Cheatham,Delegate,At-Large,Republican,Juanita Thouin - Uncommitted,391
Cheatham,Delegate,At-Large,Republican,Julia Hurley - Romney,435
Cheatham,Delegate,At-Large,Republican,Justin Pitt - Romney,333
Cheatham,Delegate,At-Large,Republican,Kyle Gregory Perry - Paul,361
Cheatham,Delegate,At-Large,Republican,Larry Bates - Perry,282
Cheatham,Delegate,At-Large,Republican,Mark White - Romney,199
Cheatham,Delegate,At-Large,Republican,Mark Winslow - Gingrich,933
Cheatham,Delegate,At-Large,Republican,Martha Ruth Brown - Gingrich,1035
Cheatham,Delegate,At-Large,Republican,Matthew Jerry Johnson - Gingrich,980
Cheatham,Delegate,At-Large,Republican,Matthew Smith - Perry,114
Cheatham,Delegate,At-Large,Republican,Randal Boyd - Romney,609
Cheatham,Delegate,At-Large,Republican,Rob Ailey - Romney,603
Cheatham,Delegate,At-Large,Republican,Robert Tyler Prince - Uncommitted,523
Cheatham,Delegate,At-Large,Republican,Ron Ramsey - Perry,203
Cheatham,Delegate,At-Large,Republican,Ronald Lanfear - Paul,355
Cheatham,Delegate,At-Large,Republican,Rosine Ghawji - Uncommitted,468
Cheatham,Delegate,At-Large,Republican,Ruth B. Hagerty - Romney,454
Cheatham,Delegate,At-Large,Republican,Sandy Crawford - Uncommitted,566
Cheatham,Delegate,At-Large,Republican,Shalia Lankford - Perry,132
Cheatham,Delegate,At-Large,Republican,Sindy Ramsey - Perry,126
Cheatham,Delegate,At-Large,Republican,Stacey Campfield - Gingrich,1038
Cheatham,Delegate,At-Large,Republican,Steve Allbrooks - Romney,649
Cheatham,Delegate,At-Large,Republican,Steve Buttry - Romney,522
Cheatham,Delegate,At-Large,Republican,Steven Warhurst - Paul,332
Cheatham,Delegate,At-Large,Republican,Susan Richardson Williams - Romney,249
Cheatham,Delegate,At-Large,Republican,Thomas Smith - Perry,112
Cheatham,Delegate,At-Large,Republican,Tiffany Ramsey Goforth - Perry,266
Cheatham,Delegate,At-Large,Republican,Tony Shipley - Gingrich,954
Cheatham,Delegate,At-Large,Republican,Victor Ashe - Huntsman,176
Cheatham,Delegate,At-Large,Republican,Wendell Moore - Romney,389
Cheatham,Delegate,At-Large,Republican,Willis Ayres - Gingrich,1012
Cheatham,Delegate,At-Large,Republican,Winfield Dunn - Romney,525
Cheatham,Presidential Preference,NA,Democratic,Barack Obama,214
Cheatham,Presidential Preference,NA,Democratic,Uncommitted,29
Cheatham,Presidential Preference,NA,Republican,"Charles ""Buddy"" Roemer",9
Cheatham,Presidential Preference,NA,Republican,Gary Johnson,4
Cheatham,Presidential Preference,NA,Republican,Jon Huntsman,7
Cheatham,Presidential Preference,NA,Republican,Michele Bachmann,13
Cheatham,Presidential Preference,NA,Republican,Mitt Romney,648
Cheatham,Presidential Preference,NA,Republican,Newt Gingrich,917
Cheatham,Presidential Preference,NA,Republican,Rick Perry,9
Cheatham,Presidential Preference,NA,Republican,Rick Santorum,1458
Cheatham,Presidential Preference,NA,Republican,Ron Paul,304
Cheatham,Presidential Preference,NA,Republican,Uncommitted,9
Chester,Delegate,7,Republican,Ammon Smartt - Romney,148
Chester,Delegate,7,Republican,Barrett Rich - Romney,154
Chester,Delegate,7,Republican,Corey M. Stockman - Paul,119
Chester,Delegate,7,Republican,Gary Shane Goolsby - Paul,114
Chester,Delegate,7,Republican,John Elkington - Perry,29
Chester,Delegate,7,Republican,Kenny Crenshaw - Paul,112
Chester,Delegate,7,Republican,"Martha ""Jane"" Pleasant - Gingrich",243
Chester,Delegate,7,Republican,Mary Kate Brown - Romney,174
Chester,Delegate,7,Republican,Monty Lankford - Perry,30
Chester,Delegate,7,Republican,Reta Galbraith - Gingrich,247
Chester,Delegate,7,Republican,"W.C. ""Bubba"" Pleasant - Gingrich",245
Chester,Delegate,At-Large,Republican,Alexander Oaks Waters - Huntsman,44
Chester,Delegate,At-Large,Republican,Andre Flanary - Paul,133
Chester,Delegate,At-Large,Republican,Beth Campbell - Romney,189
Chester,Delegate,At-Large,Republican,Brian Kelsey - Perry,44
Chester,Delegate,At-Large,Republican,C. Mack Patton - Gingrich,288
Chester,Delegate,At-Large,Republican,Crom Carmichael - Gingrich,286
Chester,Delegate,At-Large,Republican,Daniel Rawls - Paul,115
Chester,Delegate,At-Large,Republican,Donna K. Appleget - Paul,164
Chester,Delegate,At-Large,Republican,Elaine Laney Heard - Perry,54
Chester,Delegate,At-Large,Republican,Gail D. Patton - Gingrich,288
Chester,Delegate,At-Large,Republican,Gary Allen - Paul,179
Chester,Delegate,At-Large,Republican,Gary Ellis - Paul,144
Chester,Delegate,At-Large,Republican,Jason Davis - Paul,162
Chester,Delegate,At-Large,Republican,Jeff Pedigo - Paul,122
Chester,Delegate,At-Large,Republican,Jessica Frizzell - Perry,71
Chester,Delegate,At-Large,Republican,Jim Looney - Romney,151
Chester,Delegate,At-Large,Republican,Joel Crenshaw - Paul,164
Chester,Delegate,At-Large,Republican,John Crisp - Romney,183
Chester,Delegate,At-Large,Republican,John Gardner - Gingrich,311
Chester,Delegate,At-Large,Republican,John Wayne Cropp - Romney,172
Chester,Delegate,At-Large,Republican,Josh Brown - Romney,221
Chester,Delegate,At-Large,Republican,Juanita Thouin - Uncommitted,127
Chester,Delegate,At-Large,Republican,Julia Hurley - Romney,170
Chester,Delegate,At-Large,Republican,Justin Pitt - Romney,128
Chester,Delegate,At-Large,Republican,Kyle Gregory Perry - Paul,109
Chester,Delegate,At-Large,Republican,Larry Bates - Perry,64
Chester,Delegate,At-Large,Republican,Mark White - Romney,67
Chester,Delegate,At-Large,Republican,Mark Winslow - Gingrich,284
Chester,Delegate,At-Large,Republican,Martha Ruth Brown - Gingrich,310
Chester,Delegate,At-Large,Republican,Matthew Jerry Johnson - Gingrich,289
Chester,Delegate,At-Large,Republican,Matthew Smith - Perry,25
Chester,Delegate,At-Large,Republican,Randal Boyd - Romney,230
Chester,Delegate,At-Large,Republican,Rob Ailey - Romney,219
Chester,Delegate,At-Large,Republican,Robert Tyler Prince - Uncommitted,164
Chester,Delegate,At-Large,Republican,Ron Ramsey - Perry,43
Chester,Delegate,At-Large,Republican,Ronald Lanfear - Paul,122
Chester,Delegate,At-Large,Republican,Rosine Ghawji - Uncommitted,144
Chester,Delegate,At-Large,Republican,Ruth B. Hagerty - Romney,172
Chester,Delegate,At-Large,Republican,Sandy Crawford - Uncommitted,188
Chester,Delegate,At-Large,Republican,Shalia Lankford - Perry,33
Chester,Delegate,At-Large,Republican,Sindy Ramsey - Perry,26
Chester,Delegate,At-Large,Republican,Stacey Campfield - Gingrich,305
Chester,Delegate,At-Large,Republican,Steve Allbrooks - Romney,236
Chester,Delegate,At-Large,Republican,Steve Buttry - Romney,204
Chester,Delegate,At-Large,Republican,Steven Warhurst - Paul,120
Chester,Delegate,At-Large,Republican,Susan Richardson Williams - Romney,75
Chester,Delegate,At-Large,Republican,Thomas Smith - Perry,25
Chester,Delegate,At-Large,Republican,Tiffany Ramsey Goforth - Perry,67
Chester,Delegate,At-Large,Republican,Tony Shipley - Gingrich,294
Chester,Delegate,At-Large,Republican,Victor Ashe - Huntsman,49
Chester,Delegate,At-Large,Republican,Wendell Moore - Romney,155
Chester,Delegate,At-Large,Republican,Willis Ayres - Gingrich,293
Chester,Delegate,At-Large,Republican,Winfield Dunn - Romney,186
Chester,Presidential Preference,NA,Democratic,Barack Obama,72
Chester,Presidential Preference,NA,Democratic,Uncommitted,14
Chester,Presidential Preference,NA,Republican,Michele Bachmann,7
Chester,Presidential Preference,NA,Republican,Mitt Romney,294
Chester,Presidential Preference,NA,Republican,Newt Gingrich,310
Chester,Presidential Preference,NA,Republican,Rick Perry,5
Chester,Presidential Preference,NA,Republican,Rick Santorum,661
Chester,Presidential Preference,NA,Republican,Ron Paul,138
Chester,Presidential Preference,NA,Republican,Uncommitted,2
Claiborne,Delegate,3,Republican,Barbara Dallanegra - Paul,148
Claiborne,Delegate,3,Republican,Bobby Wood - Gingrich,370
Claiborne,Delegate,3,Republican,Daniel Appleget - Paul,162
Claiborne,Delegate,3,Republican,Emily Beaty - Romney,307
Claiborne,Delegate,3,Republican,Hobart L. Rice - Romney,174
Claiborne,Delegate,3,Republican,J.B. Underwood - Paul,160
Claiborne,Delegate,3,Republican,Jeanne E. Wood - Gingrich,312
Claiborne,Delegate,3,Republican,Jennifer Inman Little - Romney,307
Claiborne,Delegate,3,Republican,John S. Stanbery - Gingrich,380
Claiborne,Delegate,3,Republican,Milan M. Blake - Perry,58
Claiborne,Delegate,3,Republican,Oscar Brock - Romney,309
Claiborne,Delegate,3,Republican,Teresa Wood - Gingrich,131
Claiborne,Delegate,At-Large,Republican,Alexander Oaks Waters - Huntsman,91
Claiborne,Delegate,At-Large,Republican,Andre Flanary - Paul,175
Claiborne,Delegate,At-Large,Republican,Beth Campbell - Romney,379
Claiborne,Delegate,At-Large,Republican,Brian Kelsey - Perry,65
Claiborne,Delegate,At-Large,Republican,C. Mack Patton - Gingrich,428
Claiborne,Delegate,At-Large,Republican,Crom Carmichael - Gingrich,439
Claiborne,Delegate,At-Large,Republican,Daniel Rawls - Paul,167
Claiborne,Delegate,At-Large,Republican,Donna K. Appleget - Paul,250
Claiborne,Delegate,At-Large,Republican,Elaine Laney Heard - Perry,75
Claiborne,Delegate,At-Large,Republican,Gail D. Patton - Gingrich,436
Claiborne,Delegate,At-Large,Republican,Gary Allen - Paul,243
Claiborne,Delegate,At-Large,Republican,Gary Ellis - Paul,204
Claiborne,Delegate,At-Large,Republican,Jason Davis - Paul,217
Claiborne,Delegate,At-Large,Republican,Jeff Pedigo - Paul,168
Claiborne,Delegate,At-Large,Republican,Jessica Frizzell - Perry,99
Claiborne,Delegate,At-Large,Republican,Jim Looney - Romney,265
Claiborne,Delegate,At-Large,Republican,Joel Crenshaw - Paul,211
Claiborne,Delegate,At-Large,Republican,John Crisp - Romney,340
Claiborne,Delegate,At-Large,Republican,John Gardner - Gingrich,459
Claiborne,Delegate,At-Large,Republican,John Wayne Cropp - Romney,324
Claiborne,Delegate,At-Large,Republican,Josh Brown - Romney,411
Claiborne,Delegate,At-Large,Republican,Juanita Thouin - Uncommitted,166
Claiborne,Delegate,At-Large,Republican,Julia Hurley - Romney,307
Claiborne,Delegate,At-Large,Republican,Justin Pitt - Romney,243
Claiborne,Delegate,At-Large,Republican,Kyle Gregory Perry - Paul,170
Claiborne,Delegate,At-Large,Republican,Larry Bates - Perry,101
Claiborne,Delegate,At-Large,Republican,Mark White - Romney,145
Claiborne,Delegate,At-Large,Republican,Mark Winslow - Gingrich,405
Claiborne,Delegate,At-Large,Republican,Martha Ruth Brown - Gingrich,459
Claiborne,Delegate,At-Large,Republican,Matthew Jerry Johnson - Gingrich,449
Claiborne,Delegate,At-Large,Republican,Matthew Smith - Perry,37
Claiborne,Delegate,At-Large,Republican,Randal Boyd - Romney,432
Claiborne,Delegate,At-Large,Republican,Rob Ailey - Romney,450
Claiborne,Delegate,At-Large,Republican,Robert Tyler Prince - Uncommitted,213
Claiborne,Delegate,At-Large,Republican,Ron Ramsey - Perry,93
Claiborne,Delegate,At-Large,Republican,Ronald Lanfear - Paul,172
Claiborne,Delegate,At-Large,Republican,Rosine Ghawji - Uncommitted,173
Claiborne,Delegate,At-Large,Republican,Ruth B. Hagerty - Romney,305
Claiborne,Delegate,At-Large,Republican,Sandy Crawford - Uncommitted,237
Claiborne,Delegate,At-Large,Republican,Shalia Lankford - Perry,45
Claiborne,Delegate,At-Large,Republican,Sindy Ramsey - Perry,54
Claiborne,Delegate,At-Large,Republican,Stacey Campfield - Gingrich,497
Claiborne,Delegate,At-Large,Republican,Steve Allbrooks - Romney,451
Claiborne,Delegate,At-Large,Republican,Steve Buttry - Romney,389
Claiborne,Delegate,At-Large,Republican,Steven Warhurst - Paul,155
Claiborne,Delegate,At-Large,Republican,Susan Richardson Williams - Romney,168
Claiborne,Delegate,At-Large,Republican,Thomas Smith - Perry,34
Claiborne,Delegate,At-Large,Republican,Tiffany Ramsey Goforth - Perry,100
Claiborne,Delegate,At-Large,Republican,Tony Shipley - Gingrich,424
Claiborne,Delegate,At-Large,Republican,Victor Ashe - Huntsman,164
Claiborne,Delegate,At-Large,Republican,Wendell Moore - Romney,257
Claiborne,Delegate,At-Large,Republican,Willis Ayres - Gingrich,464
Claiborne,Delegate,At-Large,Republican,Winfield Dunn - Romney,363
Claiborne,Presidential Preference,NA,Democratic,Barack Obama,117
Claiborne,Presidential Preference,NA,Democratic,Uncommitted,22
Claiborne,Presidential Preference,NA,Republican,"Charles ""Buddy"" Roemer",7
Claiborne,Presidential Preference,NA,Republican,Jon Huntsman,5
Claiborne,Presidential Preference,NA,Republican,Michele Bachmann,14
Claiborne,Presidential Preference,NA,Republican,Mitt Romney,671
Claiborne,Presidential Preference,NA,Republican,Newt Gingrich,534
Claiborne,Presidential Preference,NA,Republican,Rick Perry,7
Claiborne,Presidential Preference,NA,Republican,Rick Santorum,789
Claiborne,Presidential Preference,NA,Republican,Ron Paul,171
Claiborne,Presidential Preference,NA,Republican,Uncommitted,6
Clay,Delegate,6,Republican,Beth Cox - Romney,25
Clay,Delegate,6,Republican,Chad White - Romney,5
Clay,Delegate,6,Republican,Christopher Stephen Hughes - Gingrich,36
Clay,Delegate,6,Republican,Debra K. Copass - Romney,30
Clay,Delegate,6,Republican,Joe Carr - Gingrich,48
Clay,Delegate,6,Republican,Justin Wax - Perry,2
Clay,Delegate,6,Republican,Mark Abbotoy - Paul,28
Clay,Delegate,6,Republican,Randy Stamps - Romney,27
Clay,Delegate,6,Republican,Sofia Carnicelli Grey - Paul,30
Clay,Delegate,6,Republican,Susan Witcher - Gingrich,49
Clay,Delegate,6,Republican,Terri Lynn Weaver - Gingrich,57
Clay,Delegate,6,Republican,Terry Barnes - Uncommitted,24
Clay,Delegate,At-Large,Republican,Alexander Oaks Waters - Huntsman,15
Clay,Delegate,At-Large,Republican,Andre Flanary - Paul,32
Clay,Delegate,At-Large,Republican,Beth Campbell - Romney,37
Clay,Delegate,At-Large,Republican,Brian Kelsey - Perry,8
Clay,Delegate,At-Large,Republican,C. Mack Patton - Gingrich,54
Clay,Delegate,At-Large,Republican,Crom Carmichael - Gingrich,54
Clay,Delegate,At-Large,Republican,Daniel Rawls - Paul,29
Clay,Delegate,At-Large,Republican,Donna K. Appleget - Paul,36
Clay,Delegate,At-Large,Republican,Elaine Laney Heard - Perry,10
Clay,Delegate,At-Large,Republican,Gail D. Patton - Gingrich,56
Clay,Delegate,At-Large,Republican,Gary Allen - Paul,47
Clay,Delegate,At-Large,Republican,Gary Ellis - Paul,43
Clay,Delegate,At-Large,Republican,Jason Davis - Paul,38
Clay,Delegate,At-Large,Republican,Jeff Pedigo - Paul,42
Clay,Delegate,At-Large,Republican,Jessica Frizzell - Perry,14
Clay,Delegate,At-Large,Republican,Jim Looney - Romney,24
Clay,Delegate,At-Large,Republican,Joel Crenshaw - Paul,38
Clay,Delegate,At-Large,Republican,John Crisp - Romney,33
Clay,Delegate,At-Large,Republican,John Gardner - Gingrich,58
Clay,Delegate,At-Large,Republican,John Wayne Cropp - Romney,32
Clay,Delegate,At-Large,Republican,Josh Brown - Romney,40
Clay,Delegate,At-Large,Republican,Juanita Thouin - Uncommitted,13
Clay,Delegate,At-Large,Republican,Julia Hurley - Romney,27
Clay,Delegate,At-Large,Republican,Justin Pitt - Romney,22
Clay,Delegate,At-Large,Republican,Kyle Gregory Perry - Paul,32
Clay,Delegate,At-Large,Republican,Larry Bates - Perry,15
Clay,Delegate,At-Large,Republican,Mark White - Romney,17
Clay,Delegate,At-Large,Republican,Mark Winslow - Gingrich,50
Clay,Delegate,At-Large,Republican,Martha Ruth Brown - Gingrich,65
Clay,Delegate,At-Large,Republican,Matthew Jerry Johnson - Gingrich,55
Clay,Delegate,At-Large,Republican,Matthew Smith - Perry,13
Clay,Delegate,At-Large,Republican,Randal Boyd - Romney,35
Clay,Delegate,At-Large,Republican,Rob Ailey - Romney,36
Clay,Delegate,At-Large,Republican,Robert Tyler Prince - Uncommitted,21
Clay,Delegate,At-Large,Republican,Ron Ramsey - Perry,29
Clay,Delegate,At-Large,Republican,Ronald Lanfear - Paul,31
Clay,Delegate,At-Large,Republican,Rosine Ghawji - Uncommitted,17
Clay,Delegate,At-Large,Republican,Ruth B. Hagerty - Romney,26
Clay,Delegate,At-Large,Republican,Sandy Crawford - Uncommitted,25
Clay,Delegate,At-Large,Republican,Shalia Lankford - Perry,7
Clay,Delegate,At-Large,Republican,Sindy Ramsey - Perry,11
Clay,Delegate,At-Large,Republican,Stacey Campfield - Gingrich,56
Clay,Delegate,At-Large,Republican,Steve Allbrooks - Romney,32
Clay,Delegate,At-Large,Republican,Steve Buttry - Romney,37
Clay,Delegate,At-Large,Republican,Steven Warhurst - Paul,28
Clay,Delegate,At-Large,Republican,Susan Richardson Williams - Romney,16
Clay,Delegate,At-Large,Republican,Thomas Smith - Perry,9
Clay,Delegate,At-Large,Republican,Tiffany Ramsey Goforth - Perry,13
Clay,Delegate,At-Large,Republican,Tony Shipley - Gingrich,57
Clay,Delegate,At-Large,Republican,Victor Ashe - Huntsman,18
Clay,Delegate,At-Large,Republican,Wendell Moore - Romney,30
Clay,Delegate,At-Large,Republican,Willis Ayres - Gingrich,58
Clay,Delegate,At-Large,Republican,Winfield Dunn - Romney,43
Clay,Presidential Preference,NA,Democratic,Barack Obama,60
Clay,Presidential Preference,NA,Democratic,Uncommitted,6
Clay,Presidential Preference,NA,Republican,"Charles ""Buddy"" Roemer",1
Clay,Presidential Preference,NA,Republican,Mitt Romney,99
Clay,Presidential Preference,NA,Republican,Newt Gingrich,144
Clay,Presidential Preference,NA,Republican,Rick Perry,3
Clay,Presidential Preference,NA,Republican,Rick Santorum,197
Clay,Presidential Preference,NA,Republican,Ron Paul,47
Cocke,Delegate,1,Republican,Alicia Mumpower - Romney,277
Cocke,Delegate,1,Republican,Charles Cook - Paul,192
Cocke,Delegate,1,Republican,David Golden - Romney,302
Cocke,Delegate,1,Republican,Dustin Goforth - Perry,44
Cocke,Delegate,1,Republican,Gregg Richardson - Paul,184
Cocke,Delegate,1,Republican,"Jeffrey ""Bo"" Shultz - Uncommitted",152
Cocke,Delegate,1,Republican,Jennifer Flanary - Uncommitted,161
Cocke,Delegate,1,Republican,Jesse Overbey - Uncommitted,139
Cocke,Delegate,1,Republican,Jordan G. Young - Perry,57
Cocke,Delegate,1,Republican,Linda D. Buckles - Gingrich,469
Cocke,Delegate,1,Republican,Linda L. Osborne - Gingrich,470
Cocke,Delegate,1,Republican,Michael H. Simpson - Paul,101
Cocke,Delegate,1,Republican,P K Lowrey - Paul,125
Cocke,Delegate,1,Republican,Phil Hoskins - Gingrich,496
Cocke,Delegate,1,Republican,Warren Jones - Romney,304
Cocke,Delegate,At-Large,Republican,Alexander Oaks Waters - Huntsman,222
Cocke,Delegate,At-Large,Republican,Andre Flanary - Paul,192
Cocke,Delegate,At-Large,Republican,Beth Campbell - Romney,434
Cocke,Delegate,At-Large,Republican,Brian Kelsey - Perry,93
Cocke,Delegate,At-Large,Republican,C. Mack Patton - Gingrich,449
Cocke,Delegate,At-Large,Republican,Crom Carmichael - Gingrich,422
Cocke,Delegate,At-Large,Republican,Daniel Rawls - Paul,167
Cocke,Delegate,At-Large,Republican,Donna K. Appleget - Paul,281
Cocke,Delegate,At-Large,Republican,Elaine Laney Heard - Perry,72
Cocke,Delegate,At-Large,Republican,Gail D. Patton - Gingrich,486
Cocke,Delegate,At-Large,Republican,Gary Allen - Paul,360
Cocke,Delegate,At-Large,Republican,Gary Ellis - Paul,296
Cocke,Delegate,At-Large,Republican,Jason Davis - Paul,259
Cocke,Delegate,At-Large,Republican,Jeff Pedigo - Paul,204
Cocke,Delegate,At-Large,Republican,Jessica Frizzell - Perry,100
Cocke,Delegate,At-Large,Republican,Jim Looney - Romney,265
Cocke,Delegate,At-Large,Republican,Joel Crenshaw - Paul,234
Cocke,Delegate,At-Large,Republican,John Crisp - Romney,343
Cocke,Delegate,At-Large,Republican,John Gardner - Gingrich,519
Cocke,Delegate,At-Large,Republican,John Wayne Cropp - Romney,349
Cocke,Delegate,At-Large,Republican,Josh Brown - Romney,387
Cocke,Delegate,At-Large,Republican,Juanita Thouin - Uncommitted,151
Cocke,Delegate,At-Large,Republican,Julia Hurley - Romney,328
Cocke,Delegate,At-Large,Republican,Justin Pitt - Romney,251
Cocke,Delegate,At-Large,Republican,Kyle Gregory Perry - Paul,209
Cocke,Delegate,At-Large,Republican,Larry Bates - Perry,120
Cocke,Delegate,At-Large,Republican,Mark White - Romney,192
Cocke,Delegate,At-Large,Republican,Mark Winslow - Gingrich,392
Cocke,Delegate,At-Large,Republican,Martha Ruth Brown - Gingrich,514
Cocke,Delegate,At-Large,Republican,Matthew Jerry Johnson - Gingrich,469
Cocke,Delegate,At-Large,Republican,Matthew Smith - Perry,114
Cocke,Delegate,At-Large,Republican,Randal Boyd - Romney,349
Cocke,Delegate,At-Large,Republican,Rob Ailey - Romney,399
Cocke,Delegate,At-Large,Republican,Robert Tyler Prince - Uncommitted,183
Cocke,Delegate,At-Large,Republican,Ron Ramsey - Perry,242
Cocke,Delegate,At-Large,Republican,Ronald Lanfear - Paul,201
Cocke,Delegate,At-Large,Republican,Rosine Ghawji - Uncommitted,152
Cocke,Delegate,At-Large,Republican,Ruth B. Hagerty - Romney,299
Cocke,Delegate,At-Large,Republican,Sandy Crawford - Uncommitted,229
Cocke,Delegate,At-Large,Republican,Shalia Lankford - Perry,73
Cocke,Delegate,At-Large,Republican,Sindy Ramsey - Perry,86
Cocke,Delegate,At-Large,Republican,Stacey Campfield - Gingrich,583
Cocke,Delegate,At-Large,Republican,Steve Allbrooks - Romney,357
Cocke,Delegate,At-Large,Republican,Steve Buttry - Romney,329
Cocke,Delegate,At-Large,Republican,Steven Warhurst - Paul,164
Cocke,Delegate,At-Large,Republican,Susan Richardson Williams - Romney,184
Cocke,Delegate,At-Large,Republican,Thomas Smith - Perry,90
Cocke,Delegate,At-Large,Republican,Tiffany Ramsey Goforth - Perry,90
Cocke,Delegate,At-Large,Republican,Tony Shipley - Gingrich,450
Cocke,Delegate,At-Large,Republican,Victor Ashe - Huntsman,665
Cocke,Delegate,At-Large,Republican,Wendell Moore - Romney,312
Cocke,Delegate,At-Large,Republican,Willis Ayres - Gingrich,474
Cocke,Delegate,At-Large,Republican,Winfield Dunn - Romney,544
Cocke,Presidential Preference,NA,Democratic,Barack Obama,75
Cocke,Presidential Preference,NA,Democratic,Uncommitted,9
Cocke,Presidential Preference,NA,Republican,"Charles ""Buddy"" Roemer",10
Cocke,Presidential Preference,NA,Republican,Gary Johnson,11
Cocke,Presidential Preference,NA,Republican,Jon Huntsman,11
Cocke,Presidential Preference,NA,Republican,Michele Bachmann,18
Cocke,Presidential Preference,NA,Republican,Mitt Romney,1049
Cocke,Presidential Preference,NA,Republican,Newt Gingrich,857
Cocke,Presidential Preference,NA,Republican,Rick Perry,30
Cocke,Presidential Preference,NA,Republican,Rick Santorum,1389
Cocke,Presidential Preference,NA,Republican,Ron Paul,317
Cocke,Presidential Preference,NA,Republican,Uncommitted,50
Coffee,Delegate,4,Republican,Amanda Griffith - Paul,503
Coffee,Delegate,4,Republican,Annette Sapp - Gingrich,1140
Coffee,Delegate,4,Republican,David French - Romney,766
Coffee,Delegate,4,Republican,David G. Bearden - Paul,472
Coffee,Delegate,4,Republican,Jason Whatley - Romney,699
Coffee,Delegate,4,Republican,Kristopher D. Miller - Perry,249
Coffee,Delegate,4,Republican,Mary Ellen Redford - Paul,229
Coffee,Delegate,4,Republican,Nancy French - Romney,735
Coffee,Delegate,4,Republican,Robert Crigger - Uncommitted,600
Coffee,Delegate,4,Republican,Steven Lane - Paul,445
Coffee,Delegate,4,Republican,Tommy Lee Francis - Perry,272
Coffee,Delegate,At-Large,Republican,Alexander Oaks Waters - Huntsman,124
Coffee,Delegate,At-Large,Republican,Andre Flanary - Paul,464
Coffee,Delegate,At-Large,Republican,Beth Campbell - Romney,862
Coffee,Delegate,At-Large,Republican,Brian Kelsey - Perry,164
Coffee,Delegate,At-Large,Republican,C. Mack Patton - Gingrich,1134
Coffee,Delegate,At-Large,Republican,Crom Carmichael - Gingrich,1122
Coffee,Delegate,At-Large,Republican,Daniel Rawls - Paul,466
Coffee,Delegate,At-Large,Republican,Donna K. Appleget - Paul,566
Coffee,Delegate,At-Large,Republican,Elaine Laney Heard - Perry,258
Coffee,Delegate,At-Large,Republican,Gail D. Patton - Gingrich,1145
Coffee,Delegate,At-Large,Republican,Gary Allen - Paul,654
Coffee,Delegate,At-Large,Republican,Gary Ellis - Paul,501
Coffee,Delegate,At-Large,Republican,Jason Davis - Paul,563
Coffee,Delegate,At-Large,Republican,Jeff Pedigo - Paul,501
Coffee,Delegate,At-Large,Republican,Jessica Frizzell - Perry,276
Coffee,Delegate,At-Large,Republican,Jim Looney - Romney,727
Coffee,Delegate,At-Large,Republican,Joel Crenshaw - Paul,549
Coffee,Delegate,At-Large,Republican,John Crisp - Romney,750
Coffee,Delegate,At-Large,Republican,John Gardner - Gingrich,1207
Coffee,Delegate,At-Large,Republican,John Wayne Cropp - Romney,727
Coffee,Delegate,At-Large,Republican,Josh Brown - Romney,847
Coffee,Delegate,At-Large,Republican,Juanita Thouin - Uncommitted,482
Coffee,Delegate,At-Large,Republican,Julia Hurley - Romney,796
Coffee,Delegate,At-Large,Republican,Justin Pitt - Romney,674
Coffee,Delegate,At-Large,Republican,Kyle Gregory Perry - Paul,492
Coffee,Delegate,At-Large,Republican,Larry Bates - Perry,274
Coffee,Delegate,At-Large,Republican,Mark White - Romney,341
Coffee,Delegate,At-Large,Republican,Mark Winslow - Gingrich,1121
Coffee,Delegate,At-Large,Republican,Martha Ruth Brown - Gingrich,1186
Coffee,Delegate,At-Large,Republican,Matthew Jerry Johnson - Gingrich,1152
Coffee,Delegate,At-Large,Republican,Matthew Smith - Perry,126
Coffee,Delegate,At-Large,Republican,Randal Boyd - Romney,840
Coffee,Delegate,At-Large,Republican,Rob Ailey - Romney,722
Coffee,Delegate,At-Large,Republican,Robert Tyler Prince - Uncommitted,606
Coffee,Delegate,At-Large,Republican,Ron Ramsey - Perry,220
Coffee,Delegate,At-Large,Republican,Ronald Lanfear - Paul,462
Coffee,Delegate,At-Large,Republican,Rosine Ghawji - Uncommitted,495
Coffee,Delegate,At-Large,Republican,Ruth B. Hagerty - Romney,771
Coffee,Delegate,At-Large,Republican,Sandy Crawford - Uncommitted,637
Coffee,Delegate,At-Large,Republican,Shalia Lankford - Perry,142
Coffee,Delegate,At-Large,Republican,Sindy Ramsey - Perry,144
Coffee,Delegate,At-Large,Republican,Stacey Campfield - Gingrich,1171
Coffee,Delegate,At-Large,Republican,Steve Allbrooks - Romney,775
Coffee,Delegate,At-Large,Republican,Steve Buttry - Romney,778
Coffee,Delegate,At-Large,Republican,Steven Warhurst - Paul,468
Coffee,Delegate,At-Large,Republican,Susan Richardson Williams - Romney,318
Coffee,Delegate,At-Large,Republican,Thomas Smith - Perry,128
Coffee,Delegate,At-Large,Republican,Tiffany Ramsey Goforth - Perry,281
Coffee,Delegate,At-Large,Republican,Tony Shipley - Gingrich,1143
Coffee,Delegate,At-Large,Republican,Victor Ashe - Huntsman,139
Coffee,Delegate,At-Large,Republican,Wendell Moore - Romney,731
Coffee,Delegate,At-Large,Republican,Willis Ayres - Gingrich,1200
Coffee,Delegate,At-Large,Republican,Winfield Dunn - Romney,810
Coffee,Presidential Preference,NA,Democratic,Barack Obama,430
Coffee,Presidential Preference,NA,Democratic,Uncommitted,105
Coffee,Presidential Preference,NA,Republican,"Charles ""Buddy"" Roemer",5
Coffee,Presidential Preference,NA,Republican,Gary Johnson,5
Coffee,Presidential Preference,NA,Republican,Jon Huntsman,6
Coffee,Presidential Preference,NA,Republican,Michele Bachmann,6
Coffee,Presidential Preference,NA,Republican,Mitt Romney,1243
Coffee,Presidential Preference,NA,Republican,Newt Gingrich,1302
Coffee,Presidential Preference,NA,Republican,Rick Perry,8
Coffee,Presidential Preference,NA,Republican,Rick Santorum,1952
Coffee,Presidential Preference,NA,Republican,Ron Paul,477
Coffee,Presidential Preference,NA,Republican,Uncommitted,17
Crockett,Delegate,8,Republican,Adrian Eddleman - Paul,77
Crockett,Delegate,8,Republican,Betty Anderson - Romney,86
Crockett,Delegate,8,Republican,Bob D. Anderson - Romney,72
Crockett,Delegate,8,Republican,Emily H. Shore - Gingrich,132
Crockett,Delegate,8,Republican,James William Shore - Gingrich,113
Crockett,Delegate,8,Republican,Jeremie Schultz - Paul,61
Crockett,Delegate,8,Republican,Jim Summerville - Perry,13
Crockett,Delegate,8,Republican,Mark E. Green - Perry,34
Crockett,Delegate,8,Republican,Mike Peery - Gingrich,154
Crockett,Delegate,8,Republican,Oneida Wagoner - Romney,14
Crockett,Delegate,8,Republican,Steve Maroney - Romney,75
Crockett,Delegate,8,Republican,Ted Williams - Perry,23
Crockett,Delegate,8,Republican,Tiffany Doyle - Paul,73
Crockett,Delegate,At-Large,Republican,Alexander Oaks Waters - Huntsman,55
Crockett,Delegate,At-Large,Republican,Andre Flanary - Paul,52
Crockett,Delegate,At-Large,Republican,Beth Campbell - Romney,107
Crockett,Delegate,At-Large,Republican,Brian Kelsey - Perry,27
Crockett,Delegate,At-Large,Republican,C. Mack Patton - Gingrich,122
Crockett,Delegate,At-Large,Republican,Crom Carmichael - Gingrich,123
Crockett,Delegate,At-Large,Republican,Daniel Rawls - Paul,53
Crockett,Delegate,At-Large,Republican,Donna K. Appleget - Paul,77
Crockett,Delegate,At-Large,Republican,Elaine Laney Heard - Perry,31
Crockett,Delegate,At-Large,Republican,Gail D. Patton - Gingrich,133
Crockett,Delegate,At-Large,Republican,Gary Allen - Paul,119
Crockett,Delegate,At-Large,Republican,Gary Ellis - Paul,94
Crockett,Delegate,At-Large,Republican,Jason Davis - Paul,80
Crockett,Delegate,At-Large,Republican,Jeff Pedigo - Paul,50
Crockett,Delegate,At-Large,Republican,Jessica Frizzell - Perry,31
Crockett,Delegate,At-Large,Republican,Jim Looney - Romney,79
Crockett,Delegate,At-Large,Republican,Joel Crenshaw - Paul,81
Crockett,Delegate,At-Large,Republican,John Crisp - Romney,90
Crockett,Delegate,At-Large,Republican,John Gardner - Gingrich,169
Crockett,Delegate,At-Large,Republican,John Wayne Cropp - Romney,84
Crockett,Delegate,At-Large,Republican,Josh Brown - Romney,106
Crockett,Delegate,At-Large,Republican,Juanita Thouin - Uncommitted,28
Crockett,Delegate,At-Large,Republican,Julia Hurley - Romney,83
Crockett,Delegate,At-Large,Republican,Justin Pitt - Romney,63
Crockett,Delegate,At-Large,Republican,Kyle Gregory Perry - Paul,61
Crockett,Delegate,At-Large,Republican,Larry Bates - Perry,42
Crockett,Delegate,At-Large,Republican,Mark White - Romney,36
Crockett,Delegate,At-Large,Republican,Mark Winslow - Gingrich,99
Crockett,Delegate,At-Large,Republican,Martha Ruth Brown - Gingrich,134
Crockett,Delegate,At-Large,Republican,Matthew Jerry Johnson - Gingrich,132
Crockett,Delegate,At-Large,Republican,Matthew Smith - Perry,24
Crockett,Delegate,At-Large,Republican,Randal Boyd - Romney,85
Crockett,Delegate,At-Large,Republican,Rob Ailey - Romney,90
Crockett,Delegate,At-Large,Republican,Robert Tyler Prince - Uncommitted,41
Crockett,Delegate,At-Large,Republican,Ron Ramsey - Perry,71
Crockett,Delegate,At-Large,Republican,Ronald Lanfear - Paul,55
Crockett,Delegate,At-Large,Republican,Rosine Ghawji - Uncommitted,30
Crockett,Delegate,At-Large,Republican,Ruth B. Hagerty - Romney,75
Crockett,Delegate,At-Large,Republican,Sandy Crawford - Uncommitted,56
Crockett,Delegate,At-Large,Republican,Shalia Lankford - Perry,20
Crockett,Delegate,At-Large,Republican,Sindy Ramsey - Perry,36
Crockett,Delegate,At-Large,Republican,Stacey Campfield - Gingrich,138
Crockett,Delegate,At-Large,Republican,Steve Allbrooks - Romney,90
Crockett,Delegate,At-Large,Republican,Steve Buttry - Romney,87
Crockett,Delegate,At-Large,Republican,Steven Warhurst - Paul,39
Crockett,Delegate,At-Large,Republican,Susan Richardson Williams - Romney,29
Crockett,Delegate,At-Large,Republican,Thomas Smith - Perry,23
Crockett,Delegate,At-Large,Republican,Tiffany Ramsey Goforth - Perry,30
Crockett,Delegate,At-Large,Republican,Tony Shipley - Gingrich,109
Crockett,Delegate,At-Large,Republican,Victor Ashe - Huntsman,67
Crockett,Delegate,At-Large,Republican,Wendell Moore - Romney,74
Crockett,Delegate,At-Large,Republican,Willis Ayres - Gingrich,124
Crockett,Delegate,At-Large,Republican,Winfield Dunn - Romney,123
Crockett,Presidential Preference,NA,Democratic,Barack Obama,328
Crockett,Presidential Preference,NA,Democratic,Uncommitted,170
Crockett,Presidential Preference,NA,Republican,"Charles ""Buddy"" Roemer",4
Crockett,Presidential Preference,NA,Republican,Gary Johnson,3
Crockett,Presidential Preference,NA,Republican,Jon Huntsman,5
Crockett,Presidential Preference,NA,Republican,Michele Bachmann,9
Crockett,Presidential Preference,NA,Republican,Mitt Romney,357
Crockett,Presidential Preference,NA,Republican,Newt Gingrich,345
Crockett,Presidential Preference,NA,Republican,Rick Perry,6
Crockett,Presidential Preference,NA,Republican,Rick Santorum,697
Crockett,Presidential Preference,NA,Republican,Ron Paul,134
Crockett,Presidential Preference,NA,Republican,Uncommitted,18
Cumberland,Delegate,4,Republican,Amanda Griffith - Paul,642
Cumberland,Delegate,4,Republican,Annette Sapp - Gingrich,1623
Cumberland,Delegate,4,Republican,David French - Romney,1194
Cumberland,Delegate,4,Republican,David G. Bearden - Paul,558
Cumberland,Delegate,4,Republican,Jason Whatley - Romney,1035
Cumberland,Delegate,4,Republican,Kristopher D. Miller - Perry,382
Cumberland,Delegate,4,Republican,Mary Ellen Redford - Paul,316
Cumberland,Delegate,4,Republican,Nancy French - Romney,1147
Cumberland,Delegate,4,Republican,Robert Crigger - Uncommitted,561
Cumberland,Delegate,4,Republican,Steven Lane - Paul,535
Cumberland,Delegate,4,Republican,Tommy Lee Francis - Perry,440
Cumberland,Delegate,4,Republican,Write-in - Barbara D. Gregson - Gingrich,8
Cumberland,Delegate,4,Republican,Write-in - Donna L. McDermott - Gingrich,3
Cumberland,Delegate,At-Large,Republican,Alexander Oaks Waters - Huntsman,551
Cumberland,Delegate,At-Large,Republican,Andre Flanary - Paul,518
Cumberland,Delegate,At-Large,Republican,Beth Campbell - Romney,1649
Cumberland,Delegate,At-Large,Republican,Brian Kelsey - Perry,274
Cumberland,Delegate,At-Large,Republican,C. Mack Patton - Gingrich,1502
Cumberland,Delegate,At-Large,Republican,Crom Carmichael - Gingrich,1388
Cumberland,Delegate,At-Large,Republican,Daniel Rawls - Paul,442
Cumberland,Delegate,At-Large,Republican,Donna K. Appleget - Paul,710
Cumberland,Delegate,At-Large,Republican,Elaine Laney Heard - Perry,260
Cumberland,Delegate,At-Large,Republican,Gail D. Patton - Gingrich,1562
Cumberland,Delegate,At-Large,Republican,Gary Allen - Paul,837
Cumberland,Delegate,At-Large,Republican,Gary Ellis - Paul,672
Cumberland,Delegate,At-Large,Republican,Jason Davis - Paul,679
Cumberland,Delegate,At-Large,Republican,Jeff Pedigo - Paul,570
Cumberland,Delegate,At-Large,Republican,Jessica Frizzell - Perry,331
Cumberland,Delegate,At-Large,Republican,Jim Looney - Romney,1377
Cumberland,Delegate,At-Large,Republican,Joel Crenshaw - Paul,632
Cumberland,Delegate,At-Large,Republican,John Crisp - Romney,1486
Cumberland,Delegate,At-Large,Republican,John Gardner - Gingrich,1666
Cumberland,Delegate,At-Large,Republican,John Wayne Cropp - Romney,1383
Cumberland,Delegate,At-Large,Republican,Josh Brown - Romney,1590
Cumberland,Delegate,At-Large,Republican,Juanita Thouin - Uncommitted,527
Cumberland,Delegate,At-Large,Republican,Julia Hurley - Romney,1361
Cumberland,Delegate,At-Large,Republican,Justin Pitt - Romney,1121
Cumberland,Delegate,At-Large,Republican,Kyle Gregory Perry - Paul,519
Cumberland,Delegate,At-Large,Republican,Larry Bates - Perry,366
Cumberland,Delegate,At-Large,Republican,Mark White - Romney,753
Cumberland,Delegate,At-Large,Republican,Mark Winslow - Gingrich,1217
Cumberland,Delegate,At-Large,Republican,Martha Ruth Brown - Gingrich,1603
Cumberland,Delegate,At-Large,Republican,Matthew Jerry Johnson - Gingrich,1485
Cumberland,Delegate,At-Large,Republican,Matthew Smith - Perry,287
Cumberland,Delegate,At-Large,Republican,Randal Boyd - Romney,1528
Cumberland,Delegate,At-Large,Republican,Rob Ailey - Romney,1463
Cumberland,Delegate,At-Large,Republican,Robert Tyler Prince - Uncommitted,635
Cumberland,Delegate,At-Large,Republican,Ron Ramsey - Perry,492
Cumberland,Delegate,At-Large,Republican,Ronald Lanfear - Paul,527
Cumberland,Delegate,At-Large,Republican,Rosine Ghawji - Uncommitted,588
Cumberland,Delegate,At-Large,Republican,Ruth B. Hagerty - Romney,1269
Cumberland,Delegate,At-Large,Republican,Sandy Crawford - Uncommitted,771
Cumberland,Delegate,At-Large,Republican,Shalia Lankford - Perry,228
Cumberland,Delegate,At-Large,Republican,Sindy Ramsey - Perry,269
Cumberland,Delegate,At-Large,Republican,Stacey Campfield - Gingrich,1643
Cumberland,Delegate,At-Large,Republican,Steve Allbrooks - Romney,1480
Cumberland,Delegate,At-Large,Republican,Steve Buttry - Romney,1372
Cumberland,Delegate,At-Large,Republican,Steven Warhurst - Paul,426
Cumberland,Delegate,At-Large,Republican,Susan Richardson Williams - Romney,689
Cumberland,Delegate,At-Large,Republican,Thomas Smith - Perry,263
Cumberland,Delegate,At-Large,Republican,Tiffany Ramsey Goforth - Perry,290
Cumberland,Delegate,At-Large,Republican,Tony Shipley - Gingrich,1273
Cumberland,Delegate,At-Large,Republican,Victor Ashe - Huntsman,946
Cumberland,Delegate,At-Large,Republican,Wendell Moore - Romney,1217
Cumberland,Delegate,At-Large,Republican,Willis Ayres - Gingrich,1473
Cumberland,Delegate,At-Large,Republican,Winfield Dunn - Romney,1491
Cumberland,Presidential Preference,NA,Democratic,Barack Obama,593
Cumberland,Presidential Preference,NA,Democratic,Uncommitted,132
Cumberland,Presidential Preference,NA,Republican,"Charles ""Buddy"" Roemer",22
Cumberland,Presidential Preference,NA,Republican,Gary Johnson,6
Cumberland,Presidential Preference,NA,Republican,Jon Huntsman,24
Cumberland,Presidential Preference,NA,Republican,Michele Bachmann,28
Cumberland,Presidential Preference,NA,Republican,Mitt Romney,2881
Cumberland,Presidential Preference,NA,Republican,Newt Gingrich,2098
Cumberland,Presidential Preference,NA,Republican,Rick Perry,34
Cumberland,Presidential Preference,NA,Republican,Rick Santorum,3334
Cumberland,Presidential Preference,NA,Republican,Ron Paul,688
Cumberland,Presidential Preference,NA,Republican,Uncommitted,68
Davidson,Circuit Court Division III,20,Democratic,Phillip Robinson,11097
Davidson,Circuit Court Division III,20,Democratic,Stanley A. Kweller,3893
Davidson,Delegate,5,Republican,Bob Schwartz - Gingrich,10115
Davidson,Delegate,5,Republican,Chrissy Hagerty - Romney,8913
Davidson,Delegate,5,Republican,George B. Stadler - Romney,7229
Davidson,Delegate,5,Republican,John Patrick Shorter - Romney,7551
Davidson,Delegate,5,Republican,Raul Lopez - Perry,4284
Davidson,Delegate,5,Republican,Shiri Anderson - Romney,6348
Davidson,Delegate,5,Republican,Write-in - Anthony Roberts - Gingrich,18
Davidson,Delegate,7,Republican,Ammon Smartt - Romney,1159
Davidson,Delegate,7,Republican,Barrett Rich - Romney,1230
Davidson,Delegate,7,Republican,Corey M. Stockman - Paul,405
Davidson,Delegate,7,Republican,Gary Shane Goolsby - Paul,409
Davidson,Delegate,7,Republican,John Elkington - Perry,128
Davidson,Delegate,7,Republican,Kenny Crenshaw - Paul,436
Davidson,Delegate,7,Republican,"Martha ""Jane"" Pleasant - Gingrich",959
Davidson,Delegate,7,Republican,Mary Kate Brown - Romney,1300
Davidson,Delegate,7,Republican,Monty Lankford - Perry,137
Davidson,Delegate,7,Republican,Reta Galbraith - Gingrich,946
Davidson,Delegate,7,Republican,"W.C. ""Bubba"" Pleasant - Gingrich",893
Davidson,Delegate,At-Large,Republican,Alexander Oaks Waters - Huntsman,1522
Davidson,Delegate,At-Large,Republican,Andre Flanary - Paul,4454
Davidson,Delegate,At-Large,Republican,Beth Campbell - Romney,9783
Davidson,Delegate,At-Large,Republican,Brian Kelsey - Perry,1868
Davidson,Delegate,At-Large,Republican,C. Mack Patton - Gingrich,8734
Davidson,Delegate,At-Large,Republican,Crom Carmichael - Gingrich,8974
Davidson,Delegate,At-Large,Republican,Daniel Rawls - Paul,4443
Davidson,Delegate,At-Large,Republican,Donna K. Appleget - Paul,5315
Davidson,Delegate,At-Large,Republican,Elaine Laney Heard - Perry,2829
Davidson,Delegate,At-Large,Republican,Gail D. Patton - Gingrich,8897
Davidson,Delegate,At-Large,Republican,Gary Allen - Paul,5817
Davidson,Delegate,At-Large,Republican,Gary Ellis - Paul,4947
Davidson,Delegate,At-Large,Republican,Jason Davis - Paul,5116
Davidson,Delegate,At-Large,Republican,Jeff Pedigo - Paul,4597
Davidson,Delegate,At-Large,Republican,Jessica Frizzell - Perry,3004
Davidson,Delegate,At-Large,Republican,Jim Looney - Romney,8127
Davidson,Delegate,At-Large,Republican,Joel Crenshaw - Paul,5116
Davidson,Delegate,At-Large,Republican,John Crisp - Romney,8632
Davidson,Delegate,At-Large,Republican,John Gardner - Gingrich,9147
Davidson,Delegate,At-Large,Republican,John Wayne Cropp - Romney,8160
Davidson,Delegate,At-Large,Republican,Josh Brown - Romney,9274
Davidson,Delegate,At-Large,Republican,Juanita Thouin - Uncommitted,3882
Davidson,Delegate,At-Large,Republican,Julia Hurley - Romney,8643
Davidson,Delegate,At-Large,Republican,Justin Pitt - Romney,7450
Davidson,Delegate,At-Large,Republican,Kyle Gregory Perry - Paul,4508
Davidson,Delegate,At-Large,Republican,Larry Bates - Perry,2911
Davidson,Delegate,At-Large,Republican,Mark White - Romney,4121
Davidson,Delegate,At-Large,Republican,Mark Winslow - Gingrich,8658
Davidson,Delegate,At-Large,Republican,Martha Ruth Brown - Gingrich,9306
Davidson,Delegate,At-Large,Republican,Matthew Jerry Johnson - Gingrich,8711
Davidson,Delegate,At-Large,Republican,Matthew Smith - Perry,1462
Davidson,Delegate,At-Large,Republican,Randal Boyd - Romney,9030
Davidson,Delegate,At-Large,Republican,Rob Ailey - Romney,7582
Davidson,Delegate,At-Large,Republican,Robert Tyler Prince - Uncommitted,4704
Davidson,Delegate,At-Large,Republican,Ron Ramsey - Perry,2847
Davidson,Delegate,At-Large,Republican,Ronald Lanfear - Paul,4415
Davidson,Delegate,At-Large,Republican,Rosine Ghawji - Uncommitted,4059
Davidson,Delegate,At-Large,Republican,Ruth B. Hagerty - Romney,8672
Davidson,Delegate,At-Large,Republican,Sandy Crawford - Uncommitted,4901
Davidson,Delegate,At-Large,Republican,Shalia Lankford - Perry,1532
Davidson,Delegate,At-Large,Republican,Sindy Ramsey - Perry,1663
Davidson,Delegate,At-Large,Republican,Stacey Campfield - Gingrich,9261
Davidson,Delegate,At-Large,Republican,Steve Allbrooks - Romney,8680
Davidson,Delegate,At-Large,Republican,Steve Buttry - Romney,8875
Davidson,Delegate,At-Large,Republican,Steven Warhurst - Paul,4283
Davidson,Delegate,At-Large,Republican,Susan Richardson Williams - Romney,4104
Davidson,Delegate,At-Large,Republican,Thomas Smith - Perry,1364
Davidson,Delegate,At-Large,Republican,Tiffany Ramsey Goforth - Perry,2893
Davidson,Delegate,At-Large,Republican,Tony Shipley - Gingrich,8705
Davidson,Delegate,At-Large,Republican,Victor Ashe - Huntsman,2057
Davidson,Delegate,At-Large,Republican,Wendell Moore - Romney,8207
Davidson,Delegate,At-Large,Republican,Willis Ayres - Gingrich,8924
Davidson,Delegate,At-Large,Republican,Winfield Dunn - Romney,10139
Davidson,Delegate,At-Large,Republican,Write-in - Chad Jackson - Gingrich,2
Davidson,Delegate,At-Large,Republican,Write-in - Sandra Lea Waller - Uncommitted,1
Davidson,Presidential Preference,NA,Democratic,Barack Obama,15452
Davidson,Presidential Preference,NA,Democratic,Uncommitted,937
Davidson,Presidential Preference,NA,Republican,"Charles ""Buddy"" Roemer",50
Davidson,Presidential Preference,NA,Republican,Gary Johnson,20
Davidson,Presidential Preference,NA,Republican,Jon Huntsman,67
Davidson,Presidential Preference,NA,Republican,Michele Bachmann,78
Davidson,Presidential Preference,NA,Republican,Mitt Romney,11757
Davidson,Presidential Preference,NA,Republican,Newt Gingrich,8568
Davidson,Presidential Preference,NA,Republican,Rick Perry,55
Davidson,Presidential Preference,NA,Republican,Rick Santorum,10924
Davidson,Presidential Preference,NA,Republican,Ron Paul,3923
Davidson,Presidential Preference,NA,Republican,Uncommitted,116
DeKalb,Delegate,6,Republican,Beth Cox - Romney,84
DeKalb,Delegate,6,Republican,Chad White - Romney,48
DeKalb,Delegate,6,Republican,Christopher Stephen Hughes - Gingrich,144
DeKalb,Delegate,6,Republican,Debra K. Copass - Romney,72
DeKalb,Delegate,6,Republican,Joe Carr - Gingrich,171
DeKalb,Delegate,6,Republican,Justin Wax - Perry,35
DeKalb,Delegate,6,Republican,Mark Abbotoy - Paul,69
DeKalb,Delegate,6,Republican,Randy Stamps - Romney,80
DeKalb,Delegate,6,Republican,Sofia Carnicelli Grey - Paul,61
DeKalb,Delegate,6,Republican,Susan Witcher - Gingrich,82
DeKalb,Delegate,6,Republican,Terri Lynn Weaver - Gingrich,405
DeKalb,Delegate,6,Republican,Terry Barnes - Uncommitted,85
DeKalb,Delegate,At-Large,Republican,Alexander Oaks Waters - Huntsman,82
DeKalb,Delegate,At-Large,Republican,Andre Flanary - Paul,79
DeKalb,Delegate,At-Large,Republican,Beth Campbell - Romney,158
DeKalb,Delegate,At-Large,Republican,Brian Kelsey - Perry,30
DeKalb,Delegate,At-Large,Republican,C. Mack Patton - Gingrich,196
DeKalb,Delegate,At-Large,Republican,Crom Carmichael - Gingrich,176
DeKalb,Delegate,At-Large,Republican,Daniel Rawls - Paul,75
DeKalb,Delegate,At-Large,Republican,Donna K. Appleget - Paul,117
DeKalb,Delegate,At-Large,Republican,Elaine Laney Heard - Perry,35
DeKalb,Delegate,At-Large,Republican,Gail D. Patton - Gingrich,200
DeKalb,Delegate,At-Large,Republican,Gary Allen - Paul,137
DeKalb,Delegate,At-Large,Republican,Gary Ellis - Paul,100
DeKalb,Delegate,At-Large,Republican,Jason Davis - Paul,98
DeKalb,Delegate,At-Large,Republican,Jeff Pedigo - Paul,103
DeKalb,Delegate,At-Large,Republican,Jessica Frizzell - Perry,38
DeKalb,Delegate,At-Large,Republican,Jim Looney - Romney,110
DeKalb,Delegate,At-Large,Republican,Joel Crenshaw - Paul,96
DeKalb,Delegate,At-Large,Republican,John Crisp - Romney,125
DeKalb,Delegate,At-Large,Republican,John Gardner - Gingrich,227
DeKalb,Delegate,At-Large,Republican,John Wayne Cropp - Romney,126
DeKalb,Delegate,At-Large,Republican,Josh Brown - Romney,135
DeKalb,Delegate,At-Large,Republican,Juanita Thouin - Uncommitted,59
DeKalb,Delegate,At-Large,Republican,Julia Hurley - Romney,111
DeKalb,Delegate,At-Large,Republican,Justin Pitt - Romney,97
DeKalb,Delegate,At-Large,Republican,Kyle Gregory Perry - Paul,77
DeKalb,Delegate,At-Large,Republican,Larry Bates - Perry,45
DeKalb,Delegate,At-Large,Republican,Mark White - Romney,60
DeKalb,Delegate,At-Large,Republican,Mark Winslow - Gingrich,169
DeKalb,Delegate,At-Large,Republican,Martha Ruth Brown - Gingrich,220
DeKalb,Delegate,At-Large,Republican,Matthew Jerry Johnson - Gingrich,207
DeKalb,Delegate,At-Large,Republican,Matthew Smith - Perry,27
DeKalb,Delegate,At-Large,Republican,Randal Boyd - Romney,129
DeKalb,Delegate,At-Large,Republican,Rob Ailey - Romney,129
DeKalb,Delegate,At-Large,Republican,Robert Tyler Prince - Uncommitted,69
DeKalb,Delegate,At-Large,Republican,Ron Ramsey - Perry,85
DeKalb,Delegate,At-Large,Republican,Ronald Lanfear - Paul,83
DeKalb,Delegate,At-Large,Republican,Rosine Ghawji - Uncommitted,67
DeKalb,Delegate,At-Large,Republican,Ruth B. Hagerty - Romney,105
DeKalb,Delegate,At-Large,Republican,Sandy Crawford - Uncommitted,92
DeKalb,Delegate,At-Large,Republican,Shalia Lankford - Perry,29
DeKalb,Delegate,At-Large,Republican,Sindy Ramsey - Perry,30
DeKalb,Delegate,At-Large,Republican,Stacey Campfield - Gingrich,207
DeKalb,Delegate,At-Large,Republican,Steve Allbrooks - Romney,127
DeKalb,Delegate,At-Large,Republican,Steve Buttry - Romney,118
DeKalb,Delegate,At-Large,Republican,Steven Warhurst - Paul,63
DeKalb,Delegate,At-Large,Republican,Susan Richardson Williams - Romney,58
DeKalb,Delegate,At-Large,Republican,Thomas Smith - Perry,19
DeKalb,Delegate,At-Large,Republican,Tiffany Ramsey Goforth - Perry,31
DeKalb,Delegate,At-Large,Republican,Tony Shipley - Gingrich,177
DeKalb,Delegate,At-Large,Republican,Victor Ashe - Huntsman,90
DeKalb,Delegate,At-Large,Republican,Wendell Moore - Romney,106
DeKalb,Delegate,At-Large,Republican,Willis Ayres - Gingrich,203
DeKalb,Delegate,At-Large,Republican,Winfield Dunn - Romney,151
DeKalb,Presidential Preference,NA,Democratic,Barack Obama,580
DeKalb,Presidential Preference,NA,Democratic,Uncommitted,212
DeKalb,Presidential Preference,NA,Republican,"Charles ""Buddy"" Roemer",2
DeKalb,Presidential Preference,NA,Republican,Gary Johnson,1
DeKalb,Presidential Preference,NA,Republican,Michele Bachmann,3
DeKalb,Presidential Preference,NA,Republican,Mitt Romney,316
DeKalb,Presidential Preference,NA,Republican,Newt Gingrich,407
DeKalb,Presidential Preference,NA,Republican,Rick Perry,8
DeKalb,Presidential Preference,NA,Republican,Rick Santorum,487
DeKalb,Presidential Preference,NA,Republican,Ron Paul,107
DeKalb,Presidential Preference,NA,Republican,Uncommitted,6
Decatur,Delegate,7,Republican,Ammon Smartt - Romney,108
Decatur,Delegate,7,Republican,Barrett Rich - Romney,124
Decatur,Delegate,7,Republican,Corey M. Stockman - Paul,111
Decatur,Delegate,7,Republican,Gary Shane Goolsby - Paul,112
Decatur,Delegate,7,Republican,John Elkington - Perry,16
Decatur,Delegate,7,Republican,Kenny Crenshaw - Paul,123
Decatur,Delegate,7,Republican,"Martha ""Jane"" Pleasant - Gingrich",164
Decatur,Delegate,7,Republican,Mary Kate Brown - Romney,118
Decatur,Delegate,7,Republican,Monty Lankford - Perry,21
Decatur,Delegate,7,Republican,Reta Galbraith - Gingrich,167
Decatur,Delegate,7,Republican,"W.C. ""Bubba"" Pleasant - Gingrich",157
Decatur,Delegate,At-Large,Republican,Alexander Oaks Waters - Huntsman,24
Decatur,Delegate,At-Large,Republican,Andre Flanary - Paul,118
Decatur,Delegate,At-Large,Republican,Beth Campbell - Romney,142
Decatur,Delegate,At-Large,Republican,Brian Kelsey - Perry,29
Decatur,Delegate,At-Large,Republican,C. Mack Patton - Gingrich,163
Decatur,Delegate,At-Large,Republican,Crom Carmichael - Gingrich,165
Decatur,Delegate,At-Large,Republican,Daniel Rawls - Paul,117
Decatur,Delegate,At-Large,Republican,Donna K. Appleget - Paul,128
Decatur,Delegate,At-Large,Republican,Elaine Laney Heard - Perry,34
Decatur,Delegate,At-Large,Republican,Gail D. Patton - Gingrich,161
Decatur,Delegate,At-Large,Republican,Gary Allen - Paul,152
Decatur,Delegate,At-Large,Republican,Gary Ellis - Paul,122
Decatur,Delegate,At-Large,Republican,Jason Davis - Paul,123
Decatur,Delegate,At-Large,Republican,Jeff Pedigo - Paul,117
Decatur,Delegate,At-Large,Republican,Jessica Frizzell - Perry,36
Decatur,Delegate,At-Large,Republican,Jim Looney - Romney,127
Decatur,Delegate,At-Large,Republican,Joel Crenshaw - Paul,132
Decatur,Delegate,At-Large,Republican,John Crisp - Romney,130
Decatur,Delegate,At-Large,Republican,John Gardner - Gingrich,179
Decatur,Delegate,At-Large,Republican,John Wayne Cropp - Romney,122
Decatur,Delegate,At-Large,Republican,Josh Brown - Romney,137
Decatur,Delegate,At-Large,Republican,Juanita Thouin - Uncommitted,81
Decatur,Delegate,At-Large,Republican,Julia Hurley - Romney,127
Decatur,Delegate,At-Large,Republican,Justin Pitt - Romney,107
Decatur,Delegate,At-Large,Republican,Kyle Gregory Perry - Paul,119
Decatur,Delegate,At-Large,Republican,Larry Bates - Perry,39
Decatur,Delegate,At-Large,Republican,Mark White - Romney,64
Decatur,Delegate,At-Large,Republican,Mark Winslow - Gingrich,160
Decatur,Delegate,At-Large,Republican,Martha Ruth Brown - Gingrich,181
Decatur,Delegate,At-Large,Republican,Matthew Jerry Johnson - Gingrich,171
Decatur,Delegate,At-Large,Republican,Matthew Smith - Perry,24
Decatur,Delegate,At-Large,Republican,Randal Boyd - Romney,142
Decatur,Delegate,At-Large,Republican,Rob Ailey - Romney,118
Decatur,Delegate,At-Large,Republican,Robert Tyler Prince - Uncommitted,98
Decatur,Delegate,At-Large,Republican,Ron Ramsey - Perry,33
Decatur,Delegate,At-Large,Republican,Ronald Lanfear - Paul,120
Decatur,Delegate,At-Large,Republican,Rosine Ghawji - Uncommitted,69
Decatur,Delegate,At-Large,Republican,Ruth B. Hagerty - Romney,129
Decatur,Delegate,At-Large,Republican,Sandy Crawford - Uncommitted,90
Decatur,Delegate,At-Large,Republican,Shalia Lankford - Perry,28
Decatur,Delegate,At-Large,Republican,Sindy Ramsey - Perry,23
Decatur,Delegate,At-Large,Republican,Stacey Campfield - Gingrich,167
Decatur,Delegate,At-Large,Republican,Steve Allbrooks - Romney,134
Decatur,Delegate,At-Large,Republican,Steve Buttry - Romney,134
Decatur,Delegate,At-Large,Republican,Steven Warhurst - Paul,118
Decatur,Delegate,At-Large,Republican,Susan Richardson Williams - Romney,54
Decatur,Delegate,At-Large,Republican,Thomas Smith - Perry,19
Decatur,Delegate,At-Large,Republican,Tiffany Ramsey Goforth - Perry,34
Decatur,Delegate,At-Large,Republican,Tony Shipley - Gingrich,155
Decatur,Delegate,At-Large,Republican,Victor Ashe - Huntsman,32
Decatur,Delegate,At-Large,Republican,Wendell Moore - Romney,125
Decatur,Delegate,At-Large,Republican,Willis Ayres - Gingrich,180
Decatur,Delegate,At-Large,Republican,Winfield Dunn - Romney,152
Decatur,Presidential Preference,NA,Democratic,Barack Obama,102
Decatur,Presidential Preference,NA,Democratic,Uncommitted,20
Decatur,Presidential Preference,NA,Republican,"Charles ""Buddy"" Roemer",1
Decatur,Presidential Preference,NA,Republican,Gary Johnson,4
Decatur,Presidential Preference,NA,Republican,Jon Huntsman,2
Decatur,Presidential Preference,NA,Republican,Michele Bachmann,2
Decatur,Presidential Preference,NA,Republican,Mitt Romney,217
Decatur,Presidential Preference,NA,Republican,Newt Gingrich,228
Decatur,Presidential Preference,NA,Republican,Rick Perry,3
Decatur,Presidential Preference,NA,Republican,Rick Santorum,309
Decatur,Presidential Preference,NA,Republican,Ron Paul,140
Decatur,Presidential Preference,NA,Republican,Uncommitted,3
Dickson,Delegate,8,Republican,Adrian Eddleman - Paul,343
Dickson,Delegate,8,Republican,Betty Anderson - Romney,493
Dickson,Delegate,8,Republican,Bob D. Anderson - Romney,493
Dickson,Delegate,8,Republican,Emily H. Shore - Gingrich,799
Dickson,Delegate,8,Republican,James William Shore - Gingrich,772
Dickson,Delegate,8,Republican,Jeremie Schultz - Paul,347
Dickson,Delegate,8,Republican,Jim Summerville - Perry,204
Dickson,Delegate,8,Republican,Mark E. Green - Perry,138
Dickson,Delegate,8,Republican,Mike Peery - Gingrich,874
Dickson,Delegate,8,Republican,Oneida Wagoner - Romney,183
Dickson,Delegate,8,Republican,Steve Maroney - Romney,424
Dickson,Delegate,8,Republican,Ted Williams - Perry,243
Dickson,Delegate,8,Republican,Tiffany Doyle - Paul,382
Dickson,Delegate,At-Large,Republican,Alexander Oaks Waters - Huntsman,144
Dickson,Delegate,At-Large,Republican,Andre Flanary - Paul,407
Dickson,Delegate,At-Large,Republican,Beth Campbell - Romney,598
Dickson,Delegate,At-Large,Republican,Brian Kelsey - Perry,173
Dickson,Delegate,At-Large,Republican,C. Mack Patton - Gingrich,944
Dickson,Delegate,At-Large,Republican,Crom Carmichael - Gingrich,955
Dickson,Delegate,At-Large,Republican,Daniel Rawls - Paul,373
Dickson,Delegate,At-Large,Republican,Donna K. Appleget - Paul,504
Dickson,Delegate,At-Large,Republican,Elaine Laney Heard - Perry,202
Dickson,Delegate,At-Large,Republican,Gail D. Patton - Gingrich,932
Dickson,Delegate,At-Large,Republican,Gary Allen - Paul,548
Dickson,Delegate,At-Large,Republican,Gary Ellis - Paul,453
Dickson,Delegate,At-Large,Republican,Jason Davis - Paul,504
Dickson,Delegate,At-Large,Republican,Jeff Pedigo - Paul,386
Dickson,Delegate,At-Large,Republican,Jessica Frizzell - Perry,269
Dickson,Delegate,At-Large,Republican,Jim Looney - Romney,432
Dickson,Delegate,At-Large,Republican,Joel Crenshaw - Paul,495
Dickson,Delegate,At-Large,Republican,John Crisp - Romney,510
Dickson,Delegate,At-Large,Republican,John Gardner - Gingrich,996
Dickson,Delegate,At-Large,Republican,John Wayne Cropp - Romney,500
Dickson,Delegate,At-Large,Republican,Josh Brown - Romney,676
Dickson,Delegate,At-Large,Republican,Juanita Thouin - Uncommitted,424
Dickson,Delegate,At-Large,Republican,Julia Hurley - Romney,491
Dickson,Delegate,At-Large,Republican,Justin Pitt - Romney,353
Dickson,Delegate,At-Large,Republican,Kyle Gregory Perry - Paul,392
Dickson,Delegate,At-Large,Republican,Larry Bates - Perry,267
Dickson,Delegate,At-Large,Republican,Mark White - Romney,218
Dickson,Delegate,At-Large,Republican,Mark Winslow - Gingrich,916
Dickson,Delegate,At-Large,Republican,Martha Ruth Brown - Gingrich,1023
Dickson,Delegate,At-Large,Republican,Matthew Jerry Johnson - Gingrich,967
Dickson,Delegate,At-Large,Republican,Matthew Smith - Perry,119
Dickson,Delegate,At-Large,Republican,Randal Boyd - Romney,686
Dickson,Delegate,At-Large,Republican,Rob Ailey - Romney,694
Dickson,Delegate,At-Large,Republican,Robert Tyler Prince - Uncommitted,573
Dickson,Delegate,At-Large,Republican,Ron Ramsey - Perry,220
Dickson,Delegate,At-Large,Republican,Ronald Lanfear - Paul,389
Dickson,Delegate,At-Large,Republican,Rosine Ghawji - Uncommitted,488
Dickson,Delegate,At-Large,Republican,Ruth B. Hagerty - Romney,491
Dickson,Delegate,At-Large,Republican,Sandy Crawford - Uncommitted,656
Dickson,Delegate,At-Large,Republican,Shalia Lankford - Perry,141
Dickson,Delegate,At-Large,Republican,Sindy Ramsey - Perry,130
Dickson,Delegate,At-Large,Republican,Stacey Campfield - Gingrich,1033
Dickson,Delegate,At-Large,Republican,Steve Allbrooks - Romney,788
Dickson,Delegate,At-Large,Republican,Steve Buttry - Romney,621
Dickson,Delegate,At-Large,Republican,Steven Warhurst - Paul,361
Dickson,Delegate,At-Large,Republican,Susan Richardson Williams - Romney,258
Dickson,Delegate,At-Large,Republican,Thomas Smith - Perry,107
Dickson,Delegate,At-Large,Republican,Tiffany Ramsey Goforth - Perry,244
Dickson,Delegate,At-Large,Republican,Tony Shipley - Gingrich,940
Dickson,Delegate,At-Large,Republican,Victor Ashe - Huntsman,161
Dickson,Delegate,At-Large,Republican,Wendell Moore - Romney,438
Dickson,Delegate,At-Large,Republican,Willis Ayres - Gingrich,1011
Dickson,Delegate,At-Large,Republican,Winfield Dunn - Romney,587
Dickson,Presidential Preference,NA,Democratic,Barack Obama,374
Dickson,Presidential Preference,NA,Democratic,Uncommitted,47
Dickson,Presidential Preference,NA,Republican,"Charles ""Buddy"" Roemer",4
Dickson,Presidential Preference,NA,Republican,Gary Johnson,3
Dickson,Presidential Preference,NA,Republican,Jon Huntsman,7
Dickson,Presidential Preference,NA,Republican,Michele Bachmann,14
Dickson,Presidential Preference,NA,Republican,Mitt Romney,894
Dickson,Presidential Preference,NA,Republican,Newt Gingrich,1022
Dickson,Presidential Preference,NA,Republican,Rick Perry,13
Dickson,Presidential Preference,NA,Republican,Rick Santorum,1773
Dickson,Presidential Preference,NA,Republican,Ron Paul,362
Dickson,Presidential Preference,NA,Republican,Uncommitted,12
Dyer,Delegate,8,Republican,Adrian Eddleman - Paul,145
Dyer,Delegate,8,Republican,Betty Anderson - Romney,228
Dyer,Delegate,8,Republican,Bob D. Anderson - Romney,216
Dyer,Delegate,8,Republican,Emily H. Shore - Gingrich,512
Dyer,Delegate,8,Republican,James William Shore - Gingrich,457
Dyer,Delegate,8,Republican,Jeremie Schultz - Paul,139
Dyer,Delegate,8,Republican,Jim Summerville - Perry,41
Dyer,Delegate,8,Republican,Mark E. Green - Perry,106
Dyer,Delegate,8,Republican,Mike Peery - Gingrich,563
Dyer,Delegate,8,Republican,Oneida Wagoner - Romney,66
Dyer,Delegate,8,Republican,Steve Maroney - Romney,224
Dyer,Delegate,8,Republican,Ted Williams - Perry,65
Dyer,Delegate,8,Republican,Tiffany Doyle - Paul,167
Dyer,Delegate,At-Large,Republican,Alexander Oaks Waters - Huntsman,159
Dyer,Delegate,At-Large,Republican,Andre Flanary - Paul,132
Dyer,Delegate,At-Large,Republican,Beth Campbell - Romney,333
Dyer,Delegate,At-Large,Republican,Brian Kelsey - Perry,72
Dyer,Delegate,At-Large,Republican,C. Mack Patton - Gingrich,485
Dyer,Delegate,At-Large,Republican,Crom Carmichael - Gingrich,454
Dyer,Delegate,At-Large,Republican,Daniel Rawls - Paul,118
Dyer,Delegate,At-Large,Republican,Donna K. Appleget - Paul,203
Dyer,Delegate,At-Large,Republican,Elaine Laney Heard - Perry,85
Dyer,Delegate,At-Large,Republican,Gail D. Patton - Gingrich,530
Dyer,Delegate,At-Large,Republican,Gary Allen - Paul,264
Dyer,Delegate,At-Large,Republican,Gary Ellis - Paul,192
Dyer,Delegate,At-Large,Republican,Jason Davis - Paul,194
Dyer,Delegate,At-Large,Republican,Jeff Pedigo - Paul,139
Dyer,Delegate,At-Large,Republican,Jessica Frizzell - Perry,87
Dyer,Delegate,At-Large,Republican,Jim Looney - Romney,218
Dyer,Delegate,At-Large,Republican,Joel Crenshaw - Paul,205
Dyer,Delegate,At-Large,Republican,John Crisp - Romney,316
Dyer,Delegate,At-Large,Republican,John Gardner - Gingrich,575
Dyer,Delegate,At-Large,Republican,John Wayne Cropp - Romney,269
Dyer,Delegate,At-Large,Republican,Josh Brown - Romney,307
Dyer,Delegate,At-Large,Republican,Juanita Thouin - Uncommitted,173
Dyer,Delegate,At-Large,Republican,Julia Hurley - Romney,248
Dyer,Delegate,At-Large,Republican,Justin Pitt - Romney,202
Dyer,Delegate,At-Large,Republican,Kyle Gregory Perry - Paul,135
Dyer,Delegate,At-Large,Republican,Larry Bates - Perry,141
Dyer,Delegate,At-Large,Republican,Mark White - Romney,135
Dyer,Delegate,At-Large,Republican,Mark Winslow - Gingrich,400
Dyer,Delegate,At-Large,Republican,Martha Ruth Brown - Gingrich,491
Dyer,Delegate,At-Large,Republican,Matthew Jerry Johnson - Gingrich,480
Dyer,Delegate,At-Large,Republican,Matthew Smith - Perry,86
Dyer,Delegate,At-Large,Republican,Randal Boyd - Romney,304
Dyer,Delegate,At-Large,Republican,Rob Ailey - Romney,298
Dyer,Delegate,At-Large,Republican,Robert Tyler Prince - Uncommitted,220
Dyer,Delegate,At-Large,Republican,Ron Ramsey - Perry,184
Dyer,Delegate,At-Large,Republican,Ronald Lanfear - Paul,139
Dyer,Delegate,At-Large,Republican,Rosine Ghawji - Uncommitted,187
Dyer,Delegate,At-Large,Republican,Ruth B. Hagerty - Romney,238
Dyer,Delegate,At-Large,Republican,Sandy Crawford - Uncommitted,245
Dyer,Delegate,At-Large,Republican,Shalia Lankford - Perry,52
Dyer,Delegate,At-Large,Republican,Sindy Ramsey - Perry,78
Dyer,Delegate,At-Large,Republican,Stacey Campfield - Gingrich,476
Dyer,Delegate,At-Large,Republican,Steve Allbrooks - Romney,290
Dyer,Delegate,At-Large,Republican,Steve Buttry - Romney,256
Dyer,Delegate,At-Large,Republican,Steven Warhurst - Paul,108
Dyer,Delegate,At-Large,Republican,Susan Richardson Williams - Romney,133
Dyer,Delegate,At-Large,Republican,Thomas Smith - Perry,79
Dyer,Delegate,At-Large,Republican,Tiffany Ramsey Goforth - Perry,87
Dyer,Delegate,At-Large,Republican,Tony Shipley - Gingrich,418
Dyer,Delegate,At-Large,Republican,Victor Ashe - Huntsman,180
Dyer,Delegate,At-Large,Republican,Wendell Moore - Romney,248
Dyer,Delegate,At-Large,Republican,Willis Ayres - Gingrich,466
Dyer,Delegate,At-Large,Republican,Winfield Dunn - Romney,375
Dyer,Presidential Preference,NA,Democratic,Barack Obama,202
Dyer,Presidential Preference,NA,Democratic,Uncommitted,35
Dyer,Presidential Preference,NA,Republican,"Charles ""Buddy"" Roemer",3
Dyer,Presidential Preference,NA,Republican,Gary Johnson,2
Dyer,Presidential Preference,NA,Republican,Jon Huntsman,8
Dyer,Presidential Preference,NA,Republican,Michele Bachmann,9
Dyer,Presidential Preference,NA,Republican,Mitt Romney,633
Dyer,Presidential Preference,NA,Republican,Newt Gingrich,738
Dyer,Presidential Preference,NA,Republican,Rick Perry,11
Dyer,Presidential Preference,NA,Republican,Rick Santorum,1263
Dyer,Presidential Preference,NA,Republican,Ron Paul,174
Dyer,Presidential Preference,NA,Republican,Uncommitted,10
Fayette,Delegate,7,Republican,Ammon Smartt - Romney,320
Fayette,Delegate,7,Republican,Barrett Rich - Romney,679
Fayette,Delegate,7,Republican,Corey M. Stockman - Paul,269
Fayette,Delegate,7,Republican,Gary Shane Goolsby - Paul,281
Fayette,Delegate,7,Republican,John Elkington - Perry,138
Fayette,Delegate,7,Republican,Kenny Crenshaw - Paul,364
Fayette,Delegate,7,Republican,"Martha ""Jane"" Pleasant - Gingrich",643
Fayette,Delegate,7,Republican,Mary Kate Brown - Romney,386
Fayette,Delegate,7,Republican,Monty Lankford - Perry,59
Fayette,Delegate,7,Republican,Reta Galbraith - Gingrich,623
Fayette,Delegate,7,Republican,"W.C. ""Bubba"" Pleasant - Gingrich",711
Fayette,Delegate,At-Large,Republican,Alexander Oaks Waters - Huntsman,190
Fayette,Delegate,At-Large,Republican,Andre Flanary - Paul,294
Fayette,Delegate,At-Large,Republican,Beth Campbell - Romney,565
Fayette,Delegate,At-Large,Republican,Brian Kelsey - Perry,188
Fayette,Delegate,At-Large,Republican,C. Mack Patton - Gingrich,608
Fayette,Delegate,At-Large,Republican,Crom Carmichael - Gingrich,575
Fayette,Delegate,At-Large,Republican,Daniel Rawls - Paul,259
Fayette,Delegate,At-Large,Republican,Donna K. Appleget - Paul,365
Fayette,Delegate,At-Large,Republican,Elaine Laney Heard - Perry,117
Fayette,Delegate,At-Large,Republican,Gail D. Patton - Gingrich,661
Fayette,Delegate,At-Large,Republican,Gary Allen - Paul,435
Fayette,Delegate,At-Large,Republican,Gary Ellis - Paul,355
Fayette,Delegate,At-Large,Republican,Jason Davis - Paul,328
Fayette,Delegate,At-Large,Republican,Jeff Pedigo - Paul,307
Fayette,Delegate,At-Large,Republican,Jessica Frizzell - Perry,142
Fayette,Delegate,At-Large,Republican,Jim Looney - Romney,451
Fayette,Delegate,At-Large,Republican,Joel Crenshaw - Paul,356
Fayette,Delegate,At-Large,Republican,John Crisp - Romney,556
Fayette,Delegate,At-Large,Republican,John Gardner - Gingrich,702
Fayette,Delegate,At-Large,Republican,John Wayne Cropp - Romney,486
Fayette,Delegate,At-Large,Republican,Josh Brown - Romney,538
Fayette,Delegate,At-Large,Republican,Juanita Thouin - Uncommitted,191
Fayette,Delegate,At-Large,Republican,Julia Hurley - Romney,487
Fayette,Delegate,At-Large,Republican,Justin Pitt - Romney,428
Fayette,Delegate,At-Large,Republican,Kyle Gregory Perry - Paul,285
Fayette,Delegate,At-Large,Republican,Larry Bates - Perry,172
Fayette,Delegate,At-Large,Republican,Mark White - Romney,296
Fayette,Delegate,At-Large,Republican,Mark Winslow - Gingrich,519
Fayette,Delegate,At-Large,Republican,Martha Ruth Brown - Gingrich,654
Fayette,Delegate,At-Large,Republican,Matthew Jerry Johnson - Gingrich,600
Fayette,Delegate,At-Large,Republican,Matthew Smith - Perry,110
Fayette,Delegate,At-Large,Republican,Randal Boyd - Romney,515
Fayette,Delegate,At-Large,Republican,Rob Ailey - Romney,510
Fayette,Delegate,At-Large,Republican,Robert Tyler Prince - Uncommitted,254
Fayette,Delegate,At-Large,Republican,Ron Ramsey - Perry,304
Fayette,Delegate,At-Large,Republican,Ronald Lanfear - Paul,303
Fayette,Delegate,At-Large,Republican,Rosine Ghawji - Uncommitted,200
Fayette,Delegate,At-Large,Republican,Ruth B. Hagerty - Romney,441
Fayette,Delegate,At-Large,Republican,Sandy Crawford - Uncommitted,296
Fayette,Delegate,At-Large,Republican,Shalia Lankford - Perry,94
Fayette,Delegate,At-Large,Republican,Sindy Ramsey - Perry,126
Fayette,Delegate,At-Large,Republican,Stacey Campfield - Gingrich,644
Fayette,Delegate,At-Large,Republican,Steve Allbrooks - Romney,520
Fayette,Delegate,At-Large,Republican,Steve Buttry - Romney,478
Fayette,Delegate,At-Large,Republican,Steven Warhurst - Paul,247
Fayette,Delegate,At-Large,Republican,Susan Richardson Williams - Romney,214
Fayette,Delegate,At-Large,Republican,Thomas Smith - Perry,102
Fayette,Delegate,At-Large,Republican,Tiffany Ramsey Goforth - Perry,136
Fayette,Delegate,At-Large,Republican,Tony Shipley - Gingrich,518
Fayette,Delegate,At-Large,Republican,Victor Ashe - Huntsman,228
Fayette,Delegate,At-Large,Republican,Wendell Moore - Romney,440
Fayette,Delegate,At-Large,Republican,Willis Ayres - Gingrich,571
Fayette,Delegate,At-Large,Republican,Winfield Dunn - Romney,678
Fayette,Presidential Preference,NA,Democratic,Barack Obama,347
Fayette,Presidential Preference,NA,Democratic,Uncommitted,15
Fayette,Presidential Preference,NA,Republican,"Charles ""Buddy"" Roemer",5
Fayette,Presidential Preference,NA,Republican,Jon Huntsman,6
Fayette,Presidential Preference,NA,Republican,Michele Bachmann,7
Fayette,Presidential Preference,NA,Republican,Mitt Romney,1098
Fayette,Presidential Preference,NA,Republican,Newt Gingrich,1024
Fayette,Presidential Preference,NA,Republican,Rick Perry,16
Fayette,Presidential Preference,NA,Republican,Rick Santorum,2034
Fayette,Presidential Preference,NA,Republican,Ron Paul,361
Fayette,Presidential Preference,NA,Republican,Uncommitted,9
Fentress,Delegate,4,Republican,Amanda Griffith - Paul,118
Fentress,Delegate,4,Republican,Annette Sapp - Gingrich,236
Fentress,Delegate,4,Republican,David French - Romney,187
Fentress,Delegate,4,Republican,David G. Bearden - Paul,104
Fentress,Delegate,4,Republican,Jason Whatley - Romney,158
Fentress,Delegate,4,Republican,Kristopher D. Miller - Perry,62
Fentress,Delegate,4,Republican,Mary Ellen Redford - Paul,56
Fentress,Delegate,4,Republican,Nancy French - Romney,161
Fentress,Delegate,4,Republican,Robert Crigger - Uncommitted,79
Fentress,Delegate,4,Republican,Steven Lane - Paul,91
Fentress,Delegate,4,Republican,Tommy Lee Francis - Perry,84
Fentress,Delegate,At-Large,Republican,Alexander Oaks Waters - Huntsman,110
Fentress,Delegate,At-Large,Republican,Andre Flanary - Paul,94
Fentress,Delegate,At-Large,Republican,Beth Campbell - Romney,205
Fentress,Delegate,At-Large,Republican,Brian Kelsey - Perry,44
Fentress,Delegate,At-Large,Republican,C. Mack Patton - Gingrich,247
Fentress,Delegate,At-Large,Republican,Crom Carmichael - Gingrich,229
Fentress,Delegate,At-Large,Republican,Daniel Rawls - Paul,87
Fentress,Delegate,At-Large,Republican,Donna K. Appleget - Paul,125
Fentress,Delegate,At-Large,Republican,Elaine Laney Heard - Perry,40
Fentress,Delegate,At-Large,Republican,Gail D. Patton - Gingrich,244
Fentress,Delegate,At-Large,Republican,Gary Allen - Paul,162
Fentress,Delegate,At-Large,Republican,Gary Ellis - Paul,123
Fentress,Delegate,At-Large,Republican,Jason Davis - Paul,134
Fentress,Delegate,At-Large,Republican,Jeff Pedigo - Paul,100
Fentress,Delegate,At-Large,Republican,Jessica Frizzell - Perry,53
Fentress,Delegate,At-Large,Republican,Jim Looney - Romney,144
Fentress,Delegate,At-Large,Republican,Joel Crenshaw - Paul,103
Fentress,Delegate,At-Large,Republican,John Crisp - Romney,186
Fentress,Delegate,At-Large,Republican,John Gardner - Gingrich,274
Fentress,Delegate,At-Large,Republican,John Wayne Cropp - Romney,173
Fentress,Delegate,At-Large,Republican,Josh Brown - Romney,194
Fentress,Delegate,At-Large,Republican,Juanita Thouin - Uncommitted,68
Fentress,Delegate,At-Large,Republican,Julia Hurley - Romney,166
Fentress,Delegate,At-Large,Republican,Justin Pitt - Romney,140
Fentress,Delegate,At-Large,Republican,Kyle Gregory Perry - Paul,93
Fentress,Delegate,At-Large,Republican,Larry Bates - Perry,64
Fentress,Delegate,At-Large,Republican,Mark White - Romney,107
Fentress,Delegate,At-Large,Republican,Mark Winslow - Gingrich,223
Fentress,Delegate,At-Large,Republican,Martha Ruth Brown - Gingrich,259
Fentress,Delegate,At-Large,Republican,Matthew Jerry Johnson - Gingrich,252
Fentress,Delegate,At-Large,Republican,Matthew Smith - Perry,60
Fentress,Delegate,At-Large,Republican,Randal Boyd - Romney,176
Fentress,Delegate,At-Large,Republican,Rob Ailey - Romney,185
Fentress,Delegate,At-Large,Republican,Robert Tyler Prince - Uncommitted,88
Fentress,Delegate,At-Large,Republican,Ron Ramsey - Perry,103
Fentress,Delegate,At-Large,Republican,Ronald Lanfear - Paul,96
Fentress,Delegate,At-Large,Republican,Rosine Ghawji - Uncommitted,75
Fentress,Delegate,At-Large,Republican,Ruth B. Hagerty - Romney,158
Fentress,Delegate,At-Large,Republican,Sandy Crawford - Uncommitted,109
Fentress,Delegate,At-Large,Republican,Shalia Lankford - Perry,45
Fentress,Delegate,At-Large,Republican,Sindy Ramsey - Perry,47
Fentress,Delegate,At-Large,Republican,Stacey Campfield - Gingrich,280
Fentress,Delegate,At-Large,Republican,Steve Allbrooks - Romney,182
Fentress,Delegate,At-Large,Republican,Steve Buttry - Romney,173
Fentress,Delegate,At-Large,Republican,Steven Warhurst - Paul,81
Fentress,Delegate,At-Large,Republican,Susan Richardson Williams - Romney,70
Fentress,Delegate,At-Large,Republican,Thomas Smith - Perry,60
Fentress,Delegate,At-Large,Republican,Tiffany Ramsey Goforth - Perry,46
Fentress,Delegate,At-Large,Republican,Tony Shipley - Gingrich,223
Fentress,Delegate,At-Large,Republican,Victor Ashe - Huntsman,171
Fentress,Delegate,At-Large,Republican,Wendell Moore - Romney,142
Fentress,Delegate,At-Large,Republican,Willis Ayres - Gingrich,243
Fentress,Delegate,At-Large,Republican,Winfield Dunn - Romney,224
Fentress,Presidential Preference,NA,Democratic,Barack Obama,165
Fentress,Presidential Preference,NA,Democratic,Uncommitted,18
Fentress,Presidential Preference,NA,Republican,"Charles ""Buddy"" Roemer",5
Fentress,Presidential Preference,NA,Republican,Gary Johnson,3
Fentress,Presidential Preference,NA,Republican,Jon Huntsman,3
Fentress,Presidential Preference,NA,Republican,Michele Bachmann,4
Fentress,Presidential Preference,NA,Republican,Mitt Romney,435
Fentress,Presidential Preference,NA,Republican,Newt Gingrich,374
Fentress,Presidential Preference,NA,Republican,Rick Perry,8
Fentress,Presidential Preference,NA,Republican,Rick Santorum,669
Fentress,Presidential Preference,NA,Republican,Ron Paul,100
Fentress,Presidential Preference,NA,Republican,Uncommitted,7
Franklin,Public Defender,12,Democratic,Jeff Harmon,842
Franklin,Delegate,4,Republican,Amanda Griffith - Paul,332
Franklin,Delegate,4,Republican,Annette Sapp - Gingrich,757
Franklin,Delegate,4,Republican,David French - Romney,535
Franklin,Delegate,4,Republican,David G. Bearden - Paul,296
Franklin,Delegate,4,Republican,Jason Whatley - Romney,486
Franklin,Delegate,4,Republican,Kristopher D. Miller - Perry,191
Franklin,Delegate,4,Republican,Mary Ellen Redford - Paul,177
Franklin,Delegate,4,Republican,Nancy French - Romney,510
Franklin,Delegate,4,Republican,Robert Crigger - Uncommitted,259
Franklin,Delegate,4,Republican,Steven Lane - Paul,237
Franklin,Delegate,4,Republican,Tommy Lee Francis - Perry,226
Franklin,Delegate,At-Large,Republican,Alexander Oaks Waters - Huntsman,285
Franklin,Delegate,At-Large,Republican,Andre Flanary - Paul,275
Franklin,Delegate,At-Large,Republican,Beth Campbell - Romney,622
Franklin,Delegate,At-Large,Republican,Brian Kelsey - Perry,120
Franklin,Delegate,At-Large,Republican,C. Mack Patton - Gingrich,712
Franklin,Delegate,At-Large,Republican,Crom Carmichael - Gingrich,670
Franklin,Delegate,At-Large,Republican,Daniel Rawls - Paul,242
Franklin,Delegate,At-Large,Republican,Donna K. Appleget - Paul,326
Franklin,Delegate,At-Large,Republican,Elaine Laney Heard - Perry,147
Franklin,Delegate,At-Large,Republican,Gail D. Patton - Gingrich,740
Franklin,Delegate,At-Large,Republican,Gary Allen - Paul,407
Franklin,Delegate,At-Large,Republican,Gary Ellis - Paul,314
Franklin,Delegate,At-Large,Republican,Jason Davis - Paul,366
Franklin,Delegate,At-Large,Republican,Jeff Pedigo - Paul,309
Franklin,Delegate,At-Large,Republican,Jessica Frizzell - Perry,155
Franklin,Delegate,At-Large,Republican,Jim Looney - Romney,475
Franklin,Delegate,At-Large,Republican,Joel Crenshaw - Paul,322
Franklin,Delegate,At-Large,Republican,John Crisp - Romney,563
Franklin,Delegate,At-Large,Republican,John Gardner - Gingrich,820
Franklin,Delegate,At-Large,Republican,John Wayne Cropp - Romney,537
Franklin,Delegate,At-Large,Republican,Josh Brown - Romney,599
Franklin,Delegate,At-Large,Republican,Juanita Thouin - Uncommitted,272
Franklin,Delegate,At-Large,Republican,Julia Hurley - Romney,525
Franklin,Delegate,At-Large,Republican,Justin Pitt - Romney,450
Franklin,Delegate,At-Large,Republican,Kyle Gregory Perry - Paul,285
Franklin,Delegate,At-Large,Republican,Larry Bates - Perry,195
Franklin,Delegate,At-Large,Republican,Mark White - Romney,293
Franklin,Delegate,At-Large,Republican,Mark Winslow - Gingrich,591
Franklin,Delegate,At-Large,Republican,Martha Ruth Brown - Gingrich,759
Franklin,Delegate,At-Large,Republican,Matthew Jerry Johnson - Gingrich,726
Franklin,Delegate,At-Large,Republican,Matthew Smith - Perry,131
Franklin,Delegate,At-Large,Republican,Randal Boyd - Romney,583
Franklin,Delegate,At-Large,Republican,Rob Ailey - Romney,564
Franklin,Delegate,At-Large,Republican,Robert Tyler Prince - Uncommitted,350
Franklin,Delegate,At-Large,Republican,Ron Ramsey - Perry,312
Franklin,Delegate,At-Large,Republican,Ronald Lanfear - Paul,270
Franklin,Delegate,At-Large,Republican,Rosine Ghawji - Uncommitted,297
Franklin,Delegate,At-Large,Republican,Ruth B. Hagerty - Romney,498
Franklin,Delegate,At-Large,Republican,Sandy Crawford - Uncommitted,396
Franklin,Delegate,At-Large,Republican,Shalia Lankford - Perry,118
Franklin,Delegate,At-Large,Republican,Sindy Ramsey - Perry,150
Franklin,Delegate,At-Large,Republican,Stacey Campfield - Gingrich,729
Franklin,Delegate,At-Large,Republican,Steve Allbrooks - Romney,560
Franklin,Delegate,At-Large,Republican,Steve Buttry - Romney,515
Franklin,Delegate,At-Large,Republican,Steven Warhurst - Paul,218
Franklin,Delegate,At-Large,Republican,Susan Richardson Williams - Romney,272
Franklin,Delegate,At-Large,Republican,Thomas Smith - Perry,169
Franklin,Delegate,At-Large,Republican,Tiffany Ramsey Goforth - Perry,148
Franklin,Delegate,At-Large,Republican,Tony Shipley - Gingrich,635
Franklin,Delegate,At-Large,Republican,Victor Ashe - Huntsman,293
Franklin,Delegate,At-Large,Republican,Wendell Moore - Romney,488
Franklin,Delegate,At-Large,Republican,Willis Ayres - Gingrich,731
Franklin,Delegate,At-Large,Republican,Winfield Dunn - Romney,638
Franklin,Presidential Preference,NA,Democratic,Barack Obama,838
Franklin,Presidential Preference,NA,Democratic,Uncommitted,225
Franklin,Presidential Preference,NA,Republican,"Charles ""Buddy"" Roemer",6
Franklin,Presidential Preference,NA,Republican,Gary Johnson,4
Franklin,Presidential Preference,NA,Republican,Jon Huntsman,7
Franklin,Presidential Preference,NA,Republican,Michele Bachmann,9
Franklin,Presidential Preference,NA,Republican,Mitt Romney,1015
Franklin,Presidential Preference,NA,Republican,Newt Gingrich,1092
Franklin,Presidential Preference,NA,Republican,Rick Perry,12
Franklin,Presidential Preference,NA,Republican,Rick Santorum,1668
Franklin,Presidential Preference,NA,Republican,Ron Paul,328
Franklin,Presidential Preference,NA,Republican,Uncommitted,25
Gibson,Delegate,8,Republican,Adrian Eddleman - Paul,290
Gibson,Delegate,8,Republican,Betty Anderson - Romney,256
Gibson,Delegate,8,Republican,Bob D. Anderson - Romney,244
Gibson,Delegate,8,Republican,Emily H. Shore - Gingrich,559
Gibson,Delegate,8,Republican,James William Shore - Gingrich,503
Gibson,Delegate,8,Republican,Jeremie Schultz - Paul,222
Gibson,Delegate,8,Republican,Jim Summerville - Perry,49
Gibson,Delegate,8,Republican,Mark E. Green - Perry,96
Gibson,Delegate,8,Republican,Mike Peery - Gingrich,608
Gibson,Delegate,8,Republican,Oneida Wagoner - Romney,72
Gibson,Delegate,8,Republican,Steve Maroney - Romney,278
Gibson,Delegate,8,Republican,Ted Williams - Perry,63
Gibson,Delegate,8,Republican,Tiffany Doyle - Paul,334
Gibson,Delegate,At-Large,Republican,Alexander Oaks Waters - Huntsman,193
Gibson,Delegate,At-Large,Republican,Andre Flanary - Paul,237
Gibson,Delegate,At-Large,Republican,Beth Campbell - Romney,370
Gibson,Delegate,At-Large,Republican,Brian Kelsey - Perry,81
Gibson,Delegate,At-Large,Republican,C. Mack Patton - Gingrich,552
Gibson,Delegate,At-Large,Republican,Crom Carmichael - Gingrich,508
Gibson,Delegate,At-Large,Republican,Daniel Rawls - Paul,220
Gibson,Delegate,At-Large,Republican,Donna K. Appleget - Paul,296
Gibson,Delegate,At-Large,Republican,Elaine Laney Heard - Perry,66
Gibson,Delegate,At-Large,Republican,Gail D. Patton - Gingrich,548
Gibson,Delegate,At-Large,Republican,Gary Allen - Paul,403
Gibson,Delegate,At-Large,Republican,Gary Ellis - Paul,294
Gibson,Delegate,At-Large,Republican,Jason Davis - Paul,302
Gibson,Delegate,At-Large,Republican,Jeff Pedigo - Paul,239
Gibson,Delegate,At-Large,Republican,Jessica Frizzell - Perry,97
Gibson,Delegate,At-Large,Republican,Jim Looney - Romney,259
Gibson,Delegate,At-Large,Republican,Joel Crenshaw - Paul,317
Gibson,Delegate,At-Large,Republican,John Crisp - Romney,323
Gibson,Delegate,At-Large,Republican,John Gardner - Gingrich,656
Gibson,Delegate,At-Large,Republican,John Wayne Cropp - Romney,310
Gibson,Delegate,At-Large,Republican,Josh Brown - Romney,372
Gibson,Delegate,At-Large,Republican,Juanita Thouin - Uncommitted,139
Gibson,Delegate,At-Large,Republican,Julia Hurley - Romney,281
Gibson,Delegate,At-Large,Republican,Justin Pitt - Romney,240
Gibson,Delegate,At-Large,Republican,Kyle Gregory Perry - Paul,240
Gibson,Delegate,At-Large,Republican,Larry Bates - Perry,120
Gibson,Delegate,At-Large,Republican,Mark White - Romney,163
Gibson,Delegate,At-Large,Republican,Mark Winslow - Gingrich,478
Gibson,Delegate,At-Large,Republican,Martha Ruth Brown - Gingrich,603
Gibson,Delegate,At-Large,Republican,Matthew Jerry Johnson - Gingrich,566
Gibson,Delegate,At-Large,Republican,Matthew Smith - Perry,82
Gibson,Delegate,At-Large,Republican,Randal Boyd - Romney,334
Gibson,Delegate,At-Large,Republican,Rob Ailey - Romney,327
Gibson,Delegate,At-Large,Republican,Robert Tyler Prince - Uncommitted,214
Gibson,Delegate,At-Large,Republican,Ron Ramsey - Perry,189
Gibson,Delegate,At-Large,Republican,Ronald Lanfear - Paul,236
Gibson,Delegate,At-Large,Republican,Rosine Ghawji - Uncommitted,168
Gibson,Delegate,At-Large,Republican,Ruth B. Hagerty - Romney,247
Gibson,Delegate,At-Large,Republican,Sandy Crawford - Uncommitted,237
Gibson,Delegate,At-Large,Republican,Shalia Lankford - Perry,58
Gibson,Delegate,At-Large,Republican,Sindy Ramsey - Perry,79
Gibson,Delegate,At-Large,Republican,Stacey Campfield - Gingrich,548
Gibson,Delegate,At-Large,Republican,Steve Allbrooks - Romney,353
Gibson,Delegate,At-Large,Republican,Steve Buttry - Romney,315
Gibson,Delegate,At-Large,Republican,Steven Warhurst - Paul,212
Gibson,Delegate,At-Large,Republican,Susan Richardson Williams - Romney,144
Gibson,Delegate,At-Large,Republican,Thomas Smith - Perry,67
Gibson,Delegate,At-Large,Republican,Tiffany Ramsey Goforth - Perry,72
Gibson,Delegate,At-Large,Republican,Tony Shipley - Gingrich,475
Gibson,Delegate,At-Large,Republican,Victor Ashe - Huntsman,230
Gibson,Delegate,At-Large,Republican,Wendell Moore - Romney,263
Gibson,Delegate,At-Large,Republican,Willis Ayres - Gingrich,547
Gibson,Delegate,At-Large,Republican,Winfield Dunn - Romney,444
Gibson,Presidential Preference,NA,Democratic,Barack Obama,598
Gibson,Presidential Preference,NA,Democratic,Uncommitted,92
Gibson,Presidential Preference,NA,Republican,"Charles ""Buddy"" Roemer",6
Gibson,Presidential Preference,NA,Republican,Gary Johnson,2
Gibson,Presidential Preference,NA,Republican,Jon Huntsman,2
Gibson,Presidential Preference,NA,Republican,Michele Bachmann,15
Gibson,Presidential Preference,NA,Republican,Mitt Romney,948
Gibson,Presidential Preference,NA,Republican,Newt Gingrich,1088
Gibson,Presidential Preference,NA,Republican,Rick Perry,16
Gibson,Presidential Preference,NA,Republican,Rick Santorum,1995
Gibson,Presidential Preference,NA,Republican,Ron Paul,421
Gibson,Presidential Preference,NA,Republican,Uncommitted,19
Giles,Delegate,4,Republican,Amanda Griffith - Paul,170
Giles,Delegate,4,Republican,Annette Sapp - Gingrich,347
Giles,Delegate,4,Republican,David French - Romney,190
Giles,Delegate,4,Republican,David G. Bearden - Paul,143
Giles,Delegate,4,Republican,Jason Whatley - Romney,192
Giles,Delegate,4,Republican,Kristopher D. Miller - Perry,85
Giles,Delegate,4,Republican,Mary Ellen Redford - Paul,77
Giles,Delegate,4,Republican,Nancy French - Romney,183
Giles,Delegate,4,Republican,Robert Crigger - Uncommitted,141
Giles,Delegate,4,Republican,Steven Lane - Paul,125
Giles,Delegate,4,Republican,Tommy Lee Francis - Perry,95
Giles,Delegate,At-Large,Republican,Alexander Oaks Waters - Huntsman,123
Giles,Delegate,At-Large,Republican,Andre Flanary - Paul,157
Giles,Delegate,At-Large,Republican,Beth Campbell - Romney,286
Giles,Delegate,At-Large,Republican,Brian Kelsey - Perry,51
Giles,Delegate,At-Large,Republican,C. Mack Patton - Gingrich,351
Giles,Delegate,At-Large,Republican,Crom Carmichael - Gingrich,330
Giles,Delegate,At-Large,Republican,Daniel Rawls - Paul,144
Giles,Delegate,At-Large,Republican,Donna K. Appleget - Paul,192
Giles,Delegate,At-Large,Republican,Elaine Laney Heard - Perry,67
Giles,Delegate,At-Large,Republican,Gail D. Patton - Gingrich,367
Giles,Delegate,At-Large,Republican,Gary Allen - Paul,232
Giles,Delegate,At-Large,Republican,Gary Ellis - Paul,183
Giles,Delegate,At-Large,Republican,Jason Davis - Paul,205
Giles,Delegate,At-Large,Republican,Jeff Pedigo - Paul,175
Giles,Delegate,At-Large,Republican,Jessica Frizzell - Perry,68
Giles,Delegate,At-Large,Republican,Jim Looney - Romney,215
Giles,Delegate,At-Large,Republican,Joel Crenshaw - Paul,181
Giles,Delegate,At-Large,Republican,John Crisp - Romney,246
Giles,Delegate,At-Large,Republican,John Gardner - Gingrich,385
Giles,Delegate,At-Large,Republican,John Wayne Cropp - Romney,248
Giles,Delegate,At-Large,Republican,Josh Brown - Romney,270
Giles,Delegate,At-Large,Republican,Juanita Thouin - Uncommitted,144
Giles,Delegate,At-Large,Republican,Julia Hurley - Romney,225
Giles,Delegate,At-Large,Republican,Justin Pitt - Romney,199
Giles,Delegate,At-Large,Republican,Kyle Gregory Perry - Paul,146
Giles,Delegate,At-Large,Republican,Larry Bates - Perry,83
Giles,Delegate,At-Large,Republican,Mark White - Romney,108
Giles,Delegate,At-Large,Republican,Mark Winslow - Gingrich,295
Giles,Delegate,At-Large,Republican,Martha Ruth Brown - Gingrich,363
Giles,Delegate,At-Large,Republican,Matthew Jerry Johnson - Gingrich,371
Giles,Delegate,At-Large,Republican,Matthew Smith - Perry,67
Giles,Delegate,At-Large,Republican,Randal Boyd - Romney,260
Giles,Delegate,At-Large,Republican,Rob Ailey - Romney,265
Giles,Delegate,At-Large,Republican,Robert Tyler Prince - Uncommitted,173
Giles,Delegate,At-Large,Republican,Ron Ramsey - Perry,106
Giles,Delegate,At-Large,Republican,Ronald Lanfear - Paul,148
Giles,Delegate,At-Large,Republican,Rosine Ghawji - Uncommitted,155
Giles,Delegate,At-Large,Republican,Ruth B. Hagerty - Romney,228
Giles,Delegate,At-Large,Republican,Sandy Crawford - Uncommitted,210
Giles,Delegate,At-Large,Republican,Shalia Lankford - Perry,54
Giles,Delegate,At-Large,Republican,Sindy Ramsey - Perry,57
Giles,Delegate,At-Large,Republican,Stacey Campfield - Gingrich,368
Giles,Delegate,At-Large,Republican,Steve Allbrooks - Romney,255
Giles,Delegate,At-Large,Republican,Steve Buttry - Romney,248
Giles,Delegate,At-Large,Republican,Steven Warhurst - Paul,124
Giles,Delegate,At-Large,Republican,Susan Richardson Williams - Romney,100
Giles,Delegate,At-Large,Republican,Thomas Smith - Perry,61
Giles,Delegate,At-Large,Republican,Tiffany Ramsey Goforth - Perry,59
Giles,Delegate,At-Large,Republican,Tony Shipley - Gingrich,293
Giles,Delegate,At-Large,Republican,Victor Ashe - Huntsman,131
Giles,Delegate,At-Large,Republican,Wendell Moore - Romney,220
Giles,Delegate,At-Large,Republican,Willis Ayres - Gingrich,371
Giles,Delegate,At-Large,Republican,Winfield Dunn - Romney,249
Giles,Presidential Preference,NA,Democratic,Barack Obama,220
Giles,Presidential Preference,NA,Democratic,Uncommitted,32
Giles,Presidential Preference,NA,Republican,Gary Johnson,1
Giles,Presidential Preference,NA,Republican,Jon Huntsman,1
Giles,Presidential Preference,NA,Republican,Michele Bachmann,8
Giles,Presidential Preference,NA,Republican,Mitt Romney,489
Giles,Presidential Preference,NA,Republican,Newt Gingrich,641
Giles,Presidential Preference,NA,Republican,Rick Perry,6
Giles,Presidential Preference,NA,Republican,Rick Santorum,847
Giles,Presidential Preference,NA,Republican,Ron Paul,180
Giles,Presidential Preference,NA,Republican,Uncommitted,8
Grainger,Delegate,3,Republican,Barbara Dallanegra - Paul,137
Grainger,Delegate,3,Republican,Bobby Wood - Gingrich,369
Grainger,Delegate,3,Republican,Daniel Appleget - Paul,132
Grainger,Delegate,3,Republican,Emily Beaty - Romney,244
Grainger,Delegate,3,Republican,Hobart L. Rice - Romney,173
Grainger,Delegate,3,Republican,J.B. Underwood - Paul,141
Grainger,Delegate,3,Republican,Jeanne E. Wood - Gingrich,322
Grainger,Delegate,3,Republican,Jennifer Inman Little - Romney,277
Grainger,Delegate,3,Republican,John S. Stanbery - Gingrich,406
Grainger,Delegate,3,Republican,Milan M. Blake - Perry,55
Grainger,Delegate,3,Republican,Oscar Brock - Romney,232
Grainger,Delegate,3,Republican,Teresa Wood - Gingrich,117
Grainger,Delegate,At-Large,Republican,Alexander Oaks Waters - Huntsman,92
Grainger,Delegate,At-Large,Republican,Andre Flanary - Paul,171
Grainger,Delegate,At-Large,Republican,Beth Campbell - Romney,324
Grainger,Delegate,At-Large,Republican,Brian Kelsey - Perry,72
Grainger,Delegate,At-Large,Republican,C. Mack Patton - Gingrich,419
Grainger,Delegate,At-Large,Republican,Crom Carmichael - Gingrich,425
Grainger,Delegate,At-Large,Republican,Daniel Rawls - Paul,153
Grainger,Delegate,At-Large,Republican,Donna K. Appleget - Paul,227
Grainger,Delegate,At-Large,Republican,Elaine Laney Heard - Perry,73
Grainger,Delegate,At-Large,Republican,Gail D. Patton - Gingrich,407
Grainger,Delegate,At-Large,Republican,Gary Allen - Paul,256
Grainger,Delegate,At-Large,Republican,Gary Ellis - Paul,194
Grainger,Delegate,At-Large,Republican,Jason Davis - Paul,218
Grainger,Delegate,At-Large,Republican,Jeff Pedigo - Paul,152
Grainger,Delegate,At-Large,Republican,Jessica Frizzell - Perry,94
Grainger,Delegate,At-Large,Republican,Jim Looney - Romney,242
Grainger,Delegate,At-Large,Republican,Joel Crenshaw - Paul,199
Grainger,Delegate,At-Large,Republican,John Crisp - Romney,308
Grainger,Delegate,At-Large,Republican,John Gardner - Gingrich,450
Grainger,Delegate,At-Large,Republican,John Wayne Cropp - Romney,291
Grainger,Delegate,At-Large,Republican,Josh Brown - Romney,357
Grainger,Delegate,At-Large,Republican,Juanita Thouin - Uncommitted,159
Grainger,Delegate,At-Large,Republican,Julia Hurley - Romney,271
Grainger,Delegate,At-Large,Republican,Justin Pitt - Romney,189
Grainger,Delegate,At-Large,Republican,Kyle Gregory Perry - Paul,160
Grainger,Delegate,At-Large,Republican,Larry Bates - Perry,115
Grainger,Delegate,At-Large,Republican,Mark White - Romney,123
Grainger,Delegate,At-Large,Republican,Mark Winslow - Gingrich,418
Grainger,Delegate,At-Large,Republican,Martha Ruth Brown - Gingrich,453
Grainger,Delegate,At-Large,Republican,Matthew Jerry Johnson - Gingrich,429
Grainger,Delegate,At-Large,Republican,Matthew Smith - Perry,59
Grainger,Delegate,At-Large,Republican,Randal Boyd - Romney,379
Grainger,Delegate,At-Large,Republican,Rob Ailey - Romney,373
Grainger,Delegate,At-Large,Republican,Robert Tyler Prince - Uncommitted,199
Grainger,Delegate,At-Large,Republican,Ron Ramsey - Perry,101
Grainger,Delegate,At-Large,Republican,Ronald Lanfear - Paul,152
Grainger,Delegate,At-Large,Republican,Rosine Ghawji - Uncommitted,179
Grainger,Delegate,At-Large,Republican,Ruth B. Hagerty - Romney,265
Grainger,Delegate,At-Large,Republican,Sandy Crawford - Uncommitted,226
Grainger,Delegate,At-Large,Republican,Shalia Lankford - Perry,43
Grainger,Delegate,At-Large,Republican,Sindy Ramsey - Perry,70
Grainger,Delegate,At-Large,Republican,Stacey Campfield - Gingrich,474
Grainger,Delegate,At-Large,Republican,Steve Allbrooks - Romney,365
Grainger,Delegate,At-Large,Republican,Steve Buttry - Romney,345
Grainger,Delegate,At-Large,Republican,Steven Warhurst - Paul,137
Grainger,Delegate,At-Large,Republican,Susan Richardson Williams - Romney,153
Grainger,Delegate,At-Large,Republican,Thomas Smith - Perry,55
Grainger,Delegate,At-Large,Republican,Tiffany Ramsey Goforth - Perry,92
Grainger,Delegate,At-Large,Republican,Tony Shipley - Gingrich,408
Grainger,Delegate,At-Large,Republican,Victor Ashe - Huntsman,179
Grainger,Delegate,At-Large,Republican,Wendell Moore - Romney,234
Grainger,Delegate,At-Large,Republican,Willis Ayres - Gingrich,462
Grainger,Delegate,At-Large,Republican,Winfield Dunn - Romney,348
Grainger,Presidential Preference,NA,Democratic,Barack Obama,81
Grainger,Presidential Preference,NA,Democratic,Uncommitted,18
Grainger,Presidential Preference,NA,Republican,"Charles ""Buddy"" Roemer",2
Grainger,Presidential Preference,NA,Republican,Gary Johnson,5
Grainger,Presidential Preference,NA,Republican,Jon Huntsman,8
Grainger,Presidential Preference,NA,Republican,Michele Bachmann,20
Grainger,Presidential Preference,NA,Republican,Mitt Romney,577
Grainger,Presidential Preference,NA,Republican,Newt Gingrich,514
Grainger,Presidential Preference,NA,Republican,Rick Perry,17
Grainger,Presidential Preference,NA,Republican,Rick Santorum,858
Grainger,Presidential Preference,NA,Republican,Ron Paul,161
Grainger,Presidential Preference,NA,Republican,Uncommitted,12
Greene,Delegate,1,Republican,Alicia Mumpower - Romney,1183
Greene,Delegate,1,Republican,Charles Cook - Paul,551
Greene,Delegate,1,Republican,David Golden - Romney,1217
Greene,Delegate,1,Republican,Dustin Goforth - Perry,157
Greene,Delegate,1,Republican,Gregg Richardson - Paul,583
Greene,Delegate,1,Republican,"Jeffrey ""Bo"" Shultz - Uncommitted",492
Greene,Delegate,1,Republican,Jennifer Flanary - Uncommitted,679
Greene,Delegate,1,Republican,Jesse Overbey - Uncommitted,481
Greene,Delegate,1,Republican,Jordan G. Young - Perry,166
Greene,Delegate,1,Republican,Linda D. Buckles - Gingrich,1561
Greene,Delegate,1,Republican,Linda L. Osborne - Gingrich,1449
Greene,Delegate,1,Republican,Michael H. Simpson - Paul,351
Greene,Delegate,1,Republican,P K Lowrey - Paul,639
Greene,Delegate,1,Republican,Phil Hoskins - Gingrich,1545
Greene,Delegate,1,Republican,Warren Jones - Romney,1164
Greene,Delegate,At-Large,Republican,Alexander Oaks Waters - Huntsman,257
Greene,Delegate,At-Large,Republican,Andre Flanary - Paul,740
Greene,Delegate,At-Large,Republican,Beth Campbell - Romney,1364
Greene,Delegate,At-Large,Republican,Brian Kelsey - Perry,294
Greene,Delegate,At-Large,Republican,C. Mack Patton - Gingrich,1649
Greene,Delegate,At-Large,Republican,Crom Carmichael - Gingrich,1595
Greene,Delegate,At-Large,Republican,Daniel Rawls - Paul,760
Greene,Delegate,At-Large,Republican,Donna K. Appleget - Paul,866
Greene,Delegate,At-Large,Republican,Elaine Laney Heard - Perry,447
Greene,Delegate,At-Large,Republican,Gail D. Patton - Gingrich,1644
Greene,Delegate,At-Large,Republican,Gary Allen - Paul,1061
Greene,Delegate,At-Large,Republican,Gary Ellis - Paul,821
Greene,Delegate,At-Large,Republican,Jason Davis - Paul,894
Greene,Delegate,At-Large,Republican,Jeff Pedigo - Paul,721
Greene,Delegate,At-Large,Republican,Jessica Frizzell - Perry,474
Greene,Delegate,At-Large,Republican,Jim Looney - Romney,1194
Greene,Delegate,At-Large,Republican,Joel Crenshaw - Paul,853
Greene,Delegate,At-Large,Republican,John Crisp - Romney,1232
Greene,Delegate,At-Large,Republican,John Gardner - Gingrich,1703
Greene,Delegate,At-Large,Republican,John Wayne Cropp - Romney,1200
Greene,Delegate,At-Large,Republican,Josh Brown - Romney,1391
Greene,Delegate,At-Large,Republican,Juanita Thouin - Uncommitted,775
Greene,Delegate,At-Large,Republican,Julia Hurley - Romney,1265
Greene,Delegate,At-Large,Republican,Justin Pitt - Romney,1090
Greene,Delegate,At-Large,Republican,Kyle Gregory Perry - Paul,775
Greene,Delegate,At-Large,Republican,Larry Bates - Perry,459
Greene,Delegate,At-Large,Republican,Mark White - Romney,563
Greene,Delegate,At-Large,Republican,Mark Winslow - Gingrich,1566
Greene,Delegate,At-Large,Republican,Martha Ruth Brown - Gingrich,1731
Greene,Delegate,At-Large,Republican,Matthew Jerry Johnson - Gingrich,1650
Greene,Delegate,At-Large,Republican,Matthew Smith - Perry,233
Greene,Delegate,At-Large,Republican,Randal Boyd - Romney,1348
Greene,Delegate,At-Large,Republican,Rob Ailey - Romney,1194
Greene,Delegate,At-Large,Republican,Robert Tyler Prince - Uncommitted,885
Greene,Delegate,At-Large,Republican,Ron Ramsey - Perry,561
Greene,Delegate,At-Large,Republican,Ronald Lanfear - Paul,758
Greene,Delegate,At-Large,Republican,Rosine Ghawji - Uncommitted,740
Greene,Delegate,At-Large,Republican,Ruth B. Hagerty - Romney,1232
Greene,Delegate,At-Large,Republican,Sandy Crawford - Uncommitted,988
Greene,Delegate,At-Large,Republican,Shalia Lankford - Perry,247
Greene,Delegate,At-Large,Republican,Sindy Ramsey - Perry,270
Greene,Delegate,At-Large,Republican,Stacey Campfield - Gingrich,1668
Greene,Delegate,At-Large,Republican,Steve Allbrooks - Romney,1272
Greene,Delegate,At-Large,Republican,Steve Buttry - Romney,1246
Greene,Delegate,At-Large,Republican,Steven Warhurst - Paul,723
Greene,Delegate,At-Large,Republican,Susan Richardson Williams - Romney,480
Greene,Delegate,At-Large,Republican,Thomas Smith - Perry,235
Greene,Delegate,At-Large,Republican,Tiffany Ramsey Goforth - Perry,447
Greene,Delegate,At-Large,Republican,Tony Shipley - Gingrich,1722
Greene,Delegate,At-Large,Republican,Victor Ashe - Huntsman,368
Greene,Delegate,At-Large,Republican,Wendell Moore - Romney,1186
Greene,Delegate,At-Large,Republican,Willis Ayres - Gingrich,1735
Greene,Delegate,At-Large,Republican,Winfield Dunn - Romney,1364
Greene,Presidential Preference,NA,Democratic,Barack Obama,257
Greene,Presidential Preference,NA,Democratic,Uncommitted,37
Greene,Presidential Preference,NA,Republican,"Charles ""Buddy"" Roemer",17
Greene,Presidential Preference,NA,Republican,Gary Johnson,14
Greene,Presidential Preference,NA,Republican,Jon Huntsman,14
Greene,Presidential Preference,NA,Republican,Michele Bachmann,26
Greene,Presidential Preference,NA,Republican,Mitt Romney,2125
Greene,Presidential Preference,NA,Republican,Newt Gingrich,2019
Greene,Presidential Preference,NA,Republican,Rick Perry,33
Greene,Presidential Preference,NA,Republican,Rick Santorum,2894
Greene,Presidential Preference,NA,Republican,Ron Paul,800
Greene,Presidential Preference,NA,Republican,Uncommitted,73
Grundy,Public Defender,12,Democratic,Jeff Harmon,276
Grundy,Public Defender,12,Republican,No Candidate Filed,7
Grundy,Delegate,4,Republican,Amanda Griffith - Paul,74
Grundy,Delegate,4,Republican,Annette Sapp - Gingrich,161
Grundy,Delegate,4,Republican,David French - Romney,94
Grundy,Delegate,4,Republican,David G. Bearden - Paul,63
Grundy,Delegate,4,Republican,Jason Whatley - Romney,90
Grundy,Delegate,4,Republican,Kristopher D. Miller - Perry,47
Grundy,Delegate,4,Republican,Mary Ellen Redford - Paul,39
Grundy,Delegate,4,Republican,Nancy French - Romney,93
Grundy,Delegate,4,Republican,Robert Crigger - Uncommitted,57
Grundy,Delegate,4,Republican,Steven Lane - Paul,50
Grundy,Delegate,4,Republican,Tommy Lee Francis - Perry,52
Grundy,Delegate,At-Large,Republican,Alexander Oaks Waters - Huntsman,75
Grundy,Delegate,At-Large,Republican,Andre Flanary - Paul,50
Grundy,Delegate,At-Large,Republican,Beth Campbell - Romney,131
Grundy,Delegate,At-Large,Republican,Brian Kelsey - Perry,23
Grundy,Delegate,At-Large,Republican,C. Mack Patton - Gingrich,183
Grundy,Delegate,At-Large,Republican,Crom Carmichael - Gingrich,166
Grundy,Delegate,At-Large,Republican,Daniel Rawls - Paul,47
Grundy,Delegate,At-Large,Republican,Donna K. Appleget - Paul,75
Grundy,Delegate,At-Large,Republican,Elaine Laney Heard - Perry,24
Grundy,Delegate,At-Large,Republican,Gail D. Patton - Gingrich,193
Grundy,Delegate,At-Large,Republican,Gary Allen - Paul,69
Grundy,Delegate,At-Large,Republican,Gary Ellis - Paul,60
Grundy,Delegate,At-Large,Republican,Jason Davis - Paul,70
Grundy,Delegate,At-Large,Republican,Jeff Pedigo - Paul,62
Grundy,Delegate,At-Large,Republican,Jessica Frizzell - Perry,28
Grundy,Delegate,At-Large,Republican,Jim Looney - Romney,93
Grundy,Delegate,At-Large,Republican,Joel Crenshaw - Paul,61
Grundy,Delegate,At-Large,Republican,John Crisp - Romney,110
Grundy,Delegate,At-Large,Republican,John Gardner - Gingrich,197
Grundy,Delegate,At-Large,Republican,John Wayne Cropp - Romney,106
Grundy,Delegate,At-Large,Republican,Josh Brown - Romney,130
Grundy,Delegate,At-Large,Republican,Juanita Thouin - Uncommitted,43
Grundy,Delegate,At-Large,Republican,Julia Hurley - Romney,107
Grundy,Delegate,At-Large,Republican,Justin Pitt - Romney,88
Grundy,Delegate,At-Large,Republican,Kyle Gregory Perry - Paul,50
Grundy,Delegate,At-Large,Republican,Larry Bates - Perry,30
Grundy,Delegate,At-Large,Republican,Mark White - Romney,44
Grundy,Delegate,At-Large,Republican,Mark Winslow - Gingrich,157
Grundy,Delegate,At-Large,Republican,Martha Ruth Brown - Gingrich,201
Grundy,Delegate,At-Large,Republican,Matthew Jerry Johnson - Gingrich,187
Grundy,Delegate,At-Large,Republican,Matthew Smith - Perry,30
Grundy,Delegate,At-Large,Republican,Randal Boyd - Romney,112
Grundy,Delegate,At-Large,Republican,Rob Ailey - Romney,113
Grundy,Delegate,At-Large,Republican,Robert Tyler Prince - Uncommitted,60
Grundy,Delegate,At-Large,Republican,Ron Ramsey - Perry,61
Grundy,Delegate,At-Large,Republican,Ronald Lanfear - Paul,57
Grundy,Delegate,At-Large,Republican,Rosine Ghawji - Uncommitted,47
Grundy,Delegate,At-Large,Republican,Ruth B. Hagerty - Romney,96
Grundy,Delegate,At-Large,Republican,Sandy Crawford - Uncommitted,70
Grundy,Delegate,At-Large,Republican,Shalia Lankford - Perry,28
Grundy,Delegate,At-Large,Republican,Sindy Ramsey - Perry,33
Grundy,Delegate,At-Large,Republican,Stacey Campfield - Gingrich,190
Grundy,Delegate,At-Large,Republican,Steve Allbrooks - Romney,113
Grundy,Delegate,At-Large,Republican,Steve Buttry - Romney,103
Grundy,Delegate,At-Large,Republican,Steven Warhurst - Paul,43
Grundy,Delegate,At-Large,Republican,Susan Richardson Williams - Romney,50
Grundy,Delegate,At-Large,Republican,Thomas Smith - Perry,22
Grundy,Delegate,At-Large,Republican,Tiffany Ramsey Goforth - Perry,30
Grundy,Delegate,At-Large,Republican,Tony Shipley - Gingrich,154
Grundy,Delegate,At-Large,Republican,Victor Ashe - Huntsman,78
Grundy,Delegate,At-Large,Republican,Wendell Moore - Romney,91
Grundy,Delegate,At-Large,Republican,Willis Ayres - Gingrich,186
Grundy,Delegate,At-Large,Republican,Winfield Dunn - Romney,121
Grundy,Presidential Preference,NA,Democratic,Barack Obama,235
Grundy,Presidential Preference,NA,Democratic,Uncommitted,69
Grundy,Presidential Preference,NA,Republican,"Charles ""Buddy"" Roemer",3
Grundy,Presidential Preference,NA,Republican,Jon Huntsman,1
Grundy,Presidential Preference,NA,Republican,Michele Bachmann,3
Grundy,Presidential Preference,NA,Republican,Mitt Romney,211
Grundy,Presidential Preference,NA,Republican,Newt Gingrich,262
Grundy,Presidential Preference,NA,Republican,Rick Perry,4
Grundy,Presidential Preference,NA,Republican,Rick Santorum,289
Grundy,Presidential Preference,NA,Republican,Ron Paul,60
Grundy,Presidential Preference,NA,Republican,Uncommitted,6
Hamblen,Delegate,1,Republican,Alicia Mumpower - Romney,589
Hamblen,Delegate,1,Republican,Charles Cook - Paul,519
Hamblen,Delegate,1,Republican,David Golden - Romney,672
Hamblen,Delegate,1,Republican,Dustin Goforth - Perry,111
Hamblen,Delegate,1,Republican,Gregg Richardson - Paul,386
Hamblen,Delegate,1,Republican,"Jeffrey ""Bo"" Shultz - Uncommitted",425
Hamblen,Delegate,1,Republican,Jennifer Flanary - Uncommitted,315
Hamblen,Delegate,1,Republican,Jesse Overbey - Uncommitted,292
Hamblen,Delegate,1,Republican,Jordan G. Young - Perry,71
Hamblen,Delegate,1,Republican,Linda D. Buckles - Gingrich,945
Hamblen,Delegate,1,Republican,Linda L. Osborne - Gingrich,952
Hamblen,Delegate,1,Republican,Michael H. Simpson - Paul,177
Hamblen,Delegate,1,Republican,P K Lowrey - Paul,315
Hamblen,Delegate,1,Republican,Phil Hoskins - Gingrich,1016
Hamblen,Delegate,1,Republican,Warren Jones - Romney,630
Hamblen,Delegate,At-Large,Republican,Alexander Oaks Waters - Huntsman,420
Hamblen,Delegate,At-Large,Republican,Andre Flanary - Paul,449
Hamblen,Delegate,At-Large,Republican,Beth Campbell - Romney,943
Hamblen,Delegate,At-Large,Republican,Brian Kelsey - Perry,172
Hamblen,Delegate,At-Large,Republican,C. Mack Patton - Gingrich,907
Hamblen,Delegate,At-Large,Republican,Crom Carmichael - Gingrich,890
Hamblen,Delegate,At-Large,Republican,Daniel Rawls - Paul,398
Hamblen,Delegate,At-Large,Republican,Donna K. Appleget - Paul,583
Hamblen,Delegate,At-Large,Republican,Elaine Laney Heard - Perry,165
Hamblen,Delegate,At-Large,Republican,Gail D. Patton - Gingrich,937
Hamblen,Delegate,At-Large,Republican,Gary Allen - Paul,719
Hamblen,Delegate,At-Large,Republican,Gary Ellis - Paul,604
Hamblen,Delegate,At-Large,Republican,Jason Davis - Paul,555
Hamblen,Delegate,At-Large,Republican,Jeff Pedigo - Paul,482
Hamblen,Delegate,At-Large,Republican,Jessica Frizzell - Perry,214
Hamblen,Delegate,At-Large,Republican,Jim Looney - Romney,677
Hamblen,Delegate,At-Large,Republican,Joel Crenshaw - Paul,522
Hamblen,Delegate,At-Large,Republican,John Crisp - Romney,848
Hamblen,Delegate,At-Large,Republican,John Gardner - Gingrich,1090
Hamblen,Delegate,At-Large,Republican,John Wayne Cropp - Romney,782
Hamblen,Delegate,At-Large,Republican,Josh Brown - Romney,850
Hamblen,Delegate,At-Large,Republican,Juanita Thouin - Uncommitted,320
Hamblen,Delegate,At-Large,Republican,Julia Hurley - Romney,762
Hamblen,Delegate,At-Large,Republican,Justin Pitt - Romney,643
Hamblen,Delegate,At-Large,Republican,Kyle Gregory Perry - Paul,461
Hamblen,Delegate,At-Large,Republican,Larry Bates - Perry,270
Hamblen,Delegate,At-Large,Republican,Mark White - Romney,402
Hamblen,Delegate,At-Large,Republican,Mark Winslow - Gingrich,797
Hamblen,Delegate,At-Large,Republican,Martha Ruth Brown - Gingrich,1014
Hamblen,Delegate,At-Large,Republican,Matthew Jerry Johnson - Gingrich,947
Hamblen,Delegate,At-Large,Republican,Matthew Smith - Perry,196
Hamblen,Delegate,At-Large,Republican,Randal Boyd - Romney,851
Hamblen,Delegate,At-Large,Republican,Rob Ailey - Romney,928
Hamblen,Delegate,At-Large,Republican,Robert Tyler Prince - Uncommitted,441
Hamblen,Delegate,At-Large,Republican,Ron Ramsey - Perry,480
Hamblen,Delegate,At-Large,Republican,Ronald Lanfear - Paul,436
Hamblen,Delegate,At-Large,Republican,Rosine Ghawji - Uncommitted,350
Hamblen,Delegate,At-Large,Republican,Ruth B. Hagerty - Romney,694
Hamblen,Delegate,At-Large,Republican,Sandy Crawford - Uncommitted,506
Hamblen,Delegate,At-Large,Republican,Shalia Lankford - Perry,142
Hamblen,Delegate,At-Large,Republican,Sindy Ramsey - Perry,190
Hamblen,Delegate,At-Large,Republican,Stacey Campfield - Gingrich,1073
Hamblen,Delegate,At-Large,Republican,Steve Allbrooks - Romney,811
Hamblen,Delegate,At-Large,Republican,Steve Buttry - Romney,811
Hamblen,Delegate,At-Large,Republican,Steven Warhurst - Paul,364
Hamblen,Delegate,At-Large,Republican,Susan Richardson Williams - Romney,388
Hamblen,Delegate,At-Large,Republican,Thomas Smith - Perry,184
Hamblen,Delegate,At-Large,Republican,Tiffany Ramsey Goforth - Perry,226
Hamblen,Delegate,At-Large,Republican,Tony Shipley - Gingrich,903
Hamblen,Delegate,At-Large,Republican,Victor Ashe - Huntsman,1030
Hamblen,Delegate,At-Large,Republican,Wendell Moore - Romney,693
Hamblen,Delegate,At-Large,Republican,Willis Ayres - Gingrich,986
Hamblen,Delegate,At-Large,Republican,Winfield Dunn - Romney,1026
Hamblen,Presidential Preference,NA,Democratic,Barack Obama,204
Hamblen,Presidential Preference,NA,Democratic,Uncommitted,16
Hamblen,Presidential Preference,NA,Republican,"Charles ""Buddy"" Roemer",8
Hamblen,Presidential Preference,NA,Republican,Gary Johnson,14
Hamblen,Presidential Preference,NA,Republican,Jon Huntsman,14
Hamblen,Presidential Preference,NA,Republican,Michele Bachmann,24
Hamblen,Presidential Preference,NA,Republican,Mitt Romney,1660
Hamblen,Presidential Preference,NA,Republican,Newt Gingrich,1356
Hamblen,Presidential Preference,NA,Republican,Rick Perry,23
Hamblen,Presidential Preference,NA,Republican,Rick Santorum,2225
Hamblen,Presidential Preference,NA,Republican,Ron Paul,603
Hamblen,Presidential Preference,NA,Republican,Uncommitted,28
Hamilton,Delegate,3,Republican,Barbara Dallanegra - Paul,4131
Hamilton,Delegate,3,Republican,Bobby Wood - Gingrich,9851
Hamilton,Delegate,3,Republican,Daniel Appleget - Paul,4318
Hamilton,Delegate,3,Republican,Emily Beaty - Romney,6646
Hamilton,Delegate,3,Republican,Hobart L. Rice - Romney,2448
Hamilton,Delegate,3,Republican,J.B. Underwood - Paul,4402
Hamilton,Delegate,3,Republican,Jeanne E. Wood - Gingrich,6908
Hamilton,Delegate,3,Republican,Jennifer Inman Little - Romney,4992
Hamilton,Delegate,3,Republican,John S. Stanbery - Gingrich,6777
Hamilton,Delegate,3,Republican,Milan M. Blake - Perry,1583
Hamilton,Delegate,3,Republican,Oscar Brock - Romney,7146
Hamilton,Delegate,3,Republican,Teresa Wood - Gingrich,4879
Hamilton,Delegate,At-Large,Republican,Alexander Oaks Waters - Huntsman,1146
Hamilton,Delegate,At-Large,Republican,Andre Flanary - Paul,3371
Hamilton,Delegate,At-Large,Republican,Beth Campbell - Romney,7565
Hamilton,Delegate,At-Large,Republican,Brian Kelsey - Perry,1653
Hamilton,Delegate,At-Large,Republican,C. Mack Patton - Gingrich,8673
Hamilton,Delegate,At-Large,Republican,Crom Carmichael - Gingrich,8297
Hamilton,Delegate,At-Large,Republican,Daniel Rawls - Paul,3476
Hamilton,Delegate,At-Large,Republican,Donna K. Appleget - Paul,4916
Hamilton,Delegate,At-Large,Republican,Elaine Laney Heard - Perry,1854
Hamilton,Delegate,At-Large,Republican,Gail D. Patton - Gingrich,8736
Hamilton,Delegate,At-Large,Republican,Gary Allen - Paul,5094
Hamilton,Delegate,At-Large,Republican,Gary Ellis - Paul,4078
Hamilton,Delegate,At-Large,Republican,Jason Davis - Paul,4588
Hamilton,Delegate,At-Large,Republican,Jeff Pedigo - Paul,3700
Hamilton,Delegate,At-Large,Republican,Jessica Frizzell - Perry,2370
Hamilton,Delegate,At-Large,Republican,Jim Looney - Romney,5946
Hamilton,Delegate,At-Large,Republican,Joel Crenshaw - Paul,4612
Hamilton,Delegate,At-Large,Republican,John Crisp - Romney,7348
Hamilton,Delegate,At-Large,Republican,John Gardner - Gingrich,9055
Hamilton,Delegate,At-Large,Republican,John Wayne Cropp - Romney,7202
Hamilton,Delegate,At-Large,Republican,Josh Brown - Romney,7526
Hamilton,Delegate,At-Large,Republican,Juanita Thouin - Uncommitted,4465
Hamilton,Delegate,At-Large,Republican,Julia Hurley - Romney,7126
Hamilton,Delegate,At-Large,Republican,Justin Pitt - Romney,5981
Hamilton,Delegate,At-Large,Republican,Kyle Gregory Perry - Paul,3523
Hamilton,Delegate,At-Large,Republican,Larry Bates - Perry,2593
Hamilton,Delegate,At-Large,Republican,Mark White - Romney,4947
Hamilton,Delegate,At-Large,Republican,Mark Winslow - Gingrich,8721
Hamilton,Delegate,At-Large,Republican,Martha Ruth Brown - Gingrich,8955
Hamilton,Delegate,At-Large,Republican,Matthew Jerry Johnson - Gingrich,8376
Hamilton,Delegate,At-Large,Republican,Matthew Smith - Perry,1515
Hamilton,Delegate,At-Large,Republican,Randal Boyd - Romney,7322
Hamilton,Delegate,At-Large,Republican,Rob Ailey - Romney,6926
Hamilton,Delegate,At-Large,Republican,Robert Tyler Prince - Uncommitted,5365
Hamilton,Delegate,At-Large,Republican,Ron Ramsey - Perry,2639
Hamilton,Delegate,At-Large,Republican,Ronald Lanfear - Paul,3420
Hamilton,Delegate,At-Large,Republican,Rosine Ghawji - Uncommitted,4781
Hamilton,Delegate,At-Large,Republican,Ruth B. Hagerty - Romney,6672
Hamilton,Delegate,At-Large,Republican,Sandy Crawford - Uncommitted,6032
Hamilton,Delegate,At-Large,Republican,Shalia Lankford - Perry,1236
Hamilton,Delegate,At-Large,Republican,Sindy Ramsey - Perry,1559
Hamilton,Delegate,At-Large,Republican,Stacey Campfield - Gingrich,8790
Hamilton,Delegate,At-Large,Republican,Steve Allbrooks - Romney,7176
Hamilton,Delegate,At-Large,Republican,Steve Buttry - Romney,6327
Hamilton,Delegate,At-Large,Republican,Steven Warhurst - Paul,3316
Hamilton,Delegate,At-Large,Republican,Susan Richardson Williams - Romney,5335
Hamilton,Delegate,At-Large,Republican,Thomas Smith - Perry,1405
Hamilton,Delegate,At-Large,Republican,Tiffany Ramsey Goforth - Perry,1986
Hamilton,Delegate,At-Large,Republican,Tony Shipley - Gingrich,8818
Hamilton,Delegate,At-Large,Republican,Victor Ashe - Huntsman,1501
Hamilton,Delegate,At-Large,Republican,Wendell Moore - Romney,6344
Hamilton,Delegate,At-Large,Republican,Willis Ayres - Gingrich,8718
Hamilton,Delegate,At-Large,Republican,Winfield Dunn - Romney,7595
Hamilton,Presidential Preference,NA,Democratic,Barack Obama,4956
Hamilton,Presidential Preference,NA,Democratic,Uncommitted,214
Hamilton,Presidential Preference,NA,Democratic,Write-in - John Wolfe,3
Hamilton,Presidential Preference,NA,Republican,"Charles ""Buddy"" Roemer",50
Hamilton,Presidential Preference,NA,Republican,Gary Johnson,20
Hamilton,Presidential Preference,NA,Republican,Jon Huntsman,57
Hamilton,Presidential Preference,NA,Republican,Michele Bachmann,63
Hamilton,Presidential Preference,NA,Republican,Mitt Romney,9359
Hamilton,Presidential Preference,NA,Republican,Newt Gingrich,8950
Hamilton,Presidential Preference,NA,Republican,Rick Perry,57
Hamilton,Presidential Preference,NA,Republican,Rick Santorum,10201
Hamilton,Presidential Preference,NA,Republican,Ron Paul,3386
Hamilton,Presidential Preference,NA,Republican,Uncommitted,193
Hancock,Delegate,1,Republican,Alicia Mumpower - Romney,57
Hancock,Delegate,1,Republican,Charles Cook - Paul,62
Hancock,Delegate,1,Republican,David Golden - Romney,64
Hancock,Delegate,1,Republican,Dustin Goforth - Perry,12
Hancock,Delegate,1,Republican,Gregg Richardson - Paul,52
Hancock,Delegate,1,Republican,"Jeffrey ""Bo"" Shultz - Uncommitted",35
Hancock,Delegate,1,Republican,Jennifer Flanary - Uncommitted,37
Hancock,Delegate,1,Republican,Jesse Overbey - Uncommitted,33
Hancock,Delegate,1,Republican,Jordan G. Young - Perry,11
Hancock,Delegate,1,Republican,Linda D. Buckles - Gingrich,63
Hancock,Delegate,1,Republican,Linda L. Osborne - Gingrich,66
Hancock,Delegate,1,Republican,Michael H. Simpson - Paul,37
Hancock,Delegate,1,Republican,P K Lowrey - Paul,49
Hancock,Delegate,1,Republican,Phil Hoskins - Gingrich,75
Hancock,Delegate,1,Republican,Warren Jones - Romney,50
Hancock,Delegate,At-Large,Republican,Alexander Oaks Waters - Huntsman,16
Hancock,Delegate,At-Large,Republican,Andre Flanary - Paul,78
Hancock,Delegate,At-Large,Republican,Beth Campbell - Romney,73
Hancock,Delegate,At-Large,Republican,Brian Kelsey - Perry,28
Hancock,Delegate,At-Large,Republican,C. Mack Patton - Gingrich,81
Hancock,Delegate,At-Large,Republican,Crom Carmichael - Gingrich,85
Hancock,Delegate,At-Large,Republican,Daniel Rawls - Paul,68
Hancock,Delegate,At-Large,Republican,Donna K. Appleget - Paul,88
Hancock,Delegate,At-Large,Republican,Elaine Laney Heard - Perry,27
Hancock,Delegate,At-Large,Republican,Gail D. Patton - Gingrich,79
Hancock,Delegate,At-Large,Republican,Gary Allen - Paul,96
Hancock,Delegate,At-Large,Republican,Gary Ellis - Paul,86
Hancock,Delegate,At-Large,Republican,Jason Davis - Paul,90
Hancock,Delegate,At-Large,Republican,Jeff Pedigo - Paul,71
Hancock,Delegate,At-Large,Republican,Jessica Frizzell - Perry,31
Hancock,Delegate,At-Large,Republican,Jim Looney - Romney,54
Hancock,Delegate,At-Large,Republican,Joel Crenshaw - Paul,89
Hancock,Delegate,At-Large,Republican,John Crisp - Romney,69
Hancock,Delegate,At-Large,Republican,John Gardner - Gingrich,93
Hancock,Delegate,At-Large,Republican,John Wayne Cropp - Romney,70
Hancock,Delegate,At-Large,Republican,Josh Brown - Romney,85
Hancock,Delegate,At-Large,Republican,Juanita Thouin - Uncommitted,43
Hancock,Delegate,At-Large,Republican,Julia Hurley - Romney,67
Hancock,Delegate,At-Large,Republican,Justin Pitt - Romney,42
Hancock,Delegate,At-Large,Republican,Kyle Gregory Perry - Paul,72
Hancock,Delegate,At-Large,Republican,Larry Bates - Perry,36
Hancock,Delegate,At-Large,Republican,Mark White - Romney,26
Hancock,Delegate,At-Large,Republican,Mark Winslow - Gingrich,73
Hancock,Delegate,At-Large,Republican,Martha Ruth Brown - Gingrich,96
Hancock,Delegate,At-Large,Republican,Matthew Jerry Johnson - Gingrich,84
Hancock,Delegate,At-Large,Republican,Matthew Smith - Perry,21
Hancock,Delegate,At-Large,Republican,Randal Boyd - Romney,86
Hancock,Delegate,At-Large,Republican,Rob Ailey - Romney,86
Hancock,Delegate,At-Large,Republican,Robert Tyler Prince - Uncommitted,57
Hancock,Delegate,At-Large,Republican,Ron Ramsey - Perry,38
Hancock,Delegate,At-Large,Republican,Ronald Lanfear - Paul,73
Hancock,Delegate,At-Large,Republican,Rosine Ghawji - Uncommitted,54
Hancock,Delegate,At-Large,Republican,Ruth B. Hagerty - Romney,61
Hancock,Delegate,At-Large,Republican,Sandy Crawford - Uncommitted,61
Hancock,Delegate,At-Large,Republican,Shalia Lankford - Perry,19
Hancock,Delegate,At-Large,Republican,Sindy Ramsey - Perry,22
Hancock,Delegate,At-Large,Republican,Stacey Campfield - Gingrich,96
Hancock,Delegate,At-Large,Republican,Steve Allbrooks - Romney,87
Hancock,Delegate,At-Large,Republican,Steve Buttry - Romney,85
Hancock,Delegate,At-Large,Republican,Steven Warhurst - Paul,65
Hancock,Delegate,At-Large,Republican,Susan Richardson Williams - Romney,28
Hancock,Delegate,At-Large,Republican,Thomas Smith - Perry,15
Hancock,Delegate,At-Large,Republican,Tiffany Ramsey Goforth - Perry,37
Hancock,Delegate,At-Large,Republican,Tony Shipley - Gingrich,77
Hancock,Delegate,At-Large,Republican,Victor Ashe - Huntsman,32
Hancock,Delegate,At-Large,Republican,Wendell Moore - Romney,51
Hancock,Delegate,At-Large,Republican,Willis Ayres - Gingrich,93
Hancock,Delegate,At-Large,Republican,Winfield Dunn - Romney,77
Hancock,Presidential Preference,NA,Democratic,Barack Obama,22
Hancock,Presidential Preference,NA,Republican,"Charles ""Buddy"" Roemer",2
Hancock,Presidential Preference,NA,Republican,Gary Johnson,2
Hancock,Presidential Preference,NA,Republican,Jon Huntsman,1
Hancock,Presidential Preference,NA,Republican,Michele Bachmann,5
Hancock,Presidential Preference,NA,Republican,Mitt Romney,138
Hancock,Presidential Preference,NA,Republican,Newt Gingrich,107
Hancock,Presidential Preference,NA,Republican,Rick Perry,1
Hancock,Presidential Preference,NA,Republican,Rick Santorum,245
Hancock,Presidential Preference,NA,Republican,Ron Paul,90
Hancock,Presidential Preference,NA,Republican,Uncommitted,2
Hardeman,Delegate,7,Republican,Ammon Smartt - Romney,179
Hardeman,Delegate,7,Republican,Barrett Rich - Romney,254
Hardeman,Delegate,7,Republican,Corey M. Stockman - Paul,128
Hardeman,Delegate,7,Republican,Gary Shane Goolsby - Paul,130
Hardeman,Delegate,7,Republican,John Elkington - Perry,38
Hardeman,Delegate,7,Republican,Kenny Crenshaw - Paul,132
Hardeman,Delegate,7,Republican,"Martha ""Jane"" Pleasant - Gingrich",284
Hardeman,Delegate,7,Republican,Mary Kate Brown - Romney,199
Hardeman,Delegate,7,Republican,Monty Lankford - Perry,28
Hardeman,Delegate,7,Republican,Reta Galbraith - Gingrich,271
Hardeman,Delegate,7,Republican,"W.C. ""Bubba"" Pleasant - Gingrich",267
Hardeman,Delegate,At-Large,Republican,Alexander Oaks Waters - Huntsman,53
Hardeman,Delegate,At-Large,Republican,Andre Flanary - Paul,158
Hardeman,Delegate,At-Large,Republican,Beth Campbell - Romney,233
Hardeman,Delegate,At-Large,Republican,Brian Kelsey - Perry,51
Hardeman,Delegate,At-Large,Republican,C. Mack Patton - Gingrich,316
Hardeman,Delegate,At-Large,Republican,Crom Carmichael - Gingrich,326
Hardeman,Delegate,At-Large,Republican,Daniel Rawls - Paul,147
Hardeman,Delegate,At-Large,Republican,Donna K. Appleget - Paul,202
Hardeman,Delegate,At-Large,Republican,Elaine Laney Heard - Perry,66
Hardeman,Delegate,At-Large,Republican,Gail D. Patton - Gingrich,320
Hardeman,Delegate,At-Large,Republican,Gary Allen - Paul,221
Hardeman,Delegate,At-Large,Republican,Gary Ellis - Paul,166
Hardeman,Delegate,At-Large,Republican,Jason Davis - Paul,199
Hardeman,Delegate,At-Large,Republican,Jeff Pedigo - Paul,150
Hardeman,Delegate,At-Large,Republican,Jessica Frizzell - Perry,81
Hardeman,Delegate,At-Large,Republican,Jim Looney - Romney,183
Hardeman,Delegate,At-Large,Republican,Joel Crenshaw - Paul,203
Hardeman,Delegate,At-Large,Republican,John Crisp - Romney,215
Hardeman,Delegate,At-Large,Republican,John Gardner - Gingrich,337
Hardeman,Delegate,At-Large,Republican,John Wayne Cropp - Romney,197
Hardeman,Delegate,At-Large,Republican,Josh Brown - Romney,265
Hardeman,Delegate,At-Large,Republican,Juanita Thouin - Uncommitted,110
Hardeman,Delegate,At-Large,Republican,Julia Hurley - Romney,195
Hardeman,Delegate,At-Large,Republican,Justin Pitt - Romney,151
Hardeman,Delegate,At-Large,Republican,Kyle Gregory Perry - Paul,155
Hardeman,Delegate,At-Large,Republican,Larry Bates - Perry,82
Hardeman,Delegate,At-Large,Republican,Mark White - Romney,76
Hardeman,Delegate,At-Large,Republican,Mark Winslow - Gingrich,325
Hardeman,Delegate,At-Large,Republican,Martha Ruth Brown - Gingrich,360
Hardeman,Delegate,At-Large,Republican,Matthew Jerry Johnson - Gingrich,330
Hardeman,Delegate,At-Large,Republican,Matthew Smith - Perry,30
Hardeman,Delegate,At-Large,Republican,Randal Boyd - Romney,267
Hardeman,Delegate,At-Large,Republican,Rob Ailey - Romney,275
Hardeman,Delegate,At-Large,Republican,Robert Tyler Prince - Uncommitted,149
Hardeman,Delegate,At-Large,Republican,Ron Ramsey - Perry,57
Hardeman,Delegate,At-Large,Republican,Ronald Lanfear - Paul,146
Hardeman,Delegate,At-Large,Republican,Rosine Ghawji - Uncommitted,124
Hardeman,Delegate,At-Large,Republican,Ruth B. Hagerty - Romney,192
Hardeman,Delegate,At-Large,Republican,Sandy Crawford - Uncommitted,162
Hardeman,Delegate,At-Large,Republican,Shalia Lankford - Perry,32
Hardeman,Delegate,At-Large,Republican,Sindy Ramsey - Perry,37
Hardeman,Delegate,At-Large,Republican,Stacey Campfield - Gingrich,344
Hardeman,Delegate,At-Large,Republican,Steve Allbrooks - Romney,273
Hardeman,Delegate,At-Large,Republican,Steve Buttry - Romney,228
Hardeman,Delegate,At-Large,Republican,Steven Warhurst - Paul,141
Hardeman,Delegate,At-Large,Republican,Susan Richardson Williams - Romney,75
Hardeman,Delegate,At-Large,Republican,Thomas Smith - Perry,25
Hardeman,Delegate,At-Large,Republican,Tiffany Ramsey Goforth - Perry,80
Hardeman,Delegate,At-Large,Republican,Tony Shipley - Gingrich,321
Hardeman,Delegate,At-Large,Republican,Victor Ashe - Huntsman,57
Hardeman,Delegate,At-Large,Republican,Wendell Moore - Romney,177
Hardeman,Delegate,At-Large,Republican,Willis Ayres - Gingrich,340
Hardeman,Delegate,At-Large,Republican,Winfield Dunn - Romney,231
Hardeman,Presidential Preference,NA,Democratic,Barack Obama,968
Hardeman,Presidential Preference,NA,Democratic,Uncommitted,268
Hardeman,Presidential Preference,NA,Republican,"Charles ""Buddy"" Roemer",4
Hardeman,Presidential Preference,NA,Republican,Gary Johnson,5
Hardeman,Presidential Preference,NA,Republican,Jon Huntsman,6
Hardeman,Presidential Preference,NA,Republican,Michele Bachmann,11
Hardeman,Presidential Preference,NA,Republican,Mitt Romney,353
Hardeman,Presidential Preference,NA,Republican,Newt Gingrich,337
Hardeman,Presidential Preference,NA,Republican,Rick Perry,9
Hardeman,Presidential Preference,NA,Republican,Rick Santorum,573
Hardeman,Presidential Preference,NA,Republican,Ron Paul,136
Hardeman,Presidential Preference,NA,Republican,Uncommitted,10
Hardin,Delegate,7,Republican,Ammon Smartt - Romney,249
Hardin,Delegate,7,Republican,Barrett Rich - Romney,293
Hardin,Delegate,7,Republican,Corey M. Stockman - Paul,185
Hardin,Delegate,7,Republican,Gary Shane Goolsby - Paul,177
Hardin,Delegate,7,Republican,John Elkington - Perry,58
Hardin,Delegate,7,Republican,Kenny Crenshaw - Paul,198
Hardin,Delegate,7,Republican,"Martha ""Jane"" Pleasant - Gingrich",437
Hardin,Delegate,7,Republican,Mary Kate Brown - Romney,313
Hardin,Delegate,7,Republican,Monty Lankford - Perry,46
Hardin,Delegate,7,Republican,Reta Galbraith - Gingrich,437
Hardin,Delegate,7,Republican,"W.C. ""Bubba"" Pleasant - Gingrich",423
Hardin,Delegate,At-Large,Republican,Alexander Oaks Waters - Huntsman,43
Hardin,Delegate,At-Large,Republican,Andre Flanary - Paul,166
Hardin,Delegate,At-Large,Republican,Beth Campbell - Romney,342
Hardin,Delegate,At-Large,Republican,Brian Kelsey - Perry,73
Hardin,Delegate,At-Large,Republican,C. Mack Patton - Gingrich,460
Hardin,Delegate,At-Large,Republican,Crom Carmichael - Gingrich,458
Hardin,Delegate,At-Large,Republican,Daniel Rawls - Paul,165
Hardin,Delegate,At-Large,Republican,Donna K. Appleget - Paul,202
Hardin,Delegate,At-Large,Republican,Elaine Laney Heard - Perry,101
Hardin,Delegate,At-Large,Republican,Gail D. Patton - Gingrich,461
Hardin,Delegate,At-Large,Republican,Gary Allen - Paul,249
Hardin,Delegate,At-Large,Republican,Gary Ellis - Paul,190
Hardin,Delegate,At-Large,Republican,Jason Davis - Paul,218
Hardin,Delegate,At-Large,Republican,Jeff Pedigo - Paul,167
Hardin,Delegate,At-Large,Republican,Jessica Frizzell - Perry,102
Hardin,Delegate,At-Large,Republican,Jim Looney - Romney,306
Hardin,Delegate,At-Large,Republican,Joel Crenshaw - Paul,205
Hardin,Delegate,At-Large,Republican,John Crisp - Romney,309
Hardin,Delegate,At-Large,Republican,John Gardner - Gingrich,480
Hardin,Delegate,At-Large,Republican,John Wayne Cropp - Romney,319
Hardin,Delegate,At-Large,Republican,Josh Brown - Romney,335
Hardin,Delegate,At-Large,Republican,Juanita Thouin - Uncommitted,200
Hardin,Delegate,At-Large,Republican,Julia Hurley - Romney,329
Hardin,Delegate,At-Large,Republican,Justin Pitt - Romney,277
Hardin,Delegate,At-Large,Republican,Kyle Gregory Perry - Paul,178
Hardin,Delegate,At-Large,Republican,Larry Bates - Perry,97
Hardin,Delegate,At-Large,Republican,Mark White - Romney,146
Hardin,Delegate,At-Large,Republican,Mark Winslow - Gingrich,449
Hardin,Delegate,At-Large,Republican,Martha Ruth Brown - Gingrich,480
Hardin,Delegate,At-Large,Republican,Matthew Jerry Johnson - Gingrich,470
Hardin,Delegate,At-Large,Republican,Matthew Smith - Perry,63
Hardin,Delegate,At-Large,Republican,Randal Boyd - Romney,360
Hardin,Delegate,At-Large,Republican,Rob Ailey - Romney,320
Hardin,Delegate,At-Large,Republican,Robert Tyler Prince - Uncommitted,233
Hardin,Delegate,At-Large,Republican,Ron Ramsey - Perry,102
Hardin,Delegate,At-Large,Republican,Ronald Lanfear - Paul,170
Hardin,Delegate,At-Large,Republican,Rosine Ghawji - Uncommitted,206
Hardin,Delegate,At-Large,Republican,Ruth B. Hagerty - Romney,321
Hardin,Delegate,At-Large,Republican,Sandy Crawford - Uncommitted,250
Hardin,Delegate,At-Large,Republican,Shalia Lankford - Perry,57
Hardin,Delegate,At-Large,Republican,Sindy Ramsey - Perry,66
Hardin,Delegate,At-Large,Republican,Stacey Campfield - Gingrich,463
Hardin,Delegate,At-Large,Republican,Steve Allbrooks - Romney,333
Hardin,Delegate,At-Large,Republican,Steve Buttry - Romney,318
Hardin,Delegate,At-Large,Republican,Steven Warhurst - Paul,166
Hardin,Delegate,At-Large,Republican,Susan Richardson Williams - Romney,147
Hardin,Delegate,At-Large,Republican,Thomas Smith - Perry,59
Hardin,Delegate,At-Large,Republican,Tiffany Ramsey Goforth - Perry,101
Hardin,Delegate,At-Large,Republican,Tony Shipley - Gingrich,456
Hardin,Delegate,At-Large,Republican,Victor Ashe - Huntsman,67
Hardin,Delegate,At-Large,Republican,Wendell Moore - Romney,306
Hardin,Delegate,At-Large,Republican,Willis Ayres - Gingrich,457
Hardin,Delegate,At-Large,Republican,Winfield Dunn - Romney,381
Hardin,Presidential Preference,NA,Democratic,Barack Obama,106
Hardin,Presidential Preference,NA,Democratic,Uncommitted,23
Hardin,Presidential Preference,NA,Republican,Gary Johnson,4
Hardin,Presidential Preference,NA,Republican,Jon Huntsman,2
Hardin,Presidential Preference,NA,Republican,Michele Bachmann,13
Hardin,Presidential Preference,NA,Republican,Mitt Romney,599
Hardin,Presidential Preference,NA,Republican,Newt Gingrich,588
Hardin,Presidential Preference,NA,Republican,Rick Perry,11
Hardin,Presidential Preference,NA,Republican,Rick Santorum,856
Hardin,Presidential Preference,NA,Republican,Ron Paul,214
Hardin,Presidential Preference,NA,Republican,Uncommitted,1
Hawkins,Delegate,1,Republican,Alicia Mumpower - Romney,1258
Hawkins,Delegate,1,Republican,Charles Cook - Paul,646
Hawkins,Delegate,1,Republican,David Golden - Romney,1240
Hawkins,Delegate,1,Republican,Dustin Goforth - Perry,186
Hawkins,Delegate,1,Republican,Gregg Richardson - Paul,612
Hawkins,Delegate,1,Republican,"Jeffrey ""Bo"" Shultz - Uncommitted",504
Hawkins,Delegate,1,Republican,Jennifer Flanary - Uncommitted,729
Hawkins,Delegate,1,Republican,Jesse Overbey - Uncommitted,488
Hawkins,Delegate,1,Republican,Jordan G. Young - Perry,157
Hawkins,Delegate,1,Republican,Linda D. Buckles - Gingrich,1625
Hawkins,Delegate,1,Republican,Linda L. Osborne - Gingrich,1550
Hawkins,Delegate,1,Republican,Michael H. Simpson - Paul,425
Hawkins,Delegate,1,Republican,P K Lowrey - Paul,567
Hawkins,Delegate,1,Republican,Phil Hoskins - Gingrich,1936
Hawkins,Delegate,1,Republican,Warren Jones - Romney,1160
Hawkins,Delegate,At-Large,Republican,Alexander Oaks Waters - Huntsman,257
Hawkins,Delegate,At-Large,Republican,Andre Flanary - Paul,821
Hawkins,Delegate,At-Large,Republican,Beth Campbell - Romney,1306
Hawkins,Delegate,At-Large,Republican,Brian Kelsey - Perry,323
Hawkins,Delegate,At-Large,Republican,C. Mack Patton - Gingrich,1716
Hawkins,Delegate,At-Large,Republican,Crom Carmichael - Gingrich,1639
Hawkins,Delegate,At-Large,Republican,Daniel Rawls - Paul,801
Hawkins,Delegate,At-Large,Republican,Donna K. Appleget - Paul,952
Hawkins,Delegate,At-Large,Republican,Elaine Laney Heard - Perry,418
Hawkins,Delegate,At-Large,Republican,Gail D. Patton - Gingrich,1703
Hawkins,Delegate,At-Large,Republican,Gary Allen - Paul,1130
Hawkins,Delegate,At-Large,Republican,Gary Ellis - Paul,937
Hawkins,Delegate,At-Large,Republican,Jason Davis - Paul,1019
Hawkins,Delegate,At-Large,Republican,Jeff Pedigo - Paul,812
Hawkins,Delegate,At-Large,Republican,Jessica Frizzell - Perry,491
Hawkins,Delegate,At-Large,Republican,Jim Looney - Romney,1153
Hawkins,Delegate,At-Large,Republican,Joel Crenshaw - Paul,899
Hawkins,Delegate,At-Large,Republican,John Crisp - Romney,1175
Hawkins,Delegate,At-Large,Republican,John Gardner - Gingrich,1793
Hawkins,Delegate,At-Large,Republican,John Wayne Cropp - Romney,1140
Hawkins,Delegate,At-Large,Republican,Josh Brown - Romney,1273
Hawkins,Delegate,At-Large,Republican,Juanita Thouin - Uncommitted,803
Hawkins,Delegate,At-Large,Republican,Julia Hurley - Romney,1185
Hawkins,Delegate,At-Large,Republican,Justin Pitt - Romney,999
Hawkins,Delegate,At-Large,Republican,Kyle Gregory Perry - Paul,860
Hawkins,Delegate,At-Large,Republican,Larry Bates - Perry,473
Hawkins,Delegate,At-Large,Republican,Mark White - Romney,593
Hawkins,Delegate,At-Large,Republican,Mark Winslow - Gingrich,1622
Hawkins,Delegate,At-Large,Republican,Martha Ruth Brown - Gingrich,1738
Hawkins,Delegate,At-Large,Republican,Matthew Jerry Johnson - Gingrich,1719
Hawkins,Delegate,At-Large,Republican,Matthew Smith - Perry,280
Hawkins,Delegate,At-Large,Republican,Randal Boyd - Romney,1319
Hawkins,Delegate,At-Large,Republican,Rob Ailey - Romney,1117
Hawkins,Delegate,At-Large,Republican,Robert Tyler Prince - Uncommitted,918
Hawkins,Delegate,At-Large,Republican,Ron Ramsey - Perry,783
Hawkins,Delegate,At-Large,Republican,Ronald Lanfear - Paul,807
Hawkins,Delegate,At-Large,Republican,Rosine Ghawji - Uncommitted,784
Hawkins,Delegate,At-Large,Republican,Ruth B. Hagerty - Romney,1155
Hawkins,Delegate,At-Large,Republican,Sandy Crawford - Uncommitted,1050
Hawkins,Delegate,At-Large,Republican,Shalia Lankford - Perry,266
Hawkins,Delegate,At-Large,Republican,Sindy Ramsey - Perry,313
Hawkins,Delegate,At-Large,Republican,Stacey Campfield - Gingrich,1713
Hawkins,Delegate,At-Large,Republican,Steve Allbrooks - Romney,1191
Hawkins,Delegate,At-Large,Republican,Steve Buttry - Romney,1237
Hawkins,Delegate,At-Large,Republican,Steven Warhurst - Paul,815
Hawkins,Delegate,At-Large,Republican,Susan Richardson Williams - Romney,525
Hawkins,Delegate,At-Large,Republican,Thomas Smith - Perry,233
Hawkins,Delegate,At-Large,Republican,Tiffany Ramsey Goforth - Perry,462
Hawkins,Delegate,At-Large,Republican,Tony Shipley - Gingrich,2099
Hawkins,Delegate,At-Large,Republican,Victor Ashe - Huntsman,425
Hawkins,Delegate,At-Large,Republican,Wendell Moore - Romney,1089
Hawkins,Delegate,At-Large,Republican,Willis Ayres - Gingrich,1692
Hawkins,Delegate,At-Large,Republican,Winfield Dunn - Romney,1362
Hawkins,Presidential Preference,NA,Democratic,Barack Obama,304
Hawkins,Presidential Preference,NA,Democratic,Uncommitted,78
Hawkins,Presidential Preference,NA,Republican,"Charles ""Buddy"" Roemer",26
Hawkins,Presidential Preference,NA,Republican,Gary Johnson,12
Hawkins,Presidential Preference,NA,Republican,Jon Huntsman,29
Hawkins,Presidential Preference,NA,Republican,Michele Bachmann,48
Hawkins,Presidential Preference,NA,Republican,Mitt Romney,2147
Hawkins,Presidential Preference,NA,Republican,Newt Gingrich,2229
Hawkins,Presidential Preference,NA,Republican,Rick Perry,67
Hawkins,Presidential Preference,NA,Republican,Rick Santorum,2666
Hawkins,Presidential Preference,NA,Republican,Ron Paul,889
Hawkins,Presidential Preference,NA,Republican,Uncommitted,245
Haywood,Delegate,8,Republican,Adrian Eddleman - Paul,30
Haywood,Delegate,8,Republican,Betty Anderson - Romney,94
Haywood,Delegate,8,Republican,Bob D. Anderson - Romney,104
Haywood,Delegate,8,Republican,Emily H. Shore - Gingrich,154
Haywood,Delegate,8,Republican,James William Shore - Gingrich,149
Haywood,Delegate,8,Republican,Jeremie Schultz - Paul,25
Haywood,Delegate,8,Republican,Jim Summerville - Perry,23
Haywood,Delegate,8,Republican,Mark E. Green - Perry,24
Haywood,Delegate,8,Republican,Mike Peery - Gingrich,168
Haywood,Delegate,8,Republican,Oneida Wagoner - Romney,20
Haywood,Delegate,8,Republican,Steve Maroney - Romney,92
Haywood,Delegate,8,Republican,Ted Williams - Perry,33
Haywood,Delegate,8,Republican,Tiffany Doyle - Paul,35
Haywood,Delegate,At-Large,Republican,Alexander Oaks Waters - Huntsman,28
Haywood,Delegate,At-Large,Republican,Andre Flanary - Paul,44
Haywood,Delegate,At-Large,Republican,Beth Campbell - Romney,116
Haywood,Delegate,At-Large,Republican,Brian Kelsey - Perry,30
Haywood,Delegate,At-Large,Republican,C. Mack Patton - Gingrich,187
Haywood,Delegate,At-Large,Republican,Crom Carmichael - Gingrich,192
Haywood,Delegate,At-Large,Republican,Daniel Rawls - Paul,38
Haywood,Delegate,At-Large,Republican,Donna K. Appleget - Paul,66
Haywood,Delegate,At-Large,Republican,Elaine Laney Heard - Perry,47
Haywood,Delegate,At-Large,Republican,Gail D. Patton - Gingrich,181
Haywood,Delegate,At-Large,Republican,Gary Allen - Paul,80
Haywood,Delegate,At-Large,Republican,Gary Ellis - Paul,50
Haywood,Delegate,At-Large,Republican,Jason Davis - Paul,53
Haywood,Delegate,At-Large,Republican,Jeff Pedigo - Paul,41
Haywood,Delegate,At-Large,Republican,Jessica Frizzell - Perry,48
Haywood,Delegate,At-Large,Republican,Jim Looney - Romney,106
Haywood,Delegate,At-Large,Republican,Joel Crenshaw - Paul,63
Haywood,Delegate,At-Large,Republican,John Crisp - Romney,119
Haywood,Delegate,At-Large,Republican,John Gardner - Gingrich,198
Haywood,Delegate,At-Large,Republican,John Wayne Cropp - Romney,109
Haywood,Delegate,At-Large,Republican,Josh Brown - Romney,135
Haywood,Delegate,At-Large,Republican,Juanita Thouin - Uncommitted,62
Haywood,Delegate,At-Large,Republican,Julia Hurley - Romney,107
Haywood,Delegate,At-Large,Republican,Justin Pitt - Romney,78
Haywood,Delegate,At-Large,Republican,Kyle Gregory Perry - Paul,43
Haywood,Delegate,At-Large,Republican,Larry Bates - Perry,53
Haywood,Delegate,At-Large,Republican,Mark White - Romney,46
Haywood,Delegate,At-Large,Republican,Mark Winslow - Gingrich,179
Haywood,Delegate,At-Large,Republican,Martha Ruth Brown - Gingrich,201
Haywood,Delegate,At-Large,Republican,Matthew Jerry Johnson - Gingrich,186
Haywood,Delegate,At-Large,Republican,Matthew Smith - Perry,25
Haywood,Delegate,At-Large,Republican,Randal Boyd - Romney,143
Haywood,Delegate,At-Large,Republican,Rob Ailey - Romney,144
Haywood,Delegate,At-Large,Republican,Robert Tyler Prince - Uncommitted,85
Haywood,Delegate,At-Large,Republican,Ron Ramsey - Perry,37
Haywood,Delegate,At-Large,Republican,Ronald Lanfear - Paul,40
Haywood,Delegate,At-Large,Republican,Rosine Ghawji - Uncommitted,72
Haywood,Delegate,At-Large,Republican,Ruth B. Hagerty - Romney,107
Haywood,Delegate,At-Large,Republican,Sandy Crawford - Uncommitted,96
Haywood,Delegate,At-Large,Republican,Shalia Lankford - Perry,30
Haywood,Delegate,At-Large,Republican,Sindy Ramsey - Perry,27
Haywood,Delegate,At-Large,Republican,Stacey Campfield - Gingrich,197
Haywood,Delegate,At-Large,Republican,Steve Allbrooks - Romney,147
Haywood,Delegate,At-Large,Republican,Steve Buttry - Romney,115
Haywood,Delegate,At-Large,Republican,Steven Warhurst - Paul,41
Haywood,Delegate,At-Large,Republican,Susan Richardson Williams - Romney,52
Haywood,Delegate,At-Large,Republican,Thomas Smith - Perry,28
Haywood,Delegate,At-Large,Republican,Tiffany Ramsey Goforth - Perry,48
Haywood,Delegate,At-Large,Republican,Tony Shipley - Gingrich,177
Haywood,Delegate,At-Large,Republican,Victor Ashe - Huntsman,36
Haywood,Delegate,At-Large,Republican,Wendell Moore - Romney,101
Haywood,Delegate,At-Large,Republican,Willis Ayres - Gingrich,209
Haywood,Delegate,At-Large,Republican,Winfield Dunn - Romney,133
Haywood,Presidential Preference,NA,Democratic,Barack Obama,473
Haywood,Presidential Preference,NA,Democratic,Uncommitted,11
Haywood,Presidential Preference,NA,Republican,Jon Huntsman,2
Haywood,Presidential Preference,NA,Republican,Michele Bachmann,4
Haywood,Presidential Preference,NA,Republican,Mitt Romney,188
Haywood,Presidential Preference,NA,Republican,Newt Gingrich,169
Haywood,Presidential Preference,NA,Republican,Rick Perry,2
Haywood,Presidential Preference,NA,Republican,Rick Santorum,454
Haywood,Presidential Preference,NA,Republican,Ron Paul,34
Haywood,Presidential Preference,NA,Republican,Uncommitted,1
Henderson,Delegate,7,Republican,Ammon Smartt - Romney,388
Henderson,Delegate,7,Republican,Barrett Rich - Romney,442
Henderson,Delegate,7,Republican,Corey M. Stockman - Paul,382
Henderson,Delegate,7,Republican,Gary Shane Goolsby - Paul,360
Henderson,Delegate,7,Republican,John Elkington - Perry,136
Henderson,Delegate,7,Republican,Kenny Crenshaw - Paul,388
Henderson,Delegate,7,Republican,"Martha ""Jane"" Pleasant - Gingrich",641
Henderson,Delegate,7,Republican,Mary Kate Brown - Romney,500
Henderson,Delegate,7,Republican,Monty Lankford - Perry,111
Henderson,Delegate,7,Republican,Reta Galbraith - Gingrich,639
Henderson,Delegate,7,Republican,"W.C. ""Bubba"" Pleasant - Gingrich",624
Henderson,Delegate,At-Large,Republican,Alexander Oaks Waters - Huntsman,191
Henderson,Delegate,At-Large,Republican,Andre Flanary - Paul,414
Henderson,Delegate,At-Large,Republican,Beth Campbell - Romney,476
Henderson,Delegate,At-Large,Republican,Brian Kelsey - Perry,161
Henderson,Delegate,At-Large,Republican,C. Mack Patton - Gingrich,745
Henderson,Delegate,At-Large,Republican,Crom Carmichael - Gingrich,757
Henderson,Delegate,At-Large,Republican,Daniel Rawls - Paul,373
Henderson,Delegate,At-Large,Republican,Donna K. Appleget - Paul,556
Henderson,Delegate,At-Large,Republican,Elaine Laney Heard - Perry,181
Henderson,Delegate,At-Large,Republican,Gail D. Patton - Gingrich,733
Henderson,Delegate,At-Large,Republican,Gary Allen - Paul,639
Henderson,Delegate,At-Large,Republican,Gary Ellis - Paul,474
Henderson,Delegate,At-Large,Republican,Jason Davis - Paul,543
Henderson,Delegate,At-Large,Republican,Jeff Pedigo - Paul,395
Henderson,Delegate,At-Large,Republican,Jessica Frizzell - Perry,272
Henderson,Delegate,At-Large,Republican,Jim Looney - Romney,338
Henderson,Delegate,At-Large,Republican,Joel Crenshaw - Paul,554
Henderson,Delegate,At-Large,Republican,John Crisp - Romney,438
Henderson,Delegate,At-Large,Republican,John Gardner - Gingrich,802
Henderson,Delegate,At-Large,Republican,John Wayne Cropp - Romney,414
Henderson,Delegate,At-Large,Republican,Josh Brown - Romney,563
Henderson,Delegate,At-Large,Republican,Juanita Thouin - Uncommitted,272
Henderson,Delegate,At-Large,Republican,Julia Hurley - Romney,378
Henderson,Delegate,At-Large,Republican,Justin Pitt - Romney,292
Henderson,Delegate,At-Large,Republican,Kyle Gregory Perry - Paul,405
Henderson,Delegate,At-Large,Republican,Larry Bates - Perry,225
Henderson,Delegate,At-Large,Republican,Mark White - Romney,192
Henderson,Delegate,At-Large,Republican,Mark Winslow - Gingrich,691
Henderson,Delegate,At-Large,Republican,Martha Ruth Brown - Gingrich,847
Henderson,Delegate,At-Large,Republican,Matthew Jerry Johnson - Gingrich,793
Henderson,Delegate,At-Large,Republican,Matthew Smith - Perry,128
Henderson,Delegate,At-Large,Republican,Randal Boyd - Romney,574
Henderson,Delegate,At-Large,Republican,Rob Ailey - Romney,612
Henderson,Delegate,At-Large,Republican,Robert Tyler Prince - Uncommitted,392
Henderson,Delegate,At-Large,Republican,Ron Ramsey - Perry,197
Henderson,Delegate,At-Large,Republican,Ronald Lanfear - Paul,390
Henderson,Delegate,At-Large,Republican,Rosine Ghawji - Uncommitted,336
Henderson,Delegate,At-Large,Republican,Ruth B. Hagerty - Romney,378
Henderson,Delegate,At-Large,Republican,Sandy Crawford - Uncommitted,483
Henderson,Delegate,At-Large,Republican,Shalia Lankford - Perry,131
Henderson,Delegate,At-Large,Republican,Sindy Ramsey - Perry,117
Henderson,Delegate,At-Large,Republican,Stacey Campfield - Gingrich,819
Henderson,Delegate,At-Large,Republican,Steve Allbrooks - Romney,602
Henderson,Delegate,At-Large,Republican,Steve Buttry - Romney,490
Henderson,Delegate,At-Large,Republican,Steven Warhurst - Paul,354
Henderson,Delegate,At-Large,Republican,Susan Richardson Williams - Romney,190
Henderson,Delegate,At-Large,Republican,Thomas Smith - Perry,112
Henderson,Delegate,At-Large,Republican,Tiffany Ramsey Goforth - Perry,236
Henderson,Delegate,At-Large,Republican,Tony Shipley - Gingrich,720
Henderson,Delegate,At-Large,Republican,Victor Ashe - Huntsman,218
Henderson,Delegate,At-Large,Republican,Wendell Moore - Romney,332
Henderson,Delegate,At-Large,Republican,Willis Ayres - Gingrich,846
Henderson,Delegate,At-Large,Republican,Winfield Dunn - Romney,460
Henderson,Presidential Preference,NA,Democratic,Barack Obama,50
Henderson,Presidential Preference,NA,Democratic,Uncommitted,12
Henderson,Presidential Preference,NA,Republican,"Charles ""Buddy"" Roemer",16
Henderson,Presidential Preference,NA,Republican,Gary Johnson,49
Henderson,Presidential Preference,NA,Republican,Jon Huntsman,21
Henderson,Presidential Preference,NA,Republican,Michele Bachmann,59
Henderson,Presidential Preference,NA,Republican,Mitt Romney,1026
Henderson,Presidential Preference,NA,Republican,Newt Gingrich,912
Henderson,Presidential Preference,NA,Republican,Rick Perry,54
Henderson,Presidential Preference,NA,Republican,Rick Santorum,1844
Henderson,Presidential Preference,NA,Republican,Ron Paul,557
Henderson,Presidential Preference,NA,Republican,Uncommitted,169
Henry,Delegate,8,Republican,Adrian Eddleman - Paul,153
Henry,Delegate,8,Republican,Betty Anderson - Romney,239
Henry,Delegate,8,Republican,Bob D. Anderson - Romney,248
Henry,Delegate,8,Republican,Emily H. Shore - Gingrich,399
Henry,Delegate,8,Republican,James William Shore - Gingrich,388
Henry,Delegate,8,Republican,Jeremie Schultz - Paul,143
Henry,Delegate,8,Republican,Jim Summerville - Perry,36
Henry,Delegate,8,Republican,Mark E. Green - Perry,61
Henry,Delegate,8,Republican,Mike Peery - Gingrich,435
Henry,Delegate,8,Republican,Oneida Wagoner - Romney,115
Henry,Delegate,8,Republican,Steve Maroney - Romney,175
Henry,Delegate,8,Republican,Ted Williams - Perry,44
Henry,Delegate,8,Republican,Tiffany Doyle - Paul,172
Henry,Delegate,At-Large,Republican,Alexander Oaks Waters - Huntsman,157
Henry,Delegate,At-Large,Republican,Andre Flanary - Paul,174
Henry,Delegate,At-Large,Republican,Beth Campbell - Romney,347
Henry,Delegate,At-Large,Republican,Brian Kelsey - Perry,70
Henry,Delegate,At-Large,Republican,C. Mack Patton - Gingrich,401
Henry,Delegate,At-Large,Republican,Crom Carmichael - Gingrich,394
Henry,Delegate,At-Large,Republican,Daniel Rawls - Paul,148
Henry,Delegate,At-Large,Republican,Donna K. Appleget - Paul,236
Henry,Delegate,At-Large,Republican,Elaine Laney Heard - Perry,66
Henry,Delegate,At-Large,Republican,Gail D. Patton - Gingrich,425
Henry,Delegate,At-Large,Republican,Gary Allen - Paul,277
Henry,Delegate,At-Large,Republican,Gary Ellis - Paul,216
Henry,Delegate,At-Large,Republican,Jason Davis - Paul,220
Henry,Delegate,At-Large,Republican,Jeff Pedigo - Paul,177
Henry,Delegate,At-Large,Republican,Jessica Frizzell - Perry,94
Henry,Delegate,At-Large,Republican,Jim Looney - Romney,276
Henry,Delegate,At-Large,Republican,Joel Crenshaw - Paul,224
Henry,Delegate,At-Large,Republican,John Crisp - Romney,300
Henry,Delegate,At-Large,Republican,John Gardner - Gingrich,471
Henry,Delegate,At-Large,Republican,John Wayne Cropp - Romney,274
Henry,Delegate,At-Large,Republican,Josh Brown - Romney,323
Henry,Delegate,At-Large,Republican,Juanita Thouin - Uncommitted,134
Henry,Delegate,At-Large,Republican,Julia Hurley - Romney,261
Henry,Delegate,At-Large,Republican,Justin Pitt - Romney,241
Henry,Delegate,At-Large,Republican,Kyle Gregory Perry - Paul,172
Henry,Delegate,At-Large,Republican,Larry Bates - Perry,87
Henry,Delegate,At-Large,Republican,Mark White - Romney,136
Henry,Delegate,At-Large,Republican,Mark Winslow - Gingrich,369
Henry,Delegate,At-Large,Republican,Martha Ruth Brown - Gingrich,442
Henry,Delegate,At-Large,Republican,Matthew Jerry Johnson - Gingrich,411
Henry,Delegate,At-Large,Republican,Matthew Smith - Perry,80
Henry,Delegate,At-Large,Republican,Randal Boyd - Romney,308
Henry,Delegate,At-Large,Republican,Rob Ailey - Romney,300
Henry,Delegate,At-Large,Republican,Robert Tyler Prince - Uncommitted,172
Henry,Delegate,At-Large,Republican,Ron Ramsey - Perry,158
Henry,Delegate,At-Large,Republican,Ronald Lanfear - Paul,184
Henry,Delegate,At-Large,Republican,Rosine Ghawji - Uncommitted,134
Henry,Delegate,At-Large,Republican,Ruth B. Hagerty - Romney,257
Henry,Delegate,At-Large,Republican,Sandy Crawford - Uncommitted,192
Henry,Delegate,At-Large,Republican,Shalia Lankford - Perry,59
Henry,Delegate,At-Large,Republican,Sindy Ramsey - Perry,73
Henry,Delegate,At-Large,Republican,Stacey Campfield - Gingrich,420
Henry,Delegate,At-Large,Republican,Steve Allbrooks - Romney,301
Henry,Delegate,At-Large,Republican,Steve Buttry - Romney,283
Henry,Delegate,At-Large,Republican,Steven Warhurst - Paul,150
Henry,Delegate,At-Large,Republican,Susan Richardson Williams - Romney,126
Henry,Delegate,At-Large,Republican,Thomas Smith - Perry,60
Henry,Delegate,At-Large,Republican,Tiffany Ramsey Goforth - Perry,73
Henry,Delegate,At-Large,Republican,Tony Shipley - Gingrich,351
Henry,Delegate,At-Large,Republican,Victor Ashe - Huntsman,177
Henry,Delegate,At-Large,Republican,Wendell Moore - Romney,248
Henry,Delegate,At-Large,Republican,Willis Ayres - Gingrich,413
Henry,Delegate,At-Large,Republican,Winfield Dunn - Romney,324
Henry,Presidential Preference,NA,Democratic,Barack Obama,797
Henry,Presidential Preference,NA,Democratic,Uncommitted,416
Henry,Presidential Preference,NA,Republican,"Charles ""Buddy"" Roemer",5
Henry,Presidential Preference,NA,Republican,Gary Johnson,1
Henry,Presidential Preference,NA,Republican,Jon Huntsman,3
Henry,Presidential Preference,NA,Republican,Michele Bachmann,9
Henry,Presidential Preference,NA,Republican,Mitt Romney,615
Henry,Presidential Preference,NA,Republican,Newt Gingrich,584
Henry,Presidential Preference,NA,Republican,Rick Perry,9
Henry,Presidential Preference,NA,Republican,Rick Santorum,951
Henry,Presidential Preference,NA,Republican,Ron Paul,200
Henry,Presidential Preference,NA,Republican,Uncommitted,8
Hickman,Delegate,4,Republican,Amanda Griffith - Paul,126
Hickman,Delegate,4,Republican,Annette Sapp - Gingrich,244
Hickman,Delegate,4,Republican,David French - Romney,148
Hickman,Delegate,4,Republican,David G. Bearden - Paul,137
Hickman,Delegate,4,Republican,Jason Whatley - Romney,127
Hickman,Delegate,4,Republican,Kristopher D. Miller - Perry,79
Hickman,Delegate,4,Republican,Mary Ellen Redford - Paul,47
Hickman,Delegate,4,Republican,Nancy French - Romney,128
Hickman,Delegate,4,Republican,Robert Crigger - Uncommitted,168
Hickman,Delegate,4,Republican,Steven Lane - Paul,105
Hickman,Delegate,4,Republican,Tommy Lee Francis - Perry,86
Hickman,Delegate,7,Republican,Ammon Smartt - Romney,72
Hickman,Delegate,7,Republican,Barrett Rich - Romney,75
Hickman,Delegate,7,Republican,Corey M. Stockman - Paul,78
Hickman,Delegate,7,Republican,Gary Shane Goolsby - Paul,73
Hickman,Delegate,7,Republican,John Elkington - Perry,22
Hickman,Delegate,7,Republican,Kenny Crenshaw - Paul,68
Hickman,Delegate,7,Republican,"Martha ""Jane"" Pleasant - Gingrich",162
Hickman,Delegate,7,Republican,Mary Kate Brown - Romney,79
Hickman,Delegate,7,Republican,Monty Lankford - Perry,19
Hickman,Delegate,7,Republican,Reta Galbraith - Gingrich,156
Hickman,Delegate,7,Republican,"W.C. ""Bubba"" Pleasant - Gingrich",148
Hickman,Delegate,At-Large,Republican,Alexander Oaks Waters - Huntsman,74
Hickman,Delegate,At-Large,Republican,Andre Flanary - Paul,202
Hickman,Delegate,At-Large,Republican,Beth Campbell - Romney,216
Hickman,Delegate,At-Large,Republican,Brian Kelsey - Perry,65
Hickman,Delegate,At-Large,Republican,C. Mack Patton - Gingrich,468
Hickman,Delegate,At-Large,Republican,Crom Carmichael - Gingrich,479
Hickman,Delegate,At-Large,Republican,Daniel Rawls - Paul,187
Hickman,Delegate,At-Large,Republican,Donna K. Appleget - Paul,254
Hickman,Delegate,At-Large,Republican,Elaine Laney Heard - Perry,100
Hickman,Delegate,At-Large,Republican,Gail D. Patton - Gingrich,470
Hickman,Delegate,At-Large,Republican,Gary Allen - Paul,273
Hickman,Delegate,At-Large,Republican,Gary Ellis - Paul,220
Hickman,Delegate,At-Large,Republican,Jason Davis - Paul,241
Hickman,Delegate,At-Large,Republican,Jeff Pedigo - Paul,194
Hickman,Delegate,At-Large,Republican,Jessica Frizzell - Perry,127
Hickman,Delegate,At-Large,Republican,Jim Looney - Romney,163
Hickman,Delegate,At-Large,Republican,Joel Crenshaw - Paul,233
Hickman,Delegate,At-Large,Republican,John Crisp - Romney,190
Hickman,Delegate,At-Large,Republican,John Gardner - Gingrich,510
Hickman,Delegate,At-Large,Republican,John Wayne Cropp - Romney,182
Hickman,Delegate,At-Large,Republican,Josh Brown - Romney,241
Hickman,Delegate,At-Large,Republican,Juanita Thouin - Uncommitted,186
Hickman,Delegate,At-Large,Republican,Julia Hurley - Romney,177
Hickman,Delegate,At-Large,Republican,Justin Pitt - Romney,127
Hickman,Delegate,At-Large,Republican,Kyle Gregory Perry - Paul,205
Hickman,Delegate,At-Large,Republican,Larry Bates - Perry,131
Hickman,Delegate,At-Large,Republican,Mark White - Romney,70
Hickman,Delegate,At-Large,Republican,Mark Winslow - Gingrich,457
Hickman,Delegate,At-Large,Republican,Martha Ruth Brown - Gingrich,497
Hickman,Delegate,At-Large,Republican,Matthew Jerry Johnson - Gingrich,482
Hickman,Delegate,At-Large,Republican,Matthew Smith - Perry,56
Hickman,Delegate,At-Large,Republican,Randal Boyd - Romney,259
Hickman,Delegate,At-Large,Republican,Rob Ailey - Romney,245
Hickman,Delegate,At-Large,Republican,Robert Tyler Prince - Uncommitted,271
Hickman,Delegate,At-Large,Republican,Ron Ramsey - Perry,87
Hickman,Delegate,At-Large,Republican,Ronald Lanfear - Paul,192
Hickman,Delegate,At-Large,Republican,Rosine Ghawji - Uncommitted,225
Hickman,Delegate,At-Large,Republican,Ruth B. Hagerty - Romney,178
Hickman,Delegate,At-Large,Republican,Sandy Crawford - Uncommitted,316
Hickman,Delegate,At-Large,Republican,Shalia Lankford - Perry,60
Hickman,Delegate,At-Large,Republican,Sindy Ramsey - Perry,50
Hickman,Delegate,At-Large,Republican,Stacey Campfield - Gingrich,503
Hickman,Delegate,At-Large,Republican,Steve Allbrooks - Romney,268
Hickman,Delegate,At-Large,Republican,Steve Buttry - Romney,216
Hickman,Delegate,At-Large,Republican,Steven Warhurst - Paul,186
Hickman,Delegate,At-Large,Republican,Susan Richardson Williams - Romney,99
Hickman,Delegate,At-Large,Republican,Thomas Smith - Perry,43
Hickman,Delegate,At-Large,Republican,Tiffany Ramsey Goforth - Perry,129
Hickman,Delegate,At-Large,Republican,Tony Shipley - Gingrich,470
Hickman,Delegate,At-Large,Republican,Victor Ashe - Huntsman,83
Hickman,Delegate,At-Large,Republican,Wendell Moore - Romney,144
Hickman,Delegate,At-Large,Republican,Willis Ayres - Gingrich,501
Hickman,Delegate,At-Large,Republican,Winfield Dunn - Romney,213
Hickman,Presidential Preference,NA,Democratic,Barack Obama,153
Hickman,Presidential Preference,NA,Democratic,Uncommitted,29
Hickman,Presidential Preference,NA,Republican,"Charles ""Buddy"" Roemer",3
Hickman,Presidential Preference,NA,Republican,Gary Johnson,8
Hickman,Presidential Preference,NA,Republican,Jon Huntsman,3
Hickman,Presidential Preference,NA,Republican,Michele Bachmann,11
Hickman,Presidential Preference,NA,Republican,Mitt Romney,328
Hickman,Presidential Preference,NA,Republican,Newt Gingrich,460
Hickman,Presidential Preference,NA,Republican,Rick Perry,10
Hickman,Presidential Preference,NA,Republican,Rick Santorum,786
Hickman,Presidential Preference,NA,Republican,Ron Paul,192
Hickman,Presidential Preference,NA,Republican,Uncommitted,10
Houston,Delegate,8,Republican,Adrian Eddleman - Paul,47
Houston,Delegate,8,Republican,Betty Anderson - Romney,68
Houston,Delegate,8,Republican,Bob D. Anderson - Romney,59
Houston,Delegate,8,Republican,Emily H. Shore - Gingrich,107
Houston,Delegate,8,Republican,James William Shore - Gingrich,104
Houston,Delegate,8,Republican,Jeremie Schultz - Paul,44
Houston,Delegate,8,Republican,Jim Summerville - Perry,15
Houston,Delegate,8,Republican,Mark E. Green - Perry,21
Houston,Delegate,8,Republican,Mike Peery - Gingrich,105
Houston,Delegate,8,Republican,Oneida Wagoner - Romney,26
Houston,Delegate,8,Republican,Steve Maroney - Romney,50
Houston,Delegate,8,Republican,Ted Williams - Perry,15
Houston,Delegate,8,Republican,Tiffany Doyle - Paul,49
Houston,Delegate,At-Large,Republican,Alexander Oaks Waters - Huntsman,20
Houston,Delegate,At-Large,Republican,Andre Flanary - Paul,52
Houston,Delegate,At-Large,Republican,Beth Campbell - Romney,78
Houston,Delegate,At-Large,Republican,Brian Kelsey - Perry,24
Houston,Delegate,At-Large,Republican,C. Mack Patton - Gingrich,126
Houston,Delegate,At-Large,Republican,Crom Carmichael - Gingrich,128
Houston,Delegate,At-Large,Republican,Daniel Rawls - Paul,51
Houston,Delegate,At-Large,Republican,Donna K. Appleget - Paul,72
Houston,Delegate,At-Large,Republican,Elaine Laney Heard - Perry,24
Houston,Delegate,At-Large,Republican,Gail D. Patton - Gingrich,131
Houston,Delegate,At-Large,Republican,Gary Allen - Paul,74
Houston,Delegate,At-Large,Republican,Gary Ellis - Paul,65
Houston,Delegate,At-Large,Republican,Jason Davis - Paul,66
Houston,Delegate,At-Large,Republican,Jeff Pedigo - Paul,53
Houston,Delegate,At-Large,Republican,Jessica Frizzell - Perry,24
Houston,Delegate,At-Large,Republican,Jim Looney - Romney,57
Houston,Delegate,At-Large,Republican,Joel Crenshaw - Paul,66
Houston,Delegate,At-Large,Republican,John Crisp - Romney,70
Houston,Delegate,At-Large,Republican,John Gardner - Gingrich,138
Houston,Delegate,At-Large,Republican,John Wayne Cropp - Romney,64
Houston,Delegate,At-Large,Republican,Josh Brown - Romney,93
Houston,Delegate,At-Large,Republican,Juanita Thouin - Uncommitted,47
Houston,Delegate,At-Large,Republican,Julia Hurley - Romney,65
Houston,Delegate,At-Large,Republican,Justin Pitt - Romney,53
Houston,Delegate,At-Large,Republican,Kyle Gregory Perry - Paul,54
Houston,Delegate,At-Large,Republican,Larry Bates - Perry,35
Houston,Delegate,At-Large,Republican,Mark White - Romney,29
Houston,Delegate,At-Large,Republican,Mark Winslow - Gingrich,124
Houston,Delegate,At-Large,Republican,Martha Ruth Brown - Gingrich,138
Houston,Delegate,At-Large,Republican,Matthew Jerry Johnson - Gingrich,131
Houston,Delegate,At-Large,Republican,Matthew Smith - Perry,20
Houston,Delegate,At-Large,Republican,Randal Boyd - Romney,87
Houston,Delegate,At-Large,Republican,Rob Ailey - Romney,82
Houston,Delegate,At-Large,Republican,Robert Tyler Prince - Uncommitted,69
Houston,Delegate,At-Large,Republican,Ron Ramsey - Perry,27
Houston,Delegate,At-Large,Republican,Ronald Lanfear - Paul,49
Houston,Delegate,At-Large,Republican,Rosine Ghawji - Uncommitted,60
Houston,Delegate,At-Large,Republican,Ruth B. Hagerty - Romney,59
Houston,Delegate,At-Large,Republican,Sandy Crawford - Uncommitted,78
Houston,Delegate,At-Large,Republican,Shalia Lankford - Perry,20
Houston,Delegate,At-Large,Republican,Sindy Ramsey - Perry,21
Houston,Delegate,At-Large,Republican,Stacey Campfield - Gingrich,146
Houston,Delegate,At-Large,Republican,Steve Allbrooks - Romney,92
Houston,Delegate,At-Large,Republican,Steve Buttry - Romney,76
Houston,Delegate,At-Large,Republican,Steven Warhurst - Paul,46
Houston,Delegate,At-Large,Republican,Susan Richardson Williams - Romney,45
Houston,Delegate,At-Large,Republican,Thomas Smith - Perry,20
Houston,Delegate,At-Large,Republican,Tiffany Ramsey Goforth - Perry,31
Houston,Delegate,At-Large,Republican,Tony Shipley - Gingrich,124
Houston,Delegate,At-Large,Republican,Victor Ashe - Huntsman,26
Houston,Delegate,At-Large,Republican,Wendell Moore - Romney,62
Houston,Delegate,At-Large,Republican,Willis Ayres - Gingrich,142
Houston,Delegate,At-Large,Republican,Winfield Dunn - Romney,79
Houston,Presidential Preference,NA,Democratic,Barack Obama,115
Houston,Presidential Preference,NA,Democratic,Uncommitted,11
Houston,Presidential Preference,NA,Republican,"Charles ""Buddy"" Roemer",1
Houston,Presidential Preference,NA,Republican,Jon Huntsman,2
Houston,Presidential Preference,NA,Republican,Michele Bachmann,3
Houston,Presidential Preference,NA,Republican,Mitt Romney,117
Houston,Presidential Preference,NA,Republican,Newt Gingrich,126
Houston,Presidential Preference,NA,Republican,Rick Perry,5
Houston,Presidential Preference,NA,Republican,Rick Santorum,224
Houston,Presidential Preference,NA,Republican,Ron Paul,50
Houston,Presidential Preference,NA,Republican,Uncommitted,6
Humphreys,Delegate,8,Republican,Adrian Eddleman - Paul,118
Humphreys,Delegate,8,Republican,Betty Anderson - Romney,132
Humphreys,Delegate,8,Republican,Bob D. Anderson - Romney,141
Humphreys,Delegate,8,Republican,Emily H. Shore - Gingrich,275
Humphreys,Delegate,8,Republican,James William Shore - Gingrich,281
Humphreys,Delegate,8,Republican,Jeremie Schultz - Paul,117
Humphreys,Delegate,8,Republican,Jim Summerville - Perry,57
Humphreys,Delegate,8,Republican,Mark E. Green - Perry,46
Humphreys,Delegate,8,Republican,Mike Peery - Gingrich,292
Humphreys,Delegate,8,Republican,Oneida Wagoner - Romney,49
Humphreys,Delegate,8,Republican,Steve Maroney - Romney,134
Humphreys,Delegate,8,Republican,Ted Williams - Perry,52
Humphreys,Delegate,8,Republican,Tiffany Doyle - Paul,121
Humphreys,Delegate,At-Large,Republican,Alexander Oaks Waters - Huntsman,58
Humphreys,Delegate,At-Large,Republican,Andre Flanary - Paul,146
Humphreys,Delegate,At-Large,Republican,Beth Campbell - Romney,176
Humphreys,Delegate,At-Large,Republican,Brian Kelsey - Perry,68
Humphreys,Delegate,At-Large,Republican,C. Mack Patton - Gingrich,332
Humphreys,Delegate,At-Large,Republican,Crom Carmichael - Gingrich,337
Humphreys,Delegate,At-Large,Republican,Daniel Rawls - Paul,138
Humphreys,Delegate,At-Large,Republican,Donna K. Appleget - Paul,197
Humphreys,Delegate,At-Large,Republican,Elaine Laney Heard - Perry,76
Humphreys,Delegate,At-Large,Republican,Gail D. Patton - Gingrich,331
Humphreys,Delegate,At-Large,Republican,Gary Allen - Paul,223
Humphreys,Delegate,At-Large,Republican,Gary Ellis - Paul,174
Humphreys,Delegate,At-Large,Republican,Jason Davis - Paul,194
Humphreys,Delegate,At-Large,Republican,Jeff Pedigo - Paul,138
Humphreys,Delegate,At-Large,Republican,Jessica Frizzell - Perry,90
Humphreys,Delegate,At-Large,Republican,Jim Looney - Romney,132
Humphreys,Delegate,At-Large,Republican,Joel Crenshaw - Paul,199
Humphreys,Delegate,At-Large,Republican,John Crisp - Romney,156
Humphreys,Delegate,At-Large,Republican,John Gardner - Gingrich,352
Humphreys,Delegate,At-Large,Republican,John Wayne Cropp - Romney,154
Humphreys,Delegate,At-Large,Republican,Josh Brown - Romney,190
Humphreys,Delegate,At-Large,Republican,Juanita Thouin - Uncommitted,163
Humphreys,Delegate,At-Large,Republican,Julia Hurley - Romney,144
Humphreys,Delegate,At-Large,Republican,Justin Pitt - Romney,108
Humphreys,Delegate,At-Large,Republican,Kyle Gregory Perry - Paul,144
Humphreys,Delegate,At-Large,Republican,Larry Bates - Perry,107
Humphreys,Delegate,At-Large,Republican,Mark White - Romney,59
Humphreys,Delegate,At-Large,Republican,Mark Winslow - Gingrich,324
Humphreys,Delegate,At-Large,Republican,Martha Ruth Brown - Gingrich,358
Humphreys,Delegate,At-Large,Republican,Matthew Jerry Johnson - Gingrich,339
Humphreys,Delegate,At-Large,Republican,Matthew Smith - Perry,54
Humphreys,Delegate,At-Large,Republican,Randal Boyd - Romney,202
Humphreys,Delegate,At-Large,Republican,Rob Ailey - Romney,197
Humphreys,Delegate,At-Large,Republican,Robert Tyler Prince - Uncommitted,204
Humphreys,Delegate,At-Large,Republican,Ron Ramsey - Perry,81
Humphreys,Delegate,At-Large,Republican,Ronald Lanfear - Paul,149
Humphreys,Delegate,At-Large,Republican,Rosine Ghawji - Uncommitted,195
Humphreys,Delegate,At-Large,Republican,Ruth B. Hagerty - Romney,143
Humphreys,Delegate,At-Large,Republican,Sandy Crawford - Uncommitted,238
Humphreys,Delegate,At-Large,Republican,Shalia Lankford - Perry,50
Humphreys,Delegate,At-Large,Republican,Sindy Ramsey - Perry,57
Humphreys,Delegate,At-Large,Republican,Stacey Campfield - Gingrich,354
Humphreys,Delegate,At-Large,Republican,Steve Allbrooks - Romney,212
Humphreys,Delegate,At-Large,Republican,Steve Buttry - Romney,177
Humphreys,Delegate,At-Large,Republican,Steven Warhurst - Paul,132
Humphreys,Delegate,At-Large,Republican,Susan Richardson Williams - Romney,77
Humphreys,Delegate,At-Large,Republican,Thomas Smith - Perry,53
Humphreys,Delegate,At-Large,Republican,Tiffany Ramsey Goforth - Perry,84
Humphreys,Delegate,At-Large,Republican,Tony Shipley - Gingrich,329
Humphreys,Delegate,At-Large,Republican,Victor Ashe - Huntsman,64
Humphreys,Delegate,At-Large,Republican,Wendell Moore - Romney,132
Humphreys,Delegate,At-Large,Republican,Willis Ayres - Gingrich,357
Humphreys,Delegate,At-Large,Republican,Winfield Dunn - Romney,168
Humphreys,Presidential Preference,NA,Democratic,Barack Obama,258
Humphreys,Presidential Preference,NA,Democratic,Uncommitted,30
Humphreys,Presidential Preference,NA,Republican,Gary Johnson,1
Humphreys,Presidential Preference,NA,Republican,Jon Huntsman,3
Humphreys,Presidential Preference,NA,Republican,Michele Bachmann,4
Humphreys,Presidential Preference,NA,Republican,Mitt Romney,238
Humphreys,Presidential Preference,NA,Republican,Newt Gingrich,297
Humphreys,Presidential Preference,NA,Republican,Rick Perry,6
Humphreys,Presidential Preference,NA,Republican,Rick Santorum,612
Humphreys,Presidential Preference,NA,Republican,Ron Paul,109
Humphreys,Presidential Preference,NA,Republican,Uncommitted,6
Jackson,Delegate,6,Republican,Beth Cox - Romney,71
Jackson,Delegate,6,Republican,Chad White - Romney,38
Jackson,Delegate,6,Republican,Christopher Stephen Hughes - Gingrich,106
Jackson,Delegate,6,Republican,Debra K. Copass - Romney,58
Jackson,Delegate,6,Republican,Joe Carr - Gingrich,128
Jackson,Delegate,6,Republican,Justin Wax - Perry,42
Jackson,Delegate,6,Republican,Mark Abbotoy - Paul,80
Jackson,Delegate,6,Republican,Randy Stamps - Romney,66
Jackson,Delegate,6,Republican,Sofia Carnicelli Grey - Paul,69
Jackson,Delegate,6,Republican,Susan Witcher - Gingrich,72
Jackson,Delegate,6,Republican,Terri Lynn Weaver - Gingrich,148
Jackson,Delegate,6,Republican,Terry Barnes - Uncommitted,54
Jackson,Delegate,At-Large,Republican,Alexander Oaks Waters - Huntsman,80
Jackson,Delegate,At-Large,Republican,Andre Flanary - Paul,68
Jackson,Delegate,At-Large,Republican,Beth Campbell - Romney,113
Jackson,Delegate,At-Large,Republican,Brian Kelsey - Perry,36
Jackson,Delegate,At-Large,Republican,C. Mack Patton - Gingrich,146
Jackson,Delegate,At-Large,Republican,Crom Carmichael - Gingrich,131
Jackson,Delegate,At-Large,Republican,Daniel Rawls - Paul,63
Jackson,Delegate,At-Large,Republican,Donna K. Appleget - Paul,90
Jackson,Delegate,At-Large,Republican,Elaine Laney Heard - Perry,38
Jackson,Delegate,At-Large,Republican,Gail D. Patton - Gingrich,146
Jackson,Delegate,At-Large,Republican,Gary Allen - Paul,120
Jackson,Delegate,At-Large,Republican,Gary Ellis - Paul,94
Jackson,Delegate,At-Large,Republican,Jason Davis - Paul,83
Jackson,Delegate,At-Large,Republican,Jeff Pedigo - Paul,72
Jackson,Delegate,At-Large,Republican,Jessica Frizzell - Perry,46
Jackson,Delegate,At-Large,Republican,Jim Looney - Romney,80
Jackson,Delegate,At-Large,Republican,Joel Crenshaw - Paul,87
Jackson,Delegate,At-Large,Republican,John Crisp - Romney,97
Jackson,Delegate,At-Large,Republican,John Gardner - Gingrich,163
Jackson,Delegate,At-Large,Republican,John Wayne Cropp - Romney,89
Jackson,Delegate,At-Large,Republican,Josh Brown - Romney,105
Jackson,Delegate,At-Large,Republican,Juanita Thouin - Uncommitted,54
Jackson,Delegate,At-Large,Republican,Julia Hurley - Romney,91
Jackson,Delegate,At-Large,Republican,Justin Pitt - Romney,80
Jackson,Delegate,At-Large,Republican,Kyle Gregory Perry - Paul,63
Jackson,Delegate,At-Large,Republican,Larry Bates - Perry,41
Jackson,Delegate,At-Large,Republican,Mark White - Romney,59
Jackson,Delegate,At-Large,Republican,Mark Winslow - Gingrich,136
Jackson,Delegate,At-Large,Republican,Martha Ruth Brown - Gingrich,170
Jackson,Delegate,At-Large,Republican,Matthew Jerry Johnson - Gingrich,141
Jackson,Delegate,At-Large,Republican,Matthew Smith - Perry,37
Jackson,Delegate,At-Large,Republican,Randal Boyd - Romney,95
Jackson,Delegate,At-Large,Republican,Rob Ailey - Romney,97
Jackson,Delegate,At-Large,Republican,Robert Tyler Prince - Uncommitted,60
Jackson,Delegate,At-Large,Republican,Ron Ramsey - Perry,78
Jackson,Delegate,At-Large,Republican,Ronald Lanfear - Paul,71
Jackson,Delegate,At-Large,Republican,Rosine Ghawji - Uncommitted,59
Jackson,Delegate,At-Large,Republican,Ruth B. Hagerty - Romney,85
Jackson,Delegate,At-Large,Republican,Sandy Crawford - Uncommitted,78
Jackson,Delegate,At-Large,Republican,Shalia Lankford - Perry,44
Jackson,Delegate,At-Large,Republican,Sindy Ramsey - Perry,46
Jackson,Delegate,At-Large,Republican,Stacey Campfield - Gingrich,141
Jackson,Delegate,At-Large,Republican,Steve Allbrooks - Romney,96
Jackson,Delegate,At-Large,Republican,Steve Buttry - Romney,92
Jackson,Delegate,At-Large,Republican,Steven Warhurst - Paul,53
Jackson,Delegate,At-Large,Republican,Susan Richardson Williams - Romney,41
Jackson,Delegate,At-Large,Republican,Thomas Smith - Perry,34
Jackson,Delegate,At-Large,Republican,Tiffany Ramsey Goforth - Perry,42
Jackson,Delegate,At-Large,Republican,Tony Shipley - Gingrich,132
Jackson,Delegate,At-Large,Republican,Victor Ashe - Huntsman,73
Jackson,Delegate,At-Large,Republican,Wendell Moore - Romney,86
Jackson,Delegate,At-Large,Republican,Willis Ayres - Gingrich,147
Jackson,Delegate,At-Large,Republican,Winfield Dunn - Romney,92
Jackson,Presidential Preference,NA,Democratic,Barack Obama,172
Jackson,Presidential Preference,NA,Democratic,Uncommitted,37
Jackson,Presidential Preference,NA,Republican,Gary Johnson,3
Jackson,Presidential Preference,NA,Republican,Jon Huntsman,1
Jackson,Presidential Preference,NA,Republican,Michele Bachmann,5
Jackson,Presidential Preference,NA,Republican,Mitt Romney,207
Jackson,Presidential Preference,NA,Republican,Newt Gingrich,245
Jackson,Presidential Preference,NA,Republican,Rick Perry,6
Jackson,Presidential Preference,NA,Republican,Rick Santorum,413
Jackson,Presidential Preference,NA,Republican,Ron Paul,84
Jackson,Presidential Preference,NA,Republican,Uncommitted,2
Jefferson,Delegate,1,Republican,Alicia Mumpower - Romney,117
Jefferson,Delegate,1,Republican,Charles Cook - Paul,67
Jefferson,Delegate,1,Republican,David Golden - Romney,136
Jefferson,Delegate,1,Republican,Dustin Goforth - Perry,18
Jefferson,Delegate,1,Republican,Gregg Richardson - Paul,65
Jefferson,Delegate,1,Republican,"Jeffrey ""Bo"" Shultz - Uncommitted",75
Jefferson,Delegate,1,Republican,Jennifer Flanary - Uncommitted,77
Jefferson,Delegate,1,Republican,Jesse Overbey - Uncommitted,78
Jefferson,Delegate,1,Republican,Jordan G. Young - Perry,15
Jefferson,Delegate,1,Republican,Linda D. Buckles - Gingrich,199
Jefferson,Delegate,1,Republican,Linda L. Osborne - Gingrich,215
Jefferson,Delegate,1,Republican,Michael H. Simpson - Paul,41
Jefferson,Delegate,1,Republican,P K Lowrey - Paul,50
Jefferson,Delegate,1,Republican,Phil Hoskins - Gingrich,218
Jefferson,Delegate,1,Republican,Warren Jones - Romney,119
Jefferson,Delegate,3,Republican,Barbara Dallanegra - Paul,372
Jefferson,Delegate,3,Republican,Bobby Wood - Gingrich,711
Jefferson,Delegate,3,Republican,Daniel Appleget - Paul,377
Jefferson,Delegate,3,Republican,Emily Beaty - Romney,439
Jefferson,Delegate,3,Republican,Hobart L. Rice - Romney,345
Jefferson,Delegate,3,Republican,J.B. Underwood - Paul,429
Jefferson,Delegate,3,Republican,Jeanne E. Wood - Gingrich,667
Jefferson,Delegate,3,Republican,Jennifer Inman Little - Romney,430
Jefferson,Delegate,3,Republican,John S. Stanbery - Gingrich,767
Jefferson,Delegate,3,Republican,Milan M. Blake - Perry,84
Jefferson,Delegate,3,Republican,Oscar Brock - Romney,362
Jefferson,Delegate,3,Republican,Teresa Wood - Gingrich,407
Jefferson,Delegate,At-Large,Republican,Alexander Oaks Waters - Huntsman,430
Jefferson,Delegate,At-Large,Republican,Andre Flanary - Paul,407
Jefferson,Delegate,At-Large,Republican,Beth Campbell - Romney,837
Jefferson,Delegate,At-Large,Republican,Brian Kelsey - Perry,188
Jefferson,Delegate,At-Large,Republican,C. Mack Patton - Gingrich,1010
Jefferson,Delegate,At-Large,Republican,Crom Carmichael - Gingrich,954
Jefferson,Delegate,At-Large,Republican,Daniel Rawls - Paul,365
Jefferson,Delegate,At-Large,Republican,Donna K. Appleget - Paul,571
Jefferson,Delegate,At-Large,Republican,Elaine Laney Heard - Perry,203
Jefferson,Delegate,At-Large,Republican,Gail D. Patton - Gingrich,1042
Jefferson,Delegate,At-Large,Republican,Gary Allen - Paul,708
Jefferson,Delegate,At-Large,Republican,Gary Ellis - Paul,552
Jefferson,Delegate,At-Large,Republican,Jason Davis - Paul,524
Jefferson,Delegate,At-Large,Republican,Jeff Pedigo - Paul,506
Jefferson,Delegate,At-Large,Republican,Jessica Frizzell - Perry,228
Jefferson,Delegate,At-Large,Republican,Jim Looney - Romney,591
Jefferson,Delegate,At-Large,Republican,Joel Crenshaw - Paul,502
Jefferson,Delegate,At-Large,Republican,John Crisp - Romney,730
Jefferson,Delegate,At-Large,Republican,John Gardner - Gingrich,1061
Jefferson,Delegate,At-Large,Republican,John Wayne Cropp - Romney,694
Jefferson,Delegate,At-Large,Republican,Josh Brown - Romney,757
Jefferson,Delegate,At-Large,Republican,Juanita Thouin - Uncommitted,294
Jefferson,Delegate,At-Large,Republican,Julia Hurley - Romney,701
Jefferson,Delegate,At-Large,Republican,Justin Pitt - Romney,517
Jefferson,Delegate,At-Large,Republican,Kyle Gregory Perry - Paul,419
Jefferson,Delegate,At-Large,Republican,Larry Bates - Perry,255
Jefferson,Delegate,At-Large,Republican,Mark White - Romney,380
Jefferson,Delegate,At-Large,Republican,Mark Winslow - Gingrich,824
Jefferson,Delegate,At-Large,Republican,Martha Ruth Brown - Gingrich,1046
Jefferson,Delegate,At-Large,Republican,Matthew Jerry Johnson - Gingrich,975
Jefferson,Delegate,At-Large,Republican,Matthew Smith - Perry,216
Jefferson,Delegate,At-Large,Republican,Randal Boyd - Romney,738
Jefferson,Delegate,At-Large,Republican,Rob Ailey - Romney,852
Jefferson,Delegate,At-Large,Republican,Robert Tyler Prince - Uncommitted,378
Jefferson,Delegate,At-Large,Republican,Ron Ramsey - Perry,452
Jefferson,Delegate,At-Large,Republican,Ronald Lanfear - Paul,416
Jefferson,Delegate,At-Large,Republican,Rosine Ghawji - Uncommitted,307
Jefferson,Delegate,At-Large,Republican,Ruth B. Hagerty - Romney,619
Jefferson,Delegate,At-Large,Republican,Sandy Crawford - Uncommitted,466
Jefferson,Delegate,At-Large,Republican,Shalia Lankford - Perry,144
Jefferson,Delegate,At-Large,Republican,Sindy Ramsey - Perry,192
Jefferson,Delegate,At-Large,Republican,Stacey Campfield - Gingrich,1222
Jefferson,Delegate,At-Large,Republican,Steve Allbrooks - Romney,734
Jefferson,Delegate,At-Large,Republican,Steve Buttry - Romney,693
Jefferson,Delegate,At-Large,Republican,Steven Warhurst - Paul,334
Jefferson,Delegate,At-Large,Republican,Susan Richardson Williams - Romney,403
Jefferson,Delegate,At-Large,Republican,Thomas Smith - Perry,171
Jefferson,Delegate,At-Large,Republican,Tiffany Ramsey Goforth - Perry,239
Jefferson,Delegate,At-Large,Republican,Tony Shipley - Gingrich,929
Jefferson,Delegate,At-Large,Republican,Victor Ashe - Huntsman,1028
Jefferson,Delegate,At-Large,Republican,Wendell Moore - Romney,612
Jefferson,Delegate,At-Large,Republican,Willis Ayres - Gingrich,1007
Jefferson,Delegate,At-Large,Republican,Winfield Dunn - Romney,967
Jefferson,Presidential Preference,NA,Democratic,Barack Obama,171
Jefferson,Presidential Preference,NA,Democratic,Uncommitted,22
Jefferson,Presidential Preference,NA,Republican,"Charles ""Buddy"" Roemer",8
Jefferson,Presidential Preference,NA,Republican,Gary Johnson,2
Jefferson,Presidential Preference,NA,Republican,Jon Huntsman,4
Jefferson,Presidential Preference,NA,Republican,Michele Bachmann,11
Jefferson,Presidential Preference,NA,Republican,Mitt Romney,1431
Jefferson,Presidential Preference,NA,Republican,Newt Gingrich,1372
Jefferson,Presidential Preference,NA,Republican,Rick Perry,20
Jefferson,Presidential Preference,NA,Republican,Rick Santorum,1928
Jefferson,Presidential Preference,NA,Republican,Ron Paul,521
Jefferson,Presidential Preference,NA,Republican,Uncommitted,29
Johnson,Delegate,1,Republican,Alicia Mumpower - Romney,178
Johnson,Delegate,1,Republican,Charles Cook - Paul,101
Johnson,Delegate,1,Republican,David Golden - Romney,130
Johnson,Delegate,1,Republican,Dustin Goforth - Perry,26
Johnson,Delegate,1,Republican,Gregg Richardson - Paul,89
Johnson,Delegate,1,Republican,"Jeffrey ""Bo"" Shultz - Uncommitted",54
Johnson,Delegate,1,Republican,Jennifer Flanary - Uncommitted,73
Johnson,Delegate,1,Republican,Jesse Overbey - Uncommitted,59
Johnson,Delegate,1,Republican,Jordan G. Young - Perry,29
Johnson,Delegate,1,Republican,Linda D. Buckles - Gingrich,286
Johnson,Delegate,1,Republican,Linda L. Osborne - Gingrich,236
Johnson,Delegate,1,Republican,Michael H. Simpson - Paul,52
Johnson,Delegate,1,Republican,P K Lowrey - Paul,85
Johnson,Delegate,1,Republican,Phil Hoskins - Gingrich,245
Johnson,Delegate,1,Republican,Warren Jones - Romney,141
Johnson,Delegate,At-Large,Republican,Alexander Oaks Waters - Huntsman,116
Johnson,Delegate,At-Large,Republican,Andre Flanary - Paul,119
Johnson,Delegate,At-Large,Republican,Beth Campbell - Romney,250
Johnson,Delegate,At-Large,Republican,Brian Kelsey - Perry,41
Johnson,Delegate,At-Large,Republican,C. Mack Patton - Gingrich,262
Johnson,Delegate,At-Large,Republican,Crom Carmichael - Gingrich,244
Johnson,Delegate,At-Large,Republican,Daniel Rawls - Paul,103
Johnson,Delegate,At-Large,Republican,Donna K. Appleget - Paul,145
Johnson,Delegate,At-Large,Republican,Elaine Laney Heard - Perry,41
Johnson,Delegate,At-Large,Republican,Gail D. Patton - Gingrich,266
Johnson,Delegate,At-Large,Republican,Gary Allen - Paul,201
Johnson,Delegate,At-Large,Republican,Gary Ellis - Paul,158
Johnson,Delegate,At-Large,Republican,Jason Davis - Paul,171
Johnson,Delegate,At-Large,Republican,Jeff Pedigo - Paul,121
Johnson,Delegate,At-Large,Republican,Jessica Frizzell - Perry,45
Johnson,Delegate,At-Large,Republican,Jim Looney - Romney,169
Johnson,Delegate,At-Large,Republican,Joel Crenshaw - Paul,142
Johnson,Delegate,At-Large,Republican,John Crisp - Romney,193
Johnson,Delegate,At-Large,Republican,John Gardner - Gingrich,294
Johnson,Delegate,At-Large,Republican,John Wayne Cropp - Romney,183
Johnson,Delegate,At-Large,Republican,Josh Brown - Romney,224
Johnson,Delegate,At-Large,Republican,Juanita Thouin - Uncommitted,80
Johnson,Delegate,At-Large,Republican,Julia Hurley - Romney,180
Johnson,Delegate,At-Large,Republican,Justin Pitt - Romney,153
Johnson,Delegate,At-Large,Republican,Kyle Gregory Perry - Paul,112
Johnson,Delegate,At-Large,Republican,Larry Bates - Perry,51
Johnson,Delegate,At-Large,Republican,Mark White - Romney,92
Johnson,Delegate,At-Large,Republican,Mark Winslow - Gingrich,215
Johnson,Delegate,At-Large,Republican,Martha Ruth Brown - Gingrich,284
Johnson,Delegate,At-Large,Republican,Matthew Jerry Johnson - Gingrich,277
Johnson,Delegate,At-Large,Republican,Matthew Smith - Perry,56
Johnson,Delegate,At-Large,Republican,Randal Boyd - Romney,198
Johnson,Delegate,At-Large,Republican,Rob Ailey - Romney,204
Johnson,Delegate,At-Large,Republican,Robert Tyler Prince - Uncommitted,94
Johnson,Delegate,At-Large,Republican,Ron Ramsey - Perry,270
Johnson,Delegate,At-Large,Republican,Ronald Lanfear - Paul,114
Johnson,Delegate,At-Large,Republican,Rosine Ghawji - Uncommitted,81
Johnson,Delegate,At-Large,Republican,Ruth B. Hagerty - Romney,169
Johnson,Delegate,At-Large,Republican,Sandy Crawford - Uncommitted,117
Johnson,Delegate,At-Large,Republican,Shalia Lankford - Perry,28
Johnson,Delegate,At-Large,Republican,Sindy Ramsey - Perry,55
Johnson,Delegate,At-Large,Republican,Stacey Campfield - Gingrich,284
Johnson,Delegate,At-Large,Republican,Steve Allbrooks - Romney,197
Johnson,Delegate,At-Large,Republican,Steve Buttry - Romney,182
Johnson,Delegate,At-Large,Republican,Steven Warhurst - Paul,96
Johnson,Delegate,At-Large,Republican,Susan Richardson Williams - Romney,74
Johnson,Delegate,At-Large,Republican,Thomas Smith - Perry,47
Johnson,Delegate,At-Large,Republican,Tiffany Ramsey Goforth - Perry,40
Johnson,Delegate,At-Large,Republican,Tony Shipley - Gingrich,358
Johnson,Delegate,At-Large,Republican,Victor Ashe - Huntsman,124
Johnson,Delegate,At-Large,Republican,Wendell Moore - Romney,165
Johnson,Delegate,At-Large,Republican,Willis Ayres - Gingrich,256
Johnson,Delegate,At-Large,Republican,Winfield Dunn - Romney,206
Johnson,Presidential Preference,NA,Democratic,Barack Obama,90
Johnson,Presidential Preference,NA,Democratic,Uncommitted,12
Johnson,Presidential Preference,NA,Republican,"Charles ""Buddy"" Roemer",5
Johnson,Presidential Preference,NA,Republican,Gary Johnson,3
Johnson,Presidential Preference,NA,Republican,Jon Huntsman,4
Johnson,Presidential Preference,NA,Republican,Michele Bachmann,6
Johnson,Presidential Preference,NA,Republican,Mitt Romney,487
Johnson,Presidential Preference,NA,Republican,Newt Gingrich,479
Johnson,Presidential Preference,NA,Republican,Rick Perry,10
Johnson,Presidential Preference,NA,Republican,Rick Santorum,818
Johnson,Presidential Preference,NA,Republican,Ron Paul,155
Johnson,Presidential Preference,NA,Republican,Uncommitted,8
Knox,Delegate,2,Republican,Aaron Garcia Margulies - Gingrich,1400
Knox,Delegate,2,Republican,Dick Powell - Perry,1030
Knox,Delegate,2,Republican,J. Christopher Lane - Uncommitted,3180
Knox,Delegate,2,Republican,J. Clay Atherton - Paul,4199
Knox,Delegate,2,Republican,Jimmy Matlock - Perry,1269
Knox,Delegate,2,Republican,Joan Ashe - Huntsman,2083
Knox,Delegate,2,Republican,Leonard W. Brown - Gingrich,6668
Knox,Delegate,2,Republican,Matthew Herriman - Perry,986
Knox,Delegate,2,Republican,Monta Hirzel - Gingrich,4709
Knox,Delegate,2,Republican,Richard Barnes - Romney,8666
Knox,Delegate,2,Republican,Russell Barber - Romney,8718
Knox,Delegate,2,Republican,Ryan Haynes - Romney,9012
Knox,Delegate,2,Republican,Scott David Smith - Gingrich,2763
Knox,Delegate,2,Republican,Sheree Callaway - Paul,4298
Knox,Delegate,2,Republican,Ted Boyatt - Gingrich,6747
Knox,Delegate,2,Republican,Ted Hatfield - Uncommitted,3790
Knox,Delegate,2,Republican,Tona Monroe - Paul,3872
Knox,Criminal Court Division I,6,Republican,Steven Sword,30844
Knox,Delegate,At-Large,Republican,Alexander Oaks Waters - Huntsman,2450
Knox,Delegate,At-Large,Republican,Andre Flanary - Paul,5301
Knox,Delegate,At-Large,Republican,Beth Campbell - Romney,11604
Knox,Delegate,At-Large,Republican,Brian Kelsey - Perry,2006
Knox,Delegate,At-Large,Republican,C. Mack Patton - Gingrich,9208
Knox,Delegate,At-Large,Republican,Crom Carmichael - Gingrich,9278
Knox,Delegate,At-Large,Republican,Daniel Rawls - Paul,4884
Knox,Delegate,At-Large,Republican,Donna K. Appleget - Paul,6584
Knox,Delegate,At-Large,Republican,Elaine Laney Heard - Perry,2122
Knox,Delegate,At-Large,Republican,Gail D. Patton - Gingrich,9091
Knox,Delegate,At-Large,Republican,Gary Allen - Paul,6841
Knox,Delegate,At-Large,Republican,Gary Ellis - Paul,6097
Knox,Delegate,At-Large,Republican,Jason Davis - Paul,6290
Knox,Delegate,At-Large,Republican,Jeff Pedigo - Paul,5454
Knox,Delegate,At-Large,Republican,Jessica Frizzell - Perry,2473
Knox,Delegate,At-Large,Republican,Jim Looney - Romney,8912
Knox,Delegate,At-Large,Republican,Joel Crenshaw - Paul,6293
Knox,Delegate,At-Large,Republican,John Crisp - Romney,10809
Knox,Delegate,At-Large,Republican,John Gardner - Gingrich,9607
Knox,Delegate,At-Large,Republican,John Wayne Cropp - Romney,9832
Knox,Delegate,At-Large,Republican,Josh Brown - Romney,11627
Knox,Delegate,At-Large,Republican,Juanita Thouin - Uncommitted,3783
Knox,Delegate,At-Large,Republican,Julia Hurley - Romney,10242
Knox,Delegate,At-Large,Republican,Justin Pitt - Romney,6486
Knox,Delegate,At-Large,Republican,Kyle Gregory Perry - Paul,5254
Knox,Delegate,At-Large,Republican,Larry Bates - Perry,2678
Knox,Delegate,At-Large,Republican,Mark White - Romney,4108
Knox,Delegate,At-Large,Republican,Mark Winslow - Gingrich,8844
Knox,Delegate,At-Large,Republican,Martha Ruth Brown - Gingrich,9769
Knox,Delegate,At-Large,Republican,Matthew Jerry Johnson - Gingrich,9245
Knox,Delegate,At-Large,Republican,Matthew Smith - Perry,1445
Knox,Delegate,At-Large,Republican,Randal Boyd - Romney,12172
Knox,Delegate,At-Large,Republican,Rob Ailey - Romney,12290
Knox,Delegate,At-Large,Republican,Robert Tyler Prince - Uncommitted,5651
Knox,Delegate,At-Large,Republican,Ron Ramsey - Perry,2695
Knox,Delegate,At-Large,Republican,Ronald Lanfear - Paul,5192
Knox,Delegate,At-Large,Republican,Rosine Ghawji - Uncommitted,4801
Knox,Delegate,At-Large,Republican,Ruth B. Hagerty - Romney,10090
Knox,Delegate,At-Large,Republican,Sandy Crawford - Uncommitted,6247
Knox,Delegate,At-Large,Republican,Shalia Lankford - Perry,1497
Knox,Delegate,At-Large,Republican,Sindy Ramsey - Perry,1569
Knox,Delegate,At-Large,Republican,Stacey Campfield - Gingrich,10583
Knox,Delegate,At-Large,Republican,Steve Allbrooks - Romney,12138
Knox,Delegate,At-Large,Republican,Steve Buttry - Romney,11604
Knox,Delegate,At-Large,Republican,Steven Warhurst - Paul,4733
Knox,Delegate,At-Large,Republican,Susan Richardson Williams - Romney,6194
Knox,Delegate,At-Large,Republican,Thomas Smith - Perry,1418
Knox,Delegate,At-Large,Republican,Tiffany Ramsey Goforth - Perry,2522
Knox,Delegate,At-Large,Republican,Tony Shipley - Gingrich,9078
Knox,Delegate,At-Large,Republican,Victor Ashe - Huntsman,5690
Knox,Delegate,At-Large,Republican,Wendell Moore - Romney,8743
Knox,Delegate,At-Large,Republican,Willis Ayres - Gingrich,9889
Knox,Delegate,At-Large,Republican,Winfield Dunn - Romney,12060
Knox,Presidential Preference,NA,Democratic,Barack Obama,2464
Knox,Presidential Preference,NA,Democratic,Uncommitted,237
Knox,Presidential Preference,NA,Republican,"Charles ""Buddy"" Roemer",84
Knox,Presidential Preference,NA,Republican,Gary Johnson,48
Knox,Presidential Preference,NA,Republican,Jon Huntsman,255
Knox,Presidential Preference,NA,Republican,Michele Bachmann,187
Knox,Presidential Preference,NA,Republican,Mitt Romney,15364
Knox,Presidential Preference,NA,Republican,Newt Gingrich,8873
Knox,Presidential Preference,NA,Republican,Rick Perry,139
Knox,Presidential Preference,NA,Republican,Rick Santorum,15730
Knox,Presidential Preference,NA,Republican,Ron Paul,4571
Knox,Presidential Preference,NA,Republican,Uncommitted,392
Lake,Delegate,8,Republican,Adrian Eddleman - Paul,15
Lake,Delegate,8,Republican,Betty Anderson - Romney,18
Lake,Delegate,8,Republican,Bob D. Anderson - Romney,30
Lake,Delegate,8,Republican,Emily H. Shore - Gingrich,38
Lake,Delegate,8,Republican,James William Shore - Gingrich,36
Lake,Delegate,8,Republican,Jeremie Schultz - Paul,12
Lake,Delegate,8,Republican,Jim Summerville - Perry,7
Lake,Delegate,8,Republican,Mark E. Green - Perry,10
Lake,Delegate,8,Republican,Mike Peery - Gingrich,50
Lake,Delegate,8,Republican,Oneida Wagoner - Romney,14
Lake,Delegate,8,Republican,Steve Maroney - Romney,29
Lake,Delegate,8,Republican,Ted Williams - Perry,10
Lake,Delegate,8,Republican,Tiffany Doyle - Paul,11
Lake,Delegate,At-Large,Republican,Alexander Oaks Waters - Huntsman,8
Lake,Delegate,At-Large,Republican,Andre Flanary - Paul,13
Lake,Delegate,At-Large,Republican,Beth Campbell - Romney,35
Lake,Delegate,At-Large,Republican,Brian Kelsey - Perry,10
Lake,Delegate,At-Large,Republican,C. Mack Patton - Gingrich,50
Lake,Delegate,At-Large,Republican,Crom Carmichael - Gingrich,49
Lake,Delegate,At-Large,Republican,Daniel Rawls - Paul,11
Lake,Delegate,At-Large,Republican,Donna K. Appleget - Paul,15
Lake,Delegate,At-Large,Republican,Elaine Laney Heard - Perry,13
Lake,Delegate,At-Large,Republican,Gail D. Patton - Gingrich,49
Lake,Delegate,At-Large,Republican,Gary Allen - Paul,19
Lake,Delegate,At-Large,Republican,Gary Ellis - Paul,14
Lake,Delegate,At-Large,Republican,Jason Davis - Paul,15
Lake,Delegate,At-Large,Republican,Jeff Pedigo - Paul,14
Lake,Delegate,At-Large,Republican,Jessica Frizzell - Perry,15
Lake,Delegate,At-Large,Republican,Jim Looney - Romney,30
Lake,Delegate,At-Large,Republican,Joel Crenshaw - Paul,14
Lake,Delegate,At-Large,Republican,John Crisp - Romney,30
Lake,Delegate,At-Large,Republican,John Gardner - Gingrich,50
Lake,Delegate,At-Large,Republican,John Wayne Cropp - Romney,31
Lake,Delegate,At-Large,Republican,Josh Brown - Romney,34
Lake,Delegate,At-Large,Republican,Juanita Thouin - Uncommitted,23
Lake,Delegate,At-Large,Republican,Julia Hurley - Romney,29
Lake,Delegate,At-Large,Republican,Justin Pitt - Romney,32
Lake,Delegate,At-Large,Republican,Kyle Gregory Perry - Paul,13
Lake,Delegate,At-Large,Republican,Larry Bates - Perry,15
Lake,Delegate,At-Large,Republican,Mark White - Romney,15
Lake,Delegate,At-Large,Republican,Mark Winslow - Gingrich,49
Lake,Delegate,At-Large,Republican,Martha Ruth Brown - Gingrich,51
Lake,Delegate,At-Large,Republican,Matthew Jerry Johnson - Gingrich,47
Lake,Delegate,At-Large,Republican,Matthew Smith - Perry,7
Lake,Delegate,At-Large,Republican,Randal Boyd - Romney,35
Lake,Delegate,At-Large,Republican,Rob Ailey - Romney,27
Lake,Delegate,At-Large,Republican,Robert Tyler Prince - Uncommitted,27
Lake,Delegate,At-Large,Republican,Ron Ramsey - Perry,14
Lake,Delegate,At-Large,Republican,Ronald Lanfear - Paul,15
Lake,Delegate,At-Large,Republican,Rosine Ghawji - Uncommitted,24
Lake,Delegate,At-Large,Republican,Ruth B. Hagerty - Romney,30
Lake,Delegate,At-Large,Republican,Sandy Crawford - Uncommitted,29
Lake,Delegate,At-Large,Republican,Shalia Lankford - Perry,9
Lake,Delegate,At-Large,Republican,Sindy Ramsey - Perry,9
Lake,Delegate,At-Large,Republican,Stacey Campfield - Gingrich,52
Lake,Delegate,At-Large,Republican,Steve Allbrooks - Romney,27
Lake,Delegate,At-Large,Republican,Steve Buttry - Romney,31
Lake,Delegate,At-Large,Republican,Steven Warhurst - Paul,13
Lake,Delegate,At-Large,Republican,Susan Richardson Williams - Romney,11
Lake,Delegate,At-Large,Republican,Thomas Smith - Perry,11
Lake,Delegate,At-Large,Republican,Tiffany Ramsey Goforth - Perry,14
Lake,Delegate,At-Large,Republican,Tony Shipley - Gingrich,45
Lake,Delegate,At-Large,Republican,Victor Ashe - Huntsman,5
Lake,Delegate,At-Large,Republican,Wendell Moore - Romney,31
Lake,Delegate,At-Large,Republican,Willis Ayres - Gingrich,54
Lake,Delegate,At-Large,Republican,Winfield Dunn - Romney,36
Lake,Presidential Preference,NA,Democratic,Barack Obama,70
Lake,Presidential Preference,NA,Democratic,Uncommitted,10
Lake,Presidential Preference,NA,Republican,"Charles ""Buddy"" Roemer",2
Lake,Presidential Preference,NA,Republican,Michele Bachmann,5
Lake,Presidential Preference,NA,Republican,Mitt Romney,55
Lake,Presidential Preference,NA,Republican,Newt Gingrich,71
Lake,Presidential Preference,NA,Republican,Rick Santorum,107
Lake,Presidential Preference,NA,Republican,Ron Paul,8
Lake,Presidential Preference,NA,Republican,Uncommitted,2
Lauderdale,Delegate,8,Republican,Adrian Eddleman - Paul,53
Lauderdale,Delegate,8,Republican,Betty Anderson - Romney,57
Lauderdale,Delegate,8,Republican,Bob D. Anderson - Romney,52
Lauderdale,Delegate,8,Republican,Emily H. Shore - Gingrich,147
Lauderdale,Delegate,8,Republican,James William Shore - Gingrich,123
Lauderdale,Delegate,8,Republican,Jeremie Schultz - Paul,53
Lauderdale,Delegate,8,Republican,Jim Summerville - Perry,17
Lauderdale,Delegate,8,Republican,Mark E. Green - Perry,23
Lauderdale,Delegate,8,Republican,Mike Peery - Gingrich,159
Lauderdale,Delegate,8,Republican,Oneida Wagoner - Romney,17
Lauderdale,Delegate,8,Republican,Steve Maroney - Romney,63
Lauderdale,Delegate,8,Republican,Ted Williams - Perry,28
Lauderdale,Delegate,8,Republican,Tiffany Doyle - Paul,69
Lauderdale,Delegate,At-Large,Republican,Alexander Oaks Waters - Huntsman,56
Lauderdale,Delegate,At-Large,Republican,Andre Flanary - Paul,61
Lauderdale,Delegate,At-Large,Republican,Beth Campbell - Romney,77
Lauderdale,Delegate,At-Large,Republican,Brian Kelsey - Perry,34
Lauderdale,Delegate,At-Large,Republican,C. Mack Patton - Gingrich,163
Lauderdale,Delegate,At-Large,Republican,Crom Carmichael - Gingrich,139
Lauderdale,Delegate,At-Large,Republican,Daniel Rawls - Paul,51
Lauderdale,Delegate,At-Large,Republican,Donna K. Appleget - Paul,84
Lauderdale,Delegate,At-Large,Republican,Elaine Laney Heard - Perry,24
Lauderdale,Delegate,At-Large,Republican,Gail D. Patton - Gingrich,168
Lauderdale,Delegate,At-Large,Republican,Gary Allen - Paul,105
Lauderdale,Delegate,At-Large,Republican,Gary Ellis - Paul,79
Lauderdale,Delegate,At-Large,Republican,Jason Davis - Paul,78
Lauderdale,Delegate,At-Large,Republican,Jeff Pedigo - Paul,57
Lauderdale,Delegate,At-Large,Republican,Jessica Frizzell - Perry,30
Lauderdale,Delegate,At-Large,Republican,Jim Looney - Romney,44
Lauderdale,Delegate,At-Large,Republican,Joel Crenshaw - Paul,90
Lauderdale,Delegate,At-Large,Republican,John Crisp - Romney,67
Lauderdale,Delegate,At-Large,Republican,John Gardner - Gingrich,179
Lauderdale,Delegate,At-Large,Republican,John Wayne Cropp - Romney,55
Lauderdale,Delegate,At-Large,Republican,Josh Brown - Romney,69
Lauderdale,Delegate,At-Large,Republican,Juanita Thouin - Uncommitted,32
Lauderdale,Delegate,At-Large,Republican,Julia Hurley - Romney,51
Lauderdale,Delegate,At-Large,Republican,Justin Pitt - Romney,40
Lauderdale,Delegate,At-Large,Republican,Kyle Gregory Perry - Paul,61
Lauderdale,Delegate,At-Large,Republican,Larry Bates - Perry,41
Lauderdale,Delegate,At-Large,Republican,Mark White - Romney,47
Lauderdale,Delegate,At-Large,Republican,Mark Winslow - Gingrich,129
Lauderdale,Delegate,At-Large,Republican,Martha Ruth Brown - Gingrich,151
Lauderdale,Delegate,At-Large,Republican,Matthew Jerry Johnson - Gingrich,159
Lauderdale,Delegate,At-Large,Republican,Matthew Smith - Perry,24
Lauderdale,Delegate,At-Large,Republican,Randal Boyd - Romney,61
Lauderdale,Delegate,At-Large,Republican,Rob Ailey - Romney,69
Lauderdale,Delegate,At-Large,Republican,Robert Tyler Prince - Uncommitted,49
Lauderdale,Delegate,At-Large,Republican,Ron Ramsey - Perry,52
Lauderdale,Delegate,At-Large,Republican,Ronald Lanfear - Paul,59
Lauderdale,Delegate,At-Large,Republican,Rosine Ghawji - Uncommitted,42
Lauderdale,Delegate,At-Large,Republican,Ruth B. Hagerty - Romney,45
Lauderdale,Delegate,At-Large,Republican,Sandy Crawford - Uncommitted,68
Lauderdale,Delegate,At-Large,Republican,Shalia Lankford - Perry,29
Lauderdale,Delegate,At-Large,Republican,Sindy Ramsey - Perry,20
Lauderdale,Delegate,At-Large,Republican,Stacey Campfield - Gingrich,160
Lauderdale,Delegate,At-Large,Republican,Steve Allbrooks - Romney,67
Lauderdale,Delegate,At-Large,Republican,Steve Buttry - Romney,52
Lauderdale,Delegate,At-Large,Republican,Steven Warhurst - Paul,47
Lauderdale,Delegate,At-Large,Republican,Susan Richardson Williams - Romney,23
Lauderdale,Delegate,At-Large,Republican,Thomas Smith - Perry,24
Lauderdale,Delegate,At-Large,Republican,Tiffany Ramsey Goforth - Perry,27
Lauderdale,Delegate,At-Large,Republican,Tony Shipley - Gingrich,135
Lauderdale,Delegate,At-Large,Republican,Victor Ashe - Huntsman,69
Lauderdale,Delegate,At-Large,Republican,Wendell Moore - Romney,52
Lauderdale,Delegate,At-Large,Republican,Willis Ayres - Gingrich,143
Lauderdale,Delegate,At-Large,Republican,Winfield Dunn - Romney,94
Lauderdale,Presidential Preference,NA,Democratic,Barack Obama,210
Lauderdale,Presidential Preference,NA,Democratic,Uncommitted,30
Lauderdale,Presidential Preference,NA,Republican,"Charles ""Buddy"" Roemer",3
Lauderdale,Presidential Preference,NA,Republican,Jon Huntsman,2
Lauderdale,Presidential Preference,NA,Republican,Michele Bachmann,3
Lauderdale,Presidential Preference,NA,Republican,Mitt Romney,227
Lauderdale,Presidential Preference,NA,Republican,Newt Gingrich,307
Lauderdale,Presidential Preference,NA,Republican,Rick Perry,6
Lauderdale,Presidential Preference,NA,Republican,Rick Santorum,611
Lauderdale,Presidential Preference,NA,Republican,Ron Paul,70
Lauderdale,Presidential Preference,NA,Republican,Uncommitted,2
Lawrence,Delegate,4,Republican,Amanda Griffith - Paul,181
Lawrence,Delegate,4,Republican,Annette Sapp - Gingrich,416
Lawrence,Delegate,4,Republican,David French - Romney,247
Lawrence,Delegate,4,Republican,David G. Bearden - Paul,162
Lawrence,Delegate,4,Republican,Jason Whatley - Romney,225
Lawrence,Delegate,4,Republican,Kristopher D. Miller - Perry,102
Lawrence,Delegate,4,Republican,Mary Ellen Redford - Paul,77
Lawrence,Delegate,4,Republican,Nancy French - Romney,214
Lawrence,Delegate,4,Republican,Robert Crigger - Uncommitted,138
Lawrence,Delegate,4,Republican,Steven Lane - Paul,147
Lawrence,Delegate,4,Republican,Tommy Lee Francis - Perry,145
Lawrence,Delegate,At-Large,Republican,Alexander Oaks Waters - Huntsman,140
Lawrence,Delegate,At-Large,Republican,Andre Flanary - Paul,140
Lawrence,Delegate,At-Large,Republican,Beth Campbell - Romney,384
Lawrence,Delegate,At-Large,Republican,Brian Kelsey - Perry,90
Lawrence,Delegate,At-Large,Republican,C. Mack Patton - Gingrich,382
Lawrence,Delegate,At-Large,Republican,Crom Carmichael - Gingrich,379
Lawrence,Delegate,At-Large,Republican,Daniel Rawls - Paul,123
Lawrence,Delegate,At-Large,Republican,Donna K. Appleget - Paul,178
Lawrence,Delegate,At-Large,Republican,Elaine Laney Heard - Perry,74
Lawrence,Delegate,At-Large,Republican,Gail D. Patton - Gingrich,379
Lawrence,Delegate,At-Large,Republican,Gary Allen - Paul,260
Lawrence,Delegate,At-Large,Republican,Gary Ellis - Paul,217
Lawrence,Delegate,At-Large,Republican,Jason Davis - Paul,203
Lawrence,Delegate,At-Large,Republican,Jeff Pedigo - Paul,161
Lawrence,Delegate,At-Large,Republican,Jessica Frizzell - Perry,80
Lawrence,Delegate,At-Large,Republican,Jim Looney - Romney,408
Lawrence,Delegate,At-Large,Republican,Joel Crenshaw - Paul,177
Lawrence,Delegate,At-Large,Republican,John Crisp - Romney,261
Lawrence,Delegate,At-Large,Republican,John Gardner - Gingrich,434
Lawrence,Delegate,At-Large,Republican,John Wayne Cropp - Romney,249
Lawrence,Delegate,At-Large,Republican,Josh Brown - Romney,312
Lawrence,Delegate,At-Large,Republican,Juanita Thouin - Uncommitted,129
Lawrence,Delegate,At-Large,Republican,Julia Hurley - Romney,236
Lawrence,Delegate,At-Large,Republican,Justin Pitt - Romney,204
Lawrence,Delegate,At-Large,Republican,Kyle Gregory Perry - Paul,141
Lawrence,Delegate,At-Large,Republican,Larry Bates - Perry,100
Lawrence,Delegate,At-Large,Republican,Mark White - Romney,134
Lawrence,Delegate,At-Large,Republican,Mark Winslow - Gingrich,324
Lawrence,Delegate,At-Large,Republican,Martha Ruth Brown - Gingrich,477
Lawrence,Delegate,At-Large,Republican,Matthew Jerry Johnson - Gingrich,390
Lawrence,Delegate,At-Large,Republican,Matthew Smith - Perry,78
Lawrence,Delegate,At-Large,Republican,Randal Boyd - Romney,278
Lawrence,Delegate,At-Large,Republican,Rob Ailey - Romney,292
Lawrence,Delegate,At-Large,Republican,Robert Tyler Prince - Uncommitted,181
Lawrence,Delegate,At-Large,Republican,Ron Ramsey - Perry,169
Lawrence,Delegate,At-Large,Republican,Ronald Lanfear - Paul,155
Lawrence,Delegate,At-Large,Republican,Rosine Ghawji - Uncommitted,150
Lawrence,Delegate,At-Large,Republican,Ruth B. Hagerty - Romney,221
Lawrence,Delegate,At-Large,Republican,Sandy Crawford - Uncommitted,216
Lawrence,Delegate,At-Large,Republican,Shalia Lankford - Perry,64
Lawrence,Delegate,At-Large,Republican,Sindy Ramsey - Perry,68
Lawrence,Delegate,At-Large,Republican,Stacey Campfield - Gingrich,428
Lawrence,Delegate,At-Large,Republican,Steve Allbrooks - Romney,284
Lawrence,Delegate,At-Large,Republican,Steve Buttry - Romney,251
Lawrence,Delegate,At-Large,Republican,Steven Warhurst - Paul,122
Lawrence,Delegate,At-Large,Republican,Susan Richardson Williams - Romney,109
Lawrence,Delegate,At-Large,Republican,Thomas Smith - Perry,69
Lawrence,Delegate,At-Large,Republican,Tiffany Ramsey Goforth - Perry,75
Lawrence,Delegate,At-Large,Republican,Tony Shipley - Gingrich,342
Lawrence,Delegate,At-Large,Republican,Victor Ashe - Huntsman,154
Lawrence,Delegate,At-Large,Republican,Wendell Moore - Romney,218
Lawrence,Delegate,At-Large,Republican,Willis Ayres - Gingrich,438
Lawrence,Delegate,At-Large,Republican,Winfield Dunn - Romney,316
Lawrence,Presidential Preference,NA,Democratic,Barack Obama,191
Lawrence,Presidential Preference,NA,Democratic,Uncommitted,45
Lawrence,Presidential Preference,NA,Republican,"Charles ""Buddy"" Roemer",3
Lawrence,Presidential Preference,NA,Republican,Jon Huntsman,5
Lawrence,Presidential Preference,NA,Republican,Michele Bachmann,9
Lawrence,Presidential Preference,NA,Republican,Mitt Romney,696
Lawrence,Presidential Preference,NA,Republican,Newt Gingrich,784
Lawrence,Presidential Preference,NA,Republican,Rick Perry,10
Lawrence,Presidential Preference,NA,Republican,Rick Santorum,1471
Lawrence,Presidential Preference,NA,Republican,Ron Paul,217
Lawrence,Presidential Preference,NA,Republican,Uncommitted,2
Lewis,Circuit Court Division III,21,Republican,Derek Keith Smith,292
Lewis,Circuit Court Division III,21,Republican,Judy A. Oxford,113
Lewis,Circuit Court Division III,21,Republican,Mike Binkley,424
Lewis,Delegate,4,Republican,Amanda Griffith - Paul,122
Lewis,Delegate,4,Republican,Annette Sapp - Gingrich,240
Lewis,Delegate,4,Republican,David French - Romney,146
Lewis,Delegate,4,Republican,David G. Bearden - Paul,113
Lewis,Delegate,4,Republican,Jason Whatley - Romney,150
Lewis,Delegate,4,Republican,Kristopher D. Miller - Perry,69
Lewis,Delegate,4,Republican,Mary Ellen Redford - Paul,45
Lewis,Delegate,4,Republican,Nancy French - Romney,141
Lewis,Delegate,4,Republican,Robert Crigger - Uncommitted,150
Lewis,Delegate,4,Republican,Steven Lane - Paul,88
Lewis,Delegate,4,Republican,Tommy Lee Francis - Perry,79
Lewis,Delegate,At-Large,Republican,Alexander Oaks Waters - Huntsman,52
Lewis,Delegate,At-Large,Republican,Andre Flanary - Paul,102
Lewis,Delegate,At-Large,Republican,Beth Campbell - Romney,127
Lewis,Delegate,At-Large,Republican,Brian Kelsey - Perry,49
Lewis,Delegate,At-Large,Republican,C. Mack Patton - Gingrich,255
Lewis,Delegate,At-Large,Republican,Crom Carmichael - Gingrich,254
Lewis,Delegate,At-Large,Republican,Daniel Rawls - Paul,100
Lewis,Delegate,At-Large,Republican,Donna K. Appleget - Paul,134
Lewis,Delegate,At-Large,Republican,Elaine Laney Heard - Perry,59
Lewis,Delegate,At-Large,Republican,Gail D. Patton - Gingrich,246
Lewis,Delegate,At-Large,Republican,Gary Allen - Paul,143
Lewis,Delegate,At-Large,Republican,Gary Ellis - Paul,117
Lewis,Delegate,At-Large,Republican,Jason Davis - Paul,135
Lewis,Delegate,At-Large,Republican,Jeff Pedigo - Paul,102
Lewis,Delegate,At-Large,Republican,Jessica Frizzell - Perry,74
Lewis,Delegate,At-Large,Republican,Jim Looney - Romney,106
Lewis,Delegate,At-Large,Republican,Joel Crenshaw - Paul,134
Lewis,Delegate,At-Large,Republican,John Crisp - Romney,124
Lewis,Delegate,At-Large,Republican,John Gardner - Gingrich,273
Lewis,Delegate,At-Large,Republican,John Wayne Cropp - Romney,121
Lewis,Delegate,At-Large,Republican,Josh Brown - Romney,167
Lewis,Delegate,At-Large,Republican,Juanita Thouin - Uncommitted,131
Lewis,Delegate,At-Large,Republican,Julia Hurley - Romney,109
Lewis,Delegate,At-Large,Republican,Justin Pitt - Romney,78
Lewis,Delegate,At-Large,Republican,Kyle Gregory Perry - Paul,110
Lewis,Delegate,At-Large,Republican,Larry Bates - Perry,74
Lewis,Delegate,At-Large,Republican,Mark White - Romney,48
Lewis,Delegate,At-Large,Republican,Mark Winslow - Gingrich,239
Lewis,Delegate,At-Large,Republican,Martha Ruth Brown - Gingrich,271
Lewis,Delegate,At-Large,Republican,Matthew Jerry Johnson - Gingrich,259
Lewis,Delegate,At-Large,Republican,Matthew Smith - Perry,43
Lewis,Delegate,At-Large,Republican,Randal Boyd - Romney,155
Lewis,Delegate,At-Large,Republican,Rob Ailey - Romney,168
Lewis,Delegate,At-Large,Republican,Robert Tyler Prince - Uncommitted,173
Lewis,Delegate,At-Large,Republican,Ron Ramsey - Perry,63
Lewis,Delegate,At-Large,Republican,Ronald Lanfear - Paul,98
Lewis,Delegate,At-Large,Republican,Rosine Ghawji - Uncommitted,149
Lewis,Delegate,At-Large,Republican,Ruth B. Hagerty - Romney,108
Lewis,Delegate,At-Large,Republican,Sandy Crawford - Uncommitted,183
Lewis,Delegate,At-Large,Republican,Shalia Lankford - Perry,47
Lewis,Delegate,At-Large,Republican,Sindy Ramsey - Perry,39
Lewis,Delegate,At-Large,Republican,Stacey Campfield - Gingrich,275
Lewis,Delegate,At-Large,Republican,Steve Allbrooks - Romney,170
Lewis,Delegate,At-Large,Republican,Steve Buttry - Romney,136
Lewis,Delegate,At-Large,Republican,Steven Warhurst - Paul,93
Lewis,Delegate,At-Large,Republican,Susan Richardson Williams - Romney,56
Lewis,Delegate,At-Large,Republican,Thomas Smith - Perry,39
Lewis,Delegate,At-Large,Republican,Tiffany Ramsey Goforth - Perry,72
Lewis,Delegate,At-Large,Republican,Tony Shipley - Gingrich,238
Lewis,Delegate,At-Large,Republican,Victor Ashe - Huntsman,60
Lewis,Delegate,At-Large,Republican,Wendell Moore - Romney,104
Lewis,Delegate,At-Large,Republican,Willis Ayres - Gingrich,261
Lewis,Delegate,At-Large,Republican,Winfield Dunn - Romney,134
Lewis,Presidential Preference,NA,Democratic,Barack Obama,76
Lewis,Presidential Preference,NA,Democratic,Uncommitted,20
Lewis,Presidential Preference,NA,Republican,Gary Johnson,2
Lewis,Presidential Preference,NA,Republican,Jon Huntsman,4
Lewis,Presidential Preference,NA,Republican,Michele Bachmann,8
Lewis,Presidential Preference,NA,Republican,Mitt Romney,193
Lewis,Presidential Preference,NA,Republican,Newt Gingrich,241
Lewis,Presidential Preference,NA,Republican,Rick Perry,3
Lewis,Presidential Preference,NA,Republican,Rick Santorum,498
Lewis,Presidential Preference,NA,Republican,Ron Paul,112
Lewis,Presidential Preference,NA,Republican,Uncommitted,6
Lincoln,Delegate,4,Republican,Amanda Griffith - Paul,302
Lincoln,Delegate,4,Republican,Annette Sapp - Gingrich,764
Lincoln,Delegate,4,Republican,David French - Romney,456
Lincoln,Delegate,4,Republican,David G. Bearden - Paul,272
Lincoln,Delegate,4,Republican,Jason Whatley - Romney,467
Lincoln,Delegate,4,Republican,Kristopher D. Miller - Perry,218
Lincoln,Delegate,4,Republican,Mary Ellen Redford - Paul,146
Lincoln,Delegate,4,Republican,Nancy French - Romney,457
Lincoln,Delegate,4,Republican,Robert Crigger - Uncommitted,440
Lincoln,Delegate,4,Republican,Steven Lane - Paul,263
Lincoln,Delegate,4,Republican,Tommy Lee Francis - Perry,240
Lincoln,Delegate,At-Large,Republican,Alexander Oaks Waters - Huntsman,91
Lincoln,Delegate,At-Large,Republican,Andre Flanary - Paul,294
Lincoln,Delegate,At-Large,Republican,Beth Campbell - Romney,503
Lincoln,Delegate,At-Large,Republican,Brian Kelsey - Perry,160
Lincoln,Delegate,At-Large,Republican,C. Mack Patton - Gingrich,792
Lincoln,Delegate,At-Large,Republican,Crom Carmichael - Gingrich,779
Lincoln,Delegate,At-Large,Republican,Daniel Rawls - Paul,301
Lincoln,Delegate,At-Large,Republican,Donna K. Appleget - Paul,338
Lincoln,Delegate,At-Large,Republican,Elaine Laney Heard - Perry,229
Lincoln,Delegate,At-Large,Republican,Gail D. Patton - Gingrich,784
Lincoln,Delegate,At-Large,Republican,Gary Allen - Paul,391
Lincoln,Delegate,At-Large,Republican,Gary Ellis - Paul,324
Lincoln,Delegate,At-Large,Republican,Jason Davis - Paul,351
Lincoln,Delegate,At-Large,Republican,Jeff Pedigo - Paul,290
Lincoln,Delegate,At-Large,Republican,Jessica Frizzell - Perry,218
Lincoln,Delegate,At-Large,Republican,Jim Looney - Romney,460
Lincoln,Delegate,At-Large,Republican,Joel Crenshaw - Paul,339
Lincoln,Delegate,At-Large,Republican,John Crisp - Romney,462
Lincoln,Delegate,At-Large,Republican,John Gardner - Gingrich,829
Lincoln,Delegate,At-Large,Republican,John Wayne Cropp - Romney,475
Lincoln,Delegate,At-Large,Republican,Josh Brown - Romney,535
Lincoln,Delegate,At-Large,Republican,Juanita Thouin - Uncommitted,409
Lincoln,Delegate,At-Large,Republican,Julia Hurley - Romney,474
Lincoln,Delegate,At-Large,Republican,Justin Pitt - Romney,419
Lincoln,Delegate,At-Large,Republican,Kyle Gregory Perry - Paul,304
Lincoln,Delegate,At-Large,Republican,Larry Bates - Perry,231
Lincoln,Delegate,At-Large,Republican,Mark White - Romney,191
Lincoln,Delegate,At-Large,Republican,Mark Winslow - Gingrich,752
Lincoln,Delegate,At-Large,Republican,Martha Ruth Brown - Gingrich,822
Lincoln,Delegate,At-Large,Republican,Matthew Jerry Johnson - Gingrich,789
Lincoln,Delegate,At-Large,Republican,Matthew Smith - Perry,117
Lincoln,Delegate,At-Large,Republican,Randal Boyd - Romney,527
Lincoln,Delegate,At-Large,Republican,Rob Ailey - Romney,459
Lincoln,Delegate,At-Large,Republican,Robert Tyler Prince - Uncommitted,488
Lincoln,Delegate,At-Large,Republican,Ron Ramsey - Perry,170
Lincoln,Delegate,At-Large,Republican,Ronald Lanfear - Paul,309
Lincoln,Delegate,At-Large,Republican,Rosine Ghawji - Uncommitted,418
Lincoln,Delegate,At-Large,Republican,Ruth B. Hagerty - Romney,465
Lincoln,Delegate,At-Large,Republican,Sandy Crawford - Uncommitted,496
Lincoln,Delegate,At-Large,Republican,Shalia Lankford - Perry,127
Lincoln,Delegate,At-Large,Republican,Sindy Ramsey - Perry,131
Lincoln,Delegate,At-Large,Republican,Stacey Campfield - Gingrich,813
Lincoln,Delegate,At-Large,Republican,Steve Allbrooks - Romney,508
Lincoln,Delegate,At-Large,Republican,Steve Buttry - Romney,491
Lincoln,Delegate,At-Large,Republican,Steven Warhurst - Paul,289
Lincoln,Delegate,At-Large,Republican,Susan Richardson Williams - Romney,180
Lincoln,Delegate,At-Large,Republican,Thomas Smith - Perry,99
Lincoln,Delegate,At-Large,Republican,Tiffany Ramsey Goforth - Perry,218
Lincoln,Delegate,At-Large,Republican,Tony Shipley - Gingrich,774
Lincoln,Delegate,At-Large,Republican,Victor Ashe - Huntsman,111
Lincoln,Delegate,At-Large,Republican,Wendell Moore - Romney,463
Lincoln,Delegate,At-Large,Republican,Willis Ayres - Gingrich,807
Lincoln,Delegate,At-Large,Republican,Winfield Dunn - Romney,497
Lincoln,Presidential Preference,NA,Democratic,Barack Obama,212
Lincoln,Presidential Preference,NA,Democratic,Uncommitted,35
Lincoln,Presidential Preference,NA,Republican,"Charles ""Buddy"" Roemer",2
Lincoln,Presidential Preference,NA,Republican,Jon Huntsman,3
Lincoln,Presidential Preference,NA,Republican,Michele Bachmann,4
Lincoln,Presidential Preference,NA,Republican,Mitt Romney,678
Lincoln,Presidential Preference,NA,Republican,Newt Gingrich,775
Lincoln,Presidential Preference,NA,Republican,Rick Perry,8
Lincoln,Presidential Preference,NA,Republican,Rick Santorum,1300
Lincoln,Presidential Preference,NA,Republican,Ron Paul,284
Lincoln,Presidential Preference,NA,Republican,Uncommitted,6
Loudon,Delegate,2,Republican,Aaron Garcia Margulies - Gingrich,212
Loudon,Delegate,2,Republican,Dick Powell - Perry,188
Loudon,Delegate,2,Republican,J. Christopher Lane - Uncommitted,440
Loudon,Delegate,2,Republican,J. Clay Atherton - Paul,350
Loudon,Delegate,2,Republican,Jimmy Matlock - Perry,755
Loudon,Delegate,2,Republican,Joan Ashe - Huntsman,165
Loudon,Delegate,2,Republican,Leonard W. Brown - Gingrich,1144
Loudon,Delegate,2,Republican,Matthew Herriman - Perry,171
Loudon,Delegate,2,Republican,Monta Hirzel - Gingrich,931
Loudon,Delegate,2,Republican,Richard Barnes - Romney,1501
Loudon,Delegate,2,Republican,Russell Barber - Romney,1528
Loudon,Delegate,2,Republican,Ryan Haynes - Romney,1474
Loudon,Delegate,2,Republican,Scott David Smith - Gingrich,396
Loudon,Delegate,2,Republican,Sheree Callaway - Paul,365
Loudon,Delegate,2,Republican,Ted Boyatt - Gingrich,1107
Loudon,Delegate,2,Republican,Ted Hatfield - Uncommitted,470
Loudon,Delegate,2,Republican,Tona Monroe - Paul,344
Loudon,Delegate,At-Large,Republican,Alexander Oaks Waters - Huntsman,294
Loudon,Delegate,At-Large,Republican,Andre Flanary - Paul,548
Loudon,Delegate,At-Large,Republican,Beth Campbell - Romney,2102
Loudon,Delegate,At-Large,Republican,Brian Kelsey - Perry,309
Loudon,Delegate,At-Large,Republican,C. Mack Patton - Gingrich,1554
Loudon,Delegate,At-Large,Republican,Crom Carmichael - Gingrich,1598
Loudon,Delegate,At-Large,Republican,Daniel Rawls - Paul,481
Loudon,Delegate,At-Large,Republican,Donna K. Appleget - Paul,727
Loudon,Delegate,At-Large,Republican,Elaine Laney Heard - Perry,347
Loudon,Delegate,At-Large,Republican,Gail D. Patton - Gingrich,1537
Loudon,Delegate,At-Large,Republican,Gary Allen - Paul,749
Loudon,Delegate,At-Large,Republican,Gary Ellis - Paul,623
Loudon,Delegate,At-Large,Republican,Jason Davis - Paul,671
Loudon,Delegate,At-Large,Republican,Jeff Pedigo - Paul,509
Loudon,Delegate,At-Large,Republican,Jessica Frizzell - Perry,401
Loudon,Delegate,At-Large,Republican,Jim Looney - Romney,1596
Loudon,Delegate,At-Large,Republican,Joel Crenshaw - Paul,691
Loudon,Delegate,At-Large,Republican,John Crisp - Romney,1949
Loudon,Delegate,At-Large,Republican,John Gardner - Gingrich,1659
Loudon,Delegate,At-Large,Republican,John Wayne Cropp - Romney,1855
Loudon,Delegate,At-Large,Republican,Josh Brown - Romney,2243
Loudon,Delegate,At-Large,Republican,Juanita Thouin - Uncommitted,669
Loudon,Delegate,At-Large,Republican,Julia Hurley - Romney,1907
Loudon,Delegate,At-Large,Republican,Justin Pitt - Romney,1367
Loudon,Delegate,At-Large,Republican,Kyle Gregory Perry - Paul,515
Loudon,Delegate,At-Large,Republican,Larry Bates - Perry,429
Loudon,Delegate,At-Large,Republican,Mark White - Romney,832
Loudon,Delegate,At-Large,Republican,Mark Winslow - Gingrich,1480
Loudon,Delegate,At-Large,Republican,Martha Ruth Brown - Gingrich,1650
Loudon,Delegate,At-Large,Republican,Matthew Jerry Johnson - Gingrich,1583
Loudon,Delegate,At-Large,Republican,Matthew Smith - Perry,222
Loudon,Delegate,At-Large,Republican,Randal Boyd - Romney,2274
Loudon,Delegate,At-Large,Republican,Rob Ailey - Romney,2252
Loudon,Delegate,At-Large,Republican,Robert Tyler Prince - Uncommitted,875
Loudon,Delegate,At-Large,Republican,Ron Ramsey - Perry,387
Loudon,Delegate,At-Large,Republican,Ronald Lanfear - Paul,512
Loudon,Delegate,At-Large,Republican,Rosine Ghawji - Uncommitted,790
Loudon,Delegate,At-Large,Republican,Ruth B. Hagerty - Romney,1819
Loudon,Delegate,At-Large,Republican,Sandy Crawford - Uncommitted,1009
Loudon,Delegate,At-Large,Republican,Shalia Lankford - Perry,253
Loudon,Delegate,At-Large,Republican,Sindy Ramsey - Perry,253
Loudon,Delegate,At-Large,Republican,Stacey Campfield - Gingrich,1725
Loudon,Delegate,At-Large,Republican,Steve Allbrooks - Romney,2263
Loudon,Delegate,At-Large,Republican,Steve Buttry - Romney,2118
Loudon,Delegate,At-Large,Republican,Steven Warhurst - Paul,468
Loudon,Delegate,At-Large,Republican,Susan Richardson Williams - Romney,950
Loudon,Delegate,At-Large,Republican,Thomas Smith - Perry,224
Loudon,Delegate,At-Large,Republican,Tiffany Ramsey Goforth - Perry,402
Loudon,Delegate,At-Large,Republican,Tony Shipley - Gingrich,1548
Loudon,Delegate,At-Large,Republican,Victor Ashe - Huntsman,605
Loudon,Delegate,At-Large,Republican,Wendell Moore - Romney,1598
Loudon,Delegate,At-Large,Republican,Willis Ayres - Gingrich,1632
Loudon,Delegate,At-Large,Republican,Winfield Dunn - Romney,1972
Loudon,Presidential Preference,NA,Democratic,Barack Obama,285
Loudon,Presidential Preference,NA,Democratic,Uncommitted,27
Loudon,Presidential Preference,NA,Republican,"Charles ""Buddy"" Roemer",20
Loudon,Presidential Preference,NA,Republican,Gary Johnson,17
Loudon,Presidential Preference,NA,Republican,Jon Huntsman,34
Loudon,Presidential Preference,NA,Republican,Michele Bachmann,41
Loudon,Presidential Preference,NA,Republican,Mitt Romney,2755
Loudon,Presidential Preference,NA,Republican,Newt Gingrich,1549
Loudon,Presidential Preference,NA,Republican,Rick Perry,57
Loudon,Presidential Preference,NA,Republican,Rick Santorum,2636
Loudon,Presidential Preference,NA,Republican,Ron Paul,510
Loudon,Presidential Preference,NA,Republican,Uncommitted,67
Macon,Delegate,6,Republican,Beth Cox - Romney,103
Macon,Delegate,6,Republican,Chad White - Romney,79
Macon,Delegate,6,Republican,Christopher Stephen Hughes - Gingrich,179
Macon,Delegate,6,Republican,Debra K. Copass - Romney,91
Macon,Delegate,6,Republican,Joe Carr - Gingrich,230
Macon,Delegate,6,Republican,Justin Wax - Perry,63
Macon,Delegate,6,Republican,Mark Abbotoy - Paul,147
Macon,Delegate,6,Republican,Randy Stamps - Romney,89
Macon,Delegate,6,Republican,Sofia Carnicelli Grey - Paul,108
Macon,Delegate,6,Republican,Susan Witcher - Gingrich,325
Macon,Delegate,6,Republican,Terri Lynn Weaver - Gingrich,696
Macon,Delegate,6,Republican,Terry Barnes - Uncommitted,114
Macon,Delegate,At-Large,Republican,Alexander Oaks Waters - Huntsman,119
Macon,Delegate,At-Large,Republican,Andre Flanary - Paul,112
Macon,Delegate,At-Large,Republican,Beth Campbell - Romney,173
Macon,Delegate,At-Large,Republican,Brian Kelsey - Perry,55
Macon,Delegate,At-Large,Republican,C. Mack Patton - Gingrich,255
Macon,Delegate,At-Large,Republican,Crom Carmichael - Gingrich,230
Macon,Delegate,At-Large,Republican,Daniel Rawls - Paul,89
Macon,Delegate,At-Large,Republican,Donna K. Appleget - Paul,134
Macon,Delegate,At-Large,Republican,Elaine Laney Heard - Perry,45
Macon,Delegate,At-Large,Republican,Gail D. Patton - Gingrich,270
Macon,Delegate,At-Large,Republican,Gary Allen - Paul,199
Macon,Delegate,At-Large,Republican,Gary Ellis - Paul,151
Macon,Delegate,At-Large,Republican,Jason Davis - Paul,135
Macon,Delegate,At-Large,Republican,Jeff Pedigo - Paul,176
Macon,Delegate,At-Large,Republican,Jessica Frizzell - Perry,67
Macon,Delegate,At-Large,Republican,Jim Looney - Romney,98
Macon,Delegate,At-Large,Republican,Joel Crenshaw - Paul,137
Macon,Delegate,At-Large,Republican,John Crisp - Romney,135
Macon,Delegate,At-Large,Republican,John Gardner - Gingrich,295
Macon,Delegate,At-Large,Republican,John Wayne Cropp - Romney,127
Macon,Delegate,At-Large,Republican,Josh Brown - Romney,162
Macon,Delegate,At-Large,Republican,Juanita Thouin - Uncommitted,87
Macon,Delegate,At-Large,Republican,Julia Hurley - Romney,113
Macon,Delegate,At-Large,Republican,Justin Pitt - Romney,96
Macon,Delegate,At-Large,Republican,Kyle Gregory Perry - Paul,103
Macon,Delegate,At-Large,Republican,Larry Bates - Perry,66
Macon,Delegate,At-Large,Republican,Mark White - Romney,83
Macon,Delegate,At-Large,Republican,Mark Winslow - Gingrich,217
Macon,Delegate,At-Large,Republican,Martha Ruth Brown - Gingrich,310
Macon,Delegate,At-Large,Republican,Matthew Jerry Johnson - Gingrich,272
Macon,Delegate,At-Large,Republican,Matthew Smith - Perry,54
Macon,Delegate,At-Large,Republican,Randal Boyd - Romney,145
Macon,Delegate,At-Large,Republican,Rob Ailey - Romney,151
Macon,Delegate,At-Large,Republican,Robert Tyler Prince - Uncommitted,116
Macon,Delegate,At-Large,Republican,Ron Ramsey - Perry,162
Macon,Delegate,At-Large,Republican,Ronald Lanfear - Paul,114
Macon,Delegate,At-Large,Republican,Rosine Ghawji - Uncommitted,89
Macon,Delegate,At-Large,Republican,Ruth B. Hagerty - Romney,114
Macon,Delegate,At-Large,Republican,Sandy Crawford - Uncommitted,149
Macon,Delegate,At-Large,Republican,Shalia Lankford - Perry,56
Macon,Delegate,At-Large,Republican,Sindy Ramsey - Perry,60
Macon,Delegate,At-Large,Republican,Stacey Campfield - Gingrich,264
Macon,Delegate,At-Large,Republican,Steve Allbrooks - Romney,149
Macon,Delegate,At-Large,Republican,Steve Buttry - Romney,126
Macon,Delegate,At-Large,Republican,Steven Warhurst - Paul,77
Macon,Delegate,At-Large,Republican,Susan Richardson Williams - Romney,62
Macon,Delegate,At-Large,Republican,Thomas Smith - Perry,67
Macon,Delegate,At-Large,Republican,Tiffany Ramsey Goforth - Perry,53
Macon,Delegate,At-Large,Republican,Tony Shipley - Gingrich,229
Macon,Delegate,At-Large,Republican,Victor Ashe - Huntsman,157
Macon,Delegate,At-Large,Republican,Wendell Moore - Romney,131
Macon,Delegate,At-Large,Republican,Willis Ayres - Gingrich,252
Macon,Delegate,At-Large,Republican,Winfield Dunn - Romney,187
Macon,Presidential Preference,NA,Democratic,Barack Obama,95
Macon,Presidential Preference,NA,Democratic,Uncommitted,16
Macon,Presidential Preference,NA,Republican,"Charles ""Buddy"" Roemer",4
Macon,Presidential Preference,NA,Republican,Gary Johnson,1
Macon,Presidential Preference,NA,Republican,Jon Huntsman,4
Macon,Presidential Preference,NA,Republican,Michele Bachmann,7
Macon,Presidential Preference,NA,Republican,Mitt Romney,388
Macon,Presidential Preference,NA,Republican,Newt Gingrich,464
Macon,Presidential Preference,NA,Republican,Rick Perry,12
Macon,Presidential Preference,NA,Republican,Rick Santorum,1034
Macon,Presidential Preference,NA,Republican,Ron Paul,144
Macon,Presidential Preference,NA,Republican,Uncommitted,14
Madison,Delegate,8,Republican,Adrian Eddleman - Paul,641
Madison,Delegate,8,Republican,Betty Anderson - Romney,1038
Madison,Delegate,8,Republican,Bob D. Anderson - Romney,1079
Madison,Delegate,8,Republican,Emily H. Shore - Gingrich,1464
Madison,Delegate,8,Republican,James William Shore - Gingrich,1448
Madison,Delegate,8,Republican,Jeremie Schultz - Paul,521
Madison,Delegate,8,Republican,Jim Summerville - Perry,189
Madison,Delegate,8,Republican,Mark E. Green - Perry,231
Madison,Delegate,8,Republican,Mike Peery - Gingrich,1572
Madison,Delegate,8,Republican,Oneida Wagoner - Romney,313
Madison,Delegate,8,Republican,Steve Maroney - Romney,1338
Madison,Delegate,8,Republican,Ted Williams - Perry,218
Madison,Delegate,8,Republican,Tiffany Doyle - Paul,569
Madison,Delegate,At-Large,Republican,Alexander Oaks Waters - Huntsman,238
Madison,Delegate,At-Large,Republican,Andre Flanary - Paul,683
Madison,Delegate,At-Large,Republican,Beth Campbell - Romney,1388
Madison,Delegate,At-Large,Republican,Brian Kelsey - Perry,317
Madison,Delegate,At-Large,Republican,C. Mack Patton - Gingrich,1715
Madison,Delegate,At-Large,Republican,Crom Carmichael - Gingrich,1733
Madison,Delegate,At-Large,Republican,Daniel Rawls - Paul,634
Madison,Delegate,At-Large,Republican,Donna K. Appleget - Paul,890
Madison,Delegate,At-Large,Republican,Elaine Laney Heard - Perry,392
Madison,Delegate,At-Large,Republican,Gail D. Patton - Gingrich,1705
Madison,Delegate,At-Large,Republican,Gary Allen - Paul,982
Madison,Delegate,At-Large,Republican,Gary Ellis - Paul,791
Madison,Delegate,At-Large,Republican,Jason Davis - Paul,857
Madison,Delegate,At-Large,Republican,Jeff Pedigo - Paul,651
Madison,Delegate,At-Large,Republican,Jessica Frizzell - Perry,444
Madison,Delegate,At-Large,Republican,Jim Looney - Romney,1100
Madison,Delegate,At-Large,Republican,Joel Crenshaw - Paul,895
Madison,Delegate,At-Large,Republican,John Crisp - Romney,1289
Madison,Delegate,At-Large,Republican,John Gardner - Gingrich,1812
Madison,Delegate,At-Large,Republican,John Wayne Cropp - Romney,1210
Madison,Delegate,At-Large,Republican,Josh Brown - Romney,1569
Madison,Delegate,At-Large,Republican,Juanita Thouin - Uncommitted,681
Madison,Delegate,At-Large,Republican,Julia Hurley - Romney,1192
Madison,Delegate,At-Large,Republican,Justin Pitt - Romney,886
Madison,Delegate,At-Large,Republican,Kyle Gregory Perry - Paul,648
Madison,Delegate,At-Large,Republican,Larry Bates - Perry,466
Madison,Delegate,At-Large,Republican,Mark White - Romney,478
Madison,Delegate,At-Large,Republican,Mark Winslow - Gingrich,1678
Madison,Delegate,At-Large,Republican,Martha Ruth Brown - Gingrich,1848
Madison,Delegate,At-Large,Republican,Matthew Jerry Johnson - Gingrich,1742
Madison,Delegate,At-Large,Republican,Matthew Smith - Perry,232
Madison,Delegate,At-Large,Republican,Randal Boyd - Romney,1571
Madison,Delegate,At-Large,Republican,Rob Ailey - Romney,1615
Madison,Delegate,At-Large,Republican,Robert Tyler Prince - Uncommitted,939
Madison,Delegate,At-Large,Republican,Ron Ramsey - Perry,385
Madison,Delegate,At-Large,Republican,Ronald Lanfear - Paul,639
Madison,Delegate,At-Large,Republican,Rosine Ghawji - Uncommitted,827
Madison,Delegate,At-Large,Republican,Ruth B. Hagerty - Romney,1211
Madison,Delegate,At-Large,Republican,Sandy Crawford - Uncommitted,1112
Madison,Delegate,At-Large,Republican,Shalia Lankford - Perry,223
Madison,Delegate,At-Large,Republican,Sindy Ramsey - Perry,262
Madison,Delegate,At-Large,Republican,Stacey Campfield - Gingrich,1845
Madison,Delegate,At-Large,Republican,Steve Allbrooks - Romney,1640
Madison,Delegate,At-Large,Republican,Steve Buttry - Romney,1403
Madison,Delegate,At-Large,Republican,Steven Warhurst - Paul,600
Madison,Delegate,At-Large,Republican,Susan Richardson Williams - Romney,592
Madison,Delegate,At-Large,Republican,Thomas Smith - Perry,210
Madison,Delegate,At-Large,Republican,Tiffany Ramsey Goforth - Perry,434
Madison,Delegate,At-Large,Republican,Tony Shipley - Gingrich,1678
Madison,Delegate,At-Large,Republican,Victor Ashe - Huntsman,292
Madison,Delegate,At-Large,Republican,Wendell Moore - Romney,1070
Madison,Delegate,At-Large,Republican,Willis Ayres - Gingrich,1838
Madison,Delegate,At-Large,Republican,Winfield Dunn - Romney,1440
Madison,Presidential Preference,NA,Democratic,Barack Obama,723
Madison,Presidential Preference,NA,Democratic,Uncommitted,43
Madison,Presidential Preference,NA,Republican,"Charles ""Buddy"" Roemer",3
Madison,Presidential Preference,NA,Republican,Gary Johnson,8
Madison,Presidential Preference,NA,Republican,Jon Huntsman,7
Madison,Presidential Preference,NA,Republican,Michele Bachmann,32
Madison,Presidential Preference,NA,Republican,Mitt Romney,1931
Madison,Presidential Preference,NA,Republican,Newt Gingrich,1709
Madison,Presidential Preference,NA,Republican,Rick Perry,23
Madison,Presidential Preference,NA,Republican,Rick Santorum,3008
Madison,Presidential Preference,NA,Republican,Ron Paul,624
Madison,Presidential Preference,NA,Republican,Uncommitted,18
Marion,Public Defender,12,Democratic,Jeff Harmon,1973
Marion,Delegate,4,Republican,Amanda Griffith - Paul,263
Marion,Delegate,4,Republican,Annette Sapp - Gingrich,594
Marion,Delegate,4,Republican,David French - Romney,363
Marion,Delegate,4,Republican,David G. Bearden - Paul,259
Marion,Delegate,4,Republican,Jason Whatley - Romney,306
Marion,Delegate,4,Republican,Kristopher D. Miller - Perry,123
Marion,Delegate,4,Republican,Mary Ellen Redford - Paul,108
Marion,Delegate,4,Republican,Nancy French - Romney,325
Marion,Delegate,4,Republican,Robert Crigger - Uncommitted,227
Marion,Delegate,4,Republican,Steven Lane - Paul,185
Marion,Delegate,4,Republican,Tommy Lee Francis - Perry,139
Marion,Delegate,At-Large,Republican,Alexander Oaks Waters - Huntsman,103
Marion,Delegate,At-Large,Republican,Andre Flanary - Paul,205
Marion,Delegate,At-Large,Republican,Beth Campbell - Romney,351
Marion,Delegate,At-Large,Republican,Brian Kelsey - Perry,92
Marion,Delegate,At-Large,Republican,C. Mack Patton - Gingrich,661
Marion,Delegate,At-Large,Republican,Crom Carmichael - Gingrich,674
Marion,Delegate,At-Large,Republican,Daniel Rawls - Paul,178
Marion,Delegate,At-Large,Republican,Donna K. Appleget - Paul,312
Marion,Delegate,At-Large,Republican,Elaine Laney Heard - Perry,119
Marion,Delegate,At-Large,Republican,Gail D. Patton - Gingrich,658
Marion,Delegate,At-Large,Republican,Gary Allen - Paul,343
Marion,Delegate,At-Large,Republican,Gary Ellis - Paul,292
Marion,Delegate,At-Large,Republican,Jason Davis - Paul,302
Marion,Delegate,At-Large,Republican,Jeff Pedigo - Paul,192
Marion,Delegate,At-Large,Republican,Jessica Frizzell - Perry,143
Marion,Delegate,At-Large,Republican,Jim Looney - Romney,274
Marion,Delegate,At-Large,Republican,Joel Crenshaw - Paul,276
Marion,Delegate,At-Large,Republican,John Crisp - Romney,326
Marion,Delegate,At-Large,Republican,John Gardner - Gingrich,718
Marion,Delegate,At-Large,Republican,John Wayne Cropp - Romney,306
Marion,Delegate,At-Large,Republican,Josh Brown - Romney,384
Marion,Delegate,At-Large,Republican,Juanita Thouin - Uncommitted,202
Marion,Delegate,At-Large,Republican,Julia Hurley - Romney,286
Marion,Delegate,At-Large,Republican,Justin Pitt - Romney,211
Marion,Delegate,At-Large,Republican,Kyle Gregory Perry - Paul,194
Marion,Delegate,At-Large,Republican,Larry Bates - Perry,153
Marion,Delegate,At-Large,Republican,Mark White - Romney,116
Marion,Delegate,At-Large,Republican,Mark Winslow - Gingrich,642
Marion,Delegate,At-Large,Republican,Martha Ruth Brown - Gingrich,717
Marion,Delegate,At-Large,Republican,Matthew Jerry Johnson - Gingrich,673
Marion,Delegate,At-Large,Republican,Matthew Smith - Perry,71
Marion,Delegate,At-Large,Republican,Randal Boyd - Romney,398
Marion,Delegate,At-Large,Republican,Rob Ailey - Romney,405
Marion,Delegate,At-Large,Republican,Robert Tyler Prince - Uncommitted,257
Marion,Delegate,At-Large,Republican,Ron Ramsey - Perry,101
Marion,Delegate,At-Large,Republican,Ronald Lanfear - Paul,194
Marion,Delegate,At-Large,Republican,Rosine Ghawji - Uncommitted,234
Marion,Delegate,At-Large,Republican,Ruth B. Hagerty - Romney,287
Marion,Delegate,At-Large,Republican,Sandy Crawford - Uncommitted,316
Marion,Delegate,At-Large,Republican,Shalia Lankford - Perry,67
Marion,Delegate,At-Large,Republican,Sindy Ramsey - Perry,67
Marion,Delegate,At-Large,Republican,Stacey Campfield - Gingrich,704
Marion,Delegate,At-Large,Republican,Steve Allbrooks - Romney,417
Marion,Delegate,At-Large,Republican,Steve Buttry - Romney,332
Marion,Delegate,At-Large,Republican,Steven Warhurst - Paul,171
Marion,Delegate,At-Large,Republican,Susan Richardson Williams - Romney,140
Marion,Delegate,At-Large,Republican,Thomas Smith - Perry,70
Marion,Delegate,At-Large,Republican,Tiffany Ramsey Goforth - Perry,137
Marion,Delegate,At-Large,Republican,Tony Shipley - Gingrich,653
Marion,Delegate,At-Large,Republican,Victor Ashe - Huntsman,115
Marion,Delegate,At-Large,Republican,Wendell Moore - Romney,261
Marion,Delegate,At-Large,Republican,Willis Ayres - Gingrich,705
Marion,Delegate,At-Large,Republican,Winfield Dunn - Romney,318
Marion,Presidential Preference,NA,Democratic,Barack Obama,1337
Marion,Presidential Preference,NA,Democratic,Uncommitted,768
Marion,Presidential Preference,NA,Democratic,Write-in - John Wolfe,2
Marion,Presidential Preference,NA,Republican,"Charles ""Buddy"" Roemer",6
Marion,Presidential Preference,NA,Republican,Gary Johnson,5
Marion,Presidential Preference,NA,Republican,Jon Huntsman,4
Marion,Presidential Preference,NA,Republican,Michele Bachmann,14
Marion,Presidential Preference,NA,Republican,Mitt Romney,517
Marion,Presidential Preference,NA,Republican,Newt Gingrich,711
Marion,Presidential Preference,NA,Republican,Rick Perry,14
Marion,Presidential Preference,NA,Republican,Rick Santorum,657
Marion,Presidential Preference,NA,Republican,Ron Paul,201
Marion,Presidential Preference,NA,Republican,Uncommitted,17
Marshall,Delegate,6,Republican,Beth Cox - Romney,232
Marshall,Delegate,6,Republican,Chad White - Romney,140
Marshall,Delegate,6,Republican,Christopher Stephen Hughes - Gingrich,287
Marshall,Delegate,6,Republican,Debra K. Copass - Romney,159
Marshall,Delegate,6,Republican,Joe Carr - Gingrich,347
Marshall,Delegate,6,Republican,Justin Wax - Perry,61
Marshall,Delegate,6,Republican,Mark Abbotoy - Paul,178
Marshall,Delegate,6,Republican,Randy Stamps - Romney,178
Marshall,Delegate,6,Republican,Sofia Carnicelli Grey - Paul,146
Marshall,Delegate,6,Republican,Susan Witcher - Gingrich,168
Marshall,Delegate,6,Republican,Terri Lynn Weaver - Gingrich,324
Marshall,Delegate,6,Republican,Terry Barnes - Uncommitted,121
Marshall,Delegate,At-Large,Republican,Alexander Oaks Waters - Huntsman,133
Marshall,Delegate,At-Large,Republican,Andre Flanary - Paul,169
Marshall,Delegate,At-Large,Republican,Beth Campbell - Romney,297
Marshall,Delegate,At-Large,Republican,Brian Kelsey - Perry,48
Marshall,Delegate,At-Large,Republican,C. Mack Patton - Gingrich,362
Marshall,Delegate,At-Large,Republican,Crom Carmichael - Gingrich,342
Marshall,Delegate,At-Large,Republican,Daniel Rawls - Paul,148
Marshall,Delegate,At-Large,Republican,Donna K. Appleget - Paul,221
Marshall,Delegate,At-Large,Republican,Elaine Laney Heard - Perry,66
Marshall,Delegate,At-Large,Republican,Gail D. Patton - Gingrich,376
Marshall,Delegate,At-Large,Republican,Gary Allen - Paul,258
Marshall,Delegate,At-Large,Republican,Gary Ellis - Paul,205
Marshall,Delegate,At-Large,Republican,Jason Davis - Paul,205
Marshall,Delegate,At-Large,Republican,Jeff Pedigo - Paul,192
Marshall,Delegate,At-Large,Republican,Jessica Frizzell - Perry,78
Marshall,Delegate,At-Large,Republican,Jim Looney - Romney,267
Marshall,Delegate,At-Large,Republican,Joel Crenshaw - Paul,201
Marshall,Delegate,At-Large,Republican,John Crisp - Romney,266
Marshall,Delegate,At-Large,Republican,John Gardner - Gingrich,399
Marshall,Delegate,At-Large,Republican,John Wayne Cropp - Romney,253
Marshall,Delegate,At-Large,Republican,Josh Brown - Romney,277
Marshall,Delegate,At-Large,Republican,Juanita Thouin - Uncommitted,127
Marshall,Delegate,At-Large,Republican,Julia Hurley - Romney,228
Marshall,Delegate,At-Large,Republican,Justin Pitt - Romney,205
Marshall,Delegate,At-Large,Republican,Kyle Gregory Perry - Paul,161
Marshall,Delegate,At-Large,Republican,Larry Bates - Perry,81
Marshall,Delegate,At-Large,Republican,Mark White - Romney,128
Marshall,Delegate,At-Large,Republican,Mark Winslow - Gingrich,309
Marshall,Delegate,At-Large,Republican,Martha Ruth Brown - Gingrich,402
Marshall,Delegate,At-Large,Republican,Matthew Jerry Johnson - Gingrich,368
Marshall,Delegate,At-Large,Republican,Matthew Smith - Perry,59
Marshall,Delegate,At-Large,Republican,Randal Boyd - Romney,268
Marshall,Delegate,At-Large,Republican,Rob Ailey - Romney,257
Marshall,Delegate,At-Large,Republican,Robert Tyler Prince - Uncommitted,146
Marshall,Delegate,At-Large,Republican,Ron Ramsey - Perry,179
Marshall,Delegate,At-Large,Republican,Ronald Lanfear - Paul,178
Marshall,Delegate,At-Large,Republican,Rosine Ghawji - Uncommitted,127
Marshall,Delegate,At-Large,Republican,Ruth B. Hagerty - Romney,229
Marshall,Delegate,At-Large,Republican,Sandy Crawford - Uncommitted,179
Marshall,Delegate,At-Large,Republican,Shalia Lankford - Perry,58
Marshall,Delegate,At-Large,Republican,Sindy Ramsey - Perry,77
Marshall,Delegate,At-Large,Republican,Stacey Campfield - Gingrich,387
Marshall,Delegate,At-Large,Republican,Steve Allbrooks - Romney,266
Marshall,Delegate,At-Large,Republican,Steve Buttry - Romney,243
Marshall,Delegate,At-Large,Republican,Steven Warhurst - Paul,142
Marshall,Delegate,At-Large,Republican,Susan Richardson Williams - Romney,111
Marshall,Delegate,At-Large,Republican,Thomas Smith - Perry,57
Marshall,Delegate,At-Large,Republican,Tiffany Ramsey Goforth - Perry,67
Marshall,Delegate,At-Large,Republican,Tony Shipley - Gingrich,338
Marshall,Delegate,At-Large,Republican,Victor Ashe - Huntsman,157
Marshall,Delegate,At-Large,Republican,Wendell Moore - Romney,221
Marshall,Delegate,At-Large,Republican,Willis Ayres - Gingrich,370
Marshall,Delegate,At-Large,Republican,Winfield Dunn - Romney,302
Marshall,Presidential Preference,NA,Democratic,Barack Obama,193
Marshall,Presidential Preference,NA,Democratic,Uncommitted,32
Marshall,Presidential Preference,NA,Republican,"Charles ""Buddy"" Roemer",4
Marshall,Presidential Preference,NA,Republican,Gary Johnson,2
Marshall,Presidential Preference,NA,Republican,Jon Huntsman,9
Marshall,Presidential Preference,NA,Republican,Michele Bachmann,4
Marshall,Presidential Preference,NA,Republican,Mitt Romney,553
Marshall,Presidential Preference,NA,Republican,Newt Gingrich,583
Marshall,Presidential Preference,NA,Republican,Rick Perry,5
Marshall,Presidential Preference,NA,Republican,Rick Santorum,958
Marshall,Presidential Preference,NA,Republican,Ron Paul,225
Marshall,Presidential Preference,NA,Republican,Uncommitted,11
Maury,Delegate,4,Republican,Amanda Griffith - Paul,1066
Maury,Delegate,4,Republican,Annette Sapp - Gingrich,2133
Maury,Delegate,4,Republican,David French - Romney,1671
Maury,Delegate,4,Republican,David G. Bearden - Paul,946
Maury,Delegate,4,Republican,Jason Whatley - Romney,1794
Maury,Delegate,4,Republican,Kristopher D. Miller - Perry,571
Maury,Delegate,4,Republican,Mary Ellen Redford - Paul,565
Maury,Delegate,4,Republican,Nancy French - Romney,1656
Maury,Delegate,4,Republican,Robert Crigger - Uncommitted,1334
Maury,Delegate,4,Republican,Steven Lane - Paul,912
Maury,Delegate,4,Republican,Tommy Lee Francis - Perry,564
Maury,Delegate,At-Large,Republican,Alexander Oaks Waters - Huntsman,296
Maury,Delegate,At-Large,Republican,Andre Flanary - Paul,1035
Maury,Delegate,At-Large,Republican,Beth Campbell - Romney,1719
Maury,Delegate,At-Large,Republican,Brian Kelsey - Perry,443
Maury,Delegate,At-Large,Republican,C. Mack Patton - Gingrich,2109
Maury,Delegate,At-Large,Republican,Crom Carmichael - Gingrich,2077
Maury,Delegate,At-Large,Republican,Daniel Rawls - Paul,1036
Maury,Delegate,At-Large,Republican,Donna K. Appleget - Paul,1207
Maury,Delegate,At-Large,Republican,Elaine Laney Heard - Perry,605
Maury,Delegate,At-Large,Republican,Gail D. Patton - Gingrich,2124
Maury,Delegate,At-Large,Republican,Gary Allen - Paul,1409
Maury,Delegate,At-Large,Republican,Gary Ellis - Paul,1149
Maury,Delegate,At-Large,Republican,Jason Davis - Paul,1232
Maury,Delegate,At-Large,Republican,Jeff Pedigo - Paul,1072
Maury,Delegate,At-Large,Republican,Jessica Frizzell - Perry,618
Maury,Delegate,At-Large,Republican,Jim Looney - Romney,1504
Maury,Delegate,At-Large,Republican,Joel Crenshaw - Paul,1177
Maury,Delegate,At-Large,Republican,John Crisp - Romney,1528
Maury,Delegate,At-Large,Republican,John Gardner - Gingrich,2218
Maury,Delegate,At-Large,Republican,John Wayne Cropp - Romney,1513
Maury,Delegate,At-Large,Republican,Josh Brown - Romney,1704
Maury,Delegate,At-Large,Republican,Juanita Thouin - Uncommitted,1135
Maury,Delegate,At-Large,Republican,Julia Hurley - Romney,1584
Maury,Delegate,At-Large,Republican,Justin Pitt - Romney,1362
Maury,Delegate,At-Large,Republican,Kyle Gregory Perry - Paul,1068
Maury,Delegate,At-Large,Republican,Larry Bates - Perry,623
Maury,Delegate,At-Large,Republican,Mark White - Romney,751
Maury,Delegate,At-Large,Republican,Mark Winslow - Gingrich,2028
Maury,Delegate,At-Large,Republican,Martha Ruth Brown - Gingrich,2233
Maury,Delegate,At-Large,Republican,Matthew Jerry Johnson - Gingrich,2094
Maury,Delegate,At-Large,Republican,Matthew Smith - Perry,363
Maury,Delegate,At-Large,Republican,Randal Boyd - Romney,1684
Maury,Delegate,At-Large,Republican,Rob Ailey - Romney,1434
Maury,Delegate,At-Large,Republican,Robert Tyler Prince - Uncommitted,1359
Maury,Delegate,At-Large,Republican,Ron Ramsey - Perry,639
Maury,Delegate,At-Large,Republican,Ronald Lanfear - Paul,1036
Maury,Delegate,At-Large,Republican,Rosine Ghawji - Uncommitted,1141
Maury,Delegate,At-Large,Republican,Ruth B. Hagerty - Romney,1559
Maury,Delegate,At-Large,Republican,Sandy Crawford - Uncommitted,1442
Maury,Delegate,At-Large,Republican,Shalia Lankford - Perry,392
Maury,Delegate,At-Large,Republican,Sindy Ramsey - Perry,402
Maury,Delegate,At-Large,Republican,Stacey Campfield - Gingrich,2167
Maury,Delegate,At-Large,Republican,Steve Allbrooks - Romney,1600
Maury,Delegate,At-Large,Republican,Steve Buttry - Romney,1628
Maury,Delegate,At-Large,Republican,Steven Warhurst - Paul,986
Maury,Delegate,At-Large,Republican,Susan Richardson Williams - Romney,652
Maury,Delegate,At-Large,Republican,Thomas Smith - Perry,336
Maury,Delegate,At-Large,Republican,Tiffany Ramsey Goforth - Perry,596
Maury,Delegate,At-Large,Republican,Tony Shipley - Gingrich,2059
Maury,Delegate,At-Large,Republican,Victor Ashe - Huntsman,338
Maury,Delegate,At-Large,Republican,Wendell Moore - Romney,1492
Maury,Delegate,At-Large,Republican,Willis Ayres - Gingrich,2171
Maury,Delegate,At-Large,Republican,Winfield Dunn - Romney,1752
Maury,Presidential Preference,NA,Democratic,Barack Obama,1801
Maury,Presidential Preference,NA,Democratic,Uncommitted,281
Maury,Presidential Preference,NA,Republican,"Charles ""Buddy"" Roemer",18
Maury,Presidential Preference,NA,Republican,Gary Johnson,9
Maury,Presidential Preference,NA,Republican,Jon Huntsman,11
Maury,Presidential Preference,NA,Republican,Michele Bachmann,27
Maury,Presidential Preference,NA,Republican,Mitt Romney,2545
Maury,Presidential Preference,NA,Republican,Newt Gingrich,2429
Maury,Presidential Preference,NA,Republican,Rick Perry,42
Maury,Presidential Preference,NA,Republican,Rick Santorum,4152
Maury,Presidential Preference,NA,Republican,Ron Paul,1044
Maury,Presidential Preference,NA,Republican,Uncommitted,118
McMinn,Delegate,2,Republican,Aaron Garcia Margulies - Gingrich,256
McMinn,Delegate,2,Republican,Dick Powell - Perry,143
McMinn,Delegate,2,Republican,J. Christopher Lane - Uncommitted,418
McMinn,Delegate,2,Republican,J. Clay Atherton - Paul,444
McMinn,Delegate,2,Republican,Jimmy Matlock - Perry,214
McMinn,Delegate,2,Republican,Joan Ashe - Huntsman,110
McMinn,Delegate,2,Republican,Leonard W. Brown - Gingrich,1223
McMinn,Delegate,2,Republican,Matthew Herriman - Perry,129
McMinn,Delegate,2,Republican,Monta Hirzel - Gingrich,849
McMinn,Delegate,2,Republican,Richard Barnes - Romney,866
McMinn,Delegate,2,Republican,Russell Barber - Romney,852
McMinn,Delegate,2,Republican,Ryan Haynes - Romney,842
McMinn,Delegate,2,Republican,Scott David Smith - Gingrich,493
McMinn,Delegate,2,Republican,Sheree Callaway - Paul,479
McMinn,Delegate,2,Republican,Ted Boyatt - Gingrich,1242
McMinn,Delegate,2,Republican,Ted Hatfield - Uncommitted,419
McMinn,Delegate,2,Republican,Tona Monroe - Paul,440
McMinn,Delegate,At-Large,Republican,Alexander Oaks Waters - Huntsman,294
McMinn,Delegate,At-Large,Republican,Andre Flanary - Paul,601
McMinn,Delegate,At-Large,Republican,Beth Campbell - Romney,1077
McMinn,Delegate,At-Large,Republican,Brian Kelsey - Perry,273
McMinn,Delegate,At-Large,Republican,C. Mack Patton - Gingrich,1636
McMinn,Delegate,At-Large,Republican,Crom Carmichael - Gingrich,1667
McMinn,Delegate,At-Large,Republican,Daniel Rawls - Paul,536
McMinn,Delegate,At-Large,Republican,Donna K. Appleget - Paul,848
McMinn,Delegate,At-Large,Republican,Elaine Laney Heard - Perry,314
McMinn,Delegate,At-Large,Republican,Gail D. Patton - Gingrich,1598
McMinn,Delegate,At-Large,Republican,Gary Allen - Paul,955
McMinn,Delegate,At-Large,Republican,Gary Ellis - Paul,703
McMinn,Delegate,At-Large,Republican,Jason Davis - Paul,776
McMinn,Delegate,At-Large,Republican,Jeff Pedigo - Paul,587
McMinn,Delegate,At-Large,Republican,Jessica Frizzell - Perry,398
McMinn,Delegate,At-Large,Republican,Jim Looney - Romney,820
McMinn,Delegate,At-Large,Republican,Joel Crenshaw - Paul,781
McMinn,Delegate,At-Large,Republican,John Crisp - Romney,1043
McMinn,Delegate,At-Large,Republican,John Gardner - Gingrich,1708
McMinn,Delegate,At-Large,Republican,John Wayne Cropp - Romney,957
McMinn,Delegate,At-Large,Republican,Josh Brown - Romney,1254
McMinn,Delegate,At-Large,Republican,Juanita Thouin - Uncommitted,615
McMinn,Delegate,At-Large,Republican,Julia Hurley - Romney,901
McMinn,Delegate,At-Large,Republican,Justin Pitt - Romney,675
McMinn,Delegate,At-Large,Republican,Kyle Gregory Perry - Paul,578
McMinn,Delegate,At-Large,Republican,Larry Bates - Perry,410
McMinn,Delegate,At-Large,Republican,Mark White - Romney,378
McMinn,Delegate,At-Large,Republican,Mark Winslow - Gingrich,1554
McMinn,Delegate,At-Large,Republican,Martha Ruth Brown - Gingrich,1740
McMinn,Delegate,At-Large,Republican,Matthew Jerry Johnson - Gingrich,1675
McMinn,Delegate,At-Large,Republican,Matthew Smith - Perry,212
McMinn,Delegate,At-Large,Republican,Randal Boyd - Romney,1277
McMinn,Delegate,At-Large,Republican,Rob Ailey - Romney,1302
McMinn,Delegate,At-Large,Republican,Robert Tyler Prince - Uncommitted,837
McMinn,Delegate,At-Large,Republican,Ron Ramsey - Perry,305
McMinn,Delegate,At-Large,Republican,Ronald Lanfear - Paul,573
McMinn,Delegate,At-Large,Republican,Rosine Ghawji - Uncommitted,702
McMinn,Delegate,At-Large,Republican,Ruth B. Hagerty - Romney,933
McMinn,Delegate,At-Large,Republican,Sandy Crawford - Uncommitted,938
McMinn,Delegate,At-Large,Republican,Shalia Lankford - Perry,211
McMinn,Delegate,At-Large,Republican,Sindy Ramsey - Perry,204
McMinn,Delegate,At-Large,Republican,Stacey Campfield - Gingrich,1740
McMinn,Delegate,At-Large,Republican,Steve Allbrooks - Romney,1286
McMinn,Delegate,At-Large,Republican,Steve Buttry - Romney,1093
McMinn,Delegate,At-Large,Republican,Steven Warhurst - Paul,509
McMinn,Delegate,At-Large,Republican,Susan Richardson Williams - Romney,429
McMinn,Delegate,At-Large,Republican,Thomas Smith - Perry,184
McMinn,Delegate,At-Large,Republican,Tiffany Ramsey Goforth - Perry,377
McMinn,Delegate,At-Large,Republican,Tony Shipley - Gingrich,1569
McMinn,Delegate,At-Large,Republican,Victor Ashe - Huntsman,449
McMinn,Delegate,At-Large,Republican,Wendell Moore - Romney,797
McMinn,Delegate,At-Large,Republican,Willis Ayres - Gingrich,1742
McMinn,Delegate,At-Large,Republican,Winfield Dunn - Romney,1047
McMinn,Presidential Preference,NA,Democratic,Barack Obama,265
McMinn,Presidential Preference,NA,Democratic,Uncommitted,42
McMinn,Presidential Preference,NA,Republican,"Charles ""Buddy"" Roemer",20
McMinn,Presidential Preference,NA,Republican,Gary Johnson,13
McMinn,Presidential Preference,NA,Republican,Jon Huntsman,15
McMinn,Presidential Preference,NA,Republican,Michele Bachmann,39
McMinn,Presidential Preference,NA,Republican,Mitt Romney,1488
McMinn,Presidential Preference,NA,Republican,Newt Gingrich,1479
McMinn,Presidential Preference,NA,Republican,Rick Perry,32
McMinn,Presidential Preference,NA,Republican,Rick Santorum,2396
McMinn,Presidential Preference,NA,Republican,Ron Paul,550
McMinn,Presidential Preference,NA,Republican,Uncommitted,72
McNairy,Delegate,7,Republican,Ammon Smartt - Romney,214
McNairy,Delegate,7,Republican,Barrett Rich - Romney,270
McNairy,Delegate,7,Republican,Corey M. Stockman - Paul,200
McNairy,Delegate,7,Republican,Gary Shane Goolsby - Paul,195
McNairy,Delegate,7,Republican,John Elkington - Perry,67
McNairy,Delegate,7,Republican,Kenny Crenshaw - Paul,215
McNairy,Delegate,7,Republican,"Martha ""Jane"" Pleasant - Gingrich",447
McNairy,Delegate,7,Republican,Mary Kate Brown - Romney,254
McNairy,Delegate,7,Republican,Monty Lankford - Perry,53
McNairy,Delegate,7,Republican,Reta Galbraith - Gingrich,446
McNairy,Delegate,7,Republican,"W.C. ""Bubba"" Pleasant - Gingrich",446
McNairy,Delegate,At-Large,Republican,Alexander Oaks Waters - Huntsman,42
McNairy,Delegate,At-Large,Republican,Andre Flanary - Paul,182
McNairy,Delegate,At-Large,Republican,Beth Campbell - Romney,283
McNairy,Delegate,At-Large,Republican,Brian Kelsey - Perry,101
McNairy,Delegate,At-Large,Republican,C. Mack Patton - Gingrich,463
McNairy,Delegate,At-Large,Republican,Crom Carmichael - Gingrich,464
McNairy,Delegate,At-Large,Republican,Daniel Rawls - Paul,184
McNairy,Delegate,At-Large,Republican,Donna K. Appleget - Paul,228
McNairy,Delegate,At-Large,Republican,Elaine Laney Heard - Perry,112
McNairy,Delegate,At-Large,Republican,Gail D. Patton - Gingrich,456
McNairy,Delegate,At-Large,Republican,Gary Allen - Paul,245
McNairy,Delegate,At-Large,Republican,Gary Ellis - Paul,215
McNairy,Delegate,At-Large,Republican,Jason Davis - Paul,219
McNairy,Delegate,At-Large,Republican,Jeff Pedigo - Paul,184
McNairy,Delegate,At-Large,Republican,Jessica Frizzell - Perry,127
McNairy,Delegate,At-Large,Republican,Jim Looney - Romney,255
McNairy,Delegate,At-Large,Republican,Joel Crenshaw - Paul,221
McNairy,Delegate,At-Large,Republican,John Crisp - Romney,259
McNairy,Delegate,At-Large,Republican,John Gardner - Gingrich,499
McNairy,Delegate,At-Large,Republican,John Wayne Cropp - Romney,260
McNairy,Delegate,At-Large,Republican,Josh Brown - Romney,291
McNairy,Delegate,At-Large,Republican,Juanita Thouin - Uncommitted,187
McNairy,Delegate,At-Large,Republican,Julia Hurley - Romney,269
McNairy,Delegate,At-Large,Republican,Justin Pitt - Romney,230
McNairy,Delegate,At-Large,Republican,Kyle Gregory Perry - Paul,194
McNairy,Delegate,At-Large,Republican,Larry Bates - Perry,136
McNairy,Delegate,At-Large,Republican,Mark White - Romney,109
McNairy,Delegate,At-Large,Republican,Mark Winslow - Gingrich,451
McNairy,Delegate,At-Large,Republican,Martha Ruth Brown - Gingrich,490
McNairy,Delegate,At-Large,Republican,Matthew Jerry Johnson - Gingrich,467
McNairy,Delegate,At-Large,Republican,Matthew Smith - Perry,70
McNairy,Delegate,At-Large,Republican,Randal Boyd - Romney,284
McNairy,Delegate,At-Large,Republican,Rob Ailey - Romney,245
McNairy,Delegate,At-Large,Republican,Robert Tyler Prince - Uncommitted,229
McNairy,Delegate,At-Large,Republican,Ron Ramsey - Perry,122
McNairy,Delegate,At-Large,Republican,Ronald Lanfear - Paul,190
McNairy,Delegate,At-Large,Republican,Rosine Ghawji - Uncommitted,196
McNairy,Delegate,At-Large,Republican,Ruth B. Hagerty - Romney,262
McNairy,Delegate,At-Large,Republican,Sandy Crawford - Uncommitted,231
McNairy,Delegate,At-Large,Republican,Shalia Lankford - Perry,74
McNairy,Delegate,At-Large,Republican,Sindy Ramsey - Perry,78
McNairy,Delegate,At-Large,Republican,Stacey Campfield - Gingrich,478
McNairy,Delegate,At-Large,Republican,Steve Allbrooks - Romney,287
McNairy,Delegate,At-Large,Republican,Steve Buttry - Romney,270
McNairy,Delegate,At-Large,Republican,Steven Warhurst - Paul,187
McNairy,Delegate,At-Large,Republican,Susan Richardson Williams - Romney,113
McNairy,Delegate,At-Large,Republican,Thomas Smith - Perry,71
McNairy,Delegate,At-Large,Republican,Tiffany Ramsey Goforth - Perry,124
McNairy,Delegate,At-Large,Republican,Tony Shipley - Gingrich,454
McNairy,Delegate,At-Large,Republican,Victor Ashe - Huntsman,67
McNairy,Delegate,At-Large,Republican,Wendell Moore - Romney,265
McNairy,Delegate,At-Large,Republican,Willis Ayres - Gingrich,481
McNairy,Delegate,At-Large,Republican,Winfield Dunn - Romney,316
McNairy,Presidential Preference,NA,Democratic,Barack Obama,173
McNairy,Presidential Preference,NA,Democratic,Uncommitted,34
McNairy,Presidential Preference,NA,Republican,"Charles ""Buddy"" Roemer",2
McNairy,Presidential Preference,NA,Republican,Gary Johnson,2
McNairy,Presidential Preference,NA,Republican,Jon Huntsman,4
McNairy,Presidential Preference,NA,Republican,Michele Bachmann,3
McNairy,Presidential Preference,NA,Republican,Mitt Romney,470
McNairy,Presidential Preference,NA,Republican,Newt Gingrich,584
McNairy,Presidential Preference,NA,Republican,Rick Perry,4
McNairy,Presidential Preference,NA,Republican,Rick Santorum,960
McNairy,Presidential Preference,NA,Republican,Ron Paul,199
McNairy,Presidential Preference,NA,Republican,Uncommitted,5
Meigs,Delegate,3,Republican,Barbara Dallanegra - Paul,75
Meigs,Delegate,3,Republican,Bobby Wood - Gingrich,259
Meigs,Delegate,3,Republican,Daniel Appleget - Paul,68
Meigs,Delegate,3,Republican,Emily Beaty - Romney,92
Meigs,Delegate,3,Republican,Hobart L. Rice - Romney,35
Meigs,Delegate,3,Republican,J.B. Underwood - Paul,91
Meigs,Delegate,3,Republican,Jeanne E. Wood - Gingrich,190
Meigs,Delegate,3,Republican,Jennifer Inman Little - Romney,81
Meigs,Delegate,3,Republican,John S. Stanbery - Gingrich,242
Meigs,Delegate,3,Republican,Milan M. Blake - Perry,19
Meigs,Delegate,3,Republican,Oscar Brock - Romney,85
Meigs,Delegate,3,Republican,Teresa Wood - Gingrich,101
Meigs,Delegate,At-Large,Republican,Alexander Oaks Waters - Huntsman,80
Meigs,Delegate,At-Large,Republican,Andre Flanary - Paul,69
Meigs,Delegate,At-Large,Republican,Beth Campbell - Romney,149
Meigs,Delegate,At-Large,Republican,Brian Kelsey - Perry,25
Meigs,Delegate,At-Large,Republican,C. Mack Patton - Gingrich,187
Meigs,Delegate,At-Large,Republican,Crom Carmichael - Gingrich,178
Meigs,Delegate,At-Large,Republican,Daniel Rawls - Paul,55
Meigs,Delegate,At-Large,Republican,Donna K. Appleget - Paul,94
Meigs,Delegate,At-Large,Republican,Elaine Laney Heard - Perry,39
Meigs,Delegate,At-Large,Republican,Gail D. Patton - Gingrich,212
Meigs,Delegate,At-Large,Republican,Gary Allen - Paul,139
Meigs,Delegate,At-Large,Republican,Gary Ellis - Paul,92
Meigs,Delegate,At-Large,Republican,Jason Davis - Paul,110
Meigs,Delegate,At-Large,Republican,Jeff Pedigo - Paul,86
Meigs,Delegate,At-Large,Republican,Jessica Frizzell - Perry,51
Meigs,Delegate,At-Large,Republican,Jim Looney - Romney,110
Meigs,Delegate,At-Large,Republican,Joel Crenshaw - Paul,91
Meigs,Delegate,At-Large,Republican,John Crisp - Romney,172
Meigs,Delegate,At-Large,Republican,John Gardner - Gingrich,226
Meigs,Delegate,At-Large,Republican,John Wayne Cropp - Romney,132
Meigs,Delegate,At-Large,Republican,Josh Brown - Romney,155
Meigs,Delegate,At-Large,Republican,Juanita Thouin - Uncommitted,49
Meigs,Delegate,At-Large,Republican,Julia Hurley - Romney,122
Meigs,Delegate,At-Large,Republican,Justin Pitt - Romney,114
Meigs,Delegate,At-Large,Republican,Kyle Gregory Perry - Paul,69
Meigs,Delegate,At-Large,Republican,Larry Bates - Perry,52
Meigs,Delegate,At-Large,Republican,Mark White - Romney,73
Meigs,Delegate,At-Large,Republican,Mark Winslow - Gingrich,161
Meigs,Delegate,At-Large,Republican,Martha Ruth Brown - Gingrich,216
Meigs,Delegate,At-Large,Republican,Matthew Jerry Johnson - Gingrich,203
Meigs,Delegate,At-Large,Republican,Matthew Smith - Perry,26
Meigs,Delegate,At-Large,Republican,Randal Boyd - Romney,138
Meigs,Delegate,At-Large,Republican,Rob Ailey - Romney,126
Meigs,Delegate,At-Large,Republican,Robert Tyler Prince - Uncommitted,65
Meigs,Delegate,At-Large,Republican,Ron Ramsey - Perry,79
Meigs,Delegate,At-Large,Republican,Ronald Lanfear - Paul,73
Meigs,Delegate,At-Large,Republican,Rosine Ghawji - Uncommitted,47
Meigs,Delegate,At-Large,Republican,Ruth B. Hagerty - Romney,118
Meigs,Delegate,At-Large,Republican,Sandy Crawford - Uncommitted,77
Meigs,Delegate,At-Large,Republican,Shalia Lankford - Perry,53
Meigs,Delegate,At-Large,Republican,Sindy Ramsey - Perry,26
Meigs,Delegate,At-Large,Republican,Stacey Campfield - Gingrich,212
Meigs,Delegate,At-Large,Republican,Steve Allbrooks - Romney,132
Meigs,Delegate,At-Large,Republican,Steve Buttry - Romney,124
Meigs,Delegate,At-Large,Republican,Steven Warhurst - Paul,58
Meigs,Delegate,At-Large,Republican,Susan Richardson Williams - Romney,70
Meigs,Delegate,At-Large,Republican,Thomas Smith - Perry,29
Meigs,Delegate,At-Large,Republican,Tiffany Ramsey Goforth - Perry,53
Meigs,Delegate,At-Large,Republican,Tony Shipley - Gingrich,180
Meigs,Delegate,At-Large,Republican,Victor Ashe - Huntsman,118
Meigs,Delegate,At-Large,Republican,Wendell Moore - Romney,111
Meigs,Delegate,At-Large,Republican,Willis Ayres - Gingrich,206
Meigs,Delegate,At-Large,Republican,Winfield Dunn - Romney,143
Meigs,Presidential Preference,NA,Democratic,Barack Obama,182
Meigs,Presidential Preference,NA,Democratic,Uncommitted,30
Meigs,Presidential Preference,NA,Republican,"Charles ""Buddy"" Roemer",4
Meigs,Presidential Preference,NA,Republican,Gary Johnson,2
Meigs,Presidential Preference,NA,Republican,Jon Huntsman,2
Meigs,Presidential Preference,NA,Republican,Michele Bachmann,10
Meigs,Presidential Preference,NA,Republican,Mitt Romney,326
Meigs,Presidential Preference,NA,Republican,Newt Gingrich,361
Meigs,Presidential Preference,NA,Republican,Rick Perry,9
Meigs,Presidential Preference,NA,Republican,Rick Santorum,512
Meigs,Presidential Preference,NA,Republican,Ron Paul,107
Meigs,Presidential Preference,NA,Republican,Uncommitted,13
Monroe,Delegate,2,Republican,Aaron Garcia Margulies - Gingrich,141
Monroe,Delegate,2,Republican,Dick Powell - Perry,86
Monroe,Delegate,2,Republican,J. Christopher Lane - Uncommitted,205
Monroe,Delegate,2,Republican,J. Clay Atherton - Paul,252
Monroe,Delegate,2,Republican,Jimmy Matlock - Perry,266
Monroe,Delegate,2,Republican,Joan Ashe - Huntsman,92
Monroe,Delegate,2,Republican,Leonard W. Brown - Gingrich,758
Monroe,Delegate,2,Republican,Matthew Herriman - Perry,99
Monroe,Delegate,2,Republican,Monta Hirzel - Gingrich,535
Monroe,Delegate,2,Republican,Richard Barnes - Romney,663
Monroe,Delegate,2,Republican,Russell Barber - Romney,665
Monroe,Delegate,2,Republican,Ryan Haynes - Romney,647
Monroe,Delegate,2,Republican,Scott David Smith - Gingrich,264
Monroe,Delegate,2,Republican,Sheree Callaway - Paul,254
Monroe,Delegate,2,Republican,Ted Boyatt - Gingrich,758
Monroe,Delegate,2,Republican,Ted Hatfield - Uncommitted,250
Monroe,Delegate,2,Republican,Tona Monroe - Paul,246
Monroe,Delegate,At-Large,Republican,Alexander Oaks Waters - Huntsman,198
Monroe,Delegate,At-Large,Republican,Andre Flanary - Paul,378
Monroe,Delegate,At-Large,Republican,Beth Campbell - Romney,852
Monroe,Delegate,At-Large,Republican,Brian Kelsey - Perry,169
Monroe,Delegate,At-Large,Republican,C. Mack Patton - Gingrich,1031
Monroe,Delegate,At-Large,Republican,Crom Carmichael - Gingrich,1057
Monroe,Delegate,At-Large,Republican,Daniel Rawls - Paul,330
Monroe,Delegate,At-Large,Republican,Donna K. Appleget - Paul,482
Monroe,Delegate,At-Large,Republican,Elaine Laney Heard - Perry,208
Monroe,Delegate,At-Large,Republican,Gail D. Patton - Gingrich,990
Monroe,Delegate,At-Large,Republican,Gary Allen - Paul,512
Monroe,Delegate,At-Large,Republican,Gary Ellis - Paul,413
Monroe,Delegate,At-Large,Republican,Jason Davis - Paul,457
Monroe,Delegate,At-Large,Republican,Jeff Pedigo - Paul,368
Monroe,Delegate,At-Large,Republican,Jessica Frizzell - Perry,247
Monroe,Delegate,At-Large,Republican,Jim Looney - Romney,664
Monroe,Delegate,At-Large,Republican,Joel Crenshaw - Paul,440
Monroe,Delegate,At-Large,Republican,John Crisp - Romney,825
Monroe,Delegate,At-Large,Republican,John Gardner - Gingrich,1080
Monroe,Delegate,At-Large,Republican,John Wayne Cropp - Romney,767
Monroe,Delegate,At-Large,Republican,Josh Brown - Romney,936
Monroe,Delegate,At-Large,Republican,Juanita Thouin - Uncommitted,381
Monroe,Delegate,At-Large,Republican,Julia Hurley - Romney,734
Monroe,Delegate,At-Large,Republican,Justin Pitt - Romney,539
Monroe,Delegate,At-Large,Republican,Kyle Gregory Perry - Paul,349
Monroe,Delegate,At-Large,Republican,Larry Bates - Perry,268
Monroe,Delegate,At-Large,Republican,Mark White - Romney,303
Monroe,Delegate,At-Large,Republican,Mark Winslow - Gingrich,977
Monroe,Delegate,At-Large,Republican,Martha Ruth Brown - Gingrich,1090
Monroe,Delegate,At-Large,Republican,Matthew Jerry Johnson - Gingrich,1023
Monroe,Delegate,At-Large,Republican,Matthew Smith - Perry,126
Monroe,Delegate,At-Large,Republican,Randal Boyd - Romney,959
Monroe,Delegate,At-Large,Republican,Rob Ailey - Romney,939
Monroe,Delegate,At-Large,Republican,Robert Tyler Prince - Uncommitted,498
Monroe,Delegate,At-Large,Republican,Ron Ramsey - Perry,195
Monroe,Delegate,At-Large,Republican,Ronald Lanfear - Paul,331
Monroe,Delegate,At-Large,Republican,Rosine Ghawji - Uncommitted,447
Monroe,Delegate,At-Large,Republican,Ruth B. Hagerty - Romney,743
Monroe,Delegate,At-Large,Republican,Sandy Crawford - Uncommitted,559
Monroe,Delegate,At-Large,Republican,Shalia Lankford - Perry,145
Monroe,Delegate,At-Large,Republican,Sindy Ramsey - Perry,127
Monroe,Delegate,At-Large,Republican,Stacey Campfield - Gingrich,1104
Monroe,Delegate,At-Large,Republican,Steve Allbrooks - Romney,941
Monroe,Delegate,At-Large,Republican,Steve Buttry - Romney,835
Monroe,Delegate,At-Large,Republican,Steven Warhurst - Paul,327
Monroe,Delegate,At-Large,Republican,Susan Richardson Williams - Romney,373
Monroe,Delegate,At-Large,Republican,Thomas Smith - Perry,111
Monroe,Delegate,At-Large,Republican,Tiffany Ramsey Goforth - Perry,249
Monroe,Delegate,At-Large,Republican,Tony Shipley - Gingrich,1001
Monroe,Delegate,At-Large,Republican,Victor Ashe - Huntsman,339
Monroe,Delegate,At-Large,Republican,Wendell Moore - Romney,653
Monroe,Delegate,At-Large,Republican,Willis Ayres - Gingrich,1102
Monroe,Delegate,At-Large,Republican,Winfield Dunn - Romney,838
Monroe,Presidential Preference,NA,Democratic,Barack Obama,207
Monroe,Presidential Preference,NA,Democratic,Uncommitted,19
Monroe,Presidential Preference,NA,Republican,"Charles ""Buddy"" Roemer",8
Monroe,Presidential Preference,NA,Republican,Gary Johnson,7
Monroe,Presidential Preference,NA,Republican,Jon Huntsman,4
Monroe,Presidential Preference,NA,Republican,Michele Bachmann,24
Monroe,Presidential Preference,NA,Republican,Mitt Romney,1198
Monroe,Presidential Preference,NA,Republican,Newt Gingrich,1006
Monroe,Presidential Preference,NA,Republican,Rick Perry,19
Monroe,Presidential Preference,NA,Republican,Rick Santorum,1344
Monroe,Presidential Preference,NA,Republican,Ron Paul,288
Monroe,Presidential Preference,NA,Republican,Uncommitted,10
Montgomery,Delegate,7,Republican,Ammon Smartt - Romney,756
Montgomery,Delegate,7,Republican,Barrett Rich - Romney,848
Montgomery,Delegate,7,Republican,Corey M. Stockman - Paul,611
Montgomery,Delegate,7,Republican,Gary Shane Goolsby - Paul,622
Montgomery,Delegate,7,Republican,John Elkington - Perry,247
Montgomery,Delegate,7,Republican,Kenny Crenshaw - Paul,757
Montgomery,Delegate,7,Republican,"Martha ""Jane"" Pleasant - Gingrich",1167
Montgomery,Delegate,7,Republican,Mary Kate Brown - Romney,1067
Montgomery,Delegate,7,Republican,Monty Lankford - Perry,171
Montgomery,Delegate,7,Republican,Reta Galbraith - Gingrich,1158
Montgomery,Delegate,7,Republican,"W.C. ""Bubba"" Pleasant - Gingrich",1077
Montgomery,Delegate,8,Republican,Adrian Eddleman - Paul,194
Montgomery,Delegate,8,Republican,Betty Anderson - Romney,222
Montgomery,Delegate,8,Republican,Bob D. Anderson - Romney,199
Montgomery,Delegate,8,Republican,Emily H. Shore - Gingrich,354
Montgomery,Delegate,8,Republican,James William Shore - Gingrich,323
Montgomery,Delegate,8,Republican,Jeremie Schultz - Paul,175
Montgomery,Delegate,8,Republican,Jim Summerville - Perry,50
Montgomery,Delegate,8,Republican,Mark E. Green - Perry,81
Montgomery,Delegate,8,Republican,Mike Peery - Gingrich,380
Montgomery,Delegate,8,Republican,Oneida Wagoner - Romney,81
Montgomery,Delegate,8,Republican,Steve Maroney - Romney,182
Montgomery,Delegate,8,Republican,Ted Williams - Perry,54
Montgomery,Delegate,8,Republican,Tiffany Doyle - Paul,213
Montgomery,Delegate,At-Large,Republican,Alexander Oaks Waters - Huntsman,663
Montgomery,Delegate,At-Large,Republican,Andre Flanary - Paul,774
Montgomery,Delegate,At-Large,Republican,Beth Campbell - Romney,1636
Montgomery,Delegate,At-Large,Republican,Brian Kelsey - Perry,297
Montgomery,Delegate,At-Large,Republican,C. Mack Patton - Gingrich,1546
Montgomery,Delegate,At-Large,Republican,Crom Carmichael - Gingrich,1466
Montgomery,Delegate,At-Large,Republican,Daniel Rawls - Paul,728
Montgomery,Delegate,At-Large,Republican,Donna K. Appleget - Paul,1018
Montgomery,Delegate,At-Large,Republican,Elaine Laney Heard - Perry,357
Montgomery,Delegate,At-Large,Republican,Gail D. Patton - Gingrich,1682
Montgomery,Delegate,At-Large,Republican,Gary Allen - Paul,1162
Montgomery,Delegate,At-Large,Republican,Gary Ellis - Paul,1071
Montgomery,Delegate,At-Large,Republican,Jason Davis - Paul,962
Montgomery,Delegate,At-Large,Republican,Jeff Pedigo - Paul,1075
Montgomery,Delegate,At-Large,Republican,Jessica Frizzell - Perry,444
Montgomery,Delegate,At-Large,Republican,Jim Looney - Romney,1149
Montgomery,Delegate,At-Large,Republican,Joel Crenshaw - Paul,926
Montgomery,Delegate,At-Large,Republican,John Crisp - Romney,1354
Montgomery,Delegate,At-Large,Republican,John Gardner - Gingrich,1770
Montgomery,Delegate,At-Large,Republican,John Wayne Cropp - Romney,1332
Montgomery,Delegate,At-Large,Republican,Josh Brown - Romney,1442
Montgomery,Delegate,At-Large,Republican,Juanita Thouin - Uncommitted,622
Montgomery,Delegate,At-Large,Republican,Julia Hurley - Romney,1297
Montgomery,Delegate,At-Large,Republican,Justin Pitt - Romney,1164
Montgomery,Delegate,At-Large,Republican,Kyle Gregory Perry - Paul,777
Montgomery,Delegate,At-Large,Republican,Larry Bates - Perry,432
Montgomery,Delegate,At-Large,Republican,Mark White - Romney,634
Montgomery,Delegate,At-Large,Republican,Mark Winslow - Gingrich,1385
Montgomery,Delegate,At-Large,Republican,Martha Ruth Brown - Gingrich,1771
Montgomery,Delegate,At-Large,Republican,Matthew Jerry Johnson - Gingrich,1617
Montgomery,Delegate,At-Large,Republican,Matthew Smith - Perry,319
Montgomery,Delegate,At-Large,Republican,Randal Boyd - Romney,1403
Montgomery,Delegate,At-Large,Republican,Rob Ailey - Romney,1428
Montgomery,Delegate,At-Large,Republican,Robert Tyler Prince - Uncommitted,732
Montgomery,Delegate,At-Large,Republican,Ron Ramsey - Perry,722
Montgomery,Delegate,At-Large,Republican,Ronald Lanfear - Paul,827
Montgomery,Delegate,At-Large,Republican,Rosine Ghawji - Uncommitted,679
Montgomery,Delegate,At-Large,Republican,Ruth B. Hagerty - Romney,1225
Montgomery,Delegate,At-Large,Republican,Sandy Crawford - Uncommitted,962
Montgomery,Delegate,At-Large,Republican,Shalia Lankford - Perry,320
Montgomery,Delegate,At-Large,Republican,Sindy Ramsey - Perry,358
Montgomery,Delegate,At-Large,Republican,Stacey Campfield - Gingrich,1677
Montgomery,Delegate,At-Large,Republican,Steve Allbrooks - Romney,1525
Montgomery,Delegate,At-Large,Republican,Steve Buttry - Romney,1302
Montgomery,Delegate,At-Large,Republican,Steven Warhurst - Paul,683
Montgomery,Delegate,At-Large,Republican,Susan Richardson Williams - Romney,594
Montgomery,Delegate,At-Large,Republican,Thomas Smith - Perry,269
Montgomery,Delegate,At-Large,Republican,Tiffany Ramsey Goforth - Perry,354
Montgomery,Delegate,At-Large,Republican,Tony Shipley - Gingrich,1438
Montgomery,Delegate,At-Large,Republican,Victor Ashe - Huntsman,744
Montgomery,Delegate,At-Large,Republican,Wendell Moore - Romney,1195
Montgomery,Delegate,At-Large,Republican,Willis Ayres - Gingrich,1562
Montgomery,Delegate,At-Large,Republican,Winfield Dunn - Romney,1556
Montgomery,Presidential Preference,NA,Democratic,Barack Obama,1326
Montgomery,Presidential Preference,NA,Democratic,Uncommitted,129
Montgomery,Presidential Preference,NA,Republican,"Charles ""Buddy"" Roemer",12
Montgomery,Presidential Preference,NA,Republican,Gary Johnson,6
Montgomery,Presidential Preference,NA,Republican,Jon Huntsman,20
Montgomery,Presidential Preference,NA,Republican,Michele Bachmann,32
Montgomery,Presidential Preference,NA,Republican,Mitt Romney,2741
Montgomery,Presidential Preference,NA,Republican,Newt Gingrich,2045
Montgomery,Presidential Preference,NA,Republican,Rick Perry,36
Montgomery,Presidential Preference,NA,Republican,Rick Santorum,3492
Montgomery,Presidential Preference,NA,Republican,Ron Paul,955
Montgomery,Presidential Preference,NA,Republican,Uncommitted,33
Moore,Delegate,4,Republican,Amanda Griffith - Paul,78
Moore,Delegate,4,Republican,Annette Sapp - Gingrich,191
Moore,Delegate,4,Republican,David French - Romney,99
Moore,Delegate,4,Republican,David G. Bearden - Paul,76
Moore,Delegate,4,Republican,Jason Whatley - Romney,99
Moore,Delegate,4,Republican,Kristopher D. Miller - Perry,47
Moore,Delegate,4,Republican,Mary Ellen Redford - Paul,41
Moore,Delegate,4,Republican,Nancy French - Romney,106
Moore,Delegate,4,Republican,Robert Crigger - Uncommitted,100
Moore,Delegate,4,Republican,Steven Lane - Paul,58
Moore,Delegate,4,Republican,Tommy Lee Francis - Perry,47
Moore,Delegate,At-Large,Republican,Alexander Oaks Waters - Huntsman,19
Moore,Delegate,At-Large,Republican,Andre Flanary - Paul,75
Moore,Delegate,At-Large,Republican,Beth Campbell - Romney,123
Moore,Delegate,At-Large,Republican,Brian Kelsey - Perry,29
Moore,Delegate,At-Large,Republican,C. Mack Patton - Gingrich,204
Moore,Delegate,At-Large,Republican,Crom Carmichael - Gingrich,200
Moore,Delegate,At-Large,Republican,Daniel Rawls - Paul,65
Moore,Delegate,At-Large,Republican,Donna K. Appleget - Paul,88
Moore,Delegate,At-Large,Republican,Elaine Laney Heard - Perry,57
Moore,Delegate,At-Large,Republican,Gail D. Patton - Gingrich,199
Moore,Delegate,At-Large,Republican,Gary Allen - Paul,94
Moore,Delegate,At-Large,Republican,Gary Ellis - Paul,77
Moore,Delegate,At-Large,Republican,Jason Davis - Paul,84
Moore,Delegate,At-Large,Republican,Jeff Pedigo - Paul,76
Moore,Delegate,At-Large,Republican,Jessica Frizzell - Perry,56
Moore,Delegate,At-Large,Republican,Jim Looney - Romney,105
Moore,Delegate,At-Large,Republican,Joel Crenshaw - Paul,85
Moore,Delegate,At-Large,Republican,John Crisp - Romney,102
Moore,Delegate,At-Large,Republican,John Gardner - Gingrich,210
Moore,Delegate,At-Large,Republican,John Wayne Cropp - Romney,101
Moore,Delegate,At-Large,Republican,Josh Brown - Romney,122
Moore,Delegate,At-Large,Republican,Juanita Thouin - Uncommitted,88
Moore,Delegate,At-Large,Republican,Julia Hurley - Romney,111
Moore,Delegate,At-Large,Republican,Justin Pitt - Romney,95
Moore,Delegate,At-Large,Republican,Kyle Gregory Perry - Paul,73
Moore,Delegate,At-Large,Republican,Larry Bates - Perry,52
Moore,Delegate,At-Large,Republican,Mark White - Romney,59
Moore,Delegate,At-Large,Republican,Mark Winslow - Gingrich,188
Moore,Delegate,At-Large,Republican,Martha Ruth Brown - Gingrich,205
Moore,Delegate,At-Large,Republican,Matthew Jerry Johnson - Gingrich,197
Moore,Delegate,At-Large,Republican,Matthew Smith - Perry,21
Moore,Delegate,At-Large,Republican,Randal Boyd - Romney,118
Moore,Delegate,At-Large,Republican,Rob Ailey - Romney,110
Moore,Delegate,At-Large,Republican,Robert Tyler Prince - Uncommitted,104
Moore,Delegate,At-Large,Republican,Ron Ramsey - Perry,48
Moore,Delegate,At-Large,Republican,Ronald Lanfear - Paul,71
Moore,Delegate,At-Large,Republican,Rosine Ghawji - Uncommitted,83
Moore,Delegate,At-Large,Republican,Ruth B. Hagerty - Romney,103
Moore,Delegate,At-Large,Republican,Sandy Crawford - Uncommitted,110
Moore,Delegate,At-Large,Republican,Shalia Lankford - Perry,25
Moore,Delegate,At-Large,Republican,Sindy Ramsey - Perry,31
Moore,Delegate,At-Large,Republican,Stacey Campfield - Gingrich,205
Moore,Delegate,At-Large,Republican,Steve Allbrooks - Romney,113
Moore,Delegate,At-Large,Republican,Steve Buttry - Romney,102
Moore,Delegate,At-Large,Republican,Steven Warhurst - Paul,66
Moore,Delegate,At-Large,Republican,Susan Richardson Williams - Romney,40
Moore,Delegate,At-Large,Republican,Thomas Smith - Perry,26
Moore,Delegate,At-Large,Republican,Tiffany Ramsey Goforth - Perry,61
Moore,Delegate,At-Large,Republican,Tony Shipley - Gingrich,199
Moore,Delegate,At-Large,Republican,Victor Ashe - Huntsman,22
Moore,Delegate,At-Large,Republican,Wendell Moore - Romney,110
Moore,Delegate,At-Large,Republican,Willis Ayres - Gingrich,198
Moore,Delegate,At-Large,Republican,Winfield Dunn - Romney,111
Moore,Presidential Preference,NA,Democratic,Barack Obama,34
Moore,Presidential Preference,NA,Democratic,Uncommitted,6
Moore,Presidential Preference,NA,Republican,"Charles ""Buddy"" Roemer",1
Moore,Presidential Preference,NA,Republican,Michele Bachmann,1
Moore,Presidential Preference,NA,Republican,Mitt Romney,163
Moore,Presidential Preference,NA,Republican,Newt Gingrich,207
Moore,Presidential Preference,NA,Republican,Rick Perry,1
Moore,Presidential Preference,NA,Republican,Rick Santorum,327
Moore,Presidential Preference,NA,Republican,Ron Paul,61
Moore,Presidential Preference,NA,Republican,Uncommitted,2
Morgan,Delegate,4,Republican,Amanda Griffith - Paul,157
Morgan,Delegate,4,Republican,Annette Sapp - Gingrich,312
Morgan,Delegate,4,Republican,David French - Romney,198
Morgan,Delegate,4,Republican,David G. Bearden - Paul,134
Morgan,Delegate,4,Republican,Jason Whatley - Romney,159
Morgan,Delegate,4,Republican,Kristopher D. Miller - Perry,87
Morgan,Delegate,4,Republican,Mary Ellen Redford - Paul,60
Morgan,Delegate,4,Republican,Nancy French - Romney,172
Morgan,Delegate,4,Republican,Robert Crigger - Uncommitted,176
Morgan,Delegate,4,Republican,Steven Lane - Paul,106
Morgan,Delegate,4,Republican,Tommy Lee Francis - Perry,192
Morgan,Delegate,At-Large,Republican,Alexander Oaks Waters - Huntsman,66
Morgan,Delegate,At-Large,Republican,Andre Flanary - Paul,134
Morgan,Delegate,At-Large,Republican,Beth Campbell - Romney,196
Morgan,Delegate,At-Large,Republican,Brian Kelsey - Perry,67
Morgan,Delegate,At-Large,Republican,C. Mack Patton - Gingrich,373
Morgan,Delegate,At-Large,Republican,Crom Carmichael - Gingrich,371
Morgan,Delegate,At-Large,Republican,Daniel Rawls - Paul,113
Morgan,Delegate,At-Large,Republican,Donna K. Appleget - Paul,172
Morgan,Delegate,At-Large,Republican,Elaine Laney Heard - Perry,69
Morgan,Delegate,At-Large,Republican,Gail D. Patton - Gingrich,355
Morgan,Delegate,At-Large,Republican,Gary Allen - Paul,193
Morgan,Delegate,At-Large,Republican,Gary Ellis - Paul,149
Morgan,Delegate,At-Large,Republican,Jason Davis - Paul,167
Morgan,Delegate,At-Large,Republican,Jeff Pedigo - Paul,121
Morgan,Delegate,At-Large,Republican,Jessica Frizzell - Perry,87
Morgan,Delegate,At-Large,Republican,Jim Looney - Romney,134
Morgan,Delegate,At-Large,Republican,Joel Crenshaw - Paul,155
Morgan,Delegate,At-Large,Republican,John Crisp - Romney,173
Morgan,Delegate,At-Large,Republican,John Gardner - Gingrich,391
Morgan,Delegate,At-Large,Republican,John Wayne Cropp - Romney,163
Morgan,Delegate,At-Large,Republican,Josh Brown - Romney,241
Morgan,Delegate,At-Large,Republican,Juanita Thouin - Uncommitted,138
Morgan,Delegate,At-Large,Republican,Julia Hurley - Romney,160
Morgan,Delegate,At-Large,Republican,Justin Pitt - Romney,114
Morgan,Delegate,At-Large,Republican,Kyle Gregory Perry - Paul,122
Morgan,Delegate,At-Large,Republican,Larry Bates - Perry,92
Morgan,Delegate,At-Large,Republican,Mark White - Romney,69
Morgan,Delegate,At-Large,Republican,Mark Winslow - Gingrich,345
Morgan,Delegate,At-Large,Republican,Martha Ruth Brown - Gingrich,373
Morgan,Delegate,At-Large,Republican,Matthew Jerry Johnson - Gingrich,375
Morgan,Delegate,At-Large,Republican,Matthew Smith - Perry,41
Morgan,Delegate,At-Large,Republican,Randal Boyd - Romney,239
Morgan,Delegate,At-Large,Republican,Rob Ailey - Romney,238
Morgan,Delegate,At-Large,Republican,Robert Tyler Prince - Uncommitted,194
Morgan,Delegate,At-Large,Republican,Ron Ramsey - Perry,70
Morgan,Delegate,At-Large,Republican,Ronald Lanfear - Paul,117
Morgan,Delegate,At-Large,Republican,Rosine Ghawji - Uncommitted,165
Morgan,Delegate,At-Large,Republican,Ruth B. Hagerty - Romney,159
Morgan,Delegate,At-Large,Republican,Sandy Crawford - Uncommitted,209
Morgan,Delegate,At-Large,Republican,Shalia Lankford - Perry,44
Morgan,Delegate,At-Large,Republican,Sindy Ramsey - Perry,46
Morgan,Delegate,At-Large,Republican,Stacey Campfield - Gingrich,406
Morgan,Delegate,At-Large,Republican,Steve Allbrooks - Romney,241
Morgan,Delegate,At-Large,Republican,Steve Buttry - Romney,205
Morgan,Delegate,At-Large,Republican,Steven Warhurst - Paul,116
Morgan,Delegate,At-Large,Republican,Susan Richardson Williams - Romney,79
Morgan,Delegate,At-Large,Republican,Thomas Smith - Perry,37
Morgan,Delegate,At-Large,Republican,Tiffany Ramsey Goforth - Perry,88
Morgan,Delegate,At-Large,Republican,Tony Shipley - Gingrich,354
Morgan,Delegate,At-Large,Republican,Victor Ashe - Huntsman,117
Morgan,Delegate,At-Large,Republican,Wendell Moore - Romney,143
Morgan,Delegate,At-Large,Republican,Willis Ayres - Gingrich,379
Morgan,Delegate,At-Large,Republican,Winfield Dunn - Romney,189
Morgan,Presidential Preference,NA,Democratic,Barack Obama,76
Morgan,Presidential Preference,NA,Democratic,Uncommitted,20
Morgan,Presidential Preference,NA,Republican,Gary Johnson,1
Morgan,Presidential Preference,NA,Republican,Jon Huntsman,4
Morgan,Presidential Preference,NA,Republican,Michele Bachmann,9
Morgan,Presidential Preference,NA,Republican,Mitt Romney,304
Morgan,Presidential Preference,NA,Republican,Newt Gingrich,366
Morgan,Presidential Preference,NA,Republican,Rick Perry,6
Morgan,Presidential Preference,NA,Republican,Rick Santorum,565
Morgan,Presidential Preference,NA,Republican,Ron Paul,123
Morgan,Presidential Preference,NA,Republican,Uncommitted,8
Obion,Delegate,8,Republican,Adrian Eddleman - Paul,171
Obion,Delegate,8,Republican,Betty Anderson - Romney,221
Obion,Delegate,8,Republican,Bob D. Anderson - Romney,274
Obion,Delegate,8,Republican,Emily H. Shore - Gingrich,481
Obion,Delegate,8,Republican,James William Shore - Gingrich,462
Obion,Delegate,8,Republican,Jeremie Schultz - Paul,157
Obion,Delegate,8,Republican,Jim Summerville - Perry,83
Obion,Delegate,8,Republican,Mark E. Green - Perry,93
Obion,Delegate,8,Republican,Mike Peery - Gingrich,513
Obion,Delegate,8,Republican,Oneida Wagoner - Romney,115
Obion,Delegate,8,Republican,Steve Maroney - Romney,253
Obion,Delegate,8,Republican,Ted Williams - Perry,99
Obion,Delegate,8,Republican,Tiffany Doyle - Paul,173
Obion,Delegate,At-Large,Republican,Alexander Oaks Waters - Huntsman,61
Obion,Delegate,At-Large,Republican,Andre Flanary - Paul,160
Obion,Delegate,At-Large,Republican,Beth Campbell - Romney,308
Obion,Delegate,At-Large,Republican,Brian Kelsey - Perry,131
Obion,Delegate,At-Large,Republican,C. Mack Patton - Gingrich,499
Obion,Delegate,At-Large,Republican,Crom Carmichael - Gingrich,489
Obion,Delegate,At-Large,Republican,Daniel Rawls - Paul,168
Obion,Delegate,At-Large,Republican,Donna K. Appleget - Paul,186
Obion,Delegate,At-Large,Republican,Elaine Laney Heard - Perry,161
Obion,Delegate,At-Large,Republican,Gail D. Patton - Gingrich,488
Obion,Delegate,At-Large,Republican,Gary Allen - Paul,217
Obion,Delegate,At-Large,Republican,Gary Ellis - Paul,188
Obion,Delegate,At-Large,Republican,Jason Davis - Paul,201
Obion,Delegate,At-Large,Republican,Jeff Pedigo - Paul,159
Obion,Delegate,At-Large,Republican,Jessica Frizzell - Perry,164
Obion,Delegate,At-Large,Republican,Jim Looney - Romney,259
Obion,Delegate,At-Large,Republican,Joel Crenshaw - Paul,196
Obion,Delegate,At-Large,Republican,John Crisp - Romney,278
Obion,Delegate,At-Large,Republican,John Gardner - Gingrich,517
Obion,Delegate,At-Large,Republican,John Wayne Cropp - Romney,271
Obion,Delegate,At-Large,Republican,Josh Brown - Romney,322
Obion,Delegate,At-Large,Republican,Juanita Thouin - Uncommitted,257
Obion,Delegate,At-Large,Republican,Julia Hurley - Romney,285
Obion,Delegate,At-Large,Republican,Justin Pitt - Romney,238
Obion,Delegate,At-Large,Republican,Kyle Gregory Perry - Paul,170
Obion,Delegate,At-Large,Republican,Larry Bates - Perry,180
Obion,Delegate,At-Large,Republican,Mark White - Romney,108
Obion,Delegate,At-Large,Republican,Mark Winslow - Gingrich,498
Obion,Delegate,At-Large,Republican,Martha Ruth Brown - Gingrich,503
Obion,Delegate,At-Large,Republican,Matthew Jerry Johnson - Gingrich,488
Obion,Delegate,At-Large,Republican,Matthew Smith - Perry,97
Obion,Delegate,At-Large,Republican,Randal Boyd - Romney,315
Obion,Delegate,At-Large,Republican,Rob Ailey - Romney,293
Obion,Delegate,At-Large,Republican,Robert Tyler Prince - Uncommitted,303
Obion,Delegate,At-Large,Republican,Ron Ramsey - Perry,150
Obion,Delegate,At-Large,Republican,Ronald Lanfear - Paul,159
Obion,Delegate,At-Large,Republican,Rosine Ghawji - Uncommitted,261
Obion,Delegate,At-Large,Republican,Ruth B. Hagerty - Romney,283
Obion,Delegate,At-Large,Republican,Sandy Crawford - Uncommitted,320
Obion,Delegate,At-Large,Republican,Shalia Lankford - Perry,105
Obion,Delegate,At-Large,Republican,Sindy Ramsey - Perry,109
Obion,Delegate,At-Large,Republican,Stacey Campfield - Gingrich,508
Obion,Delegate,At-Large,Republican,Steve Allbrooks - Romney,304
Obion,Delegate,At-Large,Republican,Steve Buttry - Romney,301
Obion,Delegate,At-Large,Republican,Steven Warhurst - Paul,154
Obion,Delegate,At-Large,Republican,Susan Richardson Williams - Romney,106
Obion,Delegate,At-Large,Republican,Thomas Smith - Perry,89
Obion,Delegate,At-Large,Republican,Tiffany Ramsey Goforth - Perry,158
Obion,Delegate,At-Large,Republican,Tony Shipley - Gingrich,490
Obion,Delegate,At-Large,Republican,Victor Ashe - Huntsman,71
Obion,Delegate,At-Large,Republican,Wendell Moore - Romney,268
Obion,Delegate,At-Large,Republican,Willis Ayres - Gingrich,503
Obion,Delegate,At-Large,Republican,Winfield Dunn - Romney,315
Obion,Presidential Preference,NA,Democratic,Barack Obama,169
Obion,Presidential Preference,NA,Democratic,Uncommitted,47
Obion,Presidential Preference,NA,Republican,"Charles ""Buddy"" Roemer",4
Obion,Presidential Preference,NA,Republican,Jon Huntsman,2
Obion,Presidential Preference,NA,Republican,Michele Bachmann,6
Obion,Presidential Preference,NA,Republican,Mitt Romney,463
Obion,Presidential Preference,NA,Republican,Newt Gingrich,544
Obion,Presidential Preference,NA,Republican,Rick Perry,6
Obion,Presidential Preference,NA,Republican,Rick Santorum,1154
Obion,Presidential Preference,NA,Republican,Ron Paul,139
Obion,Presidential Preference,NA,Republican,Uncommitted,7
Overton,Delegate,6,Republican,Beth Cox - Romney,171
Overton,Delegate,6,Republican,Chad White - Romney,67
Overton,Delegate,6,Republican,Christopher Stephen Hughes - Gingrich,227
Overton,Delegate,6,Republican,Debra K. Copass - Romney,102
Overton,Delegate,6,Republican,Joe Carr - Gingrich,254
Overton,Delegate,6,Republican,Justin Wax - Perry,57
Overton,Delegate,6,Republican,Mark Abbotoy - Paul,146
Overton,Delegate,6,Republican,Randy Stamps - Romney,118
Overton,Delegate,6,Republican,Sofia Carnicelli Grey - Paul,124
Overton,Delegate,6,Republican,Susan Witcher - Gingrich,118
Overton,Delegate,6,Republican,Terri Lynn Weaver - Gingrich,225
Overton,Delegate,6,Republican,Terry Barnes - Uncommitted,111
Overton,Delegate,At-Large,Republican,Alexander Oaks Waters - Huntsman,105
Overton,Delegate,At-Large,Republican,Andre Flanary - Paul,119
Overton,Delegate,At-Large,Republican,Beth Campbell - Romney,223
Overton,Delegate,At-Large,Republican,Brian Kelsey - Perry,48
Overton,Delegate,At-Large,Republican,C. Mack Patton - Gingrich,239
Overton,Delegate,At-Large,Republican,Crom Carmichael - Gingrich,226
Overton,Delegate,At-Large,Republican,Daniel Rawls - Paul,106
Overton,Delegate,At-Large,Republican,Donna K. Appleget - Paul,155
Overton,Delegate,At-Large,Republican,Elaine Laney Heard - Perry,46
Overton,Delegate,At-Large,Republican,Gail D. Patton - Gingrich,269
Overton,Delegate,At-Large,Republican,Gary Allen - Paul,200
Overton,Delegate,At-Large,Republican,Gary Ellis - Paul,155
Overton,Delegate,At-Large,Republican,Jason Davis - Paul,153
Overton,Delegate,At-Large,Republican,Jeff Pedigo - Paul,147
Overton,Delegate,At-Large,Republican,Jessica Frizzell - Perry,64
Overton,Delegate,At-Large,Republican,Jim Looney - Romney,159
Overton,Delegate,At-Large,Republican,Joel Crenshaw - Paul,132
Overton,Delegate,At-Large,Republican,John Crisp - Romney,189
Overton,Delegate,At-Large,Republican,John Gardner - Gingrich,292
Overton,Delegate,At-Large,Republican,John Wayne Cropp - Romney,169
Overton,Delegate,At-Large,Republican,Josh Brown - Romney,206
Overton,Delegate,At-Large,Republican,Juanita Thouin - Uncommitted,79
Overton,Delegate,At-Large,Republican,Julia Hurley - Romney,174
Overton,Delegate,At-Large,Republican,Justin Pitt - Romney,122
Overton,Delegate,At-Large,Republican,Kyle Gregory Perry - Paul,118
Overton,Delegate,At-Large,Republican,Larry Bates - Perry,77
Overton,Delegate,At-Large,Republican,Mark White - Romney,196
Overton,Delegate,At-Large,Republican,Mark Winslow - Gingrich,221
Overton,Delegate,At-Large,Republican,Martha Ruth Brown - Gingrich,296
Overton,Delegate,At-Large,Republican,Matthew Jerry Johnson - Gingrich,259
Overton,Delegate,At-Large,Republican,Matthew Smith - Perry,73
Overton,Delegate,At-Large,Republican,Randal Boyd - Romney,191
Overton,Delegate,At-Large,Republican,Rob Ailey - Romney,180
Overton,Delegate,At-Large,Republican,Robert Tyler Prince - Uncommitted,101
Overton,Delegate,At-Large,Republican,Ron Ramsey - Perry,165
Overton,Delegate,At-Large,Republican,Ronald Lanfear - Paul,120
Overton,Delegate,At-Large,Republican,Rosine Ghawji - Uncommitted,90
Overton,Delegate,At-Large,Republican,Ruth B. Hagerty - Romney,155
Overton,Delegate,At-Large,Republican,Sandy Crawford - Uncommitted,136
Overton,Delegate,At-Large,Republican,Shalia Lankford - Perry,38
Overton,Delegate,At-Large,Republican,Sindy Ramsey - Perry,58
Overton,Delegate,At-Large,Republican,Stacey Campfield - Gingrich,271
Overton,Delegate,At-Large,Republican,Steve Allbrooks - Romney,185
Overton,Delegate,At-Large,Republican,Steve Buttry - Romney,171
Overton,Delegate,At-Large,Republican,Steven Warhurst - Paul,97
Overton,Delegate,At-Large,Republican,Susan Richardson Williams - Romney,75
Overton,Delegate,At-Large,Republican,Thomas Smith - Perry,59
Overton,Delegate,At-Large,Republican,Tiffany Ramsey Goforth - Perry,58
Overton,Delegate,At-Large,Republican,Tony Shipley - Gingrich,228
Overton,Delegate,At-Large,Republican,Victor Ashe - Huntsman,125
Overton,Delegate,At-Large,Republican,Wendell Moore - Romney,160
Overton,Delegate,At-Large,Republican,Willis Ayres - Gingrich,241
Overton,Delegate,At-Large,Republican,Winfield Dunn - Romney,200
Overton,Presidential Preference,NA,Democratic,Barack Obama,844
Overton,Presidential Preference,NA,Democratic,Uncommitted,270
Overton,Presidential Preference,NA,Republican,"Charles ""Buddy"" Roemer",6
Overton,Presidential Preference,NA,Republican,Gary Johnson,4
Overton,Presidential Preference,NA,Republican,Jon Huntsman,2
Overton,Presidential Preference,NA,Republican,Michele Bachmann,7
Overton,Presidential Preference,NA,Republican,Mitt Romney,427
Overton,Presidential Preference,NA,Republican,Newt Gingrich,406
Overton,Presidential Preference,NA,Republican,Rick Perry,21
Overton,Presidential Preference,NA,Republican,Rick Santorum,945
Overton,Presidential Preference,NA,Republican,Ron Paul,164
Overton,Presidential Preference,NA,Republican,Uncommitted,20
Perry,Delegate,7,Republican,Ammon Smartt - Romney,28
Perry,Delegate,7,Republican,Barrett Rich - Romney,30
Perry,Delegate,7,Republican,Corey M. Stockman - Paul,43
Perry,Delegate,7,Republican,Gary Shane Goolsby - Paul,42
Perry,Delegate,7,Republican,John Elkington - Perry,9
Perry,Delegate,7,Republican,Kenny Crenshaw - Paul,49
Perry,Delegate,7,Republican,"Martha ""Jane"" Pleasant - Gingrich",45
Perry,Delegate,7,Republican,Mary Kate Brown - Romney,38
Perry,Delegate,7,Republican,Monty Lankford - Perry,14
Perry,Delegate,7,Republican,Reta Galbraith - Gingrich,49
Perry,Delegate,7,Republican,"W.C. ""Bubba"" Pleasant - Gingrich",47
Perry,Delegate,At-Large,Republican,Alexander Oaks Waters - Huntsman,18
Perry,Delegate,At-Large,Republican,Andre Flanary - Paul,48
Perry,Delegate,At-Large,Republican,Beth Campbell - Romney,57
Perry,Delegate,At-Large,Republican,Brian Kelsey - Perry,9
Perry,Delegate,At-Large,Republican,C. Mack Patton - Gingrich,52
Perry,Delegate,At-Large,Republican,Crom Carmichael - Gingrich,51
Perry,Delegate,At-Large,Republican,Daniel Rawls - Paul,38
Perry,Delegate,At-Large,Republican,Donna K. Appleget - Paul,54
Perry,Delegate,At-Large,Republican,Elaine Laney Heard - Perry,11
Perry,Delegate,At-Large,Republican,Gail D. Patton - Gingrich,62
Perry,Delegate,At-Large,Republican,Gary Allen - Paul,59
Perry,Delegate,At-Large,Republican,Gary Ellis - Paul,47
Perry,Delegate,At-Large,Republican,Jason Davis - Paul,52
Perry,Delegate,At-Large,Republican,Jeff Pedigo - Paul,47
Perry,Delegate,At-Large,Republican,Jessica Frizzell - Perry,10
Perry,Delegate,At-Large,Republican,Jim Looney - Romney,47
Perry,Delegate,At-Large,Republican,Joel Crenshaw - Paul,49
Perry,Delegate,At-Large,Republican,John Crisp - Romney,54
Perry,Delegate,At-Large,Republican,John Gardner - Gingrich,58
Perry,Delegate,At-Large,Republican,John Wayne Cropp - Romney,54
Perry,Delegate,At-Large,Republican,Josh Brown - Romney,56
Perry,Delegate,At-Large,Republican,Juanita Thouin - Uncommitted,25
Perry,Delegate,At-Large,Republican,Julia Hurley - Romney,49
Perry,Delegate,At-Large,Republican,Justin Pitt - Romney,44
Perry,Delegate,At-Large,Republican,Kyle Gregory Perry - Paul,39
Perry,Delegate,At-Large,Republican,Larry Bates - Perry,12
Perry,Delegate,At-Large,Republican,Mark White - Romney,27
Perry,Delegate,At-Large,Republican,Mark Winslow - Gingrich,43
Perry,Delegate,At-Large,Republican,Martha Ruth Brown - Gingrich,65
Perry,Delegate,At-Large,Republican,Matthew Jerry Johnson - Gingrich,53
Perry,Delegate,At-Large,Republican,Matthew Smith - Perry,8
Perry,Delegate,At-Large,Republican,Randal Boyd - Romney,54
Perry,Delegate,At-Large,Republican,Rob Ailey - Romney,55
Perry,Delegate,At-Large,Republican,Robert Tyler Prince - Uncommitted,34
Perry,Delegate,At-Large,Republican,Ron Ramsey - Perry,17
Perry,Delegate,At-Large,Republican,Ronald Lanfear - Paul,44
Perry,Delegate,At-Large,Republican,Rosine Ghawji - Uncommitted,26
Perry,Delegate,At-Large,Republican,Ruth B. Hagerty - Romney,50
Perry,Delegate,At-Large,Republican,Sandy Crawford - Uncommitted,35
Perry,Delegate,At-Large,Republican,Shalia Lankford - Perry,7
Perry,Delegate,At-Large,Republican,Sindy Ramsey - Perry,8
Perry,Delegate,At-Large,Republican,Stacey Campfield - Gingrich,58
Perry,Delegate,At-Large,Republican,Steve Allbrooks - Romney,56
Perry,Delegate,At-Large,Republican,Steve Buttry - Romney,48
Perry,Delegate,At-Large,Republican,Steven Warhurst - Paul,39
Perry,Delegate,At-Large,Republican,Susan Richardson Williams - Romney,29
Perry,Delegate,At-Large,Republican,Thomas Smith - Perry,8
Perry,Delegate,At-Large,Republican,Tiffany Ramsey Goforth - Perry,10
Perry,Delegate,At-Large,Republican,Tony Shipley - Gingrich,43
Perry,Delegate,At-Large,Republican,Victor Ashe - Huntsman,20
Perry,Delegate,At-Large,Republican,Wendell Moore - Romney,47
Perry,Delegate,At-Large,Republican,Willis Ayres - Gingrich,57
Perry,Delegate,At-Large,Republican,Winfield Dunn - Romney,62
Perry,Presidential Preference,NA,Democratic,Barack Obama,61
Perry,Presidential Preference,NA,Democratic,Uncommitted,9
Perry,Presidential Preference,NA,Republican,"Charles ""Buddy"" Roemer",1
Perry,Presidential Preference,NA,Republican,Michele Bachmann,1
Perry,Presidential Preference,NA,Republican,Mitt Romney,135
Perry,Presidential Preference,NA,Republican,Newt Gingrich,110
Perry,Presidential Preference,NA,Republican,Rick Perry,3
Perry,Presidential Preference,NA,Republican,Rick Santorum,212
Perry,Presidential Preference,NA,Republican,Ron Paul,73
Perry,Presidential Preference,NA,Republican,Uncommitted,3
Pickett,Delegate,4,Republican,Amanda Griffith - Paul,101
Pickett,Delegate,4,Republican,Annette Sapp - Gingrich,212
Pickett,Delegate,4,Republican,David French - Romney,165
Pickett,Delegate,4,Republican,David G. Bearden - Paul,78
Pickett,Delegate,4,Republican,Jason Whatley - Romney,163
Pickett,Delegate,4,Republican,Kristopher D. Miller - Perry,81
Pickett,Delegate,4,Republican,Mary Ellen Redford - Paul,60
Pickett,Delegate,4,Republican,Nancy French - Romney,169
Pickett,Delegate,4,Republican,Robert Crigger - Uncommitted,129
Pickett,Delegate,4,Republican,Steven Lane - Paul,81
Pickett,Delegate,4,Republican,Tommy Lee Francis - Perry,96
Pickett,Delegate,At-Large,Republican,Alexander Oaks Waters - Huntsman,36
Pickett,Delegate,At-Large,Republican,Andre Flanary - Paul,71
Pickett,Delegate,At-Large,Republican,Beth Campbell - Romney,161
Pickett,Delegate,At-Large,Republican,Brian Kelsey - Perry,63
Pickett,Delegate,At-Large,Republican,C. Mack Patton - Gingrich,213
Pickett,Delegate,At-Large,Republican,Crom Carmichael - Gingrich,213
Pickett,Delegate,At-Large,Republican,Daniel Rawls - Paul,68
Pickett,Delegate,At-Large,Republican,Donna K. Appleget - Paul,106
Pickett,Delegate,At-Large,Republican,Elaine Laney Heard - Perry,81
Pickett,Delegate,At-Large,Republican,Gail D. Patton - Gingrich,212
Pickett,Delegate,At-Large,Republican,Gary Allen - Paul,118
Pickett,Delegate,At-Large,Republican,Gary Ellis - Paul,75
Pickett,Delegate,At-Large,Republican,Jason Davis - Paul,90
Pickett,Delegate,At-Large,Republican,Jeff Pedigo - Paul,66
Pickett,Delegate,At-Large,Republican,Jessica Frizzell - Perry,76
Pickett,Delegate,At-Large,Republican,Jim Looney - Romney,147
Pickett,Delegate,At-Large,Republican,Joel Crenshaw - Paul,97
Pickett,Delegate,At-Large,Republican,John Crisp - Romney,155
Pickett,Delegate,At-Large,Republican,John Gardner - Gingrich,228
Pickett,Delegate,At-Large,Republican,John Wayne Cropp - Romney,153
Pickett,Delegate,At-Large,Republican,Josh Brown - Romney,173
Pickett,Delegate,At-Large,Republican,Juanita Thouin - Uncommitted,124
Pickett,Delegate,At-Large,Republican,Julia Hurley - Romney,146
Pickett,Delegate,At-Large,Republican,Justin Pitt - Romney,132
Pickett,Delegate,At-Large,Republican,Kyle Gregory Perry - Paul,73
Pickett,Delegate,At-Large,Republican,Larry Bates - Perry,76
Pickett,Delegate,At-Large,Republican,Mark White - Romney,88
Pickett,Delegate,At-Large,Republican,Mark Winslow - Gingrich,207
Pickett,Delegate,At-Large,Republican,Martha Ruth Brown - Gingrich,229
Pickett,Delegate,At-Large,Republican,Matthew Jerry Johnson - Gingrich,216
Pickett,Delegate,At-Large,Republican,Matthew Smith - Perry,60
Pickett,Delegate,At-Large,Republican,Randal Boyd - Romney,149
Pickett,Delegate,At-Large,Republican,Rob Ailey - Romney,138
Pickett,Delegate,At-Large,Republican,Robert Tyler Prince - Uncommitted,128
Pickett,Delegate,At-Large,Republican,Ron Ramsey - Perry,84
Pickett,Delegate,At-Large,Republican,Ronald Lanfear - Paul,68
Pickett,Delegate,At-Large,Republican,Rosine Ghawji - Uncommitted,125
Pickett,Delegate,At-Large,Republican,Ruth B. Hagerty - Romney,151
Pickett,Delegate,At-Large,Republican,Sandy Crawford - Uncommitted,124
Pickett,Delegate,At-Large,Republican,Shalia Lankford - Perry,54
Pickett,Delegate,At-Large,Republican,Sindy Ramsey - Perry,55
Pickett,Delegate,At-Large,Republican,Stacey Campfield - Gingrich,228
Pickett,Delegate,At-Large,Republican,Steve Allbrooks - Romney,150
Pickett,Delegate,At-Large,Republican,Steve Buttry - Romney,147
Pickett,Delegate,At-Large,Republican,Steven Warhurst - Paul,60
Pickett,Delegate,At-Large,Republican,Susan Richardson Williams - Romney,76
Pickett,Delegate,At-Large,Republican,Thomas Smith - Perry,48
Pickett,Delegate,At-Large,Republican,Tiffany Ramsey Goforth - Perry,72
Pickett,Delegate,At-Large,Republican,Tony Shipley - Gingrich,218
Pickett,Delegate,At-Large,Republican,Victor Ashe - Huntsman,52
Pickett,Delegate,At-Large,Republican,Wendell Moore - Romney,144
Pickett,Delegate,At-Large,Republican,Willis Ayres - Gingrich,224
Pickett,Delegate,At-Large,Republican,Winfield Dunn - Romney,165
Pickett,Presidential Preference,NA,Democratic,Barack Obama,23
Pickett,Presidential Preference,NA,Democratic,Uncommitted,1
Pickett,Presidential Preference,NA,Republican,"Charles ""Buddy"" Roemer",4
Pickett,Presidential Preference,NA,Republican,Gary Johnson,2
Pickett,Presidential Preference,NA,Republican,Jon Huntsman,2
Pickett,Presidential Preference,NA,Republican,Michele Bachmann,3
Pickett,Presidential Preference,NA,Republican,Mitt Romney,228
Pickett,Presidential Preference,NA,Republican,Newt Gingrich,256
Pickett,Presidential Preference,NA,Republican,Rick Perry,7
Pickett,Presidential Preference,NA,Republican,Rick Santorum,441
Pickett,Presidential Preference,NA,Republican,Ron Paul,60
Pickett,Presidential Preference,NA,Republican,Uncommitted,18
Polk,Delegate,3,Republican,Barbara Dallanegra - Paul,133
Polk,Delegate,3,Republican,Bobby Wood - Gingrich,342
Polk,Delegate,3,Republican,Daniel Appleget - Paul,137
Polk,Delegate,3,Republican,Emily Beaty - Romney,171
Polk,Delegate,3,Republican,Hobart L. Rice - Romney,68
Polk,Delegate,3,Republican,J.B. Underwood - Paul,130
Polk,Delegate,3,Republican,Jeanne E. Wood - Gingrich,315
Polk,Delegate,3,Republican,Jennifer Inman Little - Romney,149
Polk,Delegate,3,Republican,John S. Stanbery - Gingrich,389
Polk,Delegate,3,Republican,Milan M. Blake - Perry,35
Polk,Delegate,3,Republican,Oscar Brock - Romney,139
Polk,Delegate,3,Republican,Teresa Wood - Gingrich,103
Polk,Delegate,At-Large,Republican,Alexander Oaks Waters - Huntsman,70
Polk,Delegate,At-Large,Republican,Andre Flanary - Paul,164
Polk,Delegate,At-Large,Republican,Beth Campbell - Romney,195
Polk,Delegate,At-Large,Republican,Brian Kelsey - Perry,57
Polk,Delegate,At-Large,Republican,C. Mack Patton - Gingrich,434
Polk,Delegate,At-Large,Republican,Crom Carmichael - Gingrich,438
Polk,Delegate,At-Large,Republican,Daniel Rawls - Paul,159
Polk,Delegate,At-Large,Republican,Donna K. Appleget - Paul,227
Polk,Delegate,At-Large,Republican,Elaine Laney Heard - Perry,76
Polk,Delegate,At-Large,Republican,Gail D. Patton - Gingrich,428
Polk,Delegate,At-Large,Republican,Gary Allen - Paul,238
Polk,Delegate,At-Large,Republican,Gary Ellis - Paul,186
Polk,Delegate,At-Large,Republican,Jason Davis - Paul,218
Polk,Delegate,At-Large,Republican,Jeff Pedigo - Paul,160
Polk,Delegate,At-Large,Republican,Jessica Frizzell - Perry,100
Polk,Delegate,At-Large,Republican,Jim Looney - Romney,141
Polk,Delegate,At-Large,Republican,Joel Crenshaw - Paul,212
Polk,Delegate,At-Large,Republican,John Crisp - Romney,165
Polk,Delegate,At-Large,Republican,John Gardner - Gingrich,438
Polk,Delegate,At-Large,Republican,John Wayne Cropp - Romney,163
Polk,Delegate,At-Large,Republican,Josh Brown - Romney,217
Polk,Delegate,At-Large,Republican,Juanita Thouin - Uncommitted,134
Polk,Delegate,At-Large,Republican,Julia Hurley - Romney,154
Polk,Delegate,At-Large,Republican,Justin Pitt - Romney,120
Polk,Delegate,At-Large,Republican,Kyle Gregory Perry - Paul,161
Polk,Delegate,At-Large,Republican,Larry Bates - Perry,101
Polk,Delegate,At-Large,Republican,Mark White - Romney,60
Polk,Delegate,At-Large,Republican,Mark Winslow - Gingrich,423
Polk,Delegate,At-Large,Republican,Martha Ruth Brown - Gingrich,462
Polk,Delegate,At-Large,Republican,Matthew Jerry Johnson - Gingrich,436
Polk,Delegate,At-Large,Republican,Matthew Smith - Perry,50
Polk,Delegate,At-Large,Republican,Randal Boyd - Romney,229
Polk,Delegate,At-Large,Republican,Rob Ailey - Romney,229
Polk,Delegate,At-Large,Republican,Robert Tyler Prince - Uncommitted,179
Polk,Delegate,At-Large,Republican,Ron Ramsey - Perry,58
Polk,Delegate,At-Large,Republican,Ronald Lanfear - Paul,163
Polk,Delegate,At-Large,Republican,Rosine Ghawji - Uncommitted,166
Polk,Delegate,At-Large,Republican,Ruth B. Hagerty - Romney,156
Polk,Delegate,At-Large,Republican,Sandy Crawford - Uncommitted,199
Polk,Delegate,At-Large,Republican,Shalia Lankford - Perry,53
Polk,Delegate,At-Large,Republican,Sindy Ramsey - Perry,46
Polk,Delegate,At-Large,Republican,Stacey Campfield - Gingrich,463
Polk,Delegate,At-Large,Republican,Steve Allbrooks - Romney,237
Polk,Delegate,At-Large,Republican,Steve Buttry - Romney,192
Polk,Delegate,At-Large,Republican,Steven Warhurst - Paul,146
Polk,Delegate,At-Large,Republican,Susan Richardson Williams - Romney,64
Polk,Delegate,At-Large,Republican,Thomas Smith - Perry,44
Polk,Delegate,At-Large,Republican,Tiffany Ramsey Goforth - Perry,101
Polk,Delegate,At-Large,Republican,Tony Shipley - Gingrich,425
Polk,Delegate,At-Large,Republican,Victor Ashe - Huntsman,86
Polk,Delegate,At-Large,Republican,Wendell Moore - Romney,142
Polk,Delegate,At-Large,Republican,Willis Ayres - Gingrich,468
Polk,Delegate,At-Large,Republican,Winfield Dunn - Romney,165
Polk,Presidential Preference,NA,Democratic,Barack Obama,711
Polk,Presidential Preference,NA,Democratic,Uncommitted,300
Polk,Presidential Preference,NA,Republican,"Charles ""Buddy"" Roemer",3
Polk,Presidential Preference,NA,Republican,Jon Huntsman,5
Polk,Presidential Preference,NA,Republican,Michele Bachmann,11
Polk,Presidential Preference,NA,Republican,Mitt Romney,280
Polk,Presidential Preference,NA,Republican,Newt Gingrich,437
Polk,Presidential Preference,NA,Republican,Rick Perry,6
Polk,Presidential Preference,NA,Republican,Rick Santorum,429
Polk,Presidential Preference,NA,Republican,Ron Paul,152
Polk,Presidential Preference,NA,Republican,Uncommitted,12
Putnam,Delegate,6,Republican,Beth Cox - Romney,634
Putnam,Delegate,6,Republican,Chad White - Romney,344
Putnam,Delegate,6,Republican,Christopher Stephen Hughes - Gingrich,743
Putnam,Delegate,6,Republican,Debra K. Copass - Romney,453
Putnam,Delegate,6,Republican,Joe Carr - Gingrich,856
Putnam,Delegate,6,Republican,Justin Wax - Perry,185
Putnam,Delegate,6,Republican,Mark Abbotoy - Paul,503
Putnam,Delegate,6,Republican,Randy Stamps - Romney,582
Putnam,Delegate,6,Republican,Sofia Carnicelli Grey - Paul,449
Putnam,Delegate,6,Republican,Susan Witcher - Gingrich,393
Putnam,Delegate,6,Republican,Terri Lynn Weaver - Gingrich,843
Putnam,Delegate,6,Republican,Terry Barnes - Uncommitted,368
Putnam,Delegate,At-Large,Republican,Alexander Oaks Waters - Huntsman,358
Putnam,Delegate,At-Large,Republican,Andre Flanary - Paul,440
Putnam,Delegate,At-Large,Republican,Beth Campbell - Romney,871
Putnam,Delegate,At-Large,Republican,Brian Kelsey - Perry,173
Putnam,Delegate,At-Large,Republican,C. Mack Patton - Gingrich,889
Putnam,Delegate,At-Large,Republican,Crom Carmichael - Gingrich,824
Putnam,Delegate,At-Large,Republican,Daniel Rawls - Paul,409
Putnam,Delegate,At-Large,Republican,Donna K. Appleget - Paul,562
Putnam,Delegate,At-Large,Republican,Elaine Laney Heard - Perry,200
Putnam,Delegate,At-Large,Republican,Gail D. Patton - Gingrich,927
Putnam,Delegate,At-Large,Republican,Gary Allen - Paul,678
Putnam,Delegate,At-Large,Republican,Gary Ellis - Paul,538
Putnam,Delegate,At-Large,Republican,Jason Davis - Paul,553
Putnam,Delegate,At-Large,Republican,Jeff Pedigo - Paul,519
Putnam,Delegate,At-Large,Republican,Jessica Frizzell - Perry,233
Putnam,Delegate,At-Large,Republican,Jim Looney - Romney,647
Putnam,Delegate,At-Large,Republican,Joel Crenshaw - Paul,511
Putnam,Delegate,At-Large,Republican,John Crisp - Romney,769
Putnam,Delegate,At-Large,Republican,John Gardner - Gingrich,1009
Putnam,Delegate,At-Large,Republican,John Wayne Cropp - Romney,736
Putnam,Delegate,At-Large,Republican,Josh Brown - Romney,840
Putnam,Delegate,At-Large,Republican,Juanita Thouin - Uncommitted,323
Putnam,Delegate,At-Large,Republican,Julia Hurley - Romney,692
Putnam,Delegate,At-Large,Republican,Justin Pitt - Romney,573
Putnam,Delegate,At-Large,Republican,Kyle Gregory Perry - Paul,451
Putnam,Delegate,At-Large,Republican,Larry Bates - Perry,254
Putnam,Delegate,At-Large,Republican,Mark White - Romney,381
Putnam,Delegate,At-Large,Republican,Mark Winslow - Gingrich,788
Putnam,Delegate,At-Large,Republican,Martha Ruth Brown - Gingrich,1028
Putnam,Delegate,At-Large,Republican,Matthew Jerry Johnson - Gingrich,899
Putnam,Delegate,At-Large,Republican,Matthew Smith - Perry,201
Putnam,Delegate,At-Large,Republican,Randal Boyd - Romney,821
Putnam,Delegate,At-Large,Republican,Rob Ailey - Romney,770
Putnam,Delegate,At-Large,Republican,Robert Tyler Prince - Uncommitted,409
Putnam,Delegate,At-Large,Republican,Ron Ramsey - Perry,424
Putnam,Delegate,At-Large,Republican,Ronald Lanfear - Paul,448
Putnam,Delegate,At-Large,Republican,Rosine Ghawji - Uncommitted,345
Putnam,Delegate,At-Large,Republican,Ruth B. Hagerty - Romney,680
Putnam,Delegate,At-Large,Republican,Sandy Crawford - Uncommitted,477
Putnam,Delegate,At-Large,Republican,Shalia Lankford - Perry,171
Putnam,Delegate,At-Large,Republican,Sindy Ramsey - Perry,192
Putnam,Delegate,At-Large,Republican,Stacey Campfield - Gingrich,908
Putnam,Delegate,At-Large,Republican,Steve Allbrooks - Romney,781
Putnam,Delegate,At-Large,Republican,Steve Buttry - Romney,741
Putnam,Delegate,At-Large,Republican,Steven Warhurst - Paul,367
Putnam,Delegate,At-Large,Republican,Susan Richardson Williams - Romney,328
Putnam,Delegate,At-Large,Republican,Thomas Smith - Perry,174
Putnam,Delegate,At-Large,Republican,Tiffany Ramsey Goforth - Perry,203
Putnam,Delegate,At-Large,Republican,Tony Shipley - Gingrich,857
Putnam,Delegate,At-Large,Republican,Victor Ashe - Huntsman,427
Putnam,Delegate,At-Large,Republican,Wendell Moore - Romney,661
Putnam,Delegate,At-Large,Republican,Willis Ayres - Gingrich,896
Putnam,Delegate,At-Large,Republican,Winfield Dunn - Romney,890
Putnam,Presidential Preference,NA,Democratic,Barack Obama,1119
Putnam,Presidential Preference,NA,Democratic,Uncommitted,526
Putnam,Presidential Preference,NA,Republican,"Charles ""Buddy"" Roemer",7
Putnam,Presidential Preference,NA,Republican,Gary Johnson,7
Putnam,Presidential Preference,NA,Republican,Jon Huntsman,6
Putnam,Presidential Preference,NA,Republican,Michele Bachmann,11
Putnam,Presidential Preference,NA,Republican,Mitt Romney,1493
Putnam,Presidential Preference,NA,Republican,Newt Gingrich,1203
Putnam,Presidential Preference,NA,Republican,Rick Perry,22
Putnam,Presidential Preference,NA,Republican,Rick Santorum,2468
Putnam,Presidential Preference,NA,Republican,Ron Paul,528
Putnam,Presidential Preference,NA,Republican,Uncommitted,8
Rhea,Public Defender,12,Democratic,Jeff Harmon,303
Rhea,Delegate,3,Republican,Barbara Dallanegra - Paul,348
Rhea,Delegate,3,Republican,Bobby Wood - Gingrich,714
Rhea,Delegate,3,Republican,Daniel Appleget - Paul,359
Rhea,Delegate,3,Republican,Emily Beaty - Romney,414
Rhea,Delegate,3,Republican,Hobart L. Rice - Romney,177
Rhea,Delegate,3,Republican,J.B. Underwood - Paul,347
Rhea,Delegate,3,Republican,Jeanne E. Wood - Gingrich,607
Rhea,Delegate,3,Republican,Jennifer Inman Little - Romney,377
Rhea,Delegate,3,Republican,John S. Stanbery - Gingrich,721
Rhea,Delegate,3,Republican,Milan M. Blake - Perry,104
Rhea,Delegate,3,Republican,Oscar Brock - Romney,392
Rhea,Delegate,3,Republican,Teresa Wood - Gingrich,246
Rhea,Delegate,At-Large,Republican,Alexander Oaks Waters - Huntsman,130
Rhea,Delegate,At-Large,Republican,Andre Flanary - Paul,398
Rhea,Delegate,At-Large,Republican,Beth Campbell - Romney,517
Rhea,Delegate,At-Large,Republican,Brian Kelsey - Perry,120
Rhea,Delegate,At-Large,Republican,C. Mack Patton - Gingrich,803
Rhea,Delegate,At-Large,Republican,Crom Carmichael - Gingrich,826
Rhea,Delegate,At-Large,Republican,Daniel Rawls - Paul,375
Rhea,Delegate,At-Large,Republican,Donna K. Appleget - Paul,527
Rhea,Delegate,At-Large,Republican,Elaine Laney Heard - Perry,162
Rhea,Delegate,At-Large,Republican,Gail D. Patton - Gingrich,814
Rhea,Delegate,At-Large,Republican,Gary Allen - Paul,540
Rhea,Delegate,At-Large,Republican,Gary Ellis - Paul,444
Rhea,Delegate,At-Large,Republican,Jason Davis - Paul,482
Rhea,Delegate,At-Large,Republican,Jeff Pedigo - Paul,390
Rhea,Delegate,At-Large,Republican,Jessica Frizzell - Perry,195
Rhea,Delegate,At-Large,Republican,Jim Looney - Romney,384
Rhea,Delegate,At-Large,Republican,Joel Crenshaw - Paul,481
Rhea,Delegate,At-Large,Republican,John Crisp - Romney,490
Rhea,Delegate,At-Large,Republican,John Gardner - Gingrich,851
Rhea,Delegate,At-Large,Republican,John Wayne Cropp - Romney,461
Rhea,Delegate,At-Large,Republican,Josh Brown - Romney,598
Rhea,Delegate,At-Large,Republican,Juanita Thouin - Uncommitted,322
Rhea,Delegate,At-Large,Republican,Julia Hurley - Romney,402
Rhea,Delegate,At-Large,Republican,Justin Pitt - Romney,334
Rhea,Delegate,At-Large,Republican,Kyle Gregory Perry - Paul,406
Rhea,Delegate,At-Large,Republican,Larry Bates - Perry,201
Rhea,Delegate,At-Large,Republican,Mark White - Romney,192
Rhea,Delegate,At-Large,Republican,Mark Winslow - Gingrich,773
Rhea,Delegate,At-Large,Republican,Martha Ruth Brown - Gingrich,888
Rhea,Delegate,At-Large,Republican,Matthew Jerry Johnson - Gingrich,826
Rhea,Delegate,At-Large,Republican,Matthew Smith - Perry,103
Rhea,Delegate,At-Large,Republican,Randal Boyd - Romney,623
Rhea,Delegate,At-Large,Republican,Rob Ailey - Romney,618
Rhea,Delegate,At-Large,Republican,Robert Tyler Prince - Uncommitted,425
Rhea,Delegate,At-Large,Republican,Ron Ramsey - Perry,136
Rhea,Delegate,At-Large,Republican,Ronald Lanfear - Paul,397
Rhea,Delegate,At-Large,Republican,Rosine Ghawji - Uncommitted,369
Rhea,Delegate,At-Large,Republican,Ruth B. Hagerty - Romney,408
Rhea,Delegate,At-Large,Republican,Sandy Crawford - Uncommitted,492
Rhea,Delegate,At-Large,Republican,Shalia Lankford - Perry,111
Rhea,Delegate,At-Large,Republican,Sindy Ramsey - Perry,108
Rhea,Delegate,At-Large,Republican,Stacey Campfield - Gingrich,886
Rhea,Delegate,At-Large,Republican,Steve Allbrooks - Romney,624
Rhea,Delegate,At-Large,Republican,Steve Buttry - Romney,508
Rhea,Delegate,At-Large,Republican,Steven Warhurst - Paul,366
Rhea,Delegate,At-Large,Republican,Susan Richardson Williams - Romney,213
Rhea,Delegate,At-Large,Republican,Thomas Smith - Perry,94
Rhea,Delegate,At-Large,Republican,Tiffany Ramsey Goforth - Perry,194
Rhea,Delegate,At-Large,Republican,Tony Shipley - Gingrich,795
Rhea,Delegate,At-Large,Republican,Victor Ashe - Huntsman,158
Rhea,Delegate,At-Large,Republican,Wendell Moore - Romney,367
Rhea,Delegate,At-Large,Republican,Willis Ayres - Gingrich,881
Rhea,Delegate,At-Large,Republican,Winfield Dunn - Romney,480
Rhea,Presidential Preference,NA,Democratic,Barack Obama,288
Rhea,Presidential Preference,NA,Democratic,Uncommitted,85
Rhea,Presidential Preference,NA,Republican,"Charles ""Buddy"" Roemer",4
Rhea,Presidential Preference,NA,Republican,Gary Johnson,3
Rhea,Presidential Preference,NA,Republican,Jon Huntsman,16
Rhea,Presidential Preference,NA,Republican,Michele Bachmann,34
Rhea,Presidential Preference,NA,Republican,Mitt Romney,804
Rhea,Presidential Preference,NA,Republican,Newt Gingrich,974
Rhea,Presidential Preference,NA,Republican,Rick Perry,19
Rhea,Presidential Preference,NA,Republican,Rick Santorum,1359
Rhea,Presidential Preference,NA,Republican,Ron Paul,419
Rhea,Presidential Preference,NA,Republican,Uncommitted,45
Roane,Delegate,3,Republican,Barbara Dallanegra - Paul,120
Roane,Delegate,3,Republican,Bobby Wood - Gingrich,216
Roane,Delegate,3,Republican,Daniel Appleget - Paul,129
Roane,Delegate,3,Republican,Emily Beaty - Romney,228
Roane,Delegate,3,Republican,Hobart L. Rice - Romney,100
Roane,Delegate,3,Republican,J.B. Underwood - Paul,129
Roane,Delegate,3,Republican,Jeanne E. Wood - Gingrich,201
Roane,Delegate,3,Republican,Jennifer Inman Little - Romney,234
Roane,Delegate,3,Republican,John S. Stanbery - Gingrich,233
Roane,Delegate,3,Republican,Milan M. Blake - Perry,39
Roane,Delegate,3,Republican,Oscar Brock - Romney,210
Roane,Delegate,3,Republican,Teresa Wood - Gingrich,79
Roane,Delegate,4,Republican,Amanda Griffith - Paul,432
Roane,Delegate,4,Republican,Annette Sapp - Gingrich,892
Roane,Delegate,4,Republican,David French - Romney,779
Roane,Delegate,4,Republican,David G. Bearden - Paul,420
Roane,Delegate,4,Republican,Jason Whatley - Romney,692
Roane,Delegate,4,Republican,Kristopher D. Miller - Perry,254
Roane,Delegate,4,Republican,Mary Ellen Redford - Paul,186
Roane,Delegate,4,Republican,Nancy French - Romney,725
Roane,Delegate,4,Republican,Robert Crigger - Uncommitted,499
Roane,Delegate,4,Republican,Steven Lane - Paul,308
Roane,Delegate,4,Republican,Tommy Lee Francis - Perry,320
Roane,Delegate,At-Large,Republican,Alexander Oaks Waters - Huntsman,214
Roane,Delegate,At-Large,Republican,Andre Flanary - Paul,510
Roane,Delegate,At-Large,Republican,Beth Campbell - Romney,1130
Roane,Delegate,At-Large,Republican,Brian Kelsey - Perry,264
Roane,Delegate,At-Large,Republican,C. Mack Patton - Gingrich,1260
Roane,Delegate,At-Large,Republican,Crom Carmichael - Gingrich,1289
Roane,Delegate,At-Large,Republican,Daniel Rawls - Paul,468
Roane,Delegate,At-Large,Republican,Donna K. Appleget - Paul,680
Roane,Delegate,At-Large,Republican,Elaine Laney Heard - Perry,289
Roane,Delegate,At-Large,Republican,Gail D. Patton - Gingrich,1248
Roane,Delegate,At-Large,Republican,Gary Allen - Paul,719
Roane,Delegate,At-Large,Republican,Gary Ellis - Paul,591
Roane,Delegate,At-Large,Republican,Jason Davis - Paul,654
Roane,Delegate,At-Large,Republican,Jeff Pedigo - Paul,509
Roane,Delegate,At-Large,Republican,Jessica Frizzell - Perry,351
Roane,Delegate,At-Large,Republican,Jim Looney - Romney,886
Roane,Delegate,At-Large,Republican,Joel Crenshaw - Paul,654
Roane,Delegate,At-Large,Republican,John Crisp - Romney,1045
Roane,Delegate,At-Large,Republican,John Gardner - Gingrich,1314
Roane,Delegate,At-Large,Republican,John Wayne Cropp - Romney,989
Roane,Delegate,At-Large,Republican,Josh Brown - Romney,1244
Roane,Delegate,At-Large,Republican,Juanita Thouin - Uncommitted,620
Roane,Delegate,At-Large,Republican,Julia Hurley - Romney,1031
Roane,Delegate,At-Large,Republican,Justin Pitt - Romney,776
Roane,Delegate,At-Large,Republican,Kyle Gregory Perry - Paul,505
Roane,Delegate,At-Large,Republican,Larry Bates - Perry,369
Roane,Delegate,At-Large,Republican,Mark White - Romney,426
Roane,Delegate,At-Large,Republican,Mark Winslow - Gingrich,1237
Roane,Delegate,At-Large,Republican,Martha Ruth Brown - Gingrich,1370
Roane,Delegate,At-Large,Republican,Matthew Jerry Johnson - Gingrich,1284
Roane,Delegate,At-Large,Republican,Matthew Smith - Perry,183
Roane,Delegate,At-Large,Republican,Randal Boyd - Romney,1280
Roane,Delegate,At-Large,Republican,Rob Ailey - Romney,1277
Roane,Delegate,At-Large,Republican,Robert Tyler Prince - Uncommitted,771
Roane,Delegate,At-Large,Republican,Ron Ramsey - Perry,311
Roane,Delegate,At-Large,Republican,Ronald Lanfear - Paul,490
Roane,Delegate,At-Large,Republican,Rosine Ghawji - Uncommitted,727
Roane,Delegate,At-Large,Republican,Ruth B. Hagerty - Romney,959
Roane,Delegate,At-Large,Republican,Sandy Crawford - Uncommitted,868
Roane,Delegate,At-Large,Republican,Shalia Lankford - Perry,207
Roane,Delegate,At-Large,Republican,Sindy Ramsey - Perry,191
Roane,Delegate,At-Large,Republican,Stacey Campfield - Gingrich,1418
Roane,Delegate,At-Large,Republican,Steve Allbrooks - Romney,1282
Roane,Delegate,At-Large,Republican,Steve Buttry - Romney,1137
Roane,Delegate,At-Large,Republican,Steven Warhurst - Paul,463
Roane,Delegate,At-Large,Republican,Susan Richardson Williams - Romney,536
Roane,Delegate,At-Large,Republican,Thomas Smith - Perry,165
Roane,Delegate,At-Large,Republican,Tiffany Ramsey Goforth - Perry,337
Roane,Delegate,At-Large,Republican,Tony Shipley - Gingrich,1255
Roane,Delegate,At-Large,Republican,Victor Ashe - Huntsman,460
Roane,Delegate,At-Large,Republican,Wendell Moore - Romney,885
Roane,Delegate,At-Large,Republican,Willis Ayres - Gingrich,1361
Roane,Delegate,At-Large,Republican,Winfield Dunn - Romney,1110
Roane,Presidential Preference,NA,Democratic,Barack Obama,335
Roane,Presidential Preference,NA,Democratic,Uncommitted,71
Roane,Presidential Preference,NA,Republican,"Charles ""Buddy"" Roemer",9
Roane,Presidential Preference,NA,Republican,Gary Johnson,9
Roane,Presidential Preference,NA,Republican,Jon Huntsman,17
Roane,Presidential Preference,NA,Republican,Michele Bachmann,43
Roane,Presidential Preference,NA,Republican,Mitt Romney,1564
Roane,Presidential Preference,NA,Republican,Newt Gingrich,1340
Roane,Presidential Preference,NA,Republican,Rick Perry,15
Roane,Presidential Preference,NA,Republican,Rick Santorum,1876
Roane,Presidential Preference,NA,Republican,Ron Paul,455
Roane,Presidential Preference,NA,Republican,Uncommitted,16
Robertson,Delegate,6,Republican,Beth Cox - Romney,474
Robertson,Delegate,6,Republican,Chad White - Romney,250
Robertson,Delegate,6,Republican,Christopher Stephen Hughes - Gingrich,883
Robertson,Delegate,6,Republican,Debra K. Copass - Romney,321
Robertson,Delegate,6,Republican,Joe Carr - Gingrich,1024
Robertson,Delegate,6,Republican,Justin Wax - Perry,195
Robertson,Delegate,6,Republican,Mark Abbotoy - Paul,452
Robertson,Delegate,6,Republican,Randy Stamps - Romney,421
Robertson,Delegate,6,Republican,Sofia Carnicelli Grey - Paul,384
Robertson,Delegate,6,Republican,Susan Witcher - Gingrich,435
Robertson,Delegate,6,Republican,Terri Lynn Weaver - Gingrich,907
Robertson,Delegate,6,Republican,Terry Barnes - Uncommitted,437
Robertson,Delegate,At-Large,Republican,Alexander Oaks Waters - Huntsman,384
Robertson,Delegate,At-Large,Republican,Andre Flanary - Paul,414
Robertson,Delegate,At-Large,Republican,Beth Campbell - Romney,699
Robertson,Delegate,At-Large,Republican,Brian Kelsey - Perry,200
Robertson,Delegate,At-Large,Republican,C. Mack Patton - Gingrich,1013
Robertson,Delegate,At-Large,Republican,Crom Carmichael - Gingrich,1016
Robertson,Delegate,At-Large,Republican,Daniel Rawls - Paul,359
Robertson,Delegate,At-Large,Republican,Donna K. Appleget - Paul,547
Robertson,Delegate,At-Large,Republican,Elaine Laney Heard - Perry,247
Robertson,Delegate,At-Large,Republican,Gail D. Patton - Gingrich,1086
Robertson,Delegate,At-Large,Republican,Gary Allen - Paul,658
Robertson,Delegate,At-Large,Republican,Gary Ellis - Paul,550
Robertson,Delegate,At-Large,Republican,Jason Davis - Paul,514
Robertson,Delegate,At-Large,Republican,Jeff Pedigo - Paul,467
Robertson,Delegate,At-Large,Republican,Jessica Frizzell - Perry,257
Robertson,Delegate,At-Large,Republican,Jim Looney - Romney,499
Robertson,Delegate,At-Large,Republican,Joel Crenshaw - Paul,485
Robertson,Delegate,At-Large,Republican,John Crisp - Romney,568
Robertson,Delegate,At-Large,Republican,John Gardner - Gingrich,1181
Robertson,Delegate,At-Large,Republican,John Wayne Cropp - Romney,550
Robertson,Delegate,At-Large,Republican,Josh Brown - Romney,687
Robertson,Delegate,At-Large,Republican,Juanita Thouin - Uncommitted,407
Robertson,Delegate,At-Large,Republican,Julia Hurley - Romney,542
Robertson,Delegate,At-Large,Republican,Justin Pitt - Romney,456
Robertson,Delegate,At-Large,Republican,Kyle Gregory Perry - Paul,387
Robertson,Delegate,At-Large,Republican,Larry Bates - Perry,301
Robertson,Delegate,At-Large,Republican,Mark White - Romney,277
Robertson,Delegate,At-Large,Republican,Mark Winslow - Gingrich,865
Robertson,Delegate,At-Large,Republican,Martha Ruth Brown - Gingrich,1162
Robertson,Delegate,At-Large,Republican,Matthew Jerry Johnson - Gingrich,1043
Robertson,Delegate,At-Large,Republican,Matthew Smith - Perry,180
Robertson,Delegate,At-Large,Republican,Randal Boyd - Romney,595
Robertson,Delegate,At-Large,Republican,Rob Ailey - Romney,620
Robertson,Delegate,At-Large,Republican,Robert Tyler Prince - Uncommitted,501
Robertson,Delegate,At-Large,Republican,Ron Ramsey - Perry,474
Robertson,Delegate,At-Large,Republican,Ronald Lanfear - Paul,406
Robertson,Delegate,At-Large,Republican,Rosine Ghawji - Uncommitted,448
Robertson,Delegate,At-Large,Republican,Ruth B. Hagerty - Romney,498
Robertson,Delegate,At-Large,Republican,Sandy Crawford - Uncommitted,587
Robertson,Delegate,At-Large,Republican,Shalia Lankford - Perry,192
Robertson,Delegate,At-Large,Republican,Sindy Ramsey - Perry,238
Robertson,Delegate,At-Large,Republican,Stacey Campfield - Gingrich,1118
Robertson,Delegate,At-Large,Republican,Steve Allbrooks - Romney,655
Robertson,Delegate,At-Large,Republican,Steve Buttry - Romney,575
Robertson,Delegate,At-Large,Republican,Steven Warhurst - Paul,321
Robertson,Delegate,At-Large,Republican,Susan Richardson Williams - Romney,297
Robertson,Delegate,At-Large,Republican,Thomas Smith - Perry,174
Robertson,Delegate,At-Large,Republican,Tiffany Ramsey Goforth - Perry,216
Robertson,Delegate,At-Large,Republican,Tony Shipley - Gingrich,915
Robertson,Delegate,At-Large,Republican,Victor Ashe - Huntsman,471
Robertson,Delegate,At-Large,Republican,Wendell Moore - Romney,474
Robertson,Delegate,At-Large,Republican,Willis Ayres - Gingrich,1095
Robertson,Delegate,At-Large,Republican,Winfield Dunn - Romney,746
Robertson,Presidential Preference,NA,Democratic,Barack Obama,356
Robertson,Presidential Preference,NA,Democratic,Uncommitted,66
Robertson,Presidential Preference,NA,Republican,"Charles ""Buddy"" Roemer",9
Robertson,Presidential Preference,NA,Republican,Jon Huntsman,4
Robertson,Presidential Preference,NA,Republican,Michele Bachmann,12
Robertson,Presidential Preference,NA,Republican,Mitt Romney,1137
Robertson,Presidential Preference,NA,Republican,Newt Gingrich,1507
Robertson,Presidential Preference,NA,Republican,Rick Perry,15
Robertson,Presidential Preference,NA,Republican,Rick Santorum,2626
Robertson,Presidential Preference,NA,Republican,Ron Paul,452
Robertson,Presidential Preference,NA,Republican,Uncommitted,13
Rutherford,Delegate,6,Republican,Beth Cox - Romney,2967
Rutherford,Delegate,6,Republican,Chad White - Romney,1655
Rutherford,Delegate,6,Republican,Christopher Stephen Hughes - Gingrich,3575
Rutherford,Delegate,6,Republican,Debra K. Copass - Romney,2213
Rutherford,Delegate,6,Republican,Joe Carr - Gingrich,6693
Rutherford,Delegate,6,Republican,Justin Wax - Perry,1442
Rutherford,Delegate,6,Republican,Mark Abbotoy - Paul,2104
Rutherford,Delegate,6,Republican,Randy Stamps - Romney,2169
Rutherford,Delegate,6,Republican,Sofia Carnicelli Grey - Paul,1950
Rutherford,Delegate,6,Republican,Susan Witcher - Gingrich,1954
Rutherford,Delegate,6,Republican,Terri Lynn Weaver - Gingrich,4003
Rutherford,Delegate,6,Republican,Terry Barnes - Uncommitted,1819
Rutherford,Delegate,At-Large,Republican,Alexander Oaks Waters - Huntsman,1378
Rutherford,Delegate,At-Large,Republican,Andre Flanary - Paul,1945
Rutherford,Delegate,At-Large,Republican,Beth Campbell - Romney,4137
Rutherford,Delegate,At-Large,Republican,Brian Kelsey - Perry,896
Rutherford,Delegate,At-Large,Republican,C. Mack Patton - Gingrich,4475
Rutherford,Delegate,At-Large,Republican,Crom Carmichael - Gingrich,4147
Rutherford,Delegate,At-Large,Republican,Daniel Rawls - Paul,1734
Rutherford,Delegate,At-Large,Republican,Donna K. Appleget - Paul,2537
Rutherford,Delegate,At-Large,Republican,Elaine Laney Heard - Perry,973
Rutherford,Delegate,At-Large,Republican,Gail D. Patton - Gingrich,4757
Rutherford,Delegate,At-Large,Republican,Gary Allen - Paul,3046
Rutherford,Delegate,At-Large,Republican,Gary Ellis - Paul,2445
Rutherford,Delegate,At-Large,Republican,Jason Davis - Paul,2433
Rutherford,Delegate,At-Large,Republican,Jeff Pedigo - Paul,2367
Rutherford,Delegate,At-Large,Republican,Jessica Frizzell - Perry,1327
Rutherford,Delegate,At-Large,Republican,Jim Looney - Romney,2718
Rutherford,Delegate,At-Large,Republican,Joel Crenshaw - Paul,2373
Rutherford,Delegate,At-Large,Republican,John Crisp - Romney,3282
Rutherford,Delegate,At-Large,Republican,John Gardner - Gingrich,5285
Rutherford,Delegate,At-Large,Republican,John Wayne Cropp - Romney,3094
Rutherford,Delegate,At-Large,Republican,Josh Brown - Romney,3591
Rutherford,Delegate,At-Large,Republican,Juanita Thouin - Uncommitted,1728
Rutherford,Delegate,At-Large,Republican,Julia Hurley - Romney,3093
Rutherford,Delegate,At-Large,Republican,Justin Pitt - Romney,2574
Rutherford,Delegate,At-Large,Republican,Kyle Gregory Perry - Paul,1888
Rutherford,Delegate,At-Large,Republican,Larry Bates - Perry,1248
Rutherford,Delegate,At-Large,Republican,Mark White - Romney,1670
Rutherford,Delegate,At-Large,Republican,Mark Winslow - Gingrich,3796
Rutherford,Delegate,At-Large,Republican,Martha Ruth Brown - Gingrich,4815
Rutherford,Delegate,At-Large,Republican,Matthew Jerry Johnson - Gingrich,4372
Rutherford,Delegate,At-Large,Republican,Matthew Smith - Perry,923
Rutherford,Delegate,At-Large,Republican,Randal Boyd - Romney,3472
Rutherford,Delegate,At-Large,Republican,Rob Ailey - Romney,3316
Rutherford,Delegate,At-Large,Republican,Robert Tyler Prince - Uncommitted,2141
Rutherford,Delegate,At-Large,Republican,Ron Ramsey - Perry,2314
Rutherford,Delegate,At-Large,Republican,Ronald Lanfear - Paul,2005
Rutherford,Delegate,At-Large,Republican,Rosine Ghawji - Uncommitted,1808
Rutherford,Delegate,At-Large,Republican,Ruth B. Hagerty - Romney,2909
Rutherford,Delegate,At-Large,Republican,Sandy Crawford - Uncommitted,2530
Rutherford,Delegate,At-Large,Republican,Shalia Lankford - Perry,794
Rutherford,Delegate,At-Large,Republican,Sindy Ramsey - Perry,1027
Rutherford,Delegate,At-Large,Republican,Stacey Campfield - Gingrich,4765
Rutherford,Delegate,At-Large,Republican,Steve Allbrooks - Romney,3670
Rutherford,Delegate,At-Large,Republican,Steve Buttry - Romney,3260
Rutherford,Delegate,At-Large,Republican,Steven Warhurst - Paul,1635
Rutherford,Delegate,At-Large,Republican,Susan Richardson Williams - Romney,1563
Rutherford,Delegate,At-Large,Republican,Thomas Smith - Perry,837
Rutherford,Delegate,At-Large,Republican,Tiffany Ramsey Goforth - Perry,1015
Rutherford,Delegate,At-Large,Republican,Tony Shipley - Gingrich,3995
Rutherford,Delegate,At-Large,Republican,Victor Ashe - Huntsman,1942
Rutherford,Delegate,At-Large,Republican,Wendell Moore - Romney,2776
Rutherford,Delegate,At-Large,Republican,Willis Ayres - Gingrich,4428
Rutherford,Delegate,At-Large,Republican,Winfield Dunn - Romney,3938
Rutherford,Presidential Preference,NA,Democratic,Barack Obama,1753
Rutherford,Presidential Preference,NA,Democratic,Uncommitted,248
Rutherford,Presidential Preference,NA,Republican,"Charles ""Buddy"" Roemer",28
Rutherford,Presidential Preference,NA,Republican,Gary Johnson,18
Rutherford,Presidential Preference,NA,Republican,Jon Huntsman,34
Rutherford,Presidential Preference,NA,Republican,Michele Bachmann,46
Rutherford,Presidential Preference,NA,Republican,Mitt Romney,5523
Rutherford,Presidential Preference,NA,Republican,Newt Gingrich,5348
Rutherford,Presidential Preference,NA,Republican,Rick Perry,83
Rutherford,Presidential Preference,NA,Republican,Rick Santorum,9387
Rutherford,Presidential Preference,NA,Republican,Ron Paul,2125
Rutherford,Presidential Preference,NA,Republican,Uncommitted,118
Scott,Delegate,4,Republican,Amanda Griffith - Paul,119
Scott,Delegate,4,Republican,Annette Sapp - Gingrich,208
Scott,Delegate,4,Republican,David French - Romney,159
Scott,Delegate,4,Republican,David G. Bearden - Paul,110
Scott,Delegate,4,Republican,Jason Whatley - Romney,146
Scott,Delegate,4,Republican,Kristopher D. Miller - Perry,42
Scott,Delegate,4,Republican,Mary Ellen Redford - Paul,59
Scott,Delegate,4,Republican,Nancy French - Romney,144
Scott,Delegate,4,Republican,Robert Crigger - Uncommitted,76
Scott,Delegate,4,Republican,Steven Lane - Paul,106
Scott,Delegate,4,Republican,Tommy Lee Francis - Perry,88
Scott,Delegate,At-Large,Republican,Alexander Oaks Waters - Huntsman,117
Scott,Delegate,At-Large,Republican,Andre Flanary - Paul,86
Scott,Delegate,At-Large,Republican,Beth Campbell - Romney,198
Scott,Delegate,At-Large,Republican,Brian Kelsey - Perry,45
Scott,Delegate,At-Large,Republican,C. Mack Patton - Gingrich,226
Scott,Delegate,At-Large,Republican,Crom Carmichael - Gingrich,206
Scott,Delegate,At-Large,Republican,Daniel Rawls - Paul,73
Scott,Delegate,At-Large,Republican,Donna K. Appleget - Paul,120
Scott,Delegate,At-Large,Republican,Elaine Laney Heard - Perry,57
Scott,Delegate,At-Large,Republican,Gail D. Patton - Gingrich,234
Scott,Delegate,At-Large,Republican,Gary Allen - Paul,154
Scott,Delegate,At-Large,Republican,Gary Ellis - Paul,138
Scott,Delegate,At-Large,Republican,Jason Davis - Paul,120
Scott,Delegate,At-Large,Republican,Jeff Pedigo - Paul,81
Scott,Delegate,At-Large,Republican,Jessica Frizzell - Perry,56
Scott,Delegate,At-Large,Republican,Jim Looney - Romney,124
Scott,Delegate,At-Large,Republican,Joel Crenshaw - Paul,93
Scott,Delegate,At-Large,Republican,John Crisp - Romney,151
Scott,Delegate,At-Large,Republican,John Gardner - Gingrich,248
Scott,Delegate,At-Large,Republican,John Wayne Cropp - Romney,155
Scott,Delegate,At-Large,Republican,Josh Brown - Romney,166
Scott,Delegate,At-Large,Republican,Juanita Thouin - Uncommitted,61
Scott,Delegate,At-Large,Republican,Julia Hurley - Romney,138
Scott,Delegate,At-Large,Republican,Justin Pitt - Romney,112
Scott,Delegate,At-Large,Republican,Kyle Gregory Perry - Paul,81
Scott,Delegate,At-Large,Republican,Larry Bates - Perry,64
Scott,Delegate,At-Large,Republican,Mark White - Romney,69
Scott,Delegate,At-Large,Republican,Mark Winslow - Gingrich,188
Scott,Delegate,At-Large,Republican,Martha Ruth Brown - Gingrich,255
Scott,Delegate,At-Large,Republican,Matthew Jerry Johnson - Gingrich,230
Scott,Delegate,At-Large,Republican,Matthew Smith - Perry,50
Scott,Delegate,At-Large,Republican,Randal Boyd - Romney,163
Scott,Delegate,At-Large,Republican,Rob Ailey - Romney,164
Scott,Delegate,At-Large,Republican,Robert Tyler Prince - Uncommitted,80
Scott,Delegate,At-Large,Republican,Ron Ramsey - Perry,102
Scott,Delegate,At-Large,Republican,Ronald Lanfear - Paul,88
Scott,Delegate,At-Large,Republican,Rosine Ghawji - Uncommitted,69
Scott,Delegate,At-Large,Republican,Ruth B. Hagerty - Romney,129
Scott,Delegate,At-Large,Republican,Sandy Crawford - Uncommitted,103
Scott,Delegate,At-Large,Republican,Shalia Lankford - Perry,45
Scott,Delegate,At-Large,Republican,Sindy Ramsey - Perry,38
Scott,Delegate,At-Large,Republican,Stacey Campfield - Gingrich,287
Scott,Delegate,At-Large,Republican,Steve Allbrooks - Romney,155
Scott,Delegate,At-Large,Republican,Steve Buttry - Romney,146
Scott,Delegate,At-Large,Republican,Steven Warhurst - Paul,68
Scott,Delegate,At-Large,Republican,Susan Richardson Williams - Romney,63
Scott,Delegate,At-Large,Republican,Thomas Smith - Perry,46
Scott,Delegate,At-Large,Republican,Tiffany Ramsey Goforth - Perry,43
Scott,Delegate,At-Large,Republican,Tony Shipley - Gingrich,205
Scott,Delegate,At-Large,Republican,Victor Ashe - Huntsman,286
Scott,Delegate,At-Large,Republican,Wendell Moore - Romney,134
Scott,Delegate,At-Large,Republican,Willis Ayres - Gingrich,233
Scott,Delegate,At-Large,Republican,Winfield Dunn - Romney,236
Scott,Presidential Preference,NA,Democratic,Barack Obama,302
Scott,Presidential Preference,NA,Democratic,Uncommitted,60
Scott,Presidential Preference,NA,Republican,"Charles ""Buddy"" Roemer",4
Scott,Presidential Preference,NA,Republican,Gary Johnson,3
Scott,Presidential Preference,NA,Republican,Jon Huntsman,5
Scott,Presidential Preference,NA,Republican,Michele Bachmann,17
Scott,Presidential Preference,NA,Republican,Mitt Romney,616
Scott,Presidential Preference,NA,Republican,Newt Gingrich,558
Scott,Presidential Preference,NA,Republican,Rick Perry,13
Scott,Presidential Preference,NA,Republican,Rick Santorum,929
Scott,Presidential Preference,NA,Republican,Ron Paul,171
Scott,Presidential Preference,NA,Republican,Uncommitted,15
Sequatchie,Public Defender,12,Democratic,Jeff Harmon,176
Sequatchie,Delegate,4,Republican,Amanda Griffith - Paul,122
Sequatchie,Delegate,4,Republican,Annette Sapp - Gingrich,260
Sequatchie,Delegate,4,Republican,David French - Romney,134
Sequatchie,Delegate,4,Republican,David G. Bearden - Paul,112
Sequatchie,Delegate,4,Republican,Jason Whatley - Romney,114
Sequatchie,Delegate,4,Republican,Kristopher D. Miller - Perry,39
Sequatchie,Delegate,4,Republican,Mary Ellen Redford - Paul,65
Sequatchie,Delegate,4,Republican,Nancy French - Romney,126
Sequatchie,Delegate,4,Republican,Robert Crigger - Uncommitted,66
Sequatchie,Delegate,4,Republican,Steven Lane - Paul,91
Sequatchie,Delegate,4,Republican,Tommy Lee Francis - Perry,50
Sequatchie,Delegate,At-Large,Republican,Alexander Oaks Waters - Huntsman,93
Sequatchie,Delegate,At-Large,Republican,Andre Flanary - Paul,100
Sequatchie,Delegate,At-Large,Republican,Beth Campbell - Romney,166
Sequatchie,Delegate,At-Large,Republican,Brian Kelsey - Perry,34
Sequatchie,Delegate,At-Large,Republican,C. Mack Patton - Gingrich,246
Sequatchie,Delegate,At-Large,Republican,Crom Carmichael - Gingrich,229
Sequatchie,Delegate,At-Large,Republican,Daniel Rawls - Paul,85
Sequatchie,Delegate,At-Large,Republican,Donna K. Appleget - Paul,126
Sequatchie,Delegate,At-Large,Republican,Elaine Laney Heard - Perry,35
Sequatchie,Delegate,At-Large,Republican,Gail D. Patton - Gingrich,254
Sequatchie,Delegate,At-Large,Republican,Gary Allen - Paul,153
Sequatchie,Delegate,At-Large,Republican,Gary Ellis - Paul,127
Sequatchie,Delegate,At-Large,Republican,Jason Davis - Paul,119
Sequatchie,Delegate,At-Large,Republican,Jeff Pedigo - Paul,113
Sequatchie,Delegate,At-Large,Republican,Jessica Frizzell - Perry,51
Sequatchie,Delegate,At-Large,Republican,Jim Looney - Romney,129
Sequatchie,Delegate,At-Large,Republican,Joel Crenshaw - Paul,114
Sequatchie,Delegate,At-Large,Republican,John Crisp - Romney,172
Sequatchie,Delegate,At-Large,Republican,John Gardner - Gingrich,267
Sequatchie,Delegate,At-Large,Republican,John Wayne Cropp - Romney,166
Sequatchie,Delegate,At-Large,Republican,Josh Brown - Romney,172
Sequatchie,Delegate,At-Large,Republican,Juanita Thouin - Uncommitted,68
Sequatchie,Delegate,At-Large,Republican,Julia Hurley - Romney,133
Sequatchie,Delegate,At-Large,Republican,Justin Pitt - Romney,117
Sequatchie,Delegate,At-Large,Republican,Kyle Gregory Perry - Paul,88
Sequatchie,Delegate,At-Large,Republican,Larry Bates - Perry,50
Sequatchie,Delegate,At-Large,Republican,Mark White - Romney,68
Sequatchie,Delegate,At-Large,Republican,Mark Winslow - Gingrich,204
Sequatchie,Delegate,At-Large,Republican,Martha Ruth Brown - Gingrich,267
Sequatchie,Delegate,At-Large,Republican,Matthew Jerry Johnson - Gingrich,245
Sequatchie,Delegate,At-Large,Republican,Matthew Smith - Perry,33
Sequatchie,Delegate,At-Large,Republican,Randal Boyd - Romney,176
Sequatchie,Delegate,At-Large,Republican,Rob Ailey - Romney,166
Sequatchie,Delegate,At-Large,Republican,Robert Tyler Prince - Uncommitted,82
Sequatchie,Delegate,At-Large,Republican,Ron Ramsey - Perry,54
Sequatchie,Delegate,At-Large,Republican,Ronald Lanfear - Paul,107
Sequatchie,Delegate,At-Large,Republican,Rosine Ghawji - Uncommitted,69
Sequatchie,Delegate,At-Large,Republican,Ruth B. Hagerty - Romney,131
Sequatchie,Delegate,At-Large,Republican,Sandy Crawford - Uncommitted,100
Sequatchie,Delegate,At-Large,Republican,Shalia Lankford - Perry,23
Sequatchie,Delegate,At-Large,Republican,Sindy Ramsey - Perry,30
Sequatchie,Delegate,At-Large,Republican,Stacey Campfield - Gingrich,249
Sequatchie,Delegate,At-Large,Republican,Steve Allbrooks - Romney,177
Sequatchie,Delegate,At-Large,Republican,Steve Buttry - Romney,154
Sequatchie,Delegate,At-Large,Republican,Steven Warhurst - Paul,80
Sequatchie,Delegate,At-Large,Republican,Susan Richardson Williams - Romney,57
Sequatchie,Delegate,At-Large,Republican,Thomas Smith - Perry,28
Sequatchie,Delegate,At-Large,Republican,Tiffany Ramsey Goforth - Perry,34
Sequatchie,Delegate,At-Large,Republican,Tony Shipley - Gingrich,213
Sequatchie,Delegate,At-Large,Republican,Victor Ashe - Huntsman,96
Sequatchie,Delegate,At-Large,Republican,Wendell Moore - Romney,126
Sequatchie,Delegate,At-Large,Republican,Willis Ayres - Gingrich,237
Sequatchie,Delegate,At-Large,Republican,Winfield Dunn - Romney,149
Sequatchie,Presidential Preference,NA,Democratic,Barack Obama,141
Sequatchie,Presidential Preference,NA,Democratic,Uncommitted,33
Sequatchie,Presidential Preference,NA,Republican,"Charles ""Buddy"" Roemer",2
Sequatchie,Presidential Preference,NA,Republican,Jon Huntsman,3
Sequatchie,Presidential Preference,NA,Republican,Michele Bachmann,6
Sequatchie,Presidential Preference,NA,Republican,Mitt Romney,353
Sequatchie,Presidential Preference,NA,Republican,Newt Gingrich,416
Sequatchie,Presidential Preference,NA,Republican,Rick Perry,5
Sequatchie,Presidential Preference,NA,Republican,Rick Santorum,512
Sequatchie,Presidential Preference,NA,Republican,Ron Paul,133
Sequatchie,Presidential Preference,NA,Republican,Uncommitted,10
Sevier,Delegate,1,Republican,Alicia Mumpower - Romney,1468
Sevier,Delegate,1,Republican,Charles Cook - Paul,666
Sevier,Delegate,1,Republican,David Golden - Romney,1542
Sevier,Delegate,1,Republican,Dustin Goforth - Perry,238
Sevier,Delegate,1,Republican,Gregg Richardson - Paul,645
Sevier,Delegate,1,Republican,"Jeffrey ""Bo"" Shultz - Uncommitted",674
Sevier,Delegate,1,Republican,Jennifer Flanary - Uncommitted,865
Sevier,Delegate,1,Republican,Jesse Overbey - Uncommitted,769
Sevier,Delegate,1,Republican,Jordan G. Young - Perry,225
Sevier,Delegate,1,Republican,Linda D. Buckles - Gingrich,1749
Sevier,Delegate,1,Republican,Linda L. Osborne - Gingrich,1655
Sevier,Delegate,1,Republican,Michael H. Simpson - Paul,406
Sevier,Delegate,1,Republican,P K Lowrey - Paul,584
Sevier,Delegate,1,Republican,Phil Hoskins - Gingrich,1707
Sevier,Delegate,1,Republican,Warren Jones - Romney,1513
Sevier,Delegate,2,Republican,Aaron Garcia Margulies - Gingrich,119
Sevier,Delegate,2,Republican,Dick Powell - Perry,95
Sevier,Delegate,2,Republican,J. Christopher Lane - Uncommitted,245
Sevier,Delegate,2,Republican,J. Clay Atherton - Paul,245
Sevier,Delegate,2,Republican,Jimmy Matlock - Perry,86
Sevier,Delegate,2,Republican,Joan Ashe - Huntsman,72
Sevier,Delegate,2,Republican,Leonard W. Brown - Gingrich,528
Sevier,Delegate,2,Republican,Matthew Herriman - Perry,86
Sevier,Delegate,2,Republican,Monta Hirzel - Gingrich,363
Sevier,Delegate,2,Republican,Richard Barnes - Romney,511
Sevier,Delegate,2,Republican,Russell Barber - Romney,521
Sevier,Delegate,2,Republican,Ryan Haynes - Romney,471
Sevier,Delegate,2,Republican,Scott David Smith - Gingrich,301
Sevier,Delegate,2,Republican,Sheree Callaway - Paul,262
Sevier,Delegate,2,Republican,Ted Boyatt - Gingrich,539
Sevier,Delegate,2,Republican,Ted Hatfield - Uncommitted,250
Sevier,Delegate,2,Republican,Tona Monroe - Paul,232
Sevier,Delegate,At-Large,Republican,Alexander Oaks Waters - Huntsman,446
Sevier,Delegate,At-Large,Republican,Andre Flanary - Paul,1120
Sevier,Delegate,At-Large,Republican,Beth Campbell - Romney,2384
Sevier,Delegate,At-Large,Republican,Brian Kelsey - Perry,496
Sevier,Delegate,At-Large,Republican,C. Mack Patton - Gingrich,2509
Sevier,Delegate,At-Large,Republican,Crom Carmichael - Gingrich,2484
Sevier,Delegate,At-Large,Republican,Daniel Rawls - Paul,1121
Sevier,Delegate,At-Large,Republican,Donna K. Appleget - Paul,1365
Sevier,Delegate,At-Large,Republican,Elaine Laney Heard - Perry,790
Sevier,Delegate,At-Large,Republican,Gail D. Patton - Gingrich,2565
Sevier,Delegate,At-Large,Republican,Gary Allen - Paul,1591
Sevier,Delegate,At-Large,Republican,Gary Ellis - Paul,1319
Sevier,Delegate,At-Large,Republican,Jason Davis - Paul,1397
Sevier,Delegate,At-Large,Republican,Jeff Pedigo - Paul,1145
Sevier,Delegate,At-Large,Republican,Jessica Frizzell - Perry,783
Sevier,Delegate,At-Large,Republican,Jim Looney - Romney,1983
Sevier,Delegate,At-Large,Republican,Joel Crenshaw - Paul,1336
Sevier,Delegate,At-Large,Republican,John Crisp - Romney,2091
Sevier,Delegate,At-Large,Republican,John Gardner - Gingrich,2644
Sevier,Delegate,At-Large,Republican,John Wayne Cropp - Romney,1996
Sevier,Delegate,At-Large,Republican,Josh Brown - Romney,2316
Sevier,Delegate,At-Large,Republican,Juanita Thouin - Uncommitted,1279
Sevier,Delegate,At-Large,Republican,Julia Hurley - Romney,2124
Sevier,Delegate,At-Large,Republican,Justin Pitt - Romney,1753
Sevier,Delegate,At-Large,Republican,Kyle Gregory Perry - Paul,1154
Sevier,Delegate,At-Large,Republican,Larry Bates - Perry,790
Sevier,Delegate,At-Large,Republican,Mark White - Romney,999
Sevier,Delegate,At-Large,Republican,Mark Winslow - Gingrich,2457
Sevier,Delegate,At-Large,Republican,Martha Ruth Brown - Gingrich,2677
Sevier,Delegate,At-Large,Republican,Matthew Jerry Johnson - Gingrich,2542
Sevier,Delegate,At-Large,Republican,Matthew Smith - Perry,413
Sevier,Delegate,At-Large,Republican,Randal Boyd - Romney,2287
Sevier,Delegate,At-Large,Republican,Rob Ailey - Romney,2523
Sevier,Delegate,At-Large,Republican,Robert Tyler Prince - Uncommitted,1470
Sevier,Delegate,At-Large,Republican,Ron Ramsey - Perry,677
Sevier,Delegate,At-Large,Republican,Ronald Lanfear - Paul,1110
Sevier,Delegate,At-Large,Republican,Rosine Ghawji - Uncommitted,1217
Sevier,Delegate,At-Large,Republican,Ruth B. Hagerty - Romney,2114
Sevier,Delegate,At-Large,Republican,Sandy Crawford - Uncommitted,1615
Sevier,Delegate,At-Large,Republican,Shalia Lankford - Perry,394
Sevier,Delegate,At-Large,Republican,Sindy Ramsey - Perry,441
Sevier,Delegate,At-Large,Republican,Stacey Campfield - Gingrich,2868
Sevier,Delegate,At-Large,Republican,Steve Allbrooks - Romney,2107
Sevier,Delegate,At-Large,Republican,Steve Buttry - Romney,2143
Sevier,Delegate,At-Large,Republican,Steven Warhurst - Paul,1071
Sevier,Delegate,At-Large,Republican,Susan Richardson Williams - Romney,1009
Sevier,Delegate,At-Large,Republican,Thomas Smith - Perry,360
Sevier,Delegate,At-Large,Republican,Tiffany Ramsey Goforth - Perry,822
Sevier,Delegate,At-Large,Republican,Tony Shipley - Gingrich,2528
Sevier,Delegate,At-Large,Republican,Victor Ashe - Huntsman,1012
Sevier,Delegate,At-Large,Republican,Wendell Moore - Romney,1983
Sevier,Delegate,At-Large,Republican,Willis Ayres - Gingrich,2626
Sevier,Delegate,At-Large,Republican,Winfield Dunn - Romney,2554
Sevier,Presidential Preference,NA,Democratic,Barack Obama,354
Sevier,Presidential Preference,NA,Democratic,Uncommitted,78
Sevier,Presidential Preference,NA,Republican,"Charles ""Buddy"" Roemer",24
Sevier,Presidential Preference,NA,Republican,Gary Johnson,32
Sevier,Presidential Preference,NA,Republican,Jon Huntsman,33
Sevier,Presidential Preference,NA,Republican,Michele Bachmann,58
Sevier,Presidential Preference,NA,Republican,Mitt Romney,3671
Sevier,Presidential Preference,NA,Republican,Newt Gingrich,2813
Sevier,Presidential Preference,NA,Republican,Rick Perry,71
Sevier,Presidential Preference,NA,Republican,Rick Santorum,4466
Sevier,Presidential Preference,NA,Republican,Ron Paul,1069
Sevier,Presidential Preference,NA,Republican,Uncommitted,271
Shelby,District Attorney General,30,Democratic,Carol Chumney,16559
Shelby,District Attorney General,30,Republican,Amy Weirich,36211
Shelby,Delegate,7,Republican,Ammon Smartt - Romney,4773
Shelby,Delegate,7,Republican,Barrett Rich - Romney,5308
Shelby,Delegate,7,Republican,Corey M. Stockman - Paul,1840
Shelby,Delegate,7,Republican,Gary Shane Goolsby - Paul,1988
Shelby,Delegate,7,Republican,John Elkington - Perry,1523
Shelby,Delegate,7,Republican,Kenny Crenshaw - Paul,2476
Shelby,Delegate,7,Republican,"Martha ""Jane"" Pleasant - Gingrich",5041
Shelby,Delegate,7,Republican,Mary Kate Brown - Romney,5786
Shelby,Delegate,7,Republican,Monty Lankford - Perry,986
Shelby,Delegate,7,Republican,Reta Galbraith - Gingrich,4889
Shelby,Delegate,7,Republican,"W.C. ""Bubba"" Pleasant - Gingrich",5792
Shelby,Delegate,8,Republican,Adrian Eddleman - Paul,162
Shelby,Delegate,8,Republican,Betty Anderson - Romney,280
Shelby,Delegate,8,Republican,Bob D. Anderson - Romney,247
Shelby,Delegate,8,Republican,Emily H. Shore - Gingrich,413
Shelby,Delegate,8,Republican,James William Shore - Gingrich,381
Shelby,Delegate,8,Republican,Jeremie Schultz - Paul,146
Shelby,Delegate,8,Republican,Jim Summerville - Perry,114
Shelby,Delegate,8,Republican,Mark E. Green - Perry,129
Shelby,Delegate,8,Republican,Mike Peery - Gingrich,477
Shelby,Delegate,8,Republican,Oneida Wagoner - Romney,68
Shelby,Delegate,8,Republican,Steve Maroney - Romney,225
Shelby,Delegate,8,Republican,Ted Williams - Perry,112
Shelby,Delegate,8,Republican,Tiffany Doyle - Paul,204
Shelby,Delegate,9,Republican,Anne Conrad - Perry,1764
Shelby,Delegate,9,Republican,Arnold Weiner - Perry,1279
Shelby,Delegate,9,Republican,Dennis Patrick Hawkins - Romney,1267
Shelby,Delegate,9,Republican,"Frank Colvett, Jr. - Romney",4261
Shelby,Delegate,9,Republican,Jeffrey Trembley - Paul,2302
Shelby,Delegate,9,Republican,Kelley Hankins - Romney,3907
Shelby,Delegate,9,Republican,Paul Boyd - Romney,4704
Shelby,Delegate,9,Republican,Vivien Higgins - Paul,2202
Shelby,Delegate,At-Large,Republican,Alexander Oaks Waters - Huntsman,1380
Shelby,Delegate,At-Large,Republican,Andre Flanary - Paul,3734
Shelby,Delegate,At-Large,Republican,Beth Campbell - Romney,12489
Shelby,Delegate,At-Large,Republican,Brian Kelsey - Perry,3718
Shelby,Delegate,At-Large,Republican,C. Mack Patton - Gingrich,8975
Shelby,Delegate,At-Large,Republican,Crom Carmichael - Gingrich,8495
Shelby,Delegate,At-Large,Republican,Daniel Rawls - Paul,5088
Shelby,Delegate,At-Large,Republican,Donna K. Appleget - Paul,4543
Shelby,Delegate,At-Large,Republican,Elaine Laney Heard - Perry,2276
Shelby,Delegate,At-Large,Republican,Gail D. Patton - Gingrich,9379
Shelby,Delegate,At-Large,Republican,Gary Allen - Paul,5080
Shelby,Delegate,At-Large,Republican,Gary Ellis - Paul,4290
Shelby,Delegate,At-Large,Republican,Jason Davis - Paul,4384
Shelby,Delegate,At-Large,Republican,Jeff Pedigo - Paul,3889
Shelby,Delegate,At-Large,Republican,Jessica Frizzell - Perry,2725
Shelby,Delegate,At-Large,Republican,Jim Looney - Romney,11131
Shelby,Delegate,At-Large,Republican,Joel Crenshaw - Paul,4699
Shelby,Delegate,At-Large,Republican,John Crisp - Romney,11666
Shelby,Delegate,At-Large,Republican,John Gardner - Gingrich,9897
Shelby,Delegate,At-Large,Republican,John Wayne Cropp - Romney,10991
Shelby,Delegate,At-Large,Republican,Josh Brown - Romney,12108
Shelby,Delegate,At-Large,Republican,Juanita Thouin - Uncommitted,3482
Shelby,Delegate,At-Large,Republican,Julia Hurley - Romney,11539
Shelby,Delegate,At-Large,Republican,Justin Pitt - Romney,7015
Shelby,Delegate,At-Large,Republican,Kyle Gregory Perry - Paul,5203
Shelby,Delegate,At-Large,Republican,Larry Bates - Perry,3193
Shelby,Delegate,At-Large,Republican,Mark White - Romney,4760
Shelby,Delegate,At-Large,Republican,Mark Winslow - Gingrich,7549
Shelby,Delegate,At-Large,Republican,Martha Ruth Brown - Gingrich,9184
Shelby,Delegate,At-Large,Republican,Matthew Jerry Johnson - Gingrich,8860
Shelby,Delegate,At-Large,Republican,Matthew Smith - Perry,2031
Shelby,Delegate,At-Large,Republican,Randal Boyd - Romney,12027
Shelby,Delegate,At-Large,Republican,Rob Ailey - Romney,11888
Shelby,Delegate,At-Large,Republican,Robert Tyler Prince - Uncommitted,4512
Shelby,Delegate,At-Large,Republican,Ron Ramsey - Perry,3573
Shelby,Delegate,At-Large,Republican,Ronald Lanfear - Paul,3711
Shelby,Delegate,At-Large,Republican,Rosine Ghawji - Uncommitted,4158
Shelby,Delegate,At-Large,Republican,Ruth B. Hagerty - Romney,11324
Shelby,Delegate,At-Large,Republican,Sandy Crawford - Uncommitted,5865
Shelby,Delegate,At-Large,Republican,Shalia Lankford - Perry,1713
Shelby,Delegate,At-Large,Republican,Sindy Ramsey - Perry,2095
Shelby,Delegate,At-Large,Republican,Stacey Campfield - Gingrich,9274
Shelby,Delegate,At-Large,Republican,Steve Allbrooks - Romney,12325
Shelby,Delegate,At-Large,Republican,Steve Buttry - Romney,11457
Shelby,Delegate,At-Large,Republican,Steven Warhurst - Paul,3761
Shelby,Delegate,At-Large,Republican,Susan Richardson Williams - Romney,4185
Shelby,Delegate,At-Large,Republican,Thomas Smith - Perry,1891
Shelby,Delegate,At-Large,Republican,Tiffany Ramsey Goforth - Perry,2433
Shelby,Delegate,At-Large,Republican,Tony Shipley - Gingrich,7861
Shelby,Delegate,At-Large,Republican,Victor Ashe - Huntsman,1675
Shelby,Delegate,At-Large,Republican,Wendell Moore - Romney,11143
Shelby,Delegate,At-Large,Republican,Willis Ayres - Gingrich,8923
Shelby,Delegate,At-Large,Republican,Winfield Dunn - Romney,13672
Shelby,Presidential Preference,NA,Democratic,Barack Obama,22827
Shelby,Presidential Preference,NA,Democratic,Uncommitted,412
Shelby,Presidential Preference,NA,Republican,"Charles ""Buddy"" Roemer",53
Shelby,Presidential Preference,NA,Republican,Gary Johnson,26
Shelby,Presidential Preference,NA,Republican,Jon Huntsman,89
Shelby,Presidential Preference,NA,Republican,Michele Bachmann,99
Shelby,Presidential Preference,NA,Republican,Mitt Romney,16706
Shelby,Presidential Preference,NA,Republican,Newt Gingrich,9398
Shelby,Presidential Preference,NA,Republican,Rick Perry,125
Shelby,Presidential Preference,NA,Republican,Rick Santorum,18271
Shelby,Presidential Preference,NA,Republican,Ron Paul,3848
Shelby,Presidential Preference,NA,Republican,Uncommitted,207
Smith,Delegate,6,Republican,Beth Cox - Romney,128
Smith,Delegate,6,Republican,Chad White - Romney,76
Smith,Delegate,6,Republican,Christopher Stephen Hughes - Gingrich,182
Smith,Delegate,6,Republican,Debra K. Copass - Romney,97
Smith,Delegate,6,Republican,Joe Carr - Gingrich,231
Smith,Delegate,6,Republican,Justin Wax - Perry,50
Smith,Delegate,6,Republican,Mark Abbotoy - Paul,136
Smith,Delegate,6,Republican,Randy Stamps - Romney,93
Smith,Delegate,6,Republican,Sofia Carnicelli Grey - Paul,105
Smith,Delegate,6,Republican,Susan Witcher - Gingrich,146
Smith,Delegate,6,Republican,Terri Lynn Weaver - Gingrich,534
Smith,Delegate,6,Republican,Terry Barnes - Uncommitted,108
Smith,Delegate,At-Large,Republican,Alexander Oaks Waters - Huntsman,86
Smith,Delegate,At-Large,Republican,Andre Flanary - Paul,112
Smith,Delegate,At-Large,Republican,Beth Campbell - Romney,175
Smith,Delegate,At-Large,Republican,Brian Kelsey - Perry,40
Smith,Delegate,At-Large,Republican,C. Mack Patton - Gingrich,251
Smith,Delegate,At-Large,Republican,Crom Carmichael - Gingrich,221
Smith,Delegate,At-Large,Republican,Daniel Rawls - Paul,110
Smith,Delegate,At-Large,Republican,Donna K. Appleget - Paul,155
Smith,Delegate,At-Large,Republican,Elaine Laney Heard - Perry,51
Smith,Delegate,At-Large,Republican,Gail D. Patton - Gingrich,262
Smith,Delegate,At-Large,Republican,Gary Allen - Paul,190
Smith,Delegate,At-Large,Republican,Gary Ellis - Paul,149
Smith,Delegate,At-Large,Republican,Jason Davis - Paul,141
Smith,Delegate,At-Large,Republican,Jeff Pedigo - Paul,138
Smith,Delegate,At-Large,Republican,Jessica Frizzell - Perry,63
Smith,Delegate,At-Large,Republican,Jim Looney - Romney,120
Smith,Delegate,At-Large,Republican,Joel Crenshaw - Paul,135
Smith,Delegate,At-Large,Republican,John Crisp - Romney,150
Smith,Delegate,At-Large,Republican,John Gardner - Gingrich,283
Smith,Delegate,At-Large,Republican,John Wayne Cropp - Romney,157
Smith,Delegate,At-Large,Republican,Josh Brown - Romney,166
Smith,Delegate,At-Large,Republican,Juanita Thouin - Uncommitted,102
Smith,Delegate,At-Large,Republican,Julia Hurley - Romney,134
Smith,Delegate,At-Large,Republican,Justin Pitt - Romney,117
Smith,Delegate,At-Large,Republican,Kyle Gregory Perry - Paul,123
Smith,Delegate,At-Large,Republican,Larry Bates - Perry,80
Smith,Delegate,At-Large,Republican,Mark White - Romney,102
Smith,Delegate,At-Large,Republican,Mark Winslow - Gingrich,221
Smith,Delegate,At-Large,Republican,Martha Ruth Brown - Gingrich,269
Smith,Delegate,At-Large,Republican,Matthew Jerry Johnson - Gingrich,239
Smith,Delegate,At-Large,Republican,Matthew Smith - Perry,54
Smith,Delegate,At-Large,Republican,Randal Boyd - Romney,163
Smith,Delegate,At-Large,Republican,Rob Ailey - Romney,155
Smith,Delegate,At-Large,Republican,Robert Tyler Prince - Uncommitted,120
Smith,Delegate,At-Large,Republican,Ron Ramsey - Perry,145
Smith,Delegate,At-Large,Republican,Ronald Lanfear - Paul,119
Smith,Delegate,At-Large,Republican,Rosine Ghawji - Uncommitted,105
Smith,Delegate,At-Large,Republican,Ruth B. Hagerty - Romney,139
Smith,Delegate,At-Large,Republican,Sandy Crawford - Uncommitted,151
Smith,Delegate,At-Large,Republican,Shalia Lankford - Perry,54
Smith,Delegate,At-Large,Republican,Sindy Ramsey - Perry,52
Smith,Delegate,At-Large,Republican,Stacey Campfield - Gingrich,260
Smith,Delegate,At-Large,Republican,Steve Allbrooks - Romney,168
Smith,Delegate,At-Large,Republican,Steve Buttry - Romney,151
Smith,Delegate,At-Large,Republican,Steven Warhurst - Paul,99
Smith,Delegate,At-Large,Republican,Susan Richardson Williams - Romney,75
Smith,Delegate,At-Large,Republican,Thomas Smith - Perry,46
Smith,Delegate,At-Large,Republican,Tiffany Ramsey Goforth - Perry,59
Smith,Delegate,At-Large,Republican,Tony Shipley - Gingrich,221
Smith,Delegate,At-Large,Republican,Victor Ashe - Huntsman,125
Smith,Delegate,At-Large,Republican,Wendell Moore - Romney,134
Smith,Delegate,At-Large,Republican,Willis Ayres - Gingrich,254
Smith,Delegate,At-Large,Republican,Winfield Dunn - Romney,193
Smith,Presidential Preference,NA,Democratic,Barack Obama,176
Smith,Presidential Preference,NA,Democratic,Uncommitted,30
Smith,Presidential Preference,NA,Republican,Gary Johnson,2
Smith,Presidential Preference,NA,Republican,Jon Huntsman,3
Smith,Presidential Preference,NA,Republican,Michele Bachmann,5
Smith,Presidential Preference,NA,Republican,Mitt Romney,315
Smith,Presidential Preference,NA,Republican,Newt Gingrich,392
Smith,Presidential Preference,NA,Republican,Rick Perry,10
Smith,Presidential Preference,NA,Republican,Rick Santorum,776
Smith,Presidential Preference,NA,Republican,Ron Paul,131
Smith,Presidential Preference,NA,Republican,Uncommitted,7
Stewart,Delegate,8,Republican,Adrian Eddleman - Paul,100
Stewart,Delegate,8,Republican,Betty Anderson - Romney,147
Stewart,Delegate,8,Republican,Bob D. Anderson - Romney,128
Stewart,Delegate,8,Republican,Emily H. Shore - Gingrich,186
Stewart,Delegate,8,Republican,James William Shore - Gingrich,180
Stewart,Delegate,8,Republican,Jeremie Schultz - Paul,102
Stewart,Delegate,8,Republican,Jim Summerville - Perry,35
Stewart,Delegate,8,Republican,Mark E. Green - Perry,56
Stewart,Delegate,8,Republican,Mike Peery - Gingrich,205
Stewart,Delegate,8,Republican,Oneida Wagoner - Romney,52
Stewart,Delegate,8,Republican,Steve Maroney - Romney,117
Stewart,Delegate,8,Republican,Ted Williams - Perry,39
Stewart,Delegate,8,Republican,Tiffany Doyle - Paul,120
Stewart,Delegate,At-Large,Republican,Alexander Oaks Waters - Huntsman,91
Stewart,Delegate,At-Large,Republican,Andre Flanary - Paul,101
Stewart,Delegate,At-Large,Republican,Beth Campbell - Romney,199
Stewart,Delegate,At-Large,Republican,Brian Kelsey - Perry,53
Stewart,Delegate,At-Large,Republican,C. Mack Patton - Gingrich,205
Stewart,Delegate,At-Large,Republican,Crom Carmichael - Gingrich,177
Stewart,Delegate,At-Large,Republican,Daniel Rawls - Paul,93
Stewart,Delegate,At-Large,Republican,Donna K. Appleget - Paul,145
Stewart,Delegate,At-Large,Republican,Elaine Laney Heard - Perry,58
Stewart,Delegate,At-Large,Republican,Gail D. Patton - Gingrich,220
Stewart,Delegate,At-Large,Republican,Gary Allen - Paul,162
Stewart,Delegate,At-Large,Republican,Gary Ellis - Paul,143
Stewart,Delegate,At-Large,Republican,Jason Davis - Paul,133
Stewart,Delegate,At-Large,Republican,Jeff Pedigo - Paul,127
Stewart,Delegate,At-Large,Republican,Jessica Frizzell - Perry,83
Stewart,Delegate,At-Large,Republican,Jim Looney - Romney,112
Stewart,Delegate,At-Large,Republican,Joel Crenshaw - Paul,118
Stewart,Delegate,At-Large,Republican,John Crisp - Romney,172
Stewart,Delegate,At-Large,Republican,John Gardner - Gingrich,228
Stewart,Delegate,At-Large,Republican,John Wayne Cropp - Romney,156
Stewart,Delegate,At-Large,Republican,Josh Brown - Romney,162
Stewart,Delegate,At-Large,Republican,Juanita Thouin - Uncommitted,91
Stewart,Delegate,At-Large,Republican,Julia Hurley - Romney,148
Stewart,Delegate,At-Large,Republican,Justin Pitt - Romney,126
Stewart,Delegate,At-Large,Republican,Kyle Gregory Perry - Paul,108
Stewart,Delegate,At-Large,Republican,Larry Bates - Perry,70
Stewart,Delegate,At-Large,Republican,Mark White - Romney,72
Stewart,Delegate,At-Large,Republican,Mark Winslow - Gingrich,162
Stewart,Delegate,At-Large,Republican,Martha Ruth Brown - Gingrich,224
Stewart,Delegate,At-Large,Republican,Matthew Jerry Johnson - Gingrich,201
Stewart,Delegate,At-Large,Republican,Matthew Smith - Perry,59
Stewart,Delegate,At-Large,Republican,Randal Boyd - Romney,158
Stewart,Delegate,At-Large,Republican,Rob Ailey - Romney,150
Stewart,Delegate,At-Large,Republican,Robert Tyler Prince - Uncommitted,123
Stewart,Delegate,At-Large,Republican,Ron Ramsey - Perry,99
Stewart,Delegate,At-Large,Republican,Ronald Lanfear - Paul,110
Stewart,Delegate,At-Large,Republican,Rosine Ghawji - Uncommitted,102
Stewart,Delegate,At-Large,Republican,Ruth B. Hagerty - Romney,138
Stewart,Delegate,At-Large,Republican,Sandy Crawford - Uncommitted,157
Stewart,Delegate,At-Large,Republican,Shalia Lankford - Perry,60
Stewart,Delegate,At-Large,Republican,Sindy Ramsey - Perry,60
Stewart,Delegate,At-Large,Republican,Stacey Campfield - Gingrich,217
Stewart,Delegate,At-Large,Republican,Steve Allbrooks - Romney,179
Stewart,Delegate,At-Large,Republican,Steve Buttry - Romney,147
Stewart,Delegate,At-Large,Republican,Steven Warhurst - Paul,91
Stewart,Delegate,At-Large,Republican,Susan Richardson Williams - Romney,98
Stewart,Delegate,At-Large,Republican,Thomas Smith - Perry,48
Stewart,Delegate,At-Large,Republican,Tiffany Ramsey Goforth - Perry,48
Stewart,Delegate,At-Large,Republican,Tony Shipley - Gingrich,170
Stewart,Delegate,At-Large,Republican,Victor Ashe - Huntsman,103
Stewart,Delegate,At-Large,Republican,Wendell Moore - Romney,141
Stewart,Delegate,At-Large,Republican,Willis Ayres - Gingrich,186
Stewart,Delegate,At-Large,Republican,Winfield Dunn - Romney,162
Stewart,Presidential Preference,NA,Democratic,Barack Obama,290
Stewart,Presidential Preference,NA,Democratic,Uncommitted,35
Stewart,Presidential Preference,NA,Republican,"Charles ""Buddy"" Roemer",3
Stewart,Presidential Preference,NA,Republican,Gary Johnson,2
Stewart,Presidential Preference,NA,Republican,Jon Huntsman,3
Stewart,Presidential Preference,NA,Republican,Michele Bachmann,2
Stewart,Presidential Preference,NA,Republican,Mitt Romney,269
Stewart,Presidential Preference,NA,Republican,Newt Gingrich,243
Stewart,Presidential Preference,NA,Republican,Rick Perry,3
Stewart,Presidential Preference,NA,Republican,Rick Santorum,500
Stewart,Presidential Preference,NA,Republican,Ron Paul,116
Stewart,Presidential Preference,NA,Republican,Uncommitted,9
Sullivan,Delegate,1,Republican,Alicia Mumpower - Romney,2228
Sullivan,Delegate,1,Republican,Charles Cook - Paul,886
Sullivan,Delegate,1,Republican,David Golden - Romney,2176
Sullivan,Delegate,1,Republican,Dustin Goforth - Perry,345
Sullivan,Delegate,1,Republican,Gregg Richardson - Paul,866
Sullivan,Delegate,1,Republican,"Jeffrey ""Bo"" Shultz - Uncommitted",736
Sullivan,Delegate,1,Republican,Jennifer Flanary - Uncommitted,916
Sullivan,Delegate,1,Republican,Jesse Overbey - Uncommitted,847
Sullivan,Delegate,1,Republican,Jordan G. Young - Perry,289
Sullivan,Delegate,1,Republican,Linda D. Buckles - Gingrich,3346
Sullivan,Delegate,1,Republican,Linda L. Osborne - Gingrich,3111
Sullivan,Delegate,1,Republican,Michael H. Simpson - Paul,489
Sullivan,Delegate,1,Republican,P K Lowrey - Paul,850
Sullivan,Delegate,1,Republican,Phil Hoskins - Gingrich,3440
Sullivan,Delegate,1,Republican,Warren Jones - Romney,2131
Sullivan,District Attorney General,2,Republican,Barry Staubus,7329
Sullivan,Delegate,At-Large,Republican,Alexander Oaks Waters - Huntsman,481
Sullivan,Delegate,At-Large,Republican,Andre Flanary - Paul,1307
Sullivan,Delegate,At-Large,Republican,Beth Campbell - Romney,2729
Sullivan,Delegate,At-Large,Republican,Brian Kelsey - Perry,515
Sullivan,Delegate,At-Large,Republican,C. Mack Patton - Gingrich,4056
Sullivan,Delegate,At-Large,Republican,Crom Carmichael - Gingrich,3808
Sullivan,Delegate,At-Large,Republican,Daniel Rawls - Paul,1186
Sullivan,Delegate,At-Large,Republican,Donna K. Appleget - Paul,1667
Sullivan,Delegate,At-Large,Republican,Elaine Laney Heard - Perry,609
Sullivan,Delegate,At-Large,Republican,Gail D. Patton - Gingrich,3913
Sullivan,Delegate,At-Large,Republican,Gary Allen - Paul,1779
Sullivan,Delegate,At-Large,Republican,Gary Ellis - Paul,1430
Sullivan,Delegate,At-Large,Republican,Jason Davis - Paul,1621
Sullivan,Delegate,At-Large,Republican,Jeff Pedigo - Paul,1207
Sullivan,Delegate,At-Large,Republican,Jessica Frizzell - Perry,775
Sullivan,Delegate,At-Large,Republican,Jim Looney - Romney,2185
Sullivan,Delegate,At-Large,Republican,Joel Crenshaw - Paul,1579
Sullivan,Delegate,At-Large,Republican,John Crisp - Romney,2503
Sullivan,Delegate,At-Large,Republican,John Gardner - Gingrich,4047
Sullivan,Delegate,At-Large,Republican,John Wayne Cropp - Romney,2389
Sullivan,Delegate,At-Large,Republican,Josh Brown - Romney,2985
Sullivan,Delegate,At-Large,Republican,Juanita Thouin - Uncommitted,1333
Sullivan,Delegate,At-Large,Republican,Julia Hurley - Romney,2276
Sullivan,Delegate,At-Large,Republican,Justin Pitt - Romney,1729
Sullivan,Delegate,At-Large,Republican,Kyle Gregory Perry - Paul,1251
Sullivan,Delegate,At-Large,Republican,Larry Bates - Perry,770
Sullivan,Delegate,At-Large,Republican,Mark White - Romney,950
Sullivan,Delegate,At-Large,Republican,Mark Winslow - Gingrich,3693
Sullivan,Delegate,At-Large,Republican,Martha Ruth Brown - Gingrich,4060
Sullivan,Delegate,At-Large,Republican,Matthew Jerry Johnson - Gingrich,3934
Sullivan,Delegate,At-Large,Republican,Matthew Smith - Perry,508
Sullivan,Delegate,At-Large,Republican,Randal Boyd - Romney,3102
Sullivan,Delegate,At-Large,Republican,Rob Ailey - Romney,3063
Sullivan,Delegate,At-Large,Republican,Robert Tyler Prince - Uncommitted,1707
Sullivan,Delegate,At-Large,Republican,Ron Ramsey - Perry,1652
Sullivan,Delegate,At-Large,Republican,Ronald Lanfear - Paul,1224
Sullivan,Delegate,At-Large,Republican,Rosine Ghawji - Uncommitted,1502
Sullivan,Delegate,At-Large,Republican,Ruth B. Hagerty - Romney,2303
Sullivan,Delegate,At-Large,Republican,Sandy Crawford - Uncommitted,1923
Sullivan,Delegate,At-Large,Republican,Shalia Lankford - Perry,423
Sullivan,Delegate,At-Large,Republican,Sindy Ramsey - Perry,816
Sullivan,Delegate,At-Large,Republican,Stacey Campfield - Gingrich,4023
Sullivan,Delegate,At-Large,Republican,Steve Allbrooks - Romney,3111
Sullivan,Delegate,At-Large,Republican,Steve Buttry - Romney,2707
Sullivan,Delegate,At-Large,Republican,Steven Warhurst - Paul,1159
Sullivan,Delegate,At-Large,Republican,Susan Richardson Williams - Romney,1105
Sullivan,Delegate,At-Large,Republican,Thomas Smith - Perry,419
Sullivan,Delegate,At-Large,Republican,Tiffany Ramsey Goforth - Perry,987
Sullivan,Delegate,At-Large,Republican,Tony Shipley - Gingrich,4639
Sullivan,Delegate,At-Large,Republican,Victor Ashe - Huntsman,612
Sullivan,Delegate,At-Large,Republican,Wendell Moore - Romney,2034
Sullivan,Delegate,At-Large,Republican,Willis Ayres - Gingrich,4009
Sullivan,Delegate,At-Large,Republican,Winfield Dunn - Romney,2575
Sullivan,Presidential Preference,NA,Democratic,Barack Obama,442
Sullivan,Presidential Preference,NA,Democratic,Uncommitted,70
Sullivan,Presidential Preference,NA,Republican,"Charles ""Buddy"" Roemer",20
Sullivan,Presidential Preference,NA,Republican,Gary Johnson,17
Sullivan,Presidential Preference,NA,Republican,Jon Huntsman,32
Sullivan,Presidential Preference,NA,Republican,Michele Bachmann,76
Sullivan,Presidential Preference,NA,Republican,Mitt Romney,3688
Sullivan,Presidential Preference,NA,Republican,Newt Gingrich,4222
Sullivan,Presidential Preference,NA,Republican,Rick Perry,47
Sullivan,Presidential Preference,NA,Republican,Rick Santorum,4251
Sullivan,Presidential Preference,NA,Republican,Ron Paul,1230
Sullivan,Presidential Preference,NA,Republican,Uncommitted,40
Sumner,Delegate,6,Republican,Beth Cox - Romney,2547
Sumner,Delegate,6,Republican,Chad White - Romney,997
Sumner,Delegate,6,Republican,Christopher Stephen Hughes - Gingrich,2893
Sumner,Delegate,6,Republican,Debra K. Copass - Romney,1582
Sumner,Delegate,6,Republican,Joe Carr - Gingrich,3213
Sumner,Delegate,6,Republican,Justin Wax - Perry,478
Sumner,Delegate,6,Republican,Mark Abbotoy - Paul,1267
Sumner,Delegate,6,Republican,Randy Stamps - Romney,2589
Sumner,Delegate,6,Republican,Sofia Carnicelli Grey - Paul,1114
Sumner,Delegate,6,Republican,Susan Witcher - Gingrich,1419
Sumner,Delegate,6,Republican,Terri Lynn Weaver - Gingrich,3108
Sumner,Delegate,6,Republican,Terry Barnes - Uncommitted,995
Sumner,Delegate,At-Large,Republican,Alexander Oaks Waters - Huntsman,1165
Sumner,Delegate,At-Large,Republican,Andre Flanary - Paul,1243
Sumner,Delegate,At-Large,Republican,Beth Campbell - Romney,3112
Sumner,Delegate,At-Large,Republican,Brian Kelsey - Perry,521
Sumner,Delegate,At-Large,Republican,C. Mack Patton - Gingrich,3371
Sumner,Delegate,At-Large,Republican,Crom Carmichael - Gingrich,3268
Sumner,Delegate,At-Large,Republican,Daniel Rawls - Paul,1045
Sumner,Delegate,At-Large,Republican,Donna K. Appleget - Paul,1644
Sumner,Delegate,At-Large,Republican,Elaine Laney Heard - Perry,601
Sumner,Delegate,At-Large,Republican,Gail D. Patton - Gingrich,3567
Sumner,Delegate,At-Large,Republican,Gary Allen - Paul,1915
Sumner,Delegate,At-Large,Republican,Gary Ellis - Paul,1502
Sumner,Delegate,At-Large,Republican,Jason Davis - Paul,1452
Sumner,Delegate,At-Large,Republican,Jeff Pedigo - Paul,1504
Sumner,Delegate,At-Large,Republican,Jessica Frizzell - Perry,847
Sumner,Delegate,At-Large,Republican,Jim Looney - Romney,2218
Sumner,Delegate,At-Large,Republican,Joel Crenshaw - Paul,1451
Sumner,Delegate,At-Large,Republican,John Crisp - Romney,2638
Sumner,Delegate,At-Large,Republican,John Gardner - Gingrich,3710
Sumner,Delegate,At-Large,Republican,John Wayne Cropp - Romney,2496
Sumner,Delegate,At-Large,Republican,Josh Brown - Romney,2910
Sumner,Delegate,At-Large,Republican,Juanita Thouin - Uncommitted,1026
Sumner,Delegate,At-Large,Republican,Julia Hurley - Romney,2457
Sumner,Delegate,At-Large,Republican,Justin Pitt - Romney,2097
Sumner,Delegate,At-Large,Republican,Kyle Gregory Perry - Paul,1166
Sumner,Delegate,At-Large,Republican,Larry Bates - Perry,767
Sumner,Delegate,At-Large,Republican,Mark White - Romney,1240
Sumner,Delegate,At-Large,Republican,Mark Winslow - Gingrich,2804
Sumner,Delegate,At-Large,Republican,Martha Ruth Brown - Gingrich,3733
Sumner,Delegate,At-Large,Republican,Matthew Jerry Johnson - Gingrich,3409
Sumner,Delegate,At-Large,Republican,Matthew Smith - Perry,502
Sumner,Delegate,At-Large,Republican,Randal Boyd - Romney,2709
Sumner,Delegate,At-Large,Republican,Rob Ailey - Romney,2677
Sumner,Delegate,At-Large,Republican,Robert Tyler Prince - Uncommitted,1281
Sumner,Delegate,At-Large,Republican,Ron Ramsey - Perry,1345
Sumner,Delegate,At-Large,Republican,Ronald Lanfear - Paul,1206
Sumner,Delegate,At-Large,Republican,Rosine Ghawji - Uncommitted,1136
Sumner,Delegate,At-Large,Republican,Ruth B. Hagerty - Romney,2455
Sumner,Delegate,At-Large,Republican,Sandy Crawford - Uncommitted,1550
Sumner,Delegate,At-Large,Republican,Shalia Lankford - Perry,511
Sumner,Delegate,At-Large,Republican,Sindy Ramsey - Perry,591
Sumner,Delegate,At-Large,Republican,Stacey Campfield - Gingrich,3616
Sumner,Delegate,At-Large,Republican,Steve Allbrooks - Romney,2913
Sumner,Delegate,At-Large,Republican,Steve Buttry - Romney,2560
Sumner,Delegate,At-Large,Republican,Steven Warhurst - Paul,966
Sumner,Delegate,At-Large,Republican,Susan Richardson Williams - Romney,1193
Sumner,Delegate,At-Large,Republican,Thomas Smith - Perry,453
Sumner,Delegate,At-Large,Republican,Tiffany Ramsey Goforth - Perry,625
Sumner,Delegate,At-Large,Republican,Tony Shipley - Gingrich,2952
Sumner,Delegate,At-Large,Republican,Victor Ashe - Huntsman,1392
Sumner,Delegate,At-Large,Republican,Wendell Moore - Romney,2288
Sumner,Delegate,At-Large,Republican,Willis Ayres - Gingrich,3430
Sumner,Delegate,At-Large,Republican,Winfield Dunn - Romney,3181
Sumner,Presidential Preference,NA,Democratic,Barack Obama,1665
Sumner,Presidential Preference,NA,Democratic,Uncommitted,263
Sumner,Presidential Preference,NA,Republican,"Charles ""Buddy"" Roemer",24
Sumner,Presidential Preference,NA,Republican,Gary Johnson,9
Sumner,Presidential Preference,NA,Republican,Jon Huntsman,30
Sumner,Presidential Preference,NA,Republican,Michele Bachmann,58
Sumner,Presidential Preference,NA,Republican,Mitt Romney,4986
Sumner,Presidential Preference,NA,Republican,Newt Gingrich,4736
Sumner,Presidential Preference,NA,Republican,Rick Perry,59
Sumner,Presidential Preference,NA,Republican,Rick Santorum,6884
Sumner,Presidential Preference,NA,Republican,Ron Paul,1328
Sumner,Presidential Preference,NA,Republican,Uncommitted,84
Tipton,Delegate,8,Republican,Adrian Eddleman - Paul,272
Tipton,Delegate,8,Republican,Betty Anderson - Romney,355
Tipton,Delegate,8,Republican,Bob D. Anderson - Romney,334
Tipton,Delegate,8,Republican,Emily H. Shore - Gingrich,716
Tipton,Delegate,8,Republican,James William Shore - Gingrich,643
Tipton,Delegate,8,Republican,Jeremie Schultz - Paul,251
Tipton,Delegate,8,Republican,Jim Summerville - Perry,100
Tipton,Delegate,8,Republican,Mark E. Green - Perry,158
Tipton,Delegate,8,Republican,Mike Peery - Gingrich,746
Tipton,Delegate,8,Republican,Oneida Wagoner - Romney,95
Tipton,Delegate,8,Republican,Steve Maroney - Romney,328
Tipton,Delegate,8,Republican,Ted Williams - Perry,135
Tipton,Delegate,8,Republican,Tiffany Doyle - Paul,326
Tipton,Delegate,At-Large,Republican,Alexander Oaks Waters - Huntsman,256
Tipton,Delegate,At-Large,Republican,Andre Flanary - Paul,281
Tipton,Delegate,At-Large,Republican,Beth Campbell - Romney,506
Tipton,Delegate,At-Large,Republican,Brian Kelsey - Perry,174
Tipton,Delegate,At-Large,Republican,C. Mack Patton - Gingrich,681
Tipton,Delegate,At-Large,Republican,Crom Carmichael - Gingrich,614
Tipton,Delegate,At-Large,Republican,Daniel Rawls - Paul,258
Tipton,Delegate,At-Large,Republican,Donna K. Appleget - Paul,371
Tipton,Delegate,At-Large,Republican,Elaine Laney Heard - Perry,141
Tipton,Delegate,At-Large,Republican,Gail D. Patton - Gingrich,726
Tipton,Delegate,At-Large,Republican,Gary Allen - Paul,444
Tipton,Delegate,At-Large,Republican,Gary Ellis - Paul,368
Tipton,Delegate,At-Large,Republican,Jason Davis - Paul,356
Tipton,Delegate,At-Large,Republican,Jeff Pedigo - Paul,269
Tipton,Delegate,At-Large,Republican,Jessica Frizzell - Perry,183
Tipton,Delegate,At-Large,Republican,Jim Looney - Romney,371
Tipton,Delegate,At-Large,Republican,Joel Crenshaw - Paul,384
Tipton,Delegate,At-Large,Republican,John Crisp - Romney,447
Tipton,Delegate,At-Large,Republican,John Gardner - Gingrich,788
Tipton,Delegate,At-Large,Republican,John Wayne Cropp - Romney,428
Tipton,Delegate,At-Large,Republican,Josh Brown - Romney,463
Tipton,Delegate,At-Large,Republican,Juanita Thouin - Uncommitted,242
Tipton,Delegate,At-Large,Republican,Julia Hurley - Romney,407
Tipton,Delegate,At-Large,Republican,Justin Pitt - Romney,337
Tipton,Delegate,At-Large,Republican,Kyle Gregory Perry - Paul,276
Tipton,Delegate,At-Large,Republican,Larry Bates - Perry,200
Tipton,Delegate,At-Large,Republican,Mark White - Romney,258
Tipton,Delegate,At-Large,Republican,Mark Winslow - Gingrich,568
Tipton,Delegate,At-Large,Republican,Martha Ruth Brown - Gingrich,717
Tipton,Delegate,At-Large,Republican,Matthew Jerry Johnson - Gingrich,667
Tipton,Delegate,At-Large,Republican,Matthew Smith - Perry,154
Tipton,Delegate,At-Large,Republican,Randal Boyd - Romney,451
Tipton,Delegate,At-Large,Republican,Rob Ailey - Romney,440
Tipton,Delegate,At-Large,Republican,Robert Tyler Prince - Uncommitted,313
Tipton,Delegate,At-Large,Republican,Ron Ramsey - Perry,325
Tipton,Delegate,At-Large,Republican,Ronald Lanfear - Paul,302
Tipton,Delegate,At-Large,Republican,Rosine Ghawji - Uncommitted,279
Tipton,Delegate,At-Large,Republican,Ruth B. Hagerty - Romney,370
Tipton,Delegate,At-Large,Republican,Sandy Crawford - Uncommitted,373
Tipton,Delegate,At-Large,Republican,Shalia Lankford - Perry,97
Tipton,Delegate,At-Large,Republican,Sindy Ramsey - Perry,164
Tipton,Delegate,At-Large,Republican,Stacey Campfield - Gingrich,715
Tipton,Delegate,At-Large,Republican,Steve Allbrooks - Romney,522
Tipton,Delegate,At-Large,Republican,Steve Buttry - Romney,424
Tipton,Delegate,At-Large,Republican,Steven Warhurst - Paul,227
Tipton,Delegate,At-Large,Republican,Susan Richardson Williams - Romney,188
Tipton,Delegate,At-Large,Republican,Thomas Smith - Perry,143
Tipton,Delegate,At-Large,Republican,Tiffany Ramsey Goforth - Perry,200
Tipton,Delegate,At-Large,Republican,Tony Shipley - Gingrich,611
Tipton,Delegate,At-Large,Republican,Victor Ashe - Huntsman,275
Tipton,Delegate,At-Large,Republican,Wendell Moore - Romney,360
Tipton,Delegate,At-Large,Republican,Willis Ayres - Gingrich,626
Tipton,Delegate,At-Large,Republican,Winfield Dunn - Romney,524
Tipton,Presidential Preference,NA,Democratic,Barack Obama,237
Tipton,Presidential Preference,NA,Democratic,Uncommitted,33
Tipton,Presidential Preference,NA,Republican,"Charles ""Buddy"" Roemer",5
Tipton,Presidential Preference,NA,Republican,Gary Johnson,4
Tipton,Presidential Preference,NA,Republican,Jon Huntsman,4
Tipton,Presidential Preference,NA,Republican,Michele Bachmann,13
Tipton,Presidential Preference,NA,Republican,Mitt Romney,966
Tipton,Presidential Preference,NA,Republican,Newt Gingrich,1042
Tipton,Presidential Preference,NA,Republican,Rick Perry,15
Tipton,Presidential Preference,NA,Republican,Rick Santorum,2333
Tipton,Presidential Preference,NA,Republican,Ron Paul,340
Tipton,Presidential Preference,NA,Republican,Uncommitted,15
Trousdale,Delegate,6,Republican,Beth Cox - Romney,45
Trousdale,Delegate,6,Republican,Chad White - Romney,13
Trousdale,Delegate,6,Republican,Christopher Stephen Hughes - Gingrich,73
Trousdale,Delegate,6,Republican,Debra K. Copass - Romney,38
Trousdale,Delegate,6,Republican,Joe Carr - Gingrich,76
Trousdale,Delegate,6,Republican,Justin Wax - Perry,16
Trousdale,Delegate,6,Republican,Mark Abbotoy - Paul,64
Trousdale,Delegate,6,Republican,Randy Stamps - Romney,37
Trousdale,Delegate,6,Republican,Sofia Carnicelli Grey - Paul,45
Trousdale,Delegate,6,Republican,Susan Witcher - Gingrich,58
Trousdale,Delegate,6,Republican,Terri Lynn Weaver - Gingrich,110
Trousdale,Delegate,6,Republican,Terry Barnes - Uncommitted,40
Trousdale,Delegate,At-Large,Republican,Alexander Oaks Waters - Huntsman,29
Trousdale,Delegate,At-Large,Republican,Andre Flanary - Paul,56
Trousdale,Delegate,At-Large,Republican,Beth Campbell - Romney,56
Trousdale,Delegate,At-Large,Republican,Brian Kelsey - Perry,11
Trousdale,Delegate,At-Large,Republican,C. Mack Patton - Gingrich,97
Trousdale,Delegate,At-Large,Republican,Crom Carmichael - Gingrich,86
Trousdale,Delegate,At-Large,Republican,Daniel Rawls - Paul,48
Trousdale,Delegate,At-Large,Republican,Donna K. Appleget - Paul,69
Trousdale,Delegate,At-Large,Republican,Elaine Laney Heard - Perry,18
Trousdale,Delegate,At-Large,Republican,Gail D. Patton - Gingrich,94
Trousdale,Delegate,At-Large,Republican,Gary Allen - Paul,79
Trousdale,Delegate,At-Large,Republican,Gary Ellis - Paul,63
Trousdale,Delegate,At-Large,Republican,Jason Davis - Paul,62
Trousdale,Delegate,At-Large,Republican,Jeff Pedigo - Paul,63
Trousdale,Delegate,At-Large,Republican,Jessica Frizzell - Perry,24
Trousdale,Delegate,At-Large,Republican,Jim Looney - Romney,44
Trousdale,Delegate,At-Large,Republican,Joel Crenshaw - Paul,65
Trousdale,Delegate,At-Large,Republican,John Crisp - Romney,47
Trousdale,Delegate,At-Large,Republican,John Gardner - Gingrich,96
Trousdale,Delegate,At-Large,Republican,John Wayne Cropp - Romney,45
Trousdale,Delegate,At-Large,Republican,Josh Brown - Romney,53
Trousdale,Delegate,At-Large,Republican,Juanita Thouin - Uncommitted,31
Trousdale,Delegate,At-Large,Republican,Julia Hurley - Romney,48
Trousdale,Delegate,At-Large,Republican,Justin Pitt - Romney,39
Trousdale,Delegate,At-Large,Republican,Kyle Gregory Perry - Paul,58
Trousdale,Delegate,At-Large,Republican,Larry Bates - Perry,25
Trousdale,Delegate,At-Large,Republican,Mark White - Romney,26
Trousdale,Delegate,At-Large,Republican,Mark Winslow - Gingrich,73
Trousdale,Delegate,At-Large,Republican,Martha Ruth Brown - Gingrich,107
Trousdale,Delegate,At-Large,Republican,Matthew Jerry Johnson - Gingrich,91
Trousdale,Delegate,At-Large,Republican,Matthew Smith - Perry,17
Trousdale,Delegate,At-Large,Republican,Randal Boyd - Romney,49
Trousdale,Delegate,At-Large,Republican,Rob Ailey - Romney,50
Trousdale,Delegate,At-Large,Republican,Robert Tyler Prince - Uncommitted,43
Trousdale,Delegate,At-Large,Republican,Ron Ramsey - Perry,46
Trousdale,Delegate,At-Large,Republican,Ronald Lanfear - Paul,57
Trousdale,Delegate,At-Large,Republican,Rosine Ghawji - Uncommitted,35
Trousdale,Delegate,At-Large,Republican,Ruth B. Hagerty - Romney,45
Trousdale,Delegate,At-Large,Republican,Sandy Crawford - Uncommitted,50
Trousdale,Delegate,At-Large,Republican,Shalia Lankford - Perry,17
Trousdale,Delegate,At-Large,Republican,Sindy Ramsey - Perry,15
Trousdale,Delegate,At-Large,Republican,Stacey Campfield - Gingrich,92
Trousdale,Delegate,At-Large,Republican,Steve Allbrooks - Romney,47
Trousdale,Delegate,At-Large,Republican,Steve Buttry - Romney,48
Trousdale,Delegate,At-Large,Republican,Steven Warhurst - Paul,49
Trousdale,Delegate,At-Large,Republican,Susan Richardson Williams - Romney,13
Trousdale,Delegate,At-Large,Republican,Thomas Smith - Perry,16
Trousdale,Delegate,At-Large,Republican,Tiffany Ramsey Goforth - Perry,21
Trousdale,Delegate,At-Large,Republican,Tony Shipley - Gingrich,80
Trousdale,Delegate,At-Large,Republican,Victor Ashe - Huntsman,41
Trousdale,Delegate,At-Large,Republican,Wendell Moore - Romney,43
Trousdale,Delegate,At-Large,Republican,Willis Ayres - Gingrich,87
Trousdale,Delegate,At-Large,Republican,Winfield Dunn - Romney,65
Trousdale,Presidential Preference,NA,Democratic,Barack Obama,140
Trousdale,Presidential Preference,NA,Democratic,Uncommitted,10
Trousdale,Presidential Preference,NA,Republican,"Charles ""Buddy"" Roemer",1
Trousdale,Presidential Preference,NA,Republican,Gary Johnson,2
Trousdale,Presidential Preference,NA,Republican,Jon Huntsman,1
Trousdale,Presidential Preference,NA,Republican,Michele Bachmann,2
Trousdale,Presidential Preference,NA,Republican,Mitt Romney,96
Trousdale,Presidential Preference,NA,Republican,Newt Gingrich,160
Trousdale,Presidential Preference,NA,Republican,Rick Perry,2
Trousdale,Presidential Preference,NA,Republican,Rick Santorum,266
Trousdale,Presidential Preference,NA,Republican,Ron Paul,70
Trousdale,Presidential Preference,NA,Republican,Uncommitted,3
Unicoi,Delegate,1,Republican,Alicia Mumpower - Romney,216
Unicoi,Delegate,1,Republican,Charles Cook - Paul,146
Unicoi,Delegate,1,Republican,David Golden - Romney,201
Unicoi,Delegate,1,Republican,Dustin Goforth - Perry,33
Unicoi,Delegate,1,Republican,Gregg Richardson - Paul,146
Unicoi,Delegate,1,Republican,"Jeffrey ""Bo"" Shultz - Uncommitted",113
Unicoi,Delegate,1,Republican,Jennifer Flanary - Uncommitted,111
Unicoi,Delegate,1,Republican,Jesse Overbey - Uncommitted,109
Unicoi,Delegate,1,Republican,Jordan G. Young - Perry,43
Unicoi,Delegate,1,Republican,Linda D. Buckles - Gingrich,367
Unicoi,Delegate,1,Republican,Linda L. Osborne - Gingrich,356
Unicoi,Delegate,1,Republican,Michael H. Simpson - Paul,85
Unicoi,Delegate,1,Republican,P K Lowrey - Paul,101
Unicoi,Delegate,1,Republican,Phil Hoskins - Gingrich,395
Unicoi,Delegate,1,Republican,Warren Jones - Romney,204
Unicoi,Delegate,At-Large,Republican,Alexander Oaks Waters - Huntsman,198
Unicoi,Delegate,At-Large,Republican,Andre Flanary - Paul,169
Unicoi,Delegate,At-Large,Republican,Beth Campbell - Romney,300
Unicoi,Delegate,At-Large,Republican,Brian Kelsey - Perry,62
Unicoi,Delegate,At-Large,Republican,C. Mack Patton - Gingrich,398
Unicoi,Delegate,At-Large,Republican,Crom Carmichael - Gingrich,357
Unicoi,Delegate,At-Large,Republican,Daniel Rawls - Paul,151
Unicoi,Delegate,At-Large,Republican,Donna K. Appleget - Paul,208
Unicoi,Delegate,At-Large,Republican,Elaine Laney Heard - Perry,61
Unicoi,Delegate,At-Large,Republican,Gail D. Patton - Gingrich,403
Unicoi,Delegate,At-Large,Republican,Gary Allen - Paul,289
Unicoi,Delegate,At-Large,Republican,Gary Ellis - Paul,199
Unicoi,Delegate,At-Large,Republican,Jason Davis - Paul,206
Unicoi,Delegate,At-Large,Republican,Jeff Pedigo - Paul,153
Unicoi,Delegate,At-Large,Republican,Jessica Frizzell - Perry,62
Unicoi,Delegate,At-Large,Republican,Jim Looney - Romney,226
Unicoi,Delegate,At-Large,Republican,Joel Crenshaw - Paul,183
Unicoi,Delegate,At-Large,Republican,John Crisp - Romney,245
Unicoi,Delegate,At-Large,Republican,John Gardner - Gingrich,441
Unicoi,Delegate,At-Large,Republican,John Wayne Cropp - Romney,240
Unicoi,Delegate,At-Large,Republican,Josh Brown - Romney,291
Unicoi,Delegate,At-Large,Republican,Juanita Thouin - Uncommitted,108
Unicoi,Delegate,At-Large,Republican,Julia Hurley - Romney,245
Unicoi,Delegate,At-Large,Republican,Justin Pitt - Romney,207
Unicoi,Delegate,At-Large,Republican,Kyle Gregory Perry - Paul,158
Unicoi,Delegate,At-Large,Republican,Larry Bates - Perry,83
Unicoi,Delegate,At-Large,Republican,Mark White - Romney,166
Unicoi,Delegate,At-Large,Republican,Mark Winslow - Gingrich,330
Unicoi,Delegate,At-Large,Republican,Martha Ruth Brown - Gingrich,417
Unicoi,Delegate,At-Large,Republican,Matthew Jerry Johnson - Gingrich,391
Unicoi,Delegate,At-Large,Republican,Matthew Smith - Perry,75
Unicoi,Delegate,At-Large,Republican,Randal Boyd - Romney,258
Unicoi,Delegate,At-Large,Republican,Rob Ailey - Romney,275
Unicoi,Delegate,At-Large,Republican,Robert Tyler Prince - Uncommitted,130
Unicoi,Delegate,At-Large,Republican,Ron Ramsey - Perry,313
Unicoi,Delegate,At-Large,Republican,Ronald Lanfear - Paul,166
Unicoi,Delegate,At-Large,Republican,Rosine Ghawji - Uncommitted,103
Unicoi,Delegate,At-Large,Republican,Ruth B. Hagerty - Romney,232
Unicoi,Delegate,At-Large,Republican,Sandy Crawford - Uncommitted,168
Unicoi,Delegate,At-Large,Republican,Shalia Lankford - Perry,48
Unicoi,Delegate,At-Large,Republican,Sindy Ramsey - Perry,72
Unicoi,Delegate,At-Large,Republican,Stacey Campfield - Gingrich,379
Unicoi,Delegate,At-Large,Republican,Steve Allbrooks - Romney,239
Unicoi,Delegate,At-Large,Republican,Steve Buttry - Romney,235
Unicoi,Delegate,At-Large,Republican,Steven Warhurst - Paul,138
Unicoi,Delegate,At-Large,Republican,Susan Richardson Williams - Romney,112
Unicoi,Delegate,At-Large,Republican,Thomas Smith - Perry,61
Unicoi,Delegate,At-Large,Republican,Tiffany Ramsey Goforth - Perry,76
Unicoi,Delegate,At-Large,Republican,Tony Shipley - Gingrich,569
Unicoi,Delegate,At-Large,Republican,Victor Ashe - Huntsman,215
Unicoi,Delegate,At-Large,Republican,Wendell Moore - Romney,210
Unicoi,Delegate,At-Large,Republican,Willis Ayres - Gingrich,384
Unicoi,Delegate,At-Large,Republican,Winfield Dunn - Romney,282
Unicoi,Presidential Preference,NA,Democratic,Barack Obama,52
Unicoi,Presidential Preference,NA,Democratic,Uncommitted,15
Unicoi,Presidential Preference,NA,Republican,"Charles ""Buddy"" Roemer",8
Unicoi,Presidential Preference,NA,Republican,Gary Johnson,6
Unicoi,Presidential Preference,NA,Republican,Jon Huntsman,9
Unicoi,Presidential Preference,NA,Republican,Michele Bachmann,11
Unicoi,Presidential Preference,NA,Republican,Mitt Romney,620
Unicoi,Presidential Preference,NA,Republican,Newt Gingrich,659
Unicoi,Presidential Preference,NA,Republican,Rick Perry,15
Unicoi,Presidential Preference,NA,Republican,Rick Santorum,1018
Unicoi,Presidential Preference,NA,Republican,Ron Paul,265
Unicoi,Presidential Preference,NA,Republican,Uncommitted,66
Union,Delegate,3,Republican,Barbara Dallanegra - Paul,85
Union,Delegate,3,Republican,Bobby Wood - Gingrich,214
Union,Delegate,3,Republican,Daniel Appleget - Paul,93
Union,Delegate,3,Republican,Emily Beaty - Romney,109
Union,Delegate,3,Republican,Hobart L. Rice - Romney,53
Union,Delegate,3,Republican,J.B. Underwood - Paul,78
Union,Delegate,3,Republican,Jeanne E. Wood - Gingrich,192
Union,Delegate,3,Republican,Jennifer Inman Little - Romney,99
Union,Delegate,3,Republican,John S. Stanbery - Gingrich,222
Union,Delegate,3,Republican,Milan M. Blake - Perry,17
Union,Delegate,3,Republican,Oscar Brock - Romney,89
Union,Delegate,3,Republican,Teresa Wood - Gingrich,100
Union,Delegate,At-Large,Republican,Alexander Oaks Waters - Huntsman,100
Union,Delegate,At-Large,Republican,Andre Flanary - Paul,79
Union,Delegate,At-Large,Republican,Beth Campbell - Romney,180
Union,Delegate,At-Large,Republican,Brian Kelsey - Perry,49
Union,Delegate,At-Large,Republican,C. Mack Patton - Gingrich,221
Union,Delegate,At-Large,Republican,Crom Carmichael - Gingrich,199
Union,Delegate,At-Large,Republican,Daniel Rawls - Paul,83
Union,Delegate,At-Large,Republican,Donna K. Appleget - Paul,116
Union,Delegate,At-Large,Republican,Elaine Laney Heard - Perry,54
Union,Delegate,At-Large,Republican,Gail D. Patton - Gingrich,244
Union,Delegate,At-Large,Republican,Gary Allen - Paul,145
Union,Delegate,At-Large,Republican,Gary Ellis - Paul,114
Union,Delegate,At-Large,Republican,Jason Davis - Paul,111
Union,Delegate,At-Large,Republican,Jeff Pedigo - Paul,86
Union,Delegate,At-Large,Republican,Jessica Frizzell - Perry,69
Union,Delegate,At-Large,Republican,Jim Looney - Romney,124
Union,Delegate,At-Large,Republican,Joel Crenshaw - Paul,97
Union,Delegate,At-Large,Republican,John Crisp - Romney,151
Union,Delegate,At-Large,Republican,John Gardner - Gingrich,234
Union,Delegate,At-Large,Republican,John Wayne Cropp - Romney,147
Union,Delegate,At-Large,Republican,Josh Brown - Romney,165
Union,Delegate,At-Large,Republican,Juanita Thouin - Uncommitted,86
Union,Delegate,At-Large,Republican,Julia Hurley - Romney,146
Union,Delegate,At-Large,Republican,Justin Pitt - Romney,117
Union,Delegate,At-Large,Republican,Kyle Gregory Perry - Paul,91
Union,Delegate,At-Large,Republican,Larry Bates - Perry,82
Union,Delegate,At-Large,Republican,Mark White - Romney,73
Union,Delegate,At-Large,Republican,Mark Winslow - Gingrich,188
Union,Delegate,At-Large,Republican,Martha Ruth Brown - Gingrich,241
Union,Delegate,At-Large,Republican,Matthew Jerry Johnson - Gingrich,226
Union,Delegate,At-Large,Republican,Matthew Smith - Perry,54
Union,Delegate,At-Large,Republican,Randal Boyd - Romney,149
Union,Delegate,At-Large,Republican,Rob Ailey - Romney,160
Union,Delegate,At-Large,Republican,Robert Tyler Prince - Uncommitted,100
Union,Delegate,At-Large,Republican,Ron Ramsey - Perry,109
Union,Delegate,At-Large,Republican,Ronald Lanfear - Paul,83
Union,Delegate,At-Large,Republican,Rosine Ghawji - Uncommitted,91
Union,Delegate,At-Large,Republican,Ruth B. Hagerty - Romney,130
Union,Delegate,At-Large,Republican,Sandy Crawford - Uncommitted,119
Union,Delegate,At-Large,Republican,Shalia Lankford - Perry,40
Union,Delegate,At-Large,Republican,Sindy Ramsey - Perry,44
Union,Delegate,At-Large,Republican,Stacey Campfield - Gingrich,331
Union,Delegate,At-Large,Republican,Steve Allbrooks - Romney,145
Union,Delegate,At-Large,Republican,Steve Buttry - Romney,137
Union,Delegate,At-Large,Republican,Steven Warhurst - Paul,82
Union,Delegate,At-Large,Republican,Susan Richardson Williams - Romney,84
Union,Delegate,At-Large,Republican,Thomas Smith - Perry,41
Union,Delegate,At-Large,Republican,Tiffany Ramsey Goforth - Perry,54
Union,Delegate,At-Large,Republican,Tony Shipley - Gingrich,200
Union,Delegate,At-Large,Republican,Victor Ashe - Huntsman,225
Union,Delegate,At-Large,Republican,Wendell Moore - Romney,127
Union,Delegate,At-Large,Republican,Willis Ayres - Gingrich,239
Union,Delegate,At-Large,Republican,Winfield Dunn - Romney,204
Union,Presidential Preference,NA,Democratic,Barack Obama,66
Union,Presidential Preference,NA,Democratic,Uncommitted,29
Union,Presidential Preference,NA,Republican,"Charles ""Buddy"" Roemer",2
Union,Presidential Preference,NA,Republican,Gary Johnson,1
Union,Presidential Preference,NA,Republican,Jon Huntsman,3
Union,Presidential Preference,NA,Republican,Michele Bachmann,4
Union,Presidential Preference,NA,Republican,Mitt Romney,409
Union,Presidential Preference,NA,Republican,Newt Gingrich,395
Union,Presidential Preference,NA,Republican,Rick Perry,3
Union,Presidential Preference,NA,Republican,Rick Santorum,509
Union,Presidential Preference,NA,Republican,Ron Paul,113
Union,Presidential Preference,NA,Republican,Uncommitted,6
Van Buren,Delegate,4,Republican,Amanda Griffith - Paul,43
Van Buren,Delegate,4,Republican,Annette Sapp - Gingrich,98
Van Buren,Delegate,4,Republican,David French - Romney,42
Van Buren,Delegate,4,Republican,David G. Bearden - Paul,43
Van Buren,Delegate,4,Republican,Jason Whatley - Romney,43
Van Buren,Delegate,4,Republican,Kristopher D. Miller - Perry,26
Van Buren,Delegate,4,Republican,Mary Ellen Redford - Paul,22
Van Buren,Delegate,4,Republican,Nancy French - Romney,51
Van Buren,Delegate,4,Republican,Robert Crigger - Uncommitted,29
Van Buren,Delegate,4,Republican,Steven Lane - Paul,34
Van Buren,Delegate,4,Republican,Tommy Lee Francis - Perry,31
Van Buren,Delegate,At-Large,Republican,Alexander Oaks Waters - Huntsman,42
Van Buren,Delegate,At-Large,Republican,Andre Flanary - Paul,31
Van Buren,Delegate,At-Large,Republican,Beth Campbell - Romney,61
Van Buren,Delegate,At-Large,Republican,Brian Kelsey - Perry,17
Van Buren,Delegate,At-Large,Republican,C. Mack Patton - Gingrich,92
Van Buren,Delegate,At-Large,Republican,Crom Carmichael - Gingrich,93
Van Buren,Delegate,At-Large,Republican,Daniel Rawls - Paul,25
Van Buren,Delegate,At-Large,Republican,Donna K. Appleget - Paul,43
Van Buren,Delegate,At-Large,Republican,Elaine Laney Heard - Perry,19
Van Buren,Delegate,At-Large,Republican,Gail D. Patton - Gingrich,99
Van Buren,Delegate,At-Large,Republican,Gary Allen - Paul,53
Van Buren,Delegate,At-Large,Republican,Gary Ellis - Paul,44
Van Buren,Delegate,At-Large,Republican,Jason Davis - Paul,48
Van Buren,Delegate,At-Large,Republican,Jeff Pedigo - Paul,43
Van Buren,Delegate,At-Large,Republican,Jessica Frizzell - Perry,16
Van Buren,Delegate,At-Large,Republican,Jim Looney - Romney,37
Van Buren,Delegate,At-Large,Republican,Joel Crenshaw - Paul,40
Van Buren,Delegate,At-Large,Republican,John Crisp - Romney,43
Van Buren,Delegate,At-Large,Republican,John Gardner - Gingrich,106
Van Buren,Delegate,At-Large,Republican,John Wayne Cropp - Romney,44
Van Buren,Delegate,At-Large,Republican,Josh Brown - Romney,46
Van Buren,Delegate,At-Large,Republican,Juanita Thouin - Uncommitted,32
Van Buren,Delegate,At-Large,Republican,Julia Hurley - Romney,39
Van Buren,Delegate,At-Large,Republican,Justin Pitt - Romney,35
Van Buren,Delegate,At-Large,Republican,Kyle Gregory Perry - Paul,36
Van Buren,Delegate,At-Large,Republican,Larry Bates - Perry,23
Van Buren,Delegate,At-Large,Republican,Mark White - Romney,22
Van Buren,Delegate,At-Large,Republican,Mark Winslow - Gingrich,85
Van Buren,Delegate,At-Large,Republican,Martha Ruth Brown - Gingrich,105
Van Buren,Delegate,At-Large,Republican,Matthew Jerry Johnson - Gingrich,92
Van Buren,Delegate,At-Large,Republican,Matthew Smith - Perry,11
Van Buren,Delegate,At-Large,Republican,Randal Boyd - Romney,48
Van Buren,Delegate,At-Large,Republican,Rob Ailey - Romney,42
Van Buren,Delegate,At-Large,Republican,Robert Tyler Prince - Uncommitted,40
Van Buren,Delegate,At-Large,Republican,Ron Ramsey - Perry,25
Van Buren,Delegate,At-Large,Republican,Ronald Lanfear - Paul,32
Van Buren,Delegate,At-Large,Republican,Rosine Ghawji - Uncommitted,35
Van Buren,Delegate,At-Large,Republican,Ruth B. Hagerty - Romney,37
Van Buren,Delegate,At-Large,Republican,Sandy Crawford - Uncommitted,46
Van Buren,Delegate,At-Large,Republican,Shalia Lankford - Perry,12
Van Buren,Delegate,At-Large,Republican,Sindy Ramsey - Perry,17
Van Buren,Delegate,At-Large,Republican,Stacey Campfield - Gingrich,104
Van Buren,Delegate,At-Large,Republican,Steve Allbrooks - Romney,37
Van Buren,Delegate,At-Large,Republican,Steve Buttry - Romney,39
Van Buren,Delegate,At-Large,Republican,Steven Warhurst - Paul,26
Van Buren,Delegate,At-Large,Republican,Susan Richardson Williams - Romney,26
Van Buren,Delegate,At-Large,Republican,Thomas Smith - Perry,13
Van Buren,Delegate,At-Large,Republican,Tiffany Ramsey Goforth - Perry,18
Van Buren,Delegate,At-Large,Republican,Tony Shipley - Gingrich,88
Van Buren,Delegate,At-Large,Republican,Victor Ashe - Huntsman,40
Van Buren,Delegate,At-Large,Republican,Wendell Moore - Romney,45
Van Buren,Delegate,At-Large,Republican,Willis Ayres - Gingrich,95
Van Buren,Delegate,At-Large,Republican,Winfield Dunn - Romney,50
Van Buren,Presidential Preference,NA,Democratic,Barack Obama,346
Van Buren,Presidential Preference,NA,Democratic,Uncommitted,135
Van Buren,Presidential Preference,NA,Republican,"Charles ""Buddy"" Roemer",3
Van Buren,Presidential Preference,NA,Republican,Gary Johnson,1
Van Buren,Presidential Preference,NA,Republican,Jon Huntsman,1
Van Buren,Presidential Preference,NA,Republican,Michele Bachmann,2
Van Buren,Presidential Preference,NA,Republican,Mitt Romney,104
Van Buren,Presidential Preference,NA,Republican,Newt Gingrich,138
Van Buren,Presidential Preference,NA,Republican,Rick Perry,1
Van Buren,Presidential Preference,NA,Republican,Rick Santorum,163
Van Buren,Presidential Preference,NA,Republican,Ron Paul,50
Van Buren,Presidential Preference,NA,Republican,Uncommitted,2
Warren,Delegate,4,Republican,Amanda Griffith - Paul,279
Warren,Delegate,4,Republican,Annette Sapp - Gingrich,432
Warren,Delegate,4,Republican,David French - Romney,242
Warren,Delegate,4,Republican,David G. Bearden - Paul,236
Warren,Delegate,4,Republican,Jason Whatley - Romney,214
Warren,Delegate,4,Republican,Kristopher D. Miller - Perry,102
Warren,Delegate,4,Republican,Mary Ellen Redford - Paul,126
Warren,Delegate,4,Republican,Nancy French - Romney,243
Warren,Delegate,4,Republican,Robert Crigger - Uncommitted,149
Warren,Delegate,4,Republican,Steven Lane - Paul,224
Warren,Delegate,4,Republican,Tommy Lee Francis - Perry,154
Warren,Delegate,At-Large,Republican,Alexander Oaks Waters - Huntsman,175
Warren,Delegate,At-Large,Republican,Andre Flanary - Paul,187
Warren,Delegate,At-Large,Republican,Beth Campbell - Romney,338
Warren,Delegate,At-Large,Republican,Brian Kelsey - Perry,81
Warren,Delegate,At-Large,Republican,C. Mack Patton - Gingrich,388
Warren,Delegate,At-Large,Republican,Crom Carmichael - Gingrich,364
Warren,Delegate,At-Large,Republican,Daniel Rawls - Paul,154
Warren,Delegate,At-Large,Republican,Donna K. Appleget - Paul,249
Warren,Delegate,At-Large,Republican,Elaine Laney Heard - Perry,77
Warren,Delegate,At-Large,Republican,Gail D. Patton - Gingrich,413
Warren,Delegate,At-Large,Republican,Gary Allen - Paul,290
Warren,Delegate,At-Large,Republican,Gary Ellis - Paul,216
Warren,Delegate,At-Large,Republican,Jason Davis - Paul,256
Warren,Delegate,At-Large,Republican,Jeff Pedigo - Paul,260
Warren,Delegate,At-Large,Republican,Jessica Frizzell - Perry,93
Warren,Delegate,At-Large,Republican,Jim Looney - Romney,218
Warren,Delegate,At-Large,Republican,Joel Crenshaw - Paul,212
Warren,Delegate,At-Large,Republican,John Crisp - Romney,273
Warren,Delegate,At-Large,Republican,John Gardner - Gingrich,463
Warren,Delegate,At-Large,Republican,John Wayne Cropp - Romney,274
Warren,Delegate,At-Large,Republican,Josh Brown - Romney,317
Warren,Delegate,At-Large,Republican,Juanita Thouin - Uncommitted,133
Warren,Delegate,At-Large,Republican,Julia Hurley - Romney,261
Warren,Delegate,At-Large,Republican,Justin Pitt - Romney,199
Warren,Delegate,At-Large,Republican,Kyle Gregory Perry - Paul,177
Warren,Delegate,At-Large,Republican,Larry Bates - Perry,108
Warren,Delegate,At-Large,Republican,Mark White - Romney,126
Warren,Delegate,At-Large,Republican,Mark Winslow - Gingrich,334
Warren,Delegate,At-Large,Republican,Martha Ruth Brown - Gingrich,448
Warren,Delegate,At-Large,Republican,Matthew Jerry Johnson - Gingrich,400
Warren,Delegate,At-Large,Republican,Matthew Smith - Perry,105
Warren,Delegate,At-Large,Republican,Randal Boyd - Romney,317
Warren,Delegate,At-Large,Republican,Rob Ailey - Romney,271
Warren,Delegate,At-Large,Republican,Robert Tyler Prince - Uncommitted,187
Warren,Delegate,At-Large,Republican,Ron Ramsey - Perry,180
Warren,Delegate,At-Large,Republican,Ronald Lanfear - Paul,174
Warren,Delegate,At-Large,Republican,Rosine Ghawji - Uncommitted,153
Warren,Delegate,At-Large,Republican,Ruth B. Hagerty - Romney,234
Warren,Delegate,At-Large,Republican,Sandy Crawford - Uncommitted,221
Warren,Delegate,At-Large,Republican,Shalia Lankford - Perry,69
Warren,Delegate,At-Large,Republican,Sindy Ramsey - Perry,77
Warren,Delegate,At-Large,Republican,Stacey Campfield - Gingrich,412
Warren,Delegate,At-Large,Republican,Steve Allbrooks - Romney,273
Warren,Delegate,At-Large,Republican,Steve Buttry - Romney,253
Warren,Delegate,At-Large,Republican,Steven Warhurst - Paul,157
Warren,Delegate,At-Large,Republican,Susan Richardson Williams - Romney,109
Warren,Delegate,At-Large,Republican,Thomas Smith - Perry,97
Warren,Delegate,At-Large,Republican,Tiffany Ramsey Goforth - Perry,86
Warren,Delegate,At-Large,Republican,Tony Shipley - Gingrich,336
Warren,Delegate,At-Large,Republican,Victor Ashe - Huntsman,202
Warren,Delegate,At-Large,Republican,Wendell Moore - Romney,237
Warren,Delegate,At-Large,Republican,Willis Ayres - Gingrich,416
Warren,Delegate,At-Large,Republican,Winfield Dunn - Romney,322
Warren,Presidential Preference,NA,Democratic,Barack Obama,2116
Warren,Presidential Preference,NA,Democratic,Uncommitted,1167
Warren,Presidential Preference,NA,Republican,"Charles ""Buddy"" Roemer",5
Warren,Presidential Preference,NA,Republican,Gary Johnson,3
Warren,Presidential Preference,NA,Republican,Jon Huntsman,5
Warren,Presidential Preference,NA,Republican,Michele Bachmann,15
Warren,Presidential Preference,NA,Republican,Mitt Romney,680
Warren,Presidential Preference,NA,Republican,Newt Gingrich,689
Warren,Presidential Preference,NA,Republican,Rick Perry,29
Warren,Presidential Preference,NA,Republican,Rick Santorum,1208
Warren,Presidential Preference,NA,Republican,Ron Paul,246
Warren,Presidential Preference,NA,Republican,Uncommitted,23
Washington,Delegate,1,Republican,Alicia Mumpower - Romney,1448
Washington,Delegate,1,Republican,Charles Cook - Paul,822
Washington,Delegate,1,Republican,David Golden - Romney,1388
Washington,Delegate,1,Republican,Dustin Goforth - Perry,161
Washington,Delegate,1,Republican,Gregg Richardson - Paul,810
Washington,Delegate,1,Republican,"Jeffrey ""Bo"" Shultz - Uncommitted",577
Washington,Delegate,1,Republican,Jennifer Flanary - Uncommitted,666
Washington,Delegate,1,Republican,Jesse Overbey - Uncommitted,615
Washington,Delegate,1,Republican,Jordan G. Young - Perry,139
Washington,Delegate,1,Republican,Linda D. Buckles - Gingrich,2430
Washington,Delegate,1,Republican,Linda L. Osborne - Gingrich,2244
Washington,Delegate,1,Republican,Michael H. Simpson - Paul,365
Washington,Delegate,1,Republican,P K Lowrey - Paul,681
Washington,Delegate,1,Republican,Phil Hoskins - Gingrich,2578
Washington,Delegate,1,Republican,Warren Jones - Romney,1361
Washington,Delegate,At-Large,Republican,Alexander Oaks Waters - Huntsman,850
Washington,Delegate,At-Large,Republican,Andre Flanary - Paul,1010
Washington,Delegate,At-Large,Republican,Beth Campbell - Romney,2104
Washington,Delegate,At-Large,Republican,Brian Kelsey - Perry,270
Washington,Delegate,At-Large,Republican,C. Mack Patton - Gingrich,2426
Washington,Delegate,At-Large,Republican,Crom Carmichael - Gingrich,2230
Washington,Delegate,At-Large,Republican,Daniel Rawls - Paul,903
Washington,Delegate,At-Large,Republican,Donna K. Appleget - Paul,1206
Washington,Delegate,At-Large,Republican,Elaine Laney Heard - Perry,312
Washington,Delegate,At-Large,Republican,Gail D. Patton - Gingrich,2420
Washington,Delegate,At-Large,Republican,Gary Allen - Paul,1455
Washington,Delegate,At-Large,Republican,Gary Ellis - Paul,1209
Washington,Delegate,At-Large,Republican,Jason Davis - Paul,1189
Washington,Delegate,At-Large,Republican,Jeff Pedigo - Paul,967
Washington,Delegate,At-Large,Republican,Jessica Frizzell - Perry,418
Washington,Delegate,At-Large,Republican,Jim Looney - Romney,1658
Washington,Delegate,At-Large,Republican,Joel Crenshaw - Paul,1100
Washington,Delegate,At-Large,Republican,John Crisp - Romney,1838
Washington,Delegate,At-Large,Republican,John Gardner - Gingrich,2463
Washington,Delegate,At-Large,Republican,John Wayne Cropp - Romney,1783
Washington,Delegate,At-Large,Republican,Josh Brown - Romney,2008
Washington,Delegate,At-Large,Republican,Juanita Thouin - Uncommitted,732
Washington,Delegate,At-Large,Republican,Julia Hurley - Romney,1721
Washington,Delegate,At-Large,Republican,Justin Pitt - Romney,1443
Washington,Delegate,At-Large,Republican,Kyle Gregory Perry - Paul,946
Washington,Delegate,At-Large,Republican,Larry Bates - Perry,443
Washington,Delegate,At-Large,Republican,Mark White - Romney,930
Washington,Delegate,At-Large,Republican,Mark Winslow - Gingrich,1901
Washington,Delegate,At-Large,Republican,Martha Ruth Brown - Gingrich,2470
Washington,Delegate,At-Large,Republican,Matthew Jerry Johnson - Gingrich,2357
Washington,Delegate,At-Large,Republican,Matthew Smith - Perry,478
Washington,Delegate,At-Large,Republican,Randal Boyd - Romney,1932
Washington,Delegate,At-Large,Republican,Rob Ailey - Romney,1863
Washington,Delegate,At-Large,Republican,Robert Tyler Prince - Uncommitted,891
Washington,Delegate,At-Large,Republican,Ron Ramsey - Perry,1494
Washington,Delegate,At-Large,Republican,Ronald Lanfear - Paul,973
Washington,Delegate,At-Large,Republican,Rosine Ghawji - Uncommitted,787
Washington,Delegate,At-Large,Republican,Ruth B. Hagerty - Romney,1617
Washington,Delegate,At-Large,Republican,Sandy Crawford - Uncommitted,1067
Washington,Delegate,At-Large,Republican,Shalia Lankford - Perry,250
Washington,Delegate,At-Large,Republican,Sindy Ramsey - Perry,441
Washington,Delegate,At-Large,Republican,Stacey Campfield - Gingrich,2314
Washington,Delegate,At-Large,Republican,Steve Allbrooks - Romney,1848
Washington,Delegate,At-Large,Republican,Steve Buttry - Romney,1759
Washington,Delegate,At-Large,Republican,Steven Warhurst - Paul,829
Washington,Delegate,At-Large,Republican,Susan Richardson Williams - Romney,841
Washington,Delegate,At-Large,Republican,Thomas Smith - Perry,300
Washington,Delegate,At-Large,Republican,Tiffany Ramsey Goforth - Perry,412
Washington,Delegate,At-Large,Republican,Tony Shipley - Gingrich,3093
Washington,Delegate,At-Large,Republican,Victor Ashe - Huntsman,1000
Washington,Delegate,At-Large,Republican,Wendell Moore - Romney,1575
Washington,Delegate,At-Large,Republican,Willis Ayres - Gingrich,2331
Washington,Delegate,At-Large,Republican,Winfield Dunn - Romney,1857
Washington,Presidential Preference,NA,Democratic,Barack Obama,380
Washington,Presidential Preference,NA,Democratic,Uncommitted,62
Washington,Presidential Preference,NA,Republican,"Charles ""Buddy"" Roemer",23
Washington,Presidential Preference,NA,Republican,Gary Johnson,8
Washington,Presidential Preference,NA,Republican,Jon Huntsman,18
Washington,Presidential Preference,NA,Republican,Michele Bachmann,34
Washington,Presidential Preference,NA,Republican,Mitt Romney,3352
Washington,Presidential Preference,NA,Republican,Newt Gingrich,3498
Washington,Presidential Preference,NA,Republican,Rick Perry,27
Washington,Presidential Preference,NA,Republican,Rick Santorum,4168
Washington,Presidential Preference,NA,Republican,Ron Paul,1265
Washington,Presidential Preference,NA,Republican,Uncommitted,29
Wayne,Delegate,7,Republican,Ammon Smartt - Romney,64
Wayne,Delegate,7,Republican,Barrett Rich - Romney,70
Wayne,Delegate,7,Republican,Corey M. Stockman - Paul,38
Wayne,Delegate,7,Republican,Gary Shane Goolsby - Paul,43
Wayne,Delegate,7,Republican,John Elkington - Perry,16
Wayne,Delegate,7,Republican,Kenny Crenshaw - Paul,46
Wayne,Delegate,7,Republican,"Martha ""Jane"" Pleasant - Gingrich",127
Wayne,Delegate,7,Republican,Mary Kate Brown - Romney,79
Wayne,Delegate,7,Republican,Monty Lankford - Perry,21
Wayne,Delegate,7,Republican,Reta Galbraith - Gingrich,114
Wayne,Delegate,7,Republican,"W.C. ""Bubba"" Pleasant - Gingrich",119
Wayne,Delegate,At-Large,Republican,Alexander Oaks Waters - Huntsman,33
Wayne,Delegate,At-Large,Republican,Andre Flanary - Paul,49
Wayne,Delegate,At-Large,Republican,Beth Campbell - Romney,116
Wayne,Delegate,At-Large,Republican,Brian Kelsey - Perry,18
Wayne,Delegate,At-Large,Republican,C. Mack Patton - Gingrich,113
Wayne,Delegate,At-Large,Republican,Crom Carmichael - Gingrich,109
Wayne,Delegate,At-Large,Republican,Daniel Rawls - Paul,38
Wayne,Delegate,At-Large,Republican,Donna K. Appleget - Paul,57
Wayne,Delegate,At-Large,Republican,Elaine Laney Heard - Perry,17
Wayne,Delegate,At-Large,Republican,Gail D. Patton - Gingrich,122
Wayne,Delegate,At-Large,Republican,Gary Allen - Paul,83
Wayne,Delegate,At-Large,Republican,Gary Ellis - Paul,56
Wayne,Delegate,At-Large,Republican,Jason Davis - Paul,69
Wayne,Delegate,At-Large,Republican,Jeff Pedigo - Paul,53
Wayne,Delegate,At-Large,Republican,Jessica Frizzell - Perry,25
Wayne,Delegate,At-Large,Republican,Jim Looney - Romney,97
Wayne,Delegate,At-Large,Republican,Joel Crenshaw - Paul,48
Wayne,Delegate,At-Large,Republican,John Crisp - Romney,105
Wayne,Delegate,At-Large,Republican,John Gardner - Gingrich,136
Wayne,Delegate,At-Large,Republican,John Wayne Cropp - Romney,96
Wayne,Delegate,At-Large,Republican,Josh Brown - Romney,112
Wayne,Delegate,At-Large,Republican,Juanita Thouin - Uncommitted,38
Wayne,Delegate,At-Large,Republican,Julia Hurley - Romney,90
Wayne,Delegate,At-Large,Republican,Justin Pitt - Romney,76
Wayne,Delegate,At-Large,Republican,Kyle Gregory Perry - Paul,49
Wayne,Delegate,At-Large,Republican,Larry Bates - Perry,27
Wayne,Delegate,At-Large,Republican,Mark White - Romney,38
Wayne,Delegate,At-Large,Republican,Mark Winslow - Gingrich,97
Wayne,Delegate,At-Large,Republican,Martha Ruth Brown - Gingrich,144
Wayne,Delegate,At-Large,Republican,Matthew Jerry Johnson - Gingrich,108
Wayne,Delegate,At-Large,Republican,Matthew Smith - Perry,24
Wayne,Delegate,At-Large,Republican,Randal Boyd - Romney,108
Wayne,Delegate,At-Large,Republican,Rob Ailey - Romney,111
Wayne,Delegate,At-Large,Republican,Robert Tyler Prince - Uncommitted,46
Wayne,Delegate,At-Large,Republican,Ron Ramsey - Perry,56
Wayne,Delegate,At-Large,Republican,Ronald Lanfear - Paul,51
Wayne,Delegate,At-Large,Republican,Rosine Ghawji - Uncommitted,33
Wayne,Delegate,At-Large,Republican,Ruth B. Hagerty - Romney,90
Wayne,Delegate,At-Large,Republican,Sandy Crawford - Uncommitted,45
Wayne,Delegate,At-Large,Republican,Shalia Lankford - Perry,14
Wayne,Delegate,At-Large,Republican,Sindy Ramsey - Perry,35
Wayne,Delegate,At-Large,Republican,Stacey Campfield - Gingrich,153
Wayne,Delegate,At-Large,Republican,Steve Allbrooks - Romney,122
Wayne,Delegate,At-Large,Republican,Steve Buttry - Romney,97
Wayne,Delegate,At-Large,Republican,Steven Warhurst - Paul,41
Wayne,Delegate,At-Large,Republican,Susan Richardson Williams - Romney,33
Wayne,Delegate,At-Large,Republican,Thomas Smith - Perry,12
Wayne,Delegate,At-Large,Republican,Tiffany Ramsey Goforth - Perry,20
Wayne,Delegate,At-Large,Republican,Tony Shipley - Gingrich,97
Wayne,Delegate,At-Large,Republican,Victor Ashe - Huntsman,40
Wayne,Delegate,At-Large,Republican,Wendell Moore - Romney,85
Wayne,Delegate,At-Large,Republican,Willis Ayres - Gingrich,124
Wayne,Delegate,At-Large,Republican,Winfield Dunn - Romney,134
Wayne,Presidential Preference,NA,Democratic,Barack Obama,65
Wayne,Presidential Preference,NA,Democratic,Uncommitted,8
Wayne,Presidential Preference,NA,Republican,"Charles ""Buddy"" Roemer",3
Wayne,Presidential Preference,NA,Republican,Jon Huntsman,2
Wayne,Presidential Preference,NA,Republican,Michele Bachmann,3
Wayne,Presidential Preference,NA,Republican,Mitt Romney,322
Wayne,Presidential Preference,NA,Republican,Newt Gingrich,244
Wayne,Presidential Preference,NA,Republican,Rick Perry,7
Wayne,Presidential Preference,NA,Republican,Rick Santorum,477
Wayne,Presidential Preference,NA,Republican,Ron Paul,73
Wayne,Presidential Preference,NA,Republican,Uncommitted,6
Weakley,Delegate,8,Republican,Adrian Eddleman - Paul,170
Weakley,Delegate,8,Republican,Betty Anderson - Romney,262
Weakley,Delegate,8,Republican,Bob D. Anderson - Romney,319
Weakley,Delegate,8,Republican,Emily H. Shore - Gingrich,598
Weakley,Delegate,8,Republican,James William Shore - Gingrich,559
Weakley,Delegate,8,Republican,Jeremie Schultz - Paul,172
Weakley,Delegate,8,Republican,Jim Summerville - Perry,86
Weakley,Delegate,8,Republican,Mark E. Green - Perry,101
Weakley,Delegate,8,Republican,Mike Peery - Gingrich,584
Weakley,Delegate,8,Republican,Oneida Wagoner - Romney,128
Weakley,Delegate,8,Republican,Steve Maroney - Romney,283
Weakley,Delegate,8,Republican,Ted Williams - Perry,114
Weakley,Delegate,8,Republican,Tiffany Doyle - Paul,180
Weakley,Delegate,At-Large,Republican,Alexander Oaks Waters - Huntsman,59
Weakley,Delegate,At-Large,Republican,Andre Flanary - Paul,182
Weakley,Delegate,At-Large,Republican,Beth Campbell - Romney,353
Weakley,Delegate,At-Large,Republican,Brian Kelsey - Perry,107
Weakley,Delegate,At-Large,Republican,C. Mack Patton - Gingrich,525
Weakley,Delegate,At-Large,Republican,Crom Carmichael - Gingrich,519
Weakley,Delegate,At-Large,Republican,Daniel Rawls - Paul,193
Weakley,Delegate,At-Large,Republican,Donna K. Appleget - Paul,225
Weakley,Delegate,At-Large,Republican,Elaine Laney Heard - Perry,168
Weakley,Delegate,At-Large,Republican,Gail D. Patton - Gingrich,523
Weakley,Delegate,At-Large,Republican,Gary Allen - Paul,282
Weakley,Delegate,At-Large,Republican,Gary Ellis - Paul,215
Weakley,Delegate,At-Large,Republican,Jason Davis - Paul,235
Weakley,Delegate,At-Large,Republican,Jeff Pedigo - Paul,183
Weakley,Delegate,At-Large,Republican,Jessica Frizzell - Perry,181
Weakley,Delegate,At-Large,Republican,Jim Looney - Romney,321
Weakley,Delegate,At-Large,Republican,Joel Crenshaw - Paul,233
Weakley,Delegate,At-Large,Republican,John Crisp - Romney,328
Weakley,Delegate,At-Large,Republican,John Gardner - Gingrich,565
Weakley,Delegate,At-Large,Republican,John Wayne Cropp - Romney,323
Weakley,Delegate,At-Large,Republican,Josh Brown - Romney,365
Weakley,Delegate,At-Large,Republican,Juanita Thouin - Uncommitted,235
Weakley,Delegate,At-Large,Republican,Julia Hurley - Romney,331
Weakley,Delegate,At-Large,Republican,Justin Pitt - Romney,295
Weakley,Delegate,At-Large,Republican,Kyle Gregory Perry - Paul,196
Weakley,Delegate,At-Large,Republican,Larry Bates - Perry,225
Weakley,Delegate,At-Large,Republican,Mark White - Romney,164
Weakley,Delegate,At-Large,Republican,Mark Winslow - Gingrich,530
Weakley,Delegate,At-Large,Republican,Martha Ruth Brown - Gingrich,547
Weakley,Delegate,At-Large,Republican,Matthew Jerry Johnson - Gingrich,521
Weakley,Delegate,At-Large,Republican,Matthew Smith - Perry,101
Weakley,Delegate,At-Large,Republican,Randal Boyd - Romney,367
Weakley,Delegate,At-Large,Republican,Rob Ailey - Romney,309
Weakley,Delegate,At-Large,Republican,Robert Tyler Prince - Uncommitted,291
Weakley,Delegate,At-Large,Republican,Ron Ramsey - Perry,147
Weakley,Delegate,At-Large,Republican,Ronald Lanfear - Paul,187
Weakley,Delegate,At-Large,Republican,Rosine Ghawji - Uncommitted,239
Weakley,Delegate,At-Large,Republican,Ruth B. Hagerty - Romney,334
Weakley,Delegate,At-Large,Republican,Sandy Crawford - Uncommitted,303
Weakley,Delegate,At-Large,Republican,Shalia Lankford - Perry,96
Weakley,Delegate,At-Large,Republican,Sindy Ramsey - Perry,114
Weakley,Delegate,At-Large,Republican,Stacey Campfield - Gingrich,547
Weakley,Delegate,At-Large,Republican,Steve Allbrooks - Romney,344
Weakley,Delegate,At-Large,Republican,Steve Buttry - Romney,337
Weakley,Delegate,At-Large,Republican,Steven Warhurst - Paul,184
Weakley,Delegate,At-Large,Republican,Susan Richardson Williams - Romney,154
Weakley,Delegate,At-Large,Republican,Thomas Smith - Perry,102
Weakley,Delegate,At-Large,Republican,Tiffany Ramsey Goforth - Perry,171
Weakley,Delegate,At-Large,Republican,Tony Shipley - Gingrich,517
Weakley,Delegate,At-Large,Republican,Victor Ashe - Huntsman,77
Weakley,Delegate,At-Large,Republican,Wendell Moore - Romney,335
Weakley,Delegate,At-Large,Republican,Willis Ayres - Gingrich,556
Weakley,Delegate,At-Large,Republican,Winfield Dunn - Romney,372
Weakley,Presidential Preference,NA,Democratic,Barack Obama,252
Weakley,Presidential Preference,NA,Democratic,Uncommitted,81
Weakley,Presidential Preference,NA,Republican,"Charles ""Buddy"" Roemer",5
Weakley,Presidential Preference,NA,Republican,Gary Johnson,2
Weakley,Presidential Preference,NA,Republican,Jon Huntsman,1
Weakley,Presidential Preference,NA,Republican,Michele Bachmann,5
Weakley,Presidential Preference,NA,Republican,Mitt Romney,485
Weakley,Presidential Preference,NA,Republican,Newt Gingrich,565
Weakley,Presidential Preference,NA,Republican,Rick Perry,8
Weakley,Presidential Preference,NA,Republican,Rick Santorum,1070
Weakley,Presidential Preference,NA,Republican,Ron Paul,169
Weakley,Presidential Preference,NA,Republican,Uncommitted,3
White,Delegate,4,Republican,Amanda Griffith - Paul,264
White,Delegate,4,Republican,Annette Sapp - Gingrich,480
White,Delegate,4,Republican,David French - Romney,337
White,Delegate,4,Republican,David G. Bearden - Paul,286
White,Delegate,4,Republican,Jason Whatley - Romney,298
White,Delegate,4,Republican,Kristopher D. Miller - Perry,127
White,Delegate,4,Republican,Mary Ellen Redford - Paul,114
White,Delegate,4,Republican,Nancy French - Romney,317
White,Delegate,4,Republican,Robert Crigger - Uncommitted,309
White,Delegate,4,Republican,Steven Lane - Paul,215
White,Delegate,4,Republican,Tommy Lee Francis - Perry,155
White,Delegate,At-Large,Republican,Alexander Oaks Waters - Huntsman,106
White,Delegate,At-Large,Republican,Andre Flanary - Paul,247
White,Delegate,At-Large,Republican,Beth Campbell - Romney,321
White,Delegate,At-Large,Republican,Brian Kelsey - Perry,102
White,Delegate,At-Large,Republican,C. Mack Patton - Gingrich,545
White,Delegate,At-Large,Republican,Crom Carmichael - Gingrich,556
White,Delegate,At-Large,Republican,Daniel Rawls - Paul,225
White,Delegate,At-Large,Republican,Donna K. Appleget - Paul,326
White,Delegate,At-Large,Republican,Elaine Laney Heard - Perry,123
White,Delegate,At-Large,Republican,Gail D. Patton - Gingrich,541
White,Delegate,At-Large,Republican,Gary Allen - Paul,337
White,Delegate,At-Large,Republican,Gary Ellis - Paul,266
White,Delegate,At-Large,Republican,Jason Davis - Paul,318
White,Delegate,At-Large,Republican,Jeff Pedigo - Paul,256
White,Delegate,At-Large,Republican,Jessica Frizzell - Perry,139
White,Delegate,At-Large,Republican,Jim Looney - Romney,234
White,Delegate,At-Large,Republican,Joel Crenshaw - Paul,305
White,Delegate,At-Large,Republican,John Crisp - Romney,288
White,Delegate,At-Large,Republican,John Gardner - Gingrich,574
White,Delegate,At-Large,Republican,John Wayne Cropp - Romney,282
White,Delegate,At-Large,Republican,Josh Brown - Romney,357
White,Delegate,At-Large,Republican,Juanita Thouin - Uncommitted,250
White,Delegate,At-Large,Republican,Julia Hurley - Romney,266
White,Delegate,At-Large,Republican,Justin Pitt - Romney,198
White,Delegate,At-Large,Republican,Kyle Gregory Perry - Paul,239
White,Delegate,At-Large,Republican,Larry Bates - Perry,133
White,Delegate,At-Large,Republican,Mark White - Romney,117
White,Delegate,At-Large,Republican,Mark Winslow - Gingrich,522
White,Delegate,At-Large,Republican,Martha Ruth Brown - Gingrich,597
White,Delegate,At-Large,Republican,Matthew Jerry Johnson - Gingrich,566
White,Delegate,At-Large,Republican,Matthew Smith - Perry,74
White,Delegate,At-Large,Republican,Randal Boyd - Romney,370
White,Delegate,At-Large,Republican,Rob Ailey - Romney,370
White,Delegate,At-Large,Republican,Robert Tyler Prince - Uncommitted,344
White,Delegate,At-Large,Republican,Ron Ramsey - Perry,120
White,Delegate,At-Large,Republican,Ronald Lanfear - Paul,229
White,Delegate,At-Large,Republican,Rosine Ghawji - Uncommitted,291
White,Delegate,At-Large,Republican,Ruth B. Hagerty - Romney,272
White,Delegate,At-Large,Republican,Sandy Crawford - Uncommitted,381
White,Delegate,At-Large,Republican,Shalia Lankford - Perry,94
White,Delegate,At-Large,Republican,Sindy Ramsey - Perry,66
White,Delegate,At-Large,Republican,Stacey Campfield - Gingrich,584
White,Delegate,At-Large,Republican,Steve Allbrooks - Romney,380
White,Delegate,At-Large,Republican,Steve Buttry - Romney,306
White,Delegate,At-Large,Republican,Steven Warhurst - Paul,212
White,Delegate,At-Large,Republican,Susan Richardson Williams - Romney,143
White,Delegate,At-Large,Republican,Thomas Smith - Perry,72
White,Delegate,At-Large,Republican,Tiffany Ramsey Goforth - Perry,135
White,Delegate,At-Large,Republican,Tony Shipley - Gingrich,549
White,Delegate,At-Large,Republican,Victor Ashe - Huntsman,114
White,Delegate,At-Large,Republican,Wendell Moore - Romney,226
White,Delegate,At-Large,Republican,Willis Ayres - Gingrich,585
White,Delegate,At-Large,Republican,Winfield Dunn - Romney,294
White,Presidential Preference,NA,Democratic,Barack Obama,199
White,Presidential Preference,NA,Democratic,Uncommitted,64
White,Presidential Preference,NA,Republican,"Charles ""Buddy"" Roemer",3
White,Presidential Preference,NA,Republican,Gary Johnson,3
White,Presidential Preference,NA,Republican,Jon Huntsman,6
White,Presidential Preference,NA,Republican,Michele Bachmann,13
White,Presidential Preference,NA,Republican,Mitt Romney,436
White,Presidential Preference,NA,Republican,Newt Gingrich,551
White,Presidential Preference,NA,Republican,Rick Perry,8
White,Presidential Preference,NA,Republican,Rick Santorum,963
White,Presidential Preference,NA,Republican,Ron Paul,213
White,Presidential Preference,NA,Republican,Uncommitted,10
Williamson,Circuit Court Division III,21,Republican,Derek Keith Smith,7594
Williamson,Circuit Court Division III,21,Republican,Judy A. Oxford,3753
Williamson,Circuit Court Division III,21,Republican,Mike Binkley,12512
Williamson,Delegate,4,Republican,Amanda Griffith - Paul,389
Williamson,Delegate,4,Republican,Annette Sapp - Gingrich,841
Williamson,Delegate,4,Republican,David French - Romney,862
Williamson,Delegate,4,Republican,David G. Bearden - Paul,326
Williamson,Delegate,4,Republican,Jason Whatley - Romney,783
Williamson,Delegate,4,Republican,Kristopher D. Miller - Perry,246
Williamson,Delegate,4,Republican,Mary Ellen Redford - Paul,227
Williamson,Delegate,4,Republican,Nancy French - Romney,829
Williamson,Delegate,4,Republican,Robert Crigger - Uncommitted,445
Williamson,Delegate,4,Republican,Steven Lane - Paul,319
Williamson,Delegate,4,Republican,Tommy Lee Francis - Perry,252
Williamson,Delegate,7,Republican,Ammon Smartt - Romney,5323
Williamson,Delegate,7,Republican,Barrett Rich - Romney,5684
Williamson,Delegate,7,Republican,Corey M. Stockman - Paul,1970
Williamson,Delegate,7,Republican,Gary Shane Goolsby - Paul,1875
Williamson,Delegate,7,Republican,John Elkington - Perry,731
Williamson,Delegate,7,Republican,Kenny Crenshaw - Paul,2019
Williamson,Delegate,7,Republican,"Martha ""Jane"" Pleasant - Gingrich",5044
Williamson,Delegate,7,Republican,Mary Kate Brown - Romney,6194
Williamson,Delegate,7,Republican,Monty Lankford - Perry,1056
Williamson,Delegate,7,Republican,Reta Galbraith - Gingrich,4948
Williamson,Delegate,7,Republican,"W.C. ""Bubba"" Pleasant - Gingrich",4827
Williamson,Delegate,At-Large,Republican,Alexander Oaks Waters - Huntsman,753
Williamson,Delegate,At-Large,Republican,Andre Flanary - Paul,2463
Williamson,Delegate,At-Large,Republican,Beth Campbell - Romney,7562
Williamson,Delegate,At-Large,Republican,Brian Kelsey - Perry,1186
Williamson,Delegate,At-Large,Republican,C. Mack Patton - Gingrich,6121
Williamson,Delegate,At-Large,Republican,Crom Carmichael - Gingrich,6197
Williamson,Delegate,At-Large,Republican,Daniel Rawls - Paul,2396
Williamson,Delegate,At-Large,Republican,Donna K. Appleget - Paul,2847
Williamson,Delegate,At-Large,Republican,Elaine Laney Heard - Perry,1812
Williamson,Delegate,At-Large,Republican,Gail D. Patton - Gingrich,6166
Williamson,Delegate,At-Large,Republican,Gary Allen - Paul,3114
Williamson,Delegate,At-Large,Republican,Gary Ellis - Paul,2706
Williamson,Delegate,At-Large,Republican,Jason Davis - Paul,2870
Williamson,Delegate,At-Large,Republican,Jeff Pedigo - Paul,2471
Williamson,Delegate,At-Large,Republican,Jessica Frizzell - Perry,1807
Williamson,Delegate,At-Large,Republican,Jim Looney - Romney,6798
Williamson,Delegate,At-Large,Republican,Joel Crenshaw - Paul,2839
Williamson,Delegate,At-Large,Republican,John Crisp - Romney,6878
Williamson,Delegate,At-Large,Republican,John Gardner - Gingrich,6390
Williamson,Delegate,At-Large,Republican,John Wayne Cropp - Romney,6696
Williamson,Delegate,At-Large,Republican,Josh Brown - Romney,7649
Williamson,Delegate,At-Large,Republican,Juanita Thouin - Uncommitted,2557
Williamson,Delegate,At-Large,Republican,Julia Hurley - Romney,7047
Williamson,Delegate,At-Large,Republican,Justin Pitt - Romney,6066
Williamson,Delegate,At-Large,Republican,Kyle Gregory Perry - Paul,2444
Williamson,Delegate,At-Large,Republican,Larry Bates - Perry,1785
Williamson,Delegate,At-Large,Republican,Mark White - Romney,3214
Williamson,Delegate,At-Large,Republican,Mark Winslow - Gingrich,5999
Williamson,Delegate,At-Large,Republican,Martha Ruth Brown - Gingrich,6463
Williamson,Delegate,At-Large,Republican,Matthew Jerry Johnson - Gingrich,6102
Williamson,Delegate,At-Large,Republican,Matthew Smith - Perry,968
Williamson,Delegate,At-Large,Republican,Randal Boyd - Romney,7332
Williamson,Delegate,At-Large,Republican,Rob Ailey - Romney,6069
Williamson,Delegate,At-Large,Republican,Robert Tyler Prince - Uncommitted,3047
Williamson,Delegate,At-Large,Republican,Ron Ramsey - Perry,1654
Williamson,Delegate,At-Large,Republican,Ronald Lanfear - Paul,2448
Williamson,Delegate,At-Large,Republican,Rosine Ghawji - Uncommitted,2659
Williamson,Delegate,At-Large,Republican,Ruth B. Hagerty - Romney,6995
Williamson,Delegate,At-Large,Republican,Sandy Crawford - Uncommitted,3321
Williamson,Delegate,At-Large,Republican,Shalia Lankford - Perry,1188
Williamson,Delegate,At-Large,Republican,Sindy Ramsey - Perry,1132
Williamson,Delegate,At-Large,Republican,Stacey Campfield - Gingrich,6374
Williamson,Delegate,At-Large,Republican,Steve Allbrooks - Romney,7155
Williamson,Delegate,At-Large,Republican,Steve Buttry - Romney,7207
Williamson,Delegate,At-Large,Republican,Steven Warhurst - Paul,2324
Williamson,Delegate,At-Large,Republican,Susan Richardson Williams - Romney,3058
Williamson,Delegate,At-Large,Republican,Thomas Smith - Perry,933
Williamson,Delegate,At-Large,Republican,Tiffany Ramsey Goforth - Perry,1806
Williamson,Delegate,At-Large,Republican,Tony Shipley - Gingrich,6059
Williamson,Delegate,At-Large,Republican,Victor Ashe - Huntsman,955
Williamson,Delegate,At-Large,Republican,Wendell Moore - Romney,6673
Williamson,Delegate,At-Large,Republican,Willis Ayres - Gingrich,6214
Williamson,Delegate,At-Large,Republican,Winfield Dunn - Romney,7670
Williamson,Presidential Preference,NA,Democratic,Barack Obama,559
Williamson,Presidential Preference,NA,Democratic,Uncommitted,59
Williamson,Presidential Preference,NA,Republican,"Charles ""Buddy"" Roemer",23
Williamson,Presidential Preference,NA,Republican,Gary Johnson,8
Williamson,Presidential Preference,NA,Republican,Jon Huntsman,54
Williamson,Presidential Preference,NA,Republican,Michele Bachmann,42
Williamson,Presidential Preference,NA,Republican,Mitt Romney,9594
Williamson,Presidential Preference,NA,Republican,Newt Gingrich,6129
Williamson,Presidential Preference,NA,Republican,Rick Perry,49
Williamson,Presidential Preference,NA,Republican,Rick Santorum,8728
Williamson,Presidential Preference,NA,Republican,Ron Paul,2188
Williamson,Presidential Preference,NA,Republican,Uncommitted,170
Wilson,Delegate,5,Republican,Bob Schwartz - Gingrich,3423
Wilson,Delegate,5,Republican,Chrissy Hagerty - Romney,2234
Wilson,Delegate,5,Republican,George B. Stadler - Romney,1573
Wilson,Delegate,5,Republican,John Patrick Shorter - Romney,1866
Wilson,Delegate,5,Republican,Raul Lopez - Perry,1257
Wilson,Delegate,5,Republican,Shiri Anderson - Romney,1695
Wilson,Delegate,5,Republican,Write-in - Anthony Roberts - Gingrich,3
Wilson,Delegate,6,Republican,Beth Cox - Romney,254
Wilson,Delegate,6,Republican,Chad White - Romney,156
Wilson,Delegate,6,Republican,Christopher Stephen Hughes - Gingrich,447
Wilson,Delegate,6,Republican,Debra K. Copass - Romney,165
Wilson,Delegate,6,Republican,Joe Carr - Gingrich,505
Wilson,Delegate,6,Republican,Justin Wax - Perry,88
Wilson,Delegate,6,Republican,Mark Abbotoy - Paul,212
Wilson,Delegate,6,Republican,Randy Stamps - Romney,227
Wilson,Delegate,6,Republican,Sofia Carnicelli Grey - Paul,196
Wilson,Delegate,6,Republican,Susan Witcher - Gingrich,210
Wilson,Delegate,6,Republican,Terri Lynn Weaver - Gingrich,518
Wilson,Delegate,6,Republican,Terry Barnes - Uncommitted,329
Wilson,Delegate,At-Large,Republican,Alexander Oaks Waters - Huntsman,392
Wilson,Delegate,At-Large,Republican,Andre Flanary - Paul,1124
Wilson,Delegate,At-Large,Republican,Beth Campbell - Romney,2343
Wilson,Delegate,At-Large,Republican,Brian Kelsey - Perry,654
Wilson,Delegate,At-Large,Republican,C. Mack Patton - Gingrich,3263
Wilson,Delegate,At-Large,Republican,Crom Carmichael - Gingrich,3237
Wilson,Delegate,At-Large,Republican,Daniel Rawls - Paul,1122
Wilson,Delegate,At-Large,Republican,Donna K. Appleget - Paul,1374
Wilson,Delegate,At-Large,Republican,Elaine Laney Heard - Perry,870
Wilson,Delegate,At-Large,Republican,Gail D. Patton - Gingrich,3324
Wilson,Delegate,At-Large,Republican,Gary Allen - Paul,1562
Wilson,Delegate,At-Large,Republican,Gary Ellis - Paul,1234
Wilson,Delegate,At-Large,Republican,Jason Davis - Paul,1367
Wilson,Delegate,At-Large,Republican,Jeff Pedigo - Paul,1172
Wilson,Delegate,At-Large,Republican,Jessica Frizzell - Perry,906
Wilson,Delegate,At-Large,Republican,Jim Looney - Romney,1991
Wilson,Delegate,At-Large,Republican,Joel Crenshaw - Paul,1345
Wilson,Delegate,At-Large,Republican,John Crisp - Romney,2074
Wilson,Delegate,At-Large,Republican,John Gardner - Gingrich,3384
Wilson,Delegate,At-Large,Republican,John Wayne Cropp - Romney,1981
Wilson,Delegate,At-Large,Republican,Josh Brown - Romney,2290
Wilson,Delegate,At-Large,Republican,Juanita Thouin - Uncommitted,1549
Wilson,Delegate,At-Large,Republican,Julia Hurley - Romney,2145
Wilson,Delegate,At-Large,Republican,Justin Pitt - Romney,1908
Wilson,Delegate,At-Large,Republican,Kyle Gregory Perry - Paul,1152
Wilson,Delegate,At-Large,Republican,Larry Bates - Perry,885
Wilson,Delegate,At-Large,Republican,Mark White - Romney,962
Wilson,Delegate,At-Large,Republican,Mark Winslow - Gingrich,3185
Wilson,Delegate,At-Large,Republican,Martha Ruth Brown - Gingrich,3414
Wilson,Delegate,At-Large,Republican,Matthew Jerry Johnson - Gingrich,3235
Wilson,Delegate,At-Large,Republican,Matthew Smith - Perry,529
Wilson,Delegate,At-Large,Republican,Randal Boyd - Romney,2289
Wilson,Delegate,At-Large,Republican,Rob Ailey - Romney,1945
Wilson,Delegate,At-Large,Republican,Robert Tyler Prince - Uncommitted,1836
Wilson,Delegate,At-Large,Republican,Ron Ramsey - Perry,919
Wilson,Delegate,At-Large,Republican,Ronald Lanfear - Paul,1116
Wilson,Delegate,At-Large,Republican,Rosine Ghawji - Uncommitted,1626
Wilson,Delegate,At-Large,Republican,Ruth B. Hagerty - Romney,2135
Wilson,Delegate,At-Large,Republican,Sandy Crawford - Uncommitted,2046
Wilson,Delegate,At-Large,Republican,Shalia Lankford - Perry,560
Wilson,Delegate,At-Large,Republican,Sindy Ramsey - Perry,596
Wilson,Delegate,At-Large,Republican,Stacey Campfield - Gingrich,3421
Wilson,Delegate,At-Large,Republican,Steve Allbrooks - Romney,2163
Wilson,Delegate,At-Large,Republican,Steve Buttry - Romney,2159
Wilson,Delegate,At-Large,Republican,Steven Warhurst - Paul,1102
Wilson,Delegate,At-Large,Republican,Susan Richardson Williams - Romney,939
Wilson,Delegate,At-Large,Republican,Thomas Smith - Perry,497
Wilson,Delegate,At-Large,Republican,Tiffany Ramsey Goforth - Perry,898
Wilson,Delegate,At-Large,Republican,Tony Shipley - Gingrich,3236
Wilson,Delegate,At-Large,Republican,Victor Ashe - Huntsman,535
Wilson,Delegate,At-Large,Republican,Wendell Moore - Romney,1995
Wilson,Delegate,At-Large,Republican,Willis Ayres - Gingrich,3367
Wilson,Delegate,At-Large,Republican,Winfield Dunn - Romney,2376
Wilson,Presidential Preference,NA,Democratic,Barack Obama,695
Wilson,Presidential Preference,NA,Democratic,Uncommitted,117
Wilson,Presidential Preference,NA,Republican,"Charles ""Buddy"" Roemer",14
Wilson,Presidential Preference,NA,Republican,Gary Johnson,10
Wilson,Presidential Preference,NA,Republican,Jon Huntsman,15
Wilson,Presidential Preference,NA,Republican,Michele Bachmann,26
Wilson,Presidential Preference,NA,Republican,Mitt Romney,3013
Wilson,Presidential Preference,NA,Republican,Newt Gingrich,3515
Wilson,Presidential Preference,NA,Republican,Rick Perry,35
Wilson,Presidential Preference,NA,Republican,Rick Santorum,5084
Wilson,Presidential Preference,NA,Republican,Ron Paul,956
Wilson,Presidential Preference,NA,Republican,Uncommitted,21
