county,office,district,party,candidate,votes
Anderson,U.S. House,3,Democratic,Bill Taylor,749
Anderson,U.S. House,3,Democratic,Mary M. Headrick,2105
Anderson,U.S. House,3,Republican,Chuck Fleischmann,4012
Anderson,U.S. House,3,Republican,Ron Bhalla,86
Anderson,U.S. House,3,Republican,Scottie Mayfield,2248
Anderson,U.S. House,3,Republican,Weston Wamp,1855
Anderson,State House,33,Democratic,Jim Hackworth,2885
Anderson,State House,33,Republican,John D. Ragan,5686
Anderson,State House,36,Republican,Dennis Powers,979
Anderson,Court of Criminal Appeals - Middle Division,NA,,Replace - Jeffrey S. Bivins,2428
Anderson,Court of Criminal Appeals - Middle Division,NA,,Retain - Jeffrey S. Bivins,6624
Anderson,Court of Criminal Appeals - Western Division,NA,,Replace - Roger A. Page,2449
Anderson,Court of Criminal Appeals - Western Division,NA,,Retain - Roger A. Page,6614
Anderson,U.S. Senate,NA,Democratic,Benjamin Roberts,190
Anderson,U.S. Senate,NA,Democratic,Dave Hancock,354
Anderson,U.S. Senate,NA,Democratic,Gary Gene Davis,379
Anderson,U.S. Senate,NA,Democratic,Larry Crim,142
Anderson,U.S. Senate,NA,Democratic,Mark E. Clayton,569
Anderson,U.S. Senate,NA,Democratic,Park Overall,698
Anderson,U.S. Senate,NA,Democratic,T. K. Owens,233
Anderson,U.S. Senate,NA,Republican,Bob Corker,6548
Anderson,U.S. Senate,NA,Republican,Brenda S. Lenard,196
Anderson,U.S. Senate,NA,Republican,Fred R. Anderson,222
Anderson,U.S. Senate,NA,Republican,Mark Twain Clemens,156
Anderson,U.S. Senate,NA,Republican,Zach Poskevich,872
Bedford,State Senate,14,Republican,Jim Tracy,1641
Bedford,State Senate,14,Republican,Matt Randolph,180
Bedford,U.S. House,4,Democratic,Eric Stewart,412
Bedford,U.S. House,4,Republican,Scott DesJarlais,1362
Bedford,U.S. House,4,Republican,Shannon Kelley,267
Bedford,State House,62,Republican,Pat Marsh,1744
Bedford,Court of Criminal Appeals - Middle Division,NA,,Replace - Jeffrey S. Bivins,553
Bedford,Court of Criminal Appeals - Middle Division,NA,,Retain - Jeffrey S. Bivins,1170
Bedford,Court of Criminal Appeals - Western Division,NA,,Replace - Roger A. Page,542
Bedford,Court of Criminal Appeals - Western Division,NA,,Retain - Roger A. Page,1149
Bedford,U.S. Senate,NA,Democratic,Benjamin Roberts,40
Bedford,U.S. Senate,NA,Democratic,Dave Hancock,44
Bedford,U.S. Senate,NA,Democratic,Gary Gene Davis,69
Bedford,U.S. Senate,NA,Democratic,Larry Crim,31
Bedford,U.S. Senate,NA,Democratic,Mark E. Clayton,209
Bedford,U.S. Senate,NA,Democratic,Park Overall,65
Bedford,U.S. Senate,NA,Democratic,T. K. Owens,14
Bedford,U.S. Senate,NA,Republican,Bob Corker,1469
Bedford,U.S. Senate,NA,Republican,Brenda S. Lenard,38
Bedford,U.S. Senate,NA,Republican,Fred R. Anderson,37
Bedford,U.S. Senate,NA,Republican,Mark Twain Clemens,48
Bedford,U.S. Senate,NA,Republican,Zach Poskevich,206
Benton,State Senate,24,Democratic,Brad Thompson,604
Benton,State Senate,24,Republican,Danny C. Jowers,239
Benton,State Senate,24,Republican,John Stevens,557
Benton,U.S. House,7,Democratic,Credo Amouzouvik,480
Benton,U.S. House,7,Republican,Marsha Blackburn,767
Benton,State House,75,Democratic,Steve Wright,732
Benton,State House,75,Republican,Tim Wirgau,788
Benton,U.S. House,8,Democratic,Christa Stoscheck,1
Benton,U.S. House,8,Democratic,Wes Bradley,1
Benton,U.S. House,8,Republican,Annette Justice,2
Benton,U.S. House,8,Republican,Stephen Lee Fincher,2
Benton,Court of Criminal Appeals - Middle Division,NA,,Replace - Jeffrey S. Bivins,402
Benton,Court of Criminal Appeals - Middle Division,NA,,Retain - Jeffrey S. Bivins,905
Benton,Court of Criminal Appeals - Western Division,NA,,Replace - Roger A. Page,404
Benton,Court of Criminal Appeals - Western Division,NA,,Retain - Roger A. Page,899
Benton,U.S. Senate,NA,Democratic,Benjamin Roberts,49
Benton,U.S. Senate,NA,Democratic,Dave Hancock,76
Benton,U.S. Senate,NA,Democratic,Gary Gene Davis,76
Benton,U.S. Senate,NA,Democratic,Larry Crim,31
Benton,U.S. Senate,NA,Democratic,Mark E. Clayton,192
Benton,U.S. Senate,NA,Democratic,Park Overall,90
Benton,U.S. Senate,NA,Democratic,T. K. Owens,25
Benton,U.S. Senate,NA,Republican,Bob Corker,654
Benton,U.S. Senate,NA,Republican,Brenda S. Lenard,16
Benton,U.S. Senate,NA,Republican,Fred R. Anderson,29
Benton,U.S. Senate,NA,Republican,Mark Twain Clemens,16
Benton,U.S. Senate,NA,Republican,Zach Poskevich,128
Bledsoe,Public Defender,12,,Jeff Harmon,1245
Bledsoe,State House,31,Republican,Jim Cobb,804
Bledsoe,State House,31,Republican,Ron Travis,737
Bledsoe,U.S. House,4,Democratic,Eric Stewart,443
Bledsoe,U.S. House,4,Republican,Scott DesJarlais,1131
Bledsoe,U.S. House,4,Republican,Shannon Kelley,250
Bledsoe,Court of Criminal Appeals - Middle Division,NA,,Replace - Jeffrey S. Bivins,409
Bledsoe,Court of Criminal Appeals - Middle Division,NA,,Retain - Jeffrey S. Bivins,920
Bledsoe,Court of Criminal Appeals - Western Division,NA,,Replace - Roger A. Page,420
Bledsoe,Court of Criminal Appeals - Western Division,NA,,Retain - Roger A. Page,908
Bledsoe,U.S. Senate,NA,Democratic,Benjamin Roberts,21
Bledsoe,U.S. Senate,NA,Democratic,Dave Hancock,46
Bledsoe,U.S. Senate,NA,Democratic,Gary Gene Davis,131
Bledsoe,U.S. Senate,NA,Democratic,Larry Crim,19
Bledsoe,U.S. Senate,NA,Democratic,Mark E. Clayton,74
Bledsoe,U.S. Senate,NA,Democratic,Park Overall,56
Bledsoe,U.S. Senate,NA,Democratic,T. K. Owens,15
Bledsoe,U.S. Senate,NA,Republican,Bob Corker,1256
Bledsoe,U.S. Senate,NA,Republican,Brenda S. Lenard,31
Bledsoe,U.S. Senate,NA,Republican,Fred R. Anderson,52
Bledsoe,U.S. Senate,NA,Republican,Mark Twain Clemens,37
Bledsoe,U.S. Senate,NA,Republican,Zach Poskevich,55
Blount,U.S. House,2,Democratic,Troy Christopher Goodale,737
Blount,State Senate,2,Republican,Doug Overbey,7049
Blount,State Senate,2,Republican,Scott Hughes,4288
Blount,U.S. House,2,Republican,"John J. Duncan, Jr.",9276
Blount,U.S. House,2,Republican,"Joseph Leinweber, Jr.",989
Blount,U.S. House,2,Republican,Nick Ciparro,778
Blount,State House,20,Republican,Bob Ramsey,3749
Blount,State House,20,Republican,Tona Monroe,1571
Blount,Circuit Court Judge Part I,5,,Tammy Harrington,10002
Blount,State House,8,Republican,Art Swann,4375
Blount,State House,8,Republican,Grady E. Caskey,1324
Blount,Court of Criminal Appeals - Middle Division,NA,,Replace - Jeffrey S. Bivins,2289
Blount,Court of Criminal Appeals - Middle Division,NA,,Retain - Jeffrey S. Bivins,7318
Blount,Court of Criminal Appeals - Western Division,NA,,Replace - Roger A. Page,2346
Blount,Court of Criminal Appeals - Western Division,NA,,Retain - Roger A. Page,7282
Blount,U.S. Senate,NA,Democratic,Benjamin Roberts,57
Blount,U.S. Senate,NA,Democratic,Dave Hancock,99
Blount,U.S. Senate,NA,Democratic,Gary Gene Davis,107
Blount,U.S. Senate,NA,Democratic,Larry Crim,36
Blount,U.S. Senate,NA,Democratic,Mark E. Clayton,224
Blount,U.S. Senate,NA,Democratic,Park Overall,215
Blount,U.S. Senate,NA,Democratic,T. K. Owens,63
Blount,U.S. Senate,NA,Republican,Bob Corker,8989
Blount,U.S. Senate,NA,Republican,Brenda S. Lenard,366
Blount,U.S. Senate,NA,Republican,Fred R. Anderson,462
Blount,U.S. Senate,NA,Republican,Mark Twain Clemens,361
Blount,U.S. Senate,NA,Republican,Zach Poskevich,877
Bradley,State Senate,10,Democratic,Andrae' McGary,226
Bradley,State Senate,10,Democratic,David Testerman,183
Bradley,State Senate,10,Democratic,Quenston Coleman,123
Bradley,State Senate,10,Republican,Greg Vital,2588
Bradley,State Senate,10,Republican,Todd Gardenhire,1818
Bradley,State House,22,Democratic,Jonathan Gladden,490
Bradley,State House,22,Republican,David L. Kimbro,636
Bradley,State House,22,Republican,Eric Watson,4099
Bradley,State House,24,Republican,Jack L. Epperson,1424
Bradley,State House,24,Republican,Kevin D. Brooks,5737
Bradley,U.S. House,3,Democratic,Bill Taylor,113
Bradley,U.S. House,3,Democratic,Mary M. Headrick,251
Bradley,U.S. House,3,Republican,Chuck Fleischmann,1420
Bradley,U.S. House,3,Republican,Ron Bhalla,46
Bradley,U.S. House,3,Republican,Scottie Mayfield,1025
Bradley,U.S. House,3,Republican,Weston Wamp,932
Bradley,U.S. House,4,Democratic,Eric Stewart,920
Bradley,U.S. House,4,Republican,Scott DesJarlais,4200
Bradley,U.S. House,4,Republican,Shannon Kelley,3033
Bradley,Court of Criminal Appeals - Middle Division,NA,,Replace - Jeffrey S. Bivins,3058
Bradley,Court of Criminal Appeals - Middle Division,NA,,Retain - Jeffrey S. Bivins,8676
Bradley,Court of Criminal Appeals - Western Division,NA,,Replace - Roger A. Page,3119
Bradley,Court of Criminal Appeals - Western Division,NA,,Retain - Roger A. Page,8504
Bradley,U.S. Senate,NA,Democratic,Benjamin Roberts,89
Bradley,U.S. Senate,NA,Democratic,Dave Hancock,151
Bradley,U.S. Senate,NA,Democratic,Gary Gene Davis,528
Bradley,U.S. Senate,NA,Democratic,Larry Crim,49
Bradley,U.S. Senate,NA,Democratic,Mark E. Clayton,264
Bradley,U.S. Senate,NA,Democratic,Park Overall,289
Bradley,U.S. Senate,NA,Democratic,T. K. Owens,46
Bradley,U.S. Senate,NA,Republican,Bob Corker,11042
Bradley,U.S. Senate,NA,Republican,Brenda S. Lenard,255
Bradley,U.S. Senate,NA,Republican,Fred R. Anderson,437
Bradley,U.S. Senate,NA,Republican,Mark Twain Clemens,235
Bradley,U.S. Senate,NA,Republican,Zach Poskevich,255
Campbell,State Senate,12,Republican,Ken Yager,3157
Campbell,U.S. House,2,Democratic,Troy Christopher Goodale,181
Campbell,U.S. House,2,Republican,"John J. Duncan, Jr.",358
Campbell,U.S. House,2,Republican,"Joseph Leinweber, Jr.",35
Campbell,U.S. House,2,Republican,Nick Ciparro,21
Campbell,U.S. House,3,Democratic,Bill Taylor,410
Campbell,U.S. House,3,Democratic,Mary M. Headrick,636
Campbell,U.S. House,3,Republican,Chuck Fleischmann,1321
Campbell,U.S. House,3,Republican,Ron Bhalla,23
Campbell,U.S. House,3,Republican,Scottie Mayfield,1633
Campbell,U.S. House,3,Republican,Weston Wamp,525
Campbell,State House,36,Republican,Dennis Powers,3535
Campbell,Court of Criminal Appeals - Middle Division,NA,,Replace - Jeffrey S. Bivins,1550
Campbell,Court of Criminal Appeals - Middle Division,NA,,Retain - Jeffrey S. Bivins,2999
Campbell,Court of Criminal Appeals - Western Division,NA,,Replace - Roger A. Page,1584
Campbell,Court of Criminal Appeals - Western Division,NA,,Retain - Roger A. Page,2978
Campbell,U.S. Senate,NA,Democratic,Benjamin Roberts,104
Campbell,U.S. Senate,NA,Democratic,Dave Hancock,168
Campbell,U.S. Senate,NA,Democratic,Gary Gene Davis,270
Campbell,U.S. Senate,NA,Democratic,Larry Crim,42
Campbell,U.S. Senate,NA,Democratic,Mark E. Clayton,373
Campbell,U.S. Senate,NA,Democratic,Park Overall,214
Campbell,U.S. Senate,NA,Democratic,T. K. Owens,74
Campbell,U.S. Senate,NA,Republican,Bob Corker,3284
Campbell,U.S. Senate,NA,Republican,Brenda S. Lenard,92
Campbell,U.S. Senate,NA,Republican,Fred R. Anderson,135
Campbell,U.S. Senate,NA,Republican,Mark Twain Clemens,102
Campbell,U.S. Senate,NA,Republican,Zach Poskevich,184
Cannon,State House,46,Republican,Mark A. Pody,935
Cannon,U.S. House,6,Republican,Diane Black,671
Cannon,U.S. House,6,Republican,Lou Ann Zelenik,435
Cannon,Court of Criminal Appeals - Middle Division,NA,,Replace - Jeffrey S. Bivins,393
Cannon,Court of Criminal Appeals - Middle Division,NA,,Retain - Jeffrey S. Bivins,723
Cannon,Court of Criminal Appeals - Western Division,NA,,Replace - Roger A. Page,383
Cannon,Court of Criminal Appeals - Western Division,NA,,Retain - Roger A. Page,707
Cannon,U.S. Senate,NA,Democratic,Benjamin Roberts,24
Cannon,U.S. Senate,NA,Democratic,Dave Hancock,68
Cannon,U.S. Senate,NA,Democratic,Gary Gene Davis,25
Cannon,U.S. Senate,NA,Democratic,Larry Crim,20
Cannon,U.S. Senate,NA,Democratic,Mark E. Clayton,151
Cannon,U.S. Senate,NA,Democratic,Park Overall,41
Cannon,U.S. Senate,NA,Democratic,T. K. Owens,7
Cannon,U.S. Senate,NA,Republican,Bob Corker,857
Cannon,U.S. Senate,NA,Republican,Brenda S. Lenard,28
Cannon,U.S. Senate,NA,Republican,Fred R. Anderson,34
Cannon,U.S. Senate,NA,Republican,Mark Twain Clemens,29
Cannon,U.S. Senate,NA,Republican,Zach Poskevich,125
Carroll,State Senate,24,Democratic,Brad Thompson,863
Carroll,State Senate,24,Republican,Danny C. Jowers,466
Carroll,State Senate,24,Republican,John Stevens,1755
Carroll,State House,76,Democratic,Mark L. Maddox,488
Carroll,State House,76,Republican,Andy Holt,726
Carroll,State House,79,Republican,Curtis Halford,1272
Carroll,U.S. House,8,Democratic,Christa Stoscheck,177
Carroll,U.S. House,8,Democratic,Timothy D. Dixon,328
Carroll,U.S. House,8,Democratic,Wes Bradley,341
Carroll,U.S. House,8,Republican,Annette Justice,236
Carroll,U.S. House,8,Republican,Stephen Lee Fincher,2004
Carroll,Court of Criminal Appeals - Middle Division,NA,,Replace - Jeffrey S. Bivins,703
Carroll,Court of Criminal Appeals - Middle Division,NA,,Retain - Jeffrey S. Bivins,1853
Carroll,Court of Criminal Appeals - Western Division,NA,,Replace - Roger A. Page,706
Carroll,Court of Criminal Appeals - Western Division,NA,,Retain - Roger A. Page,1887
Carroll,U.S. Senate,NA,Democratic,Benjamin Roberts,153
Carroll,U.S. Senate,NA,Democratic,Dave Hancock,107
Carroll,U.S. Senate,NA,Democratic,Gary Gene Davis,119
Carroll,U.S. Senate,NA,Democratic,Larry Crim,34
Carroll,U.S. Senate,NA,Democratic,Mark E. Clayton,338
Carroll,U.S. Senate,NA,Democratic,Park Overall,74
Carroll,U.S. Senate,NA,Democratic,T. K. Owens,42
Carroll,U.S. Senate,NA,Republican,Bob Corker,1832
Carroll,U.S. Senate,NA,Republican,Brenda S. Lenard,29
Carroll,U.S. Senate,NA,Republican,Fred R. Anderson,103
Carroll,U.S. Senate,NA,Republican,Mark Twain Clemens,58
Carroll,U.S. Senate,NA,Republican,Zach Poskevich,227
Carter,U.S. House,1,Democratic,Alan Woodruff,227
Carter,U.S. House,1,Republican,Phil Roe,2943
Carter,State House,3,Democratic,Leah R. Kirk,51
Carter,State House,3,Republican,Karen Greene Morrell,119
Carter,State House,3,Republican,Kevin Parsons,187
Carter,State House,3,Republican,Thomas White,23
Carter,State House,3,Republican,Timothy Hill,524
Carter,State House,4,Republican,Thomas Gray,1668
Carter,State Senate,4,Republican,Ron Ramsey,589
Carter,Court of Criminal Appeals - Middle Division,NA,,Replace - Jeffrey S. Bivins,1009
Carter,Court of Criminal Appeals - Middle Division,NA,,Retain - Jeffrey S. Bivins,1518
Carter,Court of Criminal Appeals - Western Division,NA,,Replace - Roger A. Page,1010
Carter,Court of Criminal Appeals - Western Division,NA,,Retain - Roger A. Page,1495
Carter,U.S. Senate,NA,Democratic,Benjamin Roberts,11
Carter,U.S. Senate,NA,Democratic,Dave Hancock,20
Carter,U.S. Senate,NA,Democratic,Gary Gene Davis,56
Carter,U.S. Senate,NA,Democratic,Larry Crim,12
Carter,U.S. Senate,NA,Democratic,Mark E. Clayton,55
Carter,U.S. Senate,NA,Democratic,Park Overall,95
Carter,U.S. Senate,NA,Democratic,T. K. Owens,12
Carter,U.S. Senate,NA,Republican,Bob Corker,2639
Carter,U.S. Senate,NA,Republican,Brenda S. Lenard,134
Carter,U.S. Senate,NA,Republican,Fred R. Anderson,158
Carter,U.S. Senate,NA,Republican,Mark Twain Clemens,118
Carter,U.S. Senate,NA,Republican,Zach Poskevich,81
Cheatham,U.S. House,5,Democratic,Jim Cooper,1037
Cheatham,U.S. House,5,Republican,Bob Ries,590
Cheatham,U.S. House,5,Republican,Brad Staats,469
Cheatham,U.S. House,5,Republican,John (Big John) Smith,658
Cheatham,U.S. House,5,Republican,Justin Jones,337
Cheatham,U.S. House,5,Republican,Tracy C. Tarum,242
Cheatham,U.S. House,6,Republican,Diane Black,741
Cheatham,U.S. House,6,Republican,Lou Ann Zelenik,282
Cheatham,State House,78,Democratic,Jane R. Crisp,637
Cheatham,State House,78,Democratic,Linda Hayes,646
Cheatham,State House,78,Republican,Donnie Kemp,1023
Cheatham,State House,78,Republican,Gary Allen Binkley,914
Cheatham,State House,78,Republican,John L. Haines,525
Cheatham,State House,78,Republican,"John-Paul Wood, Jr.",791
Cheatham,State House,78,Republican,Kirk Low,284
Cheatham,State House,78,Republican,Lynn Ray,191
Cheatham,State House,78,Republican,Mary Littleton,166
Cheatham,Court of Criminal Appeals - Middle Division,NA,,Replace - Jeffrey S. Bivins,1264
Cheatham,Court of Criminal Appeals - Middle Division,NA,,Retain - Jeffrey S. Bivins,3198
Cheatham,Court of Criminal Appeals - Western Division,NA,,Replace - Roger A. Page,1268
Cheatham,Court of Criminal Appeals - Western Division,NA,,Retain - Roger A. Page,3186
Cheatham,U.S. Senate,NA,Democratic,Benjamin Roberts,58
Cheatham,U.S. Senate,NA,Democratic,Dave Hancock,109
Cheatham,U.S. Senate,NA,Democratic,Gary Gene Davis,359
Cheatham,U.S. Senate,NA,Democratic,Larry Crim,107
Cheatham,U.S. Senate,NA,Democratic,Mark E. Clayton,217
Cheatham,U.S. Senate,NA,Democratic,Park Overall,129
Cheatham,U.S. Senate,NA,Democratic,T. K. Owens,154
Cheatham,U.S. Senate,NA,Republican,Bob Corker,3102
Cheatham,U.S. Senate,NA,Republican,Brenda S. Lenard,110
Cheatham,U.S. Senate,NA,Republican,Fred R. Anderson,175
Cheatham,U.S. Senate,NA,Republican,Mark Twain Clemens,114
Cheatham,U.S. Senate,NA,Republican,Zach Poskevich,263
Chester,Circuit Court Judge Division III,26,,Dale Conder,273
Chester,Circuit Court Judge Division III,26,,"Edward L. Martindale, Jr.",168
Chester,Circuit Court Judge Division III,26,,Kyle Atkins,376
Chester,Circuit Court Judge Division III,26,,Lloyd Tatum,800
Chester,Circuit Court Judge Division III,26,,Mark Patey,113
Chester,Circuit Court Judge Division III,26,,Nathan Blake Pride,158
Chester,State Senate,26,Democratic,Meryl Rice,277
Chester,State Senate,26,Republican,Dolores Gresham,992
Chester,U.S. House,7,Democratic,Credo Amouzouvik,196
Chester,U.S. House,7,Republican,Marsha Blackburn,1087
Chester,State House,72,Republican,Steve K. McDaniel,1083
Chester,Court of Criminal Appeals - Middle Division,NA,,Replace - Jeffrey S. Bivins,380
Chester,Court of Criminal Appeals - Middle Division,NA,,Retain - Jeffrey S. Bivins,922
Chester,Court of Criminal Appeals - Western Division,NA,,Replace - Roger A. Page,288
Chester,Court of Criminal Appeals - Western Division,NA,,Retain - Roger A. Page,1299
Chester,U.S. Senate,NA,Democratic,Benjamin Roberts,20
Chester,U.S. Senate,NA,Democratic,Dave Hancock,29
Chester,U.S. Senate,NA,Democratic,Gary Gene Davis,43
Chester,U.S. Senate,NA,Democratic,Larry Crim,23
Chester,U.S. Senate,NA,Democratic,Mark E. Clayton,135
Chester,U.S. Senate,NA,Democratic,Park Overall,27
Chester,U.S. Senate,NA,Democratic,T. K. Owens,12
Chester,U.S. Senate,NA,Republican,Bob Corker,1006
Chester,U.S. Senate,NA,Republican,Brenda S. Lenard,15
Chester,U.S. Senate,NA,Republican,Fred R. Anderson,39
Chester,U.S. Senate,NA,Republican,Mark Twain Clemens,21
Chester,U.S. Senate,NA,Republican,Zach Poskevich,88
Claiborne,U.S. House,2,Democratic,Troy Christopher Goodale,595
Claiborne,U.S. House,2,Republican,"John J. Duncan, Jr.",2521
Claiborne,U.S. House,2,Republican,"Joseph Leinweber, Jr.",144
Claiborne,U.S. House,2,Republican,Nick Ciparro,140
Claiborne,State House,35,Republican,"Dennis ""Coach"" Roach",2386
Claiborne,State Senate,8,Republican,Cynthia Bundren Jackson,1128
Claiborne,State Senate,8,Republican,Frank Niceley,1158
Claiborne,State Senate,8,Republican,Hobart L. Rice,197
Claiborne,State Senate,8,Republican,Jeffrey D. Brantley,339
Claiborne,Court of Criminal Appeals - Middle Division,NA,,Replace - Jeffrey S. Bivins,1095
Claiborne,Court of Criminal Appeals - Middle Division,NA,,Retain - Jeffrey S. Bivins,2347
Claiborne,Court of Criminal Appeals - Western Division,NA,,Replace - Roger A. Page,1111
Claiborne,Court of Criminal Appeals - Western Division,NA,,Retain - Roger A. Page,2337
Claiborne,U.S. Senate,NA,Democratic,Benjamin Roberts,77
Claiborne,U.S. Senate,NA,Democratic,Dave Hancock,94
Claiborne,U.S. Senate,NA,Democratic,Gary Gene Davis,118
Claiborne,U.S. Senate,NA,Democratic,Larry Crim,31
Claiborne,U.S. Senate,NA,Democratic,Mark E. Clayton,219
Claiborne,U.S. Senate,NA,Democratic,Park Overall,125
Claiborne,U.S. Senate,NA,Democratic,T. K. Owens,83
Claiborne,U.S. Senate,NA,Republican,Bob Corker,2438
Claiborne,U.S. Senate,NA,Republican,Brenda S. Lenard,80
Claiborne,U.S. Senate,NA,Republican,Fred R. Anderson,125
Claiborne,U.S. Senate,NA,Republican,Mark Twain Clemens,92
Claiborne,U.S. Senate,NA,Republican,Zach Poskevich,174
Clay,State House,38,Democratic,David R. Harper,257
Clay,State House,38,Republican,Kelly T. Keisling,616
Clay,U.S. House,6,Republican,Diane Black,572
Clay,U.S. House,6,Republican,Lou Ann Zelenik,207
Clay,Court of Criminal Appeals - Middle Division,NA,,Replace - Jeffrey S. Bivins,437
Clay,Court of Criminal Appeals - Middle Division,NA,,Retain - Jeffrey S. Bivins,557
Clay,Court of Criminal Appeals - Western Division,NA,,Replace - Roger A. Page,420
Clay,Court of Criminal Appeals - Western Division,NA,,Retain - Roger A. Page,545
Clay,U.S. Senate,NA,Democratic,Benjamin Roberts,60
Clay,U.S. Senate,NA,Democratic,Dave Hancock,27
Clay,U.S. Senate,NA,Democratic,Gary Gene Davis,73
Clay,U.S. Senate,NA,Democratic,Larry Crim,12
Clay,U.S. Senate,NA,Democratic,Mark E. Clayton,106
Clay,U.S. Senate,NA,Democratic,Park Overall,31
Clay,U.S. Senate,NA,Democratic,T. K. Owens,15
Clay,U.S. Senate,NA,Republican,Bob Corker,593
Clay,U.S. Senate,NA,Republican,Brenda S. Lenard,11
Clay,U.S. Senate,NA,Republican,Fred R. Anderson,38
Clay,U.S. Senate,NA,Republican,Mark Twain Clemens,34
Clay,U.S. Senate,NA,Republican,Zach Poskevich,41
Cocke,U.S. House,1,Democratic,Alan Woodruff,149
Cocke,U.S. House,1,Republican,Phil Roe,3064
Cocke,State House,11,Democratic,Marjorie Ramsey,188
Cocke,State House,11,Republican,Jeremy Faison,2063
Cocke,State House,11,Republican,"Phil Morgan, Jr.",1746
Cocke,Court of Criminal Appeals - Middle Division,NA,,Replace - Jeffrey S. Bivins,1015
Cocke,Court of Criminal Appeals - Middle Division,NA,,Retain - Jeffrey S. Bivins,1643
Cocke,Court of Criminal Appeals - Western Division,NA,,Replace - Roger A. Page,999
Cocke,Court of Criminal Appeals - Western Division,NA,,Retain - Roger A. Page,1609
Cocke,U.S. Senate,NA,Democratic,Benjamin Roberts,17
Cocke,U.S. Senate,NA,Democratic,Dave Hancock,7
Cocke,U.S. Senate,NA,Democratic,Gary Gene Davis,27
Cocke,U.S. Senate,NA,Democratic,Larry Crim,8
Cocke,U.S. Senate,NA,Democratic,Mark E. Clayton,37
Cocke,U.S. Senate,NA,Democratic,Park Overall,77
Cocke,U.S. Senate,NA,Democratic,T. K. Owens,8
Cocke,U.S. Senate,NA,Republican,Bob Corker,2954
Cocke,U.S. Senate,NA,Republican,Brenda S. Lenard,120
Cocke,U.S. Senate,NA,Republican,Fred R. Anderson,148
Cocke,U.S. Senate,NA,Republican,Mark Twain Clemens,140
Cocke,U.S. Senate,NA,Republican,Zach Poskevich,158
Coffee,State Senate,16,Democratic,Jeff Bottoms,144
Coffee,State Senate,16,Democratic,Jim Lewis,368
Coffee,State Senate,16,Democratic,Justin C. Walling,507
Coffee,State Senate,16,Democratic,Kevin Lawrence,137
Coffee,State Senate,16,Democratic,Steve Roller,563
Coffee,State Senate,16,Republican,Eric Chance,1227
Coffee,State Senate,16,Republican,Janice Bowling,2491
Coffee,State Senate,16,Republican,Rod McClellan,205
Coffee,State Senate,16,Republican,Ron Stoltzfus,534
Coffee,State House,47,Democratic,Scott Price,1218
Coffee,State House,47,Republican,Judd Matheny,4191
Coffee,U.S. House,6,Republican,Diane Black,3140
Coffee,U.S. House,6,Republican,Lou Ann Zelenik,1408
Coffee,Court of Criminal Appeals - Middle Division,NA,,Replace - Jeffrey S. Bivins,1640
Coffee,Court of Criminal Appeals - Middle Division,NA,,Retain - Jeffrey S. Bivins,3764
Coffee,Court of Criminal Appeals - Western Division,NA,,Replace - Roger A. Page,1629
Coffee,Court of Criminal Appeals - Western Division,NA,,Retain - Roger A. Page,3700
Coffee,U.S. Senate,NA,Democratic,Benjamin Roberts,137
Coffee,U.S. Senate,NA,Democratic,Dave Hancock,151
Coffee,U.S. Senate,NA,Democratic,Gary Gene Davis,366
Coffee,U.S. Senate,NA,Democratic,Larry Crim,183
Coffee,U.S. Senate,NA,Democratic,Mark E. Clayton,348
Coffee,U.S. Senate,NA,Democratic,Park Overall,293
Coffee,U.S. Senate,NA,Democratic,T. K. Owens,61
Coffee,U.S. Senate,NA,Republican,Bob Corker,3771
Coffee,U.S. Senate,NA,Republican,Brenda S. Lenard,104
Coffee,U.S. Senate,NA,Republican,Fred R. Anderson,173
Coffee,U.S. Senate,NA,Republican,Mark Twain Clemens,140
Coffee,U.S. Senate,NA,Republican,Zach Poskevich,390
Crockett,U.S. House,8,Democratic,Christa Stoscheck,71
Crockett,U.S. House,8,Democratic,Timothy D. Dixon,97
Crockett,U.S. House,8,Democratic,Wes Bradley,139
Crockett,U.S. House,8,Republican,Annette Justice,61
Crockett,U.S. House,8,Republican,Stephen Lee Fincher,1364
Crockett,State House,82,Democratic,Craig Fitzhugh,523
Crockett,State House,82,Republican,Johnny Edwards,1018
Crockett,Court of Criminal Appeals - Middle Division,NA,,Replace - Jeffrey S. Bivins,384
Crockett,Court of Criminal Appeals - Middle Division,NA,,Retain - Jeffrey S. Bivins,989
Crockett,Court of Criminal Appeals - Western Division,NA,,Replace - Roger A. Page,354
Crockett,Court of Criminal Appeals - Western Division,NA,,Retain - Roger A. Page,1035
Crockett,U.S. Senate,NA,Democratic,Benjamin Roberts,19
Crockett,U.S. Senate,NA,Democratic,Dave Hancock,27
Crockett,U.S. Senate,NA,Democratic,Gary Gene Davis,55
Crockett,U.S. Senate,NA,Democratic,Larry Crim,28
Crockett,U.S. Senate,NA,Democratic,Mark E. Clayton,165
Crockett,U.S. Senate,NA,Democratic,Park Overall,21
Crockett,U.S. Senate,NA,Democratic,T. K. Owens,15
Crockett,U.S. Senate,NA,Republican,Bob Corker,1174
Crockett,U.S. Senate,NA,Republican,Brenda S. Lenard,14
Crockett,U.S. Senate,NA,Republican,Fred R. Anderson,33
Crockett,U.S. Senate,NA,Republican,Mark Twain Clemens,27
Crockett,U.S. Senate,NA,Republican,Zach Poskevich,42
Cumberland,State House,25,Democratic,Flo Matheson,811
Cumberland,State House,25,Republican,Cameron Sexton,5572
Cumberland,U.S. House,6,Republican,Diane Black,3389
Cumberland,U.S. House,6,Republican,Lou Ann Zelenik,2685
Cumberland,Court of Criminal Appeals - Middle Division,NA,,Replace - Jeffrey S. Bivins,1735
Cumberland,Court of Criminal Appeals - Middle Division,NA,,Retain - Jeffrey S. Bivins,3874
Cumberland,Court of Criminal Appeals - Western Division,NA,,Replace - Roger A. Page,1700
Cumberland,Court of Criminal Appeals - Western Division,NA,,Retain - Roger A. Page,3832
Cumberland,U.S. Senate,NA,Democratic,Benjamin Roberts,68
Cumberland,U.S. Senate,NA,Democratic,Dave Hancock,113
Cumberland,U.S. Senate,NA,Democratic,Gary Gene Davis,158
Cumberland,U.S. Senate,NA,Democratic,Larry Crim,40
Cumberland,U.S. Senate,NA,Democratic,Mark E. Clayton,217
Cumberland,U.S. Senate,NA,Democratic,Park Overall,265
Cumberland,U.S. Senate,NA,Democratic,T. K. Owens,30
Cumberland,U.S. Senate,NA,Republican,Bob Corker,4965
Cumberland,U.S. Senate,NA,Republican,Brenda S. Lenard,152
Cumberland,U.S. Senate,NA,Republican,Fred R. Anderson,230
Cumberland,U.S. Senate,NA,Republican,Mark Twain Clemens,192
Cumberland,U.S. Senate,NA,Republican,Zach Poskevich,494
Davidson,State Senate,18,Democratic,Maria A. Brewer,711
Davidson,State Senate,18,Republican,Brock Ewell,67
Davidson,State Senate,18,Republican,Ferrell Haile,613
Davidson,State Senate,18,Republican,J.H. Tony Allers,91
Davidson,State Senate,18,Republican,Jeff Coker,670
Davidson,Circuit Court Judge Division III,20,,John W. Heacock,6000
Davidson,Circuit Court Judge Division III,20,,Phillip Robinson,29885
Davidson,Circuit Court Judge Division III,20,,W. Scott Rosenberg,5654
Davidson,State Senate,20,Democratic,James A. Baxter,1784
Davidson,State Senate,20,Democratic,Phillip L. North,5148
Davidson,State Senate,20,Republican,David Hall,3325
Davidson,State Senate,20,Republican,Rob Mortensen,2379
Davidson,State Senate,20,Republican,Steven Dickerson,5378
Davidson,U.S. House,5,Democratic,Jim Cooper,25352
Davidson,U.S. House,5,Republican,Bob Ries,3671
Davidson,U.S. House,5,Republican,Brad Staats,4482
Davidson,U.S. House,5,Republican,John (Big John) Smith,2919
Davidson,U.S. House,5,Republican,Justin Jones,2732
Davidson,U.S. House,5,Republican,Tracy C. Tarum,1731
Davidson,State House,50,Democratic,Bo Mitchell,2208
Davidson,State House,50,Republican,Charles Williamson,1585
Davidson,State House,50,Republican,D. J. Farris,1481
Davidson,State House,50,Republican,Dave Hall,621
Davidson,State House,51,Democratic,Michael L. Turner,2522
Davidson,State House,52,Democratic,Michael Stewart,1582
Davidson,State House,53,Democratic,Jason Potts,680
Davidson,State House,53,Democratic,Jason Powell,1377
Davidson,State House,53,Republican,Ben Claybaker,1141
Davidson,State House,53,Republican,Tonya Miller,422
Davidson,State House,54,Democratic,Brenda Gilmore,5059
Davidson,State House,55,Democratic,Gary Odom,2155
Davidson,State House,56,Republican,Beth Harwell,4242
Davidson,State House,58,Democratic,Harold M. Love,1371
Davidson,State House,58,Democratic,Mary Pruitt,1313
Davidson,State House,58,Democratic,Steven Turner,802
Davidson,State House,59,Democratic,Sherry Jones,1271
Davidson,State House,59,Republican,Robert Duvall,735
Davidson,State House,60,Democratic,Darren Jernigan,1633
Davidson,State House,60,Republican,Jim Gotto,2659
Davidson,Court of Criminal Appeals - Middle Division,NA,,Replace - Jeffrey S. Bivins,11203
Davidson,Court of Criminal Appeals - Middle Division,NA,,Retain - Jeffrey S. Bivins,26639
Davidson,Court of Criminal Appeals - Western Division,NA,,Replace - Roger A. Page,11277
Davidson,Court of Criminal Appeals - Western Division,NA,,Retain - Roger A. Page,26344
Davidson,U.S. Senate,NA,Democratic,Benjamin Roberts,2043
Davidson,U.S. Senate,NA,Democratic,Dave Hancock,1789
Davidson,U.S. Senate,NA,Democratic,Gary Gene Davis,1904
Davidson,U.S. Senate,NA,Democratic,Larry Crim,4615
Davidson,U.S. Senate,NA,Democratic,Mark E. Clayton,5234
Davidson,U.S. Senate,NA,Democratic,Park Overall,3404
Davidson,U.S. Senate,NA,Democratic,T. K. Owens,1355
Davidson,U.S. Senate,NA,Republican,Bob Corker,16470
Davidson,U.S. Senate,NA,Republican,Brenda S. Lenard,567
Davidson,U.S. Senate,NA,Republican,Fred R. Anderson,700
Davidson,U.S. Senate,NA,Republican,Mark Twain Clemens,530
Davidson,U.S. Senate,NA,Republican,Zach Poskevich,1405
DeKalb,State House,40,Democratic,Sarah Marie Smith,400
DeKalb,State House,40,Democratic,Wesley Duane Hodges,125
DeKalb,State House,40,Republican,Terri Lynn Weaver,802
DeKalb,State House,46,Republican,Mark A. Pody,178
DeKalb,U.S. House,6,Republican,Diane Black,763
DeKalb,U.S. House,6,Republican,Lou Ann Zelenik,375
DeKalb,Court of Criminal Appeals - Middle Division,NA,,Replace - Jeffrey S. Bivins,600
DeKalb,Court of Criminal Appeals - Middle Division,NA,,Retain - Jeffrey S. Bivins,813
DeKalb,Court of Criminal Appeals - Western Division,NA,,Replace - Roger A. Page,589
DeKalb,Court of Criminal Appeals - Western Division,NA,,Retain - Roger A. Page,788
DeKalb,U.S. Senate,NA,Democratic,Benjamin Roberts,33
DeKalb,U.S. Senate,NA,Democratic,Dave Hancock,112
DeKalb,U.S. Senate,NA,Democratic,Gary Gene Davis,66
DeKalb,U.S. Senate,NA,Democratic,Larry Crim,46
DeKalb,U.S. Senate,NA,Democratic,Mark E. Clayton,225
DeKalb,U.S. Senate,NA,Democratic,Park Overall,157
DeKalb,U.S. Senate,NA,Democratic,T. K. Owens,20
DeKalb,U.S. Senate,NA,Republican,Bob Corker,879
DeKalb,U.S. Senate,NA,Republican,Brenda S. Lenard,19
DeKalb,U.S. Senate,NA,Republican,Fred R. Anderson,36
DeKalb,U.S. Senate,NA,Republican,Mark Twain Clemens,45
DeKalb,U.S. Senate,NA,Republican,Zach Poskevich,100
Decatur,State Senate,26,Democratic,Meryl Rice,412
Decatur,State Senate,26,Republican,Dolores Gresham,492
Decatur,U.S. House,7,Democratic,Credo Amouzouvik,298
Decatur,U.S. House,7,Republican,Marsha Blackburn,692
Decatur,State House,72,Republican,Steve K. McDaniel,681
Decatur,Court of Criminal Appeals - Middle Division,NA,,Replace - Jeffrey S. Bivins,403
Decatur,Court of Criminal Appeals - Middle Division,NA,,Retain - Jeffrey S. Bivins,693
Decatur,Court of Criminal Appeals - Western Division,NA,,Replace - Roger A. Page,406
Decatur,Court of Criminal Appeals - Western Division,NA,,Retain - Roger A. Page,694
Decatur,U.S. Senate,NA,Democratic,Benjamin Roberts,28
Decatur,U.S. Senate,NA,Democratic,Dave Hancock,73
Decatur,U.S. Senate,NA,Democratic,Gary Gene Davis,99
Decatur,U.S. Senate,NA,Democratic,Larry Crim,20
Decatur,U.S. Senate,NA,Democratic,Mark E. Clayton,132
Decatur,U.S. Senate,NA,Democratic,Park Overall,33
Decatur,U.S. Senate,NA,Democratic,T. K. Owens,20
Decatur,U.S. Senate,NA,Republican,Bob Corker,641
Decatur,U.S. Senate,NA,Republican,Brenda S. Lenard,12
Decatur,U.S. Senate,NA,Republican,Fred R. Anderson,29
Decatur,U.S. Senate,NA,Republican,Mark Twain Clemens,30
Decatur,U.S. Senate,NA,Republican,Zach Poskevich,24
Dickson,U.S. House,5,Democratic,Jim Cooper,1721
Dickson,U.S. House,5,Republican,Bob Ries,1161
Dickson,U.S. House,5,Republican,Brad Staats,511
Dickson,U.S. House,5,Republican,John (Big John) Smith,623
Dickson,U.S. House,5,Republican,Justin Jones,312
Dickson,U.S. House,5,Republican,Tracy C. Tarum,239
Dickson,State House,69,Democratic,David A. Shepard,893
Dickson,State House,69,Republican,Jon-Roy Sloan,422
Dickson,State House,69,Republican,Wayne White,718
Dickson,State House,78,Democratic,Jane R. Crisp,205
Dickson,State House,78,Democratic,Linda Hayes,798
Dickson,State House,78,Republican,Donnie Kemp,131
Dickson,State House,78,Republican,Gary Allen Binkley,276
Dickson,State House,78,Republican,John L. Haines,188
Dickson,State House,78,Republican,"John-Paul Wood, Jr.",75
Dickson,State House,78,Republican,Kirk Low,226
Dickson,State House,78,Republican,Lynn Ray,42
Dickson,State House,78,Republican,Mary Littleton,1107
Dickson,Court of Criminal Appeals - Middle Division,NA,,Replace - Jeffrey S. Bivins,1513
Dickson,Court of Criminal Appeals - Middle Division,NA,,Retain - Jeffrey S. Bivins,2945
Dickson,Court of Criminal Appeals - Western Division,NA,,Replace - Roger A. Page,1536
Dickson,Court of Criminal Appeals - Western Division,NA,,Retain - Roger A. Page,2922
Dickson,U.S. Senate,NA,Democratic,Benjamin Roberts,125
Dickson,U.S. Senate,NA,Democratic,Dave Hancock,200
Dickson,U.S. Senate,NA,Democratic,Gary Gene Davis,453
Dickson,U.S. Senate,NA,Democratic,Larry Crim,92
Dickson,U.S. Senate,NA,Democratic,Mark E. Clayton,303
Dickson,U.S. Senate,NA,Democratic,Park Overall,268
Dickson,U.S. Senate,NA,Democratic,T. K. Owens,67
Dickson,U.S. Senate,NA,Republican,Bob Corker,2624
Dickson,U.S. Senate,NA,Republican,Brenda S. Lenard,78
Dickson,U.S. Senate,NA,Republican,Fred R. Anderson,124
Dickson,U.S. Senate,NA,Republican,Mark Twain Clemens,96
Dickson,U.S. Senate,NA,Republican,Zach Poskevich,382
Dyer,State House,77,Democratic,Mark Oakes,747
Dyer,State House,77,Republican,Bill Sanderson,2591
Dyer,U.S. House,8,Democratic,Christa Stoscheck,150
Dyer,U.S. House,8,Democratic,Timothy D. Dixon,253
Dyer,U.S. House,8,Democratic,Wes Bradley,251
Dyer,U.S. House,8,Republican,Annette Justice,190
Dyer,U.S. House,8,Republican,Stephen Lee Fincher,2564
Dyer,Court of Criminal Appeals - Middle Division,NA,,Replace - Jeffrey S. Bivins,856
Dyer,Court of Criminal Appeals - Middle Division,NA,,Retain - Jeffrey S. Bivins,2342
Dyer,Court of Criminal Appeals - Western Division,NA,,Replace - Roger A. Page,862
Dyer,Court of Criminal Appeals - Western Division,NA,,Retain - Roger A. Page,2298
Dyer,U.S. Senate,NA,Democratic,Benjamin Roberts,50
Dyer,U.S. Senate,NA,Democratic,Dave Hancock,116
Dyer,U.S. Senate,NA,Democratic,Gary Gene Davis,96
Dyer,U.S. Senate,NA,Democratic,Larry Crim,43
Dyer,U.S. Senate,NA,Democratic,Mark E. Clayton,256
Dyer,U.S. Senate,NA,Democratic,Park Overall,76
Dyer,U.S. Senate,NA,Democratic,T. K. Owens,53
Dyer,U.S. Senate,NA,Republican,Bob Corker,2503
Dyer,U.S. Senate,NA,Republican,Brenda S. Lenard,37
Dyer,U.S. Senate,NA,Republican,Fred R. Anderson,91
Dyer,U.S. Senate,NA,Republican,Mark Twain Clemens,63
Dyer,U.S. Senate,NA,Republican,Zach Poskevich,86
Fayette,State Senate,26,Democratic,Meryl Rice,865
Fayette,State Senate,26,Republican,Dolores Gresham,3070
Fayette,U.S. House,8,Democratic,Christa Stoscheck,164
Fayette,U.S. House,8,Democratic,Timothy D. Dixon,381
Fayette,U.S. House,8,Democratic,Wes Bradley,326
Fayette,U.S. House,8,Republican,Annette Justice,389
Fayette,U.S. House,8,Republican,Stephen Lee Fincher,2709
Fayette,State House,94,Republican,Barrett Rich,3038
Fayette,Court of Criminal Appeals - Middle Division,NA,,Replace - Jeffrey S. Bivins,1068
Fayette,Court of Criminal Appeals - Middle Division,NA,,Retain - Jeffrey S. Bivins,2552
Fayette,Court of Criminal Appeals - Western Division,NA,,Replace - Roger A. Page,1050
Fayette,Court of Criminal Appeals - Western Division,NA,,Retain - Roger A. Page,2571
Fayette,U.S. Senate,NA,Democratic,Benjamin Roberts,55
Fayette,U.S. Senate,NA,Democratic,Dave Hancock,99
Fayette,U.S. Senate,NA,Democratic,Gary Gene Davis,143
Fayette,U.S. Senate,NA,Democratic,Larry Crim,98
Fayette,U.S. Senate,NA,Democratic,Mark E. Clayton,411
Fayette,U.S. Senate,NA,Democratic,Park Overall,78
Fayette,U.S. Senate,NA,Democratic,T. K. Owens,97
Fayette,U.S. Senate,NA,Republican,Bob Corker,2753
Fayette,U.S. Senate,NA,Republican,Brenda S. Lenard,48
Fayette,U.S. Senate,NA,Republican,Fred R. Anderson,57
Fayette,U.S. Senate,NA,Republican,Mark Twain Clemens,51
Fayette,U.S. Senate,NA,Republican,Zach Poskevich,419
Fentress,State Senate,12,Republican,Ken Yager,1718
Fentress,State House,38,Democratic,David R. Harper,174
Fentress,State House,38,Republican,Kelly T. Keisling,807
Fentress,State House,41,Democratic,John Mark Windle,360
Fentress,State House,41,Republican,Bobby Stewart,596
Fentress,U.S. House,6,Republican,Diane Black,1389
Fentress,U.S. House,6,Republican,Lou Ann Zelenik,517
Fentress,Court of Criminal Appeals - Middle Division,NA,,Replace - Jeffrey S. Bivins,1016
Fentress,Court of Criminal Appeals - Middle Division,NA,,Retain - Jeffrey S. Bivins,1183
Fentress,Court of Criminal Appeals - Western Division,NA,,Replace - Roger A. Page,1012
Fentress,Court of Criminal Appeals - Western Division,NA,,Retain - Roger A. Page,1173
Fentress,U.S. Senate,NA,Democratic,Benjamin Roberts,35
Fentress,U.S. Senate,NA,Democratic,Dave Hancock,49
Fentress,U.S. Senate,NA,Democratic,Gary Gene Davis,98
Fentress,U.S. Senate,NA,Democratic,Larry Crim,30
Fentress,U.S. Senate,NA,Democratic,Mark E. Clayton,173
Fentress,U.S. Senate,NA,Democratic,Park Overall,79
Fentress,U.S. Senate,NA,Democratic,T. K. Owens,23
Fentress,U.S. Senate,NA,Republican,Bob Corker,1611
Fentress,U.S. Senate,NA,Republican,Brenda S. Lenard,45
Fentress,U.S. Senate,NA,Republican,Fred R. Anderson,64
Fentress,U.S. Senate,NA,Republican,Mark Twain Clemens,89
Fentress,U.S. Senate,NA,Republican,Zach Poskevich,122
Franklin,Public Defender,12,,Jeff Harmon,2799
Franklin,State Senate,16,Democratic,Jeff Bottoms,157
Franklin,State Senate,16,Democratic,Jim Lewis,424
Franklin,State Senate,16,Democratic,Justin C. Walling,482
Franklin,State Senate,16,Democratic,Kevin Lawrence,128
Franklin,State Senate,16,Democratic,Steve Roller,363
Franklin,State Senate,16,Republican,Eric Chance,380
Franklin,State Senate,16,Republican,Janice Bowling,1933
Franklin,State Senate,16,Republican,Rod McClellan,79
Franklin,State Senate,16,Republican,Ron Stoltzfus,785
Franklin,State House,39,Democratic,Doug Clark,1466
Franklin,State House,39,Republican,David Alexander,2909
Franklin,U.S. House,4,Democratic,Eric Stewart,1641
Franklin,U.S. House,4,Republican,Scott DesJarlais,2824
Franklin,U.S. House,4,Republican,Shannon Kelley,298
Franklin,State House,92,Democratic,Anita Tipton,2
Franklin,State House,92,Democratic,Mary Rene Baxter,6
Franklin,State House,92,Democratic,Vicki C. Cain,5
Franklin,State House,92,Republican,Ann Bankston,8
Franklin,State House,92,Republican,Billy Spivey,20
Franklin,State House,92,Republican,Larry C. Taft,5
Franklin,State House,92,Republican,Travis Monroe,1
Franklin,Court of Criminal Appeals - Middle Division,NA,,Replace - Jeffrey S. Bivins,1312
Franklin,Court of Criminal Appeals - Middle Division,NA,,Retain - Jeffrey S. Bivins,2506
Franklin,Court of Criminal Appeals - Western Division,NA,,Replace - Roger A. Page,1314
Franklin,Court of Criminal Appeals - Western Division,NA,,Retain - Roger A. Page,2463
Franklin,U.S. Senate,NA,Democratic,Benjamin Roberts,90
Franklin,U.S. Senate,NA,Democratic,Dave Hancock,151
Franklin,U.S. Senate,NA,Democratic,Gary Gene Davis,243
Franklin,U.S. Senate,NA,Democratic,Larry Crim,94
Franklin,U.S. Senate,NA,Democratic,Mark E. Clayton,431
Franklin,U.S. Senate,NA,Democratic,Park Overall,266
Franklin,U.S. Senate,NA,Democratic,T. K. Owens,40
Franklin,U.S. Senate,NA,Republican,Bob Corker,2644
Franklin,U.S. Senate,NA,Republican,Brenda S. Lenard,102
Franklin,U.S. Senate,NA,Republican,Fred R. Anderson,117
Franklin,U.S. Senate,NA,Republican,Mark Twain Clemens,85
Franklin,U.S. Senate,NA,Republican,Zach Poskevich,178
Gibson,State Senate,24,Democratic,Brad Thompson,648
Gibson,State Senate,24,Republican,Danny C. Jowers,973
Gibson,State Senate,24,Republican,John Stevens,1068
Gibson,State House,79,Republican,Curtis Halford,2008
Gibson,U.S. House,8,Democratic,Christa Stoscheck,140
Gibson,U.S. House,8,Democratic,Timothy D. Dixon,181
Gibson,U.S. House,8,Democratic,Wes Bradley,297
Gibson,U.S. House,8,Republican,Annette Justice,360
Gibson,U.S. House,8,Republican,Stephen Lee Fincher,1800
Gibson,Court of Criminal Appeals - Middle Division,NA,,Replace - Jeffrey S. Bivins,680
Gibson,Court of Criminal Appeals - Middle Division,NA,,Retain - Jeffrey S. Bivins,1484
Gibson,Court of Criminal Appeals - Western Division,NA,,Replace - Roger A. Page,643
Gibson,Court of Criminal Appeals - Western Division,NA,,Retain - Roger A. Page,1522
Gibson,U.S. Senate,NA,Democratic,Benjamin Roberts,30
Gibson,U.S. Senate,NA,Democratic,Dave Hancock,56
Gibson,U.S. Senate,NA,Democratic,Gary Gene Davis,69
Gibson,U.S. Senate,NA,Democratic,Larry Crim,57
Gibson,U.S. Senate,NA,Democratic,Mark E. Clayton,286
Gibson,U.S. Senate,NA,Democratic,Park Overall,124
Gibson,U.S. Senate,NA,Democratic,T. K. Owens,23
Gibson,U.S. Senate,NA,Republican,Bob Corker,1628
Gibson,U.S. Senate,NA,Republican,Brenda S. Lenard,29
Gibson,U.S. Senate,NA,Republican,Fred R. Anderson,41
Gibson,U.S. Senate,NA,Republican,Mark Twain Clemens,33
Gibson,U.S. Senate,NA,Republican,Zach Poskevich,439
Giles,State Senate,28,Democratic,"Tyler ""Ty"" Cobb",1111
Giles,State Senate,28,Republican,Dean Dickey,954
Giles,State Senate,28,Republican,Joey Hensley,1392
Giles,U.S. House,7,Democratic,Credo Amouzouvik,636
Giles,U.S. House,7,Republican,Marsha Blackburn,2101
Giles,State House,70,Democratic,Calvin Moore,1005
Giles,State House,70,Republican,Adam Braeback,102
Giles,State House,70,Republican,Barry Doss,1191
Giles,State House,70,Republican,Don Parr,1306
Giles,Court of Criminal Appeals - Middle Division,NA,,Replace - Jeffrey S. Bivins,1009
Giles,Court of Criminal Appeals - Middle Division,NA,,Retain - Jeffrey S. Bivins,2023
Giles,Court of Criminal Appeals - Western Division,NA,,Replace - Roger A. Page,984
Giles,Court of Criminal Appeals - Western Division,NA,,Retain - Roger A. Page,1969
Giles,U.S. Senate,NA,Democratic,Benjamin Roberts,77
Giles,U.S. Senate,NA,Democratic,Dave Hancock,103
Giles,U.S. Senate,NA,Democratic,Gary Gene Davis,198
Giles,U.S. Senate,NA,Democratic,Larry Crim,51
Giles,U.S. Senate,NA,Democratic,Mark E. Clayton,297
Giles,U.S. Senate,NA,Democratic,Park Overall,113
Giles,U.S. Senate,NA,Democratic,T. K. Owens,64
Giles,U.S. Senate,NA,Republican,Bob Corker,2009
Giles,U.S. Senate,NA,Republican,Brenda S. Lenard,95
Giles,U.S. Senate,NA,Republican,Fred R. Anderson,148
Giles,U.S. Senate,NA,Republican,Mark Twain Clemens,82
Giles,U.S. Senate,NA,Republican,Zach Poskevich,168
Grainger,U.S. House,2,Democratic,Troy Christopher Goodale,100
Grainger,U.S. House,2,Republican,"John J. Duncan, Jr.",964
Grainger,U.S. House,2,Republican,"Joseph Leinweber, Jr.",65
Grainger,U.S. House,2,Republican,Nick Ciparro,47
Grainger,State House,35,Republican,"Dennis ""Coach"" Roach",917
Grainger,State Senate,8,Republican,Cynthia Bundren Jackson,322
Grainger,State Senate,8,Republican,Frank Niceley,642
Grainger,State Senate,8,Republican,Hobart L. Rice,60
Grainger,State Senate,8,Republican,Jeffrey D. Brantley,129
Grainger,Court of Criminal Appeals - Middle Division,NA,,Replace - Jeffrey S. Bivins,317
Grainger,Court of Criminal Appeals - Middle Division,NA,,Retain - Jeffrey S. Bivins,600
Grainger,Court of Criminal Appeals - Western Division,NA,,Replace - Roger A. Page,323
Grainger,Court of Criminal Appeals - Western Division,NA,,Retain - Roger A. Page,599
Grainger,U.S. Senate,NA,Democratic,Benjamin Roberts,15
Grainger,U.S. Senate,NA,Democratic,Dave Hancock,17
Grainger,U.S. Senate,NA,Democratic,Gary Gene Davis,13
Grainger,U.S. Senate,NA,Democratic,Larry Crim,5
Grainger,U.S. Senate,NA,Democratic,Mark E. Clayton,30
Grainger,U.S. Senate,NA,Democratic,Park Overall,31
Grainger,U.S. Senate,NA,Democratic,T. K. Owens,7
Grainger,U.S. Senate,NA,Republican,Bob Corker,932
Grainger,U.S. Senate,NA,Republican,Brenda S. Lenard,36
Grainger,U.S. Senate,NA,Republican,Fred R. Anderson,41
Grainger,U.S. Senate,NA,Republican,Mark Twain Clemens,27
Grainger,U.S. Senate,NA,Republican,Zach Poskevich,97
Greene,U.S. House,1,Democratic,Alan Woodruff,880
Greene,U.S. House,1,Republican,Phil Roe,7482
Greene,State House,11,Democratic,Marjorie Ramsey,140
Greene,State House,11,Republican,Jeremy Faison,680
Greene,State House,11,Republican,"Phil Morgan, Jr.",165
Greene,State House,5,Democratic,Eddie Yokley,1187
Greene,State House,5,Republican,Bradley Mercer,1312
Greene,State House,5,Republican,David B. Hawk,3093
Greene,State House,5,Republican,Duncan Cave,665
Greene,State House,5,Republican,Ted Hensley,2707
Greene,Court of Criminal Appeals - Middle Division,NA,,Replace - Jeffrey S. Bivins,2370
Greene,Court of Criminal Appeals - Middle Division,NA,,Retain - Jeffrey S. Bivins,4931
Greene,Court of Criminal Appeals - Western Division,NA,,Replace - Roger A. Page,2331
Greene,Court of Criminal Appeals - Western Division,NA,,Retain - Roger A. Page,4913
Greene,U.S. Senate,NA,Democratic,Benjamin Roberts,83
Greene,U.S. Senate,NA,Democratic,Dave Hancock,56
Greene,U.S. Senate,NA,Democratic,Gary Gene Davis,82
Greene,U.S. Senate,NA,Democratic,Larry Crim,45
Greene,U.S. Senate,NA,Democratic,Mark E. Clayton,109
Greene,U.S. Senate,NA,Democratic,Park Overall,866
Greene,U.S. Senate,NA,Democratic,T. K. Owens,34
Greene,U.S. Senate,NA,Republican,Bob Corker,6557
Greene,U.S. Senate,NA,Republican,Brenda S. Lenard,656
Greene,U.S. Senate,NA,Republican,Fred R. Anderson,357
Greene,U.S. Senate,NA,Republican,Mark Twain Clemens,252
Greene,U.S. Senate,NA,Republican,Zach Poskevich,211
Grundy,Public Defender,12,,Jeff Harmon,1065
Grundy,State Senate,16,Democratic,Jeff Bottoms,65
Grundy,State Senate,16,Democratic,Jim Lewis,401
Grundy,State Senate,16,Democratic,Justin C. Walling,220
Grundy,State Senate,16,Democratic,Kevin Lawrence,41
Grundy,State Senate,16,Democratic,Steve Roller,149
Grundy,State Senate,16,Republican,Eric Chance,107
Grundy,State Senate,16,Republican,Janice Bowling,273
Grundy,State Senate,16,Republican,Rod McClellan,26
Grundy,State Senate,16,Republican,Ron Stoltzfus,204
Grundy,U.S. House,4,Democratic,Eric Stewart,756
Grundy,U.S. House,4,Republican,Scott DesJarlais,590
Grundy,U.S. House,4,Republican,Shannon Kelley,68
Grundy,State House,43,Democratic,Charles Curtiss,724
Grundy,State House,43,Republican,Derrick Waggoner,259
Grundy,State House,43,Republican,Robert F. Dunham,278
Grundy,Court of Criminal Appeals - Middle Division,NA,,Replace - Jeffrey S. Bivins,392
Grundy,Court of Criminal Appeals - Middle Division,NA,,Retain - Jeffrey S. Bivins,761
Grundy,Court of Criminal Appeals - Western Division,NA,,Replace - Roger A. Page,384
Grundy,Court of Criminal Appeals - Western Division,NA,,Retain - Roger A. Page,746
Grundy,U.S. Senate,NA,Democratic,Benjamin Roberts,66
Grundy,U.S. Senate,NA,Democratic,Dave Hancock,68
Grundy,U.S. Senate,NA,Democratic,Gary Gene Davis,205
Grundy,U.S. Senate,NA,Democratic,Larry Crim,32
Grundy,U.S. Senate,NA,Democratic,Mark E. Clayton,139
Grundy,U.S. Senate,NA,Democratic,Park Overall,72
Grundy,U.S. Senate,NA,Democratic,T. K. Owens,17
Grundy,U.S. Senate,NA,Republican,Bob Corker,551
Grundy,U.S. Senate,NA,Republican,Brenda S. Lenard,15
Grundy,U.S. Senate,NA,Republican,Fred R. Anderson,30
Grundy,U.S. Senate,NA,Republican,Mark Twain Clemens,22
Grundy,U.S. Senate,NA,Republican,Zach Poskevich,43
Hamblen,U.S. House,1,Democratic,Alan Woodruff,288
Hamblen,U.S. House,1,Republican,Phil Roe,4289
Hamblen,State House,10,Republican,Don Miller,2358
Hamblen,State House,10,Republican,Tilman Goins,2586
Hamblen,Court of Criminal Appeals - Middle Division,NA,,Replace - Jeffrey S. Bivins,1141
Hamblen,Court of Criminal Appeals - Middle Division,NA,,Retain - Jeffrey S. Bivins,2862
Hamblen,Court of Criminal Appeals - Western Division,NA,,Replace - Roger A. Page,1132
Hamblen,Court of Criminal Appeals - Western Division,NA,,Retain - Roger A. Page,2839
Hamblen,U.S. Senate,NA,Democratic,Benjamin Roberts,26
Hamblen,U.S. Senate,NA,Democratic,Dave Hancock,27
Hamblen,U.S. Senate,NA,Democratic,Gary Gene Davis,68
Hamblen,U.S. Senate,NA,Democratic,Larry Crim,26
Hamblen,U.S. Senate,NA,Democratic,Mark E. Clayton,81
Hamblen,U.S. Senate,NA,Democratic,Park Overall,109
Hamblen,U.S. Senate,NA,Democratic,T. K. Owens,19
Hamblen,U.S. Senate,NA,Republican,Bob Corker,4040
Hamblen,U.S. Senate,NA,Republican,Brenda S. Lenard,103
Hamblen,U.S. Senate,NA,Republican,Fred R. Anderson,182
Hamblen,U.S. Senate,NA,Republican,Mark Twain Clemens,116
Hamblen,U.S. Senate,NA,Republican,Zach Poskevich,353
Hamilton,State Senate,10,Democratic,Andrae' McGary,4076
Hamilton,State Senate,10,Democratic,David Testerman,1522
Hamilton,State Senate,10,Democratic,Quenston Coleman,856
Hamilton,State Senate,10,Republican,Greg Vital,5394
Hamilton,State Senate,10,Republican,Todd Gardenhire,6204
Hamilton,State House,26,Democratic,Lawrence G. Miller,1493
Hamilton,State House,26,Republican,Gerald McCormick,7721
Hamilton,State House,27,Democratic,Frank Eaton,1472
Hamilton,State House,27,Republican,"Basil Marceaux, Sr.",782
Hamilton,State House,27,Republican,Richard Floyd,7897
Hamilton,State House,28,Democratic,Joanne Favors,3959
Hamilton,State House,28,Democratic,Tommie F. Brown,1583
Hamilton,State House,28,Republican,Johnny W. Horne,1263
Hamilton,State House,29,Republican,Mike Carter,5577
Hamilton,U.S. House,3,Democratic,Bill Taylor,3394
Hamilton,U.S. House,3,Democratic,Mary M. Headrick,7879
Hamilton,U.S. House,3,Republican,Chuck Fleischmann,14204
Hamilton,U.S. House,3,Republican,Ron Bhalla,566
Hamilton,U.S. House,3,Republican,Scottie Mayfield,7436
Hamilton,U.S. House,3,Republican,Weston Wamp,14305
Hamilton,State House,30,Democratic,Brian D. White,250
Hamilton,State House,30,Democratic,L. Brock Bennington,254
Hamilton,State House,30,Democratic,Sandy Norris Smith,887
Hamilton,State House,30,Republican,Vince Dean,5798
Hamilton,Court of Criminal Appeals - Middle Division,NA,,Replace - Jeffrey S. Bivins,10714
Hamilton,Court of Criminal Appeals - Middle Division,NA,,Retain - Jeffrey S. Bivins,28380
Hamilton,Court of Criminal Appeals - Western Division,NA,,Replace - Roger A. Page,10709
Hamilton,Court of Criminal Appeals - Western Division,NA,,Retain - Roger A. Page,27876
Hamilton,U.S. Senate,NA,Democratic,Benjamin Roberts,993
Hamilton,U.S. Senate,NA,Democratic,Dave Hancock,1230
Hamilton,U.S. Senate,NA,Democratic,Gary Gene Davis,2825
Hamilton,U.S. Senate,NA,Democratic,Larry Crim,619
Hamilton,U.S. Senate,NA,Democratic,Mark E. Clayton,1895
Hamilton,U.S. Senate,NA,Democratic,Park Overall,1706
Hamilton,U.S. Senate,NA,Democratic,T. K. Owens,813
Hamilton,U.S. Senate,NA,Republican,Bob Corker,33639
Hamilton,U.S. Senate,NA,Republican,Brenda S. Lenard,576
Hamilton,U.S. Senate,NA,Republican,Fred R. Anderson,745
Hamilton,U.S. Senate,NA,Republican,Mark Twain Clemens,584
Hamilton,U.S. Senate,NA,Republican,Zach Poskevich,606
Hancock,U.S. House,1,Democratic,Alan Woodruff,39
Hancock,U.S. House,1,Republican,Phil Roe,507
Hancock,State Senate,8,Republican,Cynthia Bundren Jackson,296
Hancock,State Senate,8,Republican,Frank Niceley,243
Hancock,State Senate,8,Republican,Hobart L. Rice,76
Hancock,State Senate,8,Republican,Jeffrey D. Brantley,24
Hancock,State House,9,Republican,Mike Harrison,553
Hancock,Court of Criminal Appeals - Middle Division,NA,,Replace - Jeffrey S. Bivins,118
Hancock,Court of Criminal Appeals - Middle Division,NA,,Retain - Jeffrey S. Bivins,298
Hancock,Court of Criminal Appeals - Western Division,NA,,Replace - Roger A. Page,119
Hancock,Court of Criminal Appeals - Western Division,NA,,Retain - Roger A. Page,307
Hancock,U.S. Senate,NA,Democratic,Benjamin Roberts,3
Hancock,U.S. Senate,NA,Democratic,Dave Hancock,17
Hancock,U.S. Senate,NA,Democratic,Gary Gene Davis,7
Hancock,U.S. Senate,NA,Democratic,Mark E. Clayton,9
Hancock,U.S. Senate,NA,Democratic,Park Overall,14
Hancock,U.S. Senate,NA,Democratic,T. K. Owens,3
Hancock,U.S. Senate,NA,Republican,Bob Corker,450
Hancock,U.S. Senate,NA,Republican,Brenda S. Lenard,11
Hancock,U.S. Senate,NA,Republican,Fred R. Anderson,32
Hancock,U.S. Senate,NA,Republican,Mark Twain Clemens,15
Hancock,U.S. Senate,NA,Republican,Zach Poskevich,68
Hardeman,State Senate,26,Democratic,Meryl Rice,1340
Hardeman,State Senate,26,Republican,Dolores Gresham,1603
Hardeman,U.S. House,7,Democratic,Credo Amouzouvik,915
Hardeman,U.S. House,7,Republican,Marsha Blackburn,1596
Hardeman,State House,80,Democratic,Johnny Shaw,1808
Hardeman,State House,94,Republican,Barrett Rich,254
Hardeman,Court of Criminal Appeals - Middle Division,NA,,Replace - Jeffrey S. Bivins,695
Hardeman,Court of Criminal Appeals - Middle Division,NA,,Retain - Jeffrey S. Bivins,2035
Hardeman,Court of Criminal Appeals - Western Division,NA,,Replace - Roger A. Page,686
Hardeman,Court of Criminal Appeals - Western Division,NA,,Retain - Roger A. Page,2116
Hardeman,U.S. Senate,NA,Democratic,Benjamin Roberts,122
Hardeman,U.S. Senate,NA,Democratic,Dave Hancock,159
Hardeman,U.S. Senate,NA,Democratic,Gary Gene Davis,195
Hardeman,U.S. Senate,NA,Democratic,Larry Crim,152
Hardeman,U.S. Senate,NA,Democratic,Mark E. Clayton,463
Hardeman,U.S. Senate,NA,Democratic,Park Overall,78
Hardeman,U.S. Senate,NA,Democratic,T. K. Owens,131
Hardeman,U.S. Senate,NA,Republican,Bob Corker,1587
Hardeman,U.S. Senate,NA,Republican,Brenda S. Lenard,27
Hardeman,U.S. Senate,NA,Republican,Fred R. Anderson,47
Hardeman,U.S. Senate,NA,Republican,Mark Twain Clemens,30
Hardeman,U.S. Senate,NA,Republican,Zach Poskevich,60
Hardin,State Senate,26,Democratic,Meryl Rice,280
Hardin,State Senate,26,Republican,Dolores Gresham,1870
Hardin,U.S. House,7,Democratic,Credo Amouzouvik,248
Hardin,U.S. House,7,Republican,Marsha Blackburn,2112
Hardin,State House,71,Republican,Shirley B. Curry,731
Hardin,State House,71,Republican,Vance Dennis,1763
Hardin,Court of Criminal Appeals - Middle Division,NA,,Replace - Jeffrey S. Bivins,691
Hardin,Court of Criminal Appeals - Middle Division,NA,,Retain - Jeffrey S. Bivins,1379
Hardin,Court of Criminal Appeals - Western Division,NA,,Replace - Roger A. Page,698
Hardin,Court of Criminal Appeals - Western Division,NA,,Retain - Roger A. Page,1372
Hardin,U.S. Senate,NA,Democratic,Benjamin Roberts,23
Hardin,U.S. Senate,NA,Democratic,Dave Hancock,35
Hardin,U.S. Senate,NA,Democratic,Gary Gene Davis,57
Hardin,U.S. Senate,NA,Democratic,Larry Crim,33
Hardin,U.S. Senate,NA,Democratic,Mark E. Clayton,114
Hardin,U.S. Senate,NA,Democratic,Park Overall,40
Hardin,U.S. Senate,NA,Democratic,T. K. Owens,16
Hardin,U.S. Senate,NA,Republican,Bob Corker,1984
Hardin,U.S. Senate,NA,Republican,Brenda S. Lenard,54
Hardin,U.S. Senate,NA,Republican,Fred R. Anderson,98
Hardin,U.S. Senate,NA,Republican,Mark Twain Clemens,57
Hardin,U.S. Senate,NA,Republican,Zach Poskevich,49
Hawkins,U.S. House,1,Democratic,Alan Woodruff,435
Hawkins,U.S. House,1,Republican,Phil Roe,4093
Hawkins,State Senate,8,Republican,Cynthia Bundren Jackson,2557
Hawkins,State Senate,8,Republican,Frank Niceley,1735
Hawkins,State Senate,8,Republican,Hobart L. Rice,189
Hawkins,State Senate,8,Republican,Jeffrey D. Brantley,213
Hawkins,State House,9,Republican,Mike Harrison,3982
Hawkins,Court of Criminal Appeals - Middle Division,NA,,Replace - Jeffrey S. Bivins,989
Hawkins,Court of Criminal Appeals - Middle Division,NA,,Retain - Jeffrey S. Bivins,2376
Hawkins,Court of Criminal Appeals - Western Division,NA,,Replace - Roger A. Page,997
Hawkins,Court of Criminal Appeals - Western Division,NA,,Retain - Roger A. Page,2391
Hawkins,U.S. Senate,NA,Democratic,Benjamin Roberts,48
Hawkins,U.S. Senate,NA,Democratic,Dave Hancock,62
Hawkins,U.S. Senate,NA,Democratic,Gary Gene Davis,93
Hawkins,U.S. Senate,NA,Democratic,Larry Crim,28
Hawkins,U.S. Senate,NA,Democratic,Mark E. Clayton,127
Hawkins,U.S. Senate,NA,Democratic,Park Overall,166
Hawkins,U.S. Senate,NA,Democratic,T. K. Owens,31
Hawkins,U.S. Senate,NA,Republican,Bob Corker,3698
Hawkins,U.S. Senate,NA,Republican,Brenda S. Lenard,127
Hawkins,U.S. Senate,NA,Republican,Fred R. Anderson,234
Hawkins,U.S. Senate,NA,Republican,Mark Twain Clemens,145
Hawkins,U.S. Senate,NA,Republican,Zach Poskevich,185
Haywood,State Senate,26,Democratic,Meryl Rice,860
Haywood,State Senate,26,Republican,Dolores Gresham,928
Haywood,U.S. House,8,Democratic,Christa Stoscheck,166
Haywood,U.S. House,8,Democratic,Timothy D. Dixon,322
Haywood,U.S. House,8,Democratic,Wes Bradley,303
Haywood,U.S. House,8,Republican,Annette Justice,37
Haywood,U.S. House,8,Republican,Stephen Lee Fincher,1037
Haywood,State House,82,Democratic,Craig Fitzhugh,981
Haywood,State House,82,Republican,Johnny Edwards,820
Haywood,Court of Criminal Appeals - Middle Division,NA,,Replace - Jeffrey S. Bivins,366
Haywood,Court of Criminal Appeals - Middle Division,NA,,Retain - Jeffrey S. Bivins,1376
Haywood,Court of Criminal Appeals - Western Division,NA,,Replace - Roger A. Page,350
Haywood,Court of Criminal Appeals - Western Division,NA,,Retain - Roger A. Page,1427
Haywood,U.S. Senate,NA,Democratic,Benjamin Roberts,80
Haywood,U.S. Senate,NA,Democratic,Dave Hancock,80
Haywood,U.S. Senate,NA,Democratic,Gary Gene Davis,135
Haywood,U.S. Senate,NA,Democratic,Larry Crim,59
Haywood,U.S. Senate,NA,Democratic,Mark E. Clayton,368
Haywood,U.S. Senate,NA,Democratic,Park Overall,44
Haywood,U.S. Senate,NA,Democratic,T. K. Owens,58
Haywood,U.S. Senate,NA,Republican,Bob Corker,1003
Haywood,U.S. Senate,NA,Republican,Brenda S. Lenard,8
Haywood,U.S. Senate,NA,Republican,Fred R. Anderson,20
Haywood,U.S. Senate,NA,Republican,Mark Twain Clemens,14
Haywood,U.S. Senate,NA,Republican,Zach Poskevich,17
Henderson,Circuit Court Judge Division III,26,,Dale Conder,289
Henderson,Circuit Court Judge Division III,26,,"Edward L. Martindale, Jr.",318
Henderson,Circuit Court Judge Division III,26,,Kyle Atkins,797
Henderson,Circuit Court Judge Division III,26,,Lloyd Tatum,443
Henderson,Circuit Court Judge Division III,26,,Mark Patey,276
Henderson,Circuit Court Judge Division III,26,,Nathan Blake Pride,150
Henderson,State Senate,26,Democratic,Meryl Rice,257
Henderson,State Senate,26,Republican,Dolores Gresham,1333
Henderson,U.S. House,7,Democratic,Credo Amouzouvik,202
Henderson,U.S. House,7,Republican,Marsha Blackburn,1549
Henderson,State House,72,Republican,Steve K. McDaniel,1528
Henderson,Court of Criminal Appeals - Middle Division,NA,,Replace - Jeffrey S. Bivins,444
Henderson,Court of Criminal Appeals - Middle Division,NA,,Retain - Jeffrey S. Bivins,1099
Henderson,Court of Criminal Appeals - Western Division,NA,,Replace - Roger A. Page,350
Henderson,Court of Criminal Appeals - Western Division,NA,,Retain - Roger A. Page,1387
Henderson,U.S. Senate,NA,Democratic,Benjamin Roberts,31
Henderson,U.S. Senate,NA,Democratic,Dave Hancock,41
Henderson,U.S. Senate,NA,Democratic,Gary Gene Davis,45
Henderson,U.S. Senate,NA,Democratic,Larry Crim,14
Henderson,U.S. Senate,NA,Democratic,Mark E. Clayton,105
Henderson,U.S. Senate,NA,Democratic,Park Overall,32
Henderson,U.S. Senate,NA,Democratic,T. K. Owens,15
Henderson,U.S. Senate,NA,Republican,Bob Corker,1457
Henderson,U.S. Senate,NA,Republican,Brenda S. Lenard,32
Henderson,U.S. Senate,NA,Republican,Fred R. Anderson,65
Henderson,U.S. Senate,NA,Republican,Mark Twain Clemens,40
Henderson,U.S. Senate,NA,Republican,Zach Poskevich,91
Henry,State Senate,24,Democratic,Brad Thompson,663
Henry,State Senate,24,Republican,Danny C. Jowers,387
Henry,State Senate,24,Republican,John Stevens,699
Henry,State House,75,Democratic,Steve Wright,808
Henry,State House,75,Republican,Tim Wirgau,1140
Henry,U.S. House,8,Democratic,Christa Stoscheck,89
Henry,U.S. House,8,Democratic,Timothy D. Dixon,129
Henry,U.S. House,8,Democratic,Wes Bradley,545
Henry,U.S. House,8,Republican,Annette Justice,191
Henry,U.S. House,8,Republican,Stephen Lee Fincher,990
Henry,Court of Criminal Appeals - Middle Division,NA,,Replace - Jeffrey S. Bivins,531
Henry,Court of Criminal Appeals - Middle Division,NA,,Retain - Jeffrey S. Bivins,1122
Henry,Court of Criminal Appeals - Western Division,NA,,Replace - Roger A. Page,520
Henry,Court of Criminal Appeals - Western Division,NA,,Retain - Roger A. Page,1137
Henry,U.S. Senate,NA,Democratic,Benjamin Roberts,52
Henry,U.S. Senate,NA,Democratic,Dave Hancock,84
Henry,U.S. Senate,NA,Democratic,Gary Gene Davis,77
Henry,U.S. Senate,NA,Democratic,Larry Crim,87
Henry,U.S. Senate,NA,Democratic,Mark E. Clayton,203
Henry,U.S. Senate,NA,Democratic,Park Overall,90
Henry,U.S. Senate,NA,Democratic,T. K. Owens,55
Henry,U.S. Senate,NA,Republican,Bob Corker,908
Henry,U.S. Senate,NA,Republican,Brenda S. Lenard,25
Henry,U.S. Senate,NA,Republican,Fred R. Anderson,46
Henry,U.S. Senate,NA,Republican,Mark Twain Clemens,29
Henry,U.S. Senate,NA,Republican,Zach Poskevich,226
Hickman,Circuit Court Judge Division III,21,,Mike Binkley - R,1042
Hickman,State House,69,Democratic,David A. Shepard,570
Hickman,State House,69,Republican,Jon-Roy Sloan,357
Hickman,State House,69,Republican,Wayne White,473
Hickman,U.S. House,7,Democratic,Credo Amouzouvik,349
Hickman,U.S. House,7,Republican,Marsha Blackburn,927
Hickman,Court of Criminal Appeals - Middle Division,NA,,Replace - Jeffrey S. Bivins,397
Hickman,Court of Criminal Appeals - Middle Division,NA,,Retain - Jeffrey S. Bivins,1030
Hickman,Court of Criminal Appeals - Western Division,NA,,Replace - Roger A. Page,404
Hickman,Court of Criminal Appeals - Western Division,NA,,Retain - Roger A. Page,984
Hickman,U.S. Senate,NA,Democratic,Benjamin Roberts,33
Hickman,U.S. Senate,NA,Democratic,Dave Hancock,39
Hickman,U.S. Senate,NA,Democratic,Gary Gene Davis,160
Hickman,U.S. Senate,NA,Democratic,Larry Crim,31
Hickman,U.S. Senate,NA,Democratic,Mark E. Clayton,112
Hickman,U.S. Senate,NA,Democratic,Park Overall,82
Hickman,U.S. Senate,NA,Democratic,T. K. Owens,26
Hickman,U.S. Senate,NA,Republican,Bob Corker,755
Hickman,U.S. Senate,NA,Republican,Brenda S. Lenard,29
Hickman,U.S. Senate,NA,Republican,Fred R. Anderson,25
Hickman,U.S. Senate,NA,Republican,Mark Twain Clemens,31
Hickman,U.S. Senate,NA,Republican,Zach Poskevich,170
Houston,State Senate,22,Democratic,Tim Barnes,683
Houston,State Senate,22,Republican,Mark E. Green,431
Houston,U.S. House,7,Democratic,Credo Amouzouvik,426
Houston,U.S. House,7,Republican,Marsha Blackburn,467
Houston,State House,74,Democratic,John C. Tidwell,686
Houston,State House,74,Republican,Lauri Day,290
Houston,State House,74,Republican,Nick Steward,201
Houston,Court of Criminal Appeals - Middle Division,NA,,Replace - Jeffrey S. Bivins,294
Houston,Court of Criminal Appeals - Middle Division,NA,,Retain - Jeffrey S. Bivins,761
Houston,Court of Criminal Appeals - Western Division,NA,,Replace - Roger A. Page,298
Houston,Court of Criminal Appeals - Western Division,NA,,Retain - Roger A. Page,761
Houston,U.S. Senate,NA,Democratic,Benjamin Roberts,48
Houston,U.S. Senate,NA,Democratic,Dave Hancock,85
Houston,U.S. Senate,NA,Democratic,Gary Gene Davis,112
Houston,U.S. Senate,NA,Democratic,Larry Crim,37
Houston,U.S. Senate,NA,Democratic,Mark E. Clayton,179
Houston,U.S. Senate,NA,Democratic,Park Overall,52
Houston,U.S. Senate,NA,Democratic,T. K. Owens,33
Houston,U.S. Senate,NA,Republican,Bob Corker,396
Houston,U.S. Senate,NA,Republican,Brenda S. Lenard,9
Houston,U.S. Senate,NA,Republican,Fred R. Anderson,14
Houston,U.S. Senate,NA,Republican,Mark Twain Clemens,17
Houston,U.S. Senate,NA,Republican,Zach Poskevich,95
Humphreys,U.S. House,7,Democratic,Credo Amouzouvik,1103
Humphreys,U.S. House,7,Republican,Marsha Blackburn,1485
Humphreys,State House,74,Democratic,John C. Tidwell,1897
Humphreys,State House,74,Republican,Lauri Day,1019
Humphreys,State House,74,Republican,Nick Steward,550
Humphreys,Court of Criminal Appeals - Middle Division,NA,,Replace - Jeffrey S. Bivins,1063
Humphreys,Court of Criminal Appeals - Middle Division,NA,,Retain - Jeffrey S. Bivins,2253
Humphreys,Court of Criminal Appeals - Western Division,NA,,Replace - Roger A. Page,1073
Humphreys,Court of Criminal Appeals - Western Division,NA,,Retain - Roger A. Page,2246
Humphreys,U.S. Senate,NA,Democratic,Benjamin Roberts,137
Humphreys,U.S. Senate,NA,Democratic,Dave Hancock,265
Humphreys,U.S. Senate,NA,Democratic,Gary Gene Davis,339
Humphreys,U.S. Senate,NA,Democratic,Larry Crim,77
Humphreys,U.S. Senate,NA,Democratic,Mark E. Clayton,396
Humphreys,U.S. Senate,NA,Democratic,Park Overall,151
Humphreys,U.S. Senate,NA,Democratic,T. K. Owens,73
Humphreys,U.S. Senate,NA,Republican,Bob Corker,1082
Humphreys,U.S. Senate,NA,Republican,Brenda S. Lenard,33
Humphreys,U.S. Senate,NA,Republican,Fred R. Anderson,36
Humphreys,U.S. Senate,NA,Republican,Mark Twain Clemens,44
Humphreys,U.S. Senate,NA,Republican,Zach Poskevich,535
Jackson,State House,41,Democratic,John Mark Windle,522
Jackson,State House,41,Republican,Bobby Stewart,581
Jackson,U.S. House,6,Republican,Diane Black,635
Jackson,U.S. House,6,Republican,Lou Ann Zelenik,266
Jackson,Court of Criminal Appeals - Middle Division,NA,,Replace - Jeffrey S. Bivins,441
Jackson,Court of Criminal Appeals - Middle Division,NA,,Retain - Jeffrey S. Bivins,709
Jackson,Court of Criminal Appeals - Western Division,NA,,Replace - Roger A. Page,442
Jackson,Court of Criminal Appeals - Western Division,NA,,Retain - Roger A. Page,679
Jackson,U.S. Senate,NA,Democratic,Benjamin Roberts,41
Jackson,U.S. Senate,NA,Democratic,Dave Hancock,52
Jackson,U.S. Senate,NA,Democratic,Gary Gene Davis,102
Jackson,U.S. Senate,NA,Democratic,Larry Crim,27
Jackson,U.S. Senate,NA,Democratic,Mark E. Clayton,149
Jackson,U.S. Senate,NA,Democratic,Park Overall,75
Jackson,U.S. Senate,NA,Democratic,T. K. Owens,23
Jackson,U.S. Senate,NA,Republican,Bob Corker,666
Jackson,U.S. Senate,NA,Republican,Brenda S. Lenard,28
Jackson,U.S. Senate,NA,Republican,Fred R. Anderson,45
Jackson,U.S. Senate,NA,Republican,Mark Twain Clemens,43
Jackson,U.S. Senate,NA,Republican,Zach Poskevich,72
Jefferson,U.S. House,1,Democratic,Alan Woodruff,33
Jefferson,U.S. House,1,Republican,Phil Roe,626
Jefferson,State House,11,Democratic,Marjorie Ramsey,108
Jefferson,State House,11,Republican,Jeremy Faison,884
Jefferson,State House,11,Republican,"Phil Morgan, Jr.",353
Jefferson,State House,17,Democratic,Mike Dockery,216
Jefferson,State House,17,Republican,Andrew E. Farmer,1218
Jefferson,State House,17,Republican,Larry Boggs,153
Jefferson,State House,17,Republican,Roger W. Griffith,1673
Jefferson,U.S. House,2,Democratic,Troy Christopher Goodale,242
Jefferson,U.S. House,2,Republican,"John J. Duncan, Jr.",2872
Jefferson,U.S. House,2,Republican,"Joseph Leinweber, Jr.",213
Jefferson,U.S. House,2,Republican,Nick Ciparro,240
Jefferson,State Senate,8,Republican,Cynthia Bundren Jackson,885
Jefferson,State Senate,8,Republican,Frank Niceley,2283
Jefferson,State Senate,8,Republican,Hobart L. Rice,753
Jefferson,State Senate,8,Republican,Jeffrey D. Brantley,308
Jefferson,Court of Criminal Appeals - Middle Division,NA,,Replace - Jeffrey S. Bivins,1183
Jefferson,Court of Criminal Appeals - Middle Division,NA,,Retain - Jeffrey S. Bivins,2347
Jefferson,Court of Criminal Appeals - Western Division,NA,,Replace - Roger A. Page,1171
Jefferson,Court of Criminal Appeals - Western Division,NA,,Retain - Roger A. Page,2305
Jefferson,U.S. Senate,NA,Democratic,Benjamin Roberts,34
Jefferson,U.S. Senate,NA,Democratic,Dave Hancock,38
Jefferson,U.S. Senate,NA,Democratic,Gary Gene Davis,50
Jefferson,U.S. Senate,NA,Democratic,Larry Crim,32
Jefferson,U.S. Senate,NA,Democratic,Mark E. Clayton,78
Jefferson,U.S. Senate,NA,Democratic,Park Overall,76
Jefferson,U.S. Senate,NA,Democratic,T. K. Owens,29
Jefferson,U.S. Senate,NA,Republican,Bob Corker,3619
Jefferson,U.S. Senate,NA,Republican,Brenda S. Lenard,152
Jefferson,U.S. Senate,NA,Republican,Fred R. Anderson,203
Jefferson,U.S. Senate,NA,Republican,Mark Twain Clemens,110
Jefferson,U.S. Senate,NA,Republican,Zach Poskevich,210
Johnson,U.S. House,1,Democratic,Alan Woodruff,205
Johnson,U.S. House,1,Republican,Phil Roe,2049
Johnson,State House,3,Democratic,Leah R. Kirk,200
Johnson,State House,3,Republican,Karen Greene Morrell,275
Johnson,State House,3,Republican,Kevin Parsons,1180
Johnson,State House,3,Republican,Thomas White,16
Johnson,State House,3,Republican,Timothy Hill,954
Johnson,State Senate,4,Republican,Ron Ramsey,2083
Johnson,Court of Criminal Appeals - Middle Division,NA,,Replace - Jeffrey S. Bivins,580
Johnson,Court of Criminal Appeals - Middle Division,NA,,Retain - Jeffrey S. Bivins,1291
Johnson,Court of Criminal Appeals - Western Division,NA,,Replace - Roger A. Page,564
Johnson,Court of Criminal Appeals - Western Division,NA,,Retain - Roger A. Page,1253
Johnson,U.S. Senate,NA,Democratic,Benjamin Roberts,28
Johnson,U.S. Senate,NA,Democratic,Dave Hancock,34
Johnson,U.S. Senate,NA,Democratic,Gary Gene Davis,41
Johnson,U.S. Senate,NA,Democratic,Larry Crim,6
Johnson,U.S. Senate,NA,Democratic,Mark E. Clayton,56
Johnson,U.S. Senate,NA,Democratic,Park Overall,51
Johnson,U.S. Senate,NA,Democratic,T. K. Owens,10
Johnson,U.S. Senate,NA,Republican,Bob Corker,1797
Johnson,U.S. Senate,NA,Republican,Brenda S. Lenard,75
Johnson,U.S. Senate,NA,Republican,Fred R. Anderson,107
Johnson,U.S. Senate,NA,Republican,Mark Twain Clemens,79
Johnson,U.S. Senate,NA,Republican,Zach Poskevich,128
Knox,State House,13,Democratic,Gloria Johnson,778
Knox,State House,13,Republican,Gary Loe,1756
Knox,State House,13,Republican,Vanderbilt Brabson,577
Knox,State House,14,Democratic,Jerome Q. Miller,381
Knox,State House,14,Republican,Ryan Haynes,3233
Knox,State House,15,Democratic,Joe Armstrong,681
Knox,State House,16,Republican,Bill Dunn,2601
Knox,State House,18,Democratic,Anthony D. Hancock,571
Knox,State House,18,Republican,Steve Hall,2748
Knox,State House,19,Republican,Harry Brooks,2387
Knox,U.S. House,2,Democratic,Troy Christopher Goodale,3250
Knox,U.S. House,2,Republican,"John J. Duncan, Jr.",16077
Knox,U.S. House,2,Republican,"Joseph Leinweber, Jr.",1918
Knox,U.S. House,2,Republican,Nick Ciparro,1741
Knox,Criminal Court Judge Division I,6,,Steven Sword,18560
Knox,State Senate,6,Democratic,Evelyn Gill,1479
Knox,State Senate,6,Republican,Becky Duncan Massey,7260
Knox,State House,89,Republican,Joey McCulley,614
Knox,State House,89,Republican,Roger Kane,1638
Knox,State House,89,Republican,Tim Hutchinson,1091
Knox,State House,89,Republican,"William G. ""Bo"" Pierce",536
Knox,Court of Criminal Appeals - Middle Division,NA,,Replace - Jeffrey S. Bivins,5598
Knox,Court of Criminal Appeals - Middle Division,NA,,Retain - Jeffrey S. Bivins,13840
Knox,Court of Criminal Appeals - Western Division,NA,,Replace - Roger A. Page,5583
Knox,Court of Criminal Appeals - Western Division,NA,,Retain - Roger A. Page,13856
Knox,U.S. Senate,NA,Democratic,Benjamin Roberts,245
Knox,U.S. Senate,NA,Democratic,Dave Hancock,329
Knox,U.S. Senate,NA,Democratic,Gary Gene Davis,300
Knox,U.S. Senate,NA,Democratic,Larry Crim,210
Knox,U.S. Senate,NA,Democratic,Mark E. Clayton,649
Knox,U.S. Senate,NA,Democratic,Park Overall,1544
Knox,U.S. Senate,NA,Democratic,T. K. Owens,353
Knox,U.S. Senate,NA,Republican,Bob Corker,16104
Knox,U.S. Senate,NA,Republican,Brenda S. Lenard,680
Knox,U.S. Senate,NA,Republican,Fred R. Anderson,765
Knox,U.S. Senate,NA,Republican,Mark Twain Clemens,537
Knox,U.S. Senate,NA,Republican,Zach Poskevich,1760
Lake,State House,77,Democratic,Mark Oakes,168
Lake,State House,77,Republican,Bill Sanderson,299
Lake,U.S. House,8,Democratic,Christa Stoscheck,39
Lake,U.S. House,8,Democratic,Timothy D. Dixon,57
Lake,U.S. House,8,Democratic,Wes Bradley,91
Lake,U.S. House,8,Republican,Annette Justice,20
Lake,U.S. House,8,Republican,Stephen Lee Fincher,286
Lake,Court of Criminal Appeals - Middle Division,NA,,Replace - Jeffrey S. Bivins,184
Lake,Court of Criminal Appeals - Middle Division,NA,,Retain - Jeffrey S. Bivins,435
Lake,Court of Criminal Appeals - Western Division,NA,,Replace - Roger A. Page,161
Lake,Court of Criminal Appeals - Western Division,NA,,Retain - Roger A. Page,434
Lake,U.S. Senate,NA,Democratic,Benjamin Roberts,23
Lake,U.S. Senate,NA,Democratic,Dave Hancock,28
Lake,U.S. Senate,NA,Democratic,Gary Gene Davis,22
Lake,U.S. Senate,NA,Democratic,Larry Crim,16
Lake,U.S. Senate,NA,Democratic,Mark E. Clayton,63
Lake,U.S. Senate,NA,Democratic,Park Overall,22
Lake,U.S. Senate,NA,Democratic,T. K. Owens,15
Lake,U.S. Senate,NA,Republican,Bob Corker,243
Lake,U.S. Senate,NA,Republican,Brenda S. Lenard,12
Lake,U.S. Senate,NA,Republican,Fred R. Anderson,20
Lake,U.S. Senate,NA,Republican,Mark Twain Clemens,20
Lake,U.S. Senate,NA,Republican,Zach Poskevich,7
Lauderdale,U.S. House,8,Democratic,Christa Stoscheck,130
Lauderdale,U.S. House,8,Democratic,Timothy D. Dixon,310
Lauderdale,U.S. House,8,Democratic,Wes Bradley,269
Lauderdale,U.S. House,8,Republican,Annette Justice,93
Lauderdale,U.S. House,8,Republican,Stephen Lee Fincher,1441
Lauderdale,State House,82,Democratic,Craig Fitzhugh,1060
Lauderdale,State House,82,Republican,Johnny Edwards,1189
Lauderdale,Court of Criminal Appeals - Middle Division,NA,,Replace - Jeffrey S. Bivins,778
Lauderdale,Court of Criminal Appeals - Middle Division,NA,,Retain - Jeffrey S. Bivins,1478
Lauderdale,Court of Criminal Appeals - Western Division,NA,,Replace - Roger A. Page,776
Lauderdale,Court of Criminal Appeals - Western Division,NA,,Retain - Roger A. Page,1448
Lauderdale,U.S. Senate,NA,Democratic,Benjamin Roberts,78
Lauderdale,U.S. Senate,NA,Democratic,Dave Hancock,87
Lauderdale,U.S. Senate,NA,Democratic,Gary Gene Davis,140
Lauderdale,U.S. Senate,NA,Democratic,Larry Crim,72
Lauderdale,U.S. Senate,NA,Democratic,Mark E. Clayton,284
Lauderdale,U.S. Senate,NA,Democratic,Park Overall,60
Lauderdale,U.S. Senate,NA,Democratic,T. K. Owens,71
Lauderdale,U.S. Senate,NA,Republican,Bob Corker,1418
Lauderdale,U.S. Senate,NA,Republican,Brenda S. Lenard,24
Lauderdale,U.S. Senate,NA,Republican,Fred R. Anderson,42
Lauderdale,U.S. Senate,NA,Republican,Mark Twain Clemens,24
Lauderdale,U.S. Senate,NA,Republican,Zach Poskevich,30
Lawrence,State Senate,28,Democratic,"Tyler ""Ty"" Cobb",1216
Lawrence,State Senate,28,Republican,Dean Dickey,705
Lawrence,State Senate,28,Republican,Joey Hensley,4272
Lawrence,U.S. House,7,Democratic,Credo Amouzouvik,704
Lawrence,U.S. House,7,Republican,Marsha Blackburn,3408
Lawrence,State House,70,Democratic,Calvin Moore,1234
Lawrence,State House,70,Republican,Adam Braeback,126
Lawrence,State House,70,Republican,Barry Doss,3103
Lawrence,State House,70,Republican,Don Parr,1258
Lawrence,State House,71,Republican,Shirley B. Curry,349
Lawrence,State House,71,Republican,Vance Dennis,191
Lawrence,Court of Criminal Appeals - Middle Division,NA,,Replace - Jeffrey S. Bivins,1871
Lawrence,Court of Criminal Appeals - Middle Division,NA,,Retain - Jeffrey S. Bivins,2816
Lawrence,Court of Criminal Appeals - Western Division,NA,,Replace - Roger A. Page,1848
Lawrence,Court of Criminal Appeals - Western Division,NA,,Retain - Roger A. Page,2686
Lawrence,U.S. Senate,NA,Democratic,Benjamin Roberts,70
Lawrence,U.S. Senate,NA,Democratic,Dave Hancock,127
Lawrence,U.S. Senate,NA,Democratic,Gary Gene Davis,257
Lawrence,U.S. Senate,NA,Democratic,Larry Crim,157
Lawrence,U.S. Senate,NA,Democratic,Mark E. Clayton,339
Lawrence,U.S. Senate,NA,Democratic,Park Overall,93
Lawrence,U.S. Senate,NA,Democratic,T. K. Owens,39
Lawrence,U.S. Senate,NA,Republican,Bob Corker,3853
Lawrence,U.S. Senate,NA,Republican,Brenda S. Lenard,86
Lawrence,U.S. Senate,NA,Republican,Fred R. Anderson,183
Lawrence,U.S. Senate,NA,Republican,Mark Twain Clemens,124
Lawrence,U.S. Senate,NA,Republican,Zach Poskevich,373
Lewis,Circuit Court Judge Division III,21,,Mike Binkley - R,2156
Lewis,State Senate,28,Democratic,"Tyler ""Ty"" Cobb",605
Lewis,State Senate,28,Republican,Dean Dickey,241
Lewis,State Senate,28,Republican,Joey Hensley,1864
Lewis,U.S. House,7,Democratic,Credo Amouzouvik,454
Lewis,U.S. House,7,Republican,Marsha Blackburn,1662
Lewis,State House,71,Republican,Shirley B. Curry,999
Lewis,State House,71,Republican,Vance Dennis,951
Lewis,Court of Criminal Appeals - Middle Division,NA,,Replace - Jeffrey S. Bivins,642
Lewis,Court of Criminal Appeals - Middle Division,NA,,Retain - Jeffrey S. Bivins,1784
Lewis,Court of Criminal Appeals - Western Division,NA,,Replace - Roger A. Page,655
Lewis,Court of Criminal Appeals - Western Division,NA,,Retain - Roger A. Page,1723
Lewis,U.S. Senate,NA,Democratic,Benjamin Roberts,32
Lewis,U.S. Senate,NA,Democratic,Dave Hancock,70
Lewis,U.S. Senate,NA,Democratic,Gary Gene Davis,192
Lewis,U.S. Senate,NA,Democratic,Larry Crim,33
Lewis,U.S. Senate,NA,Democratic,Mark E. Clayton,217
Lewis,U.S. Senate,NA,Democratic,Park Overall,37
Lewis,U.S. Senate,NA,Democratic,T. K. Owens,25
Lewis,U.S. Senate,NA,Republican,Bob Corker,1556
Lewis,U.S. Senate,NA,Republican,Brenda S. Lenard,48
Lewis,U.S. Senate,NA,Republican,Fred R. Anderson,104
Lewis,U.S. Senate,NA,Republican,Mark Twain Clemens,102
Lewis,U.S. Senate,NA,Republican,Zach Poskevich,127
Lincoln,State Senate,14,Republican,Jim Tracy,2120
Lincoln,State Senate,14,Republican,Matt Randolph,377
Lincoln,U.S. House,4,Democratic,Eric Stewart,624
Lincoln,U.S. House,4,Republican,Scott DesJarlais,2219
Lincoln,U.S. House,4,Republican,Shannon Kelley,325
Lincoln,State House,62,Republican,Pat Marsh,1264
Lincoln,State House,92,Democratic,Anita Tipton,101
Lincoln,State House,92,Democratic,Mary Rene Baxter,120
Lincoln,State House,92,Democratic,Vicki C. Cain,69
Lincoln,State House,92,Republican,Ann Bankston,465
Lincoln,State House,92,Republican,Billy Spivey,370
Lincoln,State House,92,Republican,Larry C. Taft,383
Lincoln,State House,92,Republican,Travis Monroe,34
Lincoln,Court of Criminal Appeals - Middle Division,NA,,Replace - Jeffrey S. Bivins,874
Lincoln,Court of Criminal Appeals - Middle Division,NA,,Retain - Jeffrey S. Bivins,1957
Lincoln,Court of Criminal Appeals - Western Division,NA,,Replace - Roger A. Page,876
Lincoln,Court of Criminal Appeals - Western Division,NA,,Retain - Roger A. Page,1932
Lincoln,U.S. Senate,NA,Democratic,Benjamin Roberts,62
Lincoln,U.S. Senate,NA,Democratic,Dave Hancock,91
Lincoln,U.S. Senate,NA,Democratic,Gary Gene Davis,166
Lincoln,U.S. Senate,NA,Democratic,Larry Crim,55
Lincoln,U.S. Senate,NA,Democratic,Mark E. Clayton,157
Lincoln,U.S. Senate,NA,Democratic,Park Overall,108
Lincoln,U.S. Senate,NA,Democratic,T. K. Owens,30
Lincoln,U.S. Senate,NA,Republican,Bob Corker,1780
Lincoln,U.S. Senate,NA,Republican,Brenda S. Lenard,110
Lincoln,U.S. Senate,NA,Republican,Fred R. Anderson,203
Lincoln,U.S. Senate,NA,Republican,Mark Twain Clemens,140
Lincoln,U.S. Senate,NA,Republican,Zach Poskevich,313
Loudon,U.S. House,2,Democratic,Troy Christopher Goodale,512
Loudon,U.S. House,2,Republican,"John J. Duncan, Jr.",4267
Loudon,U.S. House,2,Republican,"Joseph Leinweber, Jr.",555
Loudon,U.S. House,2,Republican,Nick Ciparro,350
Loudon,State House,21,Democratic,"Andrew F. Bennett, III",414
Loudon,State House,21,Republican,Jimmy Matlock,3611
Loudon,State House,32,Democratic,Jack W. McNew,117
Loudon,State House,32,Republican,Julia C. Hurley,838
Loudon,State House,32,Republican,Kent Calfee,530
Loudon,Court of Criminal Appeals - Middle Division,NA,,Replace - Jeffrey S. Bivins,1186
Loudon,Court of Criminal Appeals - Middle Division,NA,,Retain - Jeffrey S. Bivins,3520
Loudon,Court of Criminal Appeals - Western Division,NA,,Replace - Roger A. Page,1176
Loudon,Court of Criminal Appeals - Western Division,NA,,Retain - Roger A. Page,3532
Loudon,U.S. Senate,NA,Democratic,Benjamin Roberts,48
Loudon,U.S. Senate,NA,Democratic,Dave Hancock,61
Loudon,U.S. Senate,NA,Democratic,Gary Gene Davis,73
Loudon,U.S. Senate,NA,Democratic,Larry Crim,48
Loudon,U.S. Senate,NA,Democratic,Mark E. Clayton,121
Loudon,U.S. Senate,NA,Democratic,Park Overall,185
Loudon,U.S. Senate,NA,Democratic,T. K. Owens,25
Loudon,U.S. Senate,NA,Republican,Bob Corker,4452
Loudon,U.S. Senate,NA,Republican,Brenda S. Lenard,149
Loudon,U.S. Senate,NA,Republican,Fred R. Anderson,188
Loudon,U.S. Senate,NA,Republican,Mark Twain Clemens,134
Loudon,U.S. Senate,NA,Republican,Zach Poskevich,278
Macon,State House,38,Democratic,David R. Harper,266
Macon,State House,38,Republican,Kelly T. Keisling,1227
Macon,U.S. House,6,Republican,Diane Black,1349
Macon,U.S. House,6,Republican,Lou Ann Zelenik,545
Macon,Court of Criminal Appeals - Middle Division,NA,,Replace - Jeffrey S. Bivins,569
Macon,Court of Criminal Appeals - Middle Division,NA,,Retain - Jeffrey S. Bivins,956
Macon,Court of Criminal Appeals - Western Division,NA,,Replace - Roger A. Page,555
Macon,Court of Criminal Appeals - Western Division,NA,,Retain - Roger A. Page,953
Macon,U.S. Senate,NA,Democratic,Benjamin Roberts,24
Macon,U.S. Senate,NA,Democratic,Dave Hancock,38
Macon,U.S. Senate,NA,Democratic,Gary Gene Davis,52
Macon,U.S. Senate,NA,Democratic,Larry Crim,12
Macon,U.S. Senate,NA,Democratic,Mark E. Clayton,73
Macon,U.S. Senate,NA,Democratic,Park Overall,34
Macon,U.S. Senate,NA,Democratic,T. K. Owens,15
Macon,U.S. Senate,NA,Republican,Bob Corker,1477
Macon,U.S. Senate,NA,Republican,Brenda S. Lenard,35
Macon,U.S. Senate,NA,Republican,Fred R. Anderson,79
Macon,U.S. Senate,NA,Republican,Mark Twain Clemens,78
Macon,U.S. Senate,NA,Republican,Zach Poskevich,121
Madison,Circuit Court Judge Division III,26,,Dale Conder,2542
Madison,Circuit Court Judge Division III,26,,"Edward L. Martindale, Jr.",2582
Madison,Circuit Court Judge Division III,26,,Kyle Atkins,2344
Madison,Circuit Court Judge Division III,26,,Lloyd Tatum,549
Madison,Circuit Court Judge Division III,26,,Mark Patey,1227
Madison,Circuit Court Judge Division III,26,,Nathan Blake Pride,4155
Madison,State House,73,Democratic,Corey Currie,2014
Madison,State House,73,Republican,Jimmy Eldridge,5559
Madison,U.S. House,8,Democratic,Christa Stoscheck,1145
Madison,U.S. House,8,Democratic,Timothy D. Dixon,1131
Madison,U.S. House,8,Democratic,Wes Bradley,1410
Madison,U.S. House,8,Republican,Annette Justice,822
Madison,U.S. House,8,Republican,Stephen Lee Fincher,6035
Madison,State House,80,Democratic,Johnny Shaw,2608
Madison,Court of Criminal Appeals - Middle Division,NA,,Replace - Jeffrey S. Bivins,1915
Madison,Court of Criminal Appeals - Middle Division,NA,,Retain - Jeffrey S. Bivins,8064
Madison,Court of Criminal Appeals - Western Division,NA,,Replace - Roger A. Page,1676
Madison,Court of Criminal Appeals - Western Division,NA,,Retain - Roger A. Page,9479
Madison,U.S. Senate,NA,Democratic,Benjamin Roberts,326
Madison,U.S. Senate,NA,Democratic,Dave Hancock,415
Madison,U.S. Senate,NA,Democratic,Gary Gene Davis,409
Madison,U.S. Senate,NA,Democratic,Larry Crim,270
Madison,U.S. Senate,NA,Democratic,Mark E. Clayton,1526
Madison,U.S. Senate,NA,Democratic,Park Overall,267
Madison,U.S. Senate,NA,Democratic,T. K. Owens,587
Madison,U.S. Senate,NA,Republican,Bob Corker,6024
Madison,U.S. Senate,NA,Republican,Brenda S. Lenard,115
Madison,U.S. Senate,NA,Republican,Fred R. Anderson,186
Madison,U.S. Senate,NA,Republican,Mark Twain Clemens,121
Madison,U.S. Senate,NA,Republican,Zach Poskevich,502
Marion,Public Defender,12,,Jeff Harmon,2697
Marion,State Senate,16,Democratic,Jeff Bottoms,68
Marion,State Senate,16,Democratic,Jim Lewis,1485
Marion,State Senate,16,Democratic,Justin C. Walling,155
Marion,State Senate,16,Democratic,Kevin Lawrence,71
Marion,State Senate,16,Democratic,Steve Roller,99
Marion,State Senate,16,Republican,Eric Chance,192
Marion,State Senate,16,Republican,Janice Bowling,941
Marion,State Senate,16,Republican,Rod McClellan,126
Marion,State Senate,16,Republican,Ron Stoltzfus,269
Marion,State House,39,Democratic,Doug Clark,565
Marion,State House,39,Republican,David Alexander,783
Marion,U.S. House,4,Democratic,Eric Stewart,1422
Marion,U.S. House,4,Republican,Scott DesJarlais,1519
Marion,U.S. House,4,Republican,Shannon Kelley,193
Marion,State House,92,Democratic,Anita Tipton,496
Marion,State House,92,Democratic,Mary Rene Baxter,367
Marion,State House,92,Democratic,Vicki C. Cain,169
Marion,State House,92,Republican,Ann Bankston,219
Marion,State House,92,Republican,Billy Spivey,268
Marion,State House,92,Republican,Larry C. Taft,90
Marion,State House,92,Republican,Travis Monroe,49
Marion,Court of Criminal Appeals - Middle Division,NA,,Replace - Jeffrey S. Bivins,795
Marion,Court of Criminal Appeals - Middle Division,NA,,Retain - Jeffrey S. Bivins,2217
Marion,Court of Criminal Appeals - Western Division,NA,,Replace - Roger A. Page,826
Marion,Court of Criminal Appeals - Western Division,NA,,Retain - Roger A. Page,2173
Marion,U.S. Senate,NA,Democratic,Benjamin Roberts,130
Marion,U.S. Senate,NA,Democratic,Dave Hancock,152
Marion,U.S. Senate,NA,Democratic,Gary Gene Davis,559
Marion,U.S. Senate,NA,Democratic,Larry Crim,87
Marion,U.S. Senate,NA,Democratic,Mark E. Clayton,329
Marion,U.S. Senate,NA,Democratic,Park Overall,224
Marion,U.S. Senate,NA,Democratic,T. K. Owens,54
Marion,U.S. Senate,NA,Republican,Bob Corker,1480
Marion,U.S. Senate,NA,Republican,Brenda S. Lenard,30
Marion,U.S. Senate,NA,Republican,Fred R. Anderson,69
Marion,U.S. Senate,NA,Republican,Mark Twain Clemens,61
Marion,U.S. Senate,NA,Republican,Zach Poskevich,66
Marshall,State Senate,14,Republican,Jim Tracy,2200
Marshall,State Senate,14,Republican,Matt Randolph,294
Marshall,U.S. House,4,Democratic,Eric Stewart,1137
Marshall,U.S. House,4,Republican,Scott DesJarlais,1582
Marshall,U.S. House,4,Republican,Shannon Kelley,701
Marshall,State House,92,Democratic,Anita Tipton,111
Marshall,State House,92,Democratic,Mary Rene Baxter,362
Marshall,State House,92,Democratic,Vicki C. Cain,1204
Marshall,State House,92,Republican,Ann Bankston,258
Marshall,State House,92,Republican,Billy Spivey,1934
Marshall,State House,92,Republican,Larry C. Taft,351
Marshall,State House,92,Republican,Travis Monroe,86
Marshall,Court of Criminal Appeals - Middle Division,NA,,Replace - Jeffrey S. Bivins,1101
Marshall,Court of Criminal Appeals - Middle Division,NA,,Retain - Jeffrey S. Bivins,2709
Marshall,Court of Criminal Appeals - Western Division,NA,,Replace - Roger A. Page,1072
Marshall,Court of Criminal Appeals - Western Division,NA,,Retain - Roger A. Page,2615
Marshall,U.S. Senate,NA,Democratic,Benjamin Roberts,100
Marshall,U.S. Senate,NA,Democratic,Dave Hancock,125
Marshall,U.S. Senate,NA,Democratic,Gary Gene Davis,249
Marshall,U.S. Senate,NA,Democratic,Larry Crim,204
Marshall,U.S. Senate,NA,Democratic,Mark E. Clayton,436
Marshall,U.S. Senate,NA,Democratic,Park Overall,128
Marshall,U.S. Senate,NA,Democratic,T. K. Owens,64
Marshall,U.S. Senate,NA,Republican,Bob Corker,2123
Marshall,U.S. Senate,NA,Republican,Brenda S. Lenard,114
Marshall,U.S. Senate,NA,Republican,Fred R. Anderson,93
Marshall,U.S. Senate,NA,Republican,Mark Twain Clemens,95
Marshall,U.S. Senate,NA,Republican,Zach Poskevich,190
Maury,State Senate,28,Democratic,"Tyler ""Ty"" Cobb",1808
Maury,State Senate,28,Republican,Dean Dickey,1748
Maury,State Senate,28,Republican,Joey Hensley,3524
Maury,U.S. House,4,Democratic,Eric Stewart,995
Maury,U.S. House,4,Republican,Scott DesJarlais,3400
Maury,U.S. House,4,Republican,Shannon Kelley,441
Maury,State House,64,Democratic,Brian K. Brewer,1072
Maury,State House,64,Republican,Sheila Butt,4037
Maury,State House,69,Democratic,David A. Shepard,363
Maury,State House,69,Republican,Jon-Roy Sloan,239
Maury,State House,69,Republican,Wayne White,519
Maury,U.S. House,7,Democratic,Credo Amouzouvik,354
Maury,U.S. House,7,Republican,Marsha Blackburn,1303
Maury,Court of Criminal Appeals - Middle Division,NA,,Replace - Jeffrey S. Bivins,1927
Maury,Court of Criminal Appeals - Middle Division,NA,,Retain - Jeffrey S. Bivins,3976
Maury,Court of Criminal Appeals - Western Division,NA,,Replace - Roger A. Page,1917
Maury,Court of Criminal Appeals - Western Division,NA,,Retain - Roger A. Page,3936
Maury,U.S. Senate,NA,Democratic,Benjamin Roberts,133
Maury,U.S. Senate,NA,Democratic,Dave Hancock,155
Maury,U.S. Senate,NA,Democratic,Gary Gene Davis,245
Maury,U.S. Senate,NA,Democratic,Larry Crim,166
Maury,U.S. Senate,NA,Democratic,Mark E. Clayton,412
Maury,U.S. Senate,NA,Democratic,Park Overall,269
Maury,U.S. Senate,NA,Democratic,T. K. Owens,91
Maury,U.S. Senate,NA,Republican,Bob Corker,4124
Maury,U.S. Senate,NA,Republican,Brenda S. Lenard,110
Maury,U.S. Senate,NA,Republican,Fred R. Anderson,162
Maury,U.S. Senate,NA,Republican,Mark Twain Clemens,147
Maury,U.S. Senate,NA,Republican,Zach Poskevich,737
McMinn,State House,23,Democratic,Peggy Hall Wall,649
McMinn,State House,23,Republican,John Forgety,5124
McMinn,U.S. House,3,Democratic,Bill Taylor,169
McMinn,U.S. House,3,Democratic,Mary M. Headrick,491
McMinn,U.S. House,3,Republican,Chuck Fleischmann,1547
McMinn,U.S. House,3,Republican,Ron Bhalla,25
McMinn,U.S. House,3,Republican,Scottie Mayfield,3208
McMinn,U.S. House,3,Republican,Weston Wamp,802
McMinn,Court of Criminal Appeals - Middle Division,NA,,Replace - Jeffrey S. Bivins,1240
McMinn,Court of Criminal Appeals - Middle Division,NA,,Retain - Jeffrey S. Bivins,3513
McMinn,Court of Criminal Appeals - Western Division,NA,,Replace - Roger A. Page,1285
McMinn,Court of Criminal Appeals - Western Division,NA,,Retain - Roger A. Page,3493
McMinn,U.S. Senate,NA,Democratic,Benjamin Roberts,54
McMinn,U.S. Senate,NA,Democratic,Dave Hancock,82
McMinn,U.S. Senate,NA,Democratic,Gary Gene Davis,155
McMinn,U.S. Senate,NA,Democratic,Larry Crim,21
McMinn,U.S. Senate,NA,Democratic,Mark E. Clayton,134
McMinn,U.S. Senate,NA,Democratic,Park Overall,125
McMinn,U.S. Senate,NA,Democratic,T. K. Owens,29
McMinn,U.S. Senate,NA,Republican,Bob Corker,4725
McMinn,U.S. Senate,NA,Republican,Brenda S. Lenard,144
McMinn,U.S. Senate,NA,Republican,Fred R. Anderson,241
McMinn,U.S. Senate,NA,Republican,Mark Twain Clemens,89
McMinn,U.S. Senate,NA,Republican,Zach Poskevich,217
McNairy,State Senate,26,Democratic,Meryl Rice,782
McNairy,State Senate,26,Republican,Dolores Gresham,1891
McNairy,U.S. House,7,Democratic,Credo Amouzouvik,542
McNairy,U.S. House,7,Republican,Marsha Blackburn,2119
McNairy,State House,94,Republican,Barrett Rich,1561
McNairy,Court of Criminal Appeals - Middle Division,NA,,Replace - Jeffrey S. Bivins,1081
McNairy,Court of Criminal Appeals - Middle Division,NA,,Retain - Jeffrey S. Bivins,1878
McNairy,Court of Criminal Appeals - Western Division,NA,,Replace - Roger A. Page,1073
McNairy,Court of Criminal Appeals - Western Division,NA,,Retain - Roger A. Page,1882
McNairy,U.S. Senate,NA,Democratic,Benjamin Roberts,64
McNairy,U.S. Senate,NA,Democratic,Dave Hancock,84
McNairy,U.S. Senate,NA,Democratic,Gary Gene Davis,76
McNairy,U.S. Senate,NA,Democratic,Larry Crim,96
McNairy,U.S. Senate,NA,Democratic,Mark E. Clayton,274
McNairy,U.S. Senate,NA,Democratic,Park Overall,89
McNairy,U.S. Senate,NA,Democratic,T. K. Owens,43
McNairy,U.S. Senate,NA,Republican,Bob Corker,2008
McNairy,U.S. Senate,NA,Republican,Brenda S. Lenard,37
McNairy,U.S. Senate,NA,Republican,Fred R. Anderson,72
McNairy,U.S. Senate,NA,Republican,Mark Twain Clemens,50
McNairy,U.S. Senate,NA,Republican,Zach Poskevich,69
Meigs,State House,22,Democratic,Jonathan Gladden,250
Meigs,State House,22,Republican,David L. Kimbro,150
Meigs,State House,22,Republican,Eric Watson,782
Meigs,U.S. House,4,Democratic,Eric Stewart,263
Meigs,U.S. House,4,Republican,Scott DesJarlais,518
Meigs,U.S. House,4,Republican,Shannon Kelley,297
Meigs,Court of Criminal Appeals - Middle Division,NA,,Replace - Jeffrey S. Bivins,335
Meigs,Court of Criminal Appeals - Middle Division,NA,,Retain - Jeffrey S. Bivins,671
Meigs,Court of Criminal Appeals - Western Division,NA,,Replace - Roger A. Page,337
Meigs,Court of Criminal Appeals - Western Division,NA,,Retain - Roger A. Page,632
Meigs,U.S. Senate,NA,Democratic,Benjamin Roberts,19
Meigs,U.S. Senate,NA,Democratic,Dave Hancock,29
Meigs,U.S. Senate,NA,Democratic,Gary Gene Davis,70
Meigs,U.S. Senate,NA,Democratic,Larry Crim,9
Meigs,U.S. Senate,NA,Democratic,Mark E. Clayton,75
Meigs,U.S. Senate,NA,Democratic,Park Overall,71
Meigs,U.S. Senate,NA,Democratic,T. K. Owens,6
Meigs,U.S. Senate,NA,Republican,Bob Corker,873
Meigs,U.S. Senate,NA,Republican,Brenda S. Lenard,20
Meigs,U.S. Senate,NA,Republican,Fred R. Anderson,35
Meigs,U.S. Senate,NA,Republican,Mark Twain Clemens,22
Meigs,U.S. Senate,NA,Republican,Zach Poskevich,39
Monroe,State House,21,Democratic,"Andrew F. Bennett, III",764
Monroe,State House,21,Republican,Jimmy Matlock,2598
Monroe,State House,23,Democratic,Peggy Hall Wall,453
Monroe,State House,23,Republican,John Forgety,1529
Monroe,U.S. House,3,Democratic,Bill Taylor,635
Monroe,U.S. House,3,Democratic,Mary M. Headrick,667
Monroe,U.S. House,3,Republican,Chuck Fleischmann,1248
Monroe,U.S. House,3,Republican,Ron Bhalla,30
Monroe,U.S. House,3,Republican,Scottie Mayfield,2754
Monroe,U.S. House,3,Republican,Weston Wamp,516
Monroe,Court of Criminal Appeals - Middle Division,NA,,Replace - Jeffrey S. Bivins,1594
Monroe,Court of Criminal Appeals - Middle Division,NA,,Retain - Jeffrey S. Bivins,3201
Monroe,Court of Criminal Appeals - Western Division,NA,,Replace - Roger A. Page,1568
Monroe,Court of Criminal Appeals - Western Division,NA,,Retain - Roger A. Page,3201
Monroe,U.S. Senate,NA,Democratic,Benjamin Roberts,80
Monroe,U.S. Senate,NA,Democratic,Dave Hancock,167
Monroe,U.S. Senate,NA,Democratic,Gary Gene Davis,160
Monroe,U.S. Senate,NA,Democratic,Larry Crim,29
Monroe,U.S. Senate,NA,Democratic,Mark E. Clayton,229
Monroe,U.S. Senate,NA,Democratic,Park Overall,500
Monroe,U.S. Senate,NA,Democratic,T. K. Owens,59
Monroe,U.S. Senate,NA,Republican,Bob Corker,3845
Monroe,U.S. Senate,NA,Republican,Brenda S. Lenard,109
Monroe,U.S. Senate,NA,Republican,Fred R. Anderson,118
Monroe,U.S. Senate,NA,Republican,Mark Twain Clemens,96
Monroe,U.S. Senate,NA,Republican,Zach Poskevich,235
Montgomery,State Senate,22,Democratic,Tim Barnes,2228
Montgomery,State Senate,22,Republican,Mark E. Green,3537
Montgomery,State House,67,Democratic,Joe Pitts,781
Montgomery,State House,68,Republican,Curtis Johnson,2253
Montgomery,U.S. House,7,Democratic,Credo Amouzouvik,1626
Montgomery,U.S. House,7,Republican,Marsha Blackburn,3962
Montgomery,State House,74,Democratic,John C. Tidwell,301
Montgomery,State House,74,Republican,Lauri Day,434
Montgomery,State House,74,Republican,Nick Steward,221
Montgomery,Court of Criminal Appeals - Middle Division,NA,,Replace - Jeffrey S. Bivins,1441
Montgomery,Court of Criminal Appeals - Middle Division,NA,,Retain - Jeffrey S. Bivins,4254
Montgomery,Court of Criminal Appeals - Western Division,NA,,Replace - Roger A. Page,1406
Montgomery,Court of Criminal Appeals - Western Division,NA,,Retain - Roger A. Page,4246
Montgomery,U.S. Senate,NA,Democratic,Benjamin Roberts,165
Montgomery,U.S. Senate,NA,Democratic,Dave Hancock,296
Montgomery,U.S. Senate,NA,Democratic,Gary Gene Davis,400
Montgomery,U.S. Senate,NA,Democratic,Larry Crim,178
Montgomery,U.S. Senate,NA,Democratic,Mark E. Clayton,598
Montgomery,U.S. Senate,NA,Democratic,Park Overall,227
Montgomery,U.S. Senate,NA,Democratic,T. K. Owens,158
Montgomery,U.S. Senate,NA,Republican,Bob Corker,3485
Montgomery,U.S. Senate,NA,Republican,Brenda S. Lenard,142
Montgomery,U.S. Senate,NA,Republican,Fred R. Anderson,155
Montgomery,U.S. Senate,NA,Republican,Mark Twain Clemens,117
Montgomery,U.S. Senate,NA,Republican,Zach Poskevich,264
Moore,State Senate,14,Republican,Jim Tracy,746
Moore,State Senate,14,Republican,Matt Randolph,122
Moore,State House,39,Democratic,Doug Clark,303
Moore,State House,39,Republican,David Alexander,744
Moore,U.S. House,4,Democratic,Eric Stewart,324
Moore,U.S. House,4,Republican,Scott DesJarlais,726
Moore,U.S. House,4,Republican,Shannon Kelley,121
Moore,Court of Criminal Appeals - Middle Division,NA,,Replace - Jeffrey S. Bivins,302
Moore,Court of Criminal Appeals - Middle Division,NA,,Retain - Jeffrey S. Bivins,796
Moore,Court of Criminal Appeals - Western Division,NA,,Replace - Roger A. Page,321
Moore,Court of Criminal Appeals - Western Division,NA,,Retain - Roger A. Page,782
Moore,U.S. Senate,NA,Democratic,Benjamin Roberts,29
Moore,U.S. Senate,NA,Democratic,Dave Hancock,37
Moore,U.S. Senate,NA,Democratic,Gary Gene Davis,70
Moore,U.S. Senate,NA,Democratic,Larry Crim,22
Moore,U.S. Senate,NA,Democratic,Mark E. Clayton,97
Moore,U.S. Senate,NA,Democratic,Park Overall,30
Moore,U.S. Senate,NA,Democratic,T. K. Owens,11
Moore,U.S. Senate,NA,Republican,Bob Corker,734
Moore,U.S. Senate,NA,Republican,Brenda S. Lenard,32
Moore,U.S. Senate,NA,Republican,Fred R. Anderson,20
Moore,U.S. Senate,NA,Republican,Mark Twain Clemens,32
Moore,U.S. Senate,NA,Republican,Zach Poskevich,57
Morgan,State Senate,12,Republican,Ken Yager,1265
Morgan,U.S. House,3,Democratic,Bill Taylor,152
Morgan,U.S. House,3,Democratic,Mary M. Headrick,361
Morgan,U.S. House,3,Republican,Chuck Fleischmann,617
Morgan,U.S. House,3,Republican,Ron Bhalla,7
Morgan,U.S. House,3,Republican,Scottie Mayfield,547
Morgan,U.S. House,3,Republican,Weston Wamp,307
Morgan,State House,41,Democratic,John Mark Windle,620
Morgan,State House,41,Republican,Bobby Stewart,1100
Morgan,Court of Criminal Appeals - Middle Division,NA,,Replace - Jeffrey S. Bivins,584
Morgan,Court of Criminal Appeals - Middle Division,NA,,Retain - Jeffrey S. Bivins,1001
Morgan,Court of Criminal Appeals - Western Division,NA,,Replace - Roger A. Page,584
Morgan,Court of Criminal Appeals - Western Division,NA,,Retain - Roger A. Page,998
Morgan,U.S. Senate,NA,Democratic,Benjamin Roberts,47
Morgan,U.S. Senate,NA,Democratic,Dave Hancock,37
Morgan,U.S. Senate,NA,Democratic,Gary Gene Davis,110
Morgan,U.S. Senate,NA,Democratic,Larry Crim,13
Morgan,U.S. Senate,NA,Democratic,Mark E. Clayton,143
Morgan,U.S. Senate,NA,Democratic,Park Overall,113
Morgan,U.S. Senate,NA,Democratic,T. K. Owens,30
Morgan,U.S. Senate,NA,Republican,Bob Corker,1189
Morgan,U.S. Senate,NA,Republican,Brenda S. Lenard,37
Morgan,U.S. Senate,NA,Republican,Fred R. Anderson,35
Morgan,U.S. Senate,NA,Republican,Mark Twain Clemens,43
Morgan,U.S. Senate,NA,Republican,Zach Poskevich,122
Obion,State Senate,24,Democratic,Brad Thompson,666
Obion,State Senate,24,Republican,Danny C. Jowers,1004
Obion,State Senate,24,Republican,John Stevens,589
Obion,State House,76,Democratic,Mark L. Maddox,231
Obion,State House,76,Republican,Andy Holt,384
Obion,State House,77,Democratic,Mark Oakes,302
Obion,State House,77,Republican,Bill Sanderson,919
Obion,U.S. House,8,Democratic,Christa Stoscheck,96
Obion,U.S. House,8,Democratic,Timothy D. Dixon,170
Obion,U.S. House,8,Democratic,Wes Bradley,239
Obion,U.S. House,8,Republican,Annette Justice,182
Obion,U.S. House,8,Republican,Stephen Lee Fincher,1401
Obion,Court of Criminal Appeals - Middle Division,NA,,Replace - Jeffrey S. Bivins,513
Obion,Court of Criminal Appeals - Middle Division,NA,,Retain - Jeffrey S. Bivins,1143
Obion,Court of Criminal Appeals - Western Division,NA,,Replace - Roger A. Page,511
Obion,Court of Criminal Appeals - Western Division,NA,,Retain - Roger A. Page,1152
Obion,U.S. Senate,NA,Democratic,Benjamin Roberts,56
Obion,U.S. Senate,NA,Democratic,Dave Hancock,71
Obion,U.S. Senate,NA,Democratic,Gary Gene Davis,74
Obion,U.S. Senate,NA,Democratic,Larry Crim,19
Obion,U.S. Senate,NA,Democratic,Mark E. Clayton,172
Obion,U.S. Senate,NA,Democratic,Park Overall,108
Obion,U.S. Senate,NA,Democratic,T. K. Owens,25
Obion,U.S. Senate,NA,Republican,Bob Corker,1171
Obion,U.S. Senate,NA,Republican,Brenda S. Lenard,42
Obion,U.S. Senate,NA,Republican,Fred R. Anderson,111
Obion,U.S. Senate,NA,Republican,Mark Twain Clemens,49
Obion,U.S. Senate,NA,Republican,Zach Poskevich,164
Overton,State House,41,Democratic,John Mark Windle,1645
Overton,State House,41,Republican,Bobby Stewart,913
Overton,U.S. House,6,Republican,Diane Black,1252
Overton,U.S. House,6,Republican,Lou Ann Zelenik,320
Overton,Court of Criminal Appeals - Middle Division,NA,,Replace - Jeffrey S. Bivins,965
Overton,Court of Criminal Appeals - Middle Division,NA,,Retain - Jeffrey S. Bivins,1168
Overton,Court of Criminal Appeals - Western Division,NA,,Replace - Roger A. Page,964
Overton,Court of Criminal Appeals - Western Division,NA,,Retain - Roger A. Page,1135
Overton,U.S. Senate,NA,Democratic,Benjamin Roberts,127
Overton,U.S. Senate,NA,Democratic,Dave Hancock,107
Overton,U.S. Senate,NA,Democratic,Gary Gene Davis,192
Overton,U.S. Senate,NA,Democratic,Larry Crim,65
Overton,U.S. Senate,NA,Democratic,Mark E. Clayton,249
Overton,U.S. Senate,NA,Democratic,Park Overall,105
Overton,U.S. Senate,NA,Democratic,T. K. Owens,42
Overton,U.S. Senate,NA,Republican,Bob Corker,1248
Overton,U.S. Senate,NA,Republican,Brenda S. Lenard,22
Overton,U.S. Senate,NA,Republican,Fred R. Anderson,64
Overton,U.S. Senate,NA,Republican,Mark Twain Clemens,47
Overton,U.S. Senate,NA,Republican,Zach Poskevich,79
Perry,Circuit Court Judge Division III,21,,Mike Binkley - R,394
Perry,State Senate,28,Democratic,"Tyler ""Ty"" Cobb",181
Perry,State Senate,28,Republican,Dean Dickey,67
Perry,State Senate,28,Republican,Joey Hensley,315
Perry,U.S. House,7,Democratic,Credo Amouzouvik,119
Perry,U.S. House,7,Republican,Marsha Blackburn,347
Perry,State House,72,Republican,Steve K. McDaniel,313
Perry,Court of Criminal Appeals - Middle Division,NA,,Replace - Jeffrey S. Bivins,194
Perry,Court of Criminal Appeals - Middle Division,NA,,Retain - Jeffrey S. Bivins,322
Perry,Court of Criminal Appeals - Western Division,NA,,Replace - Roger A. Page,197
Perry,Court of Criminal Appeals - Western Division,NA,,Retain - Roger A. Page,280
Perry,U.S. Senate,NA,Democratic,Benjamin Roberts,19
Perry,U.S. Senate,NA,Democratic,Dave Hancock,15
Perry,U.S. Senate,NA,Democratic,Gary Gene Davis,70
Perry,U.S. Senate,NA,Democratic,Larry Crim,13
Perry,U.S. Senate,NA,Democratic,Mark E. Clayton,51
Perry,U.S. Senate,NA,Democratic,Park Overall,15
Perry,U.S. Senate,NA,Democratic,T. K. Owens,5
Perry,U.S. Senate,NA,Republican,Bob Corker,301
Perry,U.S. Senate,NA,Republican,Brenda S. Lenard,7
Perry,U.S. Senate,NA,Republican,Fred R. Anderson,13
Perry,U.S. Senate,NA,Republican,Mark Twain Clemens,17
Perry,U.S. Senate,NA,Republican,Zach Poskevich,36
Pickett,State Senate,12,Republican,Ken Yager,542
Pickett,State House,38,Democratic,David R. Harper,173
Pickett,State House,38,Republican,Kelly T. Keisling,806
Pickett,U.S. House,6,Republican,Diane Black,677
Pickett,U.S. House,6,Republican,Lou Ann Zelenik,223
Pickett,Court of Criminal Appeals - Middle Division,NA,,Replace - Jeffrey S. Bivins,305
Pickett,Court of Criminal Appeals - Middle Division,NA,,Retain - Jeffrey S. Bivins,453
Pickett,Court of Criminal Appeals - Western Division,NA,,Replace - Roger A. Page,303
Pickett,Court of Criminal Appeals - Western Division,NA,,Retain - Roger A. Page,444
Pickett,U.S. Senate,NA,Democratic,Benjamin Roberts,31
Pickett,U.S. Senate,NA,Democratic,Dave Hancock,18
Pickett,U.S. Senate,NA,Democratic,Gary Gene Davis,22
Pickett,U.S. Senate,NA,Democratic,Larry Crim,5
Pickett,U.S. Senate,NA,Democratic,Mark E. Clayton,60
Pickett,U.S. Senate,NA,Democratic,Park Overall,18
Pickett,U.S. Senate,NA,Democratic,T. K. Owens,8
Pickett,U.S. Senate,NA,Republican,Bob Corker,792
Pickett,U.S. Senate,NA,Republican,Brenda S. Lenard,16
Pickett,U.S. Senate,NA,Republican,Fred R. Anderson,42
Pickett,U.S. Senate,NA,Republican,Mark Twain Clemens,17
Pickett,U.S. Senate,NA,Republican,Zach Poskevich,19
Polk,State House,22,Democratic,Jonathan Gladden,1008
Polk,State House,22,Republican,David L. Kimbro,195
Polk,State House,22,Republican,Eric Watson,1428
Polk,U.S. House,3,Democratic,Bill Taylor,697
Polk,U.S. House,3,Democratic,Mary M. Headrick,617
Polk,U.S. House,3,Republican,Chuck Fleischmann,544
Polk,U.S. House,3,Republican,Ron Bhalla,15
Polk,U.S. House,3,Republican,Scottie Mayfield,604
Polk,U.S. House,3,Republican,Weston Wamp,512
Polk,Court of Criminal Appeals - Middle Division,NA,,Replace - Jeffrey S. Bivins,871
Polk,Court of Criminal Appeals - Middle Division,NA,,Retain - Jeffrey S. Bivins,1835
Polk,Court of Criminal Appeals - Western Division,NA,,Replace - Roger A. Page,1026
Polk,Court of Criminal Appeals - Western Division,NA,,Retain - Roger A. Page,1678
Polk,U.S. Senate,NA,Democratic,Benjamin Roberts,92
Polk,U.S. Senate,NA,Democratic,Dave Hancock,121
Polk,U.S. Senate,NA,Democratic,Gary Gene Davis,386
Polk,U.S. Senate,NA,Democratic,Larry Crim,32
Polk,U.S. Senate,NA,Democratic,Mark E. Clayton,282
Polk,U.S. Senate,NA,Democratic,Park Overall,239
Polk,U.S. Senate,NA,Democratic,T. K. Owens,53
Polk,U.S. Senate,NA,Republican,Bob Corker,1418
Polk,U.S. Senate,NA,Republican,Brenda S. Lenard,34
Polk,U.S. Senate,NA,Republican,Fred R. Anderson,54
Polk,U.S. Senate,NA,Republican,Mark Twain Clemens,30
Polk,U.S. Senate,NA,Republican,Zach Poskevich,101
Putnam,State House,25,Democratic,Flo Matheson,166
Putnam,State House,25,Republican,Cameron Sexton,304
Putnam,State House,42,Democratic,Thomas D. Willoughby,1650
Putnam,State House,42,Republican,Ryan Williams,4772
Putnam,U.S. House,6,Republican,Diane Black,4230
Putnam,U.S. House,6,Republican,Lou Ann Zelenik,1703
Putnam,Court of Criminal Appeals - Middle Division,NA,,Replace - Jeffrey S. Bivins,2224
Putnam,Court of Criminal Appeals - Middle Division,NA,,Retain - Jeffrey S. Bivins,4252
Putnam,Court of Criminal Appeals - Western Division,NA,,Replace - Roger A. Page,2192
Putnam,Court of Criminal Appeals - Western Division,NA,,Retain - Roger A. Page,4219
Putnam,U.S. Senate,NA,Democratic,Benjamin Roberts,343
Putnam,U.S. Senate,NA,Democratic,Dave Hancock,196
Putnam,U.S. Senate,NA,Democratic,Gary Gene Davis,428
Putnam,U.S. Senate,NA,Democratic,Larry Crim,124
Putnam,U.S. Senate,NA,Democratic,Mark E. Clayton,499
Putnam,U.S. Senate,NA,Democratic,Park Overall,313
Putnam,U.S. Senate,NA,Democratic,T. K. Owens,82
Putnam,U.S. Senate,NA,Republican,Bob Corker,4769
Putnam,U.S. Senate,NA,Republican,Brenda S. Lenard,125
Putnam,U.S. Senate,NA,Republican,Fred R. Anderson,231
Putnam,U.S. Senate,NA,Republican,Mark Twain Clemens,181
Putnam,U.S. Senate,NA,Republican,Zach Poskevich,432
Rhea,Public Defender,12,,Jeff Harmon,2657
Rhea,State Senate,12,Republican,Ken Yager,3581
Rhea,State House,31,Republican,Jim Cobb,2209
Rhea,State House,31,Republican,Ron Travis,2455
Rhea,U.S. House,4,Democratic,Eric Stewart,488
Rhea,U.S. House,4,Republican,Scott DesJarlais,2147
Rhea,U.S. House,4,Republican,Shannon Kelley,1246
Rhea,Court of Criminal Appeals - Middle Division,NA,,Replace - Jeffrey S. Bivins,839
Rhea,Court of Criminal Appeals - Middle Division,NA,,Retain - Jeffrey S. Bivins,2680
Rhea,Court of Criminal Appeals - Western Division,NA,,Replace - Roger A. Page,856
Rhea,Court of Criminal Appeals - Western Division,NA,,Retain - Roger A. Page,2676
Rhea,U.S. Senate,NA,Democratic,Benjamin Roberts,40
Rhea,U.S. Senate,NA,Democratic,Dave Hancock,71
Rhea,U.S. Senate,NA,Democratic,Gary Gene Davis,125
Rhea,U.S. Senate,NA,Democratic,Larry Crim,24
Rhea,U.S. Senate,NA,Democratic,Mark E. Clayton,133
Rhea,U.S. Senate,NA,Democratic,Park Overall,71
Rhea,U.S. Senate,NA,Democratic,T. K. Owens,27
Rhea,U.S. Senate,NA,Republican,Bob Corker,3766
Rhea,U.S. Senate,NA,Republican,Brenda S. Lenard,105
Rhea,U.S. Senate,NA,Republican,Fred R. Anderson,119
Rhea,U.S. Senate,NA,Republican,Mark Twain Clemens,113
Rhea,U.S. Senate,NA,Republican,Zach Poskevich,172
Roane,State Senate,12,Republican,Ken Yager,6638
Roane,U.S. House,3,Democratic,Bill Taylor,745
Roane,U.S. House,3,Democratic,Mary M. Headrick,1401
Roane,U.S. House,3,Republican,Chuck Fleischmann,3392
Roane,U.S. House,3,Republican,Ron Bhalla,94
Roane,U.S. House,3,Republican,Scottie Mayfield,2627
Roane,U.S. House,3,Republican,Weston Wamp,1776
Roane,State House,31,Republican,Jim Cobb,537
Roane,State House,31,Republican,Ron Travis,232
Roane,State House,32,Democratic,Jack W. McNew,1693
Roane,State House,32,Republican,Julia C. Hurley,2867
Roane,State House,32,Republican,Kent Calfee,4081
Roane,Court of Criminal Appeals - Middle Division,NA,,Replace - Jeffrey S. Bivins,2722
Roane,Court of Criminal Appeals - Middle Division,NA,,Retain - Jeffrey S. Bivins,5537
Roane,Court of Criminal Appeals - Western Division,NA,,Replace - Roger A. Page,2762
Roane,Court of Criminal Appeals - Western Division,NA,,Retain - Roger A. Page,5491
Roane,U.S. Senate,NA,Democratic,Benjamin Roberts,176
Roane,U.S. Senate,NA,Democratic,Dave Hancock,209
Roane,U.S. Senate,NA,Democratic,Gary Gene Davis,496
Roane,U.S. Senate,NA,Democratic,Larry Crim,83
Roane,U.S. Senate,NA,Democratic,Mark E. Clayton,441
Roane,U.S. Senate,NA,Democratic,Park Overall,529
Roane,U.S. Senate,NA,Democratic,T. K. Owens,183
Roane,U.S. Senate,NA,Republican,Bob Corker,6503
Roane,U.S. Senate,NA,Republican,Brenda S. Lenard,164
Roane,U.S. Senate,NA,Republican,Fred R. Anderson,232
Roane,U.S. Senate,NA,Republican,Mark Twain Clemens,219
Roane,U.S. Senate,NA,Republican,Zach Poskevich,543
Robertson,U.S. House,6,Republican,Diane Black,4102
Robertson,U.S. House,6,Republican,Lou Ann Zelenik,1865
Robertson,State House,66,Republican,Joshua G. Evans,4286
Robertson,State House,66,Republican,Lee Harrell,1715
Robertson,Court of Criminal Appeals - Middle Division,NA,,Replace - Jeffrey S. Bivins,1806
Robertson,Court of Criminal Appeals - Middle Division,NA,,Retain - Jeffrey S. Bivins,3960
Robertson,Court of Criminal Appeals - Western Division,NA,,Replace - Roger A. Page,1835
Robertson,Court of Criminal Appeals - Western Division,NA,,Retain - Roger A. Page,3877
Robertson,U.S. Senate,NA,Democratic,Benjamin Roberts,122
Robertson,U.S. Senate,NA,Democratic,Dave Hancock,130
Robertson,U.S. Senate,NA,Democratic,Gary Gene Davis,501
Robertson,U.S. Senate,NA,Democratic,Larry Crim,87
Robertson,U.S. Senate,NA,Democratic,Mark E. Clayton,212
Robertson,U.S. Senate,NA,Democratic,Park Overall,92
Robertson,U.S. Senate,NA,Democratic,T. K. Owens,28
Robertson,U.S. Senate,NA,Republican,Bob Corker,4746
Robertson,U.S. Senate,NA,Republican,Brenda S. Lenard,140
Robertson,U.S. Senate,NA,Republican,Fred R. Anderson,230
Robertson,U.S. Senate,NA,Republican,Mark Twain Clemens,214
Robertson,U.S. Senate,NA,Republican,Zach Poskevich,489
Rutherford,State Senate,14,Republican,Jim Tracy,4467
Rutherford,State Senate,14,Republican,Matt Randolph,734
Rutherford,State House,34,Democratic,Luke E. Dickerson,699
Rutherford,State House,34,Democratic,Spencer Douglas,605
Rutherford,State House,34,Republican,Rick Womick,3157
Rutherford,State House,37,Democratic,"Robert ""Bob"" New",1228
Rutherford,State House,37,Republican,Dawn White,3035
Rutherford,State House,37,Republican,Richard P. Garvin,1112
Rutherford,U.S. House,4,Democratic,Eric Stewart,4657
Rutherford,U.S. House,4,Republican,Scott DesJarlais,10514
Rutherford,U.S. House,4,Republican,Shannon Kelley,3132
Rutherford,State House,48,Republican,Joe Carr,3402
Rutherford,State House,48,Republican,Ryan T. Harring,1055
Rutherford,State House,49,Democratic,Mike Williams,844
Rutherford,State House,49,Republican,Mike Sparks,1992
Rutherford,Court of Criminal Appeals - Middle Division,NA,,Replace - Jeffrey S. Bivins,5334
Rutherford,Court of Criminal Appeals - Middle Division,NA,,Retain - Jeffrey S. Bivins,11756
Rutherford,Court of Criminal Appeals - Western Division,NA,,Replace - Roger A. Page,5354
Rutherford,Court of Criminal Appeals - Western Division,NA,,Retain - Roger A. Page,11523
Rutherford,U.S. Senate,NA,Democratic,Benjamin Roberts,411
Rutherford,U.S. Senate,NA,Democratic,Dave Hancock,458
Rutherford,U.S. Senate,NA,Democratic,Gary Gene Davis,543
Rutherford,U.S. Senate,NA,Democratic,Larry Crim,663
Rutherford,U.S. Senate,NA,Democratic,Mark E. Clayton,1733
Rutherford,U.S. Senate,NA,Democratic,Park Overall,738
Rutherford,U.S. Senate,NA,Democratic,T. K. Owens,308
Rutherford,U.S. Senate,NA,Republican,Bob Corker,11638
Rutherford,U.S. Senate,NA,Republican,Brenda S. Lenard,414
Rutherford,U.S. Senate,NA,Republican,Fred R. Anderson,603
Rutherford,U.S. Senate,NA,Republican,Mark Twain Clemens,507
Rutherford,U.S. Senate,NA,Republican,Zach Poskevich,1222
Scott,State Senate,12,Republican,Ken Yager,1136
Scott,U.S. House,3,Democratic,Bill Taylor,109
Scott,U.S. House,3,Democratic,Mary M. Headrick,169
Scott,U.S. House,3,Republican,Chuck Fleischmann,508
Scott,U.S. House,3,Republican,Ron Bhalla,15
Scott,U.S. House,3,Republican,Scottie Mayfield,777
Scott,U.S. House,3,Republican,Weston Wamp,152
Scott,State House,38,Democratic,David R. Harper,218
Scott,State House,38,Republican,Kelly T. Keisling,1119
Scott,Court of Criminal Appeals - Middle Division,NA,,Replace - Jeffrey S. Bivins,551
Scott,Court of Criminal Appeals - Middle Division,NA,,Retain - Jeffrey S. Bivins,707
Scott,Court of Criminal Appeals - Western Division,NA,,Replace - Roger A. Page,545
Scott,Court of Criminal Appeals - Western Division,NA,,Retain - Roger A. Page,695
Scott,U.S. Senate,NA,Democratic,Benjamin Roberts,23
Scott,U.S. Senate,NA,Democratic,Dave Hancock,31
Scott,U.S. Senate,NA,Democratic,Gary Gene Davis,65
Scott,U.S. Senate,NA,Democratic,Larry Crim,15
Scott,U.S. Senate,NA,Democratic,Mark E. Clayton,76
Scott,U.S. Senate,NA,Democratic,Park Overall,53
Scott,U.S. Senate,NA,Democratic,T. K. Owens,13
Scott,U.S. Senate,NA,Republican,Bob Corker,1188
Scott,U.S. Senate,NA,Republican,Brenda S. Lenard,21
Scott,U.S. Senate,NA,Republican,Fred R. Anderson,46
Scott,U.S. Senate,NA,Republican,Mark Twain Clemens,47
Scott,U.S. Senate,NA,Republican,Zach Poskevich,73
Sequatchie,Public Defender,12,,Jeff Harmon,1675
Sequatchie,State Senate,16,Democratic,Jeff Bottoms,30
Sequatchie,State Senate,16,Democratic,Jim Lewis,181
Sequatchie,State Senate,16,Democratic,Justin C. Walling,97
Sequatchie,State Senate,16,Democratic,Kevin Lawrence,22
Sequatchie,State Senate,16,Democratic,Steve Roller,64
Sequatchie,State Senate,16,Republican,Eric Chance,134
Sequatchie,State Senate,16,Republican,Janice Bowling,981
Sequatchie,State Senate,16,Republican,Rod McClellan,126
Sequatchie,State Senate,16,Republican,Ron Stoltzfus,186
Sequatchie,State House,31,Republican,Jim Cobb,705
Sequatchie,State House,31,Republican,Ron Travis,934
Sequatchie,U.S. House,4,Democratic,Eric Stewart,375
Sequatchie,U.S. House,4,Republican,Scott DesJarlais,1213
Sequatchie,U.S. House,4,Republican,Shannon Kelley,269
Sequatchie,Court of Criminal Appeals - Middle Division,NA,,Replace - Jeffrey S. Bivins,437
Sequatchie,Court of Criminal Appeals - Middle Division,NA,,Retain - Jeffrey S. Bivins,1209
Sequatchie,Court of Criminal Appeals - Western Division,NA,,Replace - Roger A. Page,439
Sequatchie,Court of Criminal Appeals - Western Division,NA,,Retain - Roger A. Page,1189
Sequatchie,U.S. Senate,NA,Democratic,Benjamin Roberts,25
Sequatchie,U.S. Senate,NA,Democratic,Dave Hancock,39
Sequatchie,U.S. Senate,NA,Democratic,Gary Gene Davis,106
Sequatchie,U.S. Senate,NA,Democratic,Larry Crim,22
Sequatchie,U.S. Senate,NA,Democratic,Mark E. Clayton,84
Sequatchie,U.S. Senate,NA,Democratic,Park Overall,45
Sequatchie,U.S. Senate,NA,Democratic,T. K. Owens,9
Sequatchie,U.S. Senate,NA,Republican,Bob Corker,1409
Sequatchie,U.S. Senate,NA,Republican,Brenda S. Lenard,39
Sequatchie,U.S. Senate,NA,Republican,Fred R. Anderson,45
Sequatchie,U.S. Senate,NA,Republican,Mark Twain Clemens,40
Sequatchie,U.S. Senate,NA,Republican,Zach Poskevich,31
Sevier,U.S. House,1,Democratic,Alan Woodruff,491
Sevier,U.S. House,1,Republican,Phil Roe,7763
Sevier,State House,12,Republican,Dale Carr,3535
Sevier,State House,12,Republican,Richard Montgomery,3455
Sevier,State House,17,Democratic,Mike Dockery,148
Sevier,State House,17,Republican,Andrew E. Farmer,1762
Sevier,State House,17,Republican,Larry Boggs,76
Sevier,State House,17,Republican,Roger W. Griffith,843
Sevier,State Senate,2,Republican,Doug Overbey,4285
Sevier,State Senate,2,Republican,Scott Hughes,2972
Sevier,Court of Criminal Appeals - Middle Division,NA,,Replace - Jeffrey S. Bivins,2088
Sevier,Court of Criminal Appeals - Middle Division,NA,,Retain - Jeffrey S. Bivins,5482
Sevier,Court of Criminal Appeals - Western Division,NA,,Replace - Roger A. Page,2094
Sevier,Court of Criminal Appeals - Western Division,NA,,Retain - Roger A. Page,5432
Sevier,U.S. Senate,NA,Democratic,Benjamin Roberts,59
Sevier,U.S. Senate,NA,Democratic,Dave Hancock,47
Sevier,U.S. Senate,NA,Democratic,Gary Gene Davis,68
Sevier,U.S. Senate,NA,Democratic,Larry Crim,66
Sevier,U.S. Senate,NA,Democratic,Mark E. Clayton,132
Sevier,U.S. Senate,NA,Democratic,Park Overall,134
Sevier,U.S. Senate,NA,Democratic,T. K. Owens,24
Sevier,U.S. Senate,NA,Republican,Bob Corker,7568
Sevier,U.S. Senate,NA,Republican,Brenda S. Lenard,233
Sevier,U.S. Senate,NA,Republican,Fred R. Anderson,329
Sevier,U.S. Senate,NA,Republican,Mark Twain Clemens,231
Sevier,U.S. Senate,NA,Republican,Zach Poskevich,1084
Shelby,District Attorney,30,,Amy Weirich,83482
Shelby,District Attorney,30,,Carol Chumney,44358
Shelby,State Senate,30,Democratic,Beverly Marrero,5931
Shelby,State Senate,30,Democratic,Jim Kyle,7368
Shelby,State Senate,30,Republican,Colonel G. Billingsley,2977
Shelby,State Senate,32,Republican,Mark Norris,22062
Shelby,State Senate,32,Republican,Woody Degan,2457
Shelby,U.S. House,8,Democratic,Christa Stoscheck,1880
Shelby,U.S. House,8,Democratic,Timothy D. Dixon,3056
Shelby,U.S. House,8,Democratic,Wes Bradley,1856
Shelby,U.S. House,8,Republican,Annette Justice,5977
Shelby,U.S. House,8,Republican,Stephen Lee Fincher,32609
Shelby,State House,83,Republican,Mark White,8205
Shelby,State House,84,Democratic,Hendrell Remus,919
Shelby,State House,84,Democratic,"Joe Towns, Jr.",4082
Shelby,State House,85,Democratic,Eddie Jones,1484
Shelby,State House,85,Democratic,Johnnie R. Turner,5442
Shelby,State House,86,Democratic,Barbara Cooper,4445
Shelby,State House,86,Republican,George T. Edwards,1489
Shelby,State House,87,Democratic,Karen Camper,4917
Shelby,State House,88,Democratic,Larry J. Miller,3820
Shelby,State House,88,Republican,Harry Barber,1884
Shelby,U.S. House,9,Democratic,Steve Cohen,49585
Shelby,U.S. House,9,Democratic,Tomeka Hart,5944
Shelby,U.S. House,9,Republican,Charlotte Bergmann,4398
Shelby,U.S. House,9,Republican,Ernest Lunati,368
Shelby,U.S. House,9,Republican,"George S. Flinn, Jr.",11748
Shelby,U.S. House,9,Republican,Rollin Wilson Stooksberry,1858
Shelby,State House,90,Democratic,Ian L. Randolph,629
Shelby,State House,90,Democratic,Jeanne D. Richardson,2125
Shelby,State House,90,Democratic,"John J. DeBerry, Jr.",4084
Shelby,State House,91,Democratic,Lois M. DeBerry,5925
Shelby,State House,93,Democratic,Goffrey A. Hardaway,2927
Shelby,State House,93,Democratic,Mike Kernell,1875
Shelby,State House,95,Democratic,Write-In - Candis Schoenberger,61
Shelby,State House,95,Republican,Curry Todd,12757
Shelby,State House,96,Republican,Jim Harrell,1172
Shelby,State House,96,Republican,Steve McManus,4542
Shelby,State House,97,Republican,Jim Coley,5849
Shelby,State House,98,Democratic,Antonio Parkinson,3688
Shelby,State House,99,Republican,Ron Lollar,9065
Shelby,State House,99,Republican,Thomas D. Stephens,1552
Shelby,Court of Criminal Appeals - Middle Division,NA,,Replace - Jeffrey S. Bivins,27975
Shelby,Court of Criminal Appeals - Middle Division,NA,,Retain - Jeffrey S. Bivins,78594
Shelby,Court of Criminal Appeals - Western Division,NA,,Replace - Roger A. Page,27724
Shelby,Court of Criminal Appeals - Western Division,NA,,Retain - Roger A. Page,79107
Shelby,U.S. Senate,NA,Democratic,Benjamin Roberts,6033
Shelby,U.S. Senate,NA,Democratic,Dave Hancock,3526
Shelby,U.S. Senate,NA,Democratic,Gary Gene Davis,4456
Shelby,U.S. Senate,NA,Democratic,Larry Crim,6050
Shelby,U.S. Senate,NA,Democratic,Mark E. Clayton,17460
Shelby,U.S. Senate,NA,Democratic,Park Overall,3519
Shelby,U.S. Senate,NA,Democratic,T. K. Owens,5867
Shelby,U.S. Senate,NA,Republican,Bob Corker,55931
Shelby,U.S. Senate,NA,Republican,Brenda S. Lenard,891
Shelby,U.S. Senate,NA,Republican,Fred R. Anderson,1540
Shelby,U.S. Senate,NA,Republican,Mark Twain Clemens,1041
Shelby,U.S. Senate,NA,Republican,Zach Poskevich,1480
Smith,State House,40,Democratic,Sarah Marie Smith,1015
Smith,State House,40,Democratic,Wesley Duane Hodges,133
Smith,State House,40,Republican,Terri Lynn Weaver,1375
Smith,U.S. House,6,Republican,Diane Black,1067
Smith,U.S. House,6,Republican,Lou Ann Zelenik,475
Smith,Court of Criminal Appeals - Middle Division,NA,,Replace - Jeffrey S. Bivins,767
Smith,Court of Criminal Appeals - Middle Division,NA,,Retain - Jeffrey S. Bivins,1355
Smith,Court of Criminal Appeals - Western Division,NA,,Replace - Roger A. Page,766
Smith,Court of Criminal Appeals - Western Division,NA,,Retain - Roger A. Page,1332
Smith,U.S. Senate,NA,Democratic,Benjamin Roberts,78
Smith,U.S. Senate,NA,Democratic,Dave Hancock,92
Smith,U.S. Senate,NA,Democratic,Gary Gene Davis,121
Smith,U.S. Senate,NA,Democratic,Larry Crim,55
Smith,U.S. Senate,NA,Democratic,Mark E. Clayton,222
Smith,U.S. Senate,NA,Democratic,Park Overall,106
Smith,U.S. Senate,NA,Democratic,T. K. Owens,88
Smith,U.S. Senate,NA,Republican,Bob Corker,1236
Smith,U.S. Senate,NA,Republican,Brenda S. Lenard,27
Smith,U.S. Senate,NA,Republican,Fred R. Anderson,44
Smith,U.S. Senate,NA,Republican,Mark Twain Clemens,52
Smith,U.S. Senate,NA,Republican,Zach Poskevich,142
Stewart,State Senate,22,Democratic,Tim Barnes,958
Stewart,State Senate,22,Republican,Mark E. Green,881
Stewart,U.S. House,7,Democratic,Credo Amouzouvik,640
Stewart,U.S. House,7,Republican,Marsha Blackburn,970
Stewart,State House,75,Democratic,Steve Wright,920
Stewart,State House,75,Republican,Tim Wirgau,962
Stewart,Court of Criminal Appeals - Middle Division,NA,,Replace - Jeffrey S. Bivins,586
Stewart,Court of Criminal Appeals - Middle Division,NA,,Retain - Jeffrey S. Bivins,1448
Stewart,Court of Criminal Appeals - Western Division,NA,,Replace - Roger A. Page,565
Stewart,Court of Criminal Appeals - Western Division,NA,,Retain - Roger A. Page,1452
Stewart,U.S. Senate,NA,Democratic,Benjamin Roberts,77
Stewart,U.S. Senate,NA,Democratic,Dave Hancock,167
Stewart,U.S. Senate,NA,Democratic,Gary Gene Davis,138
Stewart,U.S. Senate,NA,Democratic,Larry Crim,60
Stewart,U.S. Senate,NA,Democratic,Mark E. Clayton,296
Stewart,U.S. Senate,NA,Democratic,Park Overall,78
Stewart,U.S. Senate,NA,Democratic,T. K. Owens,27
Stewart,U.S. Senate,NA,Republican,Bob Corker,871
Stewart,U.S. Senate,NA,Republican,Brenda S. Lenard,32
Stewart,U.S. Senate,NA,Republican,Fred R. Anderson,49
Stewart,U.S. Senate,NA,Republican,Mark Twain Clemens,42
Stewart,U.S. Senate,NA,Republican,Zach Poskevich,121
Sullivan,U.S. House,1,Democratic,Alan Woodruff,1362
Sullivan,State House,1,Republican,Jon C. Lundberg,2336
Sullivan,U.S. House,1,Republican,Phil Roe,10332
Sullivan,District Attorney,2,,Barry Staubus,10818
Sullivan,State House,2,Democratic,Bruce Dotson,531
Sullivan,State House,2,Republican,Ben Mallicote,3395
Sullivan,State House,2,Republican,Tony Shipley,3405
Sullivan,State House,3,Democratic,Leah R. Kirk,415
Sullivan,State House,3,Republican,Karen Greene Morrell,482
Sullivan,State House,3,Republican,Kevin Parsons,177
Sullivan,State House,3,Republican,Thomas White,46
Sullivan,State House,3,Republican,Timothy Hill,1374
Sullivan,State Senate,4,Republican,Ron Ramsey,9511
Sullivan,Court of Criminal Appeals - Middle Division,NA,,Replace - Jeffrey S. Bivins,2133
Sullivan,Court of Criminal Appeals - Middle Division,NA,,Retain - Jeffrey S. Bivins,8030
Sullivan,Court of Criminal Appeals - Western Division,NA,,Replace - Roger A. Page,2156
Sullivan,Court of Criminal Appeals - Western Division,NA,,Retain - Roger A. Page,8024
Sullivan,U.S. Senate,NA,Democratic,Benjamin Roberts,138
Sullivan,U.S. Senate,NA,Democratic,Dave Hancock,148
Sullivan,U.S. Senate,NA,Democratic,Gary Gene Davis,288
Sullivan,U.S. Senate,NA,Democratic,Larry Crim,70
Sullivan,U.S. Senate,NA,Democratic,Mark E. Clayton,383
Sullivan,U.S. Senate,NA,Democratic,Park Overall,353
Sullivan,U.S. Senate,NA,Democratic,T. K. Owens,87
Sullivan,U.S. Senate,NA,Republican,Bob Corker,9355
Sullivan,U.S. Senate,NA,Republican,Brenda S. Lenard,387
Sullivan,U.S. Senate,NA,Republican,Fred R. Anderson,568
Sullivan,U.S. Senate,NA,Republican,Mark Twain Clemens,365
Sullivan,U.S. Senate,NA,Republican,Zach Poskevich,317
Sumner,State Senate,18,Democratic,Maria A. Brewer,1812
Sumner,State Senate,18,Republican,Brock Ewell,279
Sumner,State Senate,18,Republican,Ferrell Haile,7774
Sumner,State Senate,18,Republican,J.H. Tony Allers,1216
Sumner,State Senate,18,Republican,Jeff Coker,6610
Sumner,State House,40,Democratic,Sarah Marie Smith,266
Sumner,State House,40,Democratic,Wesley Duane Hodges,139
Sumner,State House,40,Republican,Terri Lynn Weaver,2780
Sumner,State House,44,Democratic,Steven Glaser,712
Sumner,State House,44,Republican,William G. Lamberth,4316
Sumner,State House,45,Democratic,Jeanette Jackson,790
Sumner,State House,45,Republican,Courtney Rogers,4646
Sumner,State House,45,Republican,Debra Young Maggart,3447
Sumner,U.S. House,6,Republican,Diane Black,12446
Sumner,U.S. House,6,Republican,Lou Ann Zelenik,4249
Sumner,Court of Criminal Appeals - Middle Division,NA,,Replace - Jeffrey S. Bivins,4294
Sumner,Court of Criminal Appeals - Middle Division,NA,,Retain - Jeffrey S. Bivins,11009
Sumner,Court of Criminal Appeals - Western Division,NA,,Replace - Roger A. Page,4251
Sumner,Court of Criminal Appeals - Western Division,NA,,Retain - Roger A. Page,10844
Sumner,U.S. Senate,NA,Democratic,Benjamin Roberts,232
Sumner,U.S. Senate,NA,Democratic,Dave Hancock,298
Sumner,U.S. Senate,NA,Democratic,Gary Gene Davis,290
Sumner,U.S. Senate,NA,Democratic,Larry Crim,221
Sumner,U.S. Senate,NA,Democratic,Mark E. Clayton,504
Sumner,U.S. Senate,NA,Democratic,Park Overall,345
Sumner,U.S. Senate,NA,Democratic,T. K. Owens,79
Sumner,U.S. Senate,NA,Republican,Bob Corker,13622
Sumner,U.S. Senate,NA,Republican,Brenda S. Lenard,313
Sumner,U.S. Senate,NA,Republican,Fred R. Anderson,480
Sumner,U.S. Senate,NA,Republican,Mark Twain Clemens,390
Sumner,U.S. Senate,NA,Republican,Zach Poskevich,1596
Tipton,State Senate,32,Republican,Mark Norris,4530
Tipton,State Senate,32,Republican,Woody Degan,862
Tipton,U.S. House,8,Democratic,Christa Stoscheck,252
Tipton,U.S. House,8,Democratic,Timothy D. Dixon,398
Tipton,U.S. House,8,Democratic,Wes Bradley,418
Tipton,U.S. House,8,Republican,Annette Justice,621
Tipton,U.S. House,8,Republican,Stephen Lee Fincher,5007
Tipton,State House,81,Democratic,Conneye Thompson Albright,1130
Tipton,State House,81,Republican,Debra Moody,2578
Tipton,State House,81,Republican,Randy McKee,308
Tipton,State House,81,Republican,Rory Bricco,1484
Tipton,State House,81,Republican,Terry G. Mullins,1427
Tipton,Court of Criminal Appeals - Middle Division,NA,,Replace - Jeffrey S. Bivins,1727
Tipton,Court of Criminal Appeals - Middle Division,NA,,Retain - Jeffrey S. Bivins,4501
Tipton,Court of Criminal Appeals - Western Division,NA,,Replace - Roger A. Page,1709
Tipton,Court of Criminal Appeals - Western Division,NA,,Retain - Roger A. Page,4425
Tipton,U.S. Senate,NA,Democratic,Benjamin Roberts,81
Tipton,U.S. Senate,NA,Democratic,Dave Hancock,124
Tipton,U.S. Senate,NA,Democratic,Gary Gene Davis,172
Tipton,U.S. Senate,NA,Democratic,Larry Crim,69
Tipton,U.S. Senate,NA,Democratic,Mark E. Clayton,422
Tipton,U.S. Senate,NA,Democratic,Park Overall,154
Tipton,U.S. Senate,NA,Democratic,T. K. Owens,120
Tipton,U.S. Senate,NA,Republican,Bob Corker,5144
Tipton,U.S. Senate,NA,Republican,Brenda S. Lenard,121
Tipton,U.S. Senate,NA,Republican,Fred R. Anderson,155
Tipton,U.S. Senate,NA,Republican,Mark Twain Clemens,128
Tipton,U.S. Senate,NA,Republican,Zach Poskevich,246
Trousdale,State Senate,18,Democratic,Maria A. Brewer,340
Trousdale,State Senate,18,Republican,Brock Ewell,21
Trousdale,State Senate,18,Republican,Ferrell Haile,240
Trousdale,State Senate,18,Republican,J.H. Tony Allers,63
Trousdale,State Senate,18,Republican,Jeff Coker,247
Trousdale,State House,40,Democratic,Sarah Marie Smith,357
Trousdale,State House,40,Democratic,Wesley Duane Hodges,94
Trousdale,State House,40,Republican,Terri Lynn Weaver,536
Trousdale,U.S. House,6,Republican,Diane Black,468
Trousdale,U.S. House,6,Republican,Lou Ann Zelenik,187
Trousdale,Court of Criminal Appeals - Middle Division,NA,,Replace - Jeffrey S. Bivins,375
Trousdale,Court of Criminal Appeals - Middle Division,NA,,Retain - Jeffrey S. Bivins,719
Trousdale,Court of Criminal Appeals - Western Division,NA,,Replace - Roger A. Page,373
Trousdale,Court of Criminal Appeals - Western Division,NA,,Retain - Roger A. Page,681
Trousdale,U.S. Senate,NA,Democratic,Benjamin Roberts,35
Trousdale,U.S. Senate,NA,Democratic,Dave Hancock,44
Trousdale,U.S. Senate,NA,Democratic,Gary Gene Davis,62
Trousdale,U.S. Senate,NA,Democratic,Larry Crim,28
Trousdale,U.S. Senate,NA,Democratic,Mark E. Clayton,123
Trousdale,U.S. Senate,NA,Democratic,Park Overall,76
Trousdale,U.S. Senate,NA,Democratic,T. K. Owens,21
Trousdale,U.S. Senate,NA,Republican,Bob Corker,519
Trousdale,U.S. Senate,NA,Republican,Brenda S. Lenard,15
Trousdale,U.S. Senate,NA,Republican,Fred R. Anderson,26
Trousdale,U.S. Senate,NA,Republican,Mark Twain Clemens,24
Trousdale,U.S. Senate,NA,Republican,Zach Poskevich,49
Unicoi,U.S. House,1,Democratic,Alan Woodruff,363
Unicoi,U.S. House,1,Republican,Phil Roe,2162
Unicoi,State House,4,Republican,Thomas Gray,1742
Unicoi,Court of Criminal Appeals - Middle Division,NA,,Replace - Jeffrey S. Bivins,682
Unicoi,Court of Criminal Appeals - Middle Division,NA,,Retain - Jeffrey S. Bivins,1743
Unicoi,Court of Criminal Appeals - Western Division,NA,,Replace - Roger A. Page,642
Unicoi,Court of Criminal Appeals - Western Division,NA,,Retain - Roger A. Page,1815
Unicoi,U.S. Senate,NA,Democratic,Benjamin Roberts,22
Unicoi,U.S. Senate,NA,Democratic,Dave Hancock,44
Unicoi,U.S. Senate,NA,Democratic,Gary Gene Davis,75
Unicoi,U.S. Senate,NA,Democratic,Larry Crim,26
Unicoi,U.S. Senate,NA,Democratic,Mark E. Clayton,89
Unicoi,U.S. Senate,NA,Democratic,Park Overall,140
Unicoi,U.S. Senate,NA,Democratic,T. K. Owens,11
Unicoi,U.S. Senate,NA,Republican,Bob Corker,1912
Unicoi,U.S. Senate,NA,Republican,Brenda S. Lenard,86
Unicoi,U.S. Senate,NA,Republican,Fred R. Anderson,153
Unicoi,U.S. Senate,NA,Republican,Mark Twain Clemens,100
Unicoi,U.S. Senate,NA,Republican,Zach Poskevich,52
Union,U.S. House,3,Democratic,Bill Taylor,169
Union,U.S. House,3,Democratic,Mary M. Headrick,348
Union,U.S. House,3,Republican,Chuck Fleischmann,1134
Union,U.S. House,3,Republican,Ron Bhalla,19
Union,U.S. House,3,Republican,Scottie Mayfield,920
Union,U.S. House,3,Republican,Weston Wamp,315
Union,State House,35,Republican,"Dennis ""Coach"" Roach",618
Union,State House,36,Republican,Dennis Powers,1214
Union,State Senate,8,Republican,Cynthia Bundren Jackson,244
Union,State Senate,8,Republican,Frank Niceley,960
Union,State Senate,8,Republican,Hobart L. Rice,208
Union,State Senate,8,Republican,Jeffrey D. Brantley,804
Union,Court of Criminal Appeals - Middle Division,NA,,Replace - Jeffrey S. Bivins,871
Union,Court of Criminal Appeals - Middle Division,NA,,Retain - Jeffrey S. Bivins,1478
Union,Court of Criminal Appeals - Western Division,NA,,Replace - Roger A. Page,854
Union,Court of Criminal Appeals - Western Division,NA,,Retain - Roger A. Page,1434
Union,U.S. Senate,NA,Democratic,Benjamin Roberts,70
Union,U.S. Senate,NA,Democratic,Dave Hancock,78
Union,U.S. Senate,NA,Democratic,Gary Gene Davis,76
Union,U.S. Senate,NA,Democratic,Larry Crim,32
Union,U.S. Senate,NA,Democratic,Mark E. Clayton,165
Union,U.S. Senate,NA,Democratic,Park Overall,76
Union,U.S. Senate,NA,Democratic,T. K. Owens,23
Union,U.S. Senate,NA,Republican,Bob Corker,1906
Union,U.S. Senate,NA,Republican,Brenda S. Lenard,72
Union,U.S. Senate,NA,Republican,Fred R. Anderson,94
Union,U.S. Senate,NA,Republican,Mark Twain Clemens,58
Union,U.S. Senate,NA,Republican,Zach Poskevich,148
Van Buren,State Senate,16,Democratic,Jeff Bottoms,12
Van Buren,State Senate,16,Democratic,Jim Lewis,14
Van Buren,State Senate,16,Democratic,Justin C. Walling,797
Van Buren,State Senate,16,Democratic,Kevin Lawrence,9
Van Buren,State Senate,16,Democratic,Steve Roller,57
Van Buren,State Senate,16,Republican,Eric Chance,22
Van Buren,State Senate,16,Republican,Janice Bowling,282
Van Buren,State Senate,16,Republican,Rod McClellan,24
Van Buren,State Senate,16,Republican,Ron Stoltzfus,44
Van Buren,State House,25,Democratic,Flo Matheson,397
Van Buren,State House,25,Republican,Cameron Sexton,274
Van Buren,U.S. House,4,Democratic,Eric Stewart,488
Van Buren,U.S. House,4,Republican,Scott DesJarlais,309
Van Buren,U.S. House,4,Republican,Shannon Kelley,35
Van Buren,U.S. House,6,Republican,Diane Black,37
Van Buren,U.S. House,6,Republican,Lou Ann Zelenik,10
Van Buren,Court of Criminal Appeals - Middle Division,NA,,Replace - Jeffrey S. Bivins,297
Van Buren,Court of Criminal Appeals - Middle Division,NA,,Retain - Jeffrey S. Bivins,521
Van Buren,Court of Criminal Appeals - Western Division,NA,,Replace - Roger A. Page,293
Van Buren,Court of Criminal Appeals - Western Division,NA,,Retain - Roger A. Page,493
Van Buren,U.S. Senate,NA,Democratic,Benjamin Roberts,50
Van Buren,U.S. Senate,NA,Democratic,Dave Hancock,45
Van Buren,U.S. Senate,NA,Democratic,Gary Gene Davis,118
Van Buren,U.S. Senate,NA,Democratic,Larry Crim,45
Van Buren,U.S. Senate,NA,Democratic,Mark E. Clayton,108
Van Buren,U.S. Senate,NA,Democratic,Park Overall,40
Van Buren,U.S. Senate,NA,Democratic,T. K. Owens,13
Van Buren,U.S. Senate,NA,Republican,Bob Corker,335
Van Buren,U.S. Senate,NA,Republican,Brenda S. Lenard,10
Van Buren,U.S. Senate,NA,Republican,Fred R. Anderson,11
Van Buren,U.S. Senate,NA,Republican,Mark Twain Clemens,10
Van Buren,U.S. Senate,NA,Republican,Zach Poskevich,32
Warren,State Senate,16,Democratic,Jeff Bottoms,194
Warren,State Senate,16,Democratic,Jim Lewis,64
Warren,State Senate,16,Democratic,Justin C. Walling,620
Warren,State Senate,16,Democratic,Kevin Lawrence,848
Warren,State Senate,16,Democratic,Steve Roller,1607
Warren,State Senate,16,Republican,Eric Chance,215
Warren,State Senate,16,Republican,Janice Bowling,1261
Warren,State Senate,16,Republican,Rod McClellan,280
Warren,State Senate,16,Republican,Ron Stoltzfus,258
Warren,U.S. House,4,Democratic,Eric Stewart,2433
Warren,U.S. House,4,Republican,Scott DesJarlais,1834
Warren,U.S. House,4,Republican,Shannon Kelley,251
Warren,State House,43,Democratic,Charles Curtiss,1853
Warren,State House,43,Republican,Derrick Waggoner,328
Warren,State House,43,Republican,Robert F. Dunham,581
Warren,State House,47,Democratic,Scott Price,768
Warren,State House,47,Republican,Judd Matheny,884
Warren,Court of Criminal Appeals - Middle Division,NA,,Replace - Jeffrey S. Bivins,1565
Warren,Court of Criminal Appeals - Middle Division,NA,,Retain - Jeffrey S. Bivins,2559
Warren,Court of Criminal Appeals - Western Division,NA,,Replace - Roger A. Page,1575
Warren,Court of Criminal Appeals - Western Division,NA,,Retain - Roger A. Page,2514
Warren,U.S. Senate,NA,Democratic,Benjamin Roberts,186
Warren,U.S. Senate,NA,Democratic,Dave Hancock,248
Warren,U.S. Senate,NA,Democratic,Gary Gene Davis,449
Warren,U.S. Senate,NA,Democratic,Larry Crim,262
Warren,U.S. Senate,NA,Democratic,Mark E. Clayton,560
Warren,U.S. Senate,NA,Democratic,Park Overall,189
Warren,U.S. Senate,NA,Democratic,T. K. Owens,83
Warren,U.S. Senate,NA,Republican,Bob Corker,1760
Warren,U.S. Senate,NA,Republican,Brenda S. Lenard,57
Warren,U.S. Senate,NA,Republican,Fred R. Anderson,79
Warren,U.S. Senate,NA,Republican,Mark Twain Clemens,78
Warren,U.S. Senate,NA,Republican,Zach Poskevich,161
Washington,U.S. House,1,Democratic,Alan Woodruff,1215
Washington,U.S. House,1,Republican,Phil Roe,8180
Washington,State House,6,Democratic,Michael Clark,625
Washington,State House,6,Republican,Dale Ford,2703
Washington,State House,6,Republican,James (Micah) Van Huss,3154
Washington,State House,7,Democratic,Nancy Fischman,614
Washington,State House,7,Republican,Matthew Hill,2830
Washington,Court of Criminal Appeals - Middle Division,NA,,Replace - Jeffrey S. Bivins,2488
Washington,Court of Criminal Appeals - Middle Division,NA,,Retain - Jeffrey S. Bivins,5952
Washington,Court of Criminal Appeals - Western Division,NA,,Replace - Roger A. Page,2460
Washington,Court of Criminal Appeals - Western Division,NA,,Retain - Roger A. Page,5862
Washington,U.S. Senate,NA,Democratic,Benjamin Roberts,69
Washington,U.S. Senate,NA,Democratic,Dave Hancock,106
Washington,U.S. Senate,NA,Democratic,Gary Gene Davis,151
Washington,U.S. Senate,NA,Democratic,Larry Crim,60
Washington,U.S. Senate,NA,Democratic,Mark E. Clayton,254
Washington,U.S. Senate,NA,Democratic,Park Overall,605
Washington,U.S. Senate,NA,Democratic,T. K. Owens,97
Washington,U.S. Senate,NA,Republican,Bob Corker,7382
Washington,U.S. Senate,NA,Republican,Brenda S. Lenard,440
Washington,U.S. Senate,NA,Republican,Fred R. Anderson,444
Washington,U.S. Senate,NA,Republican,Mark Twain Clemens,305
Washington,U.S. Senate,NA,Republican,Zach Poskevich,250
Wayne,State Senate,28,Democratic,"Tyler ""Ty"" Cobb",176
Wayne,State Senate,28,Republican,Dean Dickey,132
Wayne,State Senate,28,Republican,Joey Hensley,1222
Wayne,U.S. House,7,Democratic,Credo Amouzouvik,101
Wayne,U.S. House,7,Republican,Marsha Blackburn,1252
Wayne,State House,71,Republican,Shirley B. Curry,1160
Wayne,State House,71,Republican,Vance Dennis,338
Wayne,Court of Criminal Appeals - Middle Division,NA,,Replace - Jeffrey S. Bivins,384
Wayne,Court of Criminal Appeals - Middle Division,NA,,Retain - Jeffrey S. Bivins,657
Wayne,Court of Criminal Appeals - Western Division,NA,,Replace - Roger A. Page,377
Wayne,Court of Criminal Appeals - Western Division,NA,,Retain - Roger A. Page,644
Wayne,U.S. Senate,NA,Democratic,Benjamin Roberts,6
Wayne,U.S. Senate,NA,Democratic,Dave Hancock,13
Wayne,U.S. Senate,NA,Democratic,Gary Gene Davis,52
Wayne,U.S. Senate,NA,Democratic,Larry Crim,28
Wayne,U.S. Senate,NA,Democratic,Mark E. Clayton,45
Wayne,U.S. Senate,NA,Democratic,Park Overall,20
Wayne,U.S. Senate,NA,Democratic,T. K. Owens,3
Wayne,U.S. Senate,NA,Republican,Bob Corker,1159
Wayne,U.S. Senate,NA,Republican,Brenda S. Lenard,26
Wayne,U.S. Senate,NA,Republican,Fred R. Anderson,60
Wayne,U.S. Senate,NA,Republican,Mark Twain Clemens,39
Wayne,U.S. Senate,NA,Republican,Zach Poskevich,37
Weakley,State Senate,24,Democratic,Brad Thompson,594
Weakley,State Senate,24,Republican,Danny C. Jowers,407
Weakley,State Senate,24,Republican,John Stevens,751
Weakley,State House,76,Democratic,Mark L. Maddox,714
Weakley,State House,76,Republican,Andy Holt,1127
Weakley,U.S. House,8,Democratic,Christa Stoscheck,121
Weakley,U.S. House,8,Democratic,Timothy D. Dixon,138
Weakley,U.S. House,8,Democratic,Wes Bradley,285
Weakley,U.S. House,8,Republican,Annette Justice,107
Weakley,U.S. House,8,Republican,Stephen Lee Fincher,1106
Weakley,Court of Criminal Appeals - Middle Division,NA,,Replace - Jeffrey S. Bivins,463
Weakley,Court of Criminal Appeals - Middle Division,NA,,Retain - Jeffrey S. Bivins,1049
Weakley,Court of Criminal Appeals - Western Division,NA,,Replace - Roger A. Page,456
Weakley,Court of Criminal Appeals - Western Division,NA,,Retain - Roger A. Page,1067
Weakley,U.S. Senate,NA,Democratic,Benjamin Roberts,71
Weakley,U.S. Senate,NA,Democratic,Dave Hancock,44
Weakley,U.S. Senate,NA,Democratic,Gary Gene Davis,70
Weakley,U.S. Senate,NA,Democratic,Larry Crim,21
Weakley,U.S. Senate,NA,Democratic,Mark E. Clayton,178
Weakley,U.S. Senate,NA,Democratic,Park Overall,133
Weakley,U.S. Senate,NA,Democratic,T. K. Owens,37
Weakley,U.S. Senate,NA,Republican,Bob Corker,970
Weakley,U.S. Senate,NA,Republican,Brenda S. Lenard,29
Weakley,U.S. Senate,NA,Republican,Fred R. Anderson,56
Weakley,U.S. Senate,NA,Republican,Mark Twain Clemens,40
Weakley,U.S. Senate,NA,Republican,Zach Poskevich,86
White,State House,43,Democratic,Charles Curtiss,675
White,State House,43,Republican,Derrick Waggoner,353
White,State House,43,Republican,Robert F. Dunham,959
White,U.S. House,6,Republican,Diane Black,1020
White,U.S. House,6,Republican,Lou Ann Zelenik,529
White,Court of Criminal Appeals - Middle Division,NA,,Replace - Jeffrey S. Bivins,668
White,Court of Criminal Appeals - Middle Division,NA,,Retain - Jeffrey S. Bivins,1167
White,Court of Criminal Appeals - Western Division,NA,,Replace - Roger A. Page,665
White,Court of Criminal Appeals - Western Division,NA,,Retain - Roger A. Page,1158
White,U.S. Senate,NA,Democratic,Benjamin Roberts,73
White,U.S. Senate,NA,Democratic,Dave Hancock,78
White,U.S. Senate,NA,Democratic,Gary Gene Davis,169
White,U.S. Senate,NA,Democratic,Larry Crim,30
White,U.S. Senate,NA,Democratic,Mark E. Clayton,159
White,U.S. Senate,NA,Democratic,Park Overall,62
White,U.S. Senate,NA,Democratic,T. K. Owens,32
White,U.S. Senate,NA,Republican,Bob Corker,1120
White,U.S. Senate,NA,Republican,Brenda S. Lenard,33
White,U.S. Senate,NA,Republican,Fred R. Anderson,67
White,U.S. Senate,NA,Republican,Mark Twain Clemens,64
White,U.S. Senate,NA,Republican,Zach Poskevich,239
Williamson,Circuit Court Judge Division III,21,,Mike Binkley - R,13826
Williamson,State House,61,Republican,"Charles M. Sargent, Jr.",3050
Williamson,State House,61,Republican,Rob Hathaway,1888
Williamson,State House,63,Republican,Glen Casada,3163
Williamson,State House,65,Republican,Dennis Kiser,1585
Williamson,State House,65,Republican,Jeremy Durham,2990
Williamson,State House,65,Republican,Kenny Young,2142
Williamson,U.S. House,7,Democratic,Credo Amouzouvik,1043
Williamson,U.S. House,7,Republican,Marsha Blackburn,13718
Williamson,Court of Criminal Appeals - Middle Division,NA,,Replace - Jeffrey S. Bivins,2655
Williamson,Court of Criminal Appeals - Middle Division,NA,,Retain - Jeffrey S. Bivins,11212
Williamson,Court of Criminal Appeals - Western Division,NA,,Replace - Roger A. Page,2749
Williamson,Court of Criminal Appeals - Western Division,NA,,Retain - Roger A. Page,10639
Williamson,U.S. Senate,NA,Democratic,Benjamin Roberts,116
Williamson,U.S. Senate,NA,Democratic,Dave Hancock,172
Williamson,U.S. Senate,NA,Democratic,Gary Gene Davis,192
Williamson,U.S. Senate,NA,Democratic,Larry Crim,145
Williamson,U.S. Senate,NA,Democratic,Mark E. Clayton,270
Williamson,U.S. Senate,NA,Democratic,Park Overall,329
Williamson,U.S. Senate,NA,Democratic,T. K. Owens,62
Williamson,U.S. Senate,NA,Republican,Bob Corker,12282
Williamson,U.S. Senate,NA,Republican,Brenda S. Lenard,374
Williamson,U.S. Senate,NA,Republican,Fred R. Anderson,553
Williamson,U.S. Senate,NA,Republican,Mark Twain Clemens,328
Williamson,U.S. Senate,NA,Republican,Zach Poskevich,1230
Wilson,State House,46,Republican,Mark A. Pody,3119
Wilson,State House,57,Republican,Linda Elam,2259
Wilson,State House,57,Republican,Susan Lynn,4720
Wilson,U.S. House,6,Republican,Diane Black,7001
Wilson,U.S. House,6,Republican,Lou Ann Zelenik,3555
Wilson,Court of Criminal Appeals - Middle Division,NA,,Replace - Jeffrey S. Bivins,3342
Wilson,Court of Criminal Appeals - Middle Division,NA,,Retain - Jeffrey S. Bivins,7725
Wilson,Court of Criminal Appeals - Western Division,NA,,Replace - Roger A. Page,3348
Wilson,Court of Criminal Appeals - Western Division,NA,,Retain - Roger A. Page,7632
Wilson,U.S. Senate,NA,Democratic,Benjamin Roberts,174
Wilson,U.S. Senate,NA,Democratic,Dave Hancock,217
Wilson,U.S. Senate,NA,Democratic,Gary Gene Davis,220
Wilson,U.S. Senate,NA,Democratic,Larry Crim,322
Wilson,U.S. Senate,NA,Democratic,Mark E. Clayton,424
Wilson,U.S. Senate,NA,Democratic,Park Overall,340
Wilson,U.S. Senate,NA,Democratic,T. K. Owens,166
Wilson,U.S. Senate,NA,Republican,Bob Corker,8643
Wilson,U.S. Senate,NA,Republican,Brenda S. Lenard,256
Wilson,U.S. Senate,NA,Republican,Fred R. Anderson,319
Wilson,U.S. Senate,NA,Republican,Mark Twain Clemens,308
Wilson,U.S. Senate,NA,Republican,Zach Poskevich,974
