county,office,district,party,candidate,votes
Anderson,U.S. House,3,Democratic,Meg Gorman,2400
Anderson,U.S. House,3,Republican,Chuck Fleischmann,4704
Anderson,U.S. House,3,Republican,Sandy Casey,1326
Anderson,State House,33,Democratic,"James ""Mike"" Brewer",427
Anderson,State House,33,Democratic,Jim Dodson,1915
Anderson,State House,33,Republican,John D. Ragan,4401
Anderson,State House,41,Democratic,No Candidate Qualified,0
Anderson,State House,41,Republican,Bradley Hayes,100
Anderson,State House,41,Republican,Ed Butler,252
Anderson,State House,41,Republican,Michael C. Swisher,855
Anderson,State Executive Committeeman,5,Democratic,Jack Vaughan,2226
Anderson,State Executive Committeewoman,5,Democratic,Anne W. Backus,2240
Anderson,State Senate,5,Democratic,No Candidate Qualified,0
Anderson,State Executive Committeeman,5,Republican,Scott Smith,1058
Anderson,State Executive Committeeman,5,Republican,Tim Hutchison,4317
Anderson,State Executive Committeewoman,5,Republican,Amy Jones,1763
Anderson,State Executive Committeewoman,5,Republican,Terry Frank,4144
Anderson,State Senate,5,Republican,Earle Segrest,686
Anderson,State Senate,5,Republican,Randy McNally,5341
Anderson,District Attorney General,7,Independent,Dave Clark,7464
Anderson,Chancellor,7,Republican,M. Nichole Cantrell,6435
Anderson,Circuit and Criminal Court Judge,7,Republican,Ryan Spitzer,6617
Anderson,Public Defender,7,Republican,Ann D. Coria,6319
Anderson,Court of Appeals - Eastern Division,NA,,Replace - John W. McClarty,1706
Anderson,Court of Appeals - Eastern Division,NA,,Replace - Kristi Davis,1450
Anderson,Court of Appeals - Eastern Division,NA,,Replace - Mike Swiney,1506
Anderson,Court of Appeals - Eastern Division,NA,,"Replace - Thomas R. ""Skip"" Frierson",1583
Anderson,Court of Appeals - Eastern Division,NA,,Retain - John W. McClarty,4854
Anderson,Court of Appeals - Eastern Division,NA,,Retain - Kristi Davis,5137
Anderson,Court of Appeals - Eastern Division,NA,,Retain - Mike Swiney,4919
Anderson,Court of Appeals - Eastern Division,NA,,"Retain - Thomas R. ""Skip"" Frierson",4944
Anderson,Court of Appeals - Middle Division,NA,,Replace - Andy D. Bennett,1609
Anderson,Court of Appeals - Middle Division,NA,,Replace - Frank Clement,1565
Anderson,Court of Appeals - Middle Division,NA,,Replace - Neal McBrayer,1531
Anderson,Court of Appeals - Middle Division,NA,,Retain - Andy D. Bennett,4807
Anderson,Court of Appeals - Middle Division,NA,,Retain - Frank Clement,4995
Anderson,Court of Appeals - Middle Division,NA,,Retain - Neal McBrayer,4869
Anderson,Court of Appeals - Western Division,NA,,Replace - Arnold B. Goldin,1495
Anderson,Court of Appeals - Western Division,NA,,Replace - Carma Dennis McGee,1450
Anderson,Court of Appeals - Western Division,NA,,Replace - Kenny W. Armstrong,1491
Anderson,Court of Appeals - Western Division,NA,,Replace - Steve Stafford,1612
Anderson,Court of Appeals - Western Division,NA,,Retain - Arnold B. Goldin,4800
Anderson,Court of Appeals - Western Division,NA,,Retain - Carma Dennis McGee,4886
Anderson,Court of Appeals - Western Division,NA,,Retain - Kenny W. Armstrong,4907
Anderson,Court of Appeals - Western Division,NA,,Retain - Steve Stafford,4712
Anderson,Court of Criminal Appeals - Eastern Division,NA,,"Replace - James C. Witt, Jr.",1432
Anderson,Court of Criminal Appeals - Eastern Division,NA,,"Replace - Robert H. Montgomery, Jr.",1480
Anderson,Court of Criminal Appeals - Eastern Division,NA,,"Retain - James C. Witt, Jr.",4831
Anderson,Court of Criminal Appeals - Eastern Division,NA,,"Retain - Robert H. Montgomery, Jr.",4861
Anderson,Court of Criminal Appeals - Middle Division,NA,,Replace - Jill Bartee Ayers,1418
Anderson,Court of Criminal Appeals - Middle Division,NA,,"Replace - Robert L. Holloway, Jr.",1454
Anderson,Court of Criminal Appeals - Middle Division,NA,,Replace - Robert W. Wedemeyer,1483
Anderson,Court of Criminal Appeals - Middle Division,NA,,Replace - Timothy L. Easter,1460
Anderson,Court of Criminal Appeals - Middle Division,NA,,Retain - Jill Bartee Ayers,4841
Anderson,Court of Criminal Appeals - Middle Division,NA,,"Retain - Robert L. Holloway, Jr.",4798
Anderson,Court of Criminal Appeals - Middle Division,NA,,Retain - Robert W. Wedemeyer,4798
Anderson,Court of Criminal Appeals - Middle Division,NA,,Retain - Timothy L. Easter,4775
Anderson,Court of Criminal Appeals - Western Division,NA,,Replace - Camille McMullen,1523
Anderson,Court of Criminal Appeals - Western Division,NA,,Replace - J. Ross Dyer,1435
Anderson,Court of Criminal Appeals - Western Division,NA,,Replace - John Everett Williams,1447
Anderson,Court of Criminal Appeals - Western Division,NA,,"Replace - John W. Campbell, Sr.",1453
Anderson,Court of Criminal Appeals - Western Division,NA,,Retain - Camille McMullen,4811
Anderson,Court of Criminal Appeals - Western Division,NA,,Retain - J. Ross Dyer,4788
Anderson,Court of Criminal Appeals - Western Division,NA,,Retain - John Everett Williams,4851
Anderson,Court of Criminal Appeals - Western Division,NA,,"Retain - John W. Campbell, Sr.",4806
Anderson,Supreme Court,NA,,Replace - Holly Kirby,1464
Anderson,Supreme Court,NA,,Replace - Jeffrey S. Bivins,1662
Anderson,Supreme Court,NA,,Replace - Roger A. Page,1609
Anderson,Supreme Court,NA,,Replace - Sarah K. Campbell,1569
Anderson,Supreme Court,NA,,Replace - Sharon Gail Lee,1651
Anderson,Supreme Court,NA,,Retain - Holly Kirby,5225
Anderson,Supreme Court,NA,,Retain - Jeffrey S. Bivins,5083
Anderson,Supreme Court,NA,,Retain - Roger A. Page,4953
Anderson,Supreme Court,NA,,Retain - Sarah K. Campbell,5147
Anderson,Supreme Court,NA,,Retain - Sharon Gail Lee,5098
Anderson,Governor,NA,Democratic,Carnita Faye Atwater,646
Anderson,Governor,NA,Democratic,JB Smiley Jr.,686
Anderson,Governor,NA,Democratic,Jason Brantley Martin,1261
Anderson,Governor,NA,Republican,Bill Lee,5613
Bedford,State Executive Committeeman,14,Democratic,No Candidate Qualified,0
Bedford,State Executive Committeewoman,14,Democratic,Jane Tucker,567
Bedford,State Executive Committeeman,14,Republican,Richard T Floyd,2386
Bedford,State Executive Committeewoman,14,Republican,Lynne Davis,2527
Bedford,Chancellor,17,Independent,J. B. Cox,3046
Bedford,Circuit Court Judge Part I,17,Independent,Forest A Durard Jr,3357
Bedford,Circuit Court Judge Part II,17,Independent,Wyatt Burk,3364
Bedford,District Attorney General,17,Independent,Robert J. Carter,2949
Bedford,Public Defender,17,Independent,Donna Orr Hargrove,3249
Bedford,U.S. House,4,Democratic,Arnold J. White,195
Bedford,U.S. House,4,Democratic,Wayne Steele,348
Bedford,U.S. House,4,Republican,Scott DesJarlais,3123
Bedford,State House,62,Democratic,No Candidate Qualified,0
Bedford,State House,62,Republican,Pat Marsh,3114
Bedford,Court of Appeals - Eastern Division,NA,,Replace - John W. McClarty,684
Bedford,Court of Appeals - Eastern Division,NA,,Replace - Kristi Davis,624
Bedford,Court of Appeals - Eastern Division,NA,,Replace - Mike Swiney,642
Bedford,Court of Appeals - Eastern Division,NA,,"Replace - Thomas R. ""Skip"" Frierson",649
Bedford,Court of Appeals - Eastern Division,NA,,Retain - John W. McClarty,2166
Bedford,Court of Appeals - Eastern Division,NA,,Retain - Kristi Davis,2239
Bedford,Court of Appeals - Eastern Division,NA,,Retain - Mike Swiney,2209
Bedford,Court of Appeals - Eastern Division,NA,,"Retain - Thomas R. ""Skip"" Frierson",2192
Bedford,Court of Appeals - Middle Division,NA,,Replace - Andy D. Bennett,657
Bedford,Court of Appeals - Middle Division,NA,,Replace - Frank Clement,699
Bedford,Court of Appeals - Middle Division,NA,,Replace - Neal McBrayer,640
Bedford,Court of Appeals - Middle Division,NA,,Retain - Andy D. Bennett,2189
Bedford,Court of Appeals - Middle Division,NA,,Retain - Frank Clement,2190
Bedford,Court of Appeals - Middle Division,NA,,Retain - Neal McBrayer,2200
Bedford,Court of Appeals - Western Division,NA,,Replace - Arnold B. Goldin,664
Bedford,Court of Appeals - Western Division,NA,,Replace - Carma Dennis McGee,664
Bedford,Court of Appeals - Western Division,NA,,Replace - Kenny W. Armstrong,640
Bedford,Court of Appeals - Western Division,NA,,Replace - Steve Stafford,677
Bedford,Court of Appeals - Western Division,NA,,Retain - Arnold B. Goldin,2116
Bedford,Court of Appeals - Western Division,NA,,Retain - Carma Dennis McGee,2131
Bedford,Court of Appeals - Western Division,NA,,Retain - Kenny W. Armstrong,2170
Bedford,Court of Appeals - Western Division,NA,,Retain - Steve Stafford,2119
Bedford,Court of Criminal Appeals - Eastern Division,NA,,"Replace - James C. Witt, Jr.",625
Bedford,Court of Criminal Appeals - Eastern Division,NA,,"Replace - Robert H. Montgomery, Jr.",624
Bedford,Court of Criminal Appeals - Eastern Division,NA,,"Retain - James C. Witt, Jr.",2183
Bedford,Court of Criminal Appeals - Eastern Division,NA,,"Retain - Robert H. Montgomery, Jr.",2176
Bedford,Court of Criminal Appeals - Middle Division,NA,,Replace - Jill Bartee Ayers,628
Bedford,Court of Criminal Appeals - Middle Division,NA,,"Replace - Robert L. Holloway, Jr.",641
Bedford,Court of Criminal Appeals - Middle Division,NA,,Replace - Robert W. Wedemeyer,667
Bedford,Court of Criminal Appeals - Middle Division,NA,,Replace - Timothy L. Easter,634
Bedford,Court of Criminal Appeals - Middle Division,NA,,Retain - Jill Bartee Ayers,2173
Bedford,Court of Criminal Appeals - Middle Division,NA,,"Retain - Robert L. Holloway, Jr.",2162
Bedford,Court of Criminal Appeals - Middle Division,NA,,Retain - Robert W. Wedemeyer,2105
Bedford,Court of Criminal Appeals - Middle Division,NA,,Retain - Timothy L. Easter,2179
Bedford,Court of Criminal Appeals - Western Division,NA,,Replace - Camille McMullen,679
Bedford,Court of Criminal Appeals - Western Division,NA,,Replace - J. Ross Dyer,641
Bedford,Court of Criminal Appeals - Western Division,NA,,Replace - John Everett Williams,636
Bedford,Court of Criminal Appeals - Western Division,NA,,"Replace - John W. Campbell, Sr.",640
Bedford,Court of Criminal Appeals - Western Division,NA,,Retain - Camille McMullen,2114
Bedford,Court of Criminal Appeals - Western Division,NA,,Retain - J. Ross Dyer,2139
Bedford,Court of Criminal Appeals - Western Division,NA,,Retain - John Everett Williams,2171
Bedford,Court of Criminal Appeals - Western Division,NA,,"Retain - John W. Campbell, Sr.",2131
Bedford,Supreme Court,NA,,Replace - Holly Kirby,652
Bedford,Supreme Court,NA,,Replace - Jeffrey S. Bivins,690
Bedford,Supreme Court,NA,,Replace - Roger A. Page,657
Bedford,Supreme Court,NA,,Replace - Sarah K. Campbell,660
Bedford,Supreme Court,NA,,Replace - Sharon Gail Lee,721
Bedford,Supreme Court,NA,,Retain - Holly Kirby,2284
Bedford,Supreme Court,NA,,Retain - Jeffrey S. Bivins,2324
Bedford,Supreme Court,NA,,Retain - Roger A. Page,2215
Bedford,Supreme Court,NA,,Retain - Sarah K. Campbell,2298
Bedford,Supreme Court,NA,,Retain - Sharon Gail Lee,2224
Bedford,Governor,NA,Democratic,Carnita Faye Atwater,165
Bedford,Governor,NA,Democratic,JB Smiley Jr.,125
Bedford,Governor,NA,Democratic,Jason Brantley Martin,304
Bedford,Governor,NA,Republican,Bill Lee,3185
Benton,State Executive Committeeman,24,Democratic,No Candidate Qualified,0
Benton,State Executive Committeewoman,24,Democratic,No Candidate Qualified,0
Benton,Chancellor,24,Republican,Vicki Hodge Hoover,2794
Benton,Circuit Court Judge Part I,24,Republican,Brent Bradberry,2680
Benton,Circuit Court Judge Part II,24,Republican,Bruce Irwin Griffey,2869
Benton,District Attorney General,24,Republican,Neil Thompson,3012
Benton,Public Defender,24,Republican,"Robert ""Tas"" Gardner",2655
Benton,State Executive Committeeman,24,Republican,Jim Poe,820
Benton,State Executive Committeeman,24,Republican,Ryan Ellegood,799
Benton,State Executive Committeewoman,24,Republican,Tess Robbins,1573
Benton,U.S. House,7,Democratic,Odessa Kelly,212
Benton,U.S. House,7,Republican,Mark E Green,1297
Benton,State House,74,Democratic,No Candidate Qualified,0
Benton,State House,74,Republican,Jay D. Reedy,1708
Benton,U.S. House,8,Democratic,Lynnette P. Williams,80
Benton,U.S. House,8,Democratic,Tim McDonald,84
Benton,U.S. House,8,Republican,Bob Hendry,138
Benton,U.S. House,8,Republican,Danny Ray Bridger Jr,137
Benton,U.S. House,8,Republican,David Kustoff,339
Benton,U.S. House,8,Republican,Gary Dean Clouse,52
Benton,Court of Appeals - Eastern Division,NA,,Replace - John W. McClarty,567
Benton,Court of Appeals - Eastern Division,NA,,Replace - Kristi Davis,531
Benton,Court of Appeals - Eastern Division,NA,,Replace - Mike Swiney,562
Benton,Court of Appeals - Eastern Division,NA,,"Replace - Thomas R. ""Skip"" Frierson",588
Benton,Court of Appeals - Eastern Division,NA,,Retain - John W. McClarty,1454
Benton,Court of Appeals - Eastern Division,NA,,Retain - Kristi Davis,1561
Benton,Court of Appeals - Eastern Division,NA,,Retain - Mike Swiney,1417
Benton,Court of Appeals - Eastern Division,NA,,"Retain - Thomas R. ""Skip"" Frierson",1443
Benton,Court of Appeals - Middle Division,NA,,Replace - Andy D. Bennett,555
Benton,Court of Appeals - Middle Division,NA,,Replace - Frank Clement,572
Benton,Court of Appeals - Middle Division,NA,,Replace - Neal McBrayer,545
Benton,Court of Appeals - Middle Division,NA,,Retain - Andy D. Bennett,1405
Benton,Court of Appeals - Middle Division,NA,,Retain - Frank Clement,1508
Benton,Court of Appeals - Middle Division,NA,,Retain - Neal McBrayer,1391
Benton,Court of Appeals - Western Division,NA,,Replace - Arnold B. Goldin,557
Benton,Court of Appeals - Western Division,NA,,Replace - Carma Dennis McGee,539
Benton,Court of Appeals - Western Division,NA,,Replace - Kenny W. Armstrong,516
Benton,Court of Appeals - Western Division,NA,,Replace - Steve Stafford,545
Benton,Court of Appeals - Western Division,NA,,Retain - Arnold B. Goldin,1363
Benton,Court of Appeals - Western Division,NA,,Retain - Carma Dennis McGee,1490
Benton,Court of Appeals - Western Division,NA,,Retain - Kenny W. Armstrong,1426
Benton,Court of Appeals - Western Division,NA,,Retain - Steve Stafford,1385
Benton,Court of Criminal Appeals - Eastern Division,NA,,"Replace - James C. Witt, Jr.",527
Benton,Court of Criminal Appeals - Eastern Division,NA,,"Replace - Robert H. Montgomery, Jr.",511
Benton,Court of Criminal Appeals - Eastern Division,NA,,"Retain - James C. Witt, Jr.",1382
Benton,Court of Criminal Appeals - Eastern Division,NA,,"Retain - Robert H. Montgomery, Jr.",1406
Benton,Court of Criminal Appeals - Middle Division,NA,,Replace - Jill Bartee Ayers,524
Benton,Court of Criminal Appeals - Middle Division,NA,,"Replace - Robert L. Holloway, Jr.",537
Benton,Court of Criminal Appeals - Middle Division,NA,,Replace - Robert W. Wedemeyer,572
Benton,Court of Criminal Appeals - Middle Division,NA,,Replace - Timothy L. Easter,532
Benton,Court of Criminal Appeals - Middle Division,NA,,Retain - Jill Bartee Ayers,1410
Benton,Court of Criminal Appeals - Middle Division,NA,,"Retain - Robert L. Holloway, Jr.",1381
Benton,Court of Criminal Appeals - Middle Division,NA,,Retain - Robert W. Wedemeyer,1322
Benton,Court of Criminal Appeals - Middle Division,NA,,Retain - Timothy L. Easter,1365
Benton,Court of Criminal Appeals - Western Division,NA,,Replace - Camille McMullen,552
Benton,Court of Criminal Appeals - Western Division,NA,,Replace - J. Ross Dyer,525
Benton,Court of Criminal Appeals - Western Division,NA,,Replace - John Everett Williams,505
Benton,Court of Criminal Appeals - Western Division,NA,,"Replace - John W. Campbell, Sr.",515
Benton,Court of Criminal Appeals - Western Division,NA,,Retain - Camille McMullen,1400
Benton,Court of Criminal Appeals - Western Division,NA,,Retain - J. Ross Dyer,1390
Benton,Court of Criminal Appeals - Western Division,NA,,Retain - John Everett Williams,1823
Benton,Court of Criminal Appeals - Western Division,NA,,"Retain - John W. Campbell, Sr.",1391
Benton,Supreme Court,NA,,Replace - Holly Kirby,577
Benton,Supreme Court,NA,,Replace - Jeffrey S. Bivins,631
Benton,Supreme Court,NA,,Replace - Roger A. Page,589
Benton,Supreme Court,NA,,Replace - Sarah K. Campbell,603
Benton,Supreme Court,NA,,Replace - Sharon Gail Lee,612
Benton,Supreme Court,NA,,Retain - Holly Kirby,1610
Benton,Supreme Court,NA,,Retain - Jeffrey S. Bivins,1697
Benton,Supreme Court,NA,,Retain - Roger A. Page,1494
Benton,Supreme Court,NA,,Retain - Sarah K. Campbell,1677
Benton,Supreme Court,NA,,Retain - Sharon Gail Lee,1529
Benton,Governor,NA,Democratic,Carnita Faye Atwater,117
Benton,Governor,NA,Democratic,JB Smiley Jr.,84
Benton,Governor,NA,Democratic,Jason Brantley Martin,247
Benton,Governor,NA,Republican,Bill Lee,2117
Bledsoe,State Executive Committeeman,10,Democratic,Chris Anderson,183
Bledsoe,State Executive Committeewoman,10,Democratic,Raquetta D. Dotley,180
Bledsoe,State Executive Committeeman,10,Republican,Kenneth J (Ken) Meyer,1040
Bledsoe,State Executive Committeewoman,10,Republican,Emily Goldberg,409
Bledsoe,State Executive Committeewoman,10,Republican,Suzanne Schoolfield Sapp,897
Bledsoe,District Attorney General,12,Independent,Mike Taylor,560
Bledsoe,Public Defender,12,Independent,Jeff Harmon,779
Bledsoe,Chancellor,12,Republican,Missy Thomas Willis,1320
Bledsoe,Circuit Court Judge Part I,12,Republican,Bradley Sherman,1308
Bledsoe,Circuit Court Judge Part II,12,Republican,"John ""Cam"" Cameron",1374
Bledsoe,Circuit Court Judge Part III,12,Republican,Justin C. Angel,1563
Bledsoe,District Attorney General,12,Republican,Courtney Lynch,1274
Bledsoe,Public Defender,12,Republican,Ted Engel,995
Bledsoe,State House,31,Democratic,David L Brown,184
Bledsoe,State House,31,Republican,Ron Travis,1267
Bledsoe,U.S. House,4,Democratic,Arnold J. White,61
Bledsoe,U.S. House,4,Democratic,Wayne Steele,136
Bledsoe,U.S. House,4,Republican,Scott DesJarlais,1231
Bledsoe,Court of Appeals - Eastern Division,NA,,Replace - John W. McClarty,301
Bledsoe,Court of Appeals - Eastern Division,NA,,Replace - Kristi Davis,230
Bledsoe,Court of Appeals - Eastern Division,NA,,Replace - Mike Swiney,235
Bledsoe,Court of Appeals - Eastern Division,NA,,"Replace - Thomas R. ""Skip"" Frierson",235
Bledsoe,Court of Appeals - Eastern Division,NA,,Retain - John W. McClarty,816
Bledsoe,Court of Appeals - Eastern Division,NA,,Retain - Kristi Davis,863
Bledsoe,Court of Appeals - Eastern Division,NA,,Retain - Mike Swiney,820
Bledsoe,Court of Appeals - Eastern Division,NA,,"Retain - Thomas R. ""Skip"" Frierson",862
Bledsoe,Court of Appeals - Middle Division,NA,,Replace - Andy D. Bennett,285
Bledsoe,Court of Appeals - Middle Division,NA,,Replace - Frank Clement,300
Bledsoe,Court of Appeals - Middle Division,NA,,Replace - Neal McBrayer,293
Bledsoe,Court of Appeals - Middle Division,NA,,Retain - Andy D. Bennett,770
Bledsoe,Court of Appeals - Middle Division,NA,,Retain - Frank Clement,798
Bledsoe,Court of Appeals - Middle Division,NA,,Retain - Neal McBrayer,760
Bledsoe,Court of Appeals - Western Division,NA,,Replace - Arnold B. Goldin,239
Bledsoe,Court of Appeals - Western Division,NA,,Replace - Carma Dennis McGee,237
Bledsoe,Court of Appeals - Western Division,NA,,Replace - Kenny W. Armstrong,230
Bledsoe,Court of Appeals - Western Division,NA,,Replace - Steve Stafford,304
Bledsoe,Court of Appeals - Western Division,NA,,Retain - Arnold B. Goldin,805
Bledsoe,Court of Appeals - Western Division,NA,,Retain - Carma Dennis McGee,804
Bledsoe,Court of Appeals - Western Division,NA,,Retain - Kenny W. Armstrong,829
Bledsoe,Court of Appeals - Western Division,NA,,Retain - Steve Stafford,767
Bledsoe,Court of Criminal Appeals - Eastern Division,NA,,"Replace - James C. Witt, Jr.",214
Bledsoe,Court of Criminal Appeals - Eastern Division,NA,,"Replace - Robert H. Montgomery, Jr.",235
Bledsoe,Court of Criminal Appeals - Eastern Division,NA,,"Retain - James C. Witt, Jr.",800
Bledsoe,Court of Criminal Appeals - Eastern Division,NA,,"Retain - Robert H. Montgomery, Jr.",835
Bledsoe,Court of Criminal Appeals - Middle Division,NA,,Replace - Jill Bartee Ayers,221
Bledsoe,Court of Criminal Appeals - Middle Division,NA,,"Replace - Robert L. Holloway, Jr.",214
Bledsoe,Court of Criminal Appeals - Middle Division,NA,,Replace - Robert W. Wedemeyer,227
Bledsoe,Court of Criminal Appeals - Middle Division,NA,,Replace - Timothy L. Easter,220
Bledsoe,Court of Criminal Appeals - Middle Division,NA,,Retain - Jill Bartee Ayers,801
Bledsoe,Court of Criminal Appeals - Middle Division,NA,,"Retain - Robert L. Holloway, Jr.",820
Bledsoe,Court of Criminal Appeals - Middle Division,NA,,Retain - Robert W. Wedemeyer,793
Bledsoe,Court of Criminal Appeals - Middle Division,NA,,Retain - Timothy L. Easter,801
Bledsoe,Court of Criminal Appeals - Western Division,NA,,Replace - Camille McMullen,290
Bledsoe,Court of Criminal Appeals - Western Division,NA,,Replace - J. Ross Dyer,215
Bledsoe,Court of Criminal Appeals - Western Division,NA,,Replace - John Everett Williams,220
Bledsoe,Court of Criminal Appeals - Western Division,NA,,"Replace - John W. Campbell, Sr.",214
Bledsoe,Court of Criminal Appeals - Western Division,NA,,Retain - Camille McMullen,734
Bledsoe,Court of Criminal Appeals - Western Division,NA,,Retain - J. Ross Dyer,805
Bledsoe,Court of Criminal Appeals - Western Division,NA,,Retain - John Everett Williams,831
Bledsoe,Court of Criminal Appeals - Western Division,NA,,"Retain - John W. Campbell, Sr.",817
Bledsoe,Supreme Court,NA,,Replace - Holly Kirby,236
Bledsoe,Supreme Court,NA,,Replace - Jeffrey S. Bivins,247
Bledsoe,Supreme Court,NA,,Replace - Roger A. Page,233
Bledsoe,Supreme Court,NA,,Replace - Sarah K. Campbell,240
Bledsoe,Supreme Court,NA,,Replace - Sharon Gail Lee,234
Bledsoe,Supreme Court,NA,,Retain - Holly Kirby,878
Bledsoe,Supreme Court,NA,,Retain - Jeffrey S. Bivins,905
Bledsoe,Supreme Court,NA,,Retain - Roger A. Page,857
Bledsoe,Supreme Court,NA,,Retain - Sarah K. Campbell,874
Bledsoe,Supreme Court,NA,,Retain - Sharon Gail Lee,875
Bledsoe,Governor,NA,Democratic,Carnita Faye Atwater,44
Bledsoe,Governor,NA,Democratic,JB Smiley Jr.,49
Bledsoe,Governor,NA,Democratic,Jason Brantley Martin,116
Bledsoe,Governor,NA,Republican,Bill Lee,1302
Blount,State Executive Committeeman,2,Democratic,J. Nathan Higdon,2707
Blount,State Executive Committeewoman,2,Democratic,Pam Weston,2707
Blount,U.S. House,2,Democratic,Mark Harmon,2815
Blount,State Executive Committeeman,2,Republican,Write-In - Mark Pulliam,300
Blount,State Executive Committeewoman,2,Republican,Cindy Hatcher,4844
Blount,State Executive Committeewoman,2,Republican,Julia Atchley-Pace,3559
Blount,U.S. House,2,Republican,Tim Burchett,9974
Blount,State House,20,Democratic,No Candidate Qualified,0
Blount,State House,20,Republican,Bob Ramsey,2062
Blount,State House,20,Republican,Bryan Richey,3803
Blount,Chancellor,4/5,Republican,Jim Ripley,10294
Blount,Circuit Court Judge Division I,5,Republican,Tammy Harrington,11024
Blount,Circuit Court Judge Division II,5,Republican,David R. Duggan,11094
Blount,District Attorney General,5,Republican,Ryan Desmond,10297
Blount,Public Defender,5,Republican,Mack Garner,10610
Blount,State House,8,Democratic,Dylan D. Kelley,1191
Blount,State House,8,Republican,Jerome Moon,4331
Blount,Court of Appeals - Eastern Division,NA,,Replace - John W. McClarty,2468
Blount,Court of Appeals - Eastern Division,NA,,Replace - Kristi Davis,2077
Blount,Court of Appeals - Eastern Division,NA,,Replace - Mike Swiney,2200
Blount,Court of Appeals - Eastern Division,NA,,"Replace - Thomas R. ""Skip"" Frierson",2275
Blount,Court of Appeals - Eastern Division,NA,,Retain - John W. McClarty,7298
Blount,Court of Appeals - Eastern Division,NA,,Retain - Kristi Davis,7941
Blount,Court of Appeals - Eastern Division,NA,,Retain - Mike Swiney,7561
Blount,Court of Appeals - Eastern Division,NA,,"Retain - Thomas R. ""Skip"" Frierson",7571
Blount,Court of Appeals - Middle Division,NA,,Replace - Andy D. Bennett,2413
Blount,Court of Appeals - Middle Division,NA,,Replace - Frank Clement,2547
Blount,Court of Appeals - Middle Division,NA,,Replace - Neal McBrayer,2133
Blount,Court of Appeals - Middle Division,NA,,Retain - Andy D. Bennett,7266
Blount,Court of Appeals - Middle Division,NA,,Retain - Frank Clement,7220
Blount,Court of Appeals - Middle Division,NA,,Retain - Neal McBrayer,7491
Blount,Court of Appeals - Western Division,NA,,Replace - Arnold B. Goldin,2190
Blount,Court of Appeals - Western Division,NA,,Replace - Carma Dennis McGee,2166
Blount,Court of Appeals - Western Division,NA,,Replace - Kenny W. Armstrong,2164
Blount,Court of Appeals - Western Division,NA,,Replace - Steve Stafford,2426
Blount,Court of Appeals - Western Division,NA,,Retain - Arnold B. Goldin,7174
Blount,Court of Appeals - Western Division,NA,,Retain - Carma Dennis McGee,7211
Blount,Court of Appeals - Western Division,NA,,Retain - Kenny W. Armstrong,7307
Blount,Court of Appeals - Western Division,NA,,Retain - Steve Stafford,6920
Blount,Court of Criminal Appeals - Eastern Division,NA,,"Replace - James C. Witt, Jr.",2097
Blount,Court of Criminal Appeals - Eastern Division,NA,,"Replace - Robert H. Montgomery, Jr.",2080
Blount,Court of Criminal Appeals - Eastern Division,NA,,"Retain - James C. Witt, Jr.",7403
Blount,Court of Criminal Appeals - Eastern Division,NA,,"Retain - Robert H. Montgomery, Jr.",7395
Blount,Court of Criminal Appeals - Middle Division,NA,,Replace - Jill Bartee Ayers,2073
Blount,Court of Criminal Appeals - Middle Division,NA,,"Replace - Robert L. Holloway, Jr.",2259
Blount,Court of Criminal Appeals - Middle Division,NA,,Replace - Robert W. Wedemeyer,2205
Blount,Court of Criminal Appeals - Middle Division,NA,,Replace - Timothy L. Easter,2108
Blount,Court of Criminal Appeals - Middle Division,NA,,Retain - Jill Bartee Ayers,7283
Blount,Court of Criminal Appeals - Middle Division,NA,,"Retain - Robert L. Holloway, Jr.",6995
Blount,Court of Criminal Appeals - Middle Division,NA,,Retain - Robert W. Wedemeyer,6972
Blount,Court of Criminal Appeals - Middle Division,NA,,Retain - Timothy L. Easter,7165
Blount,Court of Criminal Appeals - Western Division,NA,,Replace - Camille McMullen,2350
Blount,Court of Criminal Appeals - Western Division,NA,,Replace - J. Ross Dyer,2113
Blount,Court of Criminal Appeals - Western Division,NA,,Replace - John Everett Williams,2113
Blount,Court of Criminal Appeals - Western Division,NA,,"Replace - John W. Campbell, Sr.",2106
Blount,Court of Criminal Appeals - Western Division,NA,,Retain - Camille McMullen,6918
Blount,Court of Criminal Appeals - Western Division,NA,,Retain - J. Ross Dyer,7045
Blount,Court of Criminal Appeals - Western Division,NA,,Retain - John Everett Williams,7064
Blount,Court of Criminal Appeals - Western Division,NA,,"Retain - John W. Campbell, Sr.",7108
Blount,Supreme Court,NA,,Replace - Holly Kirby,2236
Blount,Supreme Court,NA,,Replace - Jeffrey S. Bivins,2443
Blount,Supreme Court,NA,,Replace - Roger A. Page,2328
Blount,Supreme Court,NA,,Replace - Sarah K. Campbell,2319
Blount,Supreme Court,NA,,Replace - Sharon Gail Lee,2553
Blount,Supreme Court,NA,,Retain - Holly Kirby,7948
Blount,Supreme Court,NA,,Retain - Jeffrey S. Bivins,8041
Blount,Supreme Court,NA,,Retain - Roger A. Page,7607
Blount,Supreme Court,NA,,Retain - Sarah K. Campbell,8010
Blount,Supreme Court,NA,,Retain - Sharon Gail Lee,7676
Blount,Governor,NA,Democratic,Carnita Faye Atwater,737
Blount,Governor,NA,Democratic,JB Smiley Jr.,683
Blount,Governor,NA,Democratic,Jason Brantley Martin,1527
Blount,Governor,NA,Republican,Bill Lee,9583
Bradley,State Executive Committeeman,1,Democratic,Jack Waggett,701
Bradley,State Executive Committeewoman,1,Democratic,Patricia Waters,731
Bradley,State Senate,1,Democratic,Patricia Waters,725
Bradley,State Executive Committeeman,1,Republican,John S. Stanbery,5804
Bradley,State Executive Committeeman,1,Republican,Mitchell Jones,2021
Bradley,State Executive Committeewoman,1,Republican,Emily G. Beaty,4641
Bradley,State Executive Committeewoman,1,Republican,Sharon B. Anderson,2884
Bradley,State Senate,1,Republican,J. Adam Lowe,4484
Bradley,State Senate,1,Republican,Mark Hall,4016
Bradley,Chancellor,10,Republican,Jerri Saunders Bryant,8135
Bradley,Circuit Court Judge Part I,10,Republican,Michael E. Jenne,8341
Bradley,Circuit Court Judge Part II,10,Republican,J. Michael Sharp,8548
Bradley,Circuit Court Judge Part III,10,Republican,Andrew Mark Freiberg,8232
Bradley,Criminal Court Judge,10,Republican,Sandra N. C. Donaghy,8377
Bradley,District Attorney General,10,Republican,Steve Crump,7954
Bradley,Public Defender,10,Republican,"Donald Leon Shahan, Jr.",7873
Bradley,State Executive Committeeman,2,Democratic,J. Nathan Higdon,20
Bradley,State Executive Committeewoman,2,Democratic,Pam Weston,20
Bradley,State Executive Committeeman,2,Republican,No Candidate Qualified,0
Bradley,State Executive Committeewoman,2,Republican,Cindy Hatcher,142
Bradley,State Executive Committeewoman,2,Republican,Julia Atchley-Pace,72
Bradley,State House,22,Democratic,No Candidate Qualified,0
Bradley,State House,22,Republican,Dan Howell,2940
Bradley,State House,24,Democratic,Write-In - Daniel F. Jones,3
Bradley,State House,24,Republican,Israel David Farless,783
Bradley,State House,24,Republican,Kevin D. Raper,2170
Bradley,State House,24,Republican,Rex Wagner,730
Bradley,State House,24,Republican,Troy Weathers,1924
Bradley,U.S. House,3,Democratic,Meg Gorman,742
Bradley,U.S. House,3,Republican,Chuck Fleischmann,6510
Bradley,U.S. House,3,Republican,Sandy Casey,1937
Bradley,Court of Appeals - Eastern Division,NA,,Replace - John W. McClarty,1526
Bradley,Court of Appeals - Eastern Division,NA,,Replace - Kristi Davis,1394
Bradley,Court of Appeals - Eastern Division,NA,,Replace - Mike Swiney,1438
Bradley,Court of Appeals - Eastern Division,NA,,"Replace - Thomas R. ""Skip"" Frierson",1447
Bradley,Court of Appeals - Eastern Division,NA,,Retain - John W. McClarty,6304
Bradley,Court of Appeals - Eastern Division,NA,,Retain - Kristi Davis,6436
Bradley,Court of Appeals - Eastern Division,NA,,Retain - Mike Swiney,6337
Bradley,Court of Appeals - Eastern Division,NA,,"Retain - Thomas R. ""Skip"" Frierson",6325
Bradley,Court of Appeals - Middle Division,NA,,Replace - Andy D. Bennett,1411
Bradley,Court of Appeals - Middle Division,NA,,Replace - Frank Clement,1524
Bradley,Court of Appeals - Middle Division,NA,,Replace - Neal McBrayer,1415
Bradley,Court of Appeals - Middle Division,NA,,Retain - Andy D. Bennett,6407
Bradley,Court of Appeals - Middle Division,NA,,Retain - Frank Clement,6264
Bradley,Court of Appeals - Middle Division,NA,,Retain - Neal McBrayer,6312
Bradley,Court of Appeals - Western Division,NA,,Replace - Arnold B. Goldin,1429
Bradley,Court of Appeals - Western Division,NA,,Replace - Carma Dennis McGee,1439
Bradley,Court of Appeals - Western Division,NA,,Replace - Kenny W. Armstrong,1398
Bradley,Court of Appeals - Western Division,NA,,Replace - Steve Stafford,1454
Bradley,Court of Appeals - Western Division,NA,,Retain - Arnold B. Goldin,6217
Bradley,Court of Appeals - Western Division,NA,,Retain - Carma Dennis McGee,6216
Bradley,Court of Appeals - Western Division,NA,,Retain - Kenny W. Armstrong,6285
Bradley,Court of Appeals - Western Division,NA,,Retain - Steve Stafford,6264
Bradley,Court of Criminal Appeals - Eastern Division,NA,,"Replace - James C. Witt, Jr.",1372
Bradley,Court of Criminal Appeals - Eastern Division,NA,,"Replace - Robert H. Montgomery, Jr.",1368
Bradley,Court of Criminal Appeals - Eastern Division,NA,,"Retain - James C. Witt, Jr.",6354
Bradley,Court of Criminal Appeals - Eastern Division,NA,,"Retain - Robert H. Montgomery, Jr.",6311
Bradley,Court of Criminal Appeals - Middle Division,NA,,Replace - Jill Bartee Ayers,1391
Bradley,Court of Criminal Appeals - Middle Division,NA,,"Replace - Robert L. Holloway, Jr.",1397
Bradley,Court of Criminal Appeals - Middle Division,NA,,Replace - Robert W. Wedemeyer,1451
Bradley,Court of Criminal Appeals - Middle Division,NA,,Replace - Timothy L. Easter,1404
Bradley,Court of Criminal Appeals - Middle Division,NA,,Retain - Jill Bartee Ayers,6258
Bradley,Court of Criminal Appeals - Middle Division,NA,,"Retain - Robert L. Holloway, Jr.",6255
Bradley,Court of Criminal Appeals - Middle Division,NA,,Retain - Robert W. Wedemeyer,6154
Bradley,Court of Criminal Appeals - Middle Division,NA,,Retain - Timothy L. Easter,6230
Bradley,Court of Criminal Appeals - Western Division,NA,,Replace - Camille McMullen,1481
Bradley,Court of Criminal Appeals - Western Division,NA,,Replace - J. Ross Dyer,1404
Bradley,Court of Criminal Appeals - Western Division,NA,,Replace - John Everett Williams,1394
Bradley,Court of Criminal Appeals - Western Division,NA,,"Replace - John W. Campbell, Sr.",1392
Bradley,Court of Criminal Appeals - Western Division,NA,,Retain - Camille McMullen,6180
Bradley,Court of Criminal Appeals - Western Division,NA,,Retain - J. Ross Dyer,6215
Bradley,Court of Criminal Appeals - Western Division,NA,,Retain - John Everett Williams,6271
Bradley,Court of Criminal Appeals - Western Division,NA,,"Retain - John W. Campbell, Sr.",6233
Bradley,Supreme Court,NA,,Replace - Holly Kirby,1430
Bradley,Supreme Court,NA,,Replace - Jeffrey S. Bivins,1549
Bradley,Supreme Court,NA,,Replace - Roger A. Page,1459
Bradley,Supreme Court,NA,,Replace - Sarah K. Campbell,1467
Bradley,Supreme Court,NA,,Replace - Sharon Gail Lee,1541
Bradley,Supreme Court,NA,,Retain - Holly Kirby,6465
Bradley,Supreme Court,NA,,Retain - Jeffrey S. Bivins,6459
Bradley,Supreme Court,NA,,Retain - Roger A. Page,6366
Bradley,Supreme Court,NA,,Retain - Sarah K. Campbell,6492
Bradley,Supreme Court,NA,,Retain - Sharon Gail Lee,6375
Bradley,Governor,NA,Democratic,Carnita Faye Atwater,212
Bradley,Governor,NA,Democratic,JB Smiley Jr.,219
Bradley,Governor,NA,Democratic,Jason Brantley Martin,381
Bradley,Governor,NA,Republican,Bill Lee,8025
Campbell,State Executive Committeeman,12,Democratic,No Candidate Qualified,0
Campbell,State Executive Committeewoman,12,Democratic,No Candidate Qualified,0
Campbell,State Executive Committeeman,12,Republican,Ben Gann,3852
Campbell,State Executive Committeewoman,12,Republican,"Elizabeth ""Liz"" Holiway",3821
Campbell,U.S. House,2,Democratic,Mark Harmon,451
Campbell,U.S. House,2,Republican,Tim Burchett,2839
Campbell,U.S. House,3,Democratic,Meg Gorman,371
Campbell,U.S. House,3,Republican,Chuck Fleischmann,1956
Campbell,U.S. House,3,Republican,Sandy Casey,405
Campbell,State House,36,Democratic,No Candidate Qualified,0
Campbell,State House,36,Republican,Dennis Powers,5151
Campbell,Chancellor,8,Independent,Elizabeth C. Asbury,6884
Campbell,Circuit Court Judge,8,Independent,John D. McAfee,5983
Campbell,Criminal Court Judge,8,Independent,Graham E. Wilson,2498
Campbell,Criminal Court Judge,8,Independent,Thomas J. Tabor Jr.,579
Campbell,Criminal Court Judge,8,Independent,Zack Walden,4822
Campbell,District Attorney General,8,Independent,Jared Effler,6336
Campbell,Public Defender,8,Independent,Leif Jeffers,6022
Campbell,Court of Appeals - Eastern Division,NA,,Replace - John W. McClarty,1321
Campbell,Court of Appeals - Eastern Division,NA,,Replace - Kristi Davis,1308
Campbell,Court of Appeals - Eastern Division,NA,,Replace - Mike Swiney,1316
Campbell,Court of Appeals - Eastern Division,NA,,"Replace - Thomas R. ""Skip"" Frierson",1355
Campbell,Court of Appeals - Eastern Division,NA,,Retain - John W. McClarty,3225
Campbell,Court of Appeals - Eastern Division,NA,,Retain - Kristi Davis,3488
Campbell,Court of Appeals - Eastern Division,NA,,Retain - Mike Swiney,3192
Campbell,Court of Appeals - Eastern Division,NA,,"Retain - Thomas R. ""Skip"" Frierson",3243
Campbell,Court of Appeals - Middle Division,NA,,Replace - Andy D. Bennett,1285
Campbell,Court of Appeals - Middle Division,NA,,Replace - Frank Clement,1300
Campbell,Court of Appeals - Middle Division,NA,,Replace - Neal McBrayer,1255
Campbell,Court of Appeals - Middle Division,NA,,Retain - Andy D. Bennett,3144
Campbell,Court of Appeals - Middle Division,NA,,Retain - Frank Clement,3199
Campbell,Court of Appeals - Middle Division,NA,,Retain - Neal McBrayer,3055
Campbell,Court of Appeals - Western Division,NA,,Replace - Arnold B. Goldin,1245
Campbell,Court of Appeals - Western Division,NA,,Replace - Carma Dennis McGee,1250
Campbell,Court of Appeals - Western Division,NA,,Replace - Kenny W. Armstrong,1208
Campbell,Court of Appeals - Western Division,NA,,Replace - Steve Stafford,1261
Campbell,Court of Appeals - Western Division,NA,,Retain - Arnold B. Goldin,3000
Campbell,Court of Appeals - Western Division,NA,,Retain - Carma Dennis McGee,3032
Campbell,Court of Appeals - Western Division,NA,,Retain - Kenny W. Armstrong,3084
Campbell,Court of Appeals - Western Division,NA,,Retain - Steve Stafford,2949
Campbell,Court of Criminal Appeals - Eastern Division,NA,,"Replace - James C. Witt, Jr.",1211
Campbell,Court of Criminal Appeals - Eastern Division,NA,,"Replace - Robert H. Montgomery, Jr.",1175
Campbell,Court of Criminal Appeals - Eastern Division,NA,,"Retain - James C. Witt, Jr.",3025
Campbell,Court of Criminal Appeals - Eastern Division,NA,,"Retain - Robert H. Montgomery, Jr.",3084
Campbell,Court of Criminal Appeals - Middle Division,NA,,Replace - Jill Bartee Ayers,1200
Campbell,Court of Criminal Appeals - Middle Division,NA,,"Replace - Robert L. Holloway, Jr.",1160
Campbell,Court of Criminal Appeals - Middle Division,NA,,Replace - Robert W. Wedemeyer,1212
Campbell,Court of Criminal Appeals - Middle Division,NA,,Replace - Timothy L. Easter,1179
Campbell,Court of Criminal Appeals - Middle Division,NA,,Retain - Jill Bartee Ayers,3003
Campbell,Court of Criminal Appeals - Middle Division,NA,,"Retain - Robert L. Holloway, Jr.",3007
Campbell,Court of Criminal Appeals - Middle Division,NA,,Retain - Robert W. Wedemeyer,2892
Campbell,Court of Criminal Appeals - Middle Division,NA,,Retain - Timothy L. Easter,2957
Campbell,Court of Criminal Appeals - Western Division,NA,,Replace - Camille McMullen,1228
Campbell,Court of Criminal Appeals - Western Division,NA,,Replace - J. Ross Dyer,1170
Campbell,Court of Criminal Appeals - Western Division,NA,,Replace - John Everett Williams,1154
Campbell,Court of Criminal Appeals - Western Division,NA,,"Replace - John W. Campbell, Sr.",1141
Campbell,Court of Criminal Appeals - Western Division,NA,,Retain - Camille McMullen,2835
Campbell,Court of Criminal Appeals - Western Division,NA,,Retain - J. Ross Dyer,2892
Campbell,Court of Criminal Appeals - Western Division,NA,,Retain - John Everett Williams,2907
Campbell,Court of Criminal Appeals - Western Division,NA,,"Retain - John W. Campbell, Sr.",2963
Campbell,Supreme Court,NA,,Replace - Holly Kirby,1388
Campbell,Supreme Court,NA,,Replace - Jeffrey S. Bivins,1502
Campbell,Supreme Court,NA,,Replace - Roger A. Page,1356
Campbell,Supreme Court,NA,,Replace - Sarah K. Campbell,1385
Campbell,Supreme Court,NA,,Replace - Sharon Gail Lee,1410
Campbell,Supreme Court,NA,,Retain - Holly Kirby,3486
Campbell,Supreme Court,NA,,Retain - Jeffrey S. Bivins,3657
Campbell,Supreme Court,NA,,Retain - Roger A. Page,3392
Campbell,Supreme Court,NA,,Retain - Sarah K. Campbell,3629
Campbell,Supreme Court,NA,,Retain - Sharon Gail Lee,3425
Campbell,Governor,NA,Democratic,Carnita Faye Atwater,262
Campbell,Governor,NA,Democratic,JB Smiley Jr.,198
Campbell,Governor,NA,Democratic,Jason Brantley Martin,429
Campbell,Governor,NA,Republican,Bill Lee,5280
Cannon,State Executive Committeeman,14,Democratic,No Candidate Qualified,0
Cannon,State Executive Committeewoman,14,Democratic,Jane Tucker,240
Cannon,State Executive Committeeman,14,Republican,Richard T Floyd,1424
Cannon,State Executive Committeewoman,14,Republican,Lynne Davis,1459
Cannon,Circuit Court Judge Division I,16,Independent,Mark Rogers,1685
Cannon,Circuit Court Judge Division I,16,Independent,Mike Jones,964
Cannon,Chancellor,16,Republican,Howard Wilson,1790
Cannon,Circuit Court Judge Division II,16,Republican,Jimmy Turner,1835
Cannon,Circuit Court Judge Division III,16,Republican,Barry R. Tidwell,1861
Cannon,Circuit Court Judge Division IV,16,Republican,Jo Atwood,1904
Cannon,Circuit Court Judge Division V,16,Republican,Darrell L. Scarlett,1824
Cannon,District Attorney General,16,Republican,Jennings H. Jones,1899
Cannon,Public Defender,16,Republican,Gerald Lynn Melton,2314
Cannon,State House,40,Democratic,Tom Cook,249
Cannon,State House,40,Republican,Michael Hale,1422
Cannon,State House,40,Republican,Terri Lynn Weaver,830
Cannon,U.S. House,6,Democratic,Clay Faircloth,59
Cannon,U.S. House,6,Democratic,Randal Cooper,215
Cannon,U.S. House,6,Republican,John Rose,1773
Cannon,Court of Appeals - Eastern Division,NA,,Replace - John W. McClarty,503
Cannon,Court of Appeals - Eastern Division,NA,,Replace - Kristi Davis,504
Cannon,Court of Appeals - Eastern Division,NA,,Replace - Mike Swiney,491
Cannon,Court of Appeals - Eastern Division,NA,,"Replace - Thomas R. ""Skip"" Frierson",502
Cannon,Court of Appeals - Eastern Division,NA,,Retain - John W. McClarty,1246
Cannon,Court of Appeals - Eastern Division,NA,,Retain - Kristi Davis,1248
Cannon,Court of Appeals - Eastern Division,NA,,Retain - Mike Swiney,1223
Cannon,Court of Appeals - Eastern Division,NA,,"Retain - Thomas R. ""Skip"" Frierson",1243
Cannon,Court of Appeals - Middle Division,NA,,Replace - Andy D. Bennett,498
Cannon,Court of Appeals - Middle Division,NA,,Replace - Frank Clement,508
Cannon,Court of Appeals - Middle Division,NA,,Replace - Neal McBrayer,492
Cannon,Court of Appeals - Middle Division,NA,,Retain - Andy D. Bennett,1216
Cannon,Court of Appeals - Middle Division,NA,,Retain - Frank Clement,1253
Cannon,Court of Appeals - Middle Division,NA,,Retain - Neal McBrayer,1220
Cannon,Court of Appeals - Western Division,NA,,Replace - Arnold B. Goldin,485
Cannon,Court of Appeals - Western Division,NA,,Replace - Carma Dennis McGee,479
Cannon,Court of Appeals - Western Division,NA,,Replace - Kenny W. Armstrong,475
Cannon,Court of Appeals - Western Division,NA,,Replace - Steve Stafford,484
Cannon,Court of Appeals - Western Division,NA,,Retain - Arnold B. Goldin,1186
Cannon,Court of Appeals - Western Division,NA,,Retain - Carma Dennis McGee,1197
Cannon,Court of Appeals - Western Division,NA,,Retain - Kenny W. Armstrong,1199
Cannon,Court of Appeals - Western Division,NA,,Retain - Steve Stafford,1191
Cannon,Court of Criminal Appeals - Eastern Division,NA,,"Replace - James C. Witt, Jr.",467
Cannon,Court of Criminal Appeals - Eastern Division,NA,,"Replace - Robert H. Montgomery, Jr.",477
Cannon,Court of Criminal Appeals - Eastern Division,NA,,"Retain - James C. Witt, Jr.",1193
Cannon,Court of Criminal Appeals - Eastern Division,NA,,"Retain - Robert H. Montgomery, Jr.",1190
Cannon,Court of Criminal Appeals - Middle Division,NA,,Replace - Jill Bartee Ayers,484
Cannon,Court of Criminal Appeals - Middle Division,NA,,"Replace - Robert L. Holloway, Jr.",475
Cannon,Court of Criminal Appeals - Middle Division,NA,,Replace - Robert W. Wedemeyer,488
Cannon,Court of Criminal Appeals - Middle Division,NA,,Replace - Timothy L. Easter,481
Cannon,Court of Criminal Appeals - Middle Division,NA,,Retain - Jill Bartee Ayers,1195
Cannon,Court of Criminal Appeals - Middle Division,NA,,"Retain - Robert L. Holloway, Jr.",1192
Cannon,Court of Criminal Appeals - Middle Division,NA,,Retain - Robert W. Wedemeyer,1172
Cannon,Court of Criminal Appeals - Middle Division,NA,,Retain - Timothy L. Easter,1186
Cannon,Court of Criminal Appeals - Western Division,NA,,Replace - Camille McMullen,495
Cannon,Court of Criminal Appeals - Western Division,NA,,Replace - J. Ross Dyer,482
Cannon,Court of Criminal Appeals - Western Division,NA,,Replace - John Everett Williams,484
Cannon,Court of Criminal Appeals - Western Division,NA,,"Replace - John W. Campbell, Sr.",468
Cannon,Court of Criminal Appeals - Western Division,NA,,Retain - Camille McMullen,1187
Cannon,Court of Criminal Appeals - Western Division,NA,,Retain - J. Ross Dyer,1185
Cannon,Court of Criminal Appeals - Western Division,NA,,Retain - John Everett Williams,1195
Cannon,Court of Criminal Appeals - Western Division,NA,,"Retain - John W. Campbell, Sr.",1192
Cannon,Supreme Court,NA,,Replace - Holly Kirby,525
Cannon,Supreme Court,NA,,Replace - Jeffrey S. Bivins,553
Cannon,Supreme Court,NA,,Replace - Roger A. Page,506
Cannon,Supreme Court,NA,,Replace - Sarah K. Campbell,543
Cannon,Supreme Court,NA,,Replace - Sharon Gail Lee,552
Cannon,Supreme Court,NA,,Retain - Holly Kirby,1276
Cannon,Supreme Court,NA,,Retain - Jeffrey S. Bivins,1274
Cannon,Supreme Court,NA,,Retain - Roger A. Page,1253
Cannon,Supreme Court,NA,,Retain - Sarah K. Campbell,1288
Cannon,Supreme Court,NA,,Retain - Sharon Gail Lee,1251
Cannon,Governor,NA,Democratic,Carnita Faye Atwater,89
Cannon,Governor,NA,Democratic,JB Smiley Jr.,52
Cannon,Governor,NA,Democratic,Jason Brantley Martin,152
Cannon,Governor,NA,Republican,Bill Lee,1994
Carroll,State Executive Committeeman,24,Democratic,No Candidate Qualified,0
Carroll,State Executive Committeewoman,24,Democratic,No Candidate Qualified,0
Carroll,Chancellor,24,Republican,Vicki Hodge Hoover,3378
Carroll,Circuit Court Judge Part I,24,Republican,Brent Bradberry,3497
Carroll,Circuit Court Judge Part II,24,Republican,Bruce Irwin Griffey,3251
Carroll,District Attorney General,24,Republican,Neil Thompson,3643
Carroll,Public Defender,24,Republican,"Robert ""Tas"" Gardner",3249
Carroll,State Executive Committeeman,24,Republican,Jim Poe,952
Carroll,State Executive Committeeman,24,Republican,Ryan Ellegood,1537
Carroll,State Executive Committeewoman,24,Republican,Tess Robbins,2634
Carroll,State House,76,Democratic,No Candidate Qualified,0
Carroll,State House,76,Republican,Tandy Darby,1271
Carroll,State House,79,Democratic,Thomas Jefferson,291
Carroll,State House,79,Republican,Brock Martin,1554
Carroll,State House,79,Republican,Gordon D. Wildridge,802
Carroll,U.S. House,8,Democratic,Lynnette P. Williams,327
Carroll,U.S. House,8,Democratic,Tim McDonald,275
Carroll,U.S. House,8,Republican,Bob Hendry,214
Carroll,U.S. House,8,Republican,Danny Ray Bridger Jr,184
Carroll,U.S. House,8,Republican,David Kustoff,3047
Carroll,U.S. House,8,Republican,Gary Dean Clouse,108
Carroll,Court of Appeals - Eastern Division,NA,,Replace - John W. McClarty,612
Carroll,Court of Appeals - Eastern Division,NA,,Replace - Kristi Davis,589
Carroll,Court of Appeals - Eastern Division,NA,,Replace - Mike Swiney,590
Carroll,Court of Appeals - Eastern Division,NA,,"Replace - Thomas R. ""Skip"" Frierson",621
Carroll,Court of Appeals - Eastern Division,NA,,Retain - John W. McClarty,2392
Carroll,Court of Appeals - Eastern Division,NA,,Retain - Kristi Davis,2413
Carroll,Court of Appeals - Eastern Division,NA,,Retain - Mike Swiney,2343
Carroll,Court of Appeals - Eastern Division,NA,,"Retain - Thomas R. ""Skip"" Frierson",2361
Carroll,Court of Appeals - Middle Division,NA,,Replace - Andy D. Bennett,577
Carroll,Court of Appeals - Middle Division,NA,,Replace - Frank Clement,616
Carroll,Court of Appeals - Middle Division,NA,,Replace - Neal McBrayer,601
Carroll,Court of Appeals - Middle Division,NA,,Retain - Andy D. Bennett,2362
Carroll,Court of Appeals - Middle Division,NA,,Retain - Frank Clement,2388
Carroll,Court of Appeals - Middle Division,NA,,Retain - Neal McBrayer,2315
Carroll,Court of Appeals - Western Division,NA,,Replace - Arnold B. Goldin,574
Carroll,Court of Appeals - Western Division,NA,,Replace - Carma Dennis McGee,592
Carroll,Court of Appeals - Western Division,NA,,Replace - Kenny W. Armstrong,595
Carroll,Court of Appeals - Western Division,NA,,Replace - Steve Stafford,578
Carroll,Court of Appeals - Western Division,NA,,Retain - Arnold B. Goldin,2311
Carroll,Court of Appeals - Western Division,NA,,Retain - Carma Dennis McGee,2369
Carroll,Court of Appeals - Western Division,NA,,Retain - Kenny W. Armstrong,2354
Carroll,Court of Appeals - Western Division,NA,,Retain - Steve Stafford,2351
Carroll,Court of Criminal Appeals - Eastern Division,NA,,"Replace - James C. Witt, Jr.",557
Carroll,Court of Criminal Appeals - Eastern Division,NA,,"Replace - Robert H. Montgomery, Jr.",583
Carroll,Court of Criminal Appeals - Eastern Division,NA,,"Retain - James C. Witt, Jr.",2284
Carroll,Court of Criminal Appeals - Eastern Division,NA,,"Retain - Robert H. Montgomery, Jr.",2326
Carroll,Court of Criminal Appeals - Middle Division,NA,,Replace - Jill Bartee Ayers,569
Carroll,Court of Criminal Appeals - Middle Division,NA,,"Replace - Robert L. Holloway, Jr.",577
Carroll,Court of Criminal Appeals - Middle Division,NA,,Replace - Robert W. Wedemeyer,595
Carroll,Court of Criminal Appeals - Middle Division,NA,,Replace - Timothy L. Easter,564
Carroll,Court of Criminal Appeals - Middle Division,NA,,Retain - Jill Bartee Ayers,2276
Carroll,Court of Criminal Appeals - Middle Division,NA,,"Retain - Robert L. Holloway, Jr.",2268
Carroll,Court of Criminal Appeals - Middle Division,NA,,Retain - Robert W. Wedemeyer,2251
Carroll,Court of Criminal Appeals - Middle Division,NA,,Retain - Timothy L. Easter,2265
Carroll,Court of Criminal Appeals - Western Division,NA,,Replace - Camille McMullen,575
Carroll,Court of Criminal Appeals - Western Division,NA,,Replace - J. Ross Dyer,564
Carroll,Court of Criminal Appeals - Western Division,NA,,Replace - John Everett Williams,508
Carroll,Court of Criminal Appeals - Western Division,NA,,"Replace - John W. Campbell, Sr.",542
Carroll,Court of Criminal Appeals - Western Division,NA,,Retain - Camille McMullen,2269
Carroll,Court of Criminal Appeals - Western Division,NA,,Retain - J. Ross Dyer,2273
Carroll,Court of Criminal Appeals - Western Division,NA,,Retain - John Everett Williams,3292
Carroll,Court of Criminal Appeals - Western Division,NA,,"Retain - John W. Campbell, Sr.",2314
Carroll,Supreme Court,NA,,Replace - Holly Kirby,622
Carroll,Supreme Court,NA,,Replace - Jeffrey S. Bivins,661
Carroll,Supreme Court,NA,,Replace - Roger A. Page,600
Carroll,Supreme Court,NA,,Replace - Sarah K. Campbell,621
Carroll,Supreme Court,NA,,Replace - Sharon Gail Lee,641
Carroll,Supreme Court,NA,,Retain - Holly Kirby,2463
Carroll,Supreme Court,NA,,Retain - Jeffrey S. Bivins,2447
Carroll,Supreme Court,NA,,Retain - Roger A. Page,2428
Carroll,Supreme Court,NA,,Retain - Sarah K. Campbell,2459
Carroll,Supreme Court,NA,,Retain - Sharon Gail Lee,2450
Carroll,Governor,NA,Democratic,Carnita Faye Atwater,179
Carroll,Governor,NA,Democratic,JB Smiley Jr.,126
Carroll,Governor,NA,Democratic,Jason Brantley Martin,336
Carroll,Governor,NA,Republican,Bill Lee,3420
Carter,U.S. House,1,Democratic,Cameron Parsons,423
Carter,Chancellor,1,Republican,John C. Rambo,5029
Carter,Circuit Court Judge Part I,1,Republican,J. Eddie Lauderback,4885
Carter,Circuit Court Judge Part II,1,Republican,Suzanne Cook,5268
Carter,Criminal Court Judge Part I,1,Republican,Lisa Nidiffer Rice,5594
Carter,Criminal Court Judge Part II,1,Republican,Stacy L. Street,5768
Carter,District Attorney General,1,Republican,Steve Finney,5286
Carter,Public Defender,1,Republican,Jeff Kelly,5011
Carter,U.S. House,1,Republican,Diana Lynn Harshbarger,5281
Carter,State Executive Committeeman,3,Democratic,Jeff Clark,419
Carter,State Executive Committeewoman,3,Democratic,Debbie Harley-McClaskey,428
Carter,State House,3,Democratic,No Candidate Qualified,0
Carter,State Senate,3,Democratic,Kate Craig,436
Carter,State Executive Committeeman,3,Republican,Todd Fowler,4218
Carter,State Executive Committeewoman,3,Republican,Anita Hodges Taylor,3081
Carter,State Executive Committeewoman,3,Republican,Charlene Thomas,1619
Carter,State House,3,Republican,Scotty Campbell,790
Carter,State Senate,3,Republican,Rusty Crowe,5201
Carter,State House,4,Democratic,No Candidate Qualified,0
Carter,State House,4,Republican,John B. Holsclaw Jr,4410
Carter,Court of Appeals - Eastern Division,NA,,Replace - John W. McClarty,1087
Carter,Court of Appeals - Eastern Division,NA,,Replace - Kristi Davis,1016
Carter,Court of Appeals - Eastern Division,NA,,Replace - Mike Swiney,1040
Carter,Court of Appeals - Eastern Division,NA,,"Replace - Thomas R. ""Skip"" Frierson",1057
Carter,Court of Appeals - Eastern Division,NA,,Retain - John W. McClarty,3442
Carter,Court of Appeals - Eastern Division,NA,,Retain - Kristi Davis,3506
Carter,Court of Appeals - Eastern Division,NA,,Retain - Mike Swiney,3429
Carter,Court of Appeals - Eastern Division,NA,,"Retain - Thomas R. ""Skip"" Frierson",3473
Carter,Court of Appeals - Middle Division,NA,,Replace - Andy D. Bennett,1052
Carter,Court of Appeals - Middle Division,NA,,Replace - Frank Clement,1094
Carter,Court of Appeals - Middle Division,NA,,Replace - Neal McBrayer,1058
Carter,Court of Appeals - Middle Division,NA,,Retain - Andy D. Bennett,3379
Carter,Court of Appeals - Middle Division,NA,,Retain - Frank Clement,3358
Carter,Court of Appeals - Middle Division,NA,,Retain - Neal McBrayer,3357
Carter,Court of Appeals - Western Division,NA,,Replace - Arnold B. Goldin,1048
Carter,Court of Appeals - Western Division,NA,,Replace - Carma Dennis McGee,1035
Carter,Court of Appeals - Western Division,NA,,Replace - Kenny W. Armstrong,1026
Carter,Court of Appeals - Western Division,NA,,Replace - Steve Stafford,1077
Carter,Court of Appeals - Western Division,NA,,Retain - Arnold B. Goldin,3326
Carter,Court of Appeals - Western Division,NA,,Retain - Carma Dennis McGee,3353
Carter,Court of Appeals - Western Division,NA,,Retain - Kenny W. Armstrong,3381
Carter,Court of Appeals - Western Division,NA,,Retain - Steve Stafford,3322
Carter,Court of Criminal Appeals - Eastern Division,NA,,"Replace - James C. Witt, Jr.",1023
Carter,Court of Criminal Appeals - Eastern Division,NA,,"Replace - Robert H. Montgomery, Jr.",991
Carter,Court of Criminal Appeals - Eastern Division,NA,,"Retain - James C. Witt, Jr.",3377
Carter,Court of Criminal Appeals - Eastern Division,NA,,"Retain - Robert H. Montgomery, Jr.",3442
Carter,Court of Criminal Appeals - Middle Division,NA,,Replace - Jill Bartee Ayers,1031
Carter,Court of Criminal Appeals - Middle Division,NA,,"Replace - Robert L. Holloway, Jr.",1047
Carter,Court of Criminal Appeals - Middle Division,NA,,Replace - Robert W. Wedemeyer,1088
Carter,Court of Criminal Appeals - Middle Division,NA,,Replace - Timothy L. Easter,1051
Carter,Court of Criminal Appeals - Middle Division,NA,,Retain - Jill Bartee Ayers,3340
Carter,Court of Criminal Appeals - Middle Division,NA,,"Retain - Robert L. Holloway, Jr.",3310
Carter,Court of Criminal Appeals - Middle Division,NA,,Retain - Robert W. Wedemeyer,3261
Carter,Court of Criminal Appeals - Middle Division,NA,,Retain - Timothy L. Easter,3334
Carter,Court of Criminal Appeals - Western Division,NA,,Replace - Camille McMullen,1077
Carter,Court of Criminal Appeals - Western Division,NA,,Replace - J. Ross Dyer,1061
Carter,Court of Criminal Appeals - Western Division,NA,,Replace - John Everett Williams,1055
Carter,Court of Criminal Appeals - Western Division,NA,,"Replace - John W. Campbell, Sr.",1049
Carter,Court of Criminal Appeals - Western Division,NA,,Retain - Camille McMullen,3302
Carter,Court of Criminal Appeals - Western Division,NA,,Retain - J. Ross Dyer,3292
Carter,Court of Criminal Appeals - Western Division,NA,,Retain - John Everett Williams,3326
Carter,Court of Criminal Appeals - Western Division,NA,,"Retain - John W. Campbell, Sr.",3318
Carter,Supreme Court,NA,,Replace - Holly Kirby,1048
Carter,Supreme Court,NA,,Replace - Jeffrey S. Bivins,1117
Carter,Supreme Court,NA,,Replace - Roger A. Page,1085
Carter,Supreme Court,NA,,Replace - Sarah K. Campbell,1064
Carter,Supreme Court,NA,,Replace - Sharon Gail Lee,1108
Carter,Supreme Court,NA,,Retain - Holly Kirby,3544
Carter,Supreme Court,NA,,Retain - Jeffrey S. Bivins,3552
Carter,Supreme Court,NA,,Retain - Roger A. Page,3472
Carter,Supreme Court,NA,,Retain - Sarah K. Campbell,3573
Carter,Supreme Court,NA,,Retain - Sharon Gail Lee,3506
Carter,Governor,NA,Democratic,Carnita Faye Atwater,131
Carter,Governor,NA,Democratic,JB Smiley Jr.,126
Carter,Governor,NA,Democratic,Jason Brantley Martin,223
Carter,Governor,NA,Republican,Bill Lee,5165
Cheatham,State Executive Committeeman,23,Democratic,No Candidate Qualified,0
Cheatham,State Executive Committeewoman,23,Democratic,No Candidate Qualified,0
Cheatham,State Senate,23,Democratic,No Candidate Qualified,0
Cheatham,Circuit Court Judge Division I,23,Independent,David D. Wolfe,3956
Cheatham,Circuit Court Judge Division II,23,Republican,Larry J. Wallace,3773
Cheatham,Circuit Court Judge Division III,23,Republican,Suzanne M. Lockert-Mash,3962
Cheatham,District Attorney General,23,Republican,"Ray Crouch, Jr.",3968
Cheatham,Public Defender,23,Republican,Matthew Mitchell,3651
Cheatham,State Executive Committeeman,23,Republican,Larry Hillis,3015
Cheatham,State Executive Committeewoman,23,Republican,Mary Ann Parks,3002
Cheatham,State Senate,23,Republican,Kerry Roberts,3241
Cheatham,U.S. House,7,Democratic,Odessa Kelly,1066
Cheatham,U.S. House,7,Republican,Mark E Green,3229
Cheatham,State House,78,Democratic,Krystle James,1012
Cheatham,State House,78,Republican,Mary J Littleton,3303
Cheatham,Court of Appeals - Eastern Division,NA,,Replace - John W. McClarty,1031
Cheatham,Court of Appeals - Eastern Division,NA,,Replace - Kristi Davis,944
Cheatham,Court of Appeals - Eastern Division,NA,,Replace - Mike Swiney,987
Cheatham,Court of Appeals - Eastern Division,NA,,"Replace - Thomas R. ""Skip"" Frierson",1004
Cheatham,Court of Appeals - Eastern Division,NA,,Retain - John W. McClarty,2667
Cheatham,Court of Appeals - Eastern Division,NA,,Retain - Kristi Davis,2818
Cheatham,Court of Appeals - Eastern Division,NA,,Retain - Mike Swiney,2693
Cheatham,Court of Appeals - Eastern Division,NA,,"Retain - Thomas R. ""Skip"" Frierson",2718
Cheatham,Court of Appeals - Middle Division,NA,,Replace - Andy D. Bennett,988
Cheatham,Court of Appeals - Middle Division,NA,,Replace - Frank Clement,1048
Cheatham,Court of Appeals - Middle Division,NA,,Replace - Neal McBrayer,964
Cheatham,Court of Appeals - Middle Division,NA,,Retain - Andy D. Bennett,2698
Cheatham,Court of Appeals - Middle Division,NA,,Retain - Frank Clement,2791
Cheatham,Court of Appeals - Middle Division,NA,,Retain - Neal McBrayer,2677
Cheatham,Court of Appeals - Western Division,NA,,Replace - Arnold B. Goldin,957
Cheatham,Court of Appeals - Western Division,NA,,Replace - Carma Dennis McGee,940
Cheatham,Court of Appeals - Western Division,NA,,Replace - Kenny W. Armstrong,896
Cheatham,Court of Appeals - Western Division,NA,,Replace - Steve Stafford,941
Cheatham,Court of Appeals - Western Division,NA,,Retain - Arnold B. Goldin,2648
Cheatham,Court of Appeals - Western Division,NA,,Retain - Carma Dennis McGee,2654
Cheatham,Court of Appeals - Western Division,NA,,Retain - Kenny W. Armstrong,2733
Cheatham,Court of Appeals - Western Division,NA,,Retain - Steve Stafford,2641
Cheatham,Court of Criminal Appeals - Eastern Division,NA,,"Replace - James C. Witt, Jr.",927
Cheatham,Court of Criminal Appeals - Eastern Division,NA,,"Replace - Robert H. Montgomery, Jr.",914
Cheatham,Court of Criminal Appeals - Eastern Division,NA,,"Retain - James C. Witt, Jr.",2643
Cheatham,Court of Criminal Appeals - Eastern Division,NA,,"Retain - Robert H. Montgomery, Jr.",2678
Cheatham,Court of Criminal Appeals - Middle Division,NA,,Replace - Jill Bartee Ayers,889
Cheatham,Court of Criminal Appeals - Middle Division,NA,,"Replace - Robert L. Holloway, Jr.",932
Cheatham,Court of Criminal Appeals - Middle Division,NA,,Replace - Robert W. Wedemeyer,964
Cheatham,Court of Criminal Appeals - Middle Division,NA,,Replace - Timothy L. Easter,918
Cheatham,Court of Criminal Appeals - Middle Division,NA,,Retain - Jill Bartee Ayers,2705
Cheatham,Court of Criminal Appeals - Middle Division,NA,,"Retain - Robert L. Holloway, Jr.",2652
Cheatham,Court of Criminal Appeals - Middle Division,NA,,Retain - Robert W. Wedemeyer,2598
Cheatham,Court of Criminal Appeals - Middle Division,NA,,Retain - Timothy L. Easter,2663
Cheatham,Court of Criminal Appeals - Western Division,NA,,Replace - Camille McMullen,926
Cheatham,Court of Criminal Appeals - Western Division,NA,,Replace - J. Ross Dyer,894
Cheatham,Court of Criminal Appeals - Western Division,NA,,Replace - John Everett Williams,909
Cheatham,Court of Criminal Appeals - Western Division,NA,,"Replace - John W. Campbell, Sr.",906
Cheatham,Court of Criminal Appeals - Western Division,NA,,Retain - Camille McMullen,2641
Cheatham,Court of Criminal Appeals - Western Division,NA,,Retain - J. Ross Dyer,2651
Cheatham,Court of Criminal Appeals - Western Division,NA,,Retain - John Everett Williams,2670
Cheatham,Court of Criminal Appeals - Western Division,NA,,"Retain - John W. Campbell, Sr.",2638
Cheatham,Supreme Court,NA,,Replace - Holly Kirby,965
Cheatham,Supreme Court,NA,,Replace - Jeffrey S. Bivins,1098
Cheatham,Supreme Court,NA,,Replace - Roger A. Page,1030
Cheatham,Supreme Court,NA,,Replace - Sarah K. Campbell,1067
Cheatham,Supreme Court,NA,,Replace - Sharon Gail Lee,1047
Cheatham,Supreme Court,NA,,Retain - Holly Kirby,2921
Cheatham,Supreme Court,NA,,Retain - Jeffrey S. Bivins,2861
Cheatham,Supreme Court,NA,,Retain - Roger A. Page,2744
Cheatham,Supreme Court,NA,,Retain - Sarah K. Campbell,2835
Cheatham,Supreme Court,NA,,Retain - Sharon Gail Lee,2791
Cheatham,Governor,NA,Democratic,Carnita Faye Atwater,249
Cheatham,Governor,NA,Democratic,JB Smiley Jr.,282
Cheatham,Governor,NA,Democratic,Jason Brantley Martin,575
Cheatham,Governor,NA,Republican,Bill Lee,3324
Chester,State Executive Committeeman,26,Democratic,Randall Rice,196
Chester,State Executive Committeewoman,26,Democratic,Meryl Rice,195
Chester,Chancellor,26,Republican,Steven W. Maroney,2088
Chester,Circuit Court Judge Division I,26,Republican,Joseph T. Howell,2099
Chester,Circuit Court Judge Division II,26,Republican,Donald H. (Don) Allen,2214
Chester,Circuit Court Judge Division III,26,Republican,Kyle Atkins,2173
Chester,District Attorney General,26,Republican,Jody Pickens,2231
Chester,Public Defender,26,Republican,Jeremy Brent Epperson,2203
Chester,State Executive Committeeman,26,Republican,Johnny Bellis,1674
Chester,State Executive Committeewoman,26,Republican,No Candidate Qualified,0
Chester,State House,72,Democratic,No Candidate Qualified,0
Chester,State House,72,Republican,Kirk Haston,2076
Chester,U.S. House,8,Democratic,Lynnette P. Williams,113
Chester,U.S. House,8,Democratic,Tim McDonald,111
Chester,U.S. House,8,Republican,Bob Hendry,134
Chester,U.S. House,8,Republican,Danny Ray Bridger Jr,177
Chester,U.S. House,8,Republican,David Kustoff,1705
Chester,U.S. House,8,Republican,Gary Dean Clouse,70
Chester,Court of Appeals - Eastern Division,NA,,Replace - John W. McClarty,377
Chester,Court of Appeals - Eastern Division,NA,,Replace - Kristi Davis,360
Chester,Court of Appeals - Eastern Division,NA,,Replace - Mike Swiney,386
Chester,Court of Appeals - Eastern Division,NA,,"Replace - Thomas R. ""Skip"" Frierson",387
Chester,Court of Appeals - Eastern Division,NA,,Retain - John W. McClarty,1285
Chester,Court of Appeals - Eastern Division,NA,,Retain - Kristi Davis,1322
Chester,Court of Appeals - Eastern Division,NA,,Retain - Mike Swiney,1283
Chester,Court of Appeals - Eastern Division,NA,,"Retain - Thomas R. ""Skip"" Frierson",1287
Chester,Court of Appeals - Middle Division,NA,,Replace - Andy D. Bennett,379
Chester,Court of Appeals - Middle Division,NA,,Replace - Frank Clement,391
Chester,Court of Appeals - Middle Division,NA,,Replace - Neal McBrayer,378
Chester,Court of Appeals - Middle Division,NA,,Retain - Andy D. Bennett,1277
Chester,Court of Appeals - Middle Division,NA,,Retain - Frank Clement,1299
Chester,Court of Appeals - Middle Division,NA,,Retain - Neal McBrayer,1271
Chester,Court of Appeals - Western Division,NA,,Replace - Arnold B. Goldin,363
Chester,Court of Appeals - Western Division,NA,,Replace - Carma Dennis McGee,362
Chester,Court of Appeals - Western Division,NA,,Replace - Kenny W. Armstrong,375
Chester,Court of Appeals - Western Division,NA,,Replace - Steve Stafford,372
Chester,Court of Appeals - Western Division,NA,,Retain - Arnold B. Goldin,1265
Chester,Court of Appeals - Western Division,NA,,Retain - Carma Dennis McGee,1261
Chester,Court of Appeals - Western Division,NA,,Retain - Kenny W. Armstrong,1276
Chester,Court of Appeals - Western Division,NA,,Retain - Steve Stafford,1248
Chester,Court of Criminal Appeals - Eastern Division,NA,,"Replace - James C. Witt, Jr.",360
Chester,Court of Criminal Appeals - Eastern Division,NA,,"Replace - Robert H. Montgomery, Jr.",379
Chester,Court of Criminal Appeals - Eastern Division,NA,,"Retain - James C. Witt, Jr.",1250
Chester,Court of Criminal Appeals - Eastern Division,NA,,"Retain - Robert H. Montgomery, Jr.",1234
Chester,Court of Criminal Appeals - Middle Division,NA,,Replace - Jill Bartee Ayers,360
Chester,Court of Criminal Appeals - Middle Division,NA,,"Replace - Robert L. Holloway, Jr.",369
Chester,Court of Criminal Appeals - Middle Division,NA,,Replace - Robert W. Wedemeyer,374
Chester,Court of Criminal Appeals - Middle Division,NA,,Replace - Timothy L. Easter,368
Chester,Court of Criminal Appeals - Middle Division,NA,,Retain - Jill Bartee Ayers,1250
Chester,Court of Criminal Appeals - Middle Division,NA,,"Retain - Robert L. Holloway, Jr.",1243
Chester,Court of Criminal Appeals - Middle Division,NA,,Retain - Robert W. Wedemeyer,1235
Chester,Court of Criminal Appeals - Middle Division,NA,,Retain - Timothy L. Easter,1240
Chester,Court of Criminal Appeals - Western Division,NA,,Replace - Camille McMullen,365
Chester,Court of Criminal Appeals - Western Division,NA,,Replace - J. Ross Dyer,369
Chester,Court of Criminal Appeals - Western Division,NA,,Replace - John Everett Williams,353
Chester,Court of Criminal Appeals - Western Division,NA,,"Replace - John W. Campbell, Sr.",358
Chester,Court of Criminal Appeals - Western Division,NA,,Retain - Camille McMullen,1268
Chester,Court of Criminal Appeals - Western Division,NA,,Retain - J. Ross Dyer,1254
Chester,Court of Criminal Appeals - Western Division,NA,,Retain - John Everett Williams,1320
Chester,Court of Criminal Appeals - Western Division,NA,,"Retain - John W. Campbell, Sr.",1268
Chester,Supreme Court,NA,,Replace - Holly Kirby,370
Chester,Supreme Court,NA,,Replace - Jeffrey S. Bivins,418
Chester,Supreme Court,NA,,Replace - Roger A. Page,328
Chester,Supreme Court,NA,,Replace - Sarah K. Campbell,387
Chester,Supreme Court,NA,,Replace - Sharon Gail Lee,385
Chester,Supreme Court,NA,,Retain - Holly Kirby,1331
Chester,Supreme Court,NA,,Retain - Jeffrey S. Bivins,1387
Chester,Supreme Court,NA,,Retain - Roger A. Page,1610
Chester,Supreme Court,NA,,Retain - Sarah K. Campbell,1334
Chester,Supreme Court,NA,,Retain - Sharon Gail Lee,1311
Chester,Governor,NA,Democratic,Carnita Faye Atwater,63
Chester,Governor,NA,Democratic,JB Smiley Jr.,60
Chester,Governor,NA,Democratic,Jason Brantley Martin,121
Chester,Governor,NA,Republican,Bill Lee,2153
Claiborne,U.S. House,2,Democratic,Mark Harmon,601
Claiborne,U.S. House,2,Republican,Tim Burchett,4619
Claiborne,State House,36,Democratic,No Candidate Qualified,0
Claiborne,State House,36,Republican,Dennis Powers,1587
Claiborne,State Executive Committeeman,8,Democratic,Rodney Fugate,574
Claiborne,State Executive Committeewoman,8,Democratic,Barbara Wagner,555
Claiborne,Chancellor,8,Independent,Elizabeth C. Asbury,5644
Claiborne,Circuit Court Judge,8,Independent,John D. McAfee,6151
Claiborne,Criminal Court Judge,8,Independent,Graham E. Wilson,2563
Claiborne,Criminal Court Judge,8,Independent,Thomas J. Tabor Jr.,1302
Claiborne,Criminal Court Judge,8,Independent,Zack Walden,2345
Claiborne,District Attorney General,8,Independent,Jared Effler,5941
Claiborne,Public Defender,8,Independent,Leif Jeffers,4898
Claiborne,State Executive Committeeman,8,Republican,David A. Bishop,3973
Claiborne,State Executive Committeewoman,8,Republican,No Candidate Qualified,0
Claiborne,State House,9,Democratic,No Candidate Qualified,0
Claiborne,State House,9,Republican,Gary W Hicks Jr,2362
Claiborne,Court of Appeals - Eastern Division,NA,,Replace - John W. McClarty,993
Claiborne,Court of Appeals - Eastern Division,NA,,Replace - Kristi Davis,939
Claiborne,Court of Appeals - Eastern Division,NA,,Replace - Mike Swiney,928
Claiborne,Court of Appeals - Eastern Division,NA,,"Replace - Thomas R. ""Skip"" Frierson",985
Claiborne,Court of Appeals - Eastern Division,NA,,Retain - John W. McClarty,3456
Claiborne,Court of Appeals - Eastern Division,NA,,Retain - Kristi Davis,3492
Claiborne,Court of Appeals - Eastern Division,NA,,Retain - Mike Swiney,3336
Claiborne,Court of Appeals - Eastern Division,NA,,"Retain - Thomas R. ""Skip"" Frierson",3419
Claiborne,Court of Appeals - Middle Division,NA,,Replace - Andy D. Bennett,952
Claiborne,Court of Appeals - Middle Division,NA,,Replace - Frank Clement,955
Claiborne,Court of Appeals - Middle Division,NA,,Replace - Neal McBrayer,954
Claiborne,Court of Appeals - Middle Division,NA,,Retain - Andy D. Bennett,3342
Claiborne,Court of Appeals - Middle Division,NA,,Retain - Frank Clement,3397
Claiborne,Court of Appeals - Middle Division,NA,,Retain - Neal McBrayer,3323
Claiborne,Court of Appeals - Western Division,NA,,Replace - Arnold B. Goldin,922
Claiborne,Court of Appeals - Western Division,NA,,Replace - Carma Dennis McGee,920
Claiborne,Court of Appeals - Western Division,NA,,Replace - Kenny W. Armstrong,927
Claiborne,Court of Appeals - Western Division,NA,,Replace - Steve Stafford,931
Claiborne,Court of Appeals - Western Division,NA,,Retain - Arnold B. Goldin,3293
Claiborne,Court of Appeals - Western Division,NA,,Retain - Carma Dennis McGee,3285
Claiborne,Court of Appeals - Western Division,NA,,Retain - Kenny W. Armstrong,3355
Claiborne,Court of Appeals - Western Division,NA,,Retain - Steve Stafford,3274
Claiborne,Court of Criminal Appeals - Eastern Division,NA,,"Replace - James C. Witt, Jr.",874
Claiborne,Court of Criminal Appeals - Eastern Division,NA,,"Replace - Robert H. Montgomery, Jr.",898
Claiborne,Court of Criminal Appeals - Eastern Division,NA,,"Retain - James C. Witt, Jr.",3249
Claiborne,Court of Criminal Appeals - Eastern Division,NA,,"Retain - Robert H. Montgomery, Jr.",3357
Claiborne,Court of Criminal Appeals - Middle Division,NA,,Replace - Jill Bartee Ayers,882
Claiborne,Court of Criminal Appeals - Middle Division,NA,,"Replace - Robert L. Holloway, Jr.",894
Claiborne,Court of Criminal Appeals - Middle Division,NA,,Replace - Robert W. Wedemeyer,939
Claiborne,Court of Criminal Appeals - Middle Division,NA,,Replace - Timothy L. Easter,906
Claiborne,Court of Criminal Appeals - Middle Division,NA,,Retain - Jill Bartee Ayers,3246
Claiborne,Court of Criminal Appeals - Middle Division,NA,,"Retain - Robert L. Holloway, Jr.",3236
Claiborne,Court of Criminal Appeals - Middle Division,NA,,Retain - Robert W. Wedemeyer,3197
Claiborne,Court of Criminal Appeals - Middle Division,NA,,Retain - Timothy L. Easter,3230
Claiborne,Court of Criminal Appeals - Western Division,NA,,Replace - Camille McMullen,916
Claiborne,Court of Criminal Appeals - Western Division,NA,,Replace - J. Ross Dyer,899
Claiborne,Court of Criminal Appeals - Western Division,NA,,Replace - John Everett Williams,889
Claiborne,Court of Criminal Appeals - Western Division,NA,,"Replace - John W. Campbell, Sr.",870
Claiborne,Court of Criminal Appeals - Western Division,NA,,Retain - Camille McMullen,3235
Claiborne,Court of Criminal Appeals - Western Division,NA,,Retain - J. Ross Dyer,3233
Claiborne,Court of Criminal Appeals - Western Division,NA,,Retain - John Everett Williams,3290
Claiborne,Court of Criminal Appeals - Western Division,NA,,"Retain - John W. Campbell, Sr.",3296
Claiborne,Supreme Court,NA,,Replace - Holly Kirby,1010
Claiborne,Supreme Court,NA,,Replace - Jeffrey S. Bivins,1016
Claiborne,Supreme Court,NA,,Replace - Roger A. Page,960
Claiborne,Supreme Court,NA,,Replace - Sarah K. Campbell,978
Claiborne,Supreme Court,NA,,Replace - Sharon Gail Lee,1002
Claiborne,Supreme Court,NA,,Retain - Holly Kirby,3513
Claiborne,Supreme Court,NA,,Retain - Jeffrey S. Bivins,3611
Claiborne,Supreme Court,NA,,Retain - Roger A. Page,3448
Claiborne,Supreme Court,NA,,Retain - Sarah K. Campbell,3572
Claiborne,Supreme Court,NA,,Retain - Sharon Gail Lee,3547
Claiborne,Governor,NA,Democratic,Carnita Faye Atwater,215
Claiborne,Governor,NA,Democratic,JB Smiley Jr.,89
Claiborne,Governor,NA,Democratic,Jason Brantley Martin,325
Claiborne,Governor,NA,Republican,Bill Lee,4460
Clay,State Executive Committeeman,12,Democratic,No Candidate Qualified,0
Clay,State Executive Committeewoman,12,Democratic,No Candidate Qualified,0
Clay,State Executive Committeeman,12,Republican,Ben Gann,769
Clay,State Executive Committeewoman,12,Republican,"Elizabeth ""Liz"" Holiway",813
Clay,Circuit Court Judge Part I,13,Independent,Amy Turnbull Hollars,745
Clay,Chancellor,13,Republican,Ronald Thurman,1549
Clay,Circuit Court Judge Part I,13,Republican,"William T. ""Will"" Ridley",1297
Clay,Circuit Court Judge Part II,13,Republican,Caroline E. Knight,1556
Clay,Criminal Court Judge Part I,13,Republican,Gary S. McKenzie,1533
Clay,Criminal Court Judge Part II,13,Republican,Wesley Bray,1798
Clay,District Attorney General,13,Republican,Bryant C. Dunaway,1611
Clay,Public Defender,13,Republican,Craig P. Fickling Jr.,1441
Clay,State House,38,Democratic,No Candidate Qualified,0
Clay,State House,38,Republican,Kelly T Keisling,1061
Clay,U.S. House,6,Democratic,Clay Faircloth,49
Clay,U.S. House,6,Democratic,Randal Cooper,140
Clay,U.S. House,6,Republican,John Rose,1021
Clay,Court of Appeals - Eastern Division,NA,,Replace - John W. McClarty,390
Clay,Court of Appeals - Eastern Division,NA,,Replace - Kristi Davis,384
Clay,Court of Appeals - Eastern Division,NA,,Replace - Mike Swiney,358
Clay,Court of Appeals - Eastern Division,NA,,"Replace - Thomas R. ""Skip"" Frierson",374
Clay,Court of Appeals - Eastern Division,NA,,Retain - John W. McClarty,989
Clay,Court of Appeals - Eastern Division,NA,,Retain - Kristi Davis,1002
Clay,Court of Appeals - Eastern Division,NA,,Retain - Mike Swiney,985
Clay,Court of Appeals - Eastern Division,NA,,"Retain - Thomas R. ""Skip"" Frierson",1005
Clay,Court of Appeals - Middle Division,NA,,Replace - Andy D. Bennett,360
Clay,Court of Appeals - Middle Division,NA,,Replace - Frank Clement,363
Clay,Court of Appeals - Middle Division,NA,,Replace - Neal McBrayer,358
Clay,Court of Appeals - Middle Division,NA,,Retain - Andy D. Bennett,988
Clay,Court of Appeals - Middle Division,NA,,Retain - Frank Clement,1000
Clay,Court of Appeals - Middle Division,NA,,Retain - Neal McBrayer,986
Clay,Court of Appeals - Western Division,NA,,Replace - Arnold B. Goldin,356
Clay,Court of Appeals - Western Division,NA,,Replace - Carma Dennis McGee,363
Clay,Court of Appeals - Western Division,NA,,Replace - Kenny W. Armstrong,344
Clay,Court of Appeals - Western Division,NA,,Replace - Steve Stafford,366
Clay,Court of Appeals - Western Division,NA,,Retain - Arnold B. Goldin,967
Clay,Court of Appeals - Western Division,NA,,Retain - Carma Dennis McGee,959
Clay,Court of Appeals - Western Division,NA,,Retain - Kenny W. Armstrong,976
Clay,Court of Appeals - Western Division,NA,,Retain - Steve Stafford,962
Clay,Court of Criminal Appeals - Eastern Division,NA,,"Replace - James C. Witt, Jr.",342
Clay,Court of Criminal Appeals - Eastern Division,NA,,"Replace - Robert H. Montgomery, Jr.",348
Clay,Court of Criminal Appeals - Eastern Division,NA,,"Retain - James C. Witt, Jr.",965
Clay,Court of Criminal Appeals - Eastern Division,NA,,"Retain - Robert H. Montgomery, Jr.",962
Clay,Court of Criminal Appeals - Middle Division,NA,,Replace - Jill Bartee Ayers,348
Clay,Court of Criminal Appeals - Middle Division,NA,,"Replace - Robert L. Holloway, Jr.",339
Clay,Court of Criminal Appeals - Middle Division,NA,,Replace - Robert W. Wedemeyer,348
Clay,Court of Criminal Appeals - Middle Division,NA,,Replace - Timothy L. Easter,359
Clay,Court of Criminal Appeals - Middle Division,NA,,Retain - Jill Bartee Ayers,975
Clay,Court of Criminal Appeals - Middle Division,NA,,"Retain - Robert L. Holloway, Jr.",967
Clay,Court of Criminal Appeals - Middle Division,NA,,Retain - Robert W. Wedemeyer,959
Clay,Court of Criminal Appeals - Middle Division,NA,,Retain - Timothy L. Easter,956
Clay,Court of Criminal Appeals - Western Division,NA,,Replace - Camille McMullen,356
Clay,Court of Criminal Appeals - Western Division,NA,,Replace - J. Ross Dyer,347
Clay,Court of Criminal Appeals - Western Division,NA,,Replace - John Everett Williams,362
Clay,Court of Criminal Appeals - Western Division,NA,,"Replace - John W. Campbell, Sr.",343
Clay,Court of Criminal Appeals - Western Division,NA,,Retain - Camille McMullen,965
Clay,Court of Criminal Appeals - Western Division,NA,,Retain - J. Ross Dyer,958
Clay,Court of Criminal Appeals - Western Division,NA,,Retain - John Everett Williams,964
Clay,Court of Criminal Appeals - Western Division,NA,,"Retain - John W. Campbell, Sr.",967
Clay,Supreme Court,NA,,Replace - Holly Kirby,387
Clay,Supreme Court,NA,,Replace - Jeffrey S. Bivins,404
Clay,Supreme Court,NA,,Replace - Roger A. Page,382
Clay,Supreme Court,NA,,Replace - Sarah K. Campbell,401
Clay,Supreme Court,NA,,Replace - Sharon Gail Lee,404
Clay,Supreme Court,NA,,Retain - Holly Kirby,1047
Clay,Supreme Court,NA,,Retain - Jeffrey S. Bivins,1058
Clay,Supreme Court,NA,,Retain - Roger A. Page,997
Clay,Supreme Court,NA,,Retain - Sarah K. Campbell,1042
Clay,Supreme Court,NA,,Retain - Sharon Gail Lee,1023
Clay,Governor,NA,Democratic,Carnita Faye Atwater,66
Clay,Governor,NA,Democratic,JB Smiley Jr.,33
Clay,Governor,NA,Democratic,Jason Brantley Martin,98
Clay,Governor,NA,Republican,Bill Lee,1097
Cocke,U.S. House,1,Democratic,Cameron Parsons,359
Cocke,U.S. House,1,Republican,Diana Lynn Harshbarger,4807
Cocke,State House,11,Democratic,No Candidate Qualified,0
Cocke,State House,11,Republican,Jeremy Faison,4767
Cocke,Circuit Court Judge Part I,4,Republican,Carter S. Moore,5824
Cocke,Circuit Court Judge Part II,4,Republican,Jim Gass,4936
Cocke,Circuit Court Judge Part III,4,Republican,Rex Henry Ogle,5333
Cocke,Circuit Court Judge Part IV,4,Republican,Duane Slone,5024
Cocke,District Attorney General,4,Republican,"James B. ""Jimmy"" Dunn",5686
Cocke,Public Defender,4,Republican,Rebecca V. Lee,4961
Cocke,Chancellor,4/5,Republican,Jim Ripley,4897
Cocke,State Executive Committeeman,9,Democratic,Darrell Key,344
Cocke,State Executive Committeewoman,9,Democratic,Marjorie Ramsey,412
Cocke,State Senate,9,Democratic,Sara Thompson,364
Cocke,State Executive Committeeman,9,Republican,Brett Purgason,504
Cocke,State Executive Committeeman,9,Republican,Daryl Brady,1540
Cocke,State Executive Committeeman,9,Republican,Josh Collins,1537
Cocke,State Executive Committeewoman,9,Republican,Nancy Wilson,3691
Cocke,State Senate,9,Republican,Steve Southerland,4808
Cocke,Court of Appeals - Eastern Division,NA,,Replace - John W. McClarty,951
Cocke,Court of Appeals - Eastern Division,NA,,Replace - Kristi Davis,916
Cocke,Court of Appeals - Eastern Division,NA,,Replace - Mike Swiney,922
Cocke,Court of Appeals - Eastern Division,NA,,"Replace - Thomas R. ""Skip"" Frierson",929
Cocke,Court of Appeals - Eastern Division,NA,,Retain - John W. McClarty,3207
Cocke,Court of Appeals - Eastern Division,NA,,Retain - Kristi Davis,3288
Cocke,Court of Appeals - Eastern Division,NA,,Retain - Mike Swiney,3177
Cocke,Court of Appeals - Eastern Division,NA,,"Retain - Thomas R. ""Skip"" Frierson",3243
Cocke,Court of Appeals - Middle Division,NA,,Replace - Andy D. Bennett,919
Cocke,Court of Appeals - Middle Division,NA,,Replace - Frank Clement,933
Cocke,Court of Appeals - Middle Division,NA,,Replace - Neal McBrayer,931
Cocke,Court of Appeals - Middle Division,NA,,Retain - Andy D. Bennett,3169
Cocke,Court of Appeals - Middle Division,NA,,Retain - Frank Clement,3175
Cocke,Court of Appeals - Middle Division,NA,,Retain - Neal McBrayer,3142
Cocke,Court of Appeals - Western Division,NA,,Replace - Arnold B. Goldin,946
Cocke,Court of Appeals - Western Division,NA,,Replace - Carma Dennis McGee,923
Cocke,Court of Appeals - Western Division,NA,,Replace - Kenny W. Armstrong,928
Cocke,Court of Appeals - Western Division,NA,,Replace - Steve Stafford,943
Cocke,Court of Appeals - Western Division,NA,,Retain - Arnold B. Goldin,3068
Cocke,Court of Appeals - Western Division,NA,,Retain - Carma Dennis McGee,3102
Cocke,Court of Appeals - Western Division,NA,,Retain - Kenny W. Armstrong,3099
Cocke,Court of Appeals - Western Division,NA,,Retain - Steve Stafford,3079
Cocke,Court of Criminal Appeals - Eastern Division,NA,,"Replace - James C. Witt, Jr.",883
Cocke,Court of Criminal Appeals - Eastern Division,NA,,"Replace - Robert H. Montgomery, Jr.",877
Cocke,Court of Criminal Appeals - Eastern Division,NA,,"Retain - James C. Witt, Jr.",3141
Cocke,Court of Criminal Appeals - Eastern Division,NA,,"Retain - Robert H. Montgomery, Jr.",3137
Cocke,Court of Criminal Appeals - Middle Division,NA,,Replace - Jill Bartee Ayers,890
Cocke,Court of Criminal Appeals - Middle Division,NA,,"Replace - Robert L. Holloway, Jr.",898
Cocke,Court of Criminal Appeals - Middle Division,NA,,Replace - Robert W. Wedemeyer,922
Cocke,Court of Criminal Appeals - Middle Division,NA,,Replace - Timothy L. Easter,900
Cocke,Court of Criminal Appeals - Middle Division,NA,,Retain - Jill Bartee Ayers,3113
Cocke,Court of Criminal Appeals - Middle Division,NA,,"Retain - Robert L. Holloway, Jr.",3094
Cocke,Court of Criminal Appeals - Middle Division,NA,,Retain - Robert W. Wedemeyer,3036
Cocke,Court of Criminal Appeals - Middle Division,NA,,Retain - Timothy L. Easter,3108
Cocke,Court of Criminal Appeals - Western Division,NA,,Replace - Camille McMullen,920
Cocke,Court of Criminal Appeals - Western Division,NA,,Replace - J. Ross Dyer,929
Cocke,Court of Criminal Appeals - Western Division,NA,,Replace - John Everett Williams,901
Cocke,Court of Criminal Appeals - Western Division,NA,,"Replace - John W. Campbell, Sr.",884
Cocke,Court of Criminal Appeals - Western Division,NA,,Retain - Camille McMullen,3090
Cocke,Court of Criminal Appeals - Western Division,NA,,Retain - J. Ross Dyer,3043
Cocke,Court of Criminal Appeals - Western Division,NA,,Retain - John Everett Williams,3110
Cocke,Court of Criminal Appeals - Western Division,NA,,"Retain - John W. Campbell, Sr.",3093
Cocke,Supreme Court,NA,,Replace - Holly Kirby,1003
Cocke,Supreme Court,NA,,Replace - Jeffrey S. Bivins,1060
Cocke,Supreme Court,NA,,Replace - Roger A. Page,990
Cocke,Supreme Court,NA,,Replace - Sarah K. Campbell,1010
Cocke,Supreme Court,NA,,Replace - Sharon Gail Lee,1014
Cocke,Supreme Court,NA,,Retain - Holly Kirby,3304
Cocke,Supreme Court,NA,,Retain - Jeffrey S. Bivins,3353
Cocke,Supreme Court,NA,,Retain - Roger A. Page,3189
Cocke,Supreme Court,NA,,Retain - Sarah K. Campbell,3348
Cocke,Supreme Court,NA,,Retain - Sharon Gail Lee,3298
Cocke,Governor,NA,Democratic,Carnita Faye Atwater,111
Cocke,Governor,NA,Democratic,JB Smiley Jr.,71
Cocke,Governor,NA,Democratic,Jason Brantley Martin,264
Cocke,Governor,NA,Republican,Bill Lee,4760
Coffee,Circuit Court Judge Part I,14,Republican,William Lockhart,6623
Coffee,Circuit Court Judge Part II,14,Republican,Bobby Carter,7012
Coffee,District Attorney General,14,Republican,Charles Craig Northcott,6588
Coffee,Public Defender,14,Republican,John E. Nicoll,6397
Coffee,State Executive Committeeman,16,Democratic,Bobby Eddress Bush Jr.,1086
Coffee,State Executive Committeewoman,16,Democratic,Sheila Younglove,1098
Coffee,State Executive Committeeman,16,Republican,Jerry S. Anderson,5240
Coffee,State Executive Committeewoman,16,Republican,Amy L. Dennis,5101
Coffee,U.S. House,4,Democratic,Arnold J. White,433
Coffee,U.S. House,4,Democratic,Wayne Steele,760
Coffee,U.S. House,4,Republican,Scott DesJarlais,5746
Coffee,State House,47,Democratic,No Candidate Qualified,0
Coffee,State House,47,Republican,Rush Bricken,5702
Coffee,Court of Appeals - Eastern Division,NA,,Replace - John W. McClarty,1469
Coffee,Court of Appeals - Eastern Division,NA,,Replace - Kristi Davis,1398
Coffee,Court of Appeals - Eastern Division,NA,,Replace - Mike Swiney,1428
Coffee,Court of Appeals - Eastern Division,NA,,"Replace - Thomas R. ""Skip"" Frierson",1457
Coffee,Court of Appeals - Eastern Division,NA,,Retain - John W. McClarty,4066
Coffee,Court of Appeals - Eastern Division,NA,,Retain - Kristi Davis,4267
Coffee,Court of Appeals - Eastern Division,NA,,Retain - Mike Swiney,4102
Coffee,Court of Appeals - Eastern Division,NA,,"Retain - Thomas R. ""Skip"" Frierson",4077
Coffee,Court of Appeals - Middle Division,NA,,Replace - Andy D. Bennett,1425
Coffee,Court of Appeals - Middle Division,NA,,Replace - Frank Clement,1492
Coffee,Court of Appeals - Middle Division,NA,,Replace - Neal McBrayer,1410
Coffee,Court of Appeals - Middle Division,NA,,Retain - Andy D. Bennett,4119
Coffee,Court of Appeals - Middle Division,NA,,Retain - Frank Clement,4183
Coffee,Court of Appeals - Middle Division,NA,,Retain - Neal McBrayer,4077
Coffee,Court of Appeals - Western Division,NA,,Replace - Arnold B. Goldin,1440
Coffee,Court of Appeals - Western Division,NA,,Replace - Carma Dennis McGee,1399
Coffee,Court of Appeals - Western Division,NA,,Replace - Kenny W. Armstrong,1391
Coffee,Court of Appeals - Western Division,NA,,Replace - Steve Stafford,1430
Coffee,Court of Appeals - Western Division,NA,,Retain - Arnold B. Goldin,3993
Coffee,Court of Appeals - Western Division,NA,,Retain - Carma Dennis McGee,4044
Coffee,Court of Appeals - Western Division,NA,,Retain - Kenny W. Armstrong,4071
Coffee,Court of Appeals - Western Division,NA,,Retain - Steve Stafford,3999
Coffee,Court of Criminal Appeals - Eastern Division,NA,,"Replace - James C. Witt, Jr.",1408
Coffee,Court of Criminal Appeals - Eastern Division,NA,,"Replace - Robert H. Montgomery, Jr.",1384
Coffee,Court of Criminal Appeals - Eastern Division,NA,,"Retain - James C. Witt, Jr.",4001
Coffee,Court of Criminal Appeals - Eastern Division,NA,,"Retain - Robert H. Montgomery, Jr.",4032
Coffee,Court of Criminal Appeals - Middle Division,NA,,Replace - Jill Bartee Ayers,1376
Coffee,Court of Criminal Appeals - Middle Division,NA,,"Replace - Robert L. Holloway, Jr.",1387
Coffee,Court of Criminal Appeals - Middle Division,NA,,Replace - Robert W. Wedemeyer,1430
Coffee,Court of Criminal Appeals - Middle Division,NA,,Replace - Timothy L. Easter,1411
Coffee,Court of Criminal Appeals - Middle Division,NA,,Retain - Jill Bartee Ayers,4081
Coffee,Court of Criminal Appeals - Middle Division,NA,,"Retain - Robert L. Holloway, Jr.",4082
Coffee,Court of Criminal Appeals - Middle Division,NA,,Retain - Robert W. Wedemeyer,4008
Coffee,Court of Criminal Appeals - Middle Division,NA,,Retain - Timothy L. Easter,4021
Coffee,Court of Criminal Appeals - Western Division,NA,,Replace - Camille McMullen,1430
Coffee,Court of Criminal Appeals - Western Division,NA,,Replace - J. Ross Dyer,1410
Coffee,Court of Criminal Appeals - Western Division,NA,,Replace - John Everett Williams,1406
Coffee,Court of Criminal Appeals - Western Division,NA,,"Replace - John W. Campbell, Sr.",1383
Coffee,Court of Criminal Appeals - Western Division,NA,,Retain - Camille McMullen,4033
Coffee,Court of Criminal Appeals - Western Division,NA,,Retain - J. Ross Dyer,4041
Coffee,Court of Criminal Appeals - Western Division,NA,,Retain - John Everett Williams,4084
Coffee,Court of Criminal Appeals - Western Division,NA,,"Retain - John W. Campbell, Sr.",4071
Coffee,Supreme Court,NA,,Replace - Holly Kirby,1432
Coffee,Supreme Court,NA,,Replace - Jeffrey S. Bivins,1510
Coffee,Supreme Court,NA,,Replace - Roger A. Page,1466
Coffee,Supreme Court,NA,,Replace - Sarah K. Campbell,1436
Coffee,Supreme Court,NA,,Replace - Sharon Gail Lee,1478
Coffee,Supreme Court,NA,,Retain - Holly Kirby,4302
Coffee,Supreme Court,NA,,Retain - Jeffrey S. Bivins,4326
Coffee,Supreme Court,NA,,Retain - Roger A. Page,4196
Coffee,Supreme Court,NA,,Retain - Sarah K. Campbell,4332
Coffee,Supreme Court,NA,,Retain - Sharon Gail Lee,4221
Coffee,Governor,NA,Democratic,Carnita Faye Atwater,429
Coffee,Governor,NA,Democratic,JB Smiley Jr.,249
Coffee,Governor,NA,Democratic,Jason Brantley Martin,701
Coffee,Governor,NA,Republican,Bill Lee,6090
Crockett,State Executive Committeeman,25,Democratic,Ernest Brooks II,115
Crockett,State Executive Committeewoman,25,Democratic,Patsy Garey Johnson,91
Crockett,State Senate,25,Democratic,No Candidate Qualified,0
Crockett,State Executive Committeeman,25,Republican,Jimmy Harris,496
Crockett,State Executive Committeeman,25,Republican,Steve Yahnke,36
Crockett,State Executive Committeewoman,25,Republican,Shannon Haynes,543
Crockett,State Senate,25,Republican,Ed Jackson,606
Crockett,Circuit Court Judge,28,Independent,Clayburn Peeples,776
Crockett,Chancellor,28,Republican,Michael Mansfield,897
Crockett,Circuit Court Judge,28,Republican,Jeff Mueller,235
Crockett,District Attorney General,28,Republican,Frederick Agee,735
Crockett,Public Defender,28,Republican,Rachele Gibson,673
Crockett,U.S. House,8,Democratic,Lynnette P. Williams,61
Crockett,U.S. House,8,Democratic,Tim McDonald,60
Crockett,U.S. House,8,Republican,Bob Hendry,83
Crockett,U.S. House,8,Republican,Danny Ray Bridger Jr,24
Crockett,U.S. House,8,Republican,David Kustoff,568
Crockett,U.S. House,8,Republican,Gary Dean Clouse,18
Crockett,State House,82,Democratic,No Candidate Qualified,0
Crockett,State House,82,Republican,Chris Hurt,634
Crockett,Court of Appeals - Eastern Division,NA,,Replace - John W. McClarty,115
Crockett,Court of Appeals - Eastern Division,NA,,Replace - Kristi Davis,99
Crockett,Court of Appeals - Eastern Division,NA,,Replace - Mike Swiney,99
Crockett,Court of Appeals - Eastern Division,NA,,"Replace - Thomas R. ""Skip"" Frierson",97
Crockett,Court of Appeals - Eastern Division,NA,,Retain - John W. McClarty,382
Crockett,Court of Appeals - Eastern Division,NA,,Retain - Kristi Davis,403
Crockett,Court of Appeals - Eastern Division,NA,,Retain - Mike Swiney,397
Crockett,Court of Appeals - Eastern Division,NA,,"Retain - Thomas R. ""Skip"" Frierson",398
Crockett,Court of Appeals - Middle Division,NA,,Replace - Andy D. Bennett,108
Crockett,Court of Appeals - Middle Division,NA,,Replace - Frank Clement,106
Crockett,Court of Appeals - Middle Division,NA,,Replace - Neal McBrayer,95
Crockett,Court of Appeals - Middle Division,NA,,Retain - Andy D. Bennett,383
Crockett,Court of Appeals - Middle Division,NA,,Retain - Frank Clement,406
Crockett,Court of Appeals - Middle Division,NA,,Retain - Neal McBrayer,392
Crockett,Court of Appeals - Western Division,NA,,Replace - Arnold B. Goldin,91
Crockett,Court of Appeals - Western Division,NA,,Replace - Carma Dennis McGee,94
Crockett,Court of Appeals - Western Division,NA,,Replace - Kenny W. Armstrong,95
Crockett,Court of Appeals - Western Division,NA,,Replace - Steve Stafford,109
Crockett,Court of Appeals - Western Division,NA,,Retain - Arnold B. Goldin,399
Crockett,Court of Appeals - Western Division,NA,,Retain - Carma Dennis McGee,395
Crockett,Court of Appeals - Western Division,NA,,Retain - Kenny W. Armstrong,397
Crockett,Court of Appeals - Western Division,NA,,Retain - Steve Stafford,389
Crockett,Court of Criminal Appeals - Eastern Division,NA,,"Replace - James C. Witt, Jr.",100
Crockett,Court of Criminal Appeals - Eastern Division,NA,,"Replace - Robert H. Montgomery, Jr.",92
Crockett,Court of Criminal Appeals - Eastern Division,NA,,"Retain - James C. Witt, Jr.",384
Crockett,Court of Criminal Appeals - Eastern Division,NA,,"Retain - Robert H. Montgomery, Jr.",394
Crockett,Court of Criminal Appeals - Middle Division,NA,,Replace - Jill Bartee Ayers,90
Crockett,Court of Criminal Appeals - Middle Division,NA,,"Replace - Robert L. Holloway, Jr.",101
Crockett,Court of Criminal Appeals - Middle Division,NA,,Replace - Robert W. Wedemeyer,107
Crockett,Court of Criminal Appeals - Middle Division,NA,,Replace - Timothy L. Easter,94
Crockett,Court of Criminal Appeals - Middle Division,NA,,Retain - Jill Bartee Ayers,392
Crockett,Court of Criminal Appeals - Middle Division,NA,,"Retain - Robert L. Holloway, Jr.",382
Crockett,Court of Criminal Appeals - Middle Division,NA,,Retain - Robert W. Wedemeyer,372
Crockett,Court of Criminal Appeals - Middle Division,NA,,Retain - Timothy L. Easter,386
Crockett,Court of Criminal Appeals - Western Division,NA,,Replace - Camille McMullen,110
Crockett,Court of Criminal Appeals - Western Division,NA,,Replace - J. Ross Dyer,100
Crockett,Court of Criminal Appeals - Western Division,NA,,Replace - John Everett Williams,95
Crockett,Court of Criminal Appeals - Western Division,NA,,"Replace - John W. Campbell, Sr.",95
Crockett,Court of Criminal Appeals - Western Division,NA,,Retain - Camille McMullen,375
Crockett,Court of Criminal Appeals - Western Division,NA,,Retain - J. Ross Dyer,387
Crockett,Court of Criminal Appeals - Western Division,NA,,Retain - John Everett Williams,395
Crockett,Court of Criminal Appeals - Western Division,NA,,"Retain - John W. Campbell, Sr.",388
Crockett,Supreme Court,NA,,Replace - Holly Kirby,115
Crockett,Supreme Court,NA,,Replace - Jeffrey S. Bivins,120
Crockett,Supreme Court,NA,,Replace - Roger A. Page,97
Crockett,Supreme Court,NA,,Replace - Sarah K. Campbell,118
Crockett,Supreme Court,NA,,Replace - Sharon Gail Lee,120
Crockett,Supreme Court,NA,,Retain - Holly Kirby,424
Crockett,Supreme Court,NA,,Retain - Jeffrey S. Bivins,435
Crockett,Supreme Court,NA,,Retain - Roger A. Page,425
Crockett,Supreme Court,NA,,Retain - Sarah K. Campbell,430
Crockett,Supreme Court,NA,,Retain - Sharon Gail Lee,407
Crockett,Governor,NA,Democratic,Carnita Faye Atwater,33
Crockett,Governor,NA,Democratic,JB Smiley Jr.,29
Crockett,Governor,NA,Democratic,Jason Brantley Martin,73
Crockett,Governor,NA,Republican,Bill Lee,678
Cumberland,Circuit Court Judge Part I,13,Independent,Amy Turnbull Hollars,2047
Cumberland,Chancellor,13,Republican,Ronald Thurman,7201
Cumberland,Circuit Court Judge Part I,13,Republican,"William T. ""Will"" Ridley",7069
Cumberland,Circuit Court Judge Part II,13,Republican,Caroline E. Knight,7635
Cumberland,Criminal Court Judge Part I,13,Republican,Gary S. McKenzie,7525
Cumberland,Criminal Court Judge Part II,13,Republican,Wesley Bray,7115
Cumberland,District Attorney General,13,Republican,Bryant C. Dunaway,7469
Cumberland,Public Defender,13,Republican,Craig P. Fickling Jr.,6880
Cumberland,State Executive Committeeman,15,Democratic,No Candidate Qualified,0
Cumberland,State Executive Committeewoman,15,Democratic,Anne Ferrell Quillen,1116
Cumberland,State Senate,15,Democratic,No Candidate Qualified,0
Cumberland,State Executive Committeeman,15,Republican,Bill Loos,906
Cumberland,State Executive Committeeman,15,Republican,Mike Callahan,5165
Cumberland,State Executive Committeewoman,15,Republican,Linda Clark,6358
Cumberland,State Senate,15,Republican,Paul Bailey,6930
Cumberland,State House,25,Democratic,Anne Ferrell Quillen,1079
Cumberland,State House,25,Republican,Cameron Sexton,7151
Cumberland,U.S. House,6,Democratic,Clay Faircloth,270
Cumberland,U.S. House,6,Democratic,Randal Cooper,773
Cumberland,U.S. House,6,Republican,John Rose,6876
Cumberland,Court of Appeals - Eastern Division,NA,,Replace - John W. McClarty,1434
Cumberland,Court of Appeals - Eastern Division,NA,,Replace - Kristi Davis,1316
Cumberland,Court of Appeals - Eastern Division,NA,,Replace - Mike Swiney,1352
Cumberland,Court of Appeals - Eastern Division,NA,,"Replace - Thomas R. ""Skip"" Frierson",1425
Cumberland,Court of Appeals - Eastern Division,NA,,Retain - John W. McClarty,5282
Cumberland,Court of Appeals - Eastern Division,NA,,Retain - Kristi Davis,5403
Cumberland,Court of Appeals - Eastern Division,NA,,Retain - Mike Swiney,5298
Cumberland,Court of Appeals - Eastern Division,NA,,"Retain - Thomas R. ""Skip"" Frierson",5267
Cumberland,Court of Appeals - Middle Division,NA,,Replace - Andy D. Bennett,1399
Cumberland,Court of Appeals - Middle Division,NA,,Replace - Frank Clement,1478
Cumberland,Court of Appeals - Middle Division,NA,,Replace - Neal McBrayer,1394
Cumberland,Court of Appeals - Middle Division,NA,,Retain - Andy D. Bennett,5222
Cumberland,Court of Appeals - Middle Division,NA,,Retain - Frank Clement,5286
Cumberland,Court of Appeals - Middle Division,NA,,Retain - Neal McBrayer,5256
Cumberland,Court of Appeals - Western Division,NA,,Replace - Arnold B. Goldin,1388
Cumberland,Court of Appeals - Western Division,NA,,Replace - Carma Dennis McGee,1360
Cumberland,Court of Appeals - Western Division,NA,,Replace - Kenny W. Armstrong,1353
Cumberland,Court of Appeals - Western Division,NA,,Replace - Steve Stafford,1410
Cumberland,Court of Appeals - Western Division,NA,,Retain - Arnold B. Goldin,5139
Cumberland,Court of Appeals - Western Division,NA,,Retain - Carma Dennis McGee,5191
Cumberland,Court of Appeals - Western Division,NA,,Retain - Kenny W. Armstrong,5186
Cumberland,Court of Appeals - Western Division,NA,,Retain - Steve Stafford,5155
Cumberland,Court of Criminal Appeals - Eastern Division,NA,,"Replace - James C. Witt, Jr.",1343
Cumberland,Court of Criminal Appeals - Eastern Division,NA,,"Replace - Robert H. Montgomery, Jr.",1328
Cumberland,Court of Criminal Appeals - Eastern Division,NA,,"Retain - James C. Witt, Jr.",5198
Cumberland,Court of Criminal Appeals - Eastern Division,NA,,"Retain - Robert H. Montgomery, Jr.",5220
Cumberland,Court of Criminal Appeals - Middle Division,NA,,Replace - Jill Bartee Ayers,1340
Cumberland,Court of Criminal Appeals - Middle Division,NA,,"Replace - Robert L. Holloway, Jr.",1305
Cumberland,Court of Criminal Appeals - Middle Division,NA,,Replace - Robert W. Wedemeyer,1378
Cumberland,Court of Criminal Appeals - Middle Division,NA,,Replace - Timothy L. Easter,1362
Cumberland,Court of Criminal Appeals - Middle Division,NA,,Retain - Jill Bartee Ayers,5215
Cumberland,Court of Criminal Appeals - Middle Division,NA,,"Retain - Robert L. Holloway, Jr.",5233
Cumberland,Court of Criminal Appeals - Middle Division,NA,,Retain - Robert W. Wedemeyer,5097
Cumberland,Court of Criminal Appeals - Middle Division,NA,,Retain - Timothy L. Easter,5163
Cumberland,Court of Criminal Appeals - Western Division,NA,,Replace - Camille McMullen,1391
Cumberland,Court of Criminal Appeals - Western Division,NA,,Replace - J. Ross Dyer,1361
Cumberland,Court of Criminal Appeals - Western Division,NA,,Replace - John Everett Williams,1353
Cumberland,Court of Criminal Appeals - Western Division,NA,,"Replace - John W. Campbell, Sr.",1348
Cumberland,Court of Criminal Appeals - Western Division,NA,,Retain - Camille McMullen,5151
Cumberland,Court of Criminal Appeals - Western Division,NA,,Retain - J. Ross Dyer,5138
Cumberland,Court of Criminal Appeals - Western Division,NA,,Retain - John Everett Williams,5183
Cumberland,Court of Criminal Appeals - Western Division,NA,,"Retain - John W. Campbell, Sr.",5158
Cumberland,Supreme Court,NA,,Replace - Holly Kirby,1358
Cumberland,Supreme Court,NA,,Replace - Jeffrey S. Bivins,1502
Cumberland,Supreme Court,NA,,Replace - Roger A. Page,1400
Cumberland,Supreme Court,NA,,Replace - Sarah K. Campbell,1415
Cumberland,Supreme Court,NA,,Replace - Sharon Gail Lee,1493
Cumberland,Supreme Court,NA,,Retain - Holly Kirby,5464
Cumberland,Supreme Court,NA,,Retain - Jeffrey S. Bivins,5392
Cumberland,Supreme Court,NA,,Retain - Roger A. Page,5341
Cumberland,Supreme Court,NA,,Retain - Sarah K. Campbell,5444
Cumberland,Supreme Court,NA,,Retain - Sharon Gail Lee,5367
Cumberland,Governor,NA,Democratic,Carnita Faye Atwater,309
Cumberland,Governor,NA,Democratic,JB Smiley Jr.,220
Cumberland,Governor,NA,Democratic,Jason Brantley Martin,592
Cumberland,Governor,NA,Republican,Bill Lee,7206
Davidson,State Executive Committeeman,17,Democratic,Aubrey T. Givens,3145
Davidson,State Executive Committeewoman,17,Democratic,Mary Alice Carfi,3125
Davidson,State Senate,17,Democratic,No Candidate Qualified,0
Davidson,State Executive Committeeman,17,Republican,Jerry Beavers,1236
Davidson,State Executive Committeewoman,17,Republican,Helene Singer Cash,425
Davidson,State Executive Committeewoman,17,Republican,Terri Nicholson,842
Davidson,State Senate,17,Republican,Mark Pody,1319
Davidson,State Executive Committeeman,19,Democratic,No Candidate Qualified,0
Davidson,State Executive Committeewoman,19,Democratic,Write-In - Michelle V. Brown,4
Davidson,State Senate,19,Democratic,Barry Barlow,454
Davidson,State Senate,19,Democratic,Charlane Oliver,5801
Davidson,State Senate,19,Democratic,Jerry Maynard,5152
Davidson,State Senate,19,Democratic,Ludye N. Wallace,1521
Davidson,State Senate,19,Democratic,Rossi Turner,336
Davidson,State Executive Committeeman,19,Republican,"Charles ""Chase"" Montgomery",980
Davidson,State Executive Committeewoman,19,Republican,No Candidate Qualified,0
Davidson,State Senate,19,Republican,Pime Hernandez,1037
Davidson,Chancellor Part III,20,,Write-In - Leroy Johnston Ellis IV,1251
Davidson,Chancellor Part I,20,Democratic,Patricia Head Moskal,46647
Davidson,Chancellor Part II,20,Democratic,Anne C. Martin,46890
Davidson,Chancellor Part III,20,Democratic,I'Ashea L. Myles,46732
Davidson,Chancellor Part IV,20,Democratic,Russell Perkins,46341
Davidson,Circuit Court Judge Division I,20,Democratic,David Briley,49874
Davidson,Circuit Court Judge Division II,20,Democratic,Amanda McClendon,48388
Davidson,Circuit Court Judge Division III,20,Democratic,Phillip Robinson,49211
Davidson,Circuit Court Judge Division IV,20,Democratic,Philip E. Smith,47880
Davidson,Circuit Court Judge Division V,20,Democratic,"Joe Binkley, Jr.",49175
Davidson,Circuit Court Judge Division VI,20,Democratic,Tom Brothers,48099
Davidson,Circuit Court Judge Division VII,20,Democratic,Andra Hedrick,47693
Davidson,Circuit Court Judge Division VIII,20,Democratic,Lynne T Ingram,47182
Davidson,Criminal Court Judge Division I,20,Democratic,Steve R. Dozier,47966
Davidson,Criminal Court Judge Division II,20,Democratic,Angie Blackshear Dalton,47416
Davidson,Criminal Court Judge Division III,20,Democratic,Cheryl Blackburn,46947
Davidson,Criminal Court Judge Division IV,20,Democratic,Jennifer Smith,46332
Davidson,Criminal Court Judge Division V,20,Democratic,Khadija Babb,46674
Davidson,Criminal Court Judge Division VI,20,Democratic,Cynthia Chappell,46399
Davidson,District Attorney General,20,Democratic,Glenn Funk,46699
Davidson,Public Defender,20,Democratic,Martesha L. Johnson,46776
Davidson,State Executive Committeeman,20,Democratic,Kris Murphy,15420
Davidson,State Executive Committeewoman,20,Democratic,Lee Jones,15276
Davidson,State Executive Committeeman,20,Republican,Ron McDow,6926
Davidson,State Executive Committeewoman,20,Republican,Karen Moore,4684
Davidson,State Executive Committeewoman,20,Republican,Lulu Rogers Elam,5334
Davidson,State Executive Committeeman,21,Democratic,John Summers,5460
Davidson,State Executive Committeeman,21,Democratic,Mikey Pastrana,4435
Davidson,State Executive Committeewoman,21,Democratic,Jolie Grace Wareham,10572
Davidson,State Senate,21,Democratic,Jeff Yarbro,11496
Davidson,State Executive Committeeman,21,Republican,John D. Richardson,1671
Davidson,State Executive Committeeman,21,Republican,"Larry ""Chuck"" Grimes",1535
Davidson,State Executive Committeewoman,21,Republican,Beverly B. Knight,2727
Davidson,State Senate,21,Republican,No Candidate Qualified,0
Davidson,U.S. House,5,Democratic,Heidi Campbell,19780
Davidson,U.S. House,5,Republican,Andy Ogles,2827
Davidson,U.S. House,5,Republican,Beth Harwell,5274
Davidson,U.S. House,5,Republican,Geni Batchelor,200
Davidson,U.S. House,5,Republican,Jeff Beierlein,1155
Davidson,U.S. House,5,Republican,Kurt Winstead,3283
Davidson,U.S. House,5,Republican,Natisha Brooks,285
Davidson,U.S. House,5,Republican,Stewart T. Parks,90
Davidson,U.S. House,5,Republican,Timothy Bruce Lee,175
Davidson,U.S. House,5,Republican,Tres Wittum,106
Davidson,U.S. House,5,Republican,Write-In - Robby Starbuck Newsom,771
Davidson,State House,50,Democratic,Bo Mitchell,3650
Davidson,State House,50,Republican,No Candidate Qualified,0
Davidson,State House,51,Democratic,Bill Beck,5770
Davidson,State House,51,Republican,No Candidate Qualified,0
Davidson,State House,52,Democratic,Delishia Porterfield,1718
Davidson,State House,52,Democratic,Justin Jones,1956
Davidson,State House,52,Republican,No Candidate Qualified,0
Davidson,State House,53,Democratic,Jason L. Powell,3368
Davidson,State House,53,Republican,Dia Hart,1062
Davidson,State House,53,Republican,Write-In - Yog Nepal,8
Davidson,State House,54,Democratic,Vincent Dixie,5920
Davidson,State House,54,Republican,No Candidate Qualified,0
Davidson,State House,55,Democratic,John Ray Clemmons,2601
Davidson,State House,55,Republican,No Candidate Qualified,0
Davidson,State House,56,Democratic,Bob Freeman,5866
Davidson,State House,56,Republican,No Candidate Qualified,0
Davidson,State House,58,Democratic,"Harold M. Love, Jr.",3735
Davidson,State House,58,Republican,No Candidate Qualified,0
Davidson,State House,59,Democratic,Caleb Hemmer,5274
Davidson,State House,59,Republican,Michelle Foreman,3439
Davidson,State House,59,Republican,Wyatt Rampy,2108
Davidson,U.S. House,6,Democratic,Clay Faircloth,3026
Davidson,U.S. House,6,Democratic,Randal Cooper,8961
Davidson,U.S. House,6,Republican,John Rose,2657
Davidson,State House,60,Democratic,Darren Jernigan,3876
Davidson,State House,60,Republican,Christopher Huff,2026
Davidson,U.S. House,7,Democratic,Odessa Kelly,10776
Davidson,U.S. House,7,Republican,Mark E Green,1879
Davidson,Court of Appeals - Eastern Division,NA,,Replace - John W. McClarty,14910
Davidson,Court of Appeals - Eastern Division,NA,,Replace - Kristi Davis,15888
Davidson,Court of Appeals - Eastern Division,NA,,Replace - Mike Swiney,16857
Davidson,Court of Appeals - Eastern Division,NA,,"Replace - Thomas R. ""Skip"" Frierson",17396
Davidson,Court of Appeals - Eastern Division,NA,,Retain - John W. McClarty,35356
Davidson,Court of Appeals - Eastern Division,NA,,Retain - Kristi Davis,35449
Davidson,Court of Appeals - Eastern Division,NA,,Retain - Mike Swiney,33302
Davidson,Court of Appeals - Eastern Division,NA,,"Retain - Thomas R. ""Skip"" Frierson",33320
Davidson,Court of Appeals - Middle Division,NA,,Replace - Andy D. Bennett,15001
Davidson,Court of Appeals - Middle Division,NA,,Replace - Frank Clement,14565
Davidson,Court of Appeals - Middle Division,NA,,Replace - Neal McBrayer,16153
Davidson,Court of Appeals - Middle Division,NA,,Retain - Andy D. Bennett,35417
Davidson,Court of Appeals - Middle Division,NA,,Retain - Frank Clement,37159
Davidson,Court of Appeals - Middle Division,NA,,Retain - Neal McBrayer,33769
Davidson,Court of Appeals - Western Division,NA,,Replace - Arnold B. Goldin,16112
Davidson,Court of Appeals - Western Division,NA,,Replace - Carma Dennis McGee,15440
Davidson,Court of Appeals - Western Division,NA,,Replace - Kenny W. Armstrong,15090
Davidson,Court of Appeals - Western Division,NA,,Replace - Steve Stafford,14768
Davidson,Court of Appeals - Western Division,NA,,Retain - Arnold B. Goldin,33236
Davidson,Court of Appeals - Western Division,NA,,Retain - Carma Dennis McGee,34038
Davidson,Court of Appeals - Western Division,NA,,Retain - Kenny W. Armstrong,34407
Davidson,Court of Appeals - Western Division,NA,,Retain - Steve Stafford,34633
Davidson,Court of Criminal Appeals - Eastern Division,NA,,"Replace - James C. Witt, Jr.",16137
Davidson,Court of Criminal Appeals - Eastern Division,NA,,"Replace - Robert H. Montgomery, Jr.",16097
Davidson,Court of Criminal Appeals - Eastern Division,NA,,"Retain - James C. Witt, Jr.",33111
Davidson,Court of Criminal Appeals - Eastern Division,NA,,"Retain - Robert H. Montgomery, Jr.",33084
Davidson,Court of Criminal Appeals - Middle Division,NA,,Replace - Jill Bartee Ayers,15558
Davidson,Court of Criminal Appeals - Middle Division,NA,,"Replace - Robert L. Holloway, Jr.",16321
Davidson,Court of Criminal Appeals - Middle Division,NA,,Replace - Robert W. Wedemeyer,16529
Davidson,Court of Criminal Appeals - Middle Division,NA,,Replace - Timothy L. Easter,15948
Davidson,Court of Criminal Appeals - Middle Division,NA,,Retain - Jill Bartee Ayers,34201
Davidson,Court of Criminal Appeals - Middle Division,NA,,"Retain - Robert L. Holloway, Jr.",33503
Davidson,Court of Criminal Appeals - Middle Division,NA,,Retain - Robert W. Wedemeyer,33247
Davidson,Court of Criminal Appeals - Middle Division,NA,,Retain - Timothy L. Easter,33900
Davidson,Court of Criminal Appeals - Western Division,NA,,Replace - Camille McMullen,12688
Davidson,Court of Criminal Appeals - Western Division,NA,,Replace - J. Ross Dyer,16051
Davidson,Court of Criminal Appeals - Western Division,NA,,Replace - John Everett Williams,15752
Davidson,Court of Criminal Appeals - Western Division,NA,,"Replace - John W. Campbell, Sr.",16340
Davidson,Court of Criminal Appeals - Western Division,NA,,Retain - Camille McMullen,37140
Davidson,Court of Criminal Appeals - Western Division,NA,,Retain - J. Ross Dyer,33333
Davidson,Court of Criminal Appeals - Western Division,NA,,Retain - John Everett Williams,33785
Davidson,Court of Criminal Appeals - Western Division,NA,,"Retain - John W. Campbell, Sr.",33183
Davidson,Supreme Court,NA,,Replace - Holly Kirby,15935
Davidson,Supreme Court,NA,,Replace - Jeffrey S. Bivins,18965
Davidson,Supreme Court,NA,,Replace - Roger A. Page,18603
Davidson,Supreme Court,NA,,Replace - Sarah K. Campbell,18435
Davidson,Supreme Court,NA,,Replace - Sharon Gail Lee,14289
Davidson,Supreme Court,NA,,Retain - Holly Kirby,36681
Davidson,Supreme Court,NA,,Retain - Jeffrey S. Bivins,33827
Davidson,Supreme Court,NA,,Retain - Roger A. Page,33494
Davidson,Supreme Court,NA,,Retain - Sarah K. Campbell,34433
Davidson,Supreme Court,NA,,Retain - Sharon Gail Lee,38414
Davidson,Governor,NA,Democratic,Carnita Faye Atwater,8468
Davidson,Governor,NA,Democratic,JB Smiley Jr.,15402
Davidson,Governor,NA,Democratic,Jason Brantley Martin,21757
Davidson,Governor,NA,Republican,Bill Lee,18255
DeKalb,Circuit Court Judge Part I,13,Independent,Amy Turnbull Hollars,1343
DeKalb,Chancellor,13,Republican,Ronald Thurman,2871
DeKalb,Circuit Court Judge Part I,13,Republican,"William T. ""Will"" Ridley",2346
DeKalb,Circuit Court Judge Part II,13,Republican,Caroline E. Knight,2840
DeKalb,Criminal Court Judge Part I,13,Republican,Gary S. McKenzie,2753
DeKalb,Criminal Court Judge Part II,13,Republican,Wesley Bray,2701
DeKalb,District Attorney General,13,Republican,Bryant C. Dunaway,2776
DeKalb,Public Defender,13,Republican,Craig P. Fickling Jr.,2578
DeKalb,State Executive Committeeman,16,Democratic,Bobby Eddress Bush Jr.,454
DeKalb,State Executive Committeewoman,16,Democratic,Sheila Younglove,490
DeKalb,State Executive Committeeman,16,Republican,Jerry S. Anderson,2139
DeKalb,State Executive Committeewoman,16,Republican,Amy L. Dennis,2108
DeKalb,State House,40,Democratic,Tom Cook,504
DeKalb,State House,40,Republican,Michael Hale,2393
DeKalb,State House,40,Republican,Terri Lynn Weaver,1152
DeKalb,U.S. House,6,Democratic,Clay Faircloth,123
DeKalb,U.S. House,6,Democratic,Randal Cooper,398
DeKalb,U.S. House,6,Republican,John Rose,2627
DeKalb,Court of Appeals - Eastern Division,NA,,Replace - John W. McClarty,606
DeKalb,Court of Appeals - Eastern Division,NA,,Replace - Kristi Davis,572
DeKalb,Court of Appeals - Eastern Division,NA,,Replace - Mike Swiney,563
DeKalb,Court of Appeals - Eastern Division,NA,,"Replace - Thomas R. ""Skip"" Frierson",587
DeKalb,Court of Appeals - Eastern Division,NA,,Retain - John W. McClarty,1679
DeKalb,Court of Appeals - Eastern Division,NA,,Retain - Kristi Davis,1735
DeKalb,Court of Appeals - Eastern Division,NA,,Retain - Mike Swiney,1691
DeKalb,Court of Appeals - Eastern Division,NA,,"Retain - Thomas R. ""Skip"" Frierson",1707
DeKalb,Court of Appeals - Middle Division,NA,,Replace - Andy D. Bennett,579
DeKalb,Court of Appeals - Middle Division,NA,,Replace - Frank Clement,620
DeKalb,Court of Appeals - Middle Division,NA,,Replace - Neal McBrayer,566
DeKalb,Court of Appeals - Middle Division,NA,,Retain - Andy D. Bennett,1672
DeKalb,Court of Appeals - Middle Division,NA,,Retain - Frank Clement,1698
DeKalb,Court of Appeals - Middle Division,NA,,Retain - Neal McBrayer,1685
DeKalb,Court of Appeals - Western Division,NA,,Replace - Arnold B. Goldin,554
DeKalb,Court of Appeals - Western Division,NA,,Replace - Carma Dennis McGee,546
DeKalb,Court of Appeals - Western Division,NA,,Replace - Kenny W. Armstrong,575
DeKalb,Court of Appeals - Western Division,NA,,Replace - Steve Stafford,580
DeKalb,Court of Appeals - Western Division,NA,,Retain - Arnold B. Goldin,1645
DeKalb,Court of Appeals - Western Division,NA,,Retain - Carma Dennis McGee,1666
DeKalb,Court of Appeals - Western Division,NA,,Retain - Kenny W. Armstrong,1639
DeKalb,Court of Appeals - Western Division,NA,,Retain - Steve Stafford,1630
DeKalb,Court of Criminal Appeals - Eastern Division,NA,,"Replace - James C. Witt, Jr.",541
DeKalb,Court of Criminal Appeals - Eastern Division,NA,,"Replace - Robert H. Montgomery, Jr.",534
DeKalb,Court of Criminal Appeals - Eastern Division,NA,,"Retain - James C. Witt, Jr.",1655
DeKalb,Court of Criminal Appeals - Eastern Division,NA,,"Retain - Robert H. Montgomery, Jr.",1666
DeKalb,Court of Criminal Appeals - Middle Division,NA,,Replace - Jill Bartee Ayers,528
DeKalb,Court of Criminal Appeals - Middle Division,NA,,"Replace - Robert L. Holloway, Jr.",553
DeKalb,Court of Criminal Appeals - Middle Division,NA,,Replace - Robert W. Wedemeyer,568
DeKalb,Court of Criminal Appeals - Middle Division,NA,,Replace - Timothy L. Easter,536
DeKalb,Court of Criminal Appeals - Middle Division,NA,,Retain - Jill Bartee Ayers,1676
DeKalb,Court of Criminal Appeals - Middle Division,NA,,"Retain - Robert L. Holloway, Jr.",1649
DeKalb,Court of Criminal Appeals - Middle Division,NA,,Retain - Robert W. Wedemeyer,1622
DeKalb,Court of Criminal Appeals - Middle Division,NA,,Retain - Timothy L. Easter,1659
DeKalb,Court of Criminal Appeals - Western Division,NA,,Replace - Camille McMullen,588
DeKalb,Court of Criminal Appeals - Western Division,NA,,Replace - J. Ross Dyer,551
DeKalb,Court of Criminal Appeals - Western Division,NA,,Replace - John Everett Williams,556
DeKalb,Court of Criminal Appeals - Western Division,NA,,"Replace - John W. Campbell, Sr.",538
DeKalb,Court of Criminal Appeals - Western Division,NA,,Retain - Camille McMullen,1648
DeKalb,Court of Criminal Appeals - Western Division,NA,,Retain - J. Ross Dyer,1633
DeKalb,Court of Criminal Appeals - Western Division,NA,,Retain - John Everett Williams,1665
DeKalb,Court of Criminal Appeals - Western Division,NA,,"Retain - John W. Campbell, Sr.",1644
DeKalb,Supreme Court,NA,,Replace - Holly Kirby,590
DeKalb,Supreme Court,NA,,Replace - Jeffrey S. Bivins,632
DeKalb,Supreme Court,NA,,Replace - Roger A. Page,585
DeKalb,Supreme Court,NA,,Replace - Sarah K. Campbell,599
DeKalb,Supreme Court,NA,,Replace - Sharon Gail Lee,635
DeKalb,Supreme Court,NA,,Retain - Holly Kirby,1811
DeKalb,Supreme Court,NA,,Retain - Jeffrey S. Bivins,1811
DeKalb,Supreme Court,NA,,Retain - Roger A. Page,1733
DeKalb,Supreme Court,NA,,Retain - Sarah K. Campbell,1819
DeKalb,Supreme Court,NA,,Retain - Sharon Gail Lee,1763
DeKalb,Governor,NA,Democratic,Carnita Faye Atwater,158
DeKalb,Governor,NA,Democratic,JB Smiley Jr.,111
DeKalb,Governor,NA,Democratic,Jason Brantley Martin,302
DeKalb,Governor,NA,Republican,Bill Lee,2893
Decatur,Chancellor,24,Republican,Vicki Hodge Hoover,2043
Decatur,Circuit Court Judge Part I,24,Republican,Brent Bradberry,2064
Decatur,Circuit Court Judge Part II,24,Republican,Bruce Irwin Griffey,2020
Decatur,District Attorney General,24,Republican,Neil Thompson,2166
Decatur,Public Defender,24,Republican,"Robert ""Tas"" Gardner",1987
Decatur,State Executive Committeeman,25,Democratic,Ernest Brooks II,216
Decatur,State Executive Committeewoman,25,Democratic,Patsy Garey Johnson,229
Decatur,State Senate,25,Democratic,No Candidate Qualified,0
Decatur,State Executive Committeeman,25,Republican,Jimmy Harris,1373
Decatur,State Executive Committeeman,25,Republican,Steve Yahnke,172
Decatur,State Executive Committeewoman,25,Republican,Shannon Haynes,1546
Decatur,State Senate,25,Republican,Ed Jackson,1728
Decatur,U.S. House,7,Democratic,Odessa Kelly,246
Decatur,U.S. House,7,Republican,Mark E Green,1874
Decatur,State House,72,Democratic,No Candidate Qualified,0
Decatur,State House,72,Republican,Kirk Haston,1981
Decatur,Court of Appeals - Eastern Division,NA,,Replace - John W. McClarty,442
Decatur,Court of Appeals - Eastern Division,NA,,Replace - Kristi Davis,433
Decatur,Court of Appeals - Eastern Division,NA,,Replace - Mike Swiney,436
Decatur,Court of Appeals - Eastern Division,NA,,"Replace - Thomas R. ""Skip"" Frierson",445
Decatur,Court of Appeals - Eastern Division,NA,,Retain - John W. McClarty,1171
Decatur,Court of Appeals - Eastern Division,NA,,Retain - Kristi Davis,1191
Decatur,Court of Appeals - Eastern Division,NA,,Retain - Mike Swiney,1170
Decatur,Court of Appeals - Eastern Division,NA,,"Retain - Thomas R. ""Skip"" Frierson",1173
Decatur,Court of Appeals - Middle Division,NA,,Replace - Andy D. Bennett,440
Decatur,Court of Appeals - Middle Division,NA,,Replace - Frank Clement,451
Decatur,Court of Appeals - Middle Division,NA,,Replace - Neal McBrayer,430
Decatur,Court of Appeals - Middle Division,NA,,Retain - Andy D. Bennett,1162
Decatur,Court of Appeals - Middle Division,NA,,Retain - Frank Clement,1177
Decatur,Court of Appeals - Middle Division,NA,,Retain - Neal McBrayer,1164
Decatur,Court of Appeals - Western Division,NA,,Replace - Arnold B. Goldin,424
Decatur,Court of Appeals - Western Division,NA,,Replace - Carma Dennis McGee,422
Decatur,Court of Appeals - Western Division,NA,,Replace - Kenny W. Armstrong,424
Decatur,Court of Appeals - Western Division,NA,,Replace - Steve Stafford,436
Decatur,Court of Appeals - Western Division,NA,,Retain - Arnold B. Goldin,1159
Decatur,Court of Appeals - Western Division,NA,,Retain - Carma Dennis McGee,1232
Decatur,Court of Appeals - Western Division,NA,,Retain - Kenny W. Armstrong,1176
Decatur,Court of Appeals - Western Division,NA,,Retain - Steve Stafford,1155
Decatur,Court of Criminal Appeals - Eastern Division,NA,,"Replace - James C. Witt, Jr.",439
Decatur,Court of Criminal Appeals - Eastern Division,NA,,"Replace - Robert H. Montgomery, Jr.",417
Decatur,Court of Criminal Appeals - Eastern Division,NA,,"Retain - James C. Witt, Jr.",1141
Decatur,Court of Criminal Appeals - Eastern Division,NA,,"Retain - Robert H. Montgomery, Jr.",1207
Decatur,Court of Criminal Appeals - Middle Division,NA,,Replace - Jill Bartee Ayers,425
Decatur,Court of Criminal Appeals - Middle Division,NA,,"Replace - Robert L. Holloway, Jr.",433
Decatur,Court of Criminal Appeals - Middle Division,NA,,Replace - Robert W. Wedemeyer,461
Decatur,Court of Criminal Appeals - Middle Division,NA,,Replace - Timothy L. Easter,433
Decatur,Court of Criminal Appeals - Middle Division,NA,,Retain - Jill Bartee Ayers,1162
Decatur,Court of Criminal Appeals - Middle Division,NA,,"Retain - Robert L. Holloway, Jr.",1149
Decatur,Court of Criminal Appeals - Middle Division,NA,,Retain - Robert W. Wedemeyer,1115
Decatur,Court of Criminal Appeals - Middle Division,NA,,Retain - Timothy L. Easter,1146
Decatur,Court of Criminal Appeals - Western Division,NA,,Replace - Camille McMullen,449
Decatur,Court of Criminal Appeals - Western Division,NA,,Replace - J. Ross Dyer,434
Decatur,Court of Criminal Appeals - Western Division,NA,,Replace - John Everett Williams,435
Decatur,Court of Criminal Appeals - Western Division,NA,,"Replace - John W. Campbell, Sr.",428
Decatur,Court of Criminal Appeals - Western Division,NA,,Retain - Camille McMullen,1133
Decatur,Court of Criminal Appeals - Western Division,NA,,Retain - J. Ross Dyer,1146
Decatur,Court of Criminal Appeals - Western Division,NA,,Retain - John Everett Williams,1165
Decatur,Court of Criminal Appeals - Western Division,NA,,"Retain - John W. Campbell, Sr.",1154
Decatur,Supreme Court,NA,,Replace - Holly Kirby,448
Decatur,Supreme Court,NA,,Replace - Jeffrey S. Bivins,492
Decatur,Supreme Court,NA,,Replace - Roger A. Page,441
Decatur,Supreme Court,NA,,Replace - Sarah K. Campbell,462
Decatur,Supreme Court,NA,,Replace - Sharon Gail Lee,454
Decatur,Supreme Court,NA,,Retain - Holly Kirby,1231
Decatur,Supreme Court,NA,,Retain - Jeffrey S. Bivins,1244
Decatur,Supreme Court,NA,,Retain - Roger A. Page,1212
Decatur,Supreme Court,NA,,Retain - Sarah K. Campbell,1242
Decatur,Supreme Court,NA,,Retain - Sharon Gail Lee,1204
Decatur,Governor,NA,Democratic,Carnita Faye Atwater,57
Decatur,Governor,NA,Democratic,JB Smiley Jr.,46
Decatur,Governor,NA,Democratic,Jason Brantley Martin,223
Decatur,Governor,NA,Republican,Bill Lee,2052
Dickson,State Executive Committeeman,23,Democratic,No Candidate Qualified,0
Dickson,State Executive Committeewoman,23,Democratic,No Candidate Qualified,0
Dickson,State Senate,23,Democratic,No Candidate Qualified,0
Dickson,Circuit Court Judge Division I,23,Independent,David D. Wolfe,6232
Dickson,Circuit Court Judge Division II,23,Republican,Larry J. Wallace,5490
Dickson,Circuit Court Judge Division III,23,Republican,Suzanne M. Lockert-Mash,5323
Dickson,District Attorney General,23,Republican,"Ray Crouch, Jr.",5544
Dickson,Public Defender,23,Republican,Matthew Mitchell,5194
Dickson,State Executive Committeeman,23,Republican,Larry Hillis,4377
Dickson,State Executive Committeewoman,23,Republican,Mary Ann Parks,4208
Dickson,State Senate,23,Republican,Kerry Roberts,4577
Dickson,State House,69,Democratic,Candie Loreeta Hedge,402
Dickson,State House,69,Democratic,Val Sloan,312
Dickson,State House,69,Republican,Angela Marie Redden,200
Dickson,State House,69,Republican,Brian Johnson,853
Dickson,State House,69,Republican,Jeff Eby,574
Dickson,State House,69,Republican,Jody Barrett,1349
Dickson,U.S. House,7,Democratic,Odessa Kelly,1353
Dickson,U.S. House,7,Republican,Mark E Green,4600
Dickson,State House,78,Democratic,Krystle James,630
Dickson,State House,78,Republican,Mary J Littleton,1935
Dickson,Court of Appeals - Eastern Division,NA,,Replace - John W. McClarty,1472
Dickson,Court of Appeals - Eastern Division,NA,,Replace - Kristi Davis,1355
Dickson,Court of Appeals - Eastern Division,NA,,Replace - Mike Swiney,1412
Dickson,Court of Appeals - Eastern Division,NA,,"Replace - Thomas R. ""Skip"" Frierson",1420
Dickson,Court of Appeals - Eastern Division,NA,,Retain - John W. McClarty,3910
Dickson,Court of Appeals - Eastern Division,NA,,Retain - Kristi Davis,4090
Dickson,Court of Appeals - Eastern Division,NA,,Retain - Mike Swiney,3920
Dickson,Court of Appeals - Eastern Division,NA,,"Retain - Thomas R. ""Skip"" Frierson",3973
Dickson,Court of Appeals - Middle Division,NA,,Replace - Andy D. Bennett,1401
Dickson,Court of Appeals - Middle Division,NA,,Replace - Frank Clement,1433
Dickson,Court of Appeals - Middle Division,NA,,Replace - Neal McBrayer,1368
Dickson,Court of Appeals - Middle Division,NA,,Retain - Andy D. Bennett,4076
Dickson,Court of Appeals - Middle Division,NA,,Retain - Frank Clement,4346
Dickson,Court of Appeals - Middle Division,NA,,Retain - Neal McBrayer,3941
Dickson,Court of Appeals - Western Division,NA,,Replace - Arnold B. Goldin,1400
Dickson,Court of Appeals - Western Division,NA,,Replace - Carma Dennis McGee,1351
Dickson,Court of Appeals - Western Division,NA,,Replace - Kenny W. Armstrong,1330
Dickson,Court of Appeals - Western Division,NA,,Replace - Steve Stafford,1383
Dickson,Court of Appeals - Western Division,NA,,Retain - Arnold B. Goldin,3840
Dickson,Court of Appeals - Western Division,NA,,Retain - Carma Dennis McGee,3874
Dickson,Court of Appeals - Western Division,NA,,Retain - Kenny W. Armstrong,3946
Dickson,Court of Appeals - Western Division,NA,,Retain - Steve Stafford,3816
Dickson,Court of Criminal Appeals - Eastern Division,NA,,"Replace - James C. Witt, Jr.",1344
Dickson,Court of Criminal Appeals - Eastern Division,NA,,"Replace - Robert H. Montgomery, Jr.",1309
Dickson,Court of Criminal Appeals - Eastern Division,NA,,"Retain - James C. Witt, Jr.",3822
Dickson,Court of Criminal Appeals - Eastern Division,NA,,"Retain - Robert H. Montgomery, Jr.",3888
Dickson,Court of Criminal Appeals - Middle Division,NA,,Replace - Jill Bartee Ayers,1302
Dickson,Court of Criminal Appeals - Middle Division,NA,,"Replace - Robert L. Holloway, Jr.",1358
Dickson,Court of Criminal Appeals - Middle Division,NA,,Replace - Robert W. Wedemeyer,1373
Dickson,Court of Criminal Appeals - Middle Division,NA,,Replace - Timothy L. Easter,1295
Dickson,Court of Criminal Appeals - Middle Division,NA,,Retain - Jill Bartee Ayers,3896
Dickson,Court of Criminal Appeals - Middle Division,NA,,"Retain - Robert L. Holloway, Jr.",3810
Dickson,Court of Criminal Appeals - Middle Division,NA,,Retain - Robert W. Wedemeyer,3771
Dickson,Court of Criminal Appeals - Middle Division,NA,,Retain - Timothy L. Easter,3890
Dickson,Court of Criminal Appeals - Western Division,NA,,Replace - Camille McMullen,1340
Dickson,Court of Criminal Appeals - Western Division,NA,,Replace - J. Ross Dyer,1296
Dickson,Court of Criminal Appeals - Western Division,NA,,Replace - John Everett Williams,1270
Dickson,Court of Criminal Appeals - Western Division,NA,,"Replace - John W. Campbell, Sr.",1293
Dickson,Court of Criminal Appeals - Western Division,NA,,Retain - Camille McMullen,3742
Dickson,Court of Criminal Appeals - Western Division,NA,,Retain - J. Ross Dyer,3776
Dickson,Court of Criminal Appeals - Western Division,NA,,Retain - John Everett Williams,3800
Dickson,Court of Criminal Appeals - Western Division,NA,,"Retain - John W. Campbell, Sr.",3814
Dickson,Supreme Court,NA,,Replace - Holly Kirby,1484
Dickson,Supreme Court,NA,,Replace - Jeffrey S. Bivins,1633
Dickson,Supreme Court,NA,,Replace - Roger A. Page,1488
Dickson,Supreme Court,NA,,Replace - Sarah K. Campbell,1507
Dickson,Supreme Court,NA,,Replace - Sharon Gail Lee,1516
Dickson,Supreme Court,NA,,Retain - Holly Kirby,4085
Dickson,Supreme Court,NA,,Retain - Jeffrey S. Bivins,4118
Dickson,Supreme Court,NA,,Retain - Roger A. Page,3992
Dickson,Supreme Court,NA,,Retain - Sarah K. Campbell,4148
Dickson,Supreme Court,NA,,Retain - Sharon Gail Lee,4021
Dickson,Governor,NA,Democratic,Carnita Faye Atwater,368
Dickson,Governor,NA,Democratic,JB Smiley Jr.,318
Dickson,Governor,NA,Democratic,Jason Brantley Martin,757
Dickson,Governor,NA,Republican,Bill Lee,4830
Dyer,State Executive Committeeman,25,Democratic,Ernest Brooks II,529
Dyer,State Executive Committeewoman,25,Democratic,Patsy Garey Johnson,542
Dyer,State Senate,25,Democratic,No Candidate Qualified,0
Dyer,State Executive Committeeman,25,Republican,Jimmy Harris,2797
Dyer,State Executive Committeeman,25,Republican,Steve Yahnke,496
Dyer,State Executive Committeewoman,25,Republican,Shannon Haynes,3368
Dyer,State Senate,25,Republican,Ed Jackson,4057
Dyer,Chancellor,29,Independent,Tony A. Childress,5241
Dyer,Circuit Court Judge,29,Independent,Mark Hayes,4976
Dyer,District Attorney General,29,Independent,"Danny H. Goodman, Jr.",3646
Dyer,District Attorney General,29,Independent,Richard J. Schoepke,2133
Dyer,Public Defender,29,Independent,Sean P. Day,4408
Dyer,State House,77,Democratic,No Candidate Qualified,0
Dyer,State House,77,Republican,Rusty Grills,4284
Dyer,U.S. House,8,Democratic,Lynnette P. Williams,356
Dyer,U.S. House,8,Democratic,Tim McDonald,251
Dyer,U.S. House,8,Republican,Bob Hendry,181
Dyer,U.S. House,8,Republican,Danny Ray Bridger Jr,215
Dyer,U.S. House,8,Republican,David Kustoff,3767
Dyer,U.S. House,8,Republican,Gary Dean Clouse,148
Dyer,Court of Appeals - Eastern Division,NA,,Replace - John W. McClarty,965
Dyer,Court of Appeals - Eastern Division,NA,,Replace - Kristi Davis,923
Dyer,Court of Appeals - Eastern Division,NA,,Replace - Mike Swiney,951
Dyer,Court of Appeals - Eastern Division,NA,,"Replace - Thomas R. ""Skip"" Frierson",963
Dyer,Court of Appeals - Eastern Division,NA,,Retain - John W. McClarty,3278
Dyer,Court of Appeals - Eastern Division,NA,,Retain - Kristi Davis,3328
Dyer,Court of Appeals - Eastern Division,NA,,Retain - Mike Swiney,3232
Dyer,Court of Appeals - Eastern Division,NA,,"Retain - Thomas R. ""Skip"" Frierson",3265
Dyer,Court of Appeals - Middle Division,NA,,Replace - Andy D. Bennett,912
Dyer,Court of Appeals - Middle Division,NA,,Replace - Frank Clement,961
Dyer,Court of Appeals - Middle Division,NA,,Replace - Neal McBrayer,946
Dyer,Court of Appeals - Middle Division,NA,,Retain - Andy D. Bennett,3260
Dyer,Court of Appeals - Middle Division,NA,,Retain - Frank Clement,3254
Dyer,Court of Appeals - Middle Division,NA,,Retain - Neal McBrayer,3226
Dyer,Court of Appeals - Western Division,NA,,Replace - Arnold B. Goldin,963
Dyer,Court of Appeals - Western Division,NA,,Replace - Carma Dennis McGee,940
Dyer,Court of Appeals - Western Division,NA,,Replace - Kenny W. Armstrong,932
Dyer,Court of Appeals - Western Division,NA,,Replace - Steve Stafford,787
Dyer,Court of Appeals - Western Division,NA,,Retain - Arnold B. Goldin,3204
Dyer,Court of Appeals - Western Division,NA,,Retain - Carma Dennis McGee,3231
Dyer,Court of Appeals - Western Division,NA,,Retain - Kenny W. Armstrong,3248
Dyer,Court of Appeals - Western Division,NA,,Retain - Steve Stafford,3899
Dyer,Court of Criminal Appeals - Eastern Division,NA,,"Replace - James C. Witt, Jr.",929
Dyer,Court of Criminal Appeals - Eastern Division,NA,,"Replace - Robert H. Montgomery, Jr.",903
Dyer,Court of Criminal Appeals - Eastern Division,NA,,"Retain - James C. Witt, Jr.",3190
Dyer,Court of Criminal Appeals - Eastern Division,NA,,"Retain - Robert H. Montgomery, Jr.",3225
Dyer,Court of Criminal Appeals - Middle Division,NA,,Replace - Jill Bartee Ayers,922
Dyer,Court of Criminal Appeals - Middle Division,NA,,"Replace - Robert L. Holloway, Jr.",923
Dyer,Court of Criminal Appeals - Middle Division,NA,,Replace - Robert W. Wedemeyer,971
Dyer,Court of Criminal Appeals - Middle Division,NA,,Replace - Timothy L. Easter,934
Dyer,Court of Criminal Appeals - Middle Division,NA,,Retain - Jill Bartee Ayers,3194
Dyer,Court of Criminal Appeals - Middle Division,NA,,"Retain - Robert L. Holloway, Jr.",3183
Dyer,Court of Criminal Appeals - Middle Division,NA,,Retain - Robert W. Wedemeyer,3110
Dyer,Court of Criminal Appeals - Middle Division,NA,,Retain - Timothy L. Easter,3178
Dyer,Court of Criminal Appeals - Western Division,NA,,Replace - Camille McMullen,951
Dyer,Court of Criminal Appeals - Western Division,NA,,Replace - J. Ross Dyer,922
Dyer,Court of Criminal Appeals - Western Division,NA,,Replace - John Everett Williams,912
Dyer,Court of Criminal Appeals - Western Division,NA,,"Replace - John W. Campbell, Sr.",920
Dyer,Court of Criminal Appeals - Western Division,NA,,Retain - Camille McMullen,3221
Dyer,Court of Criminal Appeals - Western Division,NA,,Retain - J. Ross Dyer,3270
Dyer,Court of Criminal Appeals - Western Division,NA,,Retain - John Everett Williams,3253
Dyer,Court of Criminal Appeals - Western Division,NA,,"Retain - John W. Campbell, Sr.",3223
Dyer,Supreme Court,NA,,Replace - Holly Kirby,966
Dyer,Supreme Court,NA,,Replace - Jeffrey S. Bivins,1018
Dyer,Supreme Court,NA,,Replace - Roger A. Page,959
Dyer,Supreme Court,NA,,Replace - Sarah K. Campbell,981
Dyer,Supreme Court,NA,,Replace - Sharon Gail Lee,986
Dyer,Supreme Court,NA,,Retain - Holly Kirby,3384
Dyer,Supreme Court,NA,,Retain - Jeffrey S. Bivins,3464
Dyer,Supreme Court,NA,,Retain - Roger A. Page,3333
Dyer,Supreme Court,NA,,Retain - Sarah K. Campbell,3399
Dyer,Supreme Court,NA,,Retain - Sharon Gail Lee,3369
Dyer,Governor,NA,Democratic,Carnita Faye Atwater,162
Dyer,Governor,NA,Democratic,JB Smiley Jr.,208
Dyer,Governor,NA,Democratic,Jason Brantley Martin,285
Dyer,Governor,NA,Republican,Bill Lee,4201
Fayette,Chancellor Part II,25,,Write-In - Angela L. Jenkins-Hines,165
Fayette,Chancellor Part I,25,Independent,"William C. ""Bill"" Cole",3937
Fayette,Circuit Court Judge Part I,25,Independent,J. Weber McCraw,4560
Fayette,Chancellor Part II,25,Republican,Kasey Culbreath,3875
Fayette,Circuit Court Judge Part II,25,Republican,Blake Neill,4190
Fayette,District Attorney General,25,Republican,Mark E. Davidson,4081
Fayette,Public Defender,25,Republican,Bo Burk,3868
Fayette,State Executive Committeeman,26,Democratic,Randall Rice,1313
Fayette,State Executive Committeewoman,26,Democratic,Meryl Rice,1428
Fayette,State Executive Committeeman,26,Republican,Johnny Bellis,3080
Fayette,State Executive Committeewoman,26,Republican,No Candidate Qualified,0
Fayette,U.S. House,8,Democratic,Lynnette P. Williams,1237
Fayette,U.S. House,8,Democratic,Tim McDonald,389
Fayette,U.S. House,8,Republican,Bob Hendry,468
Fayette,U.S. House,8,Republican,Danny Ray Bridger Jr,102
Fayette,U.S. House,8,Republican,David Kustoff,3195
Fayette,U.S. House,8,Republican,Gary Dean Clouse,107
Fayette,State House,94,Democratic,No Candidate Qualified,0
Fayette,State House,94,Republican,Ron M. Gant,3707
Fayette,Court of Appeals - Eastern Division,NA,,Replace - John W. McClarty,1169
Fayette,Court of Appeals - Eastern Division,NA,,Replace - Kristi Davis,1073
Fayette,Court of Appeals - Eastern Division,NA,,Replace - Mike Swiney,1099
Fayette,Court of Appeals - Eastern Division,NA,,"Replace - Thomas R. ""Skip"" Frierson",1114
Fayette,Court of Appeals - Eastern Division,NA,,Retain - John W. McClarty,3231
Fayette,Court of Appeals - Eastern Division,NA,,Retain - Kristi Davis,3258
Fayette,Court of Appeals - Eastern Division,NA,,Retain - Mike Swiney,3185
Fayette,Court of Appeals - Eastern Division,NA,,"Retain - Thomas R. ""Skip"" Frierson",3207
Fayette,Court of Appeals - Middle Division,NA,,Replace - Andy D. Bennett,1114
Fayette,Court of Appeals - Middle Division,NA,,Replace - Frank Clement,1136
Fayette,Court of Appeals - Middle Division,NA,,Replace - Neal McBrayer,1100
Fayette,Court of Appeals - Middle Division,NA,,Retain - Andy D. Bennett,3217
Fayette,Court of Appeals - Middle Division,NA,,Retain - Frank Clement,3244
Fayette,Court of Appeals - Middle Division,NA,,Retain - Neal McBrayer,3187
Fayette,Court of Appeals - Western Division,NA,,Replace - Arnold B. Goldin,1092
Fayette,Court of Appeals - Western Division,NA,,Replace - Carma Dennis McGee,1063
Fayette,Court of Appeals - Western Division,NA,,Replace - Kenny W. Armstrong,1056
Fayette,Court of Appeals - Western Division,NA,,Replace - Steve Stafford,1160
Fayette,Court of Appeals - Western Division,NA,,Retain - Arnold B. Goldin,3193
Fayette,Court of Appeals - Western Division,NA,,Retain - Carma Dennis McGee,3217
Fayette,Court of Appeals - Western Division,NA,,Retain - Kenny W. Armstrong,3248
Fayette,Court of Appeals - Western Division,NA,,Retain - Steve Stafford,3215
Fayette,Court of Criminal Appeals - Eastern Division,NA,,"Replace - James C. Witt, Jr.",1093
Fayette,Court of Criminal Appeals - Eastern Division,NA,,"Replace - Robert H. Montgomery, Jr.",1075
Fayette,Court of Criminal Appeals - Eastern Division,NA,,"Retain - James C. Witt, Jr.",3174
Fayette,Court of Criminal Appeals - Eastern Division,NA,,"Retain - Robert H. Montgomery, Jr.",3162
Fayette,Court of Criminal Appeals - Middle Division,NA,,Replace - Jill Bartee Ayers,1084
Fayette,Court of Criminal Appeals - Middle Division,NA,,"Replace - Robert L. Holloway, Jr.",1131
Fayette,Court of Criminal Appeals - Middle Division,NA,,Replace - Robert W. Wedemeyer,1042
Fayette,Court of Criminal Appeals - Middle Division,NA,,Replace - Timothy L. Easter,1088
Fayette,Court of Criminal Appeals - Middle Division,NA,,Retain - Jill Bartee Ayers,3142
Fayette,Court of Criminal Appeals - Middle Division,NA,,"Retain - Robert L. Holloway, Jr.",3104
Fayette,Court of Criminal Appeals - Middle Division,NA,,Retain - Robert W. Wedemeyer,3231
Fayette,Court of Criminal Appeals - Middle Division,NA,,Retain - Timothy L. Easter,3160
Fayette,Court of Criminal Appeals - Western Division,NA,,Replace - Camille McMullen,1142
Fayette,Court of Criminal Appeals - Western Division,NA,,Replace - J. Ross Dyer,1085
Fayette,Court of Criminal Appeals - Western Division,NA,,Replace - John Everett Williams,1074
Fayette,Court of Criminal Appeals - Western Division,NA,,"Replace - John W. Campbell, Sr.",1098
Fayette,Court of Criminal Appeals - Western Division,NA,,Retain - Camille McMullen,3267
Fayette,Court of Criminal Appeals - Western Division,NA,,Retain - J. Ross Dyer,3185
Fayette,Court of Criminal Appeals - Western Division,NA,,Retain - John Everett Williams,3270
Fayette,Court of Criminal Appeals - Western Division,NA,,"Retain - John W. Campbell, Sr.",3164
Fayette,Supreme Court,NA,,Replace - Holly Kirby,1121
Fayette,Supreme Court,NA,,Replace - Jeffrey S. Bivins,1190
Fayette,Supreme Court,NA,,Replace - Roger A. Page,1130
Fayette,Supreme Court,NA,,Replace - Sarah K. Campbell,1116
Fayette,Supreme Court,NA,,Replace - Sharon Gail Lee,1171
Fayette,Supreme Court,NA,,Retain - Holly Kirby,3249
Fayette,Supreme Court,NA,,Retain - Jeffrey S. Bivins,3273
Fayette,Supreme Court,NA,,Retain - Roger A. Page,3229
Fayette,Supreme Court,NA,,Retain - Sarah K. Campbell,3296
Fayette,Supreme Court,NA,,Retain - Sharon Gail Lee,3267
Fayette,Governor,NA,Democratic,Carnita Faye Atwater,422
Fayette,Governor,NA,Democratic,JB Smiley Jr.,1018
Fayette,Governor,NA,Democratic,Jason Brantley Martin,362
Fayette,Governor,NA,Republican,Bill Lee,3750
Fentress,State Executive Committeeman,12,Democratic,No Candidate Qualified,0
Fentress,State Executive Committeewoman,12,Democratic,No Candidate Qualified,0
Fentress,State Executive Committeeman,12,Republican,Ben Gann,2601
Fentress,State Executive Committeewoman,12,Republican,"Elizabeth ""Liz"" Holiway",2708
Fentress,State House,38,Democratic,No Candidate Qualified,0
Fentress,State House,38,Republican,Kelly T Keisling,1670
Fentress,State House,41,Democratic,No Candidate Qualified,0
Fentress,State House,41,Republican,Bradley Hayes,442
Fentress,State House,41,Republican,Ed Butler,760
Fentress,State House,41,Republican,Michael C. Swisher,334
Fentress,U.S. House,6,Democratic,Clay Faircloth,77
Fentress,U.S. House,6,Democratic,Randal Cooper,263
Fentress,U.S. House,6,Republican,John Rose,3161
Fentress,Chancellor,8,Independent,Elizabeth C. Asbury,3789
Fentress,Circuit Court Judge,8,Independent,John D. McAfee,3837
Fentress,Criminal Court Judge,8,Independent,Graham E. Wilson,1238
Fentress,Criminal Court Judge,8,Independent,Thomas J. Tabor Jr.,768
Fentress,Criminal Court Judge,8,Independent,Zack Walden,2524
Fentress,District Attorney General,8,Independent,Jared Effler,4078
Fentress,Public Defender,8,Independent,Leif Jeffers,3859
Fentress,Court of Appeals - Eastern Division,NA,,Replace - John W. McClarty,1089
Fentress,Court of Appeals - Eastern Division,NA,,Replace - Kristi Davis,1021
Fentress,Court of Appeals - Eastern Division,NA,,Replace - Mike Swiney,1019
Fentress,Court of Appeals - Eastern Division,NA,,"Replace - Thomas R. ""Skip"" Frierson",1040
Fentress,Court of Appeals - Eastern Division,NA,,Retain - John W. McClarty,2571
Fentress,Court of Appeals - Eastern Division,NA,,Retain - Kristi Davis,2661
Fentress,Court of Appeals - Eastern Division,NA,,Retain - Mike Swiney,2582
Fentress,Court of Appeals - Eastern Division,NA,,"Retain - Thomas R. ""Skip"" Frierson",2609
Fentress,Court of Appeals - Middle Division,NA,,Replace - Andy D. Bennett,1060
Fentress,Court of Appeals - Middle Division,NA,,Replace - Frank Clement,1039
Fentress,Court of Appeals - Middle Division,NA,,Replace - Neal McBrayer,1012
Fentress,Court of Appeals - Middle Division,NA,,Retain - Andy D. Bennett,2542
Fentress,Court of Appeals - Middle Division,NA,,Retain - Frank Clement,2597
Fentress,Court of Appeals - Middle Division,NA,,Retain - Neal McBrayer,2583
Fentress,Court of Appeals - Western Division,NA,,Replace - Arnold B. Goldin,1016
Fentress,Court of Appeals - Western Division,NA,,Replace - Carma Dennis McGee,1005
Fentress,Court of Appeals - Western Division,NA,,Replace - Kenny W. Armstrong,990
Fentress,Court of Appeals - Western Division,NA,,Replace - Steve Stafford,1061
Fentress,Court of Appeals - Western Division,NA,,Retain - Arnold B. Goldin,2528
Fentress,Court of Appeals - Western Division,NA,,Retain - Carma Dennis McGee,2539
Fentress,Court of Appeals - Western Division,NA,,Retain - Kenny W. Armstrong,2559
Fentress,Court of Appeals - Western Division,NA,,Retain - Steve Stafford,2500
Fentress,Court of Criminal Appeals - Eastern Division,NA,,"Replace - James C. Witt, Jr.",989
Fentress,Court of Criminal Appeals - Eastern Division,NA,,"Replace - Robert H. Montgomery, Jr.",979
Fentress,Court of Criminal Appeals - Eastern Division,NA,,"Retain - James C. Witt, Jr.",2549
Fentress,Court of Criminal Appeals - Eastern Division,NA,,"Retain - Robert H. Montgomery, Jr.",2558
Fentress,Court of Criminal Appeals - Middle Division,NA,,Replace - Jill Bartee Ayers,1002
Fentress,Court of Criminal Appeals - Middle Division,NA,,"Replace - Robert L. Holloway, Jr.",971
Fentress,Court of Criminal Appeals - Middle Division,NA,,Replace - Robert W. Wedemeyer,1021
Fentress,Court of Criminal Appeals - Middle Division,NA,,Replace - Timothy L. Easter,997
Fentress,Court of Criminal Appeals - Middle Division,NA,,Retain - Jill Bartee Ayers,2538
Fentress,Court of Criminal Appeals - Middle Division,NA,,"Retain - Robert L. Holloway, Jr.",2554
Fentress,Court of Criminal Appeals - Middle Division,NA,,Retain - Robert W. Wedemeyer,2487
Fentress,Court of Criminal Appeals - Middle Division,NA,,Retain - Timothy L. Easter,2548
Fentress,Court of Criminal Appeals - Western Division,NA,,Replace - Camille McMullen,1071
Fentress,Court of Criminal Appeals - Western Division,NA,,Replace - J. Ross Dyer,1003
Fentress,Court of Criminal Appeals - Western Division,NA,,Replace - John Everett Williams,995
Fentress,Court of Criminal Appeals - Western Division,NA,,"Replace - John W. Campbell, Sr.",971
Fentress,Court of Criminal Appeals - Western Division,NA,,Retain - Camille McMullen,2468
Fentress,Court of Criminal Appeals - Western Division,NA,,Retain - J. Ross Dyer,2524
Fentress,Court of Criminal Appeals - Western Division,NA,,Retain - John Everett Williams,2546
Fentress,Court of Criminal Appeals - Western Division,NA,,"Retain - John W. Campbell, Sr.",2551
Fentress,Supreme Court,NA,,Replace - Holly Kirby,1050
Fentress,Supreme Court,NA,,Replace - Jeffrey S. Bivins,1066
Fentress,Supreme Court,NA,,Replace - Roger A. Page,1015
Fentress,Supreme Court,NA,,Replace - Sarah K. Campbell,1034
Fentress,Supreme Court,NA,,Replace - Sharon Gail Lee,1110
Fentress,Supreme Court,NA,,Retain - Holly Kirby,2736
Fentress,Supreme Court,NA,,Retain - Jeffrey S. Bivins,2769
Fentress,Supreme Court,NA,,Retain - Roger A. Page,2669
Fentress,Supreme Court,NA,,Retain - Sarah K. Campbell,2772
Fentress,Supreme Court,NA,,Retain - Sharon Gail Lee,2694
Fentress,Governor,NA,Democratic,Carnita Faye Atwater,111
Fentress,Governor,NA,Democratic,JB Smiley Jr.,59
Fentress,Governor,NA,Democratic,Jason Brantley Martin,204
Fentress,Governor,NA,Republican,Bill Lee,3273
Franklin,District Attorney General,12,Independent,Mike Taylor,1986
Franklin,Public Defender,12,Independent,Jeff Harmon,2294
Franklin,Chancellor,12,Republican,Missy Thomas Willis,5508
Franklin,Circuit Court Judge Part I,12,Republican,Bradley Sherman,6014
Franklin,Circuit Court Judge Part II,12,Republican,"John ""Cam"" Cameron",5663
Franklin,Circuit Court Judge Part III,12,Republican,Justin C. Angel,5615
Franklin,District Attorney General,12,Republican,Courtney Lynch,5784
Franklin,Public Defender,12,Republican,Ted Engel,4757
Franklin,State Executive Committeeman,16,Democratic,Bobby Eddress Bush Jr.,1231
Franklin,State Executive Committeewoman,16,Democratic,Sheila Younglove,1270
Franklin,State Executive Committeeman,16,Republican,Jerry S. Anderson,4607
Franklin,State Executive Committeewoman,16,Republican,Amy L. Dennis,4391
Franklin,State House,39,Democratic,Bruce Manuel,1347
Franklin,State House,39,Republican,Iris Rudder,4900
Franklin,U.S. House,4,Democratic,Arnold J. White,343
Franklin,U.S. House,4,Democratic,Wayne Steele,947
Franklin,U.S. House,4,Republican,Scott DesJarlais,5104
Franklin,Court of Appeals - Eastern Division,NA,,Replace - John W. McClarty,1429
Franklin,Court of Appeals - Eastern Division,NA,,Replace - Kristi Davis,1348
Franklin,Court of Appeals - Eastern Division,NA,,Replace - Mike Swiney,1375
Franklin,Court of Appeals - Eastern Division,NA,,"Replace - Thomas R. ""Skip"" Frierson",1395
Franklin,Court of Appeals - Eastern Division,NA,,Retain - John W. McClarty,4176
Franklin,Court of Appeals - Eastern Division,NA,,Retain - Kristi Davis,4300
Franklin,Court of Appeals - Eastern Division,NA,,Retain - Mike Swiney,4173
Franklin,Court of Appeals - Eastern Division,NA,,"Retain - Thomas R. ""Skip"" Frierson",4209
Franklin,Court of Appeals - Middle Division,NA,,Replace - Andy D. Bennett,1372
Franklin,Court of Appeals - Middle Division,NA,,Replace - Frank Clement,1455
Franklin,Court of Appeals - Middle Division,NA,,Replace - Neal McBrayer,1390
Franklin,Court of Appeals - Middle Division,NA,,Retain - Andy D. Bennett,4177
Franklin,Court of Appeals - Middle Division,NA,,Retain - Frank Clement,4153
Franklin,Court of Appeals - Middle Division,NA,,Retain - Neal McBrayer,4148
Franklin,Court of Appeals - Western Division,NA,,Replace - Arnold B. Goldin,1420
Franklin,Court of Appeals - Western Division,NA,,Replace - Carma Dennis McGee,1403
Franklin,Court of Appeals - Western Division,NA,,Replace - Kenny W. Armstrong,1357
Franklin,Court of Appeals - Western Division,NA,,Replace - Steve Stafford,1426
Franklin,Court of Appeals - Western Division,NA,,Retain - Arnold B. Goldin,4025
Franklin,Court of Appeals - Western Division,NA,,Retain - Carma Dennis McGee,4043
Franklin,Court of Appeals - Western Division,NA,,Retain - Kenny W. Armstrong,4091
Franklin,Court of Appeals - Western Division,NA,,Retain - Steve Stafford,4032
Franklin,Court of Criminal Appeals - Eastern Division,NA,,"Replace - James C. Witt, Jr.",1363
Franklin,Court of Criminal Appeals - Eastern Division,NA,,"Replace - Robert H. Montgomery, Jr.",1345
Franklin,Court of Criminal Appeals - Eastern Division,NA,,"Retain - James C. Witt, Jr.",4071
Franklin,Court of Criminal Appeals - Eastern Division,NA,,"Retain - Robert H. Montgomery, Jr.",4090
Franklin,Court of Criminal Appeals - Middle Division,NA,,Replace - Jill Bartee Ayers,1360
Franklin,Court of Criminal Appeals - Middle Division,NA,,"Replace - Robert L. Holloway, Jr.",1328
Franklin,Court of Criminal Appeals - Middle Division,NA,,Replace - Robert W. Wedemeyer,1368
Franklin,Court of Criminal Appeals - Middle Division,NA,,Replace - Timothy L. Easter,1364
Franklin,Court of Criminal Appeals - Middle Division,NA,,Retain - Jill Bartee Ayers,4084
Franklin,Court of Criminal Appeals - Middle Division,NA,,"Retain - Robert L. Holloway, Jr.",4100
Franklin,Court of Criminal Appeals - Middle Division,NA,,Retain - Robert W. Wedemeyer,4046
Franklin,Court of Criminal Appeals - Middle Division,NA,,Retain - Timothy L. Easter,4088
Franklin,Court of Criminal Appeals - Western Division,NA,,Replace - Camille McMullen,1381
Franklin,Court of Criminal Appeals - Western Division,NA,,Replace - J. Ross Dyer,1359
Franklin,Court of Criminal Appeals - Western Division,NA,,Replace - John Everett Williams,1364
Franklin,Court of Criminal Appeals - Western Division,NA,,"Replace - John W. Campbell, Sr.",1350
Franklin,Court of Criminal Appeals - Western Division,NA,,Retain - Camille McMullen,4052
Franklin,Court of Criminal Appeals - Western Division,NA,,Retain - J. Ross Dyer,4056
Franklin,Court of Criminal Appeals - Western Division,NA,,Retain - John Everett Williams,4084
Franklin,Court of Criminal Appeals - Western Division,NA,,"Retain - John W. Campbell, Sr.",4058
Franklin,Supreme Court,NA,,Replace - Holly Kirby,1427
Franklin,Supreme Court,NA,,Replace - Jeffrey S. Bivins,1466
Franklin,Supreme Court,NA,,Replace - Roger A. Page,1425
Franklin,Supreme Court,NA,,Replace - Sarah K. Campbell,1437
Franklin,Supreme Court,NA,,Replace - Sharon Gail Lee,1464
Franklin,Supreme Court,NA,,Retain - Holly Kirby,4320
Franklin,Supreme Court,NA,,Retain - Jeffrey S. Bivins,4372
Franklin,Supreme Court,NA,,Retain - Roger A. Page,4237
Franklin,Supreme Court,NA,,Retain - Sarah K. Campbell,4364
Franklin,Supreme Court,NA,,Retain - Sharon Gail Lee,4291
Franklin,Governor,NA,Democratic,Carnita Faye Atwater,367
Franklin,Governor,NA,Democratic,JB Smiley Jr.,316
Franklin,Governor,NA,Democratic,Jason Brantley Martin,733
Franklin,Governor,NA,Republican,Bill Lee,5162
Gibson,State Executive Committeeman,24,Democratic,No Candidate Qualified,0
Gibson,State Executive Committeewoman,24,Democratic,No Candidate Qualified,0
Gibson,State Executive Committeeman,24,Republican,Jim Poe,1278
Gibson,State Executive Committeeman,24,Republican,Ryan Ellegood,1754
Gibson,State Executive Committeewoman,24,Republican,Tess Robbins,3033
Gibson,Circuit Court Judge,28,Independent,Clayburn Peeples,3945
Gibson,Chancellor,28,Republican,Michael Mansfield,4733
Gibson,Circuit Court Judge,28,Republican,Jeff Mueller,1977
Gibson,District Attorney General,28,Republican,Frederick Agee,4686
Gibson,Public Defender,28,Republican,Rachele Gibson,4347
Gibson,State House,79,Democratic,Thomas Jefferson,523
Gibson,State House,79,Republican,Brock Martin,1956
Gibson,State House,79,Republican,Gordon D. Wildridge,843
Gibson,U.S. House,8,Democratic,Lynnette P. Williams,391
Gibson,U.S. House,8,Democratic,Tim McDonald,360
Gibson,U.S. House,8,Republican,Bob Hendry,307
Gibson,U.S. House,8,Republican,Danny Ray Bridger Jr,285
Gibson,U.S. House,8,Republican,David Kustoff,3834
Gibson,U.S. House,8,Republican,Gary Dean Clouse,76
Gibson,State House,82,Democratic,No Candidate Qualified,0
Gibson,State House,82,Republican,Chris Hurt,1388
Gibson,Court of Appeals - Eastern Division,NA,,Replace - John W. McClarty,856
Gibson,Court of Appeals - Eastern Division,NA,,Replace - Kristi Davis,837
Gibson,Court of Appeals - Eastern Division,NA,,Replace - Mike Swiney,826
Gibson,Court of Appeals - Eastern Division,NA,,"Replace - Thomas R. ""Skip"" Frierson",843
Gibson,Court of Appeals - Eastern Division,NA,,Retain - John W. McClarty,3027
Gibson,Court of Appeals - Eastern Division,NA,,Retain - Kristi Davis,3088
Gibson,Court of Appeals - Eastern Division,NA,,Retain - Mike Swiney,3002
Gibson,Court of Appeals - Eastern Division,NA,,"Retain - Thomas R. ""Skip"" Frierson",3026
Gibson,Court of Appeals - Middle Division,NA,,Replace - Andy D. Bennett,812
Gibson,Court of Appeals - Middle Division,NA,,Replace - Frank Clement,835
Gibson,Court of Appeals - Middle Division,NA,,Replace - Neal McBrayer,809
Gibson,Court of Appeals - Middle Division,NA,,Retain - Andy D. Bennett,2997
Gibson,Court of Appeals - Middle Division,NA,,Retain - Frank Clement,3039
Gibson,Court of Appeals - Middle Division,NA,,Retain - Neal McBrayer,2999
Gibson,Court of Appeals - Western Division,NA,,Replace - Arnold B. Goldin,833
Gibson,Court of Appeals - Western Division,NA,,Replace - Carma Dennis McGee,831
Gibson,Court of Appeals - Western Division,NA,,Replace - Kenny W. Armstrong,801
Gibson,Court of Appeals - Western Division,NA,,Replace - Steve Stafford,816
Gibson,Court of Appeals - Western Division,NA,,Retain - Arnold B. Goldin,2988
Gibson,Court of Appeals - Western Division,NA,,Retain - Carma Dennis McGee,2988
Gibson,Court of Appeals - Western Division,NA,,Retain - Kenny W. Armstrong,3042
Gibson,Court of Appeals - Western Division,NA,,Retain - Steve Stafford,3066
Gibson,Court of Criminal Appeals - Eastern Division,NA,,"Replace - James C. Witt, Jr.",811
Gibson,Court of Criminal Appeals - Eastern Division,NA,,"Replace - Robert H. Montgomery, Jr.",814
Gibson,Court of Criminal Appeals - Eastern Division,NA,,"Retain - James C. Witt, Jr.",2938
Gibson,Court of Criminal Appeals - Eastern Division,NA,,"Retain - Robert H. Montgomery, Jr.",2951
Gibson,Court of Criminal Appeals - Middle Division,NA,,Replace - Jill Bartee Ayers,828
Gibson,Court of Criminal Appeals - Middle Division,NA,,"Replace - Robert L. Holloway, Jr.",766
Gibson,Court of Criminal Appeals - Middle Division,NA,,Replace - Robert W. Wedemeyer,827
Gibson,Court of Criminal Appeals - Middle Division,NA,,Replace - Timothy L. Easter,824
Gibson,Court of Criminal Appeals - Middle Division,NA,,Retain - Jill Bartee Ayers,2927
Gibson,Court of Criminal Appeals - Middle Division,NA,,"Retain - Robert L. Holloway, Jr.",2984
Gibson,Court of Criminal Appeals - Middle Division,NA,,Retain - Robert W. Wedemeyer,2904
Gibson,Court of Criminal Appeals - Middle Division,NA,,Retain - Timothy L. Easter,2929
Gibson,Court of Criminal Appeals - Western Division,NA,,Replace - Camille McMullen,832
Gibson,Court of Criminal Appeals - Western Division,NA,,Replace - J. Ross Dyer,796
Gibson,Court of Criminal Appeals - Western Division,NA,,Replace - John Everett Williams,787
Gibson,Court of Criminal Appeals - Western Division,NA,,"Replace - John W. Campbell, Sr.",781
Gibson,Court of Criminal Appeals - Western Division,NA,,Retain - Camille McMullen,3011
Gibson,Court of Criminal Appeals - Western Division,NA,,Retain - J. Ross Dyer,2989
Gibson,Court of Criminal Appeals - Western Division,NA,,Retain - John Everett Williams,3065
Gibson,Court of Criminal Appeals - Western Division,NA,,"Retain - John W. Campbell, Sr.",3012
Gibson,Supreme Court,NA,,Replace - Holly Kirby,859
Gibson,Supreme Court,NA,,Replace - Jeffrey S. Bivins,932
Gibson,Supreme Court,NA,,Replace - Roger A. Page,840
Gibson,Supreme Court,NA,,Replace - Sarah K. Campbell,889
Gibson,Supreme Court,NA,,Replace - Sharon Gail Lee,894
Gibson,Supreme Court,NA,,Retain - Holly Kirby,3128
Gibson,Supreme Court,NA,,Retain - Jeffrey S. Bivins,3151
Gibson,Supreme Court,NA,,Retain - Roger A. Page,3169
Gibson,Supreme Court,NA,,Retain - Sarah K. Campbell,3164
Gibson,Supreme Court,NA,,Retain - Sharon Gail Lee,3101
Gibson,Governor,NA,Democratic,Carnita Faye Atwater,207
Gibson,Governor,NA,Democratic,JB Smiley Jr.,198
Gibson,Governor,NA,Democratic,Jason Brantley Martin,422
Gibson,Governor,NA,Republican,Bill Lee,4206
Giles,Circuit Court Judge Part III,22,Independent,Lee Brooks,1144
Giles,Circuit Court Judge Part IV,22,Independent,Sammy Patterson,430
Giles,Circuit Court Judge Part IV,22,Independent,Stacie Odeneal,1300
Giles,Circuit Court Judge Part I,22,Republican,David L. Allen,4055
Giles,Circuit Court Judge Part II,22,Republican,John Russell (Russ) Parkes,3934
Giles,Circuit Court Judge Part III,22,Republican,Christopher V. (Chris) Sockwell,3649
Giles,Circuit Court Judge Part IV,22,Republican,Caleb Bayless,3333
Giles,District Attorney General,22,Republican,Brent Cooper,4090
Giles,Public Defender,22,Republican,Travis Jones,3894
Giles,State Executive Committeeman,28,Democratic,Gregory D. Hanners,260
Giles,State Executive Committeeman,28,Democratic,Seth James Campbell,587
Giles,State Executive Committeewoman,28,Democratic,Vicki S. Hale,804
Giles,State Executive Committeeman,28,Republican,No Candidate Qualified,0
Giles,State Executive Committeewoman,28,Republican,Angie McClanahan,2115
Giles,State Executive Committeewoman,28,Republican,Julie Quan,717
Giles,U.S. House,4,Democratic,Arnold J. White,289
Giles,U.S. House,4,Democratic,Wayne Steele,575
Giles,U.S. House,4,Republican,Scott DesJarlais,3354
Giles,State House,70,Democratic,No Candidate Qualified,0
Giles,State House,70,Republican,Clay Doggett,3737
Giles,Court of Appeals - Eastern Division,NA,,Replace - John W. McClarty,939
Giles,Court of Appeals - Eastern Division,NA,,Replace - Kristi Davis,879
Giles,Court of Appeals - Eastern Division,NA,,Replace - Mike Swiney,928
Giles,Court of Appeals - Eastern Division,NA,,"Replace - Thomas R. ""Skip"" Frierson",927
Giles,Court of Appeals - Eastern Division,NA,,Retain - John W. McClarty,2935
Giles,Court of Appeals - Eastern Division,NA,,Retain - Kristi Davis,3006
Giles,Court of Appeals - Eastern Division,NA,,Retain - Mike Swiney,2917
Giles,Court of Appeals - Eastern Division,NA,,"Retain - Thomas R. ""Skip"" Frierson",2938
Giles,Court of Appeals - Middle Division,NA,,Replace - Andy D. Bennett,918
Giles,Court of Appeals - Middle Division,NA,,Replace - Frank Clement,969
Giles,Court of Appeals - Middle Division,NA,,Replace - Neal McBrayer,914
Giles,Court of Appeals - Middle Division,NA,,Retain - Andy D. Bennett,2918
Giles,Court of Appeals - Middle Division,NA,,Retain - Frank Clement,2917
Giles,Court of Appeals - Middle Division,NA,,Retain - Neal McBrayer,2918
Giles,Court of Appeals - Western Division,NA,,Replace - Arnold B. Goldin,922
Giles,Court of Appeals - Western Division,NA,,Replace - Carma Dennis McGee,887
Giles,Court of Appeals - Western Division,NA,,Replace - Kenny W. Armstrong,896
Giles,Court of Appeals - Western Division,NA,,Replace - Steve Stafford,937
Giles,Court of Appeals - Western Division,NA,,Retain - Arnold B. Goldin,2854
Giles,Court of Appeals - Western Division,NA,,Retain - Carma Dennis McGee,2898
Giles,Court of Appeals - Western Division,NA,,Retain - Kenny W. Armstrong,2888
Giles,Court of Appeals - Western Division,NA,,Retain - Steve Stafford,2863
Giles,Court of Criminal Appeals - Eastern Division,NA,,"Replace - James C. Witt, Jr.",885
Giles,Court of Criminal Appeals - Eastern Division,NA,,"Replace - Robert H. Montgomery, Jr.",878
Giles,Court of Criminal Appeals - Eastern Division,NA,,"Retain - James C. Witt, Jr.",2901
Giles,Court of Criminal Appeals - Eastern Division,NA,,"Retain - Robert H. Montgomery, Jr.",2900
Giles,Court of Criminal Appeals - Middle Division,NA,,Replace - Jill Bartee Ayers,892
Giles,Court of Criminal Appeals - Middle Division,NA,,"Replace - Robert L. Holloway, Jr.",858
Giles,Court of Criminal Appeals - Middle Division,NA,,Replace - Robert W. Wedemeyer,925
Giles,Court of Criminal Appeals - Middle Division,NA,,Replace - Timothy L. Easter,897
Giles,Court of Criminal Appeals - Middle Division,NA,,Retain - Jill Bartee Ayers,2893
Giles,Court of Criminal Appeals - Middle Division,NA,,"Retain - Robert L. Holloway, Jr.",3006
Giles,Court of Criminal Appeals - Middle Division,NA,,Retain - Robert W. Wedemeyer,2851
Giles,Court of Criminal Appeals - Middle Division,NA,,Retain - Timothy L. Easter,2885
Giles,Court of Criminal Appeals - Western Division,NA,,Replace - Camille McMullen,893
Giles,Court of Criminal Appeals - Western Division,NA,,Replace - J. Ross Dyer,897
Giles,Court of Criminal Appeals - Western Division,NA,,Replace - John Everett Williams,894
Giles,Court of Criminal Appeals - Western Division,NA,,"Replace - John W. Campbell, Sr.",882
Giles,Court of Criminal Appeals - Western Division,NA,,Retain - Camille McMullen,2888
Giles,Court of Criminal Appeals - Western Division,NA,,Retain - J. Ross Dyer,2873
Giles,Court of Criminal Appeals - Western Division,NA,,Retain - John Everett Williams,2888
Giles,Court of Criminal Appeals - Western Division,NA,,"Retain - John W. Campbell, Sr.",2889
Giles,Supreme Court,NA,,Replace - Holly Kirby,920
Giles,Supreme Court,NA,,Replace - Jeffrey S. Bivins,994
Giles,Supreme Court,NA,,Replace - Roger A. Page,944
Giles,Supreme Court,NA,,Replace - Sarah K. Campbell,910
Giles,Supreme Court,NA,,Replace - Sharon Gail Lee,965
Giles,Supreme Court,NA,,Retain - Holly Kirby,3037
Giles,Supreme Court,NA,,Retain - Jeffrey S. Bivins,3050
Giles,Supreme Court,NA,,Retain - Roger A. Page,2964
Giles,Supreme Court,NA,,Retain - Sarah K. Campbell,3103
Giles,Supreme Court,NA,,Retain - Sharon Gail Lee,3004
Giles,Governor,NA,Democratic,Carnita Faye Atwater,264
Giles,Governor,NA,Democratic,JB Smiley Jr.,208
Giles,Governor,NA,Democratic,Jason Brantley Martin,496
Giles,Governor,NA,Republican,Bill Lee,3596
Grainger,State House,10,Democratic,No Candidate Qualified,0
Grainger,State House,10,Republican,Donel Shelton,718
Grainger,State House,10,Republican,Rick Eldridge,746
Grainger,U.S. House,2,Democratic,Mark Harmon,122
Grainger,U.S. House,2,Republican,Tim Burchett,1396
Grainger,Circuit Court Judge Part I,4,Republican,Carter S. Moore,1214
Grainger,Circuit Court Judge Part II,4,Republican,Jim Gass,1186
Grainger,Circuit Court Judge Part III,4,Republican,Rex Henry Ogle,1257
Grainger,Circuit Court Judge Part IV,4,Republican,Duane Slone,1245
Grainger,District Attorney General,4,Republican,"James B. ""Jimmy"" Dunn",1299
Grainger,Public Defender,4,Republican,Rebecca V. Lee,1124
Grainger,Chancellor,4/5,Republican,Jim Ripley,1165
Grainger,State Executive Committeeman,8,Democratic,Rodney Fugate,101
Grainger,State Executive Committeewoman,8,Democratic,Barbara Wagner,102
Grainger,State Executive Committeeman,8,Republican,David A. Bishop,1155
Grainger,State Executive Committeewoman,8,Republican,No Candidate Qualified,0
Grainger,Court of Appeals - Eastern Division,NA,,Replace - John W. McClarty,140
Grainger,Court of Appeals - Eastern Division,NA,,Replace - Kristi Davis,126
Grainger,Court of Appeals - Eastern Division,NA,,Replace - Mike Swiney,133
Grainger,Court of Appeals - Eastern Division,NA,,"Replace - Thomas R. ""Skip"" Frierson",129
Grainger,Court of Appeals - Eastern Division,NA,,Retain - John W. McClarty,643
Grainger,Court of Appeals - Eastern Division,NA,,Retain - Kristi Davis,672
Grainger,Court of Appeals - Eastern Division,NA,,Retain - Mike Swiney,646
Grainger,Court of Appeals - Eastern Division,NA,,"Retain - Thomas R. ""Skip"" Frierson",711
Grainger,Court of Appeals - Middle Division,NA,,Replace - Andy D. Bennett,138
Grainger,Court of Appeals - Middle Division,NA,,Replace - Frank Clement,144
Grainger,Court of Appeals - Middle Division,NA,,Replace - Neal McBrayer,137
Grainger,Court of Appeals - Middle Division,NA,,Retain - Andy D. Bennett,627
Grainger,Court of Appeals - Middle Division,NA,,Retain - Frank Clement,650
Grainger,Court of Appeals - Middle Division,NA,,Retain - Neal McBrayer,609
Grainger,Court of Appeals - Western Division,NA,,Replace - Arnold B. Goldin,134
Grainger,Court of Appeals - Western Division,NA,,Replace - Carma Dennis McGee,144
Grainger,Court of Appeals - Western Division,NA,,Replace - Kenny W. Armstrong,137
Grainger,Court of Appeals - Western Division,NA,,Replace - Steve Stafford,131
Grainger,Court of Appeals - Western Division,NA,,Retain - Arnold B. Goldin,609
Grainger,Court of Appeals - Western Division,NA,,Retain - Carma Dennis McGee,613
Grainger,Court of Appeals - Western Division,NA,,Retain - Kenny W. Armstrong,615
Grainger,Court of Appeals - Western Division,NA,,Retain - Steve Stafford,628
Grainger,Court of Criminal Appeals - Eastern Division,NA,,"Replace - James C. Witt, Jr.",130
Grainger,Court of Criminal Appeals - Eastern Division,NA,,"Replace - Robert H. Montgomery, Jr.",136
Grainger,Court of Criminal Appeals - Eastern Division,NA,,"Retain - James C. Witt, Jr.",644
Grainger,Court of Criminal Appeals - Eastern Division,NA,,"Retain - Robert H. Montgomery, Jr.",629
Grainger,Court of Criminal Appeals - Middle Division,NA,,Replace - Jill Bartee Ayers,141
Grainger,Court of Criminal Appeals - Middle Division,NA,,"Replace - Robert L. Holloway, Jr.",133
Grainger,Court of Criminal Appeals - Middle Division,NA,,Replace - Robert W. Wedemeyer,148
Grainger,Court of Criminal Appeals - Middle Division,NA,,Replace - Timothy L. Easter,135
Grainger,Court of Criminal Appeals - Middle Division,NA,,Retain - Jill Bartee Ayers,620
Grainger,Court of Criminal Appeals - Middle Division,NA,,"Retain - Robert L. Holloway, Jr.",621
Grainger,Court of Criminal Appeals - Middle Division,NA,,Retain - Robert W. Wedemeyer,601
Grainger,Court of Criminal Appeals - Middle Division,NA,,Retain - Timothy L. Easter,616
Grainger,Court of Criminal Appeals - Western Division,NA,,Replace - Camille McMullen,141
Grainger,Court of Criminal Appeals - Western Division,NA,,Replace - J. Ross Dyer,136
Grainger,Court of Criminal Appeals - Western Division,NA,,Replace - John Everett Williams,130
Grainger,Court of Criminal Appeals - Western Division,NA,,"Replace - John W. Campbell, Sr.",128
Grainger,Court of Criminal Appeals - Western Division,NA,,Retain - Camille McMullen,626
Grainger,Court of Criminal Appeals - Western Division,NA,,Retain - J. Ross Dyer,617
Grainger,Court of Criminal Appeals - Western Division,NA,,Retain - John Everett Williams,625
Grainger,Court of Criminal Appeals - Western Division,NA,,"Retain - John W. Campbell, Sr.",621
Grainger,Supreme Court,NA,,Replace - Holly Kirby,145
Grainger,Supreme Court,NA,,Replace - Jeffrey S. Bivins,145
Grainger,Supreme Court,NA,,Replace - Roger A. Page,156
Grainger,Supreme Court,NA,,Replace - Sarah K. Campbell,153
Grainger,Supreme Court,NA,,Replace - Sharon Gail Lee,150
Grainger,Supreme Court,NA,,Retain - Holly Kirby,670
Grainger,Supreme Court,NA,,Retain - Jeffrey S. Bivins,698
Grainger,Supreme Court,NA,,Retain - Roger A. Page,639
Grainger,Supreme Court,NA,,Retain - Sarah K. Campbell,678
Grainger,Supreme Court,NA,,Retain - Sharon Gail Lee,667
Grainger,Governor,NA,Democratic,Carnita Faye Atwater,35
Grainger,Governor,NA,Democratic,JB Smiley Jr.,29
Grainger,Governor,NA,Democratic,Jason Brantley Martin,78
Grainger,Governor,NA,Republican,Bill Lee,1285
Greene,U.S. House,1,Democratic,Cameron Parsons,479
Greene,U.S. House,1,Republican,Diana Lynn Harshbarger,3131
Greene,Chancellor,3,Republican,Douglas T. Jenkins,3316
Greene,Circuit Court Judge Part I,3,Republican,Alex E. Pearson,3385
Greene,Circuit Court Judge Part II,3,Republican,William E. Phillips II,3357
Greene,Circuit Court Judge Part III,3,Republican,Beth Boniface,3160
Greene,Criminal Court Judge,3,Republican,John F. Dugger Jr.,3417
Greene,District Attorney General,3,Republican,Dan E. Armstrong,3447
Greene,Public Defender,3,Republican,Todd Estep,3395
Greene,State House,5,Democratic,No Candidate Qualified,0
Greene,State House,5,Republican,David B. Hawk,3197
Greene,State Executive Committeeman,9,Democratic,Darrell Key,500
Greene,State Executive Committeewoman,9,Democratic,Marjorie Ramsey,474
Greene,State Senate,9,Democratic,Sara Thompson,494
Greene,State Executive Committeeman,9,Republican,Brett Purgason,1818
Greene,State Executive Committeeman,9,Republican,Daryl Brady,476
Greene,State Executive Committeeman,9,Republican,Josh Collins,783
Greene,State Executive Committeewoman,9,Republican,Nancy Wilson,2956
Greene,State Senate,9,Republican,Steve Southerland,3219
Greene,Court of Appeals - Eastern Division,NA,,Replace - John W. McClarty,646
Greene,Court of Appeals - Eastern Division,NA,,Replace - Kristi Davis,672
Greene,Court of Appeals - Eastern Division,NA,,Replace - Mike Swiney,634
Greene,Court of Appeals - Eastern Division,NA,,"Replace - Thomas R. ""Skip"" Frierson",612
Greene,Court of Appeals - Eastern Division,NA,,Retain - John W. McClarty,2188
Greene,Court of Appeals - Eastern Division,NA,,Retain - Kristi Davis,2197
Greene,Court of Appeals - Eastern Division,NA,,Retain - Mike Swiney,2184
Greene,Court of Appeals - Eastern Division,NA,,"Retain - Thomas R. ""Skip"" Frierson",2379
Greene,Court of Appeals - Middle Division,NA,,Replace - Andy D. Bennett,628
Greene,Court of Appeals - Middle Division,NA,,Replace - Frank Clement,669
Greene,Court of Appeals - Middle Division,NA,,Replace - Neal McBrayer,671
Greene,Court of Appeals - Middle Division,NA,,Retain - Andy D. Bennett,2160
Greene,Court of Appeals - Middle Division,NA,,Retain - Frank Clement,2166
Greene,Court of Appeals - Middle Division,NA,,Retain - Neal McBrayer,2170
Greene,Court of Appeals - Western Division,NA,,Replace - Arnold B. Goldin,694
Greene,Court of Appeals - Western Division,NA,,Replace - Carma Dennis McGee,707
Greene,Court of Appeals - Western Division,NA,,Replace - Kenny W. Armstrong,673
Greene,Court of Appeals - Western Division,NA,,Replace - Steve Stafford,666
Greene,Court of Appeals - Western Division,NA,,Retain - Arnold B. Goldin,2134
Greene,Court of Appeals - Western Division,NA,,Retain - Carma Dennis McGee,2127
Greene,Court of Appeals - Western Division,NA,,Retain - Kenny W. Armstrong,2206
Greene,Court of Appeals - Western Division,NA,,Retain - Steve Stafford,2143
Greene,Court of Criminal Appeals - Eastern Division,NA,,"Replace - James C. Witt, Jr.",639
Greene,Court of Criminal Appeals - Eastern Division,NA,,"Replace - Robert H. Montgomery, Jr.",631
Greene,Court of Criminal Appeals - Eastern Division,NA,,"Retain - James C. Witt, Jr.",2191
Greene,Court of Criminal Appeals - Eastern Division,NA,,"Retain - Robert H. Montgomery, Jr.",2226
Greene,Court of Criminal Appeals - Middle Division,NA,,Replace - Jill Bartee Ayers,641
Greene,Court of Criminal Appeals - Middle Division,NA,,"Replace - Robert L. Holloway, Jr.",648
Greene,Court of Criminal Appeals - Middle Division,NA,,Replace - Robert W. Wedemeyer,662
Greene,Court of Criminal Appeals - Middle Division,NA,,Replace - Timothy L. Easter,666
Greene,Court of Criminal Appeals - Middle Division,NA,,Retain - Jill Bartee Ayers,2161
Greene,Court of Criminal Appeals - Middle Division,NA,,"Retain - Robert L. Holloway, Jr.",2136
Greene,Court of Criminal Appeals - Middle Division,NA,,Retain - Robert W. Wedemeyer,2089
Greene,Court of Criminal Appeals - Middle Division,NA,,Retain - Timothy L. Easter,2112
Greene,Court of Criminal Appeals - Western Division,NA,,Replace - Camille McMullen,668
Greene,Court of Criminal Appeals - Western Division,NA,,Replace - J. Ross Dyer,645
Greene,Court of Criminal Appeals - Western Division,NA,,Replace - John Everett Williams,630
Greene,Court of Criminal Appeals - Western Division,NA,,"Replace - John W. Campbell, Sr.",648
Greene,Court of Criminal Appeals - Western Division,NA,,Retain - Camille McMullen,2082
Greene,Court of Criminal Appeals - Western Division,NA,,Retain - J. Ross Dyer,2092
Greene,Court of Criminal Appeals - Western Division,NA,,Retain - John Everett Williams,2090
Greene,Court of Criminal Appeals - Western Division,NA,,"Retain - John W. Campbell, Sr.",2117
Greene,Supreme Court,NA,,Replace - Holly Kirby,749
Greene,Supreme Court,NA,,Replace - Jeffrey S. Bivins,798
Greene,Supreme Court,NA,,Replace - Roger A. Page,742
Greene,Supreme Court,NA,,Replace - Sarah K. Campbell,759
Greene,Supreme Court,NA,,Replace - Sharon Gail Lee,746
Greene,Supreme Court,NA,,Retain - Holly Kirby,2280
Greene,Supreme Court,NA,,Retain - Jeffrey S. Bivins,2334
Greene,Supreme Court,NA,,Retain - Roger A. Page,2215
Greene,Supreme Court,NA,,Retain - Sarah K. Campbell,2330
Greene,Supreme Court,NA,,Retain - Sharon Gail Lee,2273
Greene,Governor,NA,Democratic,Carnita Faye Atwater,114
Greene,Governor,NA,Democratic,JB Smiley Jr.,140
Greene,Governor,NA,Democratic,Jason Brantley Martin,296
Greene,Governor,NA,Republican,Bill Lee,3082
Grundy,District Attorney General,12,Independent,Mike Taylor,763
Grundy,Public Defender,12,Independent,Jeff Harmon,1091
Grundy,Chancellor,12,Republican,Missy Thomas Willis,1991
Grundy,Circuit Court Judge Part I,12,Republican,Bradley Sherman,2014
Grundy,Circuit Court Judge Part II,12,Republican,"John ""Cam"" Cameron",2142
Grundy,Circuit Court Judge Part III,12,Republican,Justin C. Angel,2177
Grundy,District Attorney General,12,Republican,Courtney Lynch,1996
Grundy,Public Defender,12,Republican,Ted Engel,1528
Grundy,State Executive Committeeman,16,Democratic,Bobby Eddress Bush Jr.,273
Grundy,State Executive Committeewoman,16,Democratic,Sheila Younglove,286
Grundy,State Executive Committeeman,16,Republican,Jerry S. Anderson,1381
Grundy,State Executive Committeewoman,16,Republican,Amy L. Dennis,1373
Grundy,U.S. House,4,Democratic,Arnold J. White,101
Grundy,U.S. House,4,Democratic,Wayne Steele,204
Grundy,U.S. House,4,Republican,Scott DesJarlais,1678
Grundy,State House,47,Democratic,No Candidate Qualified,0
Grundy,State House,47,Republican,Rush Bricken,1415
Grundy,Court of Appeals - Eastern Division,NA,,Replace - John W. McClarty,500
Grundy,Court of Appeals - Eastern Division,NA,,Replace - Kristi Davis,461
Grundy,Court of Appeals - Eastern Division,NA,,Replace - Mike Swiney,463
Grundy,Court of Appeals - Eastern Division,NA,,"Replace - Thomas R. ""Skip"" Frierson",479
Grundy,Court of Appeals - Eastern Division,NA,,Retain - John W. McClarty,1412
Grundy,Court of Appeals - Eastern Division,NA,,Retain - Kristi Davis,1463
Grundy,Court of Appeals - Eastern Division,NA,,Retain - Mike Swiney,1442
Grundy,Court of Appeals - Eastern Division,NA,,"Retain - Thomas R. ""Skip"" Frierson",1434
Grundy,Court of Appeals - Middle Division,NA,,Replace - Andy D. Bennett,458
Grundy,Court of Appeals - Middle Division,NA,,Replace - Frank Clement,472
Grundy,Court of Appeals - Middle Division,NA,,Replace - Neal McBrayer,469
Grundy,Court of Appeals - Middle Division,NA,,Retain - Andy D. Bennett,1444
Grundy,Court of Appeals - Middle Division,NA,,Retain - Frank Clement,1458
Grundy,Court of Appeals - Middle Division,NA,,Retain - Neal McBrayer,1425
Grundy,Court of Appeals - Western Division,NA,,Replace - Arnold B. Goldin,476
Grundy,Court of Appeals - Western Division,NA,,Replace - Carma Dennis McGee,459
Grundy,Court of Appeals - Western Division,NA,,Replace - Kenny W. Armstrong,466
Grundy,Court of Appeals - Western Division,NA,,Replace - Steve Stafford,485
Grundy,Court of Appeals - Western Division,NA,,Retain - Arnold B. Goldin,1390
Grundy,Court of Appeals - Western Division,NA,,Retain - Carma Dennis McGee,1408
Grundy,Court of Appeals - Western Division,NA,,Retain - Kenny W. Armstrong,1406
Grundy,Court of Appeals - Western Division,NA,,Retain - Steve Stafford,1385
Grundy,Court of Criminal Appeals - Eastern Division,NA,,"Replace - James C. Witt, Jr.",454
Grundy,Court of Criminal Appeals - Eastern Division,NA,,"Replace - Robert H. Montgomery, Jr.",445
Grundy,Court of Criminal Appeals - Eastern Division,NA,,"Retain - James C. Witt, Jr.",1401
Grundy,Court of Criminal Appeals - Eastern Division,NA,,"Retain - Robert H. Montgomery, Jr.",1406
Grundy,Court of Criminal Appeals - Middle Division,NA,,Replace - Jill Bartee Ayers,442
Grundy,Court of Criminal Appeals - Middle Division,NA,,"Replace - Robert L. Holloway, Jr.",458
Grundy,Court of Criminal Appeals - Middle Division,NA,,Replace - Robert W. Wedemeyer,468
Grundy,Court of Criminal Appeals - Middle Division,NA,,Replace - Timothy L. Easter,455
Grundy,Court of Criminal Appeals - Middle Division,NA,,Retain - Jill Bartee Ayers,1410
Grundy,Court of Criminal Appeals - Middle Division,NA,,"Retain - Robert L. Holloway, Jr.",1393
Grundy,Court of Criminal Appeals - Middle Division,NA,,Retain - Robert W. Wedemeyer,1380
Grundy,Court of Criminal Appeals - Middle Division,NA,,Retain - Timothy L. Easter,1404
Grundy,Court of Criminal Appeals - Western Division,NA,,Replace - Camille McMullen,479
Grundy,Court of Criminal Appeals - Western Division,NA,,Replace - J. Ross Dyer,462
Grundy,Court of Criminal Appeals - Western Division,NA,,Replace - John Everett Williams,465
Grundy,Court of Criminal Appeals - Western Division,NA,,"Replace - John W. Campbell, Sr.",449
Grundy,Court of Criminal Appeals - Western Division,NA,,Retain - Camille McMullen,1385
Grundy,Court of Criminal Appeals - Western Division,NA,,Retain - J. Ross Dyer,1384
Grundy,Court of Criminal Appeals - Western Division,NA,,Retain - John Everett Williams,1393
Grundy,Court of Criminal Appeals - Western Division,NA,,"Retain - John W. Campbell, Sr.",1391
Grundy,Supreme Court,NA,,Replace - Holly Kirby,482
Grundy,Supreme Court,NA,,Replace - Jeffrey S. Bivins,522
Grundy,Supreme Court,NA,,Replace - Roger A. Page,485
Grundy,Supreme Court,NA,,Replace - Sarah K. Campbell,502
Grundy,Supreme Court,NA,,Replace - Sharon Gail Lee,503
Grundy,Supreme Court,NA,,Retain - Holly Kirby,1516
Grundy,Supreme Court,NA,,Retain - Jeffrey S. Bivins,1513
Grundy,Supreme Court,NA,,Retain - Roger A. Page,1458
Grundy,Supreme Court,NA,,Retain - Sarah K. Campbell,1521
Grundy,Supreme Court,NA,,Retain - Sharon Gail Lee,1492
Grundy,Governor,NA,Democratic,Carnita Faye Atwater,94
Grundy,Governor,NA,Democratic,JB Smiley Jr.,69
Grundy,Governor,NA,Democratic,Jason Brantley Martin,185
Grundy,Governor,NA,Republican,Bill Lee,1752
Hamblen,U.S. House,1,Democratic,Cameron Parsons,640
Hamblen,U.S. House,1,Republican,Diana Lynn Harshbarger,3799
Hamblen,State House,10,Democratic,No Candidate Qualified,0
Hamblen,State House,10,Republican,Donel Shelton,367
Hamblen,State House,10,Republican,Rick Eldridge,2457
Hamblen,State House,11,Democratic,No Candidate Qualified,0
Hamblen,State House,11,Republican,Jeremy Faison,1034
Hamblen,Chancellor,3,Republican,Douglas T. Jenkins,3826
Hamblen,Circuit Court Judge Part I,3,Republican,Alex E. Pearson,3825
Hamblen,Circuit Court Judge Part II,3,Republican,William E. Phillips II,3943
Hamblen,Circuit Court Judge Part III,3,Republican,Beth Boniface,3845
Hamblen,Criminal Court Judge,3,Republican,John F. Dugger Jr.,4205
Hamblen,District Attorney General,3,Republican,Dan E. Armstrong,3833
Hamblen,Public Defender,3,Republican,Todd Estep,3800
Hamblen,State Executive Committeeman,9,Democratic,Darrell Key,647
Hamblen,State Executive Committeewoman,9,Democratic,Marjorie Ramsey,663
Hamblen,State Senate,9,Democratic,Sara Thompson,657
Hamblen,State Executive Committeeman,9,Republican,Brett Purgason,460
Hamblen,State Executive Committeeman,9,Republican,Daryl Brady,1431
Hamblen,State Executive Committeeman,9,Republican,Josh Collins,1343
Hamblen,State Executive Committeewoman,9,Republican,Nancy Wilson,3194
Hamblen,State Senate,9,Republican,Steve Southerland,3810
Hamblen,Court of Appeals - Eastern Division,NA,,Replace - John W. McClarty,714
Hamblen,Court of Appeals - Eastern Division,NA,,Replace - Kristi Davis,705
Hamblen,Court of Appeals - Eastern Division,NA,,Replace - Mike Swiney,680
Hamblen,Court of Appeals - Eastern Division,NA,,"Replace - Thomas R. ""Skip"" Frierson",603
Hamblen,Court of Appeals - Eastern Division,NA,,Retain - John W. McClarty,2965
Hamblen,Court of Appeals - Eastern Division,NA,,Retain - Kristi Davis,2943
Hamblen,Court of Appeals - Eastern Division,NA,,Retain - Mike Swiney,2938
Hamblen,Court of Appeals - Eastern Division,NA,,"Retain - Thomas R. ""Skip"" Frierson",3561
Hamblen,Court of Appeals - Middle Division,NA,,Replace - Andy D. Bennett,692
Hamblen,Court of Appeals - Middle Division,NA,,Replace - Frank Clement,729
Hamblen,Court of Appeals - Middle Division,NA,,Replace - Neal McBrayer,708
Hamblen,Court of Appeals - Middle Division,NA,,Retain - Andy D. Bennett,2897
Hamblen,Court of Appeals - Middle Division,NA,,Retain - Frank Clement,2944
Hamblen,Court of Appeals - Middle Division,NA,,Retain - Neal McBrayer,2869
Hamblen,Court of Appeals - Western Division,NA,,Replace - Arnold B. Goldin,699
Hamblen,Court of Appeals - Western Division,NA,,Replace - Carma Dennis McGee,698
Hamblen,Court of Appeals - Western Division,NA,,Replace - Kenny W. Armstrong,693
Hamblen,Court of Appeals - Western Division,NA,,Replace - Steve Stafford,701
Hamblen,Court of Appeals - Western Division,NA,,Retain - Arnold B. Goldin,2822
Hamblen,Court of Appeals - Western Division,NA,,Retain - Carma Dennis McGee,2825
Hamblen,Court of Appeals - Western Division,NA,,Retain - Kenny W. Armstrong,2846
Hamblen,Court of Appeals - Western Division,NA,,Retain - Steve Stafford,2857
Hamblen,Court of Criminal Appeals - Eastern Division,NA,,"Replace - James C. Witt, Jr.",652
Hamblen,Court of Criminal Appeals - Eastern Division,NA,,"Replace - Robert H. Montgomery, Jr.",664
Hamblen,Court of Criminal Appeals - Eastern Division,NA,,"Retain - James C. Witt, Jr.",2897
Hamblen,Court of Criminal Appeals - Eastern Division,NA,,"Retain - Robert H. Montgomery, Jr.",2902
Hamblen,Court of Criminal Appeals - Middle Division,NA,,Replace - Jill Bartee Ayers,683
Hamblen,Court of Criminal Appeals - Middle Division,NA,,"Replace - Robert L. Holloway, Jr.",676
Hamblen,Court of Criminal Appeals - Middle Division,NA,,Replace - Robert W. Wedemeyer,681
Hamblen,Court of Criminal Appeals - Middle Division,NA,,Replace - Timothy L. Easter,664
Hamblen,Court of Criminal Appeals - Middle Division,NA,,Retain - Jill Bartee Ayers,2842
Hamblen,Court of Criminal Appeals - Middle Division,NA,,"Retain - Robert L. Holloway, Jr.",2851
Hamblen,Court of Criminal Appeals - Middle Division,NA,,Retain - Robert W. Wedemeyer,2835
Hamblen,Court of Criminal Appeals - Middle Division,NA,,Retain - Timothy L. Easter,2863
Hamblen,Court of Criminal Appeals - Western Division,NA,,Replace - Camille McMullen,710
Hamblen,Court of Criminal Appeals - Western Division,NA,,Replace - J. Ross Dyer,700
Hamblen,Court of Criminal Appeals - Western Division,NA,,Replace - John Everett Williams,700
Hamblen,Court of Criminal Appeals - Western Division,NA,,"Replace - John W. Campbell, Sr.",688
Hamblen,Court of Criminal Appeals - Western Division,NA,,Retain - Camille McMullen,2846
Hamblen,Court of Criminal Appeals - Western Division,NA,,Retain - J. Ross Dyer,2816
Hamblen,Court of Criminal Appeals - Western Division,NA,,Retain - John Everett Williams,2843
Hamblen,Court of Criminal Appeals - Western Division,NA,,"Retain - John W. Campbell, Sr.",2821
Hamblen,Supreme Court,NA,,Replace - Holly Kirby,746
Hamblen,Supreme Court,NA,,Replace - Jeffrey S. Bivins,777
Hamblen,Supreme Court,NA,,Replace - Roger A. Page,729
Hamblen,Supreme Court,NA,,Replace - Sarah K. Campbell,751
Hamblen,Supreme Court,NA,,Replace - Sharon Gail Lee,765
Hamblen,Supreme Court,NA,,Retain - Holly Kirby,2972
Hamblen,Supreme Court,NA,,Retain - Jeffrey S. Bivins,3025
Hamblen,Supreme Court,NA,,Retain - Roger A. Page,2936
Hamblen,Supreme Court,NA,,Retain - Sarah K. Campbell,3001
Hamblen,Supreme Court,NA,,Retain - Sharon Gail Lee,2980
Hamblen,Governor,NA,Democratic,Carnita Faye Atwater,201
Hamblen,Governor,NA,Democratic,JB Smiley Jr.,173
Hamblen,Governor,NA,Democratic,Jason Brantley Martin,368
Hamblen,Governor,NA,Republican,Bill Lee,3761
Hamilton,State Executive Committeeman,10,Democratic,Chris Anderson,5703
Hamilton,State Executive Committeewoman,10,Democratic,Raquetta D. Dotley,5917
Hamilton,State Executive Committeeman,10,Republican,Kenneth J (Ken) Meyer,7896
Hamilton,State Executive Committeewoman,10,Republican,Emily Goldberg,4915
Hamilton,State Executive Committeewoman,10,Republican,Suzanne Schoolfield Sapp,2449
Hamilton,District Attorney General,11,Democratic,John Allen Brooks,20040
Hamilton,State Executive Committeeman,11,Democratic,Ryan Scofield,4540
Hamilton,State Executive Committeeman,11,Democratic,William Rogers,3532
Hamilton,State Executive Committeewoman,11,Democratic,Rachel L. Campbell,8119
Hamilton,State Senate,11,Democratic,No Candidate Qualified,0
Hamilton,Chancellor Part 1,11,Republican,Pam McNutt Fleenor,33930
Hamilton,Chancellor Part 2,11,Republican,Jeffrey Atherton,33611
Hamilton,Circuit Court Judge Division 1,11,Republican,J. B. Bennett,36036
Hamilton,Circuit Court Judge Division 2,11,Republican,Mike Dumitru,35756
Hamilton,Circuit Court Judge Division 3,11,Republican,Marie Williams,35025
Hamilton,Circuit Court Judge Division 4,11,Republican,Kyle E. Hedrick,34289
Hamilton,Criminal Court Judge Division 1,11,Republican,Barry Steelman,35363
Hamilton,Criminal Court Judge Division 2,11,Republican,Tom Greenholtz,34188
Hamilton,Criminal Court Judge Division 3,11,Republican,Boyd Patterson,34741
Hamilton,District Attorney General,11,Republican,Coty Wamp,28836
Hamilton,Public Defender,11,Republican,Steven E. Smith,33042
Hamilton,State Executive Committeeman,11,Republican,David G. Queen,15374
Hamilton,State Executive Committeeman,11,Republican,Write-In - Brett Miot Hale,132
Hamilton,State Executive Committeewoman,11,Republican,Tina J. Benkiser,15029
Hamilton,State Senate,11,Republican,Bo Watson,17265
Hamilton,State House,26,Democratic,Allison Gorman,3090
Hamilton,State House,26,Democratic,Tim Roberts,488
Hamilton,State House,26,Republican,Greg Martin,6881
Hamilton,State House,27,Democratic,No Candidate Qualified,0
Hamilton,State House,27,Republican,Patsy Hazlewood,6722
Hamilton,State House,28,Democratic,Yusuf A. Hakeem,4982
Hamilton,State House,28,Republican,No Candidate Qualified,0
Hamilton,State House,29,Democratic,No Candidate Qualified,0
Hamilton,State House,29,Republican,Greg Vital,6040
Hamilton,U.S. House,3,Democratic,Meg Gorman,15272
Hamilton,U.S. House,3,Republican,Chuck Fleischmann,21764
Hamilton,U.S. House,3,Republican,Sandy Casey,5609
Hamilton,State House,30,Democratic,No Candidate Qualified,0
Hamilton,State House,30,Republican,Esther Helton,4647
Hamilton,Court of Appeals - Eastern Division,NA,,Replace - John W. McClarty,9131
Hamilton,Court of Appeals - Eastern Division,NA,,Replace - Kristi Davis,8899
Hamilton,Court of Appeals - Eastern Division,NA,,Replace - Mike Swiney,9591
Hamilton,Court of Appeals - Eastern Division,NA,,"Replace - Thomas R. ""Skip"" Frierson",9872
Hamilton,Court of Appeals - Eastern Division,NA,,Retain - John W. McClarty,27483
Hamilton,Court of Appeals - Eastern Division,NA,,Retain - Kristi Davis,27201
Hamilton,Court of Appeals - Eastern Division,NA,,Retain - Mike Swiney,25762
Hamilton,Court of Appeals - Eastern Division,NA,,"Retain - Thomas R. ""Skip"" Frierson",26282
Hamilton,Court of Appeals - Middle Division,NA,,Replace - Andy D. Bennett,9014
Hamilton,Court of Appeals - Middle Division,NA,,Replace - Frank Clement,9365
Hamilton,Court of Appeals - Middle Division,NA,,Replace - Neal McBrayer,8802
Hamilton,Court of Appeals - Middle Division,NA,,Retain - Andy D. Bennett,25243
Hamilton,Court of Appeals - Middle Division,NA,,Retain - Frank Clement,24816
Hamilton,Court of Appeals - Middle Division,NA,,Retain - Neal McBrayer,24478
Hamilton,Court of Appeals - Western Division,NA,,Replace - Arnold B. Goldin,8997
Hamilton,Court of Appeals - Western Division,NA,,Replace - Carma Dennis McGee,8222
Hamilton,Court of Appeals - Western Division,NA,,Replace - Kenny W. Armstrong,8609
Hamilton,Court of Appeals - Western Division,NA,,Replace - Steve Stafford,8875
Hamilton,Court of Appeals - Western Division,NA,,Retain - Arnold B. Goldin,24051
Hamilton,Court of Appeals - Western Division,NA,,Retain - Carma Dennis McGee,24860
Hamilton,Court of Appeals - Western Division,NA,,Retain - Kenny W. Armstrong,24569
Hamilton,Court of Appeals - Western Division,NA,,Retain - Steve Stafford,24155
Hamilton,Court of Criminal Appeals - Eastern Division,NA,,"Replace - James C. Witt, Jr.",8796
Hamilton,Court of Criminal Appeals - Eastern Division,NA,,"Replace - Robert H. Montgomery, Jr.",8595
Hamilton,Court of Criminal Appeals - Eastern Division,NA,,"Retain - James C. Witt, Jr.",24254
Hamilton,Court of Criminal Appeals - Eastern Division,NA,,"Retain - Robert H. Montgomery, Jr.",24416
Hamilton,Court of Criminal Appeals - Middle Division,NA,,Replace - Jill Bartee Ayers,8190
Hamilton,Court of Criminal Appeals - Middle Division,NA,,"Replace - Robert L. Holloway, Jr.",8686
Hamilton,Court of Criminal Appeals - Middle Division,NA,,Replace - Robert W. Wedemeyer,9231
Hamilton,Court of Criminal Appeals - Middle Division,NA,,Replace - Timothy L. Easter,8635
Hamilton,Court of Criminal Appeals - Middle Division,NA,,Retain - Jill Bartee Ayers,24885
Hamilton,Court of Criminal Appeals - Middle Division,NA,,"Retain - Robert L. Holloway, Jr.",24267
Hamilton,Court of Criminal Appeals - Middle Division,NA,,Retain - Robert W. Wedemeyer,23480
Hamilton,Court of Criminal Appeals - Middle Division,NA,,Retain - Timothy L. Easter,24206
Hamilton,Court of Criminal Appeals - Western Division,NA,,Replace - Camille McMullen,8016
Hamilton,Court of Criminal Appeals - Western Division,NA,,Replace - J. Ross Dyer,8710
Hamilton,Court of Criminal Appeals - Western Division,NA,,Replace - John Everett Williams,8616
Hamilton,Court of Criminal Appeals - Western Division,NA,,"Replace - John W. Campbell, Sr.",8843
Hamilton,Court of Criminal Appeals - Western Division,NA,,Retain - Camille McMullen,24947
Hamilton,Court of Criminal Appeals - Western Division,NA,,Retain - J. Ross Dyer,23979
Hamilton,Court of Criminal Appeals - Western Division,NA,,Retain - John Everett Williams,24114
Hamilton,Court of Criminal Appeals - Western Division,NA,,"Retain - John W. Campbell, Sr.",23911
Hamilton,Supreme Court,NA,,Replace - Holly Kirby,9321
Hamilton,Supreme Court,NA,,Replace - Jeffrey S. Bivins,10666
Hamilton,Supreme Court,NA,,Replace - Roger A. Page,10367
Hamilton,Supreme Court,NA,,Replace - Sarah K. Campbell,9760
Hamilton,Supreme Court,NA,,Replace - Sharon Gail Lee,9372
Hamilton,Supreme Court,NA,,Retain - Holly Kirby,27213
Hamilton,Supreme Court,NA,,Retain - Jeffrey S. Bivins,26553
Hamilton,Supreme Court,NA,,Retain - Roger A. Page,25646
Hamilton,Supreme Court,NA,,Retain - Sarah K. Campbell,27142
Hamilton,Supreme Court,NA,,Retain - Sharon Gail Lee,27136
Hamilton,Governor,NA,Democratic,Carnita Faye Atwater,3591
Hamilton,Governor,NA,Democratic,JB Smiley Jr.,7378
Hamilton,Governor,NA,Democratic,Jason Brantley Martin,5824
Hamilton,Governor,NA,Republican,Bill Lee,26258
Hancock,U.S. House,1,Democratic,Cameron Parsons,42
Hancock,U.S. House,1,Republican,Diana Lynn Harshbarger,537
Hancock,Chancellor,3,Republican,Douglas T. Jenkins,695
Hancock,Circuit Court Judge Part I,3,Republican,Alex E. Pearson,660
Hancock,Circuit Court Judge Part II,3,Republican,William E. Phillips II,709
Hancock,Circuit Court Judge Part III,3,Republican,Beth Boniface,554
Hancock,Criminal Court Judge,3,Republican,John F. Dugger Jr.,683
Hancock,District Attorney General,3,Republican,Dan E. Armstrong,631
Hancock,Public Defender,3,Republican,Todd Estep,607
Hancock,State Executive Committeeman,8,Democratic,Rodney Fugate,40
Hancock,State Executive Committeewoman,8,Democratic,Barbara Wagner,44
Hancock,State Executive Committeeman,8,Republican,David A. Bishop,423
Hancock,State Executive Committeewoman,8,Republican,No Candidate Qualified,0
Hancock,State House,9,Democratic,No Candidate Qualified,0
Hancock,State House,9,Republican,Gary W Hicks Jr,615
Hancock,Court of Appeals - Eastern Division,NA,,Replace - John W. McClarty,69
Hancock,Court of Appeals - Eastern Division,NA,,Replace - Kristi Davis,65
Hancock,Court of Appeals - Eastern Division,NA,,Replace - Mike Swiney,56
Hancock,Court of Appeals - Eastern Division,NA,,"Replace - Thomas R. ""Skip"" Frierson",68
Hancock,Court of Appeals - Eastern Division,NA,,Retain - John W. McClarty,365
Hancock,Court of Appeals - Eastern Division,NA,,Retain - Kristi Davis,366
Hancock,Court of Appeals - Eastern Division,NA,,Retain - Mike Swiney,363
Hancock,Court of Appeals - Eastern Division,NA,,"Retain - Thomas R. ""Skip"" Frierson",407
Hancock,Court of Appeals - Middle Division,NA,,Replace - Andy D. Bennett,66
Hancock,Court of Appeals - Middle Division,NA,,Replace - Frank Clement,72
Hancock,Court of Appeals - Middle Division,NA,,Replace - Neal McBrayer,68
Hancock,Court of Appeals - Middle Division,NA,,Retain - Andy D. Bennett,354
Hancock,Court of Appeals - Middle Division,NA,,Retain - Frank Clement,371
Hancock,Court of Appeals - Middle Division,NA,,Retain - Neal McBrayer,354
Hancock,Court of Appeals - Western Division,NA,,Replace - Arnold B. Goldin,63
Hancock,Court of Appeals - Western Division,NA,,Replace - Carma Dennis McGee,65
Hancock,Court of Appeals - Western Division,NA,,Replace - Kenny W. Armstrong,62
Hancock,Court of Appeals - Western Division,NA,,Replace - Steve Stafford,70
Hancock,Court of Appeals - Western Division,NA,,Retain - Arnold B. Goldin,347
Hancock,Court of Appeals - Western Division,NA,,Retain - Carma Dennis McGee,344
Hancock,Court of Appeals - Western Division,NA,,Retain - Kenny W. Armstrong,367
Hancock,Court of Appeals - Western Division,NA,,Retain - Steve Stafford,339
Hancock,Court of Criminal Appeals - Eastern Division,NA,,"Replace - James C. Witt, Jr.",58
Hancock,Court of Criminal Appeals - Eastern Division,NA,,"Replace - Robert H. Montgomery, Jr.",57
Hancock,Court of Criminal Appeals - Eastern Division,NA,,"Retain - James C. Witt, Jr.",346
Hancock,Court of Criminal Appeals - Eastern Division,NA,,"Retain - Robert H. Montgomery, Jr.",355
Hancock,Court of Criminal Appeals - Middle Division,NA,,Replace - Jill Bartee Ayers,59
Hancock,Court of Criminal Appeals - Middle Division,NA,,"Replace - Robert L. Holloway, Jr.",59
Hancock,Court of Criminal Appeals - Middle Division,NA,,Replace - Robert W. Wedemeyer,58
Hancock,Court of Criminal Appeals - Middle Division,NA,,Replace - Timothy L. Easter,62
Hancock,Court of Criminal Appeals - Middle Division,NA,,Retain - Jill Bartee Ayers,342
Hancock,Court of Criminal Appeals - Middle Division,NA,,"Retain - Robert L. Holloway, Jr.",341
Hancock,Court of Criminal Appeals - Middle Division,NA,,Retain - Robert W. Wedemeyer,344
Hancock,Court of Criminal Appeals - Middle Division,NA,,Retain - Timothy L. Easter,340
Hancock,Court of Criminal Appeals - Western Division,NA,,Replace - Camille McMullen,65
Hancock,Court of Criminal Appeals - Western Division,NA,,Replace - J. Ross Dyer,65
Hancock,Court of Criminal Appeals - Western Division,NA,,Replace - John Everett Williams,61
Hancock,Court of Criminal Appeals - Western Division,NA,,"Replace - John W. Campbell, Sr.",58
Hancock,Court of Criminal Appeals - Western Division,NA,,Retain - Camille McMullen,337
Hancock,Court of Criminal Appeals - Western Division,NA,,Retain - J. Ross Dyer,336
Hancock,Court of Criminal Appeals - Western Division,NA,,Retain - John Everett Williams,346
Hancock,Court of Criminal Appeals - Western Division,NA,,"Retain - John W. Campbell, Sr.",347
Hancock,Supreme Court,NA,,Replace - Holly Kirby,71
Hancock,Supreme Court,NA,,Replace - Jeffrey S. Bivins,72
Hancock,Supreme Court,NA,,Replace - Roger A. Page,67
Hancock,Supreme Court,NA,,Replace - Sarah K. Campbell,68
Hancock,Supreme Court,NA,,Replace - Sharon Gail Lee,69
Hancock,Supreme Court,NA,,Retain - Holly Kirby,367
Hancock,Supreme Court,NA,,Retain - Jeffrey S. Bivins,375
Hancock,Supreme Court,NA,,Retain - Roger A. Page,353
Hancock,Supreme Court,NA,,Retain - Sarah K. Campbell,371
Hancock,Supreme Court,NA,,Retain - Sharon Gail Lee,370
Hancock,Governor,NA,Democratic,Carnita Faye Atwater,14
Hancock,Governor,NA,Democratic,JB Smiley Jr.,7
Hancock,Governor,NA,Democratic,Jason Brantley Martin,27
Hancock,Governor,NA,Republican,Bill Lee,570
Hardeman,Chancellor Part I,25,Independent,"William C. ""Bill"" Cole",2775
Hardeman,Circuit Court Judge Part I,25,Independent,J. Weber McCraw,3087
Hardeman,Chancellor Part II,25,Republican,Kasey Culbreath,2638
Hardeman,Chancellor Part II,25,Republican,Write-In - Angela L. Jenkins-Hines,22
Hardeman,Circuit Court Judge Part II,25,Republican,Blake Neill,2767
Hardeman,District Attorney General,25,Republican,Mark E. Davidson,2834
Hardeman,Public Defender,25,Republican,Bo Burk,2725
Hardeman,State Executive Committeeman,26,Democratic,Randall Rice,1320
Hardeman,State Executive Committeewoman,26,Democratic,Meryl Rice,1436
Hardeman,State Executive Committeeman,26,Republican,Johnny Bellis,1311
Hardeman,State Executive Committeewoman,26,Republican,No Candidate Qualified,0
Hardeman,U.S. House,8,Democratic,Lynnette P. Williams,804
Hardeman,U.S. House,8,Democratic,Tim McDonald,429
Hardeman,U.S. House,8,Republican,Bob Hendry,316
Hardeman,U.S. House,8,Republican,Danny Ray Bridger Jr,129
Hardeman,U.S. House,8,Republican,David Kustoff,1396
Hardeman,U.S. House,8,Republican,Gary Dean Clouse,100
Hardeman,State House,80,Democratic,Johnny W. Shaw,1605
Hardeman,State House,80,Republican,No Candidate Qualified,0
Hardeman,State House,94,Democratic,No Candidate Qualified,0
Hardeman,State House,94,Republican,Ron M. Gant,289
Hardeman,Court of Appeals - Eastern Division,NA,,Replace - John W. McClarty,647
Hardeman,Court of Appeals - Eastern Division,NA,,Replace - Kristi Davis,605
Hardeman,Court of Appeals - Eastern Division,NA,,Replace - Mike Swiney,609
Hardeman,Court of Appeals - Eastern Division,NA,,"Replace - Thomas R. ""Skip"" Frierson",654
Hardeman,Court of Appeals - Eastern Division,NA,,Retain - John W. McClarty,2127
Hardeman,Court of Appeals - Eastern Division,NA,,Retain - Kristi Davis,2147
Hardeman,Court of Appeals - Eastern Division,NA,,Retain - Mike Swiney,2060
Hardeman,Court of Appeals - Eastern Division,NA,,"Retain - Thomas R. ""Skip"" Frierson",2091
Hardeman,Court of Appeals - Middle Division,NA,,Replace - Andy D. Bennett,638
Hardeman,Court of Appeals - Middle Division,NA,,Replace - Frank Clement,633
Hardeman,Court of Appeals - Middle Division,NA,,Replace - Neal McBrayer,645
Hardeman,Court of Appeals - Middle Division,NA,,Retain - Andy D. Bennett,2045
Hardeman,Court of Appeals - Middle Division,NA,,Retain - Frank Clement,2067
Hardeman,Court of Appeals - Middle Division,NA,,Retain - Neal McBrayer,2011
Hardeman,Court of Appeals - Western Division,NA,,Replace - Arnold B. Goldin,621
Hardeman,Court of Appeals - Western Division,NA,,Replace - Carma Dennis McGee,615
Hardeman,Court of Appeals - Western Division,NA,,Replace - Kenny W. Armstrong,600
Hardeman,Court of Appeals - Western Division,NA,,Replace - Steve Stafford,629
Hardeman,Court of Appeals - Western Division,NA,,Retain - Arnold B. Goldin,2018
Hardeman,Court of Appeals - Western Division,NA,,Retain - Carma Dennis McGee,2034
Hardeman,Court of Appeals - Western Division,NA,,Retain - Kenny W. Armstrong,2152
Hardeman,Court of Appeals - Western Division,NA,,Retain - Steve Stafford,2024
Hardeman,Court of Criminal Appeals - Eastern Division,NA,,"Replace - James C. Witt, Jr.",597
Hardeman,Court of Criminal Appeals - Eastern Division,NA,,"Replace - Robert H. Montgomery, Jr.",610
Hardeman,Court of Criminal Appeals - Eastern Division,NA,,"Retain - James C. Witt, Jr.",1970
Hardeman,Court of Criminal Appeals - Eastern Division,NA,,"Retain - Robert H. Montgomery, Jr.",2052
Hardeman,Court of Criminal Appeals - Middle Division,NA,,Replace - Jill Bartee Ayers,587
Hardeman,Court of Criminal Appeals - Middle Division,NA,,"Replace - Robert L. Holloway, Jr.",582
Hardeman,Court of Criminal Appeals - Middle Division,NA,,Replace - Robert W. Wedemeyer,628
Hardeman,Court of Criminal Appeals - Middle Division,NA,,Replace - Timothy L. Easter,603
Hardeman,Court of Criminal Appeals - Middle Division,NA,,Retain - Jill Bartee Ayers,1998
Hardeman,Court of Criminal Appeals - Middle Division,NA,,"Retain - Robert L. Holloway, Jr.",2018
Hardeman,Court of Criminal Appeals - Middle Division,NA,,Retain - Robert W. Wedemeyer,1946
Hardeman,Court of Criminal Appeals - Middle Division,NA,,Retain - Timothy L. Easter,1969
Hardeman,Court of Criminal Appeals - Western Division,NA,,Replace - Camille McMullen,591
Hardeman,Court of Criminal Appeals - Western Division,NA,,Replace - J. Ross Dyer,607
Hardeman,Court of Criminal Appeals - Western Division,NA,,Replace - John Everett Williams,586
Hardeman,Court of Criminal Appeals - Western Division,NA,,"Replace - John W. Campbell, Sr.",589
Hardeman,Court of Criminal Appeals - Western Division,NA,,Retain - Camille McMullen,2038
Hardeman,Court of Criminal Appeals - Western Division,NA,,Retain - J. Ross Dyer,1998
Hardeman,Court of Criminal Appeals - Western Division,NA,,Retain - John Everett Williams,2072
Hardeman,Court of Criminal Appeals - Western Division,NA,,"Retain - John W. Campbell, Sr.",2020
Hardeman,Supreme Court,NA,,Replace - Holly Kirby,644
Hardeman,Supreme Court,NA,,Replace - Jeffrey S. Bivins,718
Hardeman,Supreme Court,NA,,Replace - Roger A. Page,636
Hardeman,Supreme Court,NA,,Replace - Sarah K. Campbell,665
Hardeman,Supreme Court,NA,,Replace - Sharon Gail Lee,650
Hardeman,Supreme Court,NA,,Retain - Holly Kirby,2166
Hardeman,Supreme Court,NA,,Retain - Jeffrey S. Bivins,2160
Hardeman,Supreme Court,NA,,Retain - Roger A. Page,2112
Hardeman,Supreme Court,NA,,Retain - Sarah K. Campbell,2154
Hardeman,Supreme Court,NA,,Retain - Sharon Gail Lee,2201
Hardeman,Governor,NA,Democratic,Carnita Faye Atwater,401
Hardeman,Governor,NA,Democratic,JB Smiley Jr.,473
Hardeman,Governor,NA,Democratic,Jason Brantley Martin,547
Hardeman,Governor,NA,Republican,Bill Lee,1995
Hardin,Chancellor,24,Republican,Vicki Hodge Hoover,2627
Hardin,Circuit Court Judge Part I,24,Republican,Brent Bradberry,2540
Hardin,Circuit Court Judge Part II,24,Republican,Bruce Irwin Griffey,2466
Hardin,District Attorney General,24,Republican,Neil Thompson,2690
Hardin,Public Defender,24,Republican,"Robert ""Tas"" Gardner",2400
Hardin,State Executive Committeeman,26,Democratic,Randall Rice,236
Hardin,State Executive Committeewoman,26,Democratic,Meryl Rice,243
Hardin,State Executive Committeeman,26,Republican,Johnny Bellis,2485
Hardin,State Executive Committeewoman,26,Republican,No Candidate Qualified,0
Hardin,State House,71,Democratic,David P. Carson II,35
Hardin,State House,71,Republican,Bill White,68
Hardin,State House,71,Republican,Jason F. Rich,126
Hardin,State House,71,Republican,Kip Capley,50
Hardin,State House,71,Republican,Mitchell Skelton,59
Hardin,State House,72,Democratic,No Candidate Qualified,0
Hardin,State House,72,Republican,Kirk Haston,1924
Hardin,U.S. House,8,Democratic,Lynnette P. Williams,135
Hardin,U.S. House,8,Democratic,Tim McDonald,160
Hardin,U.S. House,8,Republican,Bob Hendry,176
Hardin,U.S. House,8,Republican,Danny Ray Bridger Jr,265
Hardin,U.S. House,8,Republican,David Kustoff,1959
Hardin,U.S. House,8,Republican,Gary Dean Clouse,112
Hardin,Court of Appeals - Eastern Division,NA,,Replace - John W. McClarty,433
Hardin,Court of Appeals - Eastern Division,NA,,Replace - Kristi Davis,419
Hardin,Court of Appeals - Eastern Division,NA,,Replace - Mike Swiney,435
Hardin,Court of Appeals - Eastern Division,NA,,"Replace - Thomas R. ""Skip"" Frierson",435
Hardin,Court of Appeals - Eastern Division,NA,,Retain - John W. McClarty,1545
Hardin,Court of Appeals - Eastern Division,NA,,Retain - Kristi Davis,1596
Hardin,Court of Appeals - Eastern Division,NA,,Retain - Mike Swiney,1552
Hardin,Court of Appeals - Eastern Division,NA,,"Retain - Thomas R. ""Skip"" Frierson",1568
Hardin,Court of Appeals - Middle Division,NA,,Replace - Andy D. Bennett,446
Hardin,Court of Appeals - Middle Division,NA,,Replace - Frank Clement,464
Hardin,Court of Appeals - Middle Division,NA,,Replace - Neal McBrayer,414
Hardin,Court of Appeals - Middle Division,NA,,Retain - Andy D. Bennett,1529
Hardin,Court of Appeals - Middle Division,NA,,Retain - Frank Clement,1560
Hardin,Court of Appeals - Middle Division,NA,,Retain - Neal McBrayer,1555
Hardin,Court of Appeals - Western Division,NA,,Replace - Arnold B. Goldin,422
Hardin,Court of Appeals - Western Division,NA,,Replace - Carma Dennis McGee,383
Hardin,Court of Appeals - Western Division,NA,,Replace - Kenny W. Armstrong,429
Hardin,Court of Appeals - Western Division,NA,,Replace - Steve Stafford,453
Hardin,Court of Appeals - Western Division,NA,,Retain - Arnold B. Goldin,1542
Hardin,Court of Appeals - Western Division,NA,,Retain - Carma Dennis McGee,1977
Hardin,Court of Appeals - Western Division,NA,,Retain - Kenny W. Armstrong,1557
Hardin,Court of Appeals - Western Division,NA,,Retain - Steve Stafford,1527
Hardin,Court of Criminal Appeals - Eastern Division,NA,,"Replace - James C. Witt, Jr.",413
Hardin,Court of Criminal Appeals - Eastern Division,NA,,"Replace - Robert H. Montgomery, Jr.",404
Hardin,Court of Criminal Appeals - Eastern Division,NA,,"Retain - James C. Witt, Jr.",1530
Hardin,Court of Criminal Appeals - Eastern Division,NA,,"Retain - Robert H. Montgomery, Jr.",1541
Hardin,Court of Criminal Appeals - Middle Division,NA,,Replace - Jill Bartee Ayers,416
Hardin,Court of Criminal Appeals - Middle Division,NA,,"Replace - Robert L. Holloway, Jr.",410
Hardin,Court of Criminal Appeals - Middle Division,NA,,Replace - Robert W. Wedemeyer,420
Hardin,Court of Criminal Appeals - Middle Division,NA,,Replace - Timothy L. Easter,408
Hardin,Court of Criminal Appeals - Middle Division,NA,,Retain - Jill Bartee Ayers,1536
Hardin,Court of Criminal Appeals - Middle Division,NA,,"Retain - Robert L. Holloway, Jr.",1544
Hardin,Court of Criminal Appeals - Middle Division,NA,,Retain - Robert W. Wedemeyer,1513
Hardin,Court of Criminal Appeals - Middle Division,NA,,Retain - Timothy L. Easter,1533
Hardin,Court of Criminal Appeals - Western Division,NA,,Replace - Camille McMullen,437
Hardin,Court of Criminal Appeals - Western Division,NA,,Replace - J. Ross Dyer,412
Hardin,Court of Criminal Appeals - Western Division,NA,,Replace - John Everett Williams,399
Hardin,Court of Criminal Appeals - Western Division,NA,,"Replace - John W. Campbell, Sr.",409
Hardin,Court of Criminal Appeals - Western Division,NA,,Retain - Camille McMullen,1534
Hardin,Court of Criminal Appeals - Western Division,NA,,Retain - J. Ross Dyer,1550
Hardin,Court of Criminal Appeals - Western Division,NA,,Retain - John Everett Williams,1569
Hardin,Court of Criminal Appeals - Western Division,NA,,"Retain - John W. Campbell, Sr.",1553
Hardin,Supreme Court,NA,,Replace - Holly Kirby,439
Hardin,Supreme Court,NA,,Replace - Jeffrey S. Bivins,447
Hardin,Supreme Court,NA,,Replace - Roger A. Page,433
Hardin,Supreme Court,NA,,Replace - Sarah K. Campbell,451
Hardin,Supreme Court,NA,,Replace - Sharon Gail Lee,465
Hardin,Supreme Court,NA,,Retain - Holly Kirby,1664
Hardin,Supreme Court,NA,,Retain - Jeffrey S. Bivins,1701
Hardin,Supreme Court,NA,,Retain - Roger A. Page,1615
Hardin,Supreme Court,NA,,Retain - Sarah K. Campbell,1680
Hardin,Supreme Court,NA,,Retain - Sharon Gail Lee,1600
Hardin,Governor,NA,Democratic,Carnita Faye Atwater,61
Hardin,Governor,NA,Democratic,JB Smiley Jr.,52
Hardin,Governor,NA,Democratic,Jason Brantley Martin,212
Hardin,Governor,NA,Republican,Bill Lee,2667
Hawkins,U.S. House,1,Democratic,Cameron Parsons,256
Hawkins,U.S. House,1,Republican,Diana Lynn Harshbarger,3406
Hawkins,State House,3,Democratic,No Candidate Qualified,0
Hawkins,Chancellor,3,Republican,Douglas T. Jenkins,3566
Hawkins,Circuit Court Judge Part I,3,Republican,Alex E. Pearson,3421
Hawkins,Circuit Court Judge Part II,3,Republican,William E. Phillips II,3609
Hawkins,Circuit Court Judge Part III,3,Republican,Beth Boniface,2905
Hawkins,Criminal Court Judge,3,Republican,John F. Dugger Jr.,3316
Hawkins,District Attorney General,3,Republican,Dan E. Armstrong,3291
Hawkins,Public Defender,3,Republican,Todd Estep,3183
Hawkins,State House,3,Republican,Scotty Campbell,451
Hawkins,State Executive Committeeman,4,Democratic,Terry Marek,265
Hawkins,State Executive Committeewoman,4,Democratic,Lori Love,280
Hawkins,State Executive Committeeman,4,Republican,Matthew Jerry Johnson,2671
Hawkins,State Executive Committeewoman,4,Republican,Linda D. Buckles,2680
Hawkins,State House,9,Democratic,No Candidate Qualified,0
Hawkins,State House,9,Republican,Gary W Hicks Jr,2928
Hawkins,Court of Appeals - Eastern Division,NA,,Replace - John W. McClarty,583
Hawkins,Court of Appeals - Eastern Division,NA,,Replace - Kristi Davis,552
Hawkins,Court of Appeals - Eastern Division,NA,,Replace - Mike Swiney,550
Hawkins,Court of Appeals - Eastern Division,NA,,"Replace - Thomas R. ""Skip"" Frierson",546
Hawkins,Court of Appeals - Eastern Division,NA,,Retain - John W. McClarty,2325
Hawkins,Court of Appeals - Eastern Division,NA,,Retain - Kristi Davis,2355
Hawkins,Court of Appeals - Eastern Division,NA,,Retain - Mike Swiney,2320
Hawkins,Court of Appeals - Eastern Division,NA,,"Retain - Thomas R. ""Skip"" Frierson",2409
Hawkins,Court of Appeals - Middle Division,NA,,Replace - Andy D. Bennett,559
Hawkins,Court of Appeals - Middle Division,NA,,Replace - Frank Clement,588
Hawkins,Court of Appeals - Middle Division,NA,,Replace - Neal McBrayer,559
Hawkins,Court of Appeals - Middle Division,NA,,Retain - Andy D. Bennett,2290
Hawkins,Court of Appeals - Middle Division,NA,,Retain - Frank Clement,2307
Hawkins,Court of Appeals - Middle Division,NA,,Retain - Neal McBrayer,2294
Hawkins,Court of Appeals - Western Division,NA,,Replace - Arnold B. Goldin,565
Hawkins,Court of Appeals - Western Division,NA,,Replace - Carma Dennis McGee,574
Hawkins,Court of Appeals - Western Division,NA,,Replace - Kenny W. Armstrong,543
Hawkins,Court of Appeals - Western Division,NA,,Replace - Steve Stafford,581
Hawkins,Court of Appeals - Western Division,NA,,Retain - Arnold B. Goldin,2258
Hawkins,Court of Appeals - Western Division,NA,,Retain - Carma Dennis McGee,2245
Hawkins,Court of Appeals - Western Division,NA,,Retain - Kenny W. Armstrong,2297
Hawkins,Court of Appeals - Western Division,NA,,Retain - Steve Stafford,2251
Hawkins,Court of Criminal Appeals - Eastern Division,NA,,"Replace - James C. Witt, Jr.",541
Hawkins,Court of Criminal Appeals - Eastern Division,NA,,"Replace - Robert H. Montgomery, Jr.",524
Hawkins,Court of Criminal Appeals - Eastern Division,NA,,"Retain - James C. Witt, Jr.",2314
Hawkins,Court of Criminal Appeals - Eastern Division,NA,,"Retain - Robert H. Montgomery, Jr.",2321
Hawkins,Court of Criminal Appeals - Middle Division,NA,,Replace - Jill Bartee Ayers,556
Hawkins,Court of Criminal Appeals - Middle Division,NA,,"Replace - Robert L. Holloway, Jr.",545
Hawkins,Court of Criminal Appeals - Middle Division,NA,,Replace - Robert W. Wedemeyer,568
Hawkins,Court of Criminal Appeals - Middle Division,NA,,Replace - Timothy L. Easter,558
Hawkins,Court of Criminal Appeals - Middle Division,NA,,Retain - Jill Bartee Ayers,2258
Hawkins,Court of Criminal Appeals - Middle Division,NA,,"Retain - Robert L. Holloway, Jr.",2251
Hawkins,Court of Criminal Appeals - Middle Division,NA,,Retain - Robert W. Wedemeyer,2215
Hawkins,Court of Criminal Appeals - Middle Division,NA,,Retain - Timothy L. Easter,2260
Hawkins,Court of Criminal Appeals - Western Division,NA,,Replace - Camille McMullen,577
Hawkins,Court of Criminal Appeals - Western Division,NA,,Replace - J. Ross Dyer,551
Hawkins,Court of Criminal Appeals - Western Division,NA,,Replace - John Everett Williams,545
Hawkins,Court of Criminal Appeals - Western Division,NA,,"Replace - John W. Campbell, Sr.",542
Hawkins,Court of Criminal Appeals - Western Division,NA,,Retain - Camille McMullen,2236
Hawkins,Court of Criminal Appeals - Western Division,NA,,Retain - J. Ross Dyer,2262
Hawkins,Court of Criminal Appeals - Western Division,NA,,Retain - John Everett Williams,2271
Hawkins,Court of Criminal Appeals - Western Division,NA,,"Retain - John W. Campbell, Sr.",2261
Hawkins,Supreme Court,NA,,Replace - Holly Kirby,583
Hawkins,Supreme Court,NA,,Replace - Jeffrey S. Bivins,627
Hawkins,Supreme Court,NA,,Replace - Roger A. Page,580
Hawkins,Supreme Court,NA,,Replace - Sarah K. Campbell,592
Hawkins,Supreme Court,NA,,Replace - Sharon Gail Lee,591
Hawkins,Supreme Court,NA,,Retain - Holly Kirby,2365
Hawkins,Supreme Court,NA,,Retain - Jeffrey S. Bivins,2378
Hawkins,Supreme Court,NA,,Retain - Roger A. Page,2330
Hawkins,Supreme Court,NA,,Retain - Sarah K. Campbell,2459
Hawkins,Supreme Court,NA,,Retain - Sharon Gail Lee,2357
Hawkins,Governor,NA,Democratic,Carnita Faye Atwater,80
Hawkins,Governor,NA,Democratic,JB Smiley Jr.,76
Hawkins,Governor,NA,Democratic,Jason Brantley Martin,161
Hawkins,Governor,NA,Republican,Bill Lee,3265
Haywood,State Executive Committeeman,26,Democratic,Randall Rice,1030
Haywood,State Executive Committeewoman,26,Democratic,Meryl Rice,1106
Haywood,State Executive Committeeman,26,Republican,Johnny Bellis,995
Haywood,State Executive Committeewoman,26,Republican,No Candidate Qualified,0
Haywood,Circuit Court Judge,28,Independent,Clayburn Peeples,2600
Haywood,Chancellor,28,Republican,Michael Mansfield,2214
Haywood,Circuit Court Judge,28,Republican,Jeff Mueller,625
Haywood,District Attorney General,28,Republican,Frederick Agee,2111
Haywood,Public Defender,28,Republican,Rachele Gibson,2025
Haywood,U.S. House,8,Democratic,Lynnette P. Williams,786
Haywood,U.S. House,8,Democratic,Tim McDonald,349
Haywood,U.S. House,8,Republican,Bob Hendry,291
Haywood,U.S. House,8,Republican,Danny Ray Bridger Jr,28
Haywood,U.S. House,8,Republican,David Kustoff,1170
Haywood,U.S. House,8,Republican,Gary Dean Clouse,16
Haywood,State House,80,Democratic,Johnny W. Shaw,1043
Haywood,State House,80,Republican,No Candidate Qualified,0
Haywood,State House,81,Democratic,No Candidate Qualified,0
Haywood,State House,81,Republican,Debra Moody,583
Haywood,Court of Appeals - Eastern Division,NA,,Replace - John W. McClarty,397
Haywood,Court of Appeals - Eastern Division,NA,,Replace - Kristi Davis,380
Haywood,Court of Appeals - Eastern Division,NA,,Replace - Mike Swiney,411
Haywood,Court of Appeals - Eastern Division,NA,,"Replace - Thomas R. ""Skip"" Frierson",414
Haywood,Court of Appeals - Eastern Division,NA,,Retain - John W. McClarty,1556
Haywood,Court of Appeals - Eastern Division,NA,,Retain - Kristi Davis,1644
Haywood,Court of Appeals - Eastern Division,NA,,Retain - Mike Swiney,1539
Haywood,Court of Appeals - Eastern Division,NA,,"Retain - Thomas R. ""Skip"" Frierson",1552
Haywood,Court of Appeals - Middle Division,NA,,Replace - Andy D. Bennett,388
Haywood,Court of Appeals - Middle Division,NA,,Replace - Frank Clement,414
Haywood,Court of Appeals - Middle Division,NA,,Replace - Neal McBrayer,394
Haywood,Court of Appeals - Middle Division,NA,,Retain - Andy D. Bennett,1554
Haywood,Court of Appeals - Middle Division,NA,,Retain - Frank Clement,1575
Haywood,Court of Appeals - Middle Division,NA,,Retain - Neal McBrayer,1507
Haywood,Court of Appeals - Western Division,NA,,Replace - Arnold B. Goldin,392
Haywood,Court of Appeals - Western Division,NA,,Replace - Carma Dennis McGee,358
Haywood,Court of Appeals - Western Division,NA,,Replace - Kenny W. Armstrong,379
Haywood,Court of Appeals - Western Division,NA,,Replace - Steve Stafford,382
Haywood,Court of Appeals - Western Division,NA,,Retain - Arnold B. Goldin,1516
Haywood,Court of Appeals - Western Division,NA,,Retain - Carma Dennis McGee,1536
Haywood,Court of Appeals - Western Division,NA,,Retain - Kenny W. Armstrong,1560
Haywood,Court of Appeals - Western Division,NA,,Retain - Steve Stafford,1530
Haywood,Court of Criminal Appeals - Eastern Division,NA,,"Replace - James C. Witt, Jr.",368
Haywood,Court of Criminal Appeals - Eastern Division,NA,,"Replace - Robert H. Montgomery, Jr.",366
Haywood,Court of Criminal Appeals - Eastern Division,NA,,"Retain - James C. Witt, Jr.",1488
Haywood,Court of Criminal Appeals - Eastern Division,NA,,"Retain - Robert H. Montgomery, Jr.",1535
Haywood,Court of Criminal Appeals - Middle Division,NA,,Replace - Jill Bartee Ayers,374
Haywood,Court of Criminal Appeals - Middle Division,NA,,"Replace - Robert L. Holloway, Jr.",358
Haywood,Court of Criminal Appeals - Middle Division,NA,,Replace - Robert W. Wedemeyer,389
Haywood,Court of Criminal Appeals - Middle Division,NA,,Replace - Timothy L. Easter,368
Haywood,Court of Criminal Appeals - Middle Division,NA,,Retain - Jill Bartee Ayers,1473
Haywood,Court of Criminal Appeals - Middle Division,NA,,"Retain - Robert L. Holloway, Jr.",1517
Haywood,Court of Criminal Appeals - Middle Division,NA,,Retain - Robert W. Wedemeyer,1439
Haywood,Court of Criminal Appeals - Middle Division,NA,,Retain - Timothy L. Easter,1470
Haywood,Court of Criminal Appeals - Western Division,NA,,Replace - Camille McMullen,355
Haywood,Court of Criminal Appeals - Western Division,NA,,Replace - J. Ross Dyer,346
Haywood,Court of Criminal Appeals - Western Division,NA,,Replace - John Everett Williams,348
Haywood,Court of Criminal Appeals - Western Division,NA,,"Replace - John W. Campbell, Sr.",334
Haywood,Court of Criminal Appeals - Western Division,NA,,Retain - Camille McMullen,1522
Haywood,Court of Criminal Appeals - Western Division,NA,,Retain - J. Ross Dyer,1519
Haywood,Court of Criminal Appeals - Western Division,NA,,Retain - John Everett Williams,1535
Haywood,Court of Criminal Appeals - Western Division,NA,,"Retain - John W. Campbell, Sr.",1535
Haywood,Supreme Court,NA,,Replace - Holly Kirby,422
Haywood,Supreme Court,NA,,Replace - Jeffrey S. Bivins,516
Haywood,Supreme Court,NA,,Replace - Roger A. Page,422
Haywood,Supreme Court,NA,,Replace - Sarah K. Campbell,423
Haywood,Supreme Court,NA,,Replace - Sharon Gail Lee,426
Haywood,Supreme Court,NA,,Retain - Holly Kirby,1654
Haywood,Supreme Court,NA,,Retain - Jeffrey S. Bivins,1660
Haywood,Supreme Court,NA,,Retain - Roger A. Page,1646
Haywood,Supreme Court,NA,,Retain - Sarah K. Campbell,1694
Haywood,Supreme Court,NA,,Retain - Sharon Gail Lee,1667
Haywood,Governor,NA,Democratic,Carnita Faye Atwater,292
Haywood,Governor,NA,Democratic,JB Smiley Jr.,575
Haywood,Governor,NA,Democratic,Jason Brantley Martin,355
Haywood,Governor,NA,Republican,Bill Lee,1495
Henderson,State Executive Committeeman,25,Democratic,Ernest Brooks II,116
Henderson,State Executive Committeewoman,25,Democratic,Patsy Garey Johnson,104
Henderson,State Senate,25,Democratic,No Candidate Qualified,0
Henderson,State Executive Committeeman,25,Republican,Jimmy Harris,1940
Henderson,State Executive Committeeman,25,Republican,Steve Yahnke,160
Henderson,State Executive Committeewoman,25,Republican,Shannon Haynes,1700
Henderson,State Senate,25,Republican,Ed Jackson,1924
Henderson,Chancellor,26,Republican,Steven W. Maroney,1850
Henderson,Circuit Court Judge Division I,26,Republican,Joseph T. Howell,1845
Henderson,Circuit Court Judge Division II,26,Republican,Donald H. (Don) Allen,1940
Henderson,Circuit Court Judge Division III,26,Republican,Kyle Atkins,2009
Henderson,District Attorney General,26,Republican,Jody Pickens,1973
Henderson,Public Defender,26,Republican,Jeremy Brent Epperson,1831
Henderson,State House,72,Democratic,No Candidate Qualified,0
Henderson,State House,72,Republican,Kirk Haston,594
Henderson,State House,79,Democratic,Thomas Jefferson,88
Henderson,State House,79,Republican,Brock Martin,573
Henderson,State House,79,Republican,Gordon D. Wildridge,1530
Henderson,U.S. House,8,Democratic,Lynnette P. Williams,75
Henderson,U.S. House,8,Democratic,Tim McDonald,67
Henderson,U.S. House,8,Republican,Bob Hendry,175
Henderson,U.S. House,8,Republican,Danny Ray Bridger Jr,203
Henderson,U.S. House,8,Republican,David Kustoff,1909
Henderson,U.S. House,8,Republican,Gary Dean Clouse,95
Henderson,Court of Appeals - Eastern Division,NA,,Replace - John W. McClarty,176
Henderson,Court of Appeals - Eastern Division,NA,,Replace - Kristi Davis,168
Henderson,Court of Appeals - Eastern Division,NA,,Replace - Mike Swiney,190
Henderson,Court of Appeals - Eastern Division,NA,,"Replace - Thomas R. ""Skip"" Frierson",177
Henderson,Court of Appeals - Eastern Division,NA,,Retain - John W. McClarty,891
Henderson,Court of Appeals - Eastern Division,NA,,Retain - Kristi Davis,924
Henderson,Court of Appeals - Eastern Division,NA,,Retain - Mike Swiney,863
Henderson,Court of Appeals - Eastern Division,NA,,"Retain - Thomas R. ""Skip"" Frierson",888
Henderson,Court of Appeals - Middle Division,NA,,Replace - Andy D. Bennett,180
Henderson,Court of Appeals - Middle Division,NA,,Replace - Frank Clement,193
Henderson,Court of Appeals - Middle Division,NA,,Replace - Neal McBrayer,176
Henderson,Court of Appeals - Middle Division,NA,,Retain - Andy D. Bennett,855
Henderson,Court of Appeals - Middle Division,NA,,Retain - Frank Clement,886
Henderson,Court of Appeals - Middle Division,NA,,Retain - Neal McBrayer,856
Henderson,Court of Appeals - Western Division,NA,,Replace - Arnold B. Goldin,180
Henderson,Court of Appeals - Western Division,NA,,Replace - Carma Dennis McGee,170
Henderson,Court of Appeals - Western Division,NA,,Replace - Kenny W. Armstrong,169
Henderson,Court of Appeals - Western Division,NA,,Replace - Steve Stafford,171
Henderson,Court of Appeals - Western Division,NA,,Retain - Arnold B. Goldin,867
Henderson,Court of Appeals - Western Division,NA,,Retain - Carma Dennis McGee,892
Henderson,Court of Appeals - Western Division,NA,,Retain - Kenny W. Armstrong,878
Henderson,Court of Appeals - Western Division,NA,,Retain - Steve Stafford,886
Henderson,Court of Criminal Appeals - Eastern Division,NA,,"Replace - James C. Witt, Jr.",187
Henderson,Court of Criminal Appeals - Eastern Division,NA,,"Replace - Robert H. Montgomery, Jr.",170
Henderson,Court of Criminal Appeals - Eastern Division,NA,,"Retain - James C. Witt, Jr.",848
Henderson,Court of Criminal Appeals - Eastern Division,NA,,"Retain - Robert H. Montgomery, Jr.",889
Henderson,Court of Criminal Appeals - Middle Division,NA,,Replace - Jill Bartee Ayers,167
Henderson,Court of Criminal Appeals - Middle Division,NA,,"Replace - Robert L. Holloway, Jr.",165
Henderson,Court of Criminal Appeals - Middle Division,NA,,Replace - Robert W. Wedemeyer,187
Henderson,Court of Criminal Appeals - Middle Division,NA,,Replace - Timothy L. Easter,177
Henderson,Court of Criminal Appeals - Middle Division,NA,,Retain - Jill Bartee Ayers,862
Henderson,Court of Criminal Appeals - Middle Division,NA,,"Retain - Robert L. Holloway, Jr.",857
Henderson,Court of Criminal Appeals - Middle Division,NA,,Retain - Robert W. Wedemeyer,833
Henderson,Court of Criminal Appeals - Middle Division,NA,,Retain - Timothy L. Easter,850
Henderson,Court of Criminal Appeals - Western Division,NA,,Replace - Camille McMullen,174
Henderson,Court of Criminal Appeals - Western Division,NA,,Replace - J. Ross Dyer,165
Henderson,Court of Criminal Appeals - Western Division,NA,,Replace - John Everett Williams,171
Henderson,Court of Criminal Appeals - Western Division,NA,,"Replace - John W. Campbell, Sr.",161
Henderson,Court of Criminal Appeals - Western Division,NA,,Retain - Camille McMullen,862
Henderson,Court of Criminal Appeals - Western Division,NA,,Retain - J. Ross Dyer,882
Henderson,Court of Criminal Appeals - Western Division,NA,,Retain - John Everett Williams,911
Henderson,Court of Criminal Appeals - Western Division,NA,,"Retain - John W. Campbell, Sr.",881
Henderson,Supreme Court,NA,,Replace - Holly Kirby,181
Henderson,Supreme Court,NA,,Replace - Jeffrey S. Bivins,184
Henderson,Supreme Court,NA,,Replace - Roger A. Page,170
Henderson,Supreme Court,NA,,Replace - Sarah K. Campbell,183
Henderson,Supreme Court,NA,,Replace - Sharon Gail Lee,199
Henderson,Supreme Court,NA,,Retain - Holly Kirby,942
Henderson,Supreme Court,NA,,Retain - Jeffrey S. Bivins,999
Henderson,Supreme Court,NA,,Retain - Roger A. Page,1134
Henderson,Supreme Court,NA,,Retain - Sarah K. Campbell,954
Henderson,Supreme Court,NA,,Retain - Sharon Gail Lee,909
Henderson,Governor,NA,Democratic,Carnita Faye Atwater,34
Henderson,Governor,NA,Democratic,JB Smiley Jr.,37
Henderson,Governor,NA,Democratic,Jason Brantley Martin,77
Henderson,Governor,NA,Republican,Bill Lee,2331
Henry,State Executive Committeeman,24,Democratic,No Candidate Qualified,0
Henry,State Executive Committeewoman,24,Democratic,No Candidate Qualified,0
Henry,Chancellor,24,Republican,Vicki Hodge Hoover,3372
Henry,Circuit Court Judge Part I,24,Republican,Brent Bradberry,3178
Henry,Circuit Court Judge Part II,24,Republican,Bruce Irwin Griffey,3269
Henry,District Attorney General,24,Republican,Neil Thompson,3787
Henry,Public Defender,24,Republican,"Robert ""Tas"" Gardner",3724
Henry,State Executive Committeeman,24,Republican,Jim Poe,1562
Henry,State Executive Committeeman,24,Republican,Ryan Ellegood,1043
Henry,State Executive Committeewoman,24,Republican,Tess Robbins,2528
Henry,State House,74,Democratic,No Candidate Qualified,0
Henry,State House,74,Republican,Jay D. Reedy,924
Henry,State House,76,Democratic,No Candidate Qualified,0
Henry,State House,76,Republican,Tandy Darby,1763
Henry,U.S. House,8,Democratic,Lynnette P. Williams,373
Henry,U.S. House,8,Democratic,Tim McDonald,295
Henry,U.S. House,8,Republican,Bob Hendry,207
Henry,U.S. House,8,Republican,Danny Ray Bridger Jr,208
Henry,U.S. House,8,Republican,David Kustoff,2633
Henry,U.S. House,8,Republican,Gary Dean Clouse,129
Henry,Court of Appeals - Eastern Division,NA,,Replace - John W. McClarty,788
Henry,Court of Appeals - Eastern Division,NA,,Replace - Kristi Davis,742
Henry,Court of Appeals - Eastern Division,NA,,Replace - Mike Swiney,751
Henry,Court of Appeals - Eastern Division,NA,,"Replace - Thomas R. ""Skip"" Frierson",773
Henry,Court of Appeals - Eastern Division,NA,,Retain - John W. McClarty,2381
Henry,Court of Appeals - Eastern Division,NA,,Retain - Kristi Davis,2446
Henry,Court of Appeals - Eastern Division,NA,,Retain - Mike Swiney,2384
Henry,Court of Appeals - Eastern Division,NA,,"Retain - Thomas R. ""Skip"" Frierson",2405
Henry,Court of Appeals - Middle Division,NA,,Replace - Andy D. Bennett,768
Henry,Court of Appeals - Middle Division,NA,,Replace - Frank Clement,810
Henry,Court of Appeals - Middle Division,NA,,Replace - Neal McBrayer,762
Henry,Court of Appeals - Middle Division,NA,,Retain - Andy D. Bennett,2349
Henry,Court of Appeals - Middle Division,NA,,Retain - Frank Clement,2385
Henry,Court of Appeals - Middle Division,NA,,Retain - Neal McBrayer,2368
Henry,Court of Appeals - Western Division,NA,,Replace - Arnold B. Goldin,757
Henry,Court of Appeals - Western Division,NA,,Replace - Carma Dennis McGee,757
Henry,Court of Appeals - Western Division,NA,,Replace - Kenny W. Armstrong,729
Henry,Court of Appeals - Western Division,NA,,Replace - Steve Stafford,773
Henry,Court of Appeals - Western Division,NA,,Retain - Arnold B. Goldin,2365
Henry,Court of Appeals - Western Division,NA,,Retain - Carma Dennis McGee,2446
Henry,Court of Appeals - Western Division,NA,,Retain - Kenny W. Armstrong,2408
Henry,Court of Appeals - Western Division,NA,,Retain - Steve Stafford,2382
Henry,Court of Criminal Appeals - Eastern Division,NA,,"Replace - James C. Witt, Jr.",735
Henry,Court of Criminal Appeals - Eastern Division,NA,,"Replace - Robert H. Montgomery, Jr.",717
Henry,Court of Criminal Appeals - Eastern Division,NA,,"Retain - James C. Witt, Jr.",2344
Henry,Court of Criminal Appeals - Eastern Division,NA,,"Retain - Robert H. Montgomery, Jr.",2371
Henry,Court of Criminal Appeals - Middle Division,NA,,Replace - Jill Bartee Ayers,726
Henry,Court of Criminal Appeals - Middle Division,NA,,"Replace - Robert L. Holloway, Jr.",729
Henry,Court of Criminal Appeals - Middle Division,NA,,Replace - Robert W. Wedemeyer,772
Henry,Court of Criminal Appeals - Middle Division,NA,,Replace - Timothy L. Easter,729
Henry,Court of Criminal Appeals - Middle Division,NA,,Retain - Jill Bartee Ayers,2353
Henry,Court of Criminal Appeals - Middle Division,NA,,"Retain - Robert L. Holloway, Jr.",2350
Henry,Court of Criminal Appeals - Middle Division,NA,,Retain - Robert W. Wedemeyer,2282
Henry,Court of Criminal Appeals - Middle Division,NA,,Retain - Timothy L. Easter,2353
Henry,Court of Criminal Appeals - Western Division,NA,,Replace - Camille McMullen,760
Henry,Court of Criminal Appeals - Western Division,NA,,Replace - J. Ross Dyer,725
Henry,Court of Criminal Appeals - Western Division,NA,,Replace - John Everett Williams,699
Henry,Court of Criminal Appeals - Western Division,NA,,"Replace - John W. Campbell, Sr.",726
Henry,Court of Criminal Appeals - Western Division,NA,,Retain - Camille McMullen,2358
Henry,Court of Criminal Appeals - Western Division,NA,,Retain - J. Ross Dyer,2366
Henry,Court of Criminal Appeals - Western Division,NA,,Retain - John Everett Williams,2474
Henry,Court of Criminal Appeals - Western Division,NA,,"Retain - John W. Campbell, Sr.",2351
Henry,Supreme Court,NA,,Replace - Holly Kirby,778
Henry,Supreme Court,NA,,Replace - Jeffrey S. Bivins,830
Henry,Supreme Court,NA,,Replace - Roger A. Page,772
Henry,Supreme Court,NA,,Replace - Sarah K. Campbell,784
Henry,Supreme Court,NA,,Replace - Sharon Gail Lee,804
Henry,Supreme Court,NA,,Retain - Holly Kirby,2500
Henry,Supreme Court,NA,,Retain - Jeffrey S. Bivins,2513
Henry,Supreme Court,NA,,Retain - Roger A. Page,2444
Henry,Supreme Court,NA,,Retain - Sarah K. Campbell,2507
Henry,Supreme Court,NA,,Retain - Sharon Gail Lee,2482
Henry,Governor,NA,Democratic,Carnita Faye Atwater,208
Henry,Governor,NA,Democratic,JB Smiley Jr.,156
Henry,Governor,NA,Democratic,Jason Brantley Martin,346
Henry,Governor,NA,Republican,Bill Lee,3049
Hickman,State Executive Committeeman,23,Democratic,No Candidate Qualified,0
Hickman,State Executive Committeewoman,23,Democratic,No Candidate Qualified,0
Hickman,State Senate,23,Democratic,No Candidate Qualified,0
Hickman,State Executive Committeeman,23,Republican,Larry Hillis,2967
Hickman,State Executive Committeewoman,23,Republican,Mary Ann Parks,2896
Hickman,State Senate,23,Republican,Kerry Roberts,3217
Hickman,Public Defender,32,Independent,Melanie Totty Cagle,4112
Hickman,Circuit Court Judge,32,Republican,Mike Spitzer,3885
Hickman,District Attorney General,32,Republican,Hans L. Schwendimann,3765
Hickman,State House,69,Democratic,Candie Loreeta Hedge,390
Hickman,State House,69,Democratic,Val Sloan,280
Hickman,State House,69,Republican,Angela Marie Redden,239
Hickman,State House,69,Republican,Brian Johnson,1037
Hickman,State House,69,Republican,Jeff Eby,691
Hickman,State House,69,Republican,Jody Barrett,1476
Hickman,U.S. House,7,Democratic,Odessa Kelly,664
Hickman,U.S. House,7,Republican,Mark E Green,3311
Hickman,Court of Appeals - Eastern Division,NA,,Replace - John W. McClarty,828
Hickman,Court of Appeals - Eastern Division,NA,,Replace - Kristi Davis,765
Hickman,Court of Appeals - Eastern Division,NA,,Replace - Mike Swiney,798
Hickman,Court of Appeals - Eastern Division,NA,,"Replace - Thomas R. ""Skip"" Frierson",791
Hickman,Court of Appeals - Eastern Division,NA,,Retain - John W. McClarty,2722
Hickman,Court of Appeals - Eastern Division,NA,,Retain - Kristi Davis,2790
Hickman,Court of Appeals - Eastern Division,NA,,Retain - Mike Swiney,2715
Hickman,Court of Appeals - Eastern Division,NA,,"Retain - Thomas R. ""Skip"" Frierson",2745
Hickman,Court of Appeals - Middle Division,NA,,Replace - Andy D. Bennett,800
Hickman,Court of Appeals - Middle Division,NA,,Replace - Frank Clement,847
Hickman,Court of Appeals - Middle Division,NA,,Replace - Neal McBrayer,797
Hickman,Court of Appeals - Middle Division,NA,,Retain - Andy D. Bennett,2719
Hickman,Court of Appeals - Middle Division,NA,,Retain - Frank Clement,2769
Hickman,Court of Appeals - Middle Division,NA,,Retain - Neal McBrayer,2692
Hickman,Court of Appeals - Western Division,NA,,Replace - Arnold B. Goldin,773
Hickman,Court of Appeals - Western Division,NA,,Replace - Carma Dennis McGee,788
Hickman,Court of Appeals - Western Division,NA,,Replace - Kenny W. Armstrong,746
Hickman,Court of Appeals - Western Division,NA,,Replace - Steve Stafford,802
Hickman,Court of Appeals - Western Division,NA,,Retain - Arnold B. Goldin,2664
Hickman,Court of Appeals - Western Division,NA,,Retain - Carma Dennis McGee,2663
Hickman,Court of Appeals - Western Division,NA,,Retain - Kenny W. Armstrong,2773
Hickman,Court of Appeals - Western Division,NA,,Retain - Steve Stafford,2649
Hickman,Court of Criminal Appeals - Eastern Division,NA,,"Replace - James C. Witt, Jr.",761
Hickman,Court of Criminal Appeals - Eastern Division,NA,,"Replace - Robert H. Montgomery, Jr.",758
Hickman,Court of Criminal Appeals - Eastern Division,NA,,"Retain - James C. Witt, Jr.",2671
Hickman,Court of Criminal Appeals - Eastern Division,NA,,"Retain - Robert H. Montgomery, Jr.",2695
Hickman,Court of Criminal Appeals - Middle Division,NA,,Replace - Jill Bartee Ayers,775
Hickman,Court of Criminal Appeals - Middle Division,NA,,"Replace - Robert L. Holloway, Jr.",764
Hickman,Court of Criminal Appeals - Middle Division,NA,,Replace - Robert W. Wedemeyer,792
Hickman,Court of Criminal Appeals - Middle Division,NA,,Replace - Timothy L. Easter,731
Hickman,Court of Criminal Appeals - Middle Division,NA,,Retain - Jill Bartee Ayers,2662
Hickman,Court of Criminal Appeals - Middle Division,NA,,"Retain - Robert L. Holloway, Jr.",2695
Hickman,Court of Criminal Appeals - Middle Division,NA,,Retain - Robert W. Wedemeyer,2661
Hickman,Court of Criminal Appeals - Middle Division,NA,,Retain - Timothy L. Easter,2883
Hickman,Court of Criminal Appeals - Western Division,NA,,Replace - Camille McMullen,805
Hickman,Court of Criminal Appeals - Western Division,NA,,Replace - J. Ross Dyer,786
Hickman,Court of Criminal Appeals - Western Division,NA,,Replace - John Everett Williams,773
Hickman,Court of Criminal Appeals - Western Division,NA,,"Replace - John W. Campbell, Sr.",745
Hickman,Court of Criminal Appeals - Western Division,NA,,Retain - Camille McMullen,2662
Hickman,Court of Criminal Appeals - Western Division,NA,,Retain - J. Ross Dyer,2666
Hickman,Court of Criminal Appeals - Western Division,NA,,Retain - John Everett Williams,2711
Hickman,Court of Criminal Appeals - Western Division,NA,,"Retain - John W. Campbell, Sr.",2716
Hickman,Supreme Court,NA,,Replace - Holly Kirby,817
Hickman,Supreme Court,NA,,Replace - Jeffrey S. Bivins,841
Hickman,Supreme Court,NA,,Replace - Roger A. Page,780
Hickman,Supreme Court,NA,,Replace - Sarah K. Campbell,817
Hickman,Supreme Court,NA,,Replace - Sharon Gail Lee,874
Hickman,Supreme Court,NA,,Retain - Holly Kirby,2827
Hickman,Supreme Court,NA,,Retain - Jeffrey S. Bivins,2893
Hickman,Supreme Court,NA,,Retain - Roger A. Page,2756
Hickman,Supreme Court,NA,,Retain - Sarah K. Campbell,2845
Hickman,Supreme Court,NA,,Retain - Sharon Gail Lee,2800
Hickman,Governor,NA,Democratic,Carnita Faye Atwater,197
Hickman,Governor,NA,Democratic,JB Smiley Jr.,96
Hickman,Governor,NA,Democratic,Jason Brantley Martin,422
Hickman,Governor,NA,Republican,Bill Lee,3396
Houston,Circuit Court Judge Division I,23,Independent,David D. Wolfe,2080
Houston,Circuit Court Judge Division II,23,Republican,Larry J. Wallace,1974
Houston,Circuit Court Judge Division III,23,Republican,Suzanne M. Lockert-Mash,1949
Houston,District Attorney General,23,Republican,"Ray Crouch, Jr.",1796
Houston,Public Defender,23,Republican,Matthew Mitchell,1926
Houston,State Executive Committeeman,24,Democratic,No Candidate Qualified,0
Houston,State Executive Committeewoman,24,Democratic,No Candidate Qualified,0
Houston,State Executive Committeeman,24,Republican,Jim Poe,418
Houston,State Executive Committeeman,24,Republican,Ryan Ellegood,682
Houston,State Executive Committeewoman,24,Republican,Tess Robbins,1116
Houston,U.S. House,7,Democratic,Odessa Kelly,381
Houston,U.S. House,7,Republican,Mark E Green,1460
Houston,State House,74,Democratic,No Candidate Qualified,0
Houston,State House,74,Republican,Jay D. Reedy,1450
Houston,Court of Appeals - Eastern Division,NA,,Replace - John W. McClarty,461
Houston,Court of Appeals - Eastern Division,NA,,Replace - Kristi Davis,454
Houston,Court of Appeals - Eastern Division,NA,,Replace - Mike Swiney,458
Houston,Court of Appeals - Eastern Division,NA,,"Replace - Thomas R. ""Skip"" Frierson",461
Houston,Court of Appeals - Eastern Division,NA,,Retain - John W. McClarty,1190
Houston,Court of Appeals - Eastern Division,NA,,Retain - Kristi Davis,1202
Houston,Court of Appeals - Eastern Division,NA,,Retain - Mike Swiney,1191
Houston,Court of Appeals - Eastern Division,NA,,"Retain - Thomas R. ""Skip"" Frierson",1197
Houston,Court of Appeals - Middle Division,NA,,Replace - Andy D. Bennett,458
Houston,Court of Appeals - Middle Division,NA,,Replace - Frank Clement,454
Houston,Court of Appeals - Middle Division,NA,,Replace - Neal McBrayer,460
Houston,Court of Appeals - Middle Division,NA,,Retain - Andy D. Bennett,1191
Houston,Court of Appeals - Middle Division,NA,,Retain - Frank Clement,1239
Houston,Court of Appeals - Middle Division,NA,,Retain - Neal McBrayer,1184
Houston,Court of Appeals - Western Division,NA,,Replace - Arnold B. Goldin,458
Houston,Court of Appeals - Western Division,NA,,Replace - Carma Dennis McGee,444
Houston,Court of Appeals - Western Division,NA,,Replace - Kenny W. Armstrong,449
Houston,Court of Appeals - Western Division,NA,,Replace - Steve Stafford,457
Houston,Court of Appeals - Western Division,NA,,Retain - Arnold B. Goldin,1180
Houston,Court of Appeals - Western Division,NA,,Retain - Carma Dennis McGee,1186
Houston,Court of Appeals - Western Division,NA,,Retain - Kenny W. Armstrong,1193
Houston,Court of Appeals - Western Division,NA,,Retain - Steve Stafford,1171
Houston,Court of Criminal Appeals - Eastern Division,NA,,"Replace - James C. Witt, Jr.",448
Houston,Court of Criminal Appeals - Eastern Division,NA,,"Replace - Robert H. Montgomery, Jr.",439
Houston,Court of Criminal Appeals - Eastern Division,NA,,"Retain - James C. Witt, Jr.",1178
Houston,Court of Criminal Appeals - Eastern Division,NA,,"Retain - Robert H. Montgomery, Jr.",1195
Houston,Court of Criminal Appeals - Middle Division,NA,,Replace - Jill Bartee Ayers,441
Houston,Court of Criminal Appeals - Middle Division,NA,,"Replace - Robert L. Holloway, Jr.",444
Houston,Court of Criminal Appeals - Middle Division,NA,,Replace - Robert W. Wedemeyer,443
Houston,Court of Criminal Appeals - Middle Division,NA,,Replace - Timothy L. Easter,447
Houston,Court of Criminal Appeals - Middle Division,NA,,Retain - Jill Bartee Ayers,1191
Houston,Court of Criminal Appeals - Middle Division,NA,,"Retain - Robert L. Holloway, Jr.",1184
Houston,Court of Criminal Appeals - Middle Division,NA,,Retain - Robert W. Wedemeyer,1177
Houston,Court of Criminal Appeals - Middle Division,NA,,Retain - Timothy L. Easter,1175
Houston,Court of Criminal Appeals - Western Division,NA,,Replace - Camille McMullen,440
Houston,Court of Criminal Appeals - Western Division,NA,,Replace - J. Ross Dyer,446
Houston,Court of Criminal Appeals - Western Division,NA,,Replace - John Everett Williams,438
Houston,Court of Criminal Appeals - Western Division,NA,,"Replace - John W. Campbell, Sr.",432
Houston,Court of Criminal Appeals - Western Division,NA,,Retain - Camille McMullen,1189
Houston,Court of Criminal Appeals - Western Division,NA,,Retain - J. Ross Dyer,1177
Houston,Court of Criminal Appeals - Western Division,NA,,Retain - John Everett Williams,1215
Houston,Court of Criminal Appeals - Western Division,NA,,"Retain - John W. Campbell, Sr.",1192
Houston,Supreme Court,NA,,Replace - Holly Kirby,463
Houston,Supreme Court,NA,,Replace - Jeffrey S. Bivins,485
Houston,Supreme Court,NA,,Replace - Roger A. Page,481
Houston,Supreme Court,NA,,Replace - Sarah K. Campbell,458
Houston,Supreme Court,NA,,Replace - Sharon Gail Lee,484
Houston,Supreme Court,NA,,Retain - Holly Kirby,1229
Houston,Supreme Court,NA,,Retain - Jeffrey S. Bivins,1230
Houston,Supreme Court,NA,,Retain - Roger A. Page,1199
Houston,Supreme Court,NA,,Retain - Sarah K. Campbell,1244
Houston,Supreme Court,NA,,Retain - Sharon Gail Lee,1200
Houston,Governor,NA,Democratic,Carnita Faye Atwater,122
Houston,Governor,NA,Democratic,JB Smiley Jr.,69
Houston,Governor,NA,Democratic,Jason Brantley Martin,243
Houston,Governor,NA,Republican,Bill Lee,1427
Humphreys,State Executive Committeeman,23,Democratic,No Candidate Qualified,0
Humphreys,State Executive Committeewoman,23,Democratic,No Candidate Qualified,0
Humphreys,State Senate,23,Democratic,No Candidate Qualified,0
Humphreys,Circuit Court Judge Division I,23,Independent,David D. Wolfe,2515
Humphreys,Circuit Court Judge Division II,23,Republican,Larry J. Wallace,2352
Humphreys,Circuit Court Judge Division III,23,Republican,Suzanne M. Lockert-Mash,2201
Humphreys,District Attorney General,23,Republican,"Ray Crouch, Jr.",2206
Humphreys,Public Defender,23,Republican,Matthew Mitchell,2087
Humphreys,State Executive Committeeman,23,Republican,Larry Hillis,1616
Humphreys,State Executive Committeewoman,23,Republican,Mary Ann Parks,1580
Humphreys,State Senate,23,Republican,Kerry Roberts,1847
Humphreys,U.S. House,7,Democratic,Odessa Kelly,628
Humphreys,U.S. House,7,Republican,Mark E Green,1901
Humphreys,State House,74,Democratic,No Candidate Qualified,0
Humphreys,State House,74,Republican,Jay D. Reedy,1887
Humphreys,Court of Appeals - Eastern Division,NA,,Replace - John W. McClarty,629
Humphreys,Court of Appeals - Eastern Division,NA,,Replace - Kristi Davis,596
Humphreys,Court of Appeals - Eastern Division,NA,,Replace - Mike Swiney,622
Humphreys,Court of Appeals - Eastern Division,NA,,"Replace - Thomas R. ""Skip"" Frierson",643
Humphreys,Court of Appeals - Eastern Division,NA,,Retain - John W. McClarty,1495
Humphreys,Court of Appeals - Eastern Division,NA,,Retain - Kristi Davis,1577
Humphreys,Court of Appeals - Eastern Division,NA,,Retain - Mike Swiney,1493
Humphreys,Court of Appeals - Eastern Division,NA,,"Retain - Thomas R. ""Skip"" Frierson",1491
Humphreys,Court of Appeals - Middle Division,NA,,Replace - Andy D. Bennett,618
Humphreys,Court of Appeals - Middle Division,NA,,Replace - Frank Clement,613
Humphreys,Court of Appeals - Middle Division,NA,,Replace - Neal McBrayer,605
Humphreys,Court of Appeals - Middle Division,NA,,Retain - Andy D. Bennett,1482
Humphreys,Court of Appeals - Middle Division,NA,,Retain - Frank Clement,1632
Humphreys,Court of Appeals - Middle Division,NA,,Retain - Neal McBrayer,1453
Humphreys,Court of Appeals - Western Division,NA,,Replace - Arnold B. Goldin,618
Humphreys,Court of Appeals - Western Division,NA,,Replace - Carma Dennis McGee,615
Humphreys,Court of Appeals - Western Division,NA,,Replace - Kenny W. Armstrong,590
Humphreys,Court of Appeals - Western Division,NA,,Replace - Steve Stafford,594
Humphreys,Court of Appeals - Western Division,NA,,Retain - Arnold B. Goldin,1412
Humphreys,Court of Appeals - Western Division,NA,,Retain - Carma Dennis McGee,1407
Humphreys,Court of Appeals - Western Division,NA,,Retain - Kenny W. Armstrong,1464
Humphreys,Court of Appeals - Western Division,NA,,Retain - Steve Stafford,1426
Humphreys,Court of Criminal Appeals - Eastern Division,NA,,"Replace - James C. Witt, Jr.",588
Humphreys,Court of Criminal Appeals - Eastern Division,NA,,"Replace - Robert H. Montgomery, Jr.",577
Humphreys,Court of Criminal Appeals - Eastern Division,NA,,"Retain - James C. Witt, Jr.",1411
Humphreys,Court of Criminal Appeals - Eastern Division,NA,,"Retain - Robert H. Montgomery, Jr.",1439
Humphreys,Court of Criminal Appeals - Middle Division,NA,,Replace - Jill Bartee Ayers,575
Humphreys,Court of Criminal Appeals - Middle Division,NA,,"Replace - Robert L. Holloway, Jr.",587
Humphreys,Court of Criminal Appeals - Middle Division,NA,,Replace - Robert W. Wedemeyer,599
Humphreys,Court of Criminal Appeals - Middle Division,NA,,Replace - Timothy L. Easter,586
Humphreys,Court of Criminal Appeals - Middle Division,NA,,Retain - Jill Bartee Ayers,1426
Humphreys,Court of Criminal Appeals - Middle Division,NA,,"Retain - Robert L. Holloway, Jr.",1415
Humphreys,Court of Criminal Appeals - Middle Division,NA,,Retain - Robert W. Wedemeyer,1377
Humphreys,Court of Criminal Appeals - Middle Division,NA,,Retain - Timothy L. Easter,1417
Humphreys,Court of Criminal Appeals - Western Division,NA,,Replace - Camille McMullen,580
Humphreys,Court of Criminal Appeals - Western Division,NA,,Replace - J. Ross Dyer,590
Humphreys,Court of Criminal Appeals - Western Division,NA,,Replace - John Everett Williams,579
Humphreys,Court of Criminal Appeals - Western Division,NA,,"Replace - John W. Campbell, Sr.",591
Humphreys,Court of Criminal Appeals - Western Division,NA,,Retain - Camille McMullen,1382
Humphreys,Court of Criminal Appeals - Western Division,NA,,Retain - J. Ross Dyer,1373
Humphreys,Court of Criminal Appeals - Western Division,NA,,Retain - John Everett Williams,1405
Humphreys,Court of Criminal Appeals - Western Division,NA,,"Retain - John W. Campbell, Sr.",1380
Humphreys,Supreme Court,NA,,Replace - Holly Kirby,625
Humphreys,Supreme Court,NA,,Replace - Jeffrey S. Bivins,674
Humphreys,Supreme Court,NA,,Replace - Roger A. Page,642
Humphreys,Supreme Court,NA,,Replace - Sarah K. Campbell,636
Humphreys,Supreme Court,NA,,Replace - Sharon Gail Lee,645
Humphreys,Supreme Court,NA,,Retain - Holly Kirby,1578
Humphreys,Supreme Court,NA,,Retain - Jeffrey S. Bivins,1602
Humphreys,Supreme Court,NA,,Retain - Roger A. Page,1504
Humphreys,Supreme Court,NA,,Retain - Sarah K. Campbell,1592
Humphreys,Supreme Court,NA,,Retain - Sharon Gail Lee,1530
Humphreys,Governor,NA,Democratic,Carnita Faye Atwater,168
Humphreys,Governor,NA,Democratic,JB Smiley Jr.,144
Humphreys,Governor,NA,Democratic,Jason Brantley Martin,380
Humphreys,Governor,NA,Republican,Bill Lee,1854
Jackson,State Executive Committeeman,15,Democratic,No Candidate Qualified,0
Jackson,State Executive Committeewoman,15,Democratic,Anne Ferrell Quillen,346
Jackson,State Senate,15,Democratic,No Candidate Qualified,0
Jackson,Chancellor,15,Republican,C K Smith,1908
Jackson,Circuit Court Judge Division I,15,Republican,Clara Byrd,1981
Jackson,Circuit Court Judge Division II,15,Republican,Michael Collins,1949
Jackson,Criminal Court Judge,15,Republican,Brody Kane,1956
Jackson,District Attorney General,15,Republican,Jason Lawson,1943
Jackson,Public Defender,15,Republican,Shelley Thompson Gardner,1768
Jackson,State Executive Committeeman,15,Republican,Bill Loos,184
Jackson,State Executive Committeeman,15,Republican,Mike Callahan,1163
Jackson,State Executive Committeewoman,15,Republican,Linda Clark,1349
Jackson,State Senate,15,Republican,Paul Bailey,1640
Jackson,State House,40,Democratic,Tom Cook,329
Jackson,State House,40,Republican,Michael Hale,1176
Jackson,State House,40,Republican,Terri Lynn Weaver,724
Jackson,U.S. House,6,Democratic,Clay Faircloth,105
Jackson,U.S. House,6,Democratic,Randal Cooper,301
Jackson,U.S. House,6,Republican,John Rose,1678
Jackson,Court of Appeals - Eastern Division,NA,,Replace - John W. McClarty,493
Jackson,Court of Appeals - Eastern Division,NA,,Replace - Kristi Davis,480
Jackson,Court of Appeals - Eastern Division,NA,,Replace - Mike Swiney,488
Jackson,Court of Appeals - Eastern Division,NA,,"Replace - Thomas R. ""Skip"" Frierson",491
Jackson,Court of Appeals - Eastern Division,NA,,Retain - John W. McClarty,1296
Jackson,Court of Appeals - Eastern Division,NA,,Retain - Kristi Davis,1315
Jackson,Court of Appeals - Eastern Division,NA,,Retain - Mike Swiney,1282
Jackson,Court of Appeals - Eastern Division,NA,,"Retain - Thomas R. ""Skip"" Frierson",1292
Jackson,Court of Appeals - Middle Division,NA,,Replace - Andy D. Bennett,486
Jackson,Court of Appeals - Middle Division,NA,,Replace - Frank Clement,487
Jackson,Court of Appeals - Middle Division,NA,,Replace - Neal McBrayer,489
Jackson,Court of Appeals - Middle Division,NA,,Retain - Andy D. Bennett,1278
Jackson,Court of Appeals - Middle Division,NA,,Retain - Frank Clement,1321
Jackson,Court of Appeals - Middle Division,NA,,Retain - Neal McBrayer,1272
Jackson,Court of Appeals - Western Division,NA,,Replace - Arnold B. Goldin,487
Jackson,Court of Appeals - Western Division,NA,,Replace - Carma Dennis McGee,493
Jackson,Court of Appeals - Western Division,NA,,Replace - Kenny W. Armstrong,489
Jackson,Court of Appeals - Western Division,NA,,Replace - Steve Stafford,482
Jackson,Court of Appeals - Western Division,NA,,Retain - Arnold B. Goldin,1240
Jackson,Court of Appeals - Western Division,NA,,Retain - Carma Dennis McGee,1241
Jackson,Court of Appeals - Western Division,NA,,Retain - Kenny W. Armstrong,1251
Jackson,Court of Appeals - Western Division,NA,,Retain - Steve Stafford,1275
Jackson,Court of Criminal Appeals - Eastern Division,NA,,"Replace - James C. Witt, Jr.",469
Jackson,Court of Criminal Appeals - Eastern Division,NA,,"Replace - Robert H. Montgomery, Jr.",473
Jackson,Court of Criminal Appeals - Eastern Division,NA,,"Retain - James C. Witt, Jr.",1263
Jackson,Court of Criminal Appeals - Eastern Division,NA,,"Retain - Robert H. Montgomery, Jr.",1269
Jackson,Court of Criminal Appeals - Middle Division,NA,,Replace - Jill Bartee Ayers,484
Jackson,Court of Criminal Appeals - Middle Division,NA,,"Replace - Robert L. Holloway, Jr.",458
Jackson,Court of Criminal Appeals - Middle Division,NA,,Replace - Robert W. Wedemeyer,481
Jackson,Court of Criminal Appeals - Middle Division,NA,,Replace - Timothy L. Easter,480
Jackson,Court of Criminal Appeals - Middle Division,NA,,Retain - Jill Bartee Ayers,1259
Jackson,Court of Criminal Appeals - Middle Division,NA,,"Retain - Robert L. Holloway, Jr.",1277
Jackson,Court of Criminal Appeals - Middle Division,NA,,Retain - Robert W. Wedemeyer,1245
Jackson,Court of Criminal Appeals - Middle Division,NA,,Retain - Timothy L. Easter,1264
Jackson,Court of Criminal Appeals - Western Division,NA,,Replace - Camille McMullen,496
Jackson,Court of Criminal Appeals - Western Division,NA,,Replace - J. Ross Dyer,473
Jackson,Court of Criminal Appeals - Western Division,NA,,Replace - John Everett Williams,479
Jackson,Court of Criminal Appeals - Western Division,NA,,"Replace - John W. Campbell, Sr.",472
Jackson,Court of Criminal Appeals - Western Division,NA,,Retain - Camille McMullen,1250
Jackson,Court of Criminal Appeals - Western Division,NA,,Retain - J. Ross Dyer,1249
Jackson,Court of Criminal Appeals - Western Division,NA,,Retain - John Everett Williams,1267
Jackson,Court of Criminal Appeals - Western Division,NA,,"Retain - John W. Campbell, Sr.",1248
Jackson,Supreme Court,NA,,Replace - Holly Kirby,500
Jackson,Supreme Court,NA,,Replace - Jeffrey S. Bivins,516
Jackson,Supreme Court,NA,,Replace - Roger A. Page,510
Jackson,Supreme Court,NA,,Replace - Sarah K. Campbell,487
Jackson,Supreme Court,NA,,Replace - Sharon Gail Lee,509
Jackson,Supreme Court,NA,,Retain - Holly Kirby,1346
Jackson,Supreme Court,NA,,Retain - Jeffrey S. Bivins,1369
Jackson,Supreme Court,NA,,Retain - Roger A. Page,1291
Jackson,Supreme Court,NA,,Retain - Sarah K. Campbell,1371
Jackson,Supreme Court,NA,,Retain - Sharon Gail Lee,1342
Jackson,Governor,NA,Democratic,Carnita Faye Atwater,106
Jackson,Governor,NA,Democratic,JB Smiley Jr.,73
Jackson,Governor,NA,Democratic,Jason Brantley Martin,240
Jackson,Governor,NA,Republican,Bill Lee,1719
Jefferson,U.S. House,1,Democratic,Cameron Parsons,350
Jefferson,U.S. House,1,Republican,Diana Lynn Harshbarger,2319
Jefferson,State House,11,Democratic,No Candidate Qualified,0
Jefferson,State House,11,Republican,Jeremy Faison,712
Jefferson,State House,17,Democratic,No Candidate Qualified,0
Jefferson,State House,17,Republican,Andrew Ellis Farmer,1680
Jefferson,U.S. House,2,Democratic,Mark Harmon,21
Jefferson,U.S. House,2,Republican,Tim Burchett,95
Jefferson,Circuit Court Judge Part I,4,Republican,Carter S. Moore,2548
Jefferson,Circuit Court Judge Part II,4,Republican,Jim Gass,2704
Jefferson,Circuit Court Judge Part III,4,Republican,Rex Henry Ogle,2651
Jefferson,Circuit Court Judge Part IV,4,Republican,Duane Slone,2677
Jefferson,District Attorney General,4,Republican,"James B. ""Jimmy"" Dunn",2709
Jefferson,Public Defender,4,Republican,Rebecca V. Lee,2475
Jefferson,Chancellor,4/5,Republican,Jim Ripley,2533
Jefferson,State Executive Committeeman,8,Democratic,Rodney Fugate,354
Jefferson,State Executive Committeewoman,8,Democratic,Barbara Wagner,378
Jefferson,State Executive Committeeman,8,Republican,David A. Bishop,2112
Jefferson,State Executive Committeewoman,8,Republican,No Candidate Qualified,0
Jefferson,Court of Appeals - Eastern Division,NA,,Replace - John W. McClarty,462
Jefferson,Court of Appeals - Eastern Division,NA,,Replace - Kristi Davis,423
Jefferson,Court of Appeals - Eastern Division,NA,,Replace - Mike Swiney,449
Jefferson,Court of Appeals - Eastern Division,NA,,"Replace - Thomas R. ""Skip"" Frierson",441
Jefferson,Court of Appeals - Eastern Division,NA,,Retain - John W. McClarty,1909
Jefferson,Court of Appeals - Eastern Division,NA,,Retain - Kristi Davis,1978
Jefferson,Court of Appeals - Eastern Division,NA,,Retain - Mike Swiney,1916
Jefferson,Court of Appeals - Eastern Division,NA,,"Retain - Thomas R. ""Skip"" Frierson",2001
Jefferson,Court of Appeals - Middle Division,NA,,Replace - Andy D. Bennett,469
Jefferson,Court of Appeals - Middle Division,NA,,Replace - Frank Clement,500
Jefferson,Court of Appeals - Middle Division,NA,,Replace - Neal McBrayer,468
Jefferson,Court of Appeals - Middle Division,NA,,Retain - Andy D. Bennett,1876
Jefferson,Court of Appeals - Middle Division,NA,,Retain - Frank Clement,1895
Jefferson,Court of Appeals - Middle Division,NA,,Retain - Neal McBrayer,1866
Jefferson,Court of Appeals - Western Division,NA,,Replace - Arnold B. Goldin,468
Jefferson,Court of Appeals - Western Division,NA,,Replace - Carma Dennis McGee,463
Jefferson,Court of Appeals - Western Division,NA,,Replace - Kenny W. Armstrong,464
Jefferson,Court of Appeals - Western Division,NA,,Replace - Steve Stafford,458
Jefferson,Court of Appeals - Western Division,NA,,Retain - Arnold B. Goldin,1833
Jefferson,Court of Appeals - Western Division,NA,,Retain - Carma Dennis McGee,1855
Jefferson,Court of Appeals - Western Division,NA,,Retain - Kenny W. Armstrong,1848
Jefferson,Court of Appeals - Western Division,NA,,Retain - Steve Stafford,1849
Jefferson,Court of Criminal Appeals - Eastern Division,NA,,"Replace - James C. Witt, Jr.",448
Jefferson,Court of Criminal Appeals - Eastern Division,NA,,"Replace - Robert H. Montgomery, Jr.",442
Jefferson,Court of Criminal Appeals - Eastern Division,NA,,"Retain - James C. Witt, Jr.",1875
Jefferson,Court of Criminal Appeals - Eastern Division,NA,,"Retain - Robert H. Montgomery, Jr.",1891
Jefferson,Court of Criminal Appeals - Middle Division,NA,,Replace - Jill Bartee Ayers,454
Jefferson,Court of Criminal Appeals - Middle Division,NA,,"Replace - Robert L. Holloway, Jr.",436
Jefferson,Court of Criminal Appeals - Middle Division,NA,,Replace - Robert W. Wedemeyer,463
Jefferson,Court of Criminal Appeals - Middle Division,NA,,Replace - Timothy L. Easter,455
Jefferson,Court of Criminal Appeals - Middle Division,NA,,Retain - Jill Bartee Ayers,1859
Jefferson,Court of Criminal Appeals - Middle Division,NA,,"Retain - Robert L. Holloway, Jr.",1877
Jefferson,Court of Criminal Appeals - Middle Division,NA,,Retain - Robert W. Wedemeyer,1830
Jefferson,Court of Criminal Appeals - Middle Division,NA,,Retain - Timothy L. Easter,1841
Jefferson,Court of Criminal Appeals - Western Division,NA,,Replace - Camille McMullen,470
Jefferson,Court of Criminal Appeals - Western Division,NA,,Replace - J. Ross Dyer,464
Jefferson,Court of Criminal Appeals - Western Division,NA,,Replace - John Everett Williams,460
Jefferson,Court of Criminal Appeals - Western Division,NA,,"Replace - John W. Campbell, Sr.",455
Jefferson,Court of Criminal Appeals - Western Division,NA,,Retain - Camille McMullen,1845
Jefferson,Court of Criminal Appeals - Western Division,NA,,Retain - J. Ross Dyer,1831
Jefferson,Court of Criminal Appeals - Western Division,NA,,Retain - John Everett Williams,1852
Jefferson,Court of Criminal Appeals - Western Division,NA,,"Retain - John W. Campbell, Sr.",1839
Jefferson,Supreme Court,NA,,Replace - Holly Kirby,467
Jefferson,Supreme Court,NA,,Replace - Jeffrey S. Bivins,514
Jefferson,Supreme Court,NA,,Replace - Roger A. Page,460
Jefferson,Supreme Court,NA,,Replace - Sarah K. Campbell,466
Jefferson,Supreme Court,NA,,Replace - Sharon Gail Lee,495
Jefferson,Supreme Court,NA,,Retain - Holly Kirby,1945
Jefferson,Supreme Court,NA,,Retain - Jeffrey S. Bivins,1944
Jefferson,Supreme Court,NA,,Retain - Roger A. Page,1933
Jefferson,Supreme Court,NA,,Retain - Sarah K. Campbell,1967
Jefferson,Supreme Court,NA,,Retain - Sharon Gail Lee,1930
Jefferson,Governor,NA,Democratic,Carnita Faye Atwater,123
Jefferson,Governor,NA,Democratic,JB Smiley Jr.,110
Jefferson,Governor,NA,Democratic,Jason Brantley Martin,200
Jefferson,Governor,NA,Republican,Bill Lee,2485
Johnson,U.S. House,1,Democratic,Cameron Parsons,318
Johnson,Chancellor,1,Republican,John C. Rambo,3089
Johnson,Circuit Court Judge Part I,1,Republican,J. Eddie Lauderback,3084
Johnson,Circuit Court Judge Part II,1,Republican,Suzanne Cook,3106
Johnson,Criminal Court Judge Part I,1,Republican,Lisa Nidiffer Rice,3191
Johnson,Criminal Court Judge Part II,1,Republican,Stacy L. Street,3307
Johnson,District Attorney General,1,Republican,Steve Finney,3087
Johnson,Public Defender,1,Republican,Jeff Kelly,3115
Johnson,U.S. House,1,Republican,Diana Lynn Harshbarger,3269
Johnson,State Executive Committeeman,3,Democratic,Jeff Clark,328
Johnson,State Executive Committeewoman,3,Democratic,Debbie Harley-McClaskey,329
Johnson,State House,3,Democratic,No Candidate Qualified,0
Johnson,State Senate,3,Democratic,Kate Craig,321
Johnson,State Executive Committeeman,3,Republican,Todd Fowler,2535
Johnson,State Executive Committeewoman,3,Republican,Anita Hodges Taylor,1660
Johnson,State Executive Committeewoman,3,Republican,Charlene Thomas,1174
Johnson,State House,3,Republican,Scotty Campbell,3453
Johnson,State Senate,3,Republican,Rusty Crowe,3179
Johnson,Court of Appeals - Eastern Division,NA,,Replace - John W. McClarty,611
Johnson,Court of Appeals - Eastern Division,NA,,Replace - Kristi Davis,586
Johnson,Court of Appeals - Eastern Division,NA,,Replace - Mike Swiney,583
Johnson,Court of Appeals - Eastern Division,NA,,"Replace - Thomas R. ""Skip"" Frierson",602
Johnson,Court of Appeals - Eastern Division,NA,,Retain - John W. McClarty,2282
Johnson,Court of Appeals - Eastern Division,NA,,Retain - Kristi Davis,2307
Johnson,Court of Appeals - Eastern Division,NA,,Retain - Mike Swiney,2260
Johnson,Court of Appeals - Eastern Division,NA,,"Retain - Thomas R. ""Skip"" Frierson",2273
Johnson,Court of Appeals - Middle Division,NA,,Replace - Andy D. Bennett,587
Johnson,Court of Appeals - Middle Division,NA,,Replace - Frank Clement,587
Johnson,Court of Appeals - Middle Division,NA,,Replace - Neal McBrayer,580
Johnson,Court of Appeals - Middle Division,NA,,Retain - Andy D. Bennett,2239
Johnson,Court of Appeals - Middle Division,NA,,Retain - Frank Clement,2251
Johnson,Court of Appeals - Middle Division,NA,,Retain - Neal McBrayer,2240
Johnson,Court of Appeals - Western Division,NA,,Replace - Arnold B. Goldin,591
Johnson,Court of Appeals - Western Division,NA,,Replace - Carma Dennis McGee,587
Johnson,Court of Appeals - Western Division,NA,,Replace - Kenny W. Armstrong,585
Johnson,Court of Appeals - Western Division,NA,,Replace - Steve Stafford,610
Johnson,Court of Appeals - Western Division,NA,,Retain - Arnold B. Goldin,2186
Johnson,Court of Appeals - Western Division,NA,,Retain - Carma Dennis McGee,2194
Johnson,Court of Appeals - Western Division,NA,,Retain - Kenny W. Armstrong,2200
Johnson,Court of Appeals - Western Division,NA,,Retain - Steve Stafford,2179
Johnson,Court of Criminal Appeals - Eastern Division,NA,,"Replace - James C. Witt, Jr.",587
Johnson,Court of Criminal Appeals - Eastern Division,NA,,"Replace - Robert H. Montgomery, Jr.",582
Johnson,Court of Criminal Appeals - Eastern Division,NA,,"Retain - James C. Witt, Jr.",2203
Johnson,Court of Criminal Appeals - Eastern Division,NA,,"Retain - Robert H. Montgomery, Jr.",2199
Johnson,Court of Criminal Appeals - Middle Division,NA,,Replace - Jill Bartee Ayers,589
Johnson,Court of Criminal Appeals - Middle Division,NA,,"Replace - Robert L. Holloway, Jr.",573
Johnson,Court of Criminal Appeals - Middle Division,NA,,Replace - Robert W. Wedemeyer,591
Johnson,Court of Criminal Appeals - Middle Division,NA,,Replace - Timothy L. Easter,585
Johnson,Court of Criminal Appeals - Middle Division,NA,,Retain - Jill Bartee Ayers,2183
Johnson,Court of Criminal Appeals - Middle Division,NA,,"Retain - Robert L. Holloway, Jr.",2197
Johnson,Court of Criminal Appeals - Middle Division,NA,,Retain - Robert W. Wedemeyer,2164
Johnson,Court of Criminal Appeals - Middle Division,NA,,Retain - Timothy L. Easter,2190
Johnson,Court of Criminal Appeals - Western Division,NA,,Replace - Camille McMullen,611
Johnson,Court of Criminal Appeals - Western Division,NA,,Replace - J. Ross Dyer,591
Johnson,Court of Criminal Appeals - Western Division,NA,,Replace - John Everett Williams,598
Johnson,Court of Criminal Appeals - Western Division,NA,,"Replace - John W. Campbell, Sr.",563
Johnson,Court of Criminal Appeals - Western Division,NA,,Retain - Camille McMullen,2169
Johnson,Court of Criminal Appeals - Western Division,NA,,Retain - J. Ross Dyer,2167
Johnson,Court of Criminal Appeals - Western Division,NA,,Retain - John Everett Williams,2189
Johnson,Court of Criminal Appeals - Western Division,NA,,"Retain - John W. Campbell, Sr.",2206
Johnson,Supreme Court,NA,,Replace - Holly Kirby,590
Johnson,Supreme Court,NA,,Replace - Jeffrey S. Bivins,623
Johnson,Supreme Court,NA,,Replace - Roger A. Page,621
Johnson,Supreme Court,NA,,Replace - Sarah K. Campbell,589
Johnson,Supreme Court,NA,,Replace - Sharon Gail Lee,632
Johnson,Supreme Court,NA,,Retain - Holly Kirby,2402
Johnson,Supreme Court,NA,,Retain - Jeffrey S. Bivins,2403
Johnson,Supreme Court,NA,,Retain - Roger A. Page,2276
Johnson,Supreme Court,NA,,Retain - Sarah K. Campbell,2426
Johnson,Supreme Court,NA,,Retain - Sharon Gail Lee,2353
Johnson,Governor,NA,Democratic,Carnita Faye Atwater,107
Johnson,Governor,NA,Democratic,JB Smiley Jr.,83
Johnson,Governor,NA,Democratic,Jason Brantley Martin,170
Johnson,Governor,NA,Republican,Bill Lee,3284
Knox,State House,14,Democratic,Amanda Collins,3204
Knox,State House,14,Republican,Jason Zachary,6361
Knox,State House,15,Democratic,Sam McKenzie,3104
Knox,State House,15,Republican,Pete Drew,1047
Knox,State House,16,Democratic,No Candidate Qualified,0
Knox,State House,16,Republican,Michele Carringer,4575
Knox,State House,18,Democratic,Gregory B. Kaplan,3780
Knox,State House,18,Republican,Elaine Davis,3529
Knox,State House,18,Republican,Janet Testerman,2785
Knox,State House,19,Democratic,Zeke Streetman,1447
Knox,State House,19,Republican,Dave Wright,4261
Knox,U.S. House,2,Democratic,Mark Harmon,19510
Knox,U.S. House,2,Republican,Tim Burchett,29658
Knox,State Executive Committeeman,5,Democratic,Jack Vaughan,2323
Knox,State Executive Committeewoman,5,Democratic,Anne W. Backus,2334
Knox,State Senate,5,Democratic,No Candidate Qualified,0
Knox,State Executive Committeeman,5,Republican,Scott Smith,1103
Knox,State Executive Committeeman,5,Republican,Tim Hutchison,2306
Knox,State Executive Committeewoman,5,Republican,Amy Jones,1413
Knox,State Executive Committeewoman,5,Republican,Terry Frank,1640
Knox,State Senate,5,Republican,Earle Segrest,593
Knox,State Senate,5,Republican,Randy McNally,2944
Knox,District Attorney General,6,Democratic,Jackson M. Fenner,22798
Knox,State Executive Committeeman,6,Democratic,Mark Siegel,8477
Knox,State Executive Committeewoman,6,Democratic,Sylvia S. Woods,8584
Knox,Chancellor Part I,6,Republican,John F. Weaver,32711
Knox,Chancellor Part II,6,Republican,"Richard ""Bud"" Armstrong",32277
Knox,Chancellor Part III,6,Republican,Christopher D. Heagerty,32029
Knox,Circuit Court Judge Division I,6,Republican,Jerome Melson,33489
Knox,Circuit Court Judge Division II,6,Republican,William T. (Bill) Ailor,33500
Knox,Circuit Court Judge Division III,6,Republican,Deborah C Stevens,33040
Knox,Circuit Court Judge Division IV,6,Republican,Gregory S. McMillan,32652
Knox,Criminal Court Judge Division I,6,Republican,Steven W. Sword,32819
Knox,Criminal Court Judge Division II,6,Republican,Kyle Hixson,32174
Knox,Criminal Court Judge Division III,6,Republican,Scott Green,32309
Knox,District Attorney General,6,Republican,Charme P. Allen,30762
Knox,Public Defender,6,Republican,Eric M. Lutton,32252
Knox,State Executive Committeeman,6,Republican,Brian Hornback,4917
Knox,State Executive Committeeman,6,Republican,Randy Pace,2963
Knox,State Executive Committeeman,6,Republican,Sam Maynard,3881
Knox,State Executive Committeewoman,6,Republican,Jane Chedester,11489
Knox,State Executive Committeeman,7,Democratic,Dennis B. Francis,7197
Knox,State Executive Committeewoman,7,Democratic,Virginia Couch,7191
Knox,State Senate,7,Democratic,Bryan Langan,7395
Knox,State Executive Committeeman,7,Republican,Kent A. Morrell,5478
Knox,State Executive Committeeman,7,Republican,"Leonard ""Doc"" Brown",2227
Knox,State Executive Committeeman,7,Republican,Rob Gray,1637
Knox,State Executive Committeeman,7,Republican,Wayne Sellars,1420
Knox,State Executive Committeewoman,7,Republican,Janis C. Crye,4041
Knox,State Executive Committeewoman,7,Republican,Karen J Brown,5959
Knox,State Senate,7,Republican,Kent A. Morrell,4395
Knox,State Senate,7,Republican,Richard M. Briggs,8575
Knox,State House,89,Democratic,M.D. Dotson,2267
Knox,State House,89,Republican,Justin Lafferty,4356
Knox,State House,90,Democratic,Gloria Johnson,3690
Knox,State House,90,Republican,"David ""Pozy"" Poczobut",2001
Knox,Court of Appeals - Eastern Division,NA,,Replace - John W. McClarty,10687
Knox,Court of Appeals - Eastern Division,NA,,Replace - Kristi Davis,8756
Knox,Court of Appeals - Eastern Division,NA,,Replace - Mike Swiney,9909
Knox,Court of Appeals - Eastern Division,NA,,"Replace - Thomas R. ""Skip"" Frierson",9951
Knox,Court of Appeals - Eastern Division,NA,,Retain - John W. McClarty,28344
Knox,Court of Appeals - Eastern Division,NA,,Retain - Kristi Davis,31563
Knox,Court of Appeals - Eastern Division,NA,,Retain - Mike Swiney,29173
Knox,Court of Appeals - Eastern Division,NA,,"Retain - Thomas R. ""Skip"" Frierson",29141
Knox,Court of Appeals - Middle Division,NA,,Replace - Andy D. Bennett,10382
Knox,Court of Appeals - Middle Division,NA,,Replace - Frank Clement,10843
Knox,Court of Appeals - Middle Division,NA,,Replace - Neal McBrayer,9624
Knox,Court of Appeals - Middle Division,NA,,Retain - Andy D. Bennett,28078
Knox,Court of Appeals - Middle Division,NA,,Retain - Frank Clement,28170
Knox,Court of Appeals - Middle Division,NA,,Retain - Neal McBrayer,28507
Knox,Court of Appeals - Western Division,NA,,Replace - Arnold B. Goldin,9765
Knox,Court of Appeals - Western Division,NA,,Replace - Carma Dennis McGee,9113
Knox,Court of Appeals - Western Division,NA,,Replace - Kenny W. Armstrong,9303
Knox,Court of Appeals - Western Division,NA,,Replace - Steve Stafford,9938
Knox,Court of Appeals - Western Division,NA,,Retain - Arnold B. Goldin,28014
Knox,Court of Appeals - Western Division,NA,,Retain - Carma Dennis McGee,28752
Knox,Court of Appeals - Western Division,NA,,Retain - Kenny W. Armstrong,28980
Knox,Court of Appeals - Western Division,NA,,Retain - Steve Stafford,27588
Knox,Court of Criminal Appeals - Eastern Division,NA,,"Replace - James C. Witt, Jr.",9275
Knox,Court of Criminal Appeals - Eastern Division,NA,,"Replace - Robert H. Montgomery, Jr.",9310
Knox,Court of Criminal Appeals - Eastern Division,NA,,"Retain - James C. Witt, Jr.",29280
Knox,Court of Criminal Appeals - Eastern Division,NA,,"Retain - Robert H. Montgomery, Jr.",28915
Knox,Court of Criminal Appeals - Middle Division,NA,,Replace - Jill Bartee Ayers,8576
Knox,Court of Criminal Appeals - Middle Division,NA,,"Replace - Robert L. Holloway, Jr.",9749
Knox,Court of Criminal Appeals - Middle Division,NA,,Replace - Robert W. Wedemeyer,9771
Knox,Court of Criminal Appeals - Middle Division,NA,,Replace - Timothy L. Easter,9067
Knox,Court of Criminal Appeals - Middle Division,NA,,Retain - Jill Bartee Ayers,29101
Knox,Court of Criminal Appeals - Middle Division,NA,,"Retain - Robert L. Holloway, Jr.",27579
Knox,Court of Criminal Appeals - Middle Division,NA,,Retain - Robert W. Wedemeyer,27517
Knox,Court of Criminal Appeals - Middle Division,NA,,Retain - Timothy L. Easter,28068
Knox,Court of Criminal Appeals - Western Division,NA,,Replace - Camille McMullen,9139
Knox,Court of Criminal Appeals - Western Division,NA,,Replace - J. Ross Dyer,9191
Knox,Court of Criminal Appeals - Western Division,NA,,Replace - John Everett Williams,9118
Knox,Court of Criminal Appeals - Western Division,NA,,"Replace - John W. Campbell, Sr.",9461
Knox,Court of Criminal Appeals - Western Division,NA,,Retain - Camille McMullen,28694
Knox,Court of Criminal Appeals - Western Division,NA,,Retain - J. Ross Dyer,27865
Knox,Court of Criminal Appeals - Western Division,NA,,Retain - John Everett Williams,27822
Knox,Court of Criminal Appeals - Western Division,NA,,"Retain - John W. Campbell, Sr.",27768
Knox,Supreme Court,NA,,Replace - Holly Kirby,9134
Knox,Supreme Court,NA,,Replace - Jeffrey S. Bivins,10923
Knox,Supreme Court,NA,,Replace - Roger A. Page,10507
Knox,Supreme Court,NA,,Replace - Sarah K. Campbell,10100
Knox,Supreme Court,NA,,Replace - Sharon Gail Lee,9987
Knox,Supreme Court,NA,,Retain - Holly Kirby,31304
Knox,Supreme Court,NA,,Retain - Jeffrey S. Bivins,30636
Knox,Supreme Court,NA,,Retain - Roger A. Page,28948
Knox,Supreme Court,NA,,Retain - Sarah K. Campbell,30987
Knox,Supreme Court,NA,,Retain - Sharon Gail Lee,31193
Knox,Governor,NA,Democratic,Carnita Faye Atwater,6225
Knox,Governor,NA,Democratic,JB Smiley Jr.,5127
Knox,Governor,NA,Democratic,Jason Brantley Martin,9916
Knox,Governor,NA,Republican,Bill Lee,28779
Lake,State Executive Committeeman,25,Democratic,Ernest Brooks II,155
Lake,State Executive Committeewoman,25,Democratic,Patsy Garey Johnson,158
Lake,State Senate,25,Democratic,No Candidate Qualified,0
Lake,State Executive Committeeman,25,Republican,Jimmy Harris,469
Lake,State Executive Committeeman,25,Republican,Steve Yahnke,67
Lake,State Executive Committeewoman,25,Republican,Shannon Haynes,546
Lake,State Senate,25,Republican,Ed Jackson,673
Lake,Chancellor,29,Independent,Tony A. Childress,1207
Lake,Circuit Court Judge,29,Independent,Mark Hayes,1259
Lake,District Attorney General,29,Independent,"Danny H. Goodman, Jr.",1215
Lake,District Attorney General,29,Independent,Richard J. Schoepke,291
Lake,Public Defender,29,Independent,Sean P. Day,958
Lake,State House,77,Democratic,No Candidate Qualified,0
Lake,State House,77,Republican,Rusty Grills,743
Lake,U.S. House,8,Democratic,Lynnette P. Williams,98
Lake,U.S. House,8,Democratic,Tim McDonald,91
Lake,U.S. House,8,Republican,Bob Hendry,26
Lake,U.S. House,8,Republican,Danny Ray Bridger Jr,67
Lake,U.S. House,8,Republican,David Kustoff,620
Lake,U.S. House,8,Republican,Gary Dean Clouse,19
Lake,Court of Appeals - Eastern Division,NA,,Replace - John W. McClarty,200
Lake,Court of Appeals - Eastern Division,NA,,Replace - Kristi Davis,186
Lake,Court of Appeals - Eastern Division,NA,,Replace - Mike Swiney,187
Lake,Court of Appeals - Eastern Division,NA,,"Replace - Thomas R. ""Skip"" Frierson",205
Lake,Court of Appeals - Eastern Division,NA,,Retain - John W. McClarty,720
Lake,Court of Appeals - Eastern Division,NA,,Retain - Kristi Davis,736
Lake,Court of Appeals - Eastern Division,NA,,Retain - Mike Swiney,713
Lake,Court of Appeals - Eastern Division,NA,,"Retain - Thomas R. ""Skip"" Frierson",716
Lake,Court of Appeals - Middle Division,NA,,Replace - Andy D. Bennett,181
Lake,Court of Appeals - Middle Division,NA,,Replace - Frank Clement,184
Lake,Court of Appeals - Middle Division,NA,,Replace - Neal McBrayer,188
Lake,Court of Appeals - Middle Division,NA,,Retain - Andy D. Bennett,718
Lake,Court of Appeals - Middle Division,NA,,Retain - Frank Clement,726
Lake,Court of Appeals - Middle Division,NA,,Retain - Neal McBrayer,707
Lake,Court of Appeals - Western Division,NA,,Replace - Arnold B. Goldin,185
Lake,Court of Appeals - Western Division,NA,,Replace - Carma Dennis McGee,177
Lake,Court of Appeals - Western Division,NA,,Replace - Kenny W. Armstrong,175
Lake,Court of Appeals - Western Division,NA,,Replace - Steve Stafford,171
Lake,Court of Appeals - Western Division,NA,,Retain - Arnold B. Goldin,714
Lake,Court of Appeals - Western Division,NA,,Retain - Carma Dennis McGee,714
Lake,Court of Appeals - Western Division,NA,,Retain - Kenny W. Armstrong,732
Lake,Court of Appeals - Western Division,NA,,Retain - Steve Stafford,788
Lake,Court of Criminal Appeals - Eastern Division,NA,,"Replace - James C. Witt, Jr.",181
Lake,Court of Criminal Appeals - Eastern Division,NA,,"Replace - Robert H. Montgomery, Jr.",181
Lake,Court of Criminal Appeals - Eastern Division,NA,,"Retain - James C. Witt, Jr.",704
Lake,Court of Criminal Appeals - Eastern Division,NA,,"Retain - Robert H. Montgomery, Jr.",711
Lake,Court of Criminal Appeals - Middle Division,NA,,Replace - Jill Bartee Ayers,174
Lake,Court of Criminal Appeals - Middle Division,NA,,"Replace - Robert L. Holloway, Jr.",179
Lake,Court of Criminal Appeals - Middle Division,NA,,Replace - Robert W. Wedemeyer,187
Lake,Court of Criminal Appeals - Middle Division,NA,,Replace - Timothy L. Easter,182
Lake,Court of Criminal Appeals - Middle Division,NA,,Retain - Jill Bartee Ayers,711
Lake,Court of Criminal Appeals - Middle Division,NA,,"Retain - Robert L. Holloway, Jr.",715
Lake,Court of Criminal Appeals - Middle Division,NA,,Retain - Robert W. Wedemeyer,705
Lake,Court of Criminal Appeals - Middle Division,NA,,Retain - Timothy L. Easter,700
Lake,Court of Criminal Appeals - Western Division,NA,,Replace - Camille McMullen,186
Lake,Court of Criminal Appeals - Western Division,NA,,Replace - J. Ross Dyer,174
Lake,Court of Criminal Appeals - Western Division,NA,,Replace - John Everett Williams,181
Lake,Court of Criminal Appeals - Western Division,NA,,"Replace - John W. Campbell, Sr.",180
Lake,Court of Criminal Appeals - Western Division,NA,,Retain - Camille McMullen,712
Lake,Court of Criminal Appeals - Western Division,NA,,Retain - J. Ross Dyer,725
Lake,Court of Criminal Appeals - Western Division,NA,,Retain - John Everett Williams,758
Lake,Court of Criminal Appeals - Western Division,NA,,"Retain - John W. Campbell, Sr.",716
Lake,Supreme Court,NA,,Replace - Holly Kirby,193
Lake,Supreme Court,NA,,Replace - Jeffrey S. Bivins,214
Lake,Supreme Court,NA,,Replace - Roger A. Page,197
Lake,Supreme Court,NA,,Replace - Sarah K. Campbell,193
Lake,Supreme Court,NA,,Replace - Sharon Gail Lee,200
Lake,Supreme Court,NA,,Retain - Holly Kirby,743
Lake,Supreme Court,NA,,Retain - Jeffrey S. Bivins,777
Lake,Supreme Court,NA,,Retain - Roger A. Page,734
Lake,Supreme Court,NA,,Retain - Sarah K. Campbell,756
Lake,Supreme Court,NA,,Retain - Sharon Gail Lee,727
Lake,Governor,NA,Democratic,Carnita Faye Atwater,77
Lake,Governor,NA,Democratic,JB Smiley Jr.,38
Lake,Governor,NA,Democratic,Jason Brantley Martin,85
Lake,Governor,NA,Republican,Bill Lee,749
Lauderdale,Chancellor Part II,25,,Write-In - Angela L. Jenkins-Hines,0
Lauderdale,Chancellor Part I,25,Independent,"William C. ""Bill"" Cole",2749
Lauderdale,Circuit Court Judge Part I,25,Independent,J. Weber McCraw,2851
Lauderdale,Chancellor Part II,25,Republican,Kasey Culbreath,2732
Lauderdale,Circuit Court Judge Part II,25,Republican,Blake Neill,2802
Lauderdale,District Attorney General,25,Republican,Mark E. Davidson,3075
Lauderdale,Public Defender,25,Republican,Bo Burk,2780
Lauderdale,State Executive Committeeman,32,Democratic,No Candidate Qualified,0
Lauderdale,State Executive Committeewoman,32,Democratic,Deborah K. Reed,866
Lauderdale,State Executive Committeeman,32,Republican,Lee Mills,2069
Lauderdale,State Executive Committeewoman,32,Republican,Charlotte Kelley,2108
Lauderdale,U.S. House,8,Democratic,Lynnette P. Williams,579
Lauderdale,U.S. House,8,Democratic,Tim McDonald,310
Lauderdale,U.S. House,8,Republican,Bob Hendry,94
Lauderdale,U.S. House,8,Republican,Danny Ray Bridger Jr,106
Lauderdale,U.S. House,8,Republican,David Kustoff,2426
Lauderdale,U.S. House,8,Republican,Gary Dean Clouse,34
Lauderdale,State House,82,Democratic,No Candidate Qualified,0
Lauderdale,State House,82,Republican,Chris Hurt,2647
Lauderdale,Court of Appeals - Eastern Division,NA,,Replace - John W. McClarty,824
Lauderdale,Court of Appeals - Eastern Division,NA,,Replace - Kristi Davis,775
Lauderdale,Court of Appeals - Eastern Division,NA,,Replace - Mike Swiney,787
Lauderdale,Court of Appeals - Eastern Division,NA,,"Replace - Thomas R. ""Skip"" Frierson",807
Lauderdale,Court of Appeals - Eastern Division,NA,,Retain - John W. McClarty,2020
Lauderdale,Court of Appeals - Eastern Division,NA,,Retain - Kristi Davis,2078
Lauderdale,Court of Appeals - Eastern Division,NA,,Retain - Mike Swiney,2013
Lauderdale,Court of Appeals - Eastern Division,NA,,"Retain - Thomas R. ""Skip"" Frierson",2041
Lauderdale,Court of Appeals - Middle Division,NA,,Replace - Andy D. Bennett,789
Lauderdale,Court of Appeals - Middle Division,NA,,Replace - Frank Clement,791
Lauderdale,Court of Appeals - Middle Division,NA,,Replace - Neal McBrayer,791
Lauderdale,Court of Appeals - Middle Division,NA,,Retain - Andy D. Bennett,2014
Lauderdale,Court of Appeals - Middle Division,NA,,Retain - Frank Clement,2017
Lauderdale,Court of Appeals - Middle Division,NA,,Retain - Neal McBrayer,1992
Lauderdale,Court of Appeals - Western Division,NA,,Replace - Arnold B. Goldin,796
Lauderdale,Court of Appeals - Western Division,NA,,Replace - Carma Dennis McGee,792
Lauderdale,Court of Appeals - Western Division,NA,,Replace - Kenny W. Armstrong,761
Lauderdale,Court of Appeals - Western Division,NA,,Replace - Steve Stafford,777
Lauderdale,Court of Appeals - Western Division,NA,,Retain - Arnold B. Goldin,1980
Lauderdale,Court of Appeals - Western Division,NA,,Retain - Carma Dennis McGee,1985
Lauderdale,Court of Appeals - Western Division,NA,,Retain - Kenny W. Armstrong,2033
Lauderdale,Court of Appeals - Western Division,NA,,Retain - Steve Stafford,2026
Lauderdale,Court of Criminal Appeals - Eastern Division,NA,,"Replace - James C. Witt, Jr.",784
Lauderdale,Court of Criminal Appeals - Eastern Division,NA,,"Replace - Robert H. Montgomery, Jr.",771
Lauderdale,Court of Criminal Appeals - Eastern Division,NA,,"Retain - James C. Witt, Jr.",1991
Lauderdale,Court of Criminal Appeals - Eastern Division,NA,,"Retain - Robert H. Montgomery, Jr.",2020
Lauderdale,Court of Criminal Appeals - Middle Division,NA,,Replace - Jill Bartee Ayers,776
Lauderdale,Court of Criminal Appeals - Middle Division,NA,,"Replace - Robert L. Holloway, Jr.",758
Lauderdale,Court of Criminal Appeals - Middle Division,NA,,Replace - Robert W. Wedemeyer,806
Lauderdale,Court of Criminal Appeals - Middle Division,NA,,Replace - Timothy L. Easter,808
Lauderdale,Court of Criminal Appeals - Middle Division,NA,,Retain - Jill Bartee Ayers,1999
Lauderdale,Court of Criminal Appeals - Middle Division,NA,,"Retain - Robert L. Holloway, Jr.",2004
Lauderdale,Court of Criminal Appeals - Middle Division,NA,,Retain - Robert W. Wedemeyer,1943
Lauderdale,Court of Criminal Appeals - Middle Division,NA,,Retain - Timothy L. Easter,1959
Lauderdale,Court of Criminal Appeals - Western Division,NA,,Replace - Camille McMullen,762
Lauderdale,Court of Criminal Appeals - Western Division,NA,,Replace - J. Ross Dyer,767
Lauderdale,Court of Criminal Appeals - Western Division,NA,,Replace - John Everett Williams,769
Lauderdale,Court of Criminal Appeals - Western Division,NA,,"Replace - John W. Campbell, Sr.",754
Lauderdale,Court of Criminal Appeals - Western Division,NA,,Retain - Camille McMullen,2056
Lauderdale,Court of Criminal Appeals - Western Division,NA,,Retain - J. Ross Dyer,2109
Lauderdale,Court of Criminal Appeals - Western Division,NA,,Retain - John Everett Williams,2048
Lauderdale,Court of Criminal Appeals - Western Division,NA,,"Retain - John W. Campbell, Sr.",2023
Lauderdale,Supreme Court,NA,,Replace - Holly Kirby,783
Lauderdale,Supreme Court,NA,,Replace - Jeffrey S. Bivins,841
Lauderdale,Supreme Court,NA,,Replace - Roger A. Page,813
Lauderdale,Supreme Court,NA,,Replace - Sarah K. Campbell,803
Lauderdale,Supreme Court,NA,,Replace - Sharon Gail Lee,786
Lauderdale,Supreme Court,NA,,Retain - Holly Kirby,2118
Lauderdale,Supreme Court,NA,,Retain - Jeffrey S. Bivins,2134
Lauderdale,Supreme Court,NA,,Retain - Roger A. Page,2055
Lauderdale,Supreme Court,NA,,Retain - Sarah K. Campbell,2137
Lauderdale,Supreme Court,NA,,Retain - Sharon Gail Lee,2116
Lauderdale,Governor,NA,Democratic,Carnita Faye Atwater,354
Lauderdale,Governor,NA,Democratic,JB Smiley Jr.,245
Lauderdale,Governor,NA,Democratic,Jason Brantley Martin,361
Lauderdale,Governor,NA,Republican,Bill Lee,2607
Lawrence,Circuit Court Judge Part III,22,Independent,Lee Brooks,1258
Lawrence,Circuit Court Judge Part IV,22,Independent,Sammy Patterson,486
Lawrence,Circuit Court Judge Part IV,22,Independent,Stacie Odeneal,3464
Lawrence,Circuit Court Judge Part I,22,Republican,David L. Allen,8119
Lawrence,Circuit Court Judge Part II,22,Republican,John Russell (Russ) Parkes,6953
Lawrence,Circuit Court Judge Part III,22,Republican,Christopher V. (Chris) Sockwell,7360
Lawrence,Circuit Court Judge Part IV,22,Republican,Caleb Bayless,4907
Lawrence,District Attorney General,22,Republican,Brent Cooper,7259
Lawrence,Public Defender,22,Republican,Travis Jones,6730
Lawrence,State Executive Committeeman,26,Democratic,Randall Rice,752
Lawrence,State Executive Committeewoman,26,Democratic,Meryl Rice,754
Lawrence,State Executive Committeeman,26,Republican,Johnny Bellis,4704
Lawrence,State Executive Committeewoman,26,Republican,No Candidate Qualified,0
Lawrence,U.S. House,4,Democratic,Arnold J. White,336
Lawrence,U.S. House,4,Democratic,Wayne Steele,514
Lawrence,U.S. House,4,Republican,Scott DesJarlais,5605
Lawrence,State House,70,Democratic,No Candidate Qualified,0
Lawrence,State House,70,Republican,Clay Doggett,3127
Lawrence,State House,71,Democratic,David P. Carson II,357
Lawrence,State House,71,Republican,Bill White,450
Lawrence,State House,71,Republican,Jason F. Rich,693
Lawrence,State House,71,Republican,Kip Capley,1743
Lawrence,State House,71,Republican,Mitchell Skelton,436
Lawrence,Court of Appeals - Eastern Division,NA,,Replace - John W. McClarty,1667
Lawrence,Court of Appeals - Eastern Division,NA,,Replace - Kristi Davis,1581
Lawrence,Court of Appeals - Eastern Division,NA,,Replace - Mike Swiney,1594
Lawrence,Court of Appeals - Eastern Division,NA,,"Replace - Thomas R. ""Skip"" Frierson",1655
Lawrence,Court of Appeals - Eastern Division,NA,,Retain - John W. McClarty,4467
Lawrence,Court of Appeals - Eastern Division,NA,,Retain - Kristi Davis,4563
Lawrence,Court of Appeals - Eastern Division,NA,,Retain - Mike Swiney,4432
Lawrence,Court of Appeals - Eastern Division,NA,,"Retain - Thomas R. ""Skip"" Frierson",4473
Lawrence,Court of Appeals - Middle Division,NA,,Replace - Andy D. Bennett,1607
Lawrence,Court of Appeals - Middle Division,NA,,Replace - Frank Clement,1739
Lawrence,Court of Appeals - Middle Division,NA,,Replace - Neal McBrayer,1625
Lawrence,Court of Appeals - Middle Division,NA,,Retain - Andy D. Bennett,4437
Lawrence,Court of Appeals - Middle Division,NA,,Retain - Frank Clement,4413
Lawrence,Court of Appeals - Middle Division,NA,,Retain - Neal McBrayer,4419
Lawrence,Court of Appeals - Western Division,NA,,Replace - Arnold B. Goldin,1597
Lawrence,Court of Appeals - Western Division,NA,,Replace - Carma Dennis McGee,1571
Lawrence,Court of Appeals - Western Division,NA,,Replace - Kenny W. Armstrong,1555
Lawrence,Court of Appeals - Western Division,NA,,Replace - Steve Stafford,1594
Lawrence,Court of Appeals - Western Division,NA,,Retain - Arnold B. Goldin,4307
Lawrence,Court of Appeals - Western Division,NA,,Retain - Carma Dennis McGee,4341
Lawrence,Court of Appeals - Western Division,NA,,Retain - Kenny W. Armstrong,4336
Lawrence,Court of Appeals - Western Division,NA,,Retain - Steve Stafford,4320
Lawrence,Court of Criminal Appeals - Eastern Division,NA,,"Replace - James C. Witt, Jr.",1539
Lawrence,Court of Criminal Appeals - Eastern Division,NA,,"Replace - Robert H. Montgomery, Jr.",1550
Lawrence,Court of Criminal Appeals - Eastern Division,NA,,"Retain - James C. Witt, Jr.",4313
Lawrence,Court of Criminal Appeals - Eastern Division,NA,,"Retain - Robert H. Montgomery, Jr.",4302
Lawrence,Court of Criminal Appeals - Middle Division,NA,,Replace - Jill Bartee Ayers,1546
Lawrence,Court of Criminal Appeals - Middle Division,NA,,"Replace - Robert L. Holloway, Jr.",1507
Lawrence,Court of Criminal Appeals - Middle Division,NA,,Replace - Robert W. Wedemeyer,1594
Lawrence,Court of Criminal Appeals - Middle Division,NA,,Replace - Timothy L. Easter,1562
Lawrence,Court of Criminal Appeals - Middle Division,NA,,Retain - Jill Bartee Ayers,4348
Lawrence,Court of Criminal Appeals - Middle Division,NA,,"Retain - Robert L. Holloway, Jr.",4444
Lawrence,Court of Criminal Appeals - Middle Division,NA,,Retain - Robert W. Wedemeyer,4238
Lawrence,Court of Criminal Appeals - Middle Division,NA,,Retain - Timothy L. Easter,4337
Lawrence,Court of Criminal Appeals - Western Division,NA,,Replace - Camille McMullen,1657
Lawrence,Court of Criminal Appeals - Western Division,NA,,Replace - J. Ross Dyer,1559
Lawrence,Court of Criminal Appeals - Western Division,NA,,Replace - John Everett Williams,1557
Lawrence,Court of Criminal Appeals - Western Division,NA,,"Replace - John W. Campbell, Sr.",1518
Lawrence,Court of Criminal Appeals - Western Division,NA,,Retain - Camille McMullen,4210
Lawrence,Court of Criminal Appeals - Western Division,NA,,Retain - J. Ross Dyer,4274
Lawrence,Court of Criminal Appeals - Western Division,NA,,Retain - John Everett Williams,4322
Lawrence,Court of Criminal Appeals - Western Division,NA,,"Retain - John W. Campbell, Sr.",4324
Lawrence,Supreme Court,NA,,Replace - Holly Kirby,1676
Lawrence,Supreme Court,NA,,Replace - Jeffrey S. Bivins,1684
Lawrence,Supreme Court,NA,,Replace - Roger A. Page,1628
Lawrence,Supreme Court,NA,,Replace - Sarah K. Campbell,1669
Lawrence,Supreme Court,NA,,Replace - Sharon Gail Lee,1726
Lawrence,Supreme Court,NA,,Retain - Holly Kirby,4659
Lawrence,Supreme Court,NA,,Retain - Jeffrey S. Bivins,4780
Lawrence,Supreme Court,NA,,Retain - Roger A. Page,4500
Lawrence,Supreme Court,NA,,Retain - Sarah K. Campbell,4743
Lawrence,Supreme Court,NA,,Retain - Sharon Gail Lee,4624
Lawrence,Governor,NA,Democratic,Carnita Faye Atwater,257
Lawrence,Governor,NA,Democratic,JB Smiley Jr.,167
Lawrence,Governor,NA,Democratic,Jason Brantley Martin,525
Lawrence,Governor,NA,Republican,Bill Lee,6369
Lewis,State Executive Committeeman,28,Democratic,Gregory D. Hanners,73
Lewis,State Executive Committeeman,28,Democratic,Seth James Campbell,225
Lewis,State Executive Committeewoman,28,Democratic,Vicki S. Hale,305
Lewis,State Executive Committeeman,28,Republican,No Candidate Qualified,0
Lewis,State Executive Committeewoman,28,Republican,Angie McClanahan,952
Lewis,State Executive Committeewoman,28,Republican,Julie Quan,382
Lewis,Circuit Court Judge,32,Independent,Mike Spitzer,2442
Lewis,District Attorney General,32,Independent,Hans L. Schwendimann,2343
Lewis,Public Defender,32,Republican,Melanie Totty Cagle,2122
Lewis,U.S. House,5,Democratic,Heidi Campbell,335
Lewis,U.S. House,5,Republican,Andy Ogles,863
Lewis,U.S. House,5,Republican,Beth Harwell,419
Lewis,U.S. House,5,Republican,Geni Batchelor,34
Lewis,U.S. House,5,Republican,Jeff Beierlein,89
Lewis,U.S. House,5,Republican,Kurt Winstead,236
Lewis,U.S. House,5,Republican,Natisha Brooks,184
Lewis,U.S. House,5,Republican,Stewart T. Parks,54
Lewis,U.S. House,5,Republican,Timothy Bruce Lee,60
Lewis,U.S. House,5,Republican,Tres Wittum,6
Lewis,U.S. House,5,Republican,Write-In - Robby Starbuck Newsom,42
Lewis,State House,69,Democratic,Candie Loreeta Hedge,150
Lewis,State House,69,Democratic,Val Sloan,181
Lewis,State House,69,Republican,Angela Marie Redden,73
Lewis,State House,69,Republican,Brian Johnson,933
Lewis,State House,69,Republican,Jeff Eby,398
Lewis,State House,69,Republican,Jody Barrett,466
Lewis,Court of Appeals - Eastern Division,NA,,Replace - John W. McClarty,443
Lewis,Court of Appeals - Eastern Division,NA,,Replace - Kristi Davis,425
Lewis,Court of Appeals - Eastern Division,NA,,Replace - Mike Swiney,425
Lewis,Court of Appeals - Eastern Division,NA,,"Replace - Thomas R. ""Skip"" Frierson",438
Lewis,Court of Appeals - Eastern Division,NA,,Retain - John W. McClarty,1252
Lewis,Court of Appeals - Eastern Division,NA,,Retain - Kristi Davis,1338
Lewis,Court of Appeals - Eastern Division,NA,,Retain - Mike Swiney,1281
Lewis,Court of Appeals - Eastern Division,NA,,"Retain - Thomas R. ""Skip"" Frierson",1291
Lewis,Court of Appeals - Middle Division,NA,,Replace - Andy D. Bennett,431
Lewis,Court of Appeals - Middle Division,NA,,Replace - Frank Clement,453
Lewis,Court of Appeals - Middle Division,NA,,Replace - Neal McBrayer,418
Lewis,Court of Appeals - Middle Division,NA,,Retain - Andy D. Bennett,1284
Lewis,Court of Appeals - Middle Division,NA,,Retain - Frank Clement,1301
Lewis,Court of Appeals - Middle Division,NA,,Retain - Neal McBrayer,1250
Lewis,Court of Appeals - Western Division,NA,,Replace - Arnold B. Goldin,417
Lewis,Court of Appeals - Western Division,NA,,Replace - Carma Dennis McGee,411
Lewis,Court of Appeals - Western Division,NA,,Replace - Kenny W. Armstrong,413
Lewis,Court of Appeals - Western Division,NA,,Replace - Steve Stafford,427
Lewis,Court of Appeals - Western Division,NA,,Retain - Arnold B. Goldin,1206
Lewis,Court of Appeals - Western Division,NA,,Retain - Carma Dennis McGee,1212
Lewis,Court of Appeals - Western Division,NA,,Retain - Kenny W. Armstrong,1245
Lewis,Court of Appeals - Western Division,NA,,Retain - Steve Stafford,1179
Lewis,Court of Criminal Appeals - Eastern Division,NA,,"Replace - James C. Witt, Jr.",399
Lewis,Court of Criminal Appeals - Eastern Division,NA,,"Replace - Robert H. Montgomery, Jr.",402
Lewis,Court of Criminal Appeals - Eastern Division,NA,,"Retain - James C. Witt, Jr.",1188
Lewis,Court of Criminal Appeals - Eastern Division,NA,,"Retain - Robert H. Montgomery, Jr.",1204
Lewis,Court of Criminal Appeals - Middle Division,NA,,Replace - Jill Bartee Ayers,393
Lewis,Court of Criminal Appeals - Middle Division,NA,,"Replace - Robert L. Holloway, Jr.",381
Lewis,Court of Criminal Appeals - Middle Division,NA,,Replace - Robert W. Wedemeyer,400
Lewis,Court of Criminal Appeals - Middle Division,NA,,Replace - Timothy L. Easter,378
Lewis,Court of Criminal Appeals - Middle Division,NA,,Retain - Jill Bartee Ayers,1213
Lewis,Court of Criminal Appeals - Middle Division,NA,,"Retain - Robert L. Holloway, Jr.",1251
Lewis,Court of Criminal Appeals - Middle Division,NA,,Retain - Robert W. Wedemeyer,1184
Lewis,Court of Criminal Appeals - Middle Division,NA,,Retain - Timothy L. Easter,1347
Lewis,Court of Criminal Appeals - Western Division,NA,,Replace - Camille McMullen,424
Lewis,Court of Criminal Appeals - Western Division,NA,,Replace - J. Ross Dyer,396
Lewis,Court of Criminal Appeals - Western Division,NA,,Replace - John Everett Williams,399
Lewis,Court of Criminal Appeals - Western Division,NA,,"Replace - John W. Campbell, Sr.",382
Lewis,Court of Criminal Appeals - Western Division,NA,,Retain - Camille McMullen,1145
Lewis,Court of Criminal Appeals - Western Division,NA,,Retain - J. Ross Dyer,1182
Lewis,Court of Criminal Appeals - Western Division,NA,,Retain - John Everett Williams,1161
Lewis,Court of Criminal Appeals - Western Division,NA,,"Retain - John W. Campbell, Sr.",1200
Lewis,Supreme Court,NA,,Replace - Holly Kirby,485
Lewis,Supreme Court,NA,,Replace - Jeffrey S. Bivins,489
Lewis,Supreme Court,NA,,Replace - Roger A. Page,443
Lewis,Supreme Court,NA,,Replace - Sarah K. Campbell,487
Lewis,Supreme Court,NA,,Replace - Sharon Gail Lee,505
Lewis,Supreme Court,NA,,Retain - Holly Kirby,1330
Lewis,Supreme Court,NA,,Retain - Jeffrey S. Bivins,1462
Lewis,Supreme Court,NA,,Retain - Roger A. Page,1320
Lewis,Supreme Court,NA,,Retain - Sarah K. Campbell,1358
Lewis,Supreme Court,NA,,Retain - Sharon Gail Lee,1274
Lewis,Governor,NA,Democratic,Carnita Faye Atwater,85
Lewis,Governor,NA,Democratic,JB Smiley Jr.,59
Lewis,Governor,NA,Democratic,Jason Brantley Martin,201
Lewis,Governor,NA,Republican,Bill Lee,1953
Lincoln,State Executive Committeeman,16,Democratic,Bobby Eddress Bush Jr.,520
Lincoln,State Executive Committeewoman,16,Democratic,Sheila Younglove,527
Lincoln,State Executive Committeeman,16,Republican,Jerry S. Anderson,3179
Lincoln,State Executive Committeewoman,16,Republican,Amy L. Dennis,3115
Lincoln,Chancellor,17,Independent,J. B. Cox,4464
Lincoln,Circuit Court Judge Part I,17,Independent,Forest A Durard Jr,3878
Lincoln,Circuit Court Judge Part II,17,Independent,Wyatt Burk,3744
Lincoln,District Attorney General,17,Independent,Robert J. Carter,4189
Lincoln,Public Defender,17,Independent,Donna Orr Hargrove,4204
Lincoln,U.S. House,4,Democratic,Arnold J. White,167
Lincoln,U.S. House,4,Democratic,Wayne Steele,429
Lincoln,U.S. House,4,Republican,Scott DesJarlais,3737
Lincoln,State House,62,Democratic,No Candidate Qualified,0
Lincoln,State House,62,Republican,Pat Marsh,1849
Lincoln,State House,70,Democratic,No Candidate Qualified,0
Lincoln,State House,70,Republican,Clay Doggett,1757
Lincoln,Court of Appeals - Eastern Division,NA,,Replace - John W. McClarty,652
Lincoln,Court of Appeals - Eastern Division,NA,,Replace - Kristi Davis,644
Lincoln,Court of Appeals - Eastern Division,NA,,Replace - Mike Swiney,628
Lincoln,Court of Appeals - Eastern Division,NA,,"Replace - Thomas R. ""Skip"" Frierson",656
Lincoln,Court of Appeals - Eastern Division,NA,,Retain - John W. McClarty,2571
Lincoln,Court of Appeals - Eastern Division,NA,,Retain - Kristi Davis,2618
Lincoln,Court of Appeals - Eastern Division,NA,,Retain - Mike Swiney,2606
Lincoln,Court of Appeals - Eastern Division,NA,,"Retain - Thomas R. ""Skip"" Frierson",2584
Lincoln,Court of Appeals - Middle Division,NA,,Replace - Andy D. Bennett,627
Lincoln,Court of Appeals - Middle Division,NA,,Replace - Frank Clement,658
Lincoln,Court of Appeals - Middle Division,NA,,Replace - Neal McBrayer,629
Lincoln,Court of Appeals - Middle Division,NA,,Retain - Andy D. Bennett,2606
Lincoln,Court of Appeals - Middle Division,NA,,Retain - Frank Clement,2605
Lincoln,Court of Appeals - Middle Division,NA,,Retain - Neal McBrayer,2590
Lincoln,Court of Appeals - Western Division,NA,,Replace - Arnold B. Goldin,636
Lincoln,Court of Appeals - Western Division,NA,,Replace - Carma Dennis McGee,632
Lincoln,Court of Appeals - Western Division,NA,,Replace - Kenny W. Armstrong,637
Lincoln,Court of Appeals - Western Division,NA,,Replace - Steve Stafford,632
Lincoln,Court of Appeals - Western Division,NA,,Retain - Arnold B. Goldin,2573
Lincoln,Court of Appeals - Western Division,NA,,Retain - Carma Dennis McGee,2573
Lincoln,Court of Appeals - Western Division,NA,,Retain - Kenny W. Armstrong,2583
Lincoln,Court of Appeals - Western Division,NA,,Retain - Steve Stafford,2559
Lincoln,Court of Criminal Appeals - Eastern Division,NA,,"Replace - James C. Witt, Jr.",611
Lincoln,Court of Criminal Appeals - Eastern Division,NA,,"Replace - Robert H. Montgomery, Jr.",623
Lincoln,Court of Criminal Appeals - Eastern Division,NA,,"Retain - James C. Witt, Jr.",2572
Lincoln,Court of Criminal Appeals - Eastern Division,NA,,"Retain - Robert H. Montgomery, Jr.",2554
Lincoln,Court of Criminal Appeals - Middle Division,NA,,Replace - Jill Bartee Ayers,622
Lincoln,Court of Criminal Appeals - Middle Division,NA,,"Replace - Robert L. Holloway, Jr.",616
Lincoln,Court of Criminal Appeals - Middle Division,NA,,Replace - Robert W. Wedemeyer,629
Lincoln,Court of Criminal Appeals - Middle Division,NA,,Replace - Timothy L. Easter,621
Lincoln,Court of Criminal Appeals - Middle Division,NA,,Retain - Jill Bartee Ayers,2564
Lincoln,Court of Criminal Appeals - Middle Division,NA,,"Retain - Robert L. Holloway, Jr.",2561
Lincoln,Court of Criminal Appeals - Middle Division,NA,,Retain - Robert W. Wedemeyer,2545
Lincoln,Court of Criminal Appeals - Middle Division,NA,,Retain - Timothy L. Easter,2556
Lincoln,Court of Criminal Appeals - Western Division,NA,,Replace - Camille McMullen,634
Lincoln,Court of Criminal Appeals - Western Division,NA,,Replace - J. Ross Dyer,614
Lincoln,Court of Criminal Appeals - Western Division,NA,,Replace - John Everett Williams,617
Lincoln,Court of Criminal Appeals - Western Division,NA,,"Replace - John W. Campbell, Sr.",609
Lincoln,Court of Criminal Appeals - Western Division,NA,,Retain - Camille McMullen,2540
Lincoln,Court of Criminal Appeals - Western Division,NA,,Retain - J. Ross Dyer,2560
Lincoln,Court of Criminal Appeals - Western Division,NA,,Retain - John Everett Williams,2587
Lincoln,Court of Criminal Appeals - Western Division,NA,,"Retain - John W. Campbell, Sr.",2566
Lincoln,Supreme Court,NA,,Replace - Holly Kirby,684
Lincoln,Supreme Court,NA,,Replace - Jeffrey S. Bivins,749
Lincoln,Supreme Court,NA,,Replace - Roger A. Page,666
Lincoln,Supreme Court,NA,,Replace - Sarah K. Campbell,704
Lincoln,Supreme Court,NA,,Replace - Sharon Gail Lee,673
Lincoln,Supreme Court,NA,,Retain - Holly Kirby,2699
Lincoln,Supreme Court,NA,,Retain - Jeffrey S. Bivins,2730
Lincoln,Supreme Court,NA,,Retain - Roger A. Page,2608
Lincoln,Supreme Court,NA,,Retain - Sarah K. Campbell,2727
Lincoln,Supreme Court,NA,,Retain - Sharon Gail Lee,2632
Lincoln,Governor,NA,Democratic,Carnita Faye Atwater,205
Lincoln,Governor,NA,Democratic,JB Smiley Jr.,138
Lincoln,Governor,NA,Democratic,Jason Brantley Martin,314
Lincoln,Governor,NA,Republican,Bill Lee,3782
Loudon,U.S. House,2,Democratic,Mark Harmon,1062
Loudon,U.S. House,2,Republican,Tim Burchett,5798
Loudon,State House,21,Democratic,No Candidate Qualified,0
Loudon,State House,21,Republican,Lowell Russell,4013
Loudon,State House,32,Democratic,Jan Hahn,286
Loudon,State House,32,Republican,Donnie Hall,226
Loudon,State House,32,Republican,Keaton Bowman,153
Loudon,State House,32,Republican,Monty Fritts,759
Loudon,State House,32,Republican,Randy Childs,176
Loudon,State House,32,Republican,Teresa Pesterfield Kirkham,446
Loudon,State Executive Committeeman,5,Democratic,Jack Vaughan,933
Loudon,State Executive Committeewoman,5,Democratic,Anne W. Backus,934
Loudon,State Senate,5,Democratic,No Candidate Qualified,0
Loudon,State Executive Committeeman,5,Republican,Scott Smith,1139
Loudon,State Executive Committeeman,5,Republican,Tim Hutchison,4344
Loudon,State Executive Committeewoman,5,Republican,Amy Jones,2725
Loudon,State Executive Committeewoman,5,Republican,Terry Frank,2222
Loudon,State Senate,5,Republican,Earle Segrest,1241
Loudon,State Senate,5,Republican,Randy McNally,4680
Loudon,Chancellor,9,Independent,Frank Williams,2388
Loudon,Chancellor,9,Independent,Tom McFarland,4181
Loudon,Circuit Court Judge,9,Independent,Mike Pemberton,5803
Loudon,Criminal Court Judge,9,Independent,Jeff Wicks,5515
Loudon,District Attorney General,9,Independent,Russell Johnson,6063
Loudon,Public Defender,9,Independent,Kim Nelson,5527
Loudon,Court of Appeals - Eastern Division,NA,,Replace - John W. McClarty,1383
Loudon,Court of Appeals - Eastern Division,NA,,Replace - Kristi Davis,1110
Loudon,Court of Appeals - Eastern Division,NA,,Replace - Mike Swiney,1127
Loudon,Court of Appeals - Eastern Division,NA,,"Replace - Thomas R. ""Skip"" Frierson",1137
Loudon,Court of Appeals - Eastern Division,NA,,Retain - John W. McClarty,4079
Loudon,Court of Appeals - Eastern Division,NA,,Retain - Kristi Davis,4439
Loudon,Court of Appeals - Eastern Division,NA,,Retain - Mike Swiney,4354
Loudon,Court of Appeals - Eastern Division,NA,,"Retain - Thomas R. ""Skip"" Frierson",4350
Loudon,Court of Appeals - Middle Division,NA,,Replace - Andy D. Bennett,1309
Loudon,Court of Appeals - Middle Division,NA,,Replace - Frank Clement,1366
Loudon,Court of Appeals - Middle Division,NA,,Replace - Neal McBrayer,1128
Loudon,Court of Appeals - Middle Division,NA,,Retain - Andy D. Bennett,4066
Loudon,Court of Appeals - Middle Division,NA,,Retain - Frank Clement,4086
Loudon,Court of Appeals - Middle Division,NA,,Retain - Neal McBrayer,4172
Loudon,Court of Appeals - Western Division,NA,,Replace - Arnold B. Goldin,1152
Loudon,Court of Appeals - Western Division,NA,,Replace - Carma Dennis McGee,1103
Loudon,Court of Appeals - Western Division,NA,,Replace - Kenny W. Armstrong,1126
Loudon,Court of Appeals - Western Division,NA,,Replace - Steve Stafford,1305
Loudon,Court of Appeals - Western Division,NA,,Retain - Arnold B. Goldin,4101
Loudon,Court of Appeals - Western Division,NA,,Retain - Carma Dennis McGee,4145
Loudon,Court of Appeals - Western Division,NA,,Retain - Kenny W. Armstrong,4149
Loudon,Court of Appeals - Western Division,NA,,Retain - Steve Stafford,3937
Loudon,Court of Criminal Appeals - Eastern Division,NA,,"Replace - James C. Witt, Jr.",1046
Loudon,Court of Criminal Appeals - Eastern Division,NA,,"Replace - Robert H. Montgomery, Jr.",1015
Loudon,Court of Criminal Appeals - Eastern Division,NA,,"Retain - James C. Witt, Jr.",4238
Loudon,Court of Criminal Appeals - Eastern Division,NA,,"Retain - Robert H. Montgomery, Jr.",4256
Loudon,Court of Criminal Appeals - Middle Division,NA,,Replace - Jill Bartee Ayers,1048
Loudon,Court of Criminal Appeals - Middle Division,NA,,"Replace - Robert L. Holloway, Jr.",1131
Loudon,Court of Criminal Appeals - Middle Division,NA,,Replace - Robert W. Wedemeyer,1096
Loudon,Court of Criminal Appeals - Middle Division,NA,,Replace - Timothy L. Easter,1046
Loudon,Court of Criminal Appeals - Middle Division,NA,,Retain - Jill Bartee Ayers,4159
Loudon,Court of Criminal Appeals - Middle Division,NA,,"Retain - Robert L. Holloway, Jr.",4040
Loudon,Court of Criminal Appeals - Middle Division,NA,,Retain - Robert W. Wedemeyer,4027
Loudon,Court of Criminal Appeals - Middle Division,NA,,Retain - Timothy L. Easter,4143
Loudon,Court of Criminal Appeals - Western Division,NA,,Replace - Camille McMullen,1266
Loudon,Court of Criminal Appeals - Western Division,NA,,Replace - J. Ross Dyer,1055
Loudon,Court of Criminal Appeals - Western Division,NA,,Replace - John Everett Williams,1045
Loudon,Court of Criminal Appeals - Western Division,NA,,"Replace - John W. Campbell, Sr.",1037
Loudon,Court of Criminal Appeals - Western Division,NA,,Retain - Camille McMullen,3897
Loudon,Court of Criminal Appeals - Western Division,NA,,Retain - J. Ross Dyer,4049
Loudon,Court of Criminal Appeals - Western Division,NA,,Retain - John Everett Williams,4065
Loudon,Court of Criminal Appeals - Western Division,NA,,"Retain - John W. Campbell, Sr.",4097
Loudon,Supreme Court,NA,,Replace - Holly Kirby,1179
Loudon,Supreme Court,NA,,Replace - Jeffrey S. Bivins,1294
Loudon,Supreme Court,NA,,Replace - Roger A. Page,1193
Loudon,Supreme Court,NA,,Replace - Sarah K. Campbell,1206
Loudon,Supreme Court,NA,,Replace - Sharon Gail Lee,1439
Loudon,Supreme Court,NA,,Retain - Holly Kirby,4453
Loudon,Supreme Court,NA,,Retain - Jeffrey S. Bivins,4550
Loudon,Supreme Court,NA,,Retain - Roger A. Page,4347
Loudon,Supreme Court,NA,,Retain - Sarah K. Campbell,4555
Loudon,Supreme Court,NA,,Retain - Sharon Gail Lee,4231
Loudon,Governor,NA,Democratic,Carnita Faye Atwater,255
Loudon,Governor,NA,Democratic,JB Smiley Jr.,243
Loudon,Governor,NA,Democratic,Jason Brantley Martin,590
Loudon,Governor,NA,Republican,Bill Lee,5618
Macon,State Executive Committeeman,12,Democratic,No Candidate Qualified,0
Macon,State Executive Committeewoman,12,Democratic,No Candidate Qualified,0
Macon,State Executive Committeeman,12,Republican,Ben Gann,2266
Macon,State Executive Committeewoman,12,Republican,"Elizabeth ""Liz"" Holiway",2280
Macon,Chancellor,15,Republican,C K Smith,3769
Macon,Circuit Court Judge Division I,15,Republican,Clara Byrd,3542
Macon,Circuit Court Judge Division II,15,Republican,Michael Collins,3482
Macon,Criminal Court Judge,15,Republican,Brody Kane,3613
Macon,District Attorney General,15,Republican,Jason Lawson,3490
Macon,Public Defender,15,Republican,Shelley Thompson Gardner,3178
Macon,State House,38,Democratic,No Candidate Qualified,0
Macon,State House,38,Republican,Kelly T Keisling,2966
Macon,U.S. House,6,Democratic,Clay Faircloth,51
Macon,U.S. House,6,Democratic,Randal Cooper,214
Macon,U.S. House,6,Republican,John Rose,2850
Macon,Court of Appeals - Eastern Division,NA,,Replace - John W. McClarty,723
Macon,Court of Appeals - Eastern Division,NA,,Replace - Kristi Davis,698
Macon,Court of Appeals - Eastern Division,NA,,Replace - Mike Swiney,683
Macon,Court of Appeals - Eastern Division,NA,,"Replace - Thomas R. ""Skip"" Frierson",699
Macon,Court of Appeals - Eastern Division,NA,,Retain - John W. McClarty,2217
Macon,Court of Appeals - Eastern Division,NA,,Retain - Kristi Davis,2243
Macon,Court of Appeals - Eastern Division,NA,,Retain - Mike Swiney,2219
Macon,Court of Appeals - Eastern Division,NA,,"Retain - Thomas R. ""Skip"" Frierson",2246
Macon,Court of Appeals - Middle Division,NA,,Replace - Andy D. Bennett,683
Macon,Court of Appeals - Middle Division,NA,,Replace - Frank Clement,723
Macon,Court of Appeals - Middle Division,NA,,Replace - Neal McBrayer,686
Macon,Court of Appeals - Middle Division,NA,,Retain - Andy D. Bennett,2219
Macon,Court of Appeals - Middle Division,NA,,Retain - Frank Clement,2250
Macon,Court of Appeals - Middle Division,NA,,Retain - Neal McBrayer,2216
Macon,Court of Appeals - Western Division,NA,,Replace - Arnold B. Goldin,683
Macon,Court of Appeals - Western Division,NA,,Replace - Carma Dennis McGee,682
Macon,Court of Appeals - Western Division,NA,,Replace - Kenny W. Armstrong,663
Macon,Court of Appeals - Western Division,NA,,Replace - Steve Stafford,689
Macon,Court of Appeals - Western Division,NA,,Retain - Arnold B. Goldin,2168
Macon,Court of Appeals - Western Division,NA,,Retain - Carma Dennis McGee,2178
Macon,Court of Appeals - Western Division,NA,,Retain - Kenny W. Armstrong,2202
Macon,Court of Appeals - Western Division,NA,,Retain - Steve Stafford,2189
Macon,Court of Criminal Appeals - Eastern Division,NA,,"Replace - James C. Witt, Jr.",655
Macon,Court of Criminal Appeals - Eastern Division,NA,,"Replace - Robert H. Montgomery, Jr.",649
Macon,Court of Criminal Appeals - Eastern Division,NA,,"Retain - James C. Witt, Jr.",2180
Macon,Court of Criminal Appeals - Eastern Division,NA,,"Retain - Robert H. Montgomery, Jr.",2190
Macon,Court of Criminal Appeals - Middle Division,NA,,Replace - Jill Bartee Ayers,681
Macon,Court of Criminal Appeals - Middle Division,NA,,"Replace - Robert L. Holloway, Jr.",651
Macon,Court of Criminal Appeals - Middle Division,NA,,Replace - Robert W. Wedemeyer,681
Macon,Court of Criminal Appeals - Middle Division,NA,,Replace - Timothy L. Easter,660
Macon,Court of Criminal Appeals - Middle Division,NA,,Retain - Jill Bartee Ayers,2164
Macon,Court of Criminal Appeals - Middle Division,NA,,"Retain - Robert L. Holloway, Jr.",2179
Macon,Court of Criminal Appeals - Middle Division,NA,,Retain - Robert W. Wedemeyer,2137
Macon,Court of Criminal Appeals - Middle Division,NA,,Retain - Timothy L. Easter,2193
Macon,Court of Criminal Appeals - Western Division,NA,,Replace - Camille McMullen,702
Macon,Court of Criminal Appeals - Western Division,NA,,Replace - J. Ross Dyer,651
Macon,Court of Criminal Appeals - Western Division,NA,,Replace - John Everett Williams,670
Macon,Court of Criminal Appeals - Western Division,NA,,"Replace - John W. Campbell, Sr.",644
Macon,Court of Criminal Appeals - Western Division,NA,,Retain - Camille McMullen,2151
Macon,Court of Criminal Appeals - Western Division,NA,,Retain - J. Ross Dyer,2181
Macon,Court of Criminal Appeals - Western Division,NA,,Retain - John Everett Williams,2198
Macon,Court of Criminal Appeals - Western Division,NA,,"Retain - John W. Campbell, Sr.",2185
Macon,Supreme Court,NA,,Replace - Holly Kirby,716
Macon,Supreme Court,NA,,Replace - Jeffrey S. Bivins,758
Macon,Supreme Court,NA,,Replace - Roger A. Page,706
Macon,Supreme Court,NA,,Replace - Sarah K. Campbell,745
Macon,Supreme Court,NA,,Replace - Sharon Gail Lee,756
Macon,Supreme Court,NA,,Retain - Holly Kirby,2331
Macon,Supreme Court,NA,,Retain - Jeffrey S. Bivins,2320
Macon,Supreme Court,NA,,Retain - Roger A. Page,2256
Macon,Supreme Court,NA,,Retain - Sarah K. Campbell,2289
Macon,Supreme Court,NA,,Retain - Sharon Gail Lee,2279
Macon,Governor,NA,Democratic,Carnita Faye Atwater,70
Macon,Governor,NA,Democratic,JB Smiley Jr.,45
Macon,Governor,NA,Democratic,Jason Brantley Martin,166
Macon,Governor,NA,Republican,Bill Lee,3027
Madison,State Executive Committeeman,25,Democratic,Ernest Brooks II,3971
Madison,State Executive Committeewoman,25,Democratic,Patsy Garey Johnson,3053
Madison,State Senate,25,Democratic,No Candidate Qualified,0
Madison,State Executive Committeeman,25,Republican,Jimmy Harris,6675
Madison,State Executive Committeeman,25,Republican,Steve Yahnke,624
Madison,State Executive Committeewoman,25,Republican,Shannon Haynes,6169
Madison,State Senate,25,Republican,Ed Jackson,7259
Madison,Chancellor,26,Republican,Steven W. Maroney,8861
Madison,Circuit Court Judge Division I,26,Republican,Joseph T. Howell,8600
Madison,Circuit Court Judge Division II,26,Republican,Donald H. (Don) Allen,9356
Madison,Circuit Court Judge Division III,26,Republican,Kyle Atkins,9138
Madison,District Attorney General,26,Republican,Jody Pickens,9171
Madison,Public Defender,26,Republican,Jeremy Brent Epperson,8520
Madison,State House,73,Democratic,Erica Nicole Coleman,1995
Madison,State House,73,Republican,Chris Todd,6467
Madison,U.S. House,8,Democratic,Lynnette P. Williams,2549
Madison,U.S. House,8,Democratic,Tim McDonald,1137
Madison,U.S. House,8,Republican,Bob Hendry,614
Madison,U.S. House,8,Republican,Danny Ray Bridger Jr,450
Madison,U.S. House,8,Republican,David Kustoff,6326
Madison,U.S. House,8,Republican,Gary Dean Clouse,244
Madison,State House,80,Democratic,Johnny W. Shaw,1780
Madison,State House,80,Republican,No Candidate Qualified,0
Madison,Court of Appeals - Eastern Division,NA,,Replace - John W. McClarty,2020
Madison,Court of Appeals - Eastern Division,NA,,Replace - Kristi Davis,1846
Madison,Court of Appeals - Eastern Division,NA,,Replace - Mike Swiney,2008
Madison,Court of Appeals - Eastern Division,NA,,"Replace - Thomas R. ""Skip"" Frierson",1984
Madison,Court of Appeals - Eastern Division,NA,,Retain - John W. McClarty,6489
Madison,Court of Appeals - Eastern Division,NA,,Retain - Kristi Davis,6834
Madison,Court of Appeals - Eastern Division,NA,,Retain - Mike Swiney,6457
Madison,Court of Appeals - Eastern Division,NA,,"Retain - Thomas R. ""Skip"" Frierson",6519
Madison,Court of Appeals - Middle Division,NA,,Replace - Andy D. Bennett,1986
Madison,Court of Appeals - Middle Division,NA,,Replace - Frank Clement,2031
Madison,Court of Appeals - Middle Division,NA,,Replace - Neal McBrayer,1955
Madison,Court of Appeals - Middle Division,NA,,Retain - Andy D. Bennett,6448
Madison,Court of Appeals - Middle Division,NA,,Retain - Frank Clement,6592
Madison,Court of Appeals - Middle Division,NA,,Retain - Neal McBrayer,6363
Madison,Court of Appeals - Western Division,NA,,Replace - Arnold B. Goldin,1947
Madison,Court of Appeals - Western Division,NA,,Replace - Carma Dennis McGee,1822
Madison,Court of Appeals - Western Division,NA,,Replace - Kenny W. Armstrong,1908
Madison,Court of Appeals - Western Division,NA,,Replace - Steve Stafford,1907
Madison,Court of Appeals - Western Division,NA,,Retain - Arnold B. Goldin,6376
Madison,Court of Appeals - Western Division,NA,,Retain - Carma Dennis McGee,6554
Madison,Court of Appeals - Western Division,NA,,Retain - Kenny W. Armstrong,6448
Madison,Court of Appeals - Western Division,NA,,Retain - Steve Stafford,6433
Madison,Court of Criminal Appeals - Eastern Division,NA,,"Replace - James C. Witt, Jr.",1912
Madison,Court of Criminal Appeals - Eastern Division,NA,,"Replace - Robert H. Montgomery, Jr.",1873
Madison,Court of Criminal Appeals - Eastern Division,NA,,"Retain - James C. Witt, Jr.",6378
Madison,Court of Criminal Appeals - Eastern Division,NA,,"Retain - Robert H. Montgomery, Jr.",6411
Madison,Court of Criminal Appeals - Middle Division,NA,,Replace - Jill Bartee Ayers,1844
Madison,Court of Criminal Appeals - Middle Division,NA,,"Replace - Robert L. Holloway, Jr.",1845
Madison,Court of Criminal Appeals - Middle Division,NA,,Replace - Robert W. Wedemeyer,1941
Madison,Court of Criminal Appeals - Middle Division,NA,,Replace - Timothy L. Easter,1925
Madison,Court of Criminal Appeals - Middle Division,NA,,Retain - Jill Bartee Ayers,6458
Madison,Court of Criminal Appeals - Middle Division,NA,,"Retain - Robert L. Holloway, Jr.",6484
Madison,Court of Criminal Appeals - Middle Division,NA,,Retain - Robert W. Wedemeyer,6323
Madison,Court of Criminal Appeals - Middle Division,NA,,Retain - Timothy L. Easter,6343
Madison,Court of Criminal Appeals - Western Division,NA,,Replace - Camille McMullen,1820
Madison,Court of Criminal Appeals - Western Division,NA,,Replace - J. Ross Dyer,1918
Madison,Court of Criminal Appeals - Western Division,NA,,Replace - John Everett Williams,1833
Madison,Court of Criminal Appeals - Western Division,NA,,"Replace - John W. Campbell, Sr.",1844
Madison,Court of Criminal Appeals - Western Division,NA,,Retain - Camille McMullen,6610
Madison,Court of Criminal Appeals - Western Division,NA,,Retain - J. Ross Dyer,6496
Madison,Court of Criminal Appeals - Western Division,NA,,Retain - John Everett Williams,6678
Madison,Court of Criminal Appeals - Western Division,NA,,"Retain - John W. Campbell, Sr.",6590
Madison,Supreme Court,NA,,Replace - Holly Kirby,1982
Madison,Supreme Court,NA,,Replace - Jeffrey S. Bivins,2204
Madison,Supreme Court,NA,,Replace - Roger A. Page,1851
Madison,Supreme Court,NA,,Replace - Sarah K. Campbell,2025
Madison,Supreme Court,NA,,Replace - Sharon Gail Lee,2041
Madison,Supreme Court,NA,,Retain - Holly Kirby,6819
Madison,Supreme Court,NA,,Retain - Jeffrey S. Bivins,6713
Madison,Supreme Court,NA,,Retain - Roger A. Page,7396
Madison,Supreme Court,NA,,Retain - Sarah K. Campbell,6836
Madison,Supreme Court,NA,,Retain - Sharon Gail Lee,6721
Madison,Governor,NA,Democratic,Carnita Faye Atwater,902
Madison,Governor,NA,Democratic,JB Smiley Jr.,1890
Madison,Governor,NA,Democratic,Jason Brantley Martin,1354
Madison,Governor,NA,Republican,Bill Lee,7443
Marion,State Executive Committeeman,10,Democratic,Chris Anderson,804
Marion,State Executive Committeewoman,10,Democratic,Raquetta D. Dotley,770
Marion,State Executive Committeeman,10,Republican,Kenneth J (Ken) Meyer,1943
Marion,State Executive Committeewoman,10,Republican,Emily Goldberg,1327
Marion,State Executive Committeewoman,10,Republican,Suzanne Schoolfield Sapp,569
Marion,District Attorney General,12,Independent,Mike Taylor,1164
Marion,Public Defender,12,Independent,Jeff Harmon,1471
Marion,Chancellor,12,Republican,Missy Thomas Willis,2960
Marion,Circuit Court Judge Part I,12,Republican,Bradley Sherman,2706
Marion,Circuit Court Judge Part II,12,Republican,"John ""Cam"" Cameron",2998
Marion,Circuit Court Judge Part III,12,Republican,Justin C. Angel,2724
Marion,District Attorney General,12,Republican,Courtney Lynch,2293
Marion,Public Defender,12,Republican,Ted Engel,1901
Marion,State House,39,Democratic,Bruce Manuel,801
Marion,State House,39,Republican,Iris Rudder,2024
Marion,U.S. House,4,Democratic,Arnold J. White,250
Marion,U.S. House,4,Democratic,Wayne Steele,577
Marion,U.S. House,4,Republican,Scott DesJarlais,2215
Marion,Court of Appeals - Eastern Division,NA,,Replace - John W. McClarty,645
Marion,Court of Appeals - Eastern Division,NA,,Replace - Kristi Davis,618
Marion,Court of Appeals - Eastern Division,NA,,Replace - Mike Swiney,645
Marion,Court of Appeals - Eastern Division,NA,,"Replace - Thomas R. ""Skip"" Frierson",642
Marion,Court of Appeals - Eastern Division,NA,,Retain - John W. McClarty,1784
Marion,Court of Appeals - Eastern Division,NA,,Retain - Kristi Davis,1879
Marion,Court of Appeals - Eastern Division,NA,,Retain - Mike Swiney,1783
Marion,Court of Appeals - Eastern Division,NA,,"Retain - Thomas R. ""Skip"" Frierson",1819
Marion,Court of Appeals - Middle Division,NA,,Replace - Andy D. Bennett,611
Marion,Court of Appeals - Middle Division,NA,,Replace - Frank Clement,629
Marion,Court of Appeals - Middle Division,NA,,Replace - Neal McBrayer,632
Marion,Court of Appeals - Middle Division,NA,,Retain - Andy D. Bennett,1798
Marion,Court of Appeals - Middle Division,NA,,Retain - Frank Clement,1840
Marion,Court of Appeals - Middle Division,NA,,Retain - Neal McBrayer,1732
Marion,Court of Appeals - Western Division,NA,,Replace - Arnold B. Goldin,626
Marion,Court of Appeals - Western Division,NA,,Replace - Carma Dennis McGee,612
Marion,Court of Appeals - Western Division,NA,,Replace - Kenny W. Armstrong,624
Marion,Court of Appeals - Western Division,NA,,Replace - Steve Stafford,626
Marion,Court of Appeals - Western Division,NA,,Retain - Arnold B. Goldin,1699
Marion,Court of Appeals - Western Division,NA,,Retain - Carma Dennis McGee,1694
Marion,Court of Appeals - Western Division,NA,,Retain - Kenny W. Armstrong,1722
Marion,Court of Appeals - Western Division,NA,,Retain - Steve Stafford,1716
Marion,Court of Criminal Appeals - Eastern Division,NA,,"Replace - James C. Witt, Jr.",619
Marion,Court of Criminal Appeals - Eastern Division,NA,,"Replace - Robert H. Montgomery, Jr.",613
Marion,Court of Criminal Appeals - Eastern Division,NA,,"Retain - James C. Witt, Jr.",1702
Marion,Court of Criminal Appeals - Eastern Division,NA,,"Retain - Robert H. Montgomery, Jr.",1708
Marion,Court of Criminal Appeals - Middle Division,NA,,Replace - Jill Bartee Ayers,612
Marion,Court of Criminal Appeals - Middle Division,NA,,"Replace - Robert L. Holloway, Jr.",609
Marion,Court of Criminal Appeals - Middle Division,NA,,Replace - Robert W. Wedemeyer,625
Marion,Court of Criminal Appeals - Middle Division,NA,,Replace - Timothy L. Easter,624
Marion,Court of Criminal Appeals - Middle Division,NA,,Retain - Jill Bartee Ayers,1690
Marion,Court of Criminal Appeals - Middle Division,NA,,"Retain - Robert L. Holloway, Jr.",1703
Marion,Court of Criminal Appeals - Middle Division,NA,,Retain - Robert W. Wedemeyer,1635
Marion,Court of Criminal Appeals - Middle Division,NA,,Retain - Timothy L. Easter,1657
Marion,Court of Criminal Appeals - Western Division,NA,,Replace - Camille McMullen,613
Marion,Court of Criminal Appeals - Western Division,NA,,Replace - J. Ross Dyer,616
Marion,Court of Criminal Appeals - Western Division,NA,,Replace - John Everett Williams,587
Marion,Court of Criminal Appeals - Western Division,NA,,"Replace - John W. Campbell, Sr.",597
Marion,Court of Criminal Appeals - Western Division,NA,,Retain - Camille McMullen,1639
Marion,Court of Criminal Appeals - Western Division,NA,,Retain - J. Ross Dyer,1644
Marion,Court of Criminal Appeals - Western Division,NA,,Retain - John Everett Williams,1657
Marion,Court of Criminal Appeals - Western Division,NA,,"Retain - John W. Campbell, Sr.",1665
Marion,Supreme Court,NA,,Replace - Holly Kirby,686
Marion,Supreme Court,NA,,Replace - Jeffrey S. Bivins,730
Marion,Supreme Court,NA,,Replace - Roger A. Page,685
Marion,Supreme Court,NA,,Replace - Sarah K. Campbell,683
Marion,Supreme Court,NA,,Replace - Sharon Gail Lee,692
Marion,Supreme Court,NA,,Retain - Holly Kirby,1874
Marion,Supreme Court,NA,,Retain - Jeffrey S. Bivins,1929
Marion,Supreme Court,NA,,Retain - Roger A. Page,1828
Marion,Supreme Court,NA,,Retain - Sarah K. Campbell,1915
Marion,Supreme Court,NA,,Retain - Sharon Gail Lee,1874
Marion,Governor,NA,Democratic,Carnita Faye Atwater,167
Marion,Governor,NA,Democratic,JB Smiley Jr.,228
Marion,Governor,NA,Democratic,Jason Brantley Martin,474
Marion,Governor,NA,Republican,Bill Lee,2230
Marshall,Chancellor,17,Independent,J. B. Cox,3892
Marshall,Circuit Court Judge Part I,17,Independent,Forest A Durard Jr,3851
Marshall,Circuit Court Judge Part II,17,Independent,Wyatt Burk,3808
Marshall,District Attorney General,17,Independent,Robert J. Carter,3774
Marshall,Public Defender,17,Independent,Donna Orr Hargrove,4423
Marshall,State Executive Committeeman,28,Democratic,Gregory D. Hanners,198
Marshall,State Executive Committeeman,28,Democratic,Seth James Campbell,668
Marshall,State Executive Committeewoman,28,Democratic,Vicki S. Hale,872
Marshall,State Executive Committeeman,28,Republican,No Candidate Qualified,0
Marshall,State Executive Committeewoman,28,Republican,Angie McClanahan,2200
Marshall,State Executive Committeewoman,28,Republican,Julie Quan,1007
Marshall,U.S. House,5,Democratic,Heidi Campbell,846
Marshall,U.S. House,5,Republican,Andy Ogles,1550
Marshall,U.S. House,5,Republican,Beth Harwell,789
Marshall,U.S. House,5,Republican,Geni Batchelor,50
Marshall,U.S. House,5,Republican,Jeff Beierlein,212
Marshall,U.S. House,5,Republican,Kurt Winstead,1061
Marshall,U.S. House,5,Republican,Natisha Brooks,393
Marshall,U.S. House,5,Republican,Stewart T. Parks,61
Marshall,U.S. House,5,Republican,Timothy Bruce Lee,78
Marshall,U.S. House,5,Republican,Tres Wittum,28
Marshall,U.S. House,5,Republican,Write-In - Robby Starbuck Newsom,65
Marshall,State House,92,Democratic,Angela Hughes,871
Marshall,State House,92,Republican,Jeff Ford,880
Marshall,State House,92,Republican,Matt Fitterer,510
Marshall,State House,92,Republican,Todd Warner,2968
Marshall,Court of Appeals - Eastern Division,NA,,Replace - John W. McClarty,1040
Marshall,Court of Appeals - Eastern Division,NA,,Replace - Kristi Davis,989
Marshall,Court of Appeals - Eastern Division,NA,,Replace - Mike Swiney,996
Marshall,Court of Appeals - Eastern Division,NA,,"Replace - Thomas R. ""Skip"" Frierson",1000
Marshall,Court of Appeals - Eastern Division,NA,,Retain - John W. McClarty,2977
Marshall,Court of Appeals - Eastern Division,NA,,Retain - Kristi Davis,3029
Marshall,Court of Appeals - Eastern Division,NA,,Retain - Mike Swiney,3000
Marshall,Court of Appeals - Eastern Division,NA,,"Retain - Thomas R. ""Skip"" Frierson",3008
Marshall,Court of Appeals - Middle Division,NA,,Replace - Andy D. Bennett,1015
Marshall,Court of Appeals - Middle Division,NA,,Replace - Frank Clement,1067
Marshall,Court of Appeals - Middle Division,NA,,Replace - Neal McBrayer,1022
Marshall,Court of Appeals - Middle Division,NA,,Retain - Andy D. Bennett,2954
Marshall,Court of Appeals - Middle Division,NA,,Retain - Frank Clement,2966
Marshall,Court of Appeals - Middle Division,NA,,Retain - Neal McBrayer,2947
Marshall,Court of Appeals - Western Division,NA,,Replace - Arnold B. Goldin,990
Marshall,Court of Appeals - Western Division,NA,,Replace - Carma Dennis McGee,980
Marshall,Court of Appeals - Western Division,NA,,Replace - Kenny W. Armstrong,965
Marshall,Court of Appeals - Western Division,NA,,Replace - Steve Stafford,1018
Marshall,Court of Appeals - Western Division,NA,,Retain - Arnold B. Goldin,2911
Marshall,Court of Appeals - Western Division,NA,,Retain - Carma Dennis McGee,2928
Marshall,Court of Appeals - Western Division,NA,,Retain - Kenny W. Armstrong,2933
Marshall,Court of Appeals - Western Division,NA,,Retain - Steve Stafford,2889
Marshall,Court of Criminal Appeals - Eastern Division,NA,,"Replace - James C. Witt, Jr.",960
Marshall,Court of Criminal Appeals - Eastern Division,NA,,"Replace - Robert H. Montgomery, Jr.",958
Marshall,Court of Criminal Appeals - Eastern Division,NA,,"Retain - James C. Witt, Jr.",2946
Marshall,Court of Criminal Appeals - Eastern Division,NA,,"Retain - Robert H. Montgomery, Jr.",2956
Marshall,Court of Criminal Appeals - Middle Division,NA,,Replace - Jill Bartee Ayers,964
Marshall,Court of Criminal Appeals - Middle Division,NA,,"Replace - Robert L. Holloway, Jr.",956
Marshall,Court of Criminal Appeals - Middle Division,NA,,Replace - Robert W. Wedemeyer,976
Marshall,Court of Criminal Appeals - Middle Division,NA,,Replace - Timothy L. Easter,973
Marshall,Court of Criminal Appeals - Middle Division,NA,,Retain - Jill Bartee Ayers,2947
Marshall,Court of Criminal Appeals - Middle Division,NA,,"Retain - Robert L. Holloway, Jr.",2957
Marshall,Court of Criminal Appeals - Middle Division,NA,,Retain - Robert W. Wedemeyer,2908
Marshall,Court of Criminal Appeals - Middle Division,NA,,Retain - Timothy L. Easter,2954
Marshall,Court of Criminal Appeals - Western Division,NA,,Replace - Camille McMullen,1009
Marshall,Court of Criminal Appeals - Western Division,NA,,Replace - J. Ross Dyer,962
Marshall,Court of Criminal Appeals - Western Division,NA,,Replace - John Everett Williams,959
Marshall,Court of Criminal Appeals - Western Division,NA,,"Replace - John W. Campbell, Sr.",968
Marshall,Court of Criminal Appeals - Western Division,NA,,Retain - Camille McMullen,2904
Marshall,Court of Criminal Appeals - Western Division,NA,,Retain - J. Ross Dyer,2932
Marshall,Court of Criminal Appeals - Western Division,NA,,Retain - John Everett Williams,2961
Marshall,Court of Criminal Appeals - Western Division,NA,,"Retain - John W. Campbell, Sr.",2915
Marshall,Supreme Court,NA,,Replace - Holly Kirby,1029
Marshall,Supreme Court,NA,,Replace - Jeffrey S. Bivins,1075
Marshall,Supreme Court,NA,,Replace - Roger A. Page,1042
Marshall,Supreme Court,NA,,Replace - Sarah K. Campbell,1045
Marshall,Supreme Court,NA,,Replace - Sharon Gail Lee,1100
Marshall,Supreme Court,NA,,Retain - Holly Kirby,3104
Marshall,Supreme Court,NA,,Retain - Jeffrey S. Bivins,3132
Marshall,Supreme Court,NA,,Retain - Roger A. Page,2996
Marshall,Supreme Court,NA,,Retain - Sarah K. Campbell,3142
Marshall,Supreme Court,NA,,Retain - Sharon Gail Lee,3045
Marshall,Governor,NA,Democratic,Carnita Faye Atwater,284
Marshall,Governor,NA,Democratic,JB Smiley Jr.,199
Marshall,Governor,NA,Democratic,Jason Brantley Martin,445
Marshall,Governor,NA,Republican,Bill Lee,3866
Maury,Circuit Court Judge Part III,22,Independent,Lee Brooks,4767
Maury,Circuit Court Judge Part IV,22,Independent,Sammy Patterson,2950
Maury,Circuit Court Judge Part IV,22,Independent,Stacie Odeneal,1743
Maury,Circuit Court Judge Part I,22,Republican,David L. Allen,12251
Maury,Circuit Court Judge Part II,22,Republican,John Russell (Russ) Parkes,12391
Maury,Circuit Court Judge Part III,22,Republican,Christopher V. (Chris) Sockwell,9576
Maury,Circuit Court Judge Part IV,22,Republican,Caleb Bayless,10027
Maury,District Attorney General,22,Republican,Brent Cooper,12447
Maury,Public Defender,22,Republican,Travis Jones,12167
Maury,State Executive Committeeman,28,Democratic,Gregory D. Hanners,746
Maury,State Executive Committeeman,28,Democratic,Seth James Campbell,1807
Maury,State Executive Committeewoman,28,Democratic,Vicki S. Hale,2443
Maury,State Executive Committeeman,28,Republican,No Candidate Qualified,0
Maury,State Executive Committeewoman,28,Republican,Angie McClanahan,7548
Maury,State Executive Committeewoman,28,Republican,Julie Quan,2086
Maury,U.S. House,5,,Write-In - Robby Starbuck Newsom,245
Maury,U.S. House,5,Democratic,Heidi Campbell,2582
Maury,U.S. House,5,Republican,Andy Ogles,6584
Maury,U.S. House,5,Republican,Beth Harwell,2344
Maury,U.S. House,5,Republican,Geni Batchelor,119
Maury,U.S. House,5,Republican,Jeff Beierlein,614
Maury,U.S. House,5,Republican,Kurt Winstead,2287
Maury,U.S. House,5,Republican,Natisha Brooks,315
Maury,U.S. House,5,Republican,Stewart T. Parks,89
Maury,U.S. House,5,Republican,Timothy Bruce Lee,146
Maury,U.S. House,5,Republican,Tres Wittum,58
Maury,State House,64,Democratic,Jameson Manor,1877
Maury,State House,64,Republican,Jason Gilliam,3953
Maury,State House,64,Republican,Scott E. Cepicky,4750
Maury,State House,71,Democratic,David P. Carson II,631
Maury,State House,71,Republican,Bill White,1034
Maury,State House,71,Republican,Jason F. Rich,606
Maury,State House,71,Republican,Kip Capley,1567
Maury,State House,71,Republican,Mitchell Skelton,348
Maury,Court of Appeals - Eastern Division,NA,,Replace - John W. McClarty,3088
Maury,Court of Appeals - Eastern Division,NA,,Replace - Kristi Davis,2546
Maury,Court of Appeals - Eastern Division,NA,,Replace - Mike Swiney,2647
Maury,Court of Appeals - Eastern Division,NA,,"Replace - Thomas R. ""Skip"" Frierson",2591
Maury,Court of Appeals - Eastern Division,NA,,Retain - John W. McClarty,8747
Maury,Court of Appeals - Eastern Division,NA,,Retain - Kristi Davis,9404
Maury,Court of Appeals - Eastern Division,NA,,Retain - Mike Swiney,9195
Maury,Court of Appeals - Eastern Division,NA,,"Retain - Thomas R. ""Skip"" Frierson",9290
Maury,Court of Appeals - Middle Division,NA,,Replace - Andy D. Bennett,2987
Maury,Court of Appeals - Middle Division,NA,,Replace - Frank Clement,3183
Maury,Court of Appeals - Middle Division,NA,,Replace - Neal McBrayer,2616
Maury,Court of Appeals - Middle Division,NA,,Retain - Andy D. Bennett,8860
Maury,Court of Appeals - Middle Division,NA,,Retain - Frank Clement,8860
Maury,Court of Appeals - Middle Division,NA,,Retain - Neal McBrayer,9139
Maury,Court of Appeals - Western Division,NA,,Replace - Arnold B. Goldin,2622
Maury,Court of Appeals - Western Division,NA,,Replace - Carma Dennis McGee,2633
Maury,Court of Appeals - Western Division,NA,,Replace - Kenny W. Armstrong,2550
Maury,Court of Appeals - Western Division,NA,,Replace - Steve Stafford,3004
Maury,Court of Appeals - Western Division,NA,,Retain - Arnold B. Goldin,9083
Maury,Court of Appeals - Western Division,NA,,Retain - Carma Dennis McGee,9099
Maury,Court of Appeals - Western Division,NA,,Retain - Kenny W. Armstrong,9197
Maury,Court of Appeals - Western Division,NA,,Retain - Steve Stafford,8719
Maury,Court of Criminal Appeals - Eastern Division,NA,,"Replace - James C. Witt, Jr.",2552
Maury,Court of Criminal Appeals - Eastern Division,NA,,"Replace - Robert H. Montgomery, Jr.",2604
Maury,Court of Criminal Appeals - Eastern Division,NA,,"Retain - James C. Witt, Jr.",9126
Maury,Court of Criminal Appeals - Eastern Division,NA,,"Retain - Robert H. Montgomery, Jr.",9101
Maury,Court of Criminal Appeals - Middle Division,NA,,Replace - Jill Bartee Ayers,2506
Maury,Court of Criminal Appeals - Middle Division,NA,,"Replace - Robert L. Holloway, Jr.",2704
Maury,Court of Criminal Appeals - Middle Division,NA,,Replace - Robert W. Wedemeyer,2762
Maury,Court of Criminal Appeals - Middle Division,NA,,Replace - Timothy L. Easter,2526
Maury,Court of Criminal Appeals - Middle Division,NA,,Retain - Jill Bartee Ayers,9180
Maury,Court of Criminal Appeals - Middle Division,NA,,"Retain - Robert L. Holloway, Jr.",9502
Maury,Court of Criminal Appeals - Middle Division,NA,,Retain - Robert W. Wedemeyer,8908
Maury,Court of Criminal Appeals - Middle Division,NA,,Retain - Timothy L. Easter,9217
Maury,Court of Criminal Appeals - Western Division,NA,,Replace - Camille McMullen,2983
Maury,Court of Criminal Appeals - Western Division,NA,,Replace - J. Ross Dyer,2525
Maury,Court of Criminal Appeals - Western Division,NA,,Replace - John Everett Williams,2521
Maury,Court of Criminal Appeals - Western Division,NA,,"Replace - John W. Campbell, Sr.",2525
Maury,Court of Criminal Appeals - Western Division,NA,,Retain - Camille McMullen,8834
Maury,Court of Criminal Appeals - Western Division,NA,,Retain - J. Ross Dyer,9143
Maury,Court of Criminal Appeals - Western Division,NA,,Retain - John Everett Williams,9305
Maury,Court of Criminal Appeals - Western Division,NA,,"Retain - John W. Campbell, Sr.",9175
Maury,Supreme Court,NA,,Replace - Holly Kirby,2652
Maury,Supreme Court,NA,,Replace - Jeffrey S. Bivins,2858
Maury,Supreme Court,NA,,Replace - Roger A. Page,2741
Maury,Supreme Court,NA,,Replace - Sarah K. Campbell,2722
Maury,Supreme Court,NA,,Replace - Sharon Gail Lee,3294
Maury,Supreme Court,NA,,Retain - Holly Kirby,9513
Maury,Supreme Court,NA,,Retain - Jeffrey S. Bivins,9382
Maury,Supreme Court,NA,,Retain - Roger A. Page,9339
Maury,Supreme Court,NA,,Retain - Sarah K. Campbell,9482
Maury,Supreme Court,NA,,Retain - Sharon Gail Lee,8861
Maury,Governor,NA,Democratic,Carnita Faye Atwater,681
Maury,Governor,NA,Democratic,JB Smiley Jr.,597
Maury,Governor,NA,Democratic,Jason Brantley Martin,1418
Maury,Governor,NA,Republican,Bill Lee,11717
McMinn,State Executive Committeeman,1,Democratic,Jack Waggett,570
McMinn,State Executive Committeewoman,1,Democratic,Patricia Waters,615
McMinn,State Senate,1,Democratic,Patricia Waters,639
McMinn,State Executive Committeeman,1,Republican,John S. Stanbery,1899
McMinn,State Executive Committeeman,1,Republican,Mitchell Jones,1880
McMinn,State Executive Committeewoman,1,Republican,Emily G. Beaty,1308
McMinn,State Executive Committeewoman,1,Republican,Sharon B. Anderson,2442
McMinn,State Senate,1,Republican,J. Adam Lowe,2480
McMinn,State Senate,1,Republican,Mark Hall,1967
McMinn,Chancellor,10,Republican,Jerri Saunders Bryant,4474
McMinn,Circuit Court Judge Part I,10,Republican,Michael E. Jenne,4467
McMinn,Circuit Court Judge Part II,10,Republican,J. Michael Sharp,4425
McMinn,Circuit Court Judge Part III,10,Republican,Andrew Mark Freiberg,4442
McMinn,Criminal Court Judge,10,Republican,Sandra N. C. Donaghy,4474
McMinn,District Attorney General,10,Republican,Steve Crump,4412
McMinn,Public Defender,10,Republican,"Donald Leon Shahan, Jr.",4184
McMinn,State House,23,Democratic,No Candidate Qualified,0
McMinn,State House,23,Republican,Mark Cochran,4349
McMinn,U.S. House,3,Democratic,Meg Gorman,626
McMinn,U.S. House,3,Republican,Chuck Fleischmann,3561
McMinn,U.S. House,3,Republican,Sandy Casey,942
McMinn,Court of Appeals - Eastern Division,NA,,Replace - John W. McClarty,807
McMinn,Court of Appeals - Eastern Division,NA,,Replace - Kristi Davis,740
McMinn,Court of Appeals - Eastern Division,NA,,Replace - Mike Swiney,778
McMinn,Court of Appeals - Eastern Division,NA,,"Replace - Thomas R. ""Skip"" Frierson",781
McMinn,Court of Appeals - Eastern Division,NA,,Retain - John W. McClarty,3048
McMinn,Court of Appeals - Eastern Division,NA,,Retain - Kristi Davis,3174
McMinn,Court of Appeals - Eastern Division,NA,,Retain - Mike Swiney,3040
McMinn,Court of Appeals - Eastern Division,NA,,"Retain - Thomas R. ""Skip"" Frierson",3082
McMinn,Court of Appeals - Middle Division,NA,,Replace - Andy D. Bennett,776
McMinn,Court of Appeals - Middle Division,NA,,Replace - Frank Clement,822
McMinn,Court of Appeals - Middle Division,NA,,Replace - Neal McBrayer,777
McMinn,Court of Appeals - Middle Division,NA,,Retain - Andy D. Bennett,3003
McMinn,Court of Appeals - Middle Division,NA,,Retain - Frank Clement,3014
McMinn,Court of Appeals - Middle Division,NA,,Retain - Neal McBrayer,2960
McMinn,Court of Appeals - Western Division,NA,,Replace - Arnold B. Goldin,746
McMinn,Court of Appeals - Western Division,NA,,Replace - Carma Dennis McGee,766
McMinn,Court of Appeals - Western Division,NA,,Replace - Kenny W. Armstrong,744
McMinn,Court of Appeals - Western Division,NA,,Replace - Steve Stafford,785
McMinn,Court of Appeals - Western Division,NA,,Retain - Arnold B. Goldin,2919
McMinn,Court of Appeals - Western Division,NA,,Retain - Carma Dennis McGee,2894
McMinn,Court of Appeals - Western Division,NA,,Retain - Kenny W. Armstrong,2984
McMinn,Court of Appeals - Western Division,NA,,Retain - Steve Stafford,2880
McMinn,Court of Criminal Appeals - Eastern Division,NA,,"Replace - James C. Witt, Jr.",699
McMinn,Court of Criminal Appeals - Eastern Division,NA,,"Replace - Robert H. Montgomery, Jr.",712
McMinn,Court of Criminal Appeals - Eastern Division,NA,,"Retain - James C. Witt, Jr.",3103
McMinn,Court of Criminal Appeals - Eastern Division,NA,,"Retain - Robert H. Montgomery, Jr.",2981
McMinn,Court of Criminal Appeals - Middle Division,NA,,Replace - Jill Bartee Ayers,726
McMinn,Court of Criminal Appeals - Middle Division,NA,,"Replace - Robert L. Holloway, Jr.",724
McMinn,Court of Criminal Appeals - Middle Division,NA,,Replace - Robert W. Wedemeyer,736
McMinn,Court of Criminal Appeals - Middle Division,NA,,Replace - Timothy L. Easter,714
McMinn,Court of Criminal Appeals - Middle Division,NA,,Retain - Jill Bartee Ayers,2921
McMinn,Court of Criminal Appeals - Middle Division,NA,,"Retain - Robert L. Holloway, Jr.",2893
McMinn,Court of Criminal Appeals - Middle Division,NA,,Retain - Robert W. Wedemeyer,2851
McMinn,Court of Criminal Appeals - Middle Division,NA,,Retain - Timothy L. Easter,2901
McMinn,Court of Criminal Appeals - Western Division,NA,,Replace - Camille McMullen,763
McMinn,Court of Criminal Appeals - Western Division,NA,,Replace - J. Ross Dyer,729
McMinn,Court of Criminal Appeals - Western Division,NA,,Replace - John Everett Williams,692
McMinn,Court of Criminal Appeals - Western Division,NA,,"Replace - John W. Campbell, Sr.",724
McMinn,Court of Criminal Appeals - Western Division,NA,,Retain - Camille McMullen,2798
McMinn,Court of Criminal Appeals - Western Division,NA,,Retain - J. Ross Dyer,2843
McMinn,Court of Criminal Appeals - Western Division,NA,,Retain - John Everett Williams,2862
McMinn,Court of Criminal Appeals - Western Division,NA,,"Retain - John W. Campbell, Sr.",2883
McMinn,Supreme Court,NA,,Replace - Holly Kirby,811
McMinn,Supreme Court,NA,,Replace - Jeffrey S. Bivins,890
McMinn,Supreme Court,NA,,Replace - Roger A. Page,811
McMinn,Supreme Court,NA,,Replace - Sarah K. Campbell,815
McMinn,Supreme Court,NA,,Replace - Sharon Gail Lee,855
McMinn,Supreme Court,NA,,Retain - Holly Kirby,3179
McMinn,Supreme Court,NA,,Retain - Jeffrey S. Bivins,3234
McMinn,Supreme Court,NA,,Retain - Roger A. Page,3102
McMinn,Supreme Court,NA,,Retain - Sarah K. Campbell,3215
McMinn,Supreme Court,NA,,Retain - Sharon Gail Lee,3224
McMinn,Governor,NA,Democratic,Carnita Faye Atwater,172
McMinn,Governor,NA,Democratic,JB Smiley Jr.,146
McMinn,Governor,NA,Democratic,Jason Brantley Martin,334
McMinn,Governor,NA,Republican,Bill Lee,4233
McNairy,Chancellor Part II,25,,Write-In - Angela L. Jenkins-Hines,0
McNairy,Chancellor Part I,25,Independent,"William C. ""Bill"" Cole",2421
McNairy,Circuit Court Judge Part I,25,Independent,J. Weber McCraw,2695
McNairy,Chancellor Part II,25,Republican,Kasey Culbreath,2709
McNairy,Circuit Court Judge Part II,25,Republican,Blake Neill,2806
McNairy,District Attorney General,25,Republican,Mark E. Davidson,2834
McNairy,Public Defender,25,Republican,Bo Burk,2800
McNairy,State Executive Committeeman,26,Democratic,Randall Rice,394
McNairy,State Executive Committeewoman,26,Democratic,Meryl Rice,408
McNairy,State Executive Committeeman,26,Republican,Johnny Bellis,2393
McNairy,State Executive Committeewoman,26,Republican,No Candidate Qualified,0
McNairy,U.S. House,8,Democratic,Lynnette P. Williams,224
McNairy,U.S. House,8,Democratic,Tim McDonald,218
McNairy,U.S. House,8,Republican,Bob Hendry,188
McNairy,U.S. House,8,Republican,Danny Ray Bridger Jr,271
McNairy,U.S. House,8,Republican,David Kustoff,2145
McNairy,U.S. House,8,Republican,Gary Dean Clouse,136
McNairy,State House,94,Democratic,No Candidate Qualified,0
McNairy,State House,94,Republican,Ron M. Gant,2757
McNairy,Court of Appeals - Eastern Division,NA,,Replace - John W. McClarty,709
McNairy,Court of Appeals - Eastern Division,NA,,Replace - Kristi Davis,694
McNairy,Court of Appeals - Eastern Division,NA,,Replace - Mike Swiney,686
McNairy,Court of Appeals - Eastern Division,NA,,"Replace - Thomas R. ""Skip"" Frierson",696
McNairy,Court of Appeals - Eastern Division,NA,,Retain - John W. McClarty,1726
McNairy,Court of Appeals - Eastern Division,NA,,Retain - Kristi Davis,1762
McNairy,Court of Appeals - Eastern Division,NA,,Retain - Mike Swiney,1744
McNairy,Court of Appeals - Eastern Division,NA,,"Retain - Thomas R. ""Skip"" Frierson",1744
McNairy,Court of Appeals - Middle Division,NA,,Replace - Andy D. Bennett,701
McNairy,Court of Appeals - Middle Division,NA,,Replace - Frank Clement,718
McNairy,Court of Appeals - Middle Division,NA,,Replace - Neal McBrayer,682
McNairy,Court of Appeals - Middle Division,NA,,Retain - Andy D. Bennett,1731
McNairy,Court of Appeals - Middle Division,NA,,Retain - Frank Clement,1744
McNairy,Court of Appeals - Middle Division,NA,,Retain - Neal McBrayer,1735
McNairy,Court of Appeals - Western Division,NA,,Replace - Arnold B. Goldin,686
McNairy,Court of Appeals - Western Division,NA,,Replace - Carma Dennis McGee,660
McNairy,Court of Appeals - Western Division,NA,,Replace - Kenny W. Armstrong,660
McNairy,Court of Appeals - Western Division,NA,,Replace - Steve Stafford,699
McNairy,Court of Appeals - Western Division,NA,,Retain - Arnold B. Goldin,1720
McNairy,Court of Appeals - Western Division,NA,,Retain - Carma Dennis McGee,1778
McNairy,Court of Appeals - Western Division,NA,,Retain - Kenny W. Armstrong,1754
McNairy,Court of Appeals - Western Division,NA,,Retain - Steve Stafford,1698
McNairy,Court of Criminal Appeals - Eastern Division,NA,,"Replace - James C. Witt, Jr.",677
McNairy,Court of Criminal Appeals - Eastern Division,NA,,"Replace - Robert H. Montgomery, Jr.",666
McNairy,Court of Criminal Appeals - Eastern Division,NA,,"Retain - James C. Witt, Jr.",1707
McNairy,Court of Criminal Appeals - Eastern Division,NA,,"Retain - Robert H. Montgomery, Jr.",1726
McNairy,Court of Criminal Appeals - Middle Division,NA,,Replace - Jill Bartee Ayers,668
McNairy,Court of Criminal Appeals - Middle Division,NA,,"Replace - Robert L. Holloway, Jr.",668
McNairy,Court of Criminal Appeals - Middle Division,NA,,Replace - Robert W. Wedemeyer,668
McNairy,Court of Criminal Appeals - Middle Division,NA,,Replace - Timothy L. Easter,652
McNairy,Court of Criminal Appeals - Middle Division,NA,,Retain - Jill Bartee Ayers,1723
McNairy,Court of Criminal Appeals - Middle Division,NA,,"Retain - Robert L. Holloway, Jr.",1726
McNairy,Court of Criminal Appeals - Middle Division,NA,,Retain - Robert W. Wedemeyer,1710
McNairy,Court of Criminal Appeals - Middle Division,NA,,Retain - Timothy L. Easter,1725
McNairy,Court of Criminal Appeals - Western Division,NA,,Replace - Camille McMullen,699
McNairy,Court of Criminal Appeals - Western Division,NA,,Replace - J. Ross Dyer,660
McNairy,Court of Criminal Appeals - Western Division,NA,,Replace - John Everett Williams,666
McNairy,Court of Criminal Appeals - Western Division,NA,,"Replace - John W. Campbell, Sr.",657
McNairy,Court of Criminal Appeals - Western Division,NA,,Retain - Camille McMullen,1738
McNairy,Court of Criminal Appeals - Western Division,NA,,Retain - J. Ross Dyer,1745
McNairy,Court of Criminal Appeals - Western Division,NA,,Retain - John Everett Williams,1797
McNairy,Court of Criminal Appeals - Western Division,NA,,"Retain - John W. Campbell, Sr.",1742
McNairy,Supreme Court,NA,,Replace - Holly Kirby,692
McNairy,Supreme Court,NA,,Replace - Jeffrey S. Bivins,694
McNairy,Supreme Court,NA,,Replace - Roger A. Page,686
McNairy,Supreme Court,NA,,Replace - Sarah K. Campbell,710
McNairy,Supreme Court,NA,,Replace - Sharon Gail Lee,736
McNairy,Supreme Court,NA,,Retain - Holly Kirby,1790
McNairy,Supreme Court,NA,,Retain - Jeffrey S. Bivins,1845
McNairy,Supreme Court,NA,,Retain - Roger A. Page,1795
McNairy,Supreme Court,NA,,Retain - Sarah K. Campbell,1799
McNairy,Supreme Court,NA,,Retain - Sharon Gail Lee,1740
McNairy,Governor,NA,Democratic,Carnita Faye Atwater,131
McNairy,Governor,NA,Democratic,JB Smiley Jr.,84
McNairy,Governor,NA,Democratic,Jason Brantley Martin,276
McNairy,Governor,NA,Republican,Bill Lee,2849
Meigs,State Executive Committeeman,1,Democratic,Jack Waggett,276
Meigs,State Executive Committeewoman,1,Democratic,Patricia Waters,289
Meigs,State Senate,1,Democratic,Patricia Waters,256
Meigs,State Executive Committeeman,1,Republican,John S. Stanbery,594
Meigs,State Executive Committeeman,1,Republican,Mitchell Jones,479
Meigs,State Executive Committeewoman,1,Republican,Emily G. Beaty,424
Meigs,State Executive Committeewoman,1,Republican,Sharon B. Anderson,573
Meigs,State Senate,1,Republican,J. Adam Lowe,571
Meigs,State Senate,1,Republican,Mark Hall,724
Meigs,State House,22,Democratic,No Candidate Qualified,0
Meigs,State House,22,Republican,Dan Howell,1205
Meigs,U.S. House,4,Democratic,Arnold J. White,115
Meigs,U.S. House,4,Democratic,Wayne Steele,164
Meigs,U.S. House,4,Republican,Scott DesJarlais,1132
Meigs,Chancellor,9,Independent,Frank Williams,586
Meigs,Chancellor,9,Independent,Tom McFarland,1019
Meigs,Circuit Court Judge,9,Independent,Mike Pemberton,1276
Meigs,Criminal Court Judge,9,Independent,Jeff Wicks,1152
Meigs,District Attorney General,9,Independent,Russell Johnson,1206
Meigs,Public Defender,9,Independent,Kim Nelson,1194
Meigs,Court of Appeals - Eastern Division,NA,,Replace - John W. McClarty,287
Meigs,Court of Appeals - Eastern Division,NA,,Replace - Kristi Davis,273
Meigs,Court of Appeals - Eastern Division,NA,,Replace - Mike Swiney,274
Meigs,Court of Appeals - Eastern Division,NA,,"Replace - Thomas R. ""Skip"" Frierson",285
Meigs,Court of Appeals - Eastern Division,NA,,Retain - John W. McClarty,832
Meigs,Court of Appeals - Eastern Division,NA,,Retain - Kristi Davis,851
Meigs,Court of Appeals - Eastern Division,NA,,Retain - Mike Swiney,824
Meigs,Court of Appeals - Eastern Division,NA,,"Retain - Thomas R. ""Skip"" Frierson",832
Meigs,Court of Appeals - Middle Division,NA,,Replace - Andy D. Bennett,272
Meigs,Court of Appeals - Middle Division,NA,,Replace - Frank Clement,285
Meigs,Court of Appeals - Middle Division,NA,,Replace - Neal McBrayer,280
Meigs,Court of Appeals - Middle Division,NA,,Retain - Andy D. Bennett,821
Meigs,Court of Appeals - Middle Division,NA,,Retain - Frank Clement,833
Meigs,Court of Appeals - Middle Division,NA,,Retain - Neal McBrayer,810
Meigs,Court of Appeals - Western Division,NA,,Replace - Arnold B. Goldin,276
Meigs,Court of Appeals - Western Division,NA,,Replace - Carma Dennis McGee,279
Meigs,Court of Appeals - Western Division,NA,,Replace - Kenny W. Armstrong,272
Meigs,Court of Appeals - Western Division,NA,,Replace - Steve Stafford,276
Meigs,Court of Appeals - Western Division,NA,,Retain - Arnold B. Goldin,797
Meigs,Court of Appeals - Western Division,NA,,Retain - Carma Dennis McGee,798
Meigs,Court of Appeals - Western Division,NA,,Retain - Kenny W. Armstrong,805
Meigs,Court of Appeals - Western Division,NA,,Retain - Steve Stafford,803
Meigs,Court of Criminal Appeals - Eastern Division,NA,,"Replace - James C. Witt, Jr.",274
Meigs,Court of Criminal Appeals - Eastern Division,NA,,"Replace - Robert H. Montgomery, Jr.",276
Meigs,Court of Criminal Appeals - Eastern Division,NA,,"Retain - James C. Witt, Jr.",806
Meigs,Court of Criminal Appeals - Eastern Division,NA,,"Retain - Robert H. Montgomery, Jr.",792
Meigs,Court of Criminal Appeals - Middle Division,NA,,Replace - Jill Bartee Ayers,265
Meigs,Court of Criminal Appeals - Middle Division,NA,,"Replace - Robert L. Holloway, Jr.",273
Meigs,Court of Criminal Appeals - Middle Division,NA,,Replace - Robert W. Wedemeyer,279
Meigs,Court of Criminal Appeals - Middle Division,NA,,Replace - Timothy L. Easter,267
Meigs,Court of Criminal Appeals - Middle Division,NA,,Retain - Jill Bartee Ayers,800
Meigs,Court of Criminal Appeals - Middle Division,NA,,"Retain - Robert L. Holloway, Jr.",781
Meigs,Court of Criminal Appeals - Middle Division,NA,,Retain - Robert W. Wedemeyer,775
Meigs,Court of Criminal Appeals - Middle Division,NA,,Retain - Timothy L. Easter,795
Meigs,Court of Criminal Appeals - Western Division,NA,,Replace - Camille McMullen,270
Meigs,Court of Criminal Appeals - Western Division,NA,,Replace - J. Ross Dyer,274
Meigs,Court of Criminal Appeals - Western Division,NA,,Replace - John Everett Williams,275
Meigs,Court of Criminal Appeals - Western Division,NA,,"Replace - John W. Campbell, Sr.",273
Meigs,Court of Criminal Appeals - Western Division,NA,,Retain - Camille McMullen,796
Meigs,Court of Criminal Appeals - Western Division,NA,,Retain - J. Ross Dyer,786
Meigs,Court of Criminal Appeals - Western Division,NA,,Retain - John Everett Williams,795
Meigs,Court of Criminal Appeals - Western Division,NA,,"Retain - John W. Campbell, Sr.",789
Meigs,Supreme Court,NA,,Replace - Holly Kirby,279
Meigs,Supreme Court,NA,,Replace - Jeffrey S. Bivins,297
Meigs,Supreme Court,NA,,Replace - Roger A. Page,283
Meigs,Supreme Court,NA,,Replace - Sarah K. Campbell,291
Meigs,Supreme Court,NA,,Replace - Sharon Gail Lee,284
Meigs,Supreme Court,NA,,Retain - Holly Kirby,871
Meigs,Supreme Court,NA,,Retain - Jeffrey S. Bivins,878
Meigs,Supreme Court,NA,,Retain - Roger A. Page,837
Meigs,Supreme Court,NA,,Retain - Sarah K. Campbell,870
Meigs,Supreme Court,NA,,Retain - Sharon Gail Lee,868
Meigs,Governor,NA,Democratic,Carnita Faye Atwater,78
Meigs,Governor,NA,Democratic,JB Smiley Jr.,85
Meigs,Governor,NA,Democratic,Jason Brantley Martin,152
Meigs,Governor,NA,Republican,Bill Lee,1261
Monroe,Chancellor,10,Republican,Jerri Saunders Bryant,4617
Monroe,Circuit Court Judge Part I,10,Republican,Michael E. Jenne,4616
Monroe,Circuit Court Judge Part II,10,Republican,J. Michael Sharp,4633
Monroe,Circuit Court Judge Part III,10,Republican,Andrew Mark Freiberg,4708
Monroe,Criminal Court Judge,10,Republican,Sandra N. C. Donaghy,4754
Monroe,District Attorney General,10,Republican,Steve Crump,4587
Monroe,Public Defender,10,Republican,"Donald Leon Shahan, Jr.",4363
Monroe,State Executive Committeeman,2,Democratic,J. Nathan Higdon,484
Monroe,State Executive Committeewoman,2,Democratic,Pam Weston,516
Monroe,State Executive Committeeman,2,Republican,Write-In - Mark Pulliam,0
Monroe,State Executive Committeewoman,2,Republican,Cindy Hatcher,1412
Monroe,State Executive Committeewoman,2,Republican,Julia Atchley-Pace,2394
Monroe,State House,21,Democratic,No Candidate Qualified,0
Monroe,State House,21,Republican,Lowell Russell,2777
Monroe,State House,23,Democratic,No Candidate Qualified,0
Monroe,State House,23,Republican,Mark Cochran,1466
Monroe,U.S. House,3,Democratic,Meg Gorman,548
Monroe,U.S. House,3,Republican,Chuck Fleischmann,3581
Monroe,U.S. House,3,Republican,Sandy Casey,795
Monroe,Court of Appeals - Eastern Division,NA,,Replace - John W. McClarty,894
Monroe,Court of Appeals - Eastern Division,NA,,Replace - Kristi Davis,859
Monroe,Court of Appeals - Eastern Division,NA,,Replace - Mike Swiney,867
Monroe,Court of Appeals - Eastern Division,NA,,"Replace - Thomas R. ""Skip"" Frierson",895
Monroe,Court of Appeals - Eastern Division,NA,,Retain - John W. McClarty,2917
Monroe,Court of Appeals - Eastern Division,NA,,Retain - Kristi Davis,3059
Monroe,Court of Appeals - Eastern Division,NA,,Retain - Mike Swiney,2910
Monroe,Court of Appeals - Eastern Division,NA,,"Retain - Thomas R. ""Skip"" Frierson",2936
Monroe,Court of Appeals - Middle Division,NA,,Replace - Andy D. Bennett,874
Monroe,Court of Appeals - Middle Division,NA,,Replace - Frank Clement,936
Monroe,Court of Appeals - Middle Division,NA,,Replace - Neal McBrayer,860
Monroe,Court of Appeals - Middle Division,NA,,Retain - Andy D. Bennett,2871
Monroe,Court of Appeals - Middle Division,NA,,Retain - Frank Clement,2889
Monroe,Court of Appeals - Middle Division,NA,,Retain - Neal McBrayer,2804
Monroe,Court of Appeals - Western Division,NA,,Replace - Arnold B. Goldin,893
Monroe,Court of Appeals - Western Division,NA,,Replace - Carma Dennis McGee,887
Monroe,Court of Appeals - Western Division,NA,,Replace - Kenny W. Armstrong,834
Monroe,Court of Appeals - Western Division,NA,,Replace - Steve Stafford,859
Monroe,Court of Appeals - Western Division,NA,,Retain - Arnold B. Goldin,2715
Monroe,Court of Appeals - Western Division,NA,,Retain - Carma Dennis McGee,2694
Monroe,Court of Appeals - Western Division,NA,,Retain - Kenny W. Armstrong,2816
Monroe,Court of Appeals - Western Division,NA,,Retain - Steve Stafford,2744
Monroe,Court of Criminal Appeals - Eastern Division,NA,,"Replace - James C. Witt, Jr.",821
Monroe,Court of Criminal Appeals - Eastern Division,NA,,"Replace - Robert H. Montgomery, Jr.",821
Monroe,Court of Criminal Appeals - Eastern Division,NA,,"Retain - James C. Witt, Jr.",3300
Monroe,Court of Criminal Appeals - Eastern Division,NA,,"Retain - Robert H. Montgomery, Jr.",2793
Monroe,Court of Criminal Appeals - Middle Division,NA,,Replace - Jill Bartee Ayers,837
Monroe,Court of Criminal Appeals - Middle Division,NA,,"Replace - Robert L. Holloway, Jr.",829
Monroe,Court of Criminal Appeals - Middle Division,NA,,Replace - Robert W. Wedemeyer,857
Monroe,Court of Criminal Appeals - Middle Division,NA,,Replace - Timothy L. Easter,824
Monroe,Court of Criminal Appeals - Middle Division,NA,,Retain - Jill Bartee Ayers,2763
Monroe,Court of Criminal Appeals - Middle Division,NA,,"Retain - Robert L. Holloway, Jr.",2716
Monroe,Court of Criminal Appeals - Middle Division,NA,,Retain - Robert W. Wedemeyer,2639
Monroe,Court of Criminal Appeals - Middle Division,NA,,Retain - Timothy L. Easter,2723
Monroe,Court of Criminal Appeals - Western Division,NA,,Replace - Camille McMullen,877
Monroe,Court of Criminal Appeals - Western Division,NA,,Replace - J. Ross Dyer,825
Monroe,Court of Criminal Appeals - Western Division,NA,,Replace - John Everett Williams,816
Monroe,Court of Criminal Appeals - Western Division,NA,,"Replace - John W. Campbell, Sr.",839
Monroe,Court of Criminal Appeals - Western Division,NA,,Retain - Camille McMullen,2620
Monroe,Court of Criminal Appeals - Western Division,NA,,Retain - J. Ross Dyer,2677
Monroe,Court of Criminal Appeals - Western Division,NA,,Retain - John Everett Williams,2657
Monroe,Court of Criminal Appeals - Western Division,NA,,"Retain - John W. Campbell, Sr.",2692
Monroe,Supreme Court,NA,,Replace - Holly Kirby,934
Monroe,Supreme Court,NA,,Replace - Jeffrey S. Bivins,998
Monroe,Supreme Court,NA,,Replace - Roger A. Page,909
Monroe,Supreme Court,NA,,Replace - Sarah K. Campbell,929
Monroe,Supreme Court,NA,,Replace - Sharon Gail Lee,984
Monroe,Supreme Court,NA,,Retain - Holly Kirby,3064
Monroe,Supreme Court,NA,,Retain - Jeffrey S. Bivins,3168
Monroe,Supreme Court,NA,,Retain - Roger A. Page,3024
Monroe,Supreme Court,NA,,Retain - Sarah K. Campbell,3134
Monroe,Supreme Court,NA,,Retain - Sharon Gail Lee,3649
Monroe,Governor,NA,Democratic,Carnita Faye Atwater,150
Monroe,Governor,NA,Democratic,JB Smiley Jr.,127
Monroe,Governor,NA,Democratic,Jason Brantley Martin,323
Monroe,Governor,NA,Republican,Bill Lee,4156
Montgomery,Chancellor,19,Independent,"Laurence M. McMillan, Jr.",7156
Montgomery,Circuit Court Judge Part II,19,Independent,Bill Goodman,13000
Montgomery,Circuit Court Judge Part III,19,Independent,Kimberly Turner,6790
Montgomery,Chancellor,19,Republican,Ben Dean,8190
Montgomery,Circuit Court Judge Part I,19,Republican,Adrienne G. Fry,12085
Montgomery,Circuit Court Judge Part III,19,Republican,Joel Wallace,8901
Montgomery,Circuit Court Judge Part IV,19,Republican,Robert T. Bateman,12027
Montgomery,Circuit Court Judge Part V,19,Republican,Katy Olita,11498
Montgomery,District Attorney General,19,Republican,Robert Nash,11731
Montgomery,Public Defender,19,Republican,Roger Nell,11392
Montgomery,State Executive Committeeman,22,Democratic,Charles Uffelman,4382
Montgomery,State Executive Committeewoman,22,Democratic,Karen D. Sorenson,4579
Montgomery,State Executive Committeeman,22,Republican,Doug Englen,8683
Montgomery,State Executive Committeewoman,22,Republican,Patricia (Pat) Allen,8630
Montgomery,State Executive Committeeman,23,Democratic,No Candidate Qualified,0
Montgomery,State Executive Committeewoman,23,Democratic,No Candidate Qualified,0
Montgomery,State Senate,23,Democratic,No Candidate Qualified,0
Montgomery,State Executive Committeeman,23,Republican,Larry Hillis,118
Montgomery,State Executive Committeewoman,23,Republican,Mary Ann Parks,120
Montgomery,State Senate,23,Republican,Kerry Roberts,121
Montgomery,State House,67,Democratic,Ronnie L. Glynn,1758
Montgomery,State House,67,Republican,John W. Dawson,830
Montgomery,State House,67,Republican,"Tommy J. Vallejos, Sr.",1433
Montgomery,State House,68,Democratic,No Candidate Qualified,0
Montgomery,State House,68,Republican,Curtis Johnson,5368
Montgomery,U.S. House,7,Democratic,Odessa Kelly,4635
Montgomery,U.S. House,7,Republican,Mark E Green,9843
Montgomery,State House,75,Democratic,No Candidate Qualified,0
Montgomery,State House,75,Republican,Deanna McLaughlin,910
Montgomery,State House,75,Republican,Jeff Burkhart,981
Montgomery,State House,75,Republican,Kent Griffy,527
Montgomery,Court of Appeals - Eastern Division,NA,,Replace - John W. McClarty,3848
Montgomery,Court of Appeals - Eastern Division,NA,,Replace - Kristi Davis,3432
Montgomery,Court of Appeals - Eastern Division,NA,,Replace - Mike Swiney,3724
Montgomery,Court of Appeals - Eastern Division,NA,,"Replace - Thomas R. ""Skip"" Frierson",3801
Montgomery,Court of Appeals - Eastern Division,NA,,Retain - John W. McClarty,9309
Montgomery,Court of Appeals - Eastern Division,NA,,Retain - Kristi Davis,9764
Montgomery,Court of Appeals - Eastern Division,NA,,Retain - Mike Swiney,9252
Montgomery,Court of Appeals - Eastern Division,NA,,"Retain - Thomas R. ""Skip"" Frierson",9286
Montgomery,Court of Appeals - Middle Division,NA,,Replace - Andy D. Bennett,3716
Montgomery,Court of Appeals - Middle Division,NA,,Replace - Frank Clement,3795
Montgomery,Court of Appeals - Middle Division,NA,,Replace - Neal McBrayer,3737
Montgomery,Court of Appeals - Middle Division,NA,,Retain - Andy D. Bennett,9255
Montgomery,Court of Appeals - Middle Division,NA,,Retain - Frank Clement,9366
Montgomery,Court of Appeals - Middle Division,NA,,Retain - Neal McBrayer,9274
Montgomery,Court of Appeals - Western Division,NA,,Replace - Arnold B. Goldin,3672
Montgomery,Court of Appeals - Western Division,NA,,Replace - Carma Dennis McGee,3513
Montgomery,Court of Appeals - Western Division,NA,,Replace - Kenny W. Armstrong,3534
Montgomery,Court of Appeals - Western Division,NA,,Replace - Steve Stafford,3749
Montgomery,Court of Appeals - Western Division,NA,,Retain - Arnold B. Goldin,9214
Montgomery,Court of Appeals - Western Division,NA,,Retain - Carma Dennis McGee,9399
Montgomery,Court of Appeals - Western Division,NA,,Retain - Kenny W. Armstrong,9382
Montgomery,Court of Appeals - Western Division,NA,,Retain - Steve Stafford,9178
Montgomery,Court of Criminal Appeals - Eastern Division,NA,,"Replace - James C. Witt, Jr.",3561
Montgomery,Court of Criminal Appeals - Eastern Division,NA,,"Replace - Robert H. Montgomery, Jr.",3478
Montgomery,Court of Criminal Appeals - Eastern Division,NA,,"Retain - James C. Witt, Jr.",9257
Montgomery,Court of Criminal Appeals - Eastern Division,NA,,"Retain - Robert H. Montgomery, Jr.",9425
Montgomery,Court of Criminal Appeals - Middle Division,NA,,Replace - Jill Bartee Ayers,3336
Montgomery,Court of Criminal Appeals - Middle Division,NA,,"Replace - Robert L. Holloway, Jr.",3537
Montgomery,Court of Criminal Appeals - Middle Division,NA,,Replace - Robert W. Wedemeyer,3528
Montgomery,Court of Criminal Appeals - Middle Division,NA,,Replace - Timothy L. Easter,3614
Montgomery,Court of Criminal Appeals - Middle Division,NA,,Retain - Jill Bartee Ayers,10138
Montgomery,Court of Criminal Appeals - Middle Division,NA,,"Retain - Robert L. Holloway, Jr.",9343
Montgomery,Court of Criminal Appeals - Middle Division,NA,,Retain - Robert W. Wedemeyer,9736
Montgomery,Court of Criminal Appeals - Middle Division,NA,,Retain - Timothy L. Easter,9314
Montgomery,Court of Criminal Appeals - Western Division,NA,,Replace - Camille McMullen,3442
Montgomery,Court of Criminal Appeals - Western Division,NA,,Replace - J. Ross Dyer,3593
Montgomery,Court of Criminal Appeals - Western Division,NA,,Replace - John Everett Williams,3463
Montgomery,Court of Criminal Appeals - Western Division,NA,,"Replace - John W. Campbell, Sr.",3534
Montgomery,Court of Criminal Appeals - Western Division,NA,,Retain - Camille McMullen,9620
Montgomery,Court of Criminal Appeals - Western Division,NA,,Retain - J. Ross Dyer,9288
Montgomery,Court of Criminal Appeals - Western Division,NA,,Retain - John Everett Williams,9493
Montgomery,Court of Criminal Appeals - Western Division,NA,,"Retain - John W. Campbell, Sr.",9300
Montgomery,Supreme Court,NA,,Replace - Holly Kirby,3668
Montgomery,Supreme Court,NA,,Replace - Jeffrey S. Bivins,4059
Montgomery,Supreme Court,NA,,Replace - Roger A. Page,3832
Montgomery,Supreme Court,NA,,Replace - Sarah K. Campbell,3745
Montgomery,Supreme Court,NA,,Replace - Sharon Gail Lee,3826
Montgomery,Supreme Court,NA,,Retain - Holly Kirby,9712
Montgomery,Supreme Court,NA,,Retain - Jeffrey S. Bivins,9495
Montgomery,Supreme Court,NA,,Retain - Roger A. Page,9360
Montgomery,Supreme Court,NA,,Retain - Sarah K. Campbell,9690
Montgomery,Supreme Court,NA,,Retain - Sharon Gail Lee,9558
Montgomery,Governor,NA,Democratic,Carnita Faye Atwater,1990
Montgomery,Governor,NA,Democratic,JB Smiley Jr.,1313
Montgomery,Governor,NA,Democratic,Jason Brantley Martin,1809
Montgomery,Governor,NA,Republican,Bill Lee,9631
Moore,State Executive Committeeman,14,Democratic,No Candidate Qualified,0
Moore,State Executive Committeewoman,14,Democratic,Jane Tucker,158
Moore,State Executive Committeeman,14,Republican,Richard T Floyd,1162
Moore,State Executive Committeewoman,14,Republican,Lynne Davis,1156
Moore,Chancellor,17,Independent,J. B. Cox,1418
Moore,Circuit Court Judge Part I,17,Independent,Forest A Durard Jr,1424
Moore,Circuit Court Judge Part II,17,Independent,Wyatt Burk,1372
Moore,District Attorney General,17,Independent,Robert J. Carter,1388
Moore,Public Defender,17,Independent,Donna Orr Hargrove,1391
Moore,U.S. House,4,Democratic,Arnold J. White,56
Moore,U.S. House,4,Democratic,Wayne Steele,113
Moore,U.S. House,4,Republican,Scott DesJarlais,1303
Moore,State House,62,Democratic,No Candidate Qualified,0
Moore,State House,62,Republican,Pat Marsh,1247
Moore,Court of Appeals - Eastern Division,NA,,Replace - John W. McClarty,239
Moore,Court of Appeals - Eastern Division,NA,,Replace - Kristi Davis,222
Moore,Court of Appeals - Eastern Division,NA,,Replace - Mike Swiney,220
Moore,Court of Appeals - Eastern Division,NA,,"Replace - Thomas R. ""Skip"" Frierson",223
Moore,Court of Appeals - Eastern Division,NA,,Retain - John W. McClarty,932
Moore,Court of Appeals - Eastern Division,NA,,Retain - Kristi Davis,953
Moore,Court of Appeals - Eastern Division,NA,,Retain - Mike Swiney,943
Moore,Court of Appeals - Eastern Division,NA,,"Retain - Thomas R. ""Skip"" Frierson",947
Moore,Court of Appeals - Middle Division,NA,,Replace - Andy D. Bennett,234
Moore,Court of Appeals - Middle Division,NA,,Replace - Frank Clement,239
Moore,Court of Appeals - Middle Division,NA,,Replace - Neal McBrayer,222
Moore,Court of Appeals - Middle Division,NA,,Retain - Andy D. Bennett,933
Moore,Court of Appeals - Middle Division,NA,,Retain - Frank Clement,944
Moore,Court of Appeals - Middle Division,NA,,Retain - Neal McBrayer,939
Moore,Court of Appeals - Western Division,NA,,Replace - Arnold B. Goldin,223
Moore,Court of Appeals - Western Division,NA,,Replace - Carma Dennis McGee,228
Moore,Court of Appeals - Western Division,NA,,Replace - Kenny W. Armstrong,222
Moore,Court of Appeals - Western Division,NA,,Replace - Steve Stafford,230
Moore,Court of Appeals - Western Division,NA,,Retain - Arnold B. Goldin,926
Moore,Court of Appeals - Western Division,NA,,Retain - Carma Dennis McGee,920
Moore,Court of Appeals - Western Division,NA,,Retain - Kenny W. Armstrong,939
Moore,Court of Appeals - Western Division,NA,,Retain - Steve Stafford,914
Moore,Court of Criminal Appeals - Eastern Division,NA,,"Replace - James C. Witt, Jr.",223
Moore,Court of Criminal Appeals - Eastern Division,NA,,"Replace - Robert H. Montgomery, Jr.",218
Moore,Court of Criminal Appeals - Eastern Division,NA,,"Retain - James C. Witt, Jr.",920
Moore,Court of Criminal Appeals - Eastern Division,NA,,"Retain - Robert H. Montgomery, Jr.",934
Moore,Court of Criminal Appeals - Middle Division,NA,,Replace - Jill Bartee Ayers,225
Moore,Court of Criminal Appeals - Middle Division,NA,,"Replace - Robert L. Holloway, Jr.",227
Moore,Court of Criminal Appeals - Middle Division,NA,,Replace - Robert W. Wedemeyer,225
Moore,Court of Criminal Appeals - Middle Division,NA,,Replace - Timothy L. Easter,230
Moore,Court of Criminal Appeals - Middle Division,NA,,Retain - Jill Bartee Ayers,922
Moore,Court of Criminal Appeals - Middle Division,NA,,"Retain - Robert L. Holloway, Jr.",920
Moore,Court of Criminal Appeals - Middle Division,NA,,Retain - Robert W. Wedemeyer,920
Moore,Court of Criminal Appeals - Middle Division,NA,,Retain - Timothy L. Easter,915
Moore,Court of Criminal Appeals - Western Division,NA,,Replace - Camille McMullen,235
Moore,Court of Criminal Appeals - Western Division,NA,,Replace - J. Ross Dyer,219
Moore,Court of Criminal Appeals - Western Division,NA,,Replace - John Everett Williams,224
Moore,Court of Criminal Appeals - Western Division,NA,,"Replace - John W. Campbell, Sr.",224
Moore,Court of Criminal Appeals - Western Division,NA,,Retain - Camille McMullen,905
Moore,Court of Criminal Appeals - Western Division,NA,,Retain - J. Ross Dyer,920
Moore,Court of Criminal Appeals - Western Division,NA,,Retain - John Everett Williams,921
Moore,Court of Criminal Appeals - Western Division,NA,,"Retain - John W. Campbell, Sr.",918
Moore,Supreme Court,NA,,Replace - Holly Kirby,240
Moore,Supreme Court,NA,,Replace - Jeffrey S. Bivins,250
Moore,Supreme Court,NA,,Replace - Roger A. Page,240
Moore,Supreme Court,NA,,Replace - Sarah K. Campbell,245
Moore,Supreme Court,NA,,Replace - Sharon Gail Lee,250
Moore,Supreme Court,NA,,Retain - Holly Kirby,990
Moore,Supreme Court,NA,,Retain - Jeffrey S. Bivins,996
Moore,Supreme Court,NA,,Retain - Roger A. Page,946
Moore,Supreme Court,NA,,Retain - Sarah K. Campbell,984
Moore,Supreme Court,NA,,Retain - Sharon Gail Lee,953
Moore,Governor,NA,Democratic,Carnita Faye Atwater,56
Moore,Governor,NA,Democratic,JB Smiley Jr.,33
Moore,Governor,NA,Democratic,Jason Brantley Martin,96
Moore,Governor,NA,Republican,Bill Lee,1361
Morgan,State Executive Committeeman,12,Democratic,No Candidate Qualified,0
Morgan,State Executive Committeewoman,12,Democratic,No Candidate Qualified,0
Morgan,State Executive Committeeman,12,Republican,Ben Gann,1813
Morgan,State Executive Committeewoman,12,Republican,"Elizabeth ""Liz"" Holiway",1811
Morgan,U.S. House,3,Democratic,Meg Gorman,370
Morgan,U.S. House,3,Republican,Chuck Fleischmann,1927
Morgan,U.S. House,3,Republican,Sandy Casey,437
Morgan,State House,41,Democratic,No Candidate Qualified,0
Morgan,State House,41,Republican,Bradley Hayes,260
Morgan,State House,41,Republican,Ed Butler,1264
Morgan,State House,41,Republican,Michael C. Swisher,657
Morgan,Chancellor,9,Independent,Frank Williams,1362
Morgan,Chancellor,9,Independent,Tom McFarland,1727
Morgan,Circuit Court Judge,9,Independent,Mike Pemberton,2553
Morgan,Criminal Court Judge,9,Independent,Jeff Wicks,2456
Morgan,District Attorney General,9,Independent,Russell Johnson,2619
Morgan,Public Defender,9,Independent,Kim Nelson,2370
Morgan,Court of Appeals - Eastern Division,NA,,Replace - John W. McClarty,476
Morgan,Court of Appeals - Eastern Division,NA,,Replace - Kristi Davis,435
Morgan,Court of Appeals - Eastern Division,NA,,Replace - Mike Swiney,463
Morgan,Court of Appeals - Eastern Division,NA,,"Replace - Thomas R. ""Skip"" Frierson",461
Morgan,Court of Appeals - Eastern Division,NA,,Retain - John W. McClarty,1704
Morgan,Court of Appeals - Eastern Division,NA,,Retain - Kristi Davis,1751
Morgan,Court of Appeals - Eastern Division,NA,,Retain - Mike Swiney,1713
Morgan,Court of Appeals - Eastern Division,NA,,"Retain - Thomas R. ""Skip"" Frierson",1715
Morgan,Court of Appeals - Middle Division,NA,,Replace - Andy D. Bennett,458
Morgan,Court of Appeals - Middle Division,NA,,Replace - Frank Clement,455
Morgan,Court of Appeals - Middle Division,NA,,Replace - Neal McBrayer,449
Morgan,Court of Appeals - Middle Division,NA,,Retain - Andy D. Bennett,1687
Morgan,Court of Appeals - Middle Division,NA,,Retain - Frank Clement,1764
Morgan,Court of Appeals - Middle Division,NA,,Retain - Neal McBrayer,1700
Morgan,Court of Appeals - Western Division,NA,,Replace - Arnold B. Goldin,440
Morgan,Court of Appeals - Western Division,NA,,Replace - Carma Dennis McGee,451
Morgan,Court of Appeals - Western Division,NA,,Replace - Kenny W. Armstrong,460
Morgan,Court of Appeals - Western Division,NA,,Replace - Steve Stafford,455
Morgan,Court of Appeals - Western Division,NA,,Retain - Arnold B. Goldin,1654
Morgan,Court of Appeals - Western Division,NA,,Retain - Carma Dennis McGee,1643
Morgan,Court of Appeals - Western Division,NA,,Retain - Kenny W. Armstrong,1703
Morgan,Court of Appeals - Western Division,NA,,Retain - Steve Stafford,1642
Morgan,Court of Criminal Appeals - Eastern Division,NA,,"Replace - James C. Witt, Jr.",423
Morgan,Court of Criminal Appeals - Eastern Division,NA,,"Replace - Robert H. Montgomery, Jr.",437
Morgan,Court of Criminal Appeals - Eastern Division,NA,,"Retain - James C. Witt, Jr.",1673
Morgan,Court of Criminal Appeals - Eastern Division,NA,,"Retain - Robert H. Montgomery, Jr.",1671
Morgan,Court of Criminal Appeals - Middle Division,NA,,Replace - Jill Bartee Ayers,431
Morgan,Court of Criminal Appeals - Middle Division,NA,,"Replace - Robert L. Holloway, Jr.",423
Morgan,Court of Criminal Appeals - Middle Division,NA,,Replace - Robert W. Wedemeyer,439
Morgan,Court of Criminal Appeals - Middle Division,NA,,Replace - Timothy L. Easter,433
Morgan,Court of Criminal Appeals - Middle Division,NA,,Retain - Jill Bartee Ayers,1649
Morgan,Court of Criminal Appeals - Middle Division,NA,,"Retain - Robert L. Holloway, Jr.",1677
Morgan,Court of Criminal Appeals - Middle Division,NA,,Retain - Robert W. Wedemeyer,1666
Morgan,Court of Criminal Appeals - Middle Division,NA,,Retain - Timothy L. Easter,1656
Morgan,Court of Criminal Appeals - Western Division,NA,,Replace - Camille McMullen,467
Morgan,Court of Criminal Appeals - Western Division,NA,,Replace - J. Ross Dyer,434
Morgan,Court of Criminal Appeals - Western Division,NA,,Replace - John Everett Williams,445
Morgan,Court of Criminal Appeals - Western Division,NA,,"Replace - John W. Campbell, Sr.",421
Morgan,Court of Criminal Appeals - Western Division,NA,,Retain - Camille McMullen,1644
Morgan,Court of Criminal Appeals - Western Division,NA,,Retain - J. Ross Dyer,1668
Morgan,Court of Criminal Appeals - Western Division,NA,,Retain - John Everett Williams,1700
Morgan,Court of Criminal Appeals - Western Division,NA,,"Retain - John W. Campbell, Sr.",1683
Morgan,Supreme Court,NA,,Replace - Holly Kirby,490
Morgan,Supreme Court,NA,,Replace - Jeffrey S. Bivins,487
Morgan,Supreme Court,NA,,Replace - Roger A. Page,439
Morgan,Supreme Court,NA,,Replace - Sarah K. Campbell,469
Morgan,Supreme Court,NA,,Replace - Sharon Gail Lee,496
Morgan,Supreme Court,NA,,Retain - Holly Kirby,1765
Morgan,Supreme Court,NA,,Retain - Jeffrey S. Bivins,1798
Morgan,Supreme Court,NA,,Retain - Roger A. Page,1715
Morgan,Supreme Court,NA,,Retain - Sarah K. Campbell,1798
Morgan,Supreme Court,NA,,Retain - Sharon Gail Lee,1781
Morgan,Governor,NA,Democratic,Carnita Faye Atwater,97
Morgan,Governor,NA,Democratic,JB Smiley Jr.,107
Morgan,Governor,NA,Democratic,Jason Brantley Martin,198
Morgan,Governor,NA,Republican,Bill Lee,2241
Obion,State Executive Committeeman,24,Democratic,No Candidate Qualified,0
Obion,State Executive Committeewoman,24,Democratic,No Candidate Qualified,0
Obion,State Executive Committeeman,24,Republican,Jim Poe,589
Obion,State Executive Committeeman,24,Republican,Ryan Ellegood,2309
Obion,State Executive Committeewoman,24,Republican,Tess Robbins,2616
Obion,Chancellor,27,Independent,William M. Maloan,3624
Obion,District Attorney General,27,Independent,Colin Johnson,1904
Obion,Circuit Court Judge,27,Republican,Jeffrey W. Parham,4162
Obion,District Attorney General,27,Republican,Adam P. Nelson,2721
Obion,Public Defender,27,Republican,William Kenneth Randolph,3799
Obion,State House,77,Democratic,No Candidate Qualified,0
Obion,State House,77,Republican,Rusty Grills,2460
Obion,U.S. House,8,Democratic,Lynnette P. Williams,273
Obion,U.S. House,8,Democratic,Tim McDonald,239
Obion,U.S. House,8,Republican,Bob Hendry,128
Obion,U.S. House,8,Republican,Danny Ray Bridger Jr,128
Obion,U.S. House,8,Republican,David Kustoff,3037
Obion,U.S. House,8,Republican,Gary Dean Clouse,137
Obion,State House,82,Democratic,No Candidate Qualified,0
Obion,State House,82,Republican,Chris Hurt,843
Obion,Court of Appeals - Eastern Division,NA,,Replace - John W. McClarty,635
Obion,Court of Appeals - Eastern Division,NA,,Replace - Kristi Davis,613
Obion,Court of Appeals - Eastern Division,NA,,Replace - Mike Swiney,633
Obion,Court of Appeals - Eastern Division,NA,,"Replace - Thomas R. ""Skip"" Frierson",629
Obion,Court of Appeals - Eastern Division,NA,,Retain - John W. McClarty,2285
Obion,Court of Appeals - Eastern Division,NA,,Retain - Kristi Davis,2399
Obion,Court of Appeals - Eastern Division,NA,,Retain - Mike Swiney,2271
Obion,Court of Appeals - Eastern Division,NA,,"Retain - Thomas R. ""Skip"" Frierson",2310
Obion,Court of Appeals - Middle Division,NA,,Replace - Andy D. Bennett,616
Obion,Court of Appeals - Middle Division,NA,,Replace - Frank Clement,620
Obion,Court of Appeals - Middle Division,NA,,Replace - Neal McBrayer,609
Obion,Court of Appeals - Middle Division,NA,,Retain - Andy D. Bennett,2282
Obion,Court of Appeals - Middle Division,NA,,Retain - Frank Clement,2308
Obion,Court of Appeals - Middle Division,NA,,Retain - Neal McBrayer,2209
Obion,Court of Appeals - Western Division,NA,,Replace - Arnold B. Goldin,607
Obion,Court of Appeals - Western Division,NA,,Replace - Carma Dennis McGee,597
Obion,Court of Appeals - Western Division,NA,,Replace - Kenny W. Armstrong,588
Obion,Court of Appeals - Western Division,NA,,Replace - Steve Stafford,572
Obion,Court of Appeals - Western Division,NA,,Retain - Arnold B. Goldin,2181
Obion,Court of Appeals - Western Division,NA,,Retain - Carma Dennis McGee,2183
Obion,Court of Appeals - Western Division,NA,,Retain - Kenny W. Armstrong,2272
Obion,Court of Appeals - Western Division,NA,,Retain - Steve Stafford,2271
Obion,Court of Criminal Appeals - Eastern Division,NA,,"Replace - James C. Witt, Jr.",596
Obion,Court of Criminal Appeals - Eastern Division,NA,,"Replace - Robert H. Montgomery, Jr.",563
Obion,Court of Criminal Appeals - Eastern Division,NA,,"Retain - James C. Witt, Jr.",2129
Obion,Court of Criminal Appeals - Eastern Division,NA,,"Retain - Robert H. Montgomery, Jr.",2186
Obion,Court of Criminal Appeals - Middle Division,NA,,Replace - Jill Bartee Ayers,567
Obion,Court of Criminal Appeals - Middle Division,NA,,"Replace - Robert L. Holloway, Jr.",560
Obion,Court of Criminal Appeals - Middle Division,NA,,Replace - Robert W. Wedemeyer,597
Obion,Court of Criminal Appeals - Middle Division,NA,,Replace - Timothy L. Easter,588
Obion,Court of Criminal Appeals - Middle Division,NA,,Retain - Jill Bartee Ayers,2169
Obion,Court of Criminal Appeals - Middle Division,NA,,"Retain - Robert L. Holloway, Jr.",2144
Obion,Court of Criminal Appeals - Middle Division,NA,,Retain - Robert W. Wedemeyer,2062
Obion,Court of Criminal Appeals - Middle Division,NA,,Retain - Timothy L. Easter,2095
Obion,Court of Criminal Appeals - Western Division,NA,,Replace - Camille McMullen,578
Obion,Court of Criminal Appeals - Western Division,NA,,Replace - J. Ross Dyer,538
Obion,Court of Criminal Appeals - Western Division,NA,,Replace - John Everett Williams,558
Obion,Court of Criminal Appeals - Western Division,NA,,"Replace - John W. Campbell, Sr.",566
Obion,Court of Criminal Appeals - Western Division,NA,,Retain - Camille McMullen,2135
Obion,Court of Criminal Appeals - Western Division,NA,,Retain - J. Ross Dyer,2182
Obion,Court of Criminal Appeals - Western Division,NA,,Retain - John Everett Williams,2157
Obion,Court of Criminal Appeals - Western Division,NA,,"Retain - John W. Campbell, Sr.",2154
Obion,Supreme Court,NA,,Replace - Holly Kirby,649
Obion,Supreme Court,NA,,Replace - Jeffrey S. Bivins,746
Obion,Supreme Court,NA,,Replace - Roger A. Page,664
Obion,Supreme Court,NA,,Replace - Sarah K. Campbell,687
Obion,Supreme Court,NA,,Replace - Sharon Gail Lee,660
Obion,Supreme Court,NA,,Retain - Holly Kirby,2471
Obion,Supreme Court,NA,,Retain - Jeffrey S. Bivins,2499
Obion,Supreme Court,NA,,Retain - Roger A. Page,2391
Obion,Supreme Court,NA,,Retain - Sarah K. Campbell,2488
Obion,Supreme Court,NA,,Retain - Sharon Gail Lee,2413
Obion,Governor,NA,Democratic,Carnita Faye Atwater,132
Obion,Governor,NA,Democratic,JB Smiley Jr.,159
Obion,Governor,NA,Democratic,Jason Brantley Martin,224
Obion,Governor,NA,Republican,Bill Lee,3404
Overton,State Executive Committeeman,12,Democratic,No Candidate Qualified,0
Overton,State Executive Committeewoman,12,Democratic,No Candidate Qualified,0
Overton,State Executive Committeeman,12,Republican,Ben Gann,1848
Overton,State Executive Committeewoman,12,Republican,"Elizabeth ""Liz"" Holiway",1936
Overton,Circuit Court Judge Part I,13,Independent,Amy Turnbull Hollars,2446
Overton,Chancellor,13,Republican,Ronald Thurman,2978
Overton,Circuit Court Judge Part I,13,Republican,"William T. ""Will"" Ridley",1792
Overton,Circuit Court Judge Part II,13,Republican,Caroline E. Knight,2761
Overton,Criminal Court Judge Part I,13,Republican,Gary S. McKenzie,2653
Overton,Criminal Court Judge Part II,13,Republican,Wesley Bray,2714
Overton,District Attorney General,13,Republican,Bryant C. Dunaway,2787
Overton,Public Defender,13,Republican,Craig P. Fickling Jr.,2485
Overton,State House,41,Democratic,No Candidate Qualified,0
Overton,State House,41,Republican,Bradley Hayes,299
Overton,State House,41,Republican,Ed Butler,1660
Overton,State House,41,Republican,Michael C. Swisher,438
Overton,U.S. House,6,Democratic,Clay Faircloth,134
Overton,U.S. House,6,Democratic,Randal Cooper,490
Overton,U.S. House,6,Republican,John Rose,2374
Overton,Court of Appeals - Eastern Division,NA,,Replace - John W. McClarty,814
Overton,Court of Appeals - Eastern Division,NA,,Replace - Kristi Davis,822
Overton,Court of Appeals - Eastern Division,NA,,Replace - Mike Swiney,824
Overton,Court of Appeals - Eastern Division,NA,,"Replace - Thomas R. ""Skip"" Frierson",834
Overton,Court of Appeals - Eastern Division,NA,,Retain - John W. McClarty,1642
Overton,Court of Appeals - Eastern Division,NA,,Retain - Kristi Davis,1632
Overton,Court of Appeals - Eastern Division,NA,,Retain - Mike Swiney,1590
Overton,Court of Appeals - Eastern Division,NA,,"Retain - Thomas R. ""Skip"" Frierson",1614
Overton,Court of Appeals - Middle Division,NA,,Replace - Andy D. Bennett,807
Overton,Court of Appeals - Middle Division,NA,,Replace - Frank Clement,825
Overton,Court of Appeals - Middle Division,NA,,Replace - Neal McBrayer,843
Overton,Court of Appeals - Middle Division,NA,,Retain - Andy D. Bennett,1602
Overton,Court of Appeals - Middle Division,NA,,Retain - Frank Clement,1664
Overton,Court of Appeals - Middle Division,NA,,Retain - Neal McBrayer,1570
Overton,Court of Appeals - Western Division,NA,,Replace - Arnold B. Goldin,822
Overton,Court of Appeals - Western Division,NA,,Replace - Carma Dennis McGee,817
Overton,Court of Appeals - Western Division,NA,,Replace - Kenny W. Armstrong,808
Overton,Court of Appeals - Western Division,NA,,Replace - Steve Stafford,814
Overton,Court of Appeals - Western Division,NA,,Retain - Arnold B. Goldin,1545
Overton,Court of Appeals - Western Division,NA,,Retain - Carma Dennis McGee,1555
Overton,Court of Appeals - Western Division,NA,,Retain - Kenny W. Armstrong,1568
Overton,Court of Appeals - Western Division,NA,,Retain - Steve Stafford,1558
Overton,Court of Criminal Appeals - Eastern Division,NA,,"Replace - James C. Witt, Jr.",799
Overton,Court of Criminal Appeals - Eastern Division,NA,,"Replace - Robert H. Montgomery, Jr.",780
Overton,Court of Criminal Appeals - Eastern Division,NA,,"Retain - James C. Witt, Jr.",1553
Overton,Court of Criminal Appeals - Eastern Division,NA,,"Retain - Robert H. Montgomery, Jr.",1572
Overton,Court of Criminal Appeals - Middle Division,NA,,Replace - Jill Bartee Ayers,793
Overton,Court of Criminal Appeals - Middle Division,NA,,"Replace - Robert L. Holloway, Jr.",768
Overton,Court of Criminal Appeals - Middle Division,NA,,Replace - Robert W. Wedemeyer,816
Overton,Court of Criminal Appeals - Middle Division,NA,,Replace - Timothy L. Easter,802
Overton,Court of Criminal Appeals - Middle Division,NA,,Retain - Jill Bartee Ayers,1568
Overton,Court of Criminal Appeals - Middle Division,NA,,"Retain - Robert L. Holloway, Jr.",1596
Overton,Court of Criminal Appeals - Middle Division,NA,,Retain - Robert W. Wedemeyer,1514
Overton,Court of Criminal Appeals - Middle Division,NA,,Retain - Timothy L. Easter,1548
Overton,Court of Criminal Appeals - Western Division,NA,,Replace - Camille McMullen,812
Overton,Court of Criminal Appeals - Western Division,NA,,Replace - J. Ross Dyer,812
Overton,Court of Criminal Appeals - Western Division,NA,,Replace - John Everett Williams,801
Overton,Court of Criminal Appeals - Western Division,NA,,"Replace - John W. Campbell, Sr.",782
Overton,Court of Criminal Appeals - Western Division,NA,,Retain - Camille McMullen,1552
Overton,Court of Criminal Appeals - Western Division,NA,,Retain - J. Ross Dyer,1537
Overton,Court of Criminal Appeals - Western Division,NA,,Retain - John Everett Williams,1559
Overton,Court of Criminal Appeals - Western Division,NA,,"Retain - John W. Campbell, Sr.",1568
Overton,Supreme Court,NA,,Replace - Holly Kirby,824
Overton,Supreme Court,NA,,Replace - Jeffrey S. Bivins,878
Overton,Supreme Court,NA,,Replace - Roger A. Page,846
Overton,Supreme Court,NA,,Replace - Sarah K. Campbell,844
Overton,Supreme Court,NA,,Replace - Sharon Gail Lee,844
Overton,Supreme Court,NA,,Retain - Holly Kirby,1677
Overton,Supreme Court,NA,,Retain - Jeffrey S. Bivins,1674
Overton,Supreme Court,NA,,Retain - Roger A. Page,1614
Overton,Supreme Court,NA,,Retain - Sarah K. Campbell,1688
Overton,Supreme Court,NA,,Retain - Sharon Gail Lee,1672
Overton,Governor,NA,Democratic,Carnita Faye Atwater,187
Overton,Governor,NA,Democratic,JB Smiley Jr.,113
Overton,Governor,NA,Democratic,Jason Brantley Martin,372
Overton,Governor,NA,Republican,Bill Lee,2518
Perry,State Executive Committeeman,25,Democratic,Ernest Brooks II,147
Perry,State Executive Committeewoman,25,Democratic,Patsy Garey Johnson,157
Perry,State Senate,25,Democratic,No Candidate Qualified,0
Perry,State Executive Committeeman,25,Republican,Jimmy Harris,644
Perry,State Executive Committeeman,25,Republican,Steve Yahnke,313
Perry,State Executive Committeewoman,25,Republican,Shannon Haynes,919
Perry,State Senate,25,Republican,Ed Jackson,1013
Perry,Circuit Court Judge,32,Republican,Mike Spitzer,1456
Perry,District Attorney General,32,Republican,Hans L. Schwendimann,1362
Perry,Public Defender,32,Republican,Melanie Totty Cagle,1312
Perry,U.S. House,7,Democratic,Odessa Kelly,156
Perry,U.S. House,7,Republican,Mark E Green,1154
Perry,State House,72,Democratic,No Candidate Qualified,0
Perry,State House,72,Republican,Kirk Haston,1256
Perry,Court of Appeals - Eastern Division,NA,,Replace - John W. McClarty,288
Perry,Court of Appeals - Eastern Division,NA,,Replace - Kristi Davis,284
Perry,Court of Appeals - Eastern Division,NA,,Replace - Mike Swiney,269
Perry,Court of Appeals - Eastern Division,NA,,"Replace - Thomas R. ""Skip"" Frierson",284
Perry,Court of Appeals - Eastern Division,NA,,Retain - John W. McClarty,899
Perry,Court of Appeals - Eastern Division,NA,,Retain - Kristi Davis,906
Perry,Court of Appeals - Eastern Division,NA,,Retain - Mike Swiney,905
Perry,Court of Appeals - Eastern Division,NA,,"Retain - Thomas R. ""Skip"" Frierson",909
Perry,Court of Appeals - Middle Division,NA,,Replace - Andy D. Bennett,283
Perry,Court of Appeals - Middle Division,NA,,Replace - Frank Clement,299
Perry,Court of Appeals - Middle Division,NA,,Replace - Neal McBrayer,278
Perry,Court of Appeals - Middle Division,NA,,Retain - Andy D. Bennett,881
Perry,Court of Appeals - Middle Division,NA,,Retain - Frank Clement,904
Perry,Court of Appeals - Middle Division,NA,,Retain - Neal McBrayer,890
Perry,Court of Appeals - Western Division,NA,,Replace - Arnold B. Goldin,282
Perry,Court of Appeals - Western Division,NA,,Replace - Carma Dennis McGee,288
Perry,Court of Appeals - Western Division,NA,,Replace - Kenny W. Armstrong,276
Perry,Court of Appeals - Western Division,NA,,Replace - Steve Stafford,279
Perry,Court of Appeals - Western Division,NA,,Retain - Arnold B. Goldin,870
Perry,Court of Appeals - Western Division,NA,,Retain - Carma Dennis McGee,873
Perry,Court of Appeals - Western Division,NA,,Retain - Kenny W. Armstrong,876
Perry,Court of Appeals - Western Division,NA,,Retain - Steve Stafford,881
Perry,Court of Criminal Appeals - Eastern Division,NA,,"Replace - James C. Witt, Jr.",267
Perry,Court of Criminal Appeals - Eastern Division,NA,,"Replace - Robert H. Montgomery, Jr.",271
Perry,Court of Criminal Appeals - Eastern Division,NA,,"Retain - James C. Witt, Jr.",877
Perry,Court of Criminal Appeals - Eastern Division,NA,,"Retain - Robert H. Montgomery, Jr.",883
Perry,Court of Criminal Appeals - Middle Division,NA,,Replace - Jill Bartee Ayers,265
Perry,Court of Criminal Appeals - Middle Division,NA,,"Replace - Robert L. Holloway, Jr.",266
Perry,Court of Criminal Appeals - Middle Division,NA,,Replace - Robert W. Wedemeyer,263
Perry,Court of Criminal Appeals - Middle Division,NA,,Replace - Timothy L. Easter,272
Perry,Court of Criminal Appeals - Middle Division,NA,,Retain - Jill Bartee Ayers,882
Perry,Court of Criminal Appeals - Middle Division,NA,,"Retain - Robert L. Holloway, Jr.",873
Perry,Court of Criminal Appeals - Middle Division,NA,,Retain - Robert W. Wedemeyer,877
Perry,Court of Criminal Appeals - Middle Division,NA,,Retain - Timothy L. Easter,915
Perry,Court of Criminal Appeals - Western Division,NA,,Replace - Camille McMullen,281
Perry,Court of Criminal Appeals - Western Division,NA,,Replace - J. Ross Dyer,272
Perry,Court of Criminal Appeals - Western Division,NA,,Replace - John Everett Williams,264
Perry,Court of Criminal Appeals - Western Division,NA,,"Replace - John W. Campbell, Sr.",266
Perry,Court of Criminal Appeals - Western Division,NA,,Retain - Camille McMullen,863
Perry,Court of Criminal Appeals - Western Division,NA,,Retain - J. Ross Dyer,877
Perry,Court of Criminal Appeals - Western Division,NA,,Retain - John Everett Williams,887
Perry,Court of Criminal Appeals - Western Division,NA,,"Retain - John W. Campbell, Sr.",877
Perry,Supreme Court,NA,,Replace - Holly Kirby,302
Perry,Supreme Court,NA,,Replace - Jeffrey S. Bivins,313
Perry,Supreme Court,NA,,Replace - Roger A. Page,290
Perry,Supreme Court,NA,,Replace - Sarah K. Campbell,306
Perry,Supreme Court,NA,,Replace - Sharon Gail Lee,298
Perry,Supreme Court,NA,,Retain - Holly Kirby,931
Perry,Supreme Court,NA,,Retain - Jeffrey S. Bivins,972
Perry,Supreme Court,NA,,Retain - Roger A. Page,913
Perry,Supreme Court,NA,,Retain - Sarah K. Campbell,934
Perry,Supreme Court,NA,,Retain - Sharon Gail Lee,934
Perry,Governor,NA,Democratic,Carnita Faye Atwater,36
Perry,Governor,NA,Democratic,JB Smiley Jr.,41
Perry,Governor,NA,Democratic,Jason Brantley Martin,120
Perry,Governor,NA,Republican,Bill Lee,1208
Pickett,State Executive Committeeman,12,Democratic,No Candidate Qualified,0
Pickett,State Executive Committeewoman,12,Democratic,No Candidate Qualified,0
Pickett,State Executive Committeeman,12,Republican,Ben Gann,682
Pickett,State Executive Committeewoman,12,Republican,"Elizabeth ""Liz"" Holiway",688
Pickett,Circuit Court Judge Part I,13,Independent,Amy Turnbull Hollars,563
Pickett,Chancellor,13,Republican,Ronald Thurman,1014
Pickett,Circuit Court Judge Part I,13,Republican,"William T. ""Will"" Ridley",888
Pickett,Circuit Court Judge Part II,13,Republican,Caroline E. Knight,1050
Pickett,Criminal Court Judge Part I,13,Republican,Gary S. McKenzie,1022
Pickett,Criminal Court Judge Part II,13,Republican,Wesley Bray,1022
Pickett,District Attorney General,13,Republican,Bryant C. Dunaway,1042
Pickett,Public Defender,13,Republican,Craig P. Fickling Jr.,939
Pickett,State House,38,Democratic,No Candidate Qualified,0
Pickett,State House,38,Republican,Kelly T Keisling,987
Pickett,U.S. House,6,Democratic,Clay Faircloth,27
Pickett,U.S. House,6,Democratic,Randal Cooper,114
Pickett,U.S. House,6,Republican,John Rose,901
Pickett,Court of Appeals - Eastern Division,NA,,Replace - John W. McClarty,235
Pickett,Court of Appeals - Eastern Division,NA,,Replace - Kristi Davis,233
Pickett,Court of Appeals - Eastern Division,NA,,Replace - Mike Swiney,238
Pickett,Court of Appeals - Eastern Division,NA,,"Replace - Thomas R. ""Skip"" Frierson",239
Pickett,Court of Appeals - Eastern Division,NA,,Retain - John W. McClarty,470
Pickett,Court of Appeals - Eastern Division,NA,,Retain - Kristi Davis,480
Pickett,Court of Appeals - Eastern Division,NA,,Retain - Mike Swiney,470
Pickett,Court of Appeals - Eastern Division,NA,,"Retain - Thomas R. ""Skip"" Frierson",467
Pickett,Court of Appeals - Middle Division,NA,,Replace - Andy D. Bennett,233
Pickett,Court of Appeals - Middle Division,NA,,Replace - Frank Clement,233
Pickett,Court of Appeals - Middle Division,NA,,Replace - Neal McBrayer,226
Pickett,Court of Appeals - Middle Division,NA,,Retain - Andy D. Bennett,472
Pickett,Court of Appeals - Middle Division,NA,,Retain - Frank Clement,486
Pickett,Court of Appeals - Middle Division,NA,,Retain - Neal McBrayer,470
Pickett,Court of Appeals - Western Division,NA,,Replace - Arnold B. Goldin,233
Pickett,Court of Appeals - Western Division,NA,,Replace - Carma Dennis McGee,239
Pickett,Court of Appeals - Western Division,NA,,Replace - Kenny W. Armstrong,229
Pickett,Court of Appeals - Western Division,NA,,Replace - Steve Stafford,240
Pickett,Court of Appeals - Western Division,NA,,Retain - Arnold B. Goldin,462
Pickett,Court of Appeals - Western Division,NA,,Retain - Carma Dennis McGee,454
Pickett,Court of Appeals - Western Division,NA,,Retain - Kenny W. Armstrong,466
Pickett,Court of Appeals - Western Division,NA,,Retain - Steve Stafford,452
Pickett,Court of Criminal Appeals - Eastern Division,NA,,"Replace - James C. Witt, Jr.",229
Pickett,Court of Criminal Appeals - Eastern Division,NA,,"Replace - Robert H. Montgomery, Jr.",227
Pickett,Court of Criminal Appeals - Eastern Division,NA,,"Retain - James C. Witt, Jr.",460
Pickett,Court of Criminal Appeals - Eastern Division,NA,,"Retain - Robert H. Montgomery, Jr.",464
Pickett,Court of Criminal Appeals - Middle Division,NA,,Replace - Jill Bartee Ayers,232
Pickett,Court of Criminal Appeals - Middle Division,NA,,"Replace - Robert L. Holloway, Jr.",232
Pickett,Court of Criminal Appeals - Middle Division,NA,,Replace - Robert W. Wedemeyer,241
Pickett,Court of Criminal Appeals - Middle Division,NA,,Replace - Timothy L. Easter,229
Pickett,Court of Criminal Appeals - Middle Division,NA,,Retain - Jill Bartee Ayers,468
Pickett,Court of Criminal Appeals - Middle Division,NA,,"Retain - Robert L. Holloway, Jr.",467
Pickett,Court of Criminal Appeals - Middle Division,NA,,Retain - Robert W. Wedemeyer,450
Pickett,Court of Criminal Appeals - Middle Division,NA,,Retain - Timothy L. Easter,464
Pickett,Court of Criminal Appeals - Western Division,NA,,Replace - Camille McMullen,240
Pickett,Court of Criminal Appeals - Western Division,NA,,Replace - J. Ross Dyer,230
Pickett,Court of Criminal Appeals - Western Division,NA,,Replace - John Everett Williams,233
Pickett,Court of Criminal Appeals - Western Division,NA,,"Replace - John W. Campbell, Sr.",237
Pickett,Court of Criminal Appeals - Western Division,NA,,Retain - Camille McMullen,452
Pickett,Court of Criminal Appeals - Western Division,NA,,Retain - J. Ross Dyer,458
Pickett,Court of Criminal Appeals - Western Division,NA,,Retain - John Everett Williams,462
Pickett,Court of Criminal Appeals - Western Division,NA,,"Retain - John W. Campbell, Sr.",455
Pickett,Supreme Court,NA,,Replace - Holly Kirby,231
Pickett,Supreme Court,NA,,Replace - Jeffrey S. Bivins,234
Pickett,Supreme Court,NA,,Replace - Roger A. Page,228
Pickett,Supreme Court,NA,,Replace - Sarah K. Campbell,229
Pickett,Supreme Court,NA,,Replace - Sharon Gail Lee,234
Pickett,Supreme Court,NA,,Retain - Holly Kirby,494
Pickett,Supreme Court,NA,,Retain - Jeffrey S. Bivins,526
Pickett,Supreme Court,NA,,Retain - Roger A. Page,479
Pickett,Supreme Court,NA,,Retain - Sarah K. Campbell,501
Pickett,Supreme Court,NA,,Retain - Sharon Gail Lee,486
Pickett,Governor,NA,Democratic,Carnita Faye Atwater,43
Pickett,Governor,NA,Democratic,JB Smiley Jr.,28
Pickett,Governor,NA,Democratic,Jason Brantley Martin,94
Pickett,Governor,NA,Republican,Bill Lee,957
Polk,Chancellor,10,Republican,Jerri Saunders Bryant,2281
Polk,Circuit Court Judge Part I,10,Republican,Michael E. Jenne,2338
Polk,Circuit Court Judge Part II,10,Republican,J. Michael Sharp,2336
Polk,Circuit Court Judge Part III,10,Republican,Andrew Mark Freiberg,2241
Polk,Criminal Court Judge,10,Republican,Sandra N. C. Donaghy,2376
Polk,District Attorney General,10,Republican,Steve Crump,2389
Polk,Public Defender,10,Republican,"Donald Leon Shahan, Jr.",2157
Polk,State Executive Committeeman,2,Democratic,J. Nathan Higdon,401
Polk,State Executive Committeewoman,2,Democratic,Pam Weston,366
Polk,State Executive Committeeman,2,Republican,Write-In - Mark Pulliam,2
Polk,State Executive Committeewoman,2,Republican,Cindy Hatcher,1022
Polk,State Executive Committeewoman,2,Republican,Julia Atchley-Pace,746
Polk,State House,22,Democratic,No Candidate Qualified,0
Polk,State House,22,Republican,Dan Howell,1852
Polk,U.S. House,3,Democratic,Meg Gorman,419
Polk,U.S. House,3,Republican,Chuck Fleischmann,1661
Polk,U.S. House,3,Republican,Sandy Casey,370
Polk,Court of Appeals - Eastern Division,NA,,Replace - John W. McClarty,574
Polk,Court of Appeals - Eastern Division,NA,,Replace - Kristi Davis,553
Polk,Court of Appeals - Eastern Division,NA,,Replace - Mike Swiney,567
Polk,Court of Appeals - Eastern Division,NA,,"Replace - Thomas R. ""Skip"" Frierson",560
Polk,Court of Appeals - Eastern Division,NA,,Retain - John W. McClarty,1305
Polk,Court of Appeals - Eastern Division,NA,,Retain - Kristi Davis,1377
Polk,Court of Appeals - Eastern Division,NA,,Retain - Mike Swiney,1288
Polk,Court of Appeals - Eastern Division,NA,,"Retain - Thomas R. ""Skip"" Frierson",1343
Polk,Court of Appeals - Middle Division,NA,,Replace - Andy D. Bennett,560
Polk,Court of Appeals - Middle Division,NA,,Replace - Frank Clement,573
Polk,Court of Appeals - Middle Division,NA,,Replace - Neal McBrayer,567
Polk,Court of Appeals - Middle Division,NA,,Retain - Andy D. Bennett,1313
Polk,Court of Appeals - Middle Division,NA,,Retain - Frank Clement,1307
Polk,Court of Appeals - Middle Division,NA,,Retain - Neal McBrayer,1274
Polk,Court of Appeals - Western Division,NA,,Replace - Arnold B. Goldin,587
Polk,Court of Appeals - Western Division,NA,,Replace - Carma Dennis McGee,583
Polk,Court of Appeals - Western Division,NA,,Replace - Kenny W. Armstrong,562
Polk,Court of Appeals - Western Division,NA,,Replace - Steve Stafford,570
Polk,Court of Appeals - Western Division,NA,,Retain - Arnold B. Goldin,1242
Polk,Court of Appeals - Western Division,NA,,Retain - Carma Dennis McGee,1260
Polk,Court of Appeals - Western Division,NA,,Retain - Kenny W. Armstrong,1298
Polk,Court of Appeals - Western Division,NA,,Retain - Steve Stafford,1327
Polk,Court of Criminal Appeals - Eastern Division,NA,,"Replace - James C. Witt, Jr.",588
Polk,Court of Criminal Appeals - Eastern Division,NA,,"Replace - Robert H. Montgomery, Jr.",580
Polk,Court of Criminal Appeals - Eastern Division,NA,,"Retain - James C. Witt, Jr.",1326
Polk,Court of Criminal Appeals - Eastern Division,NA,,"Retain - Robert H. Montgomery, Jr.",1368
Polk,Court of Criminal Appeals - Middle Division,NA,,Replace - Jill Bartee Ayers,581
Polk,Court of Criminal Appeals - Middle Division,NA,,"Replace - Robert L. Holloway, Jr.",589
Polk,Court of Criminal Appeals - Middle Division,NA,,Replace - Robert W. Wedemeyer,600
Polk,Court of Criminal Appeals - Middle Division,NA,,Replace - Timothy L. Easter,582
Polk,Court of Criminal Appeals - Middle Division,NA,,Retain - Jill Bartee Ayers,1297
Polk,Court of Criminal Appeals - Middle Division,NA,,"Retain - Robert L. Holloway, Jr.",1305
Polk,Court of Criminal Appeals - Middle Division,NA,,Retain - Robert W. Wedemeyer,1254
Polk,Court of Criminal Appeals - Middle Division,NA,,Retain - Timothy L. Easter,1278
Polk,Court of Criminal Appeals - Western Division,NA,,Replace - Camille McMullen,613
Polk,Court of Criminal Appeals - Western Division,NA,,Replace - J. Ross Dyer,592
Polk,Court of Criminal Appeals - Western Division,NA,,Replace - John Everett Williams,579
Polk,Court of Criminal Appeals - Western Division,NA,,"Replace - John W. Campbell, Sr.",584
Polk,Court of Criminal Appeals - Western Division,NA,,Retain - Camille McMullen,1263
Polk,Court of Criminal Appeals - Western Division,NA,,Retain - J. Ross Dyer,1282
Polk,Court of Criminal Appeals - Western Division,NA,,Retain - John Everett Williams,1311
Polk,Court of Criminal Appeals - Western Division,NA,,"Retain - John W. Campbell, Sr.",1301
Polk,Supreme Court,NA,,Replace - Holly Kirby,598
Polk,Supreme Court,NA,,Replace - Jeffrey S. Bivins,597
Polk,Supreme Court,NA,,Replace - Roger A. Page,597
Polk,Supreme Court,NA,,Replace - Sarah K. Campbell,560
Polk,Supreme Court,NA,,Replace - Sharon Gail Lee,603
Polk,Supreme Court,NA,,Retain - Holly Kirby,1364
Polk,Supreme Court,NA,,Retain - Jeffrey S. Bivins,1466
Polk,Supreme Court,NA,,Retain - Roger A. Page,1305
Polk,Supreme Court,NA,,Retain - Sarah K. Campbell,1412
Polk,Supreme Court,NA,,Retain - Sharon Gail Lee,1334
Polk,Governor,NA,Democratic,Carnita Faye Atwater,132
Polk,Governor,NA,Democratic,JB Smiley Jr.,98
Polk,Governor,NA,Democratic,Jason Brantley Martin,272
Polk,Governor,NA,Republican,Bill Lee,1959
Putnam,Circuit Court Judge Part I,13,Independent,Amy Turnbull Hollars,4090
Putnam,Chancellor,13,Republican,Ronald Thurman,6702
Putnam,Circuit Court Judge Part I,13,Republican,"William T. ""Will"" Ridley",4475
Putnam,Circuit Court Judge Part II,13,Republican,Caroline E. Knight,6362
Putnam,Criminal Court Judge Part I,13,Republican,Gary S. McKenzie,6467
Putnam,Criminal Court Judge Part II,13,Republican,Wesley Bray,6354
Putnam,District Attorney General,13,Republican,Bryant C. Dunaway,6635
Putnam,Public Defender,13,Republican,Craig P. Fickling Jr.,6237
Putnam,State Executive Committeeman,15,Democratic,No Candidate Qualified,0
Putnam,State Executive Committeewoman,15,Democratic,Anne Ferrell Quillen,1469
Putnam,State Senate,15,Democratic,No Candidate Qualified,0
Putnam,State Executive Committeeman,15,Republican,Bill Loos,654
Putnam,State Executive Committeeman,15,Republican,Mike Callahan,4041
Putnam,State Executive Committeewoman,15,Republican,Linda Clark,4757
Putnam,State Senate,15,Republican,Paul Bailey,5811
Putnam,State House,25,Democratic,Anne Ferrell Quillen,132
Putnam,State House,25,Republican,Cameron Sexton,742
Putnam,State House,42,Democratic,No Candidate Qualified,0
Putnam,State House,42,Republican,Ryan Williams,4926
Putnam,U.S. House,6,Democratic,Clay Faircloth,429
Putnam,U.S. House,6,Democratic,Randal Cooper,1158
Putnam,U.S. House,6,Republican,John Rose,5795
Putnam,Court of Appeals - Eastern Division,NA,,Replace - John W. McClarty,1605
Putnam,Court of Appeals - Eastern Division,NA,,Replace - Kristi Davis,1527
Putnam,Court of Appeals - Eastern Division,NA,,Replace - Mike Swiney,1545
Putnam,Court of Appeals - Eastern Division,NA,,"Replace - Thomas R. ""Skip"" Frierson",1576
Putnam,Court of Appeals - Eastern Division,NA,,Retain - John W. McClarty,4465
Putnam,Court of Appeals - Eastern Division,NA,,Retain - Kristi Davis,4581
Putnam,Court of Appeals - Eastern Division,NA,,Retain - Mike Swiney,4423
Putnam,Court of Appeals - Eastern Division,NA,,"Retain - Thomas R. ""Skip"" Frierson",4455
Putnam,Court of Appeals - Middle Division,NA,,Replace - Andy D. Bennett,1534
Putnam,Court of Appeals - Middle Division,NA,,Replace - Frank Clement,1607
Putnam,Court of Appeals - Middle Division,NA,,Replace - Neal McBrayer,1559
Putnam,Court of Appeals - Middle Division,NA,,Retain - Andy D. Bennett,4457
Putnam,Court of Appeals - Middle Division,NA,,Retain - Frank Clement,4552
Putnam,Court of Appeals - Middle Division,NA,,Retain - Neal McBrayer,4451
Putnam,Court of Appeals - Western Division,NA,,Replace - Arnold B. Goldin,1547
Putnam,Court of Appeals - Western Division,NA,,Replace - Carma Dennis McGee,1524
Putnam,Court of Appeals - Western Division,NA,,Replace - Kenny W. Armstrong,1520
Putnam,Court of Appeals - Western Division,NA,,Replace - Steve Stafford,1535
Putnam,Court of Appeals - Western Division,NA,,Retain - Arnold B. Goldin,4330
Putnam,Court of Appeals - Western Division,NA,,Retain - Carma Dennis McGee,4402
Putnam,Court of Appeals - Western Division,NA,,Retain - Kenny W. Armstrong,4368
Putnam,Court of Appeals - Western Division,NA,,Retain - Steve Stafford,4380
Putnam,Court of Criminal Appeals - Eastern Division,NA,,"Replace - James C. Witt, Jr.",1504
Putnam,Court of Criminal Appeals - Eastern Division,NA,,"Replace - Robert H. Montgomery, Jr.",1505
Putnam,Court of Criminal Appeals - Eastern Division,NA,,"Retain - James C. Witt, Jr.",4364
Putnam,Court of Criminal Appeals - Eastern Division,NA,,"Retain - Robert H. Montgomery, Jr.",4378
Putnam,Court of Criminal Appeals - Middle Division,NA,,Replace - Jill Bartee Ayers,1465
Putnam,Court of Criminal Appeals - Middle Division,NA,,"Replace - Robert L. Holloway, Jr.",1495
Putnam,Court of Criminal Appeals - Middle Division,NA,,Replace - Robert W. Wedemeyer,1538
Putnam,Court of Criminal Appeals - Middle Division,NA,,Replace - Timothy L. Easter,1504
Putnam,Court of Criminal Appeals - Middle Division,NA,,Retain - Jill Bartee Ayers,4493
Putnam,Court of Criminal Appeals - Middle Division,NA,,"Retain - Robert L. Holloway, Jr.",4417
Putnam,Court of Criminal Appeals - Middle Division,NA,,Retain - Robert W. Wedemeyer,4349
Putnam,Court of Criminal Appeals - Middle Division,NA,,Retain - Timothy L. Easter,4428
Putnam,Court of Criminal Appeals - Western Division,NA,,Replace - Camille McMullen,1515
Putnam,Court of Criminal Appeals - Western Division,NA,,Replace - J. Ross Dyer,1524
Putnam,Court of Criminal Appeals - Western Division,NA,,Replace - John Everett Williams,1493
Putnam,Court of Criminal Appeals - Western Division,NA,,"Replace - John W. Campbell, Sr.",1524
Putnam,Court of Criminal Appeals - Western Division,NA,,Retain - Camille McMullen,4446
Putnam,Court of Criminal Appeals - Western Division,NA,,Retain - J. Ross Dyer,4347
Putnam,Court of Criminal Appeals - Western Division,NA,,Retain - John Everett Williams,4456
Putnam,Court of Criminal Appeals - Western Division,NA,,"Retain - John W. Campbell, Sr.",4356
Putnam,Supreme Court,NA,,Replace - Holly Kirby,1553
Putnam,Supreme Court,NA,,Replace - Jeffrey S. Bivins,1685
Putnam,Supreme Court,NA,,Replace - Roger A. Page,1610
Putnam,Supreme Court,NA,,Replace - Sarah K. Campbell,1623
Putnam,Supreme Court,NA,,Replace - Sharon Gail Lee,1597
Putnam,Supreme Court,NA,,Retain - Holly Kirby,4661
Putnam,Supreme Court,NA,,Retain - Jeffrey S. Bivins,4621
Putnam,Supreme Court,NA,,Retain - Roger A. Page,4491
Putnam,Supreme Court,NA,,Retain - Sarah K. Campbell,4644
Putnam,Supreme Court,NA,,Retain - Sharon Gail Lee,4658
Putnam,Governor,NA,Democratic,Carnita Faye Atwater,425
Putnam,Governor,NA,Democratic,JB Smiley Jr.,533
Putnam,Governor,NA,Democratic,Jason Brantley Martin,805
Putnam,Governor,NA,Republican,Bill Lee,5706
Rhea,State Executive Committeeman,1,Democratic,Jack Waggett,349
Rhea,State Executive Committeewoman,1,Democratic,Patricia Waters,346
Rhea,State Senate,1,Democratic,Patricia Waters,385
Rhea,State Executive Committeeman,1,Republican,John S. Stanbery,1587
Rhea,State Executive Committeeman,1,Republican,Mitchell Jones,1246
Rhea,State Executive Committeewoman,1,Republican,Emily G. Beaty,1456
Rhea,State Executive Committeewoman,1,Republican,Sharon B. Anderson,1349
Rhea,State Senate,1,Republican,J. Adam Lowe,2116
Rhea,State Senate,1,Republican,Mark Hall,1847
Rhea,District Attorney General,12,Independent,Mike Taylor,2140
Rhea,Public Defender,12,Independent,Jeff Harmon,1219
Rhea,Chancellor,12,Republican,Missy Thomas Willis,3463
Rhea,Circuit Court Judge Part I,12,Republican,Bradley Sherman,3570
Rhea,Circuit Court Judge Part II,12,Republican,"John ""Cam"" Cameron",3717
Rhea,Circuit Court Judge Part III,12,Republican,Justin C. Angel,3761
Rhea,District Attorney General,12,Republican,Courtney Lynch,3234
Rhea,Public Defender,12,Republican,Ted Engel,3869
Rhea,State House,31,Democratic,David L Brown,385
Rhea,State House,31,Republican,Ron Travis,3944
Rhea,U.S. House,4,Democratic,Arnold J. White,161
Rhea,U.S. House,4,Democratic,Wayne Steele,243
Rhea,U.S. House,4,Republican,Scott DesJarlais,3671
Rhea,Court of Appeals - Eastern Division,NA,,Replace - John W. McClarty,549
Rhea,Court of Appeals - Eastern Division,NA,,Replace - Kristi Davis,523
Rhea,Court of Appeals - Eastern Division,NA,,Replace - Mike Swiney,518
Rhea,Court of Appeals - Eastern Division,NA,,"Replace - Thomas R. ""Skip"" Frierson",519
Rhea,Court of Appeals - Eastern Division,NA,,Retain - John W. McClarty,1735
Rhea,Court of Appeals - Eastern Division,NA,,Retain - Kristi Davis,1960
Rhea,Court of Appeals - Eastern Division,NA,,Retain - Mike Swiney,1757
Rhea,Court of Appeals - Eastern Division,NA,,"Retain - Thomas R. ""Skip"" Frierson",1831
Rhea,Court of Appeals - Middle Division,NA,,Replace - Andy D. Bennett,534
Rhea,Court of Appeals - Middle Division,NA,,Replace - Frank Clement,553
Rhea,Court of Appeals - Middle Division,NA,,Replace - Neal McBrayer,503
Rhea,Court of Appeals - Middle Division,NA,,Retain - Andy D. Bennett,1682
Rhea,Court of Appeals - Middle Division,NA,,Retain - Frank Clement,1741
Rhea,Court of Appeals - Middle Division,NA,,Retain - Neal McBrayer,1695
Rhea,Court of Appeals - Western Division,NA,,Replace - Arnold B. Goldin,509
Rhea,Court of Appeals - Western Division,NA,,Replace - Carma Dennis McGee,522
Rhea,Court of Appeals - Western Division,NA,,Replace - Kenny W. Armstrong,516
Rhea,Court of Appeals - Western Division,NA,,Replace - Steve Stafford,529
Rhea,Court of Appeals - Western Division,NA,,Retain - Arnold B. Goldin,1668
Rhea,Court of Appeals - Western Division,NA,,Retain - Carma Dennis McGee,1660
Rhea,Court of Appeals - Western Division,NA,,Retain - Kenny W. Armstrong,1670
Rhea,Court of Appeals - Western Division,NA,,Retain - Steve Stafford,1651
Rhea,Court of Criminal Appeals - Eastern Division,NA,,"Replace - James C. Witt, Jr.",509
Rhea,Court of Criminal Appeals - Eastern Division,NA,,"Replace - Robert H. Montgomery, Jr.",498
Rhea,Court of Criminal Appeals - Eastern Division,NA,,"Retain - James C. Witt, Jr.",1686
Rhea,Court of Criminal Appeals - Eastern Division,NA,,"Retain - Robert H. Montgomery, Jr.",1697
Rhea,Court of Criminal Appeals - Middle Division,NA,,Replace - Jill Bartee Ayers,503
Rhea,Court of Criminal Appeals - Middle Division,NA,,"Replace - Robert L. Holloway, Jr.",481
Rhea,Court of Criminal Appeals - Middle Division,NA,,Replace - Robert W. Wedemeyer,534
Rhea,Court of Criminal Appeals - Middle Division,NA,,Replace - Timothy L. Easter,499
Rhea,Court of Criminal Appeals - Middle Division,NA,,Retain - Jill Bartee Ayers,1678
Rhea,Court of Criminal Appeals - Middle Division,NA,,"Retain - Robert L. Holloway, Jr.",1744
Rhea,Court of Criminal Appeals - Middle Division,NA,,Retain - Robert W. Wedemeyer,1640
Rhea,Court of Criminal Appeals - Middle Division,NA,,Retain - Timothy L. Easter,1668
Rhea,Court of Criminal Appeals - Western Division,NA,,Replace - Camille McMullen,559
Rhea,Court of Criminal Appeals - Western Division,NA,,Replace - J. Ross Dyer,503
Rhea,Court of Criminal Appeals - Western Division,NA,,Replace - John Everett Williams,503
Rhea,Court of Criminal Appeals - Western Division,NA,,"Replace - John W. Campbell, Sr.",495
Rhea,Court of Criminal Appeals - Western Division,NA,,Retain - Camille McMullen,1627
Rhea,Court of Criminal Appeals - Western Division,NA,,Retain - J. Ross Dyer,1664
Rhea,Court of Criminal Appeals - Western Division,NA,,Retain - John Everett Williams,1685
Rhea,Court of Criminal Appeals - Western Division,NA,,"Retain - John W. Campbell, Sr.",1700
Rhea,Supreme Court,NA,,Replace - Holly Kirby,597
Rhea,Supreme Court,NA,,Replace - Jeffrey S. Bivins,645
Rhea,Supreme Court,NA,,Replace - Roger A. Page,593
Rhea,Supreme Court,NA,,Replace - Sarah K. Campbell,591
Rhea,Supreme Court,NA,,Replace - Sharon Gail Lee,656
Rhea,Supreme Court,NA,,Retain - Holly Kirby,2168
Rhea,Supreme Court,NA,,Retain - Jeffrey S. Bivins,2222
Rhea,Supreme Court,NA,,Retain - Roger A. Page,1992
Rhea,Supreme Court,NA,,Retain - Sarah K. Campbell,2220
Rhea,Supreme Court,NA,,Retain - Sharon Gail Lee,2133
Rhea,Governor,NA,Democratic,Carnita Faye Atwater,117
Rhea,Governor,NA,Democratic,JB Smiley Jr.,111
Rhea,Governor,NA,Democratic,Jason Brantley Martin,223
Rhea,Governor,NA,Republican,Bill Lee,4203
Roane,State Executive Committeeman,12,Democratic,No Candidate Qualified,0
Roane,State Executive Committeewoman,12,Democratic,No Candidate Qualified,0
Roane,State Executive Committeeman,12,Republican,Ben Gann,6222
Roane,State Executive Committeewoman,12,Republican,"Elizabeth ""Liz"" Holiway",6146
Roane,U.S. House,3,Democratic,Meg Gorman,1384
Roane,U.S. House,3,Republican,Chuck Fleischmann,5821
Roane,U.S. House,3,Republican,Sandy Casey,1631
Roane,State House,32,Democratic,Jan Hahn,1316
Roane,State House,32,Republican,Donnie Hall,1099
Roane,State House,32,Republican,Keaton Bowman,1490
Roane,State House,32,Republican,Monty Fritts,2312
Roane,State House,32,Republican,Randy Childs,627
Roane,State House,32,Republican,Teresa Pesterfield Kirkham,1810
Roane,State House,41,Democratic,No Candidate Qualified,0
Roane,State House,41,Republican,Bradley Hayes,71
Roane,State House,41,Republican,Ed Butler,183
Roane,State House,41,Republican,Michael C. Swisher,133
Roane,Chancellor,9,Independent,Frank Williams,4244
Roane,Chancellor,9,Independent,Tom McFarland,5086
Roane,Circuit Court Judge,9,Independent,Mike Pemberton,7906
Roane,Criminal Court Judge,9,Independent,Jeff Wicks,8221
Roane,District Attorney General,9,Independent,Russell Johnson,7912
Roane,Public Defender,9,Independent,Kim Nelson,7857
Roane,Court of Appeals - Eastern Division,NA,,Replace - John W. McClarty,2048
Roane,Court of Appeals - Eastern Division,NA,,Replace - Kristi Davis,1943
Roane,Court of Appeals - Eastern Division,NA,,Replace - Mike Swiney,1970
Roane,Court of Appeals - Eastern Division,NA,,"Replace - Thomas R. ""Skip"" Frierson",2031
Roane,Court of Appeals - Eastern Division,NA,,Retain - John W. McClarty,5171
Roane,Court of Appeals - Eastern Division,NA,,Retain - Kristi Davis,5432
Roane,Court of Appeals - Eastern Division,NA,,Retain - Mike Swiney,5228
Roane,Court of Appeals - Eastern Division,NA,,"Retain - Thomas R. ""Skip"" Frierson",5241
Roane,Court of Appeals - Middle Division,NA,,Replace - Andy D. Bennett,1987
Roane,Court of Appeals - Middle Division,NA,,Replace - Frank Clement,2002
Roane,Court of Appeals - Middle Division,NA,,Replace - Neal McBrayer,1957
Roane,Court of Appeals - Middle Division,NA,,Retain - Andy D. Bennett,5125
Roane,Court of Appeals - Middle Division,NA,,Retain - Frank Clement,5273
Roane,Court of Appeals - Middle Division,NA,,Retain - Neal McBrayer,5101
Roane,Court of Appeals - Western Division,NA,,Replace - Arnold B. Goldin,1949
Roane,Court of Appeals - Western Division,NA,,Replace - Carma Dennis McGee,1926
Roane,Court of Appeals - Western Division,NA,,Replace - Kenny W. Armstrong,1917
Roane,Court of Appeals - Western Division,NA,,Replace - Steve Stafford,1966
Roane,Court of Appeals - Western Division,NA,,Retain - Arnold B. Goldin,5031
Roane,Court of Appeals - Western Division,NA,,Retain - Carma Dennis McGee,5052
Roane,Court of Appeals - Western Division,NA,,Retain - Kenny W. Armstrong,5127
Roane,Court of Appeals - Western Division,NA,,Retain - Steve Stafford,4975
Roane,Court of Criminal Appeals - Eastern Division,NA,,"Replace - James C. Witt, Jr.",1833
Roane,Court of Criminal Appeals - Eastern Division,NA,,"Replace - Robert H. Montgomery, Jr.",1871
Roane,Court of Criminal Appeals - Eastern Division,NA,,"Retain - James C. Witt, Jr.",5128
Roane,Court of Criminal Appeals - Eastern Division,NA,,"Retain - Robert H. Montgomery, Jr.",5100
Roane,Court of Criminal Appeals - Middle Division,NA,,Replace - Jill Bartee Ayers,1829
Roane,Court of Criminal Appeals - Middle Division,NA,,"Replace - Robert L. Holloway, Jr.",1850
Roane,Court of Criminal Appeals - Middle Division,NA,,Replace - Robert W. Wedemeyer,1850
Roane,Court of Criminal Appeals - Middle Division,NA,,Replace - Timothy L. Easter,1830
Roane,Court of Criminal Appeals - Middle Division,NA,,Retain - Jill Bartee Ayers,5061
Roane,Court of Criminal Appeals - Middle Division,NA,,"Retain - Robert L. Holloway, Jr.",5000
Roane,Court of Criminal Appeals - Middle Division,NA,,Retain - Robert W. Wedemeyer,4932
Roane,Court of Criminal Appeals - Middle Division,NA,,Retain - Timothy L. Easter,5034
Roane,Court of Criminal Appeals - Western Division,NA,,Replace - Camille McMullen,1859
Roane,Court of Criminal Appeals - Western Division,NA,,Replace - J. Ross Dyer,1818
Roane,Court of Criminal Appeals - Western Division,NA,,Replace - John Everett Williams,1810
Roane,Court of Criminal Appeals - Western Division,NA,,"Replace - John W. Campbell, Sr.",1826
Roane,Court of Criminal Appeals - Western Division,NA,,Retain - Camille McMullen,4904
Roane,Court of Criminal Appeals - Western Division,NA,,Retain - J. Ross Dyer,4912
Roane,Court of Criminal Appeals - Western Division,NA,,Retain - John Everett Williams,4911
Roane,Court of Criminal Appeals - Western Division,NA,,"Retain - John W. Campbell, Sr.",4939
Roane,Supreme Court,NA,,Replace - Holly Kirby,2045
Roane,Supreme Court,NA,,Replace - Jeffrey S. Bivins,2258
Roane,Supreme Court,NA,,Replace - Roger A. Page,2138
Roane,Supreme Court,NA,,Replace - Sarah K. Campbell,2098
Roane,Supreme Court,NA,,Replace - Sharon Gail Lee,2107
Roane,Supreme Court,NA,,Retain - Holly Kirby,5467
Roane,Supreme Court,NA,,Retain - Jeffrey S. Bivins,5502
Roane,Supreme Court,NA,,Retain - Roger A. Page,5254
Roane,Supreme Court,NA,,Retain - Sarah K. Campbell,5498
Roane,Supreme Court,NA,,Retain - Sharon Gail Lee,5368
Roane,Governor,NA,Democratic,Carnita Faye Atwater,469
Roane,Governor,NA,Democratic,JB Smiley Jr.,334
Roane,Governor,NA,Democratic,Jason Brantley Martin,687
Roane,Governor,NA,Republican,Bill Lee,7029
Robertson,Chancellor,19,Independent,"Laurence M. McMillan, Jr.",1858
Robertson,Circuit Court Judge Part II,19,Independent,Bill Goodman,6893
Robertson,Circuit Court Judge Part III,19,Independent,Kimberly Turner,2219
Robertson,Chancellor,19,Republican,Ben Dean,6064
Robertson,Circuit Court Judge Part I,19,Republican,Adrienne G. Fry,6333
Robertson,Circuit Court Judge Part III,19,Republican,Joel Wallace,5269
Robertson,Circuit Court Judge Part IV,19,Republican,Robert T. Bateman,6101
Robertson,Circuit Court Judge Part V,19,Republican,Katy Olita,5863
Robertson,District Attorney General,19,Republican,Robert Nash,6133
Robertson,Public Defender,19,Republican,Roger Nell,5998
Robertson,State Executive Committeeman,23,Democratic,No Candidate Qualified,0
Robertson,State Executive Committeewoman,23,Democratic,No Candidate Qualified,0
Robertson,State Senate,23,Democratic,No Candidate Qualified,0
Robertson,State Executive Committeeman,23,Republican,Larry Hillis,5002
Robertson,State Executive Committeewoman,23,Republican,Mary Ann Parks,5056
Robertson,State Senate,23,Republican,Kerry Roberts,5733
Robertson,State House,66,Democratic,No Candidate Qualified,0
Robertson,State House,66,Republican,Sabi (Doc) Kumar,5864
Robertson,U.S. House,7,Democratic,Odessa Kelly,1145
Robertson,U.S. House,7,Republican,Mark E Green,5373
Robertson,Court of Appeals - Eastern Division,NA,,Replace - John W. McClarty,1536
Robertson,Court of Appeals - Eastern Division,NA,,Replace - Kristi Davis,1434
Robertson,Court of Appeals - Eastern Division,NA,,Replace - Mike Swiney,1483
Robertson,Court of Appeals - Eastern Division,NA,,"Replace - Thomas R. ""Skip"" Frierson",1516
Robertson,Court of Appeals - Eastern Division,NA,,Retain - John W. McClarty,4693
Robertson,Court of Appeals - Eastern Division,NA,,Retain - Kristi Davis,4820
Robertson,Court of Appeals - Eastern Division,NA,,Retain - Mike Swiney,4645
Robertson,Court of Appeals - Eastern Division,NA,,"Retain - Thomas R. ""Skip"" Frierson",4704
Robertson,Court of Appeals - Middle Division,NA,,Replace - Andy D. Bennett,1492
Robertson,Court of Appeals - Middle Division,NA,,Replace - Frank Clement,1593
Robertson,Court of Appeals - Middle Division,NA,,Replace - Neal McBrayer,1520
Robertson,Court of Appeals - Middle Division,NA,,Retain - Andy D. Bennett,4674
Robertson,Court of Appeals - Middle Division,NA,,Retain - Frank Clement,4717
Robertson,Court of Appeals - Middle Division,NA,,Retain - Neal McBrayer,4654
Robertson,Court of Appeals - Western Division,NA,,Replace - Arnold B. Goldin,1505
Robertson,Court of Appeals - Western Division,NA,,Replace - Carma Dennis McGee,1487
Robertson,Court of Appeals - Western Division,NA,,Replace - Kenny W. Armstrong,1461
Robertson,Court of Appeals - Western Division,NA,,Replace - Steve Stafford,1494
Robertson,Court of Appeals - Western Division,NA,,Retain - Arnold B. Goldin,4572
Robertson,Court of Appeals - Western Division,NA,,Retain - Carma Dennis McGee,4623
Robertson,Court of Appeals - Western Division,NA,,Retain - Kenny W. Armstrong,4596
Robertson,Court of Appeals - Western Division,NA,,Retain - Steve Stafford,4619
Robertson,Court of Criminal Appeals - Eastern Division,NA,,"Replace - James C. Witt, Jr.",1452
Robertson,Court of Criminal Appeals - Eastern Division,NA,,"Replace - Robert H. Montgomery, Jr.",1457
Robertson,Court of Criminal Appeals - Eastern Division,NA,,"Retain - James C. Witt, Jr.",4596
Robertson,Court of Criminal Appeals - Eastern Division,NA,,"Retain - Robert H. Montgomery, Jr.",4586
Robertson,Court of Criminal Appeals - Middle Division,NA,,Replace - Jill Bartee Ayers,1411
Robertson,Court of Criminal Appeals - Middle Division,NA,,"Replace - Robert L. Holloway, Jr.",1419
Robertson,Court of Criminal Appeals - Middle Division,NA,,Replace - Robert W. Wedemeyer,1469
Robertson,Court of Criminal Appeals - Middle Division,NA,,Replace - Timothy L. Easter,1480
Robertson,Court of Criminal Appeals - Middle Division,NA,,Retain - Jill Bartee Ayers,4808
Robertson,Court of Criminal Appeals - Middle Division,NA,,"Retain - Robert L. Holloway, Jr.",4629
Robertson,Court of Criminal Appeals - Middle Division,NA,,Retain - Robert W. Wedemeyer,4637
Robertson,Court of Criminal Appeals - Middle Division,NA,,Retain - Timothy L. Easter,4623
Robertson,Court of Criminal Appeals - Western Division,NA,,Replace - Camille McMullen,1502
Robertson,Court of Criminal Appeals - Western Division,NA,,Replace - J. Ross Dyer,1459
Robertson,Court of Criminal Appeals - Western Division,NA,,Replace - John Everett Williams,1439
Robertson,Court of Criminal Appeals - Western Division,NA,,"Replace - John W. Campbell, Sr.",1444
Robertson,Court of Criminal Appeals - Western Division,NA,,Retain - Camille McMullen,4583
Robertson,Court of Criminal Appeals - Western Division,NA,,Retain - J. Ross Dyer,4602
Robertson,Court of Criminal Appeals - Western Division,NA,,Retain - John Everett Williams,4654
Robertson,Court of Criminal Appeals - Western Division,NA,,"Retain - John W. Campbell, Sr.",4622
Robertson,Supreme Court,NA,,Replace - Holly Kirby,1470
Robertson,Supreme Court,NA,,Replace - Jeffrey S. Bivins,1540
Robertson,Supreme Court,NA,,Replace - Roger A. Page,1506
Robertson,Supreme Court,NA,,Replace - Sarah K. Campbell,1508
Robertson,Supreme Court,NA,,Replace - Sharon Gail Lee,1543
Robertson,Supreme Court,NA,,Retain - Holly Kirby,4869
Robertson,Supreme Court,NA,,Retain - Jeffrey S. Bivins,4889
Robertson,Supreme Court,NA,,Retain - Roger A. Page,4663
Robertson,Supreme Court,NA,,Retain - Sarah K. Campbell,4859
Robertson,Supreme Court,NA,,Retain - Sharon Gail Lee,4806
Robertson,Governor,NA,Democratic,Carnita Faye Atwater,363
Robertson,Governor,NA,Democratic,JB Smiley Jr.,298
Robertson,Governor,NA,Democratic,Jason Brantley Martin,677
Robertson,Governor,NA,Republican,Bill Lee,5959
Rutherford,State Executive Committeeman,13,Democratic,No Candidate Qualified,0
Rutherford,State Executive Committeewoman,13,Democratic,Kimberli Rose Jensen,5071
Rutherford,State House,13,Democratic,Jeff Crum,1499
Rutherford,State Senate,13,Democratic,Kelly Northcutt,5151
Rutherford,State Executive Committeeman,13,Republican,Jim Sandman,10242
Rutherford,State Executive Committeewoman,13,Republican,Myra Simons,10090
Rutherford,State House,13,Republican,Gabriel Fancher,1364
Rutherford,State House,13,Republican,Robert Stevens,2062
Rutherford,State Senate,13,Republican,Dawn White,11081
Rutherford,State Executive Committeeman,14,Democratic,No Candidate Qualified,0
Rutherford,State Executive Committeewoman,14,Democratic,Jane Tucker,2921
Rutherford,State Executive Committeeman,14,Republican,Richard T Floyd,4746
Rutherford,State Executive Committeewoman,14,Republican,Lynne Davis,4898
Rutherford,Circuit Court Judge Division I,16,Independent,Mark Rogers,13151
Rutherford,Circuit Court Judge Division I,16,Independent,Mike Jones,11917
Rutherford,Chancellor,16,Republican,Howard Wilson,18826
Rutherford,Circuit Court Judge Division II,16,Republican,Jimmy Turner,18950
Rutherford,Circuit Court Judge Division III,16,Republican,Barry R. Tidwell,19550
Rutherford,Circuit Court Judge Division IV,16,Republican,Jo Atwood,19594
Rutherford,Circuit Court Judge Division V,16,Republican,Darrell L. Scarlett,18919
Rutherford,District Attorney General,16,Republican,Jennings H. Jones,19412
Rutherford,Public Defender,16,Republican,Gerald Lynn Melton,18842
Rutherford,State House,34,Democratic,Laura Bohling,1862
Rutherford,State House,34,Republican,Tim Rudd,3240
Rutherford,State House,37,Democratic,Bill Levine,1587
Rutherford,State House,37,Republican,Charlie Baum,3658
Rutherford,U.S. House,4,Democratic,Arnold J. White,2998
Rutherford,U.S. House,4,Democratic,Wayne Steele,5241
Rutherford,U.S. House,4,Republican,Scott DesJarlais,16170
Rutherford,State House,48,Democratic,Matt Ferry,1910
Rutherford,State House,48,Republican,Bryan Terry,4606
Rutherford,State House,49,Democratic,Morgan Woodberry,1253
Rutherford,State House,49,Republican,Mike Sparks,2080
Rutherford,Court of Appeals - Eastern Division,NA,,Replace - John W. McClarty,7163
Rutherford,Court of Appeals - Eastern Division,NA,,Replace - Kristi Davis,6220
Rutherford,Court of Appeals - Eastern Division,NA,,Replace - Mike Swiney,6685
Rutherford,Court of Appeals - Eastern Division,NA,,"Replace - Thomas R. ""Skip"" Frierson",6797
Rutherford,Court of Appeals - Eastern Division,NA,,Retain - John W. McClarty,14676
Rutherford,Court of Appeals - Eastern Division,NA,,Retain - Kristi Davis,15599
Rutherford,Court of Appeals - Eastern Division,NA,,Retain - Mike Swiney,14869
Rutherford,Court of Appeals - Eastern Division,NA,,"Retain - Thomas R. ""Skip"" Frierson",14943
Rutherford,Court of Appeals - Middle Division,NA,,Replace - Andy D. Bennett,6930
Rutherford,Court of Appeals - Middle Division,NA,,Replace - Frank Clement,7142
Rutherford,Court of Appeals - Middle Division,NA,,Replace - Neal McBrayer,6738
Rutherford,Court of Appeals - Middle Division,NA,,Retain - Andy D. Bennett,14785
Rutherford,Court of Appeals - Middle Division,NA,,Retain - Frank Clement,14881
Rutherford,Court of Appeals - Middle Division,NA,,Retain - Neal McBrayer,14880
Rutherford,Court of Appeals - Western Division,NA,,Replace - Arnold B. Goldin,6610
Rutherford,Court of Appeals - Western Division,NA,,Replace - Carma Dennis McGee,6257
Rutherford,Court of Appeals - Western Division,NA,,Replace - Kenny W. Armstrong,6345
Rutherford,Court of Appeals - Western Division,NA,,Replace - Steve Stafford,7039
Rutherford,Court of Appeals - Western Division,NA,,Retain - Arnold B. Goldin,14670
Rutherford,Court of Appeals - Western Division,NA,,Retain - Carma Dennis McGee,15133
Rutherford,Court of Appeals - Western Division,NA,,Retain - Kenny W. Armstrong,15001
Rutherford,Court of Appeals - Western Division,NA,,Retain - Steve Stafford,14344
Rutherford,Court of Criminal Appeals - Eastern Division,NA,,"Replace - James C. Witt, Jr.",6431
Rutherford,Court of Criminal Appeals - Eastern Division,NA,,"Replace - Robert H. Montgomery, Jr.",6406
Rutherford,Court of Criminal Appeals - Eastern Division,NA,,"Retain - James C. Witt, Jr.",14848
Rutherford,Court of Criminal Appeals - Eastern Division,NA,,"Retain - Robert H. Montgomery, Jr.",14927
Rutherford,Court of Criminal Appeals - Middle Division,NA,,Replace - Jill Bartee Ayers,6206
Rutherford,Court of Criminal Appeals - Middle Division,NA,,"Replace - Robert L. Holloway, Jr.",6673
Rutherford,Court of Criminal Appeals - Middle Division,NA,,Replace - Robert W. Wedemeyer,6573
Rutherford,Court of Criminal Appeals - Middle Division,NA,,Replace - Timothy L. Easter,6464
Rutherford,Court of Criminal Appeals - Middle Division,NA,,Retain - Jill Bartee Ayers,15235
Rutherford,Court of Criminal Appeals - Middle Division,NA,,"Retain - Robert L. Holloway, Jr.",14747
Rutherford,Court of Criminal Appeals - Middle Division,NA,,Retain - Robert W. Wedemeyer,14702
Rutherford,Court of Criminal Appeals - Middle Division,NA,,Retain - Timothy L. Easter,14949
Rutherford,Court of Criminal Appeals - Western Division,NA,,Replace - Camille McMullen,6374
Rutherford,Court of Criminal Appeals - Western Division,NA,,Replace - J. Ross Dyer,6492
Rutherford,Court of Criminal Appeals - Western Division,NA,,Replace - John Everett Williams,6344
Rutherford,Court of Criminal Appeals - Western Division,NA,,"Replace - John W. Campbell, Sr.",6478
Rutherford,Court of Criminal Appeals - Western Division,NA,,Retain - Camille McMullen,15167
Rutherford,Court of Criminal Appeals - Western Division,NA,,Retain - J. Ross Dyer,14697
Rutherford,Court of Criminal Appeals - Western Division,NA,,Retain - John Everett Williams,14995
Rutherford,Court of Criminal Appeals - Western Division,NA,,"Retain - John W. Campbell, Sr.",14727
Rutherford,Supreme Court,NA,,Replace - Holly Kirby,6595
Rutherford,Supreme Court,NA,,Replace - Jeffrey S. Bivins,7270
Rutherford,Supreme Court,NA,,Replace - Roger A. Page,6920
Rutherford,Supreme Court,NA,,Replace - Sarah K. Campbell,6903
Rutherford,Supreme Court,NA,,Replace - Sharon Gail Lee,7231
Rutherford,Supreme Court,NA,,Retain - Holly Kirby,15755
Rutherford,Supreme Court,NA,,Retain - Jeffrey S. Bivins,15316
Rutherford,Supreme Court,NA,,Retain - Roger A. Page,15086
Rutherford,Supreme Court,NA,,Retain - Sarah K. Campbell,15571
Rutherford,Supreme Court,NA,,Retain - Sharon Gail Lee,15156
Rutherford,Governor,NA,Democratic,Carnita Faye Atwater,3077
Rutherford,Governor,NA,Democratic,JB Smiley Jr.,2107
Rutherford,Governor,NA,Democratic,Jason Brantley Martin,3865
Rutherford,Governor,NA,Republican,Bill Lee,17075
Scott,State Executive Committeeman,12,Democratic,No Candidate Qualified,0
Scott,State Executive Committeewoman,12,Democratic,No Candidate Qualified,0
Scott,State Executive Committeeman,12,Republican,Ben Gann,2375
Scott,State Executive Committeewoman,12,Republican,"Elizabeth ""Liz"" Holiway",2456
Scott,U.S. House,3,Democratic,Meg Gorman,76
Scott,U.S. House,3,Republican,Chuck Fleischmann,588
Scott,U.S. House,3,Republican,Sandy Casey,157
Scott,State House,38,Democratic,No Candidate Qualified,0
Scott,State House,38,Republican,Kelly T Keisling,3050
Scott,U.S. House,6,Democratic,Clay Faircloth,55
Scott,U.S. House,6,Democratic,Randal Cooper,163
Scott,U.S. House,6,Republican,John Rose,1945
Scott,Chancellor,8,Independent,Elizabeth C. Asbury,4731
Scott,Circuit Court Judge,8,Independent,John D. McAfee,4554
Scott,Criminal Court Judge,8,Independent,Graham E. Wilson,3641
Scott,Criminal Court Judge,8,Independent,Thomas J. Tabor Jr.,359
Scott,Criminal Court Judge,8,Independent,Zack Walden,1918
Scott,District Attorney General,8,Independent,Jared Effler,4992
Scott,Public Defender,8,Independent,Leif Jeffers,5248
Scott,Court of Appeals - Eastern Division,NA,,Replace - John W. McClarty,997
Scott,Court of Appeals - Eastern Division,NA,,Replace - Kristi Davis,957
Scott,Court of Appeals - Eastern Division,NA,,Replace - Mike Swiney,960
Scott,Court of Appeals - Eastern Division,NA,,"Replace - Thomas R. ""Skip"" Frierson",991
Scott,Court of Appeals - Eastern Division,NA,,Retain - John W. McClarty,2896
Scott,Court of Appeals - Eastern Division,NA,,Retain - Kristi Davis,2937
Scott,Court of Appeals - Eastern Division,NA,,Retain - Mike Swiney,2867
Scott,Court of Appeals - Eastern Division,NA,,"Retain - Thomas R. ""Skip"" Frierson",2901
Scott,Court of Appeals - Middle Division,NA,,Replace - Andy D. Bennett,964
Scott,Court of Appeals - Middle Division,NA,,Replace - Frank Clement,1010
Scott,Court of Appeals - Middle Division,NA,,Replace - Neal McBrayer,989
Scott,Court of Appeals - Middle Division,NA,,Retain - Andy D. Bennett,2838
Scott,Court of Appeals - Middle Division,NA,,Retain - Frank Clement,2808
Scott,Court of Appeals - Middle Division,NA,,Retain - Neal McBrayer,2807
Scott,Court of Appeals - Western Division,NA,,Replace - Arnold B. Goldin,963
Scott,Court of Appeals - Western Division,NA,,Replace - Carma Dennis McGee,965
Scott,Court of Appeals - Western Division,NA,,Replace - Kenny W. Armstrong,955
Scott,Court of Appeals - Western Division,NA,,Replace - Steve Stafford,981
Scott,Court of Appeals - Western Division,NA,,Retain - Arnold B. Goldin,2744
Scott,Court of Appeals - Western Division,NA,,Retain - Carma Dennis McGee,2749
Scott,Court of Appeals - Western Division,NA,,Retain - Kenny W. Armstrong,2771
Scott,Court of Appeals - Western Division,NA,,Retain - Steve Stafford,2735
Scott,Court of Criminal Appeals - Eastern Division,NA,,"Replace - James C. Witt, Jr.",953
Scott,Court of Criminal Appeals - Eastern Division,NA,,"Replace - Robert H. Montgomery, Jr.",926
Scott,Court of Criminal Appeals - Eastern Division,NA,,"Retain - James C. Witt, Jr.",2751
Scott,Court of Criminal Appeals - Eastern Division,NA,,"Retain - Robert H. Montgomery, Jr.",2793
Scott,Court of Criminal Appeals - Middle Division,NA,,Replace - Jill Bartee Ayers,962
Scott,Court of Criminal Appeals - Middle Division,NA,,"Replace - Robert L. Holloway, Jr.",937
Scott,Court of Criminal Appeals - Middle Division,NA,,Replace - Robert W. Wedemeyer,977
Scott,Court of Criminal Appeals - Middle Division,NA,,Replace - Timothy L. Easter,980
Scott,Court of Criminal Appeals - Middle Division,NA,,Retain - Jill Bartee Ayers,2731
Scott,Court of Criminal Appeals - Middle Division,NA,,"Retain - Robert L. Holloway, Jr.",2738
Scott,Court of Criminal Appeals - Middle Division,NA,,Retain - Robert W. Wedemeyer,2684
Scott,Court of Criminal Appeals - Middle Division,NA,,Retain - Timothy L. Easter,2717
Scott,Court of Criminal Appeals - Western Division,NA,,Replace - Camille McMullen,980
Scott,Court of Criminal Appeals - Western Division,NA,,Replace - J. Ross Dyer,974
Scott,Court of Criminal Appeals - Western Division,NA,,Replace - John Everett Williams,962
Scott,Court of Criminal Appeals - Western Division,NA,,"Replace - John W. Campbell, Sr.",938
Scott,Court of Criminal Appeals - Western Division,NA,,Retain - Camille McMullen,2727
Scott,Court of Criminal Appeals - Western Division,NA,,Retain - J. Ross Dyer,2707
Scott,Court of Criminal Appeals - Western Division,NA,,Retain - John Everett Williams,2741
Scott,Court of Criminal Appeals - Western Division,NA,,"Retain - John W. Campbell, Sr.",2743
Scott,Supreme Court,NA,,Replace - Holly Kirby,992
Scott,Supreme Court,NA,,Replace - Jeffrey S. Bivins,1041
Scott,Supreme Court,NA,,Replace - Roger A. Page,1004
Scott,Supreme Court,NA,,Replace - Sarah K. Campbell,995
Scott,Supreme Court,NA,,Replace - Sharon Gail Lee,1030
Scott,Supreme Court,NA,,Retain - Holly Kirby,3035
Scott,Supreme Court,NA,,Retain - Jeffrey S. Bivins,3059
Scott,Supreme Court,NA,,Retain - Roger A. Page,2921
Scott,Supreme Court,NA,,Retain - Sarah K. Campbell,3085
Scott,Supreme Court,NA,,Retain - Sharon Gail Lee,2993
Scott,Governor,NA,Democratic,Carnita Faye Atwater,106
Scott,Governor,NA,Democratic,JB Smiley Jr.,66
Scott,Governor,NA,Democratic,Jason Brantley Martin,137
Scott,Governor,NA,Republican,Bill Lee,2998
Sequatchie,State Executive Committeeman,10,Democratic,Chris Anderson,200
Sequatchie,State Executive Committeewoman,10,Democratic,Raquetta D. Dotley,198
Sequatchie,State Executive Committeeman,10,Republican,Kenneth J (Ken) Meyer,1325
Sequatchie,State Executive Committeewoman,10,Republican,Emily Goldberg,813
Sequatchie,State Executive Committeewoman,10,Republican,Suzanne Schoolfield Sapp,549
Sequatchie,District Attorney General,12,Independent,Mike Taylor,671
Sequatchie,Public Defender,12,Independent,Jeff Harmon,1454
Sequatchie,Chancellor,12,Republican,Missy Thomas Willis,1807
Sequatchie,Circuit Court Judge Part I,12,Republican,Bradley Sherman,1767
Sequatchie,Circuit Court Judge Part II,12,Republican,"John ""Cam"" Cameron",1929
Sequatchie,Circuit Court Judge Part III,12,Republican,Justin C. Angel,1894
Sequatchie,District Attorney General,12,Republican,Courtney Lynch,1589
Sequatchie,Public Defender,12,Republican,Ted Engel,949
Sequatchie,State House,31,Democratic,David L Brown,209
Sequatchie,State House,31,Republican,Ron Travis,1668
Sequatchie,U.S. House,4,Democratic,Arnold J. White,63
Sequatchie,U.S. House,4,Democratic,Wayne Steele,146
Sequatchie,U.S. House,4,Republican,Scott DesJarlais,1592
Sequatchie,Court of Appeals - Eastern Division,NA,,Replace - John W. McClarty,380
Sequatchie,Court of Appeals - Eastern Division,NA,,Replace - Kristi Davis,364
Sequatchie,Court of Appeals - Eastern Division,NA,,Replace - Mike Swiney,362
Sequatchie,Court of Appeals - Eastern Division,NA,,"Replace - Thomas R. ""Skip"" Frierson",367
Sequatchie,Court of Appeals - Eastern Division,NA,,Retain - John W. McClarty,1274
Sequatchie,Court of Appeals - Eastern Division,NA,,Retain - Kristi Davis,1298
Sequatchie,Court of Appeals - Eastern Division,NA,,Retain - Mike Swiney,1261
Sequatchie,Court of Appeals - Eastern Division,NA,,"Retain - Thomas R. ""Skip"" Frierson",1293
Sequatchie,Court of Appeals - Middle Division,NA,,Replace - Andy D. Bennett,361
Sequatchie,Court of Appeals - Middle Division,NA,,Replace - Frank Clement,381
Sequatchie,Court of Appeals - Middle Division,NA,,Replace - Neal McBrayer,368
Sequatchie,Court of Appeals - Middle Division,NA,,Retain - Andy D. Bennett,1267
Sequatchie,Court of Appeals - Middle Division,NA,,Retain - Frank Clement,1273
Sequatchie,Court of Appeals - Middle Division,NA,,Retain - Neal McBrayer,1272
Sequatchie,Court of Appeals - Western Division,NA,,Replace - Arnold B. Goldin,360
Sequatchie,Court of Appeals - Western Division,NA,,Replace - Carma Dennis McGee,362
Sequatchie,Court of Appeals - Western Division,NA,,Replace - Kenny W. Armstrong,368
Sequatchie,Court of Appeals - Western Division,NA,,Replace - Steve Stafford,375
Sequatchie,Court of Appeals - Western Division,NA,,Retain - Arnold B. Goldin,1249
Sequatchie,Court of Appeals - Western Division,NA,,Retain - Carma Dennis McGee,1252
Sequatchie,Court of Appeals - Western Division,NA,,Retain - Kenny W. Armstrong,1236
Sequatchie,Court of Appeals - Western Division,NA,,Retain - Steve Stafford,1247
Sequatchie,Court of Criminal Appeals - Eastern Division,NA,,"Replace - James C. Witt, Jr.",363
Sequatchie,Court of Criminal Appeals - Eastern Division,NA,,"Replace - Robert H. Montgomery, Jr.",360
Sequatchie,Court of Criminal Appeals - Eastern Division,NA,,"Retain - James C. Witt, Jr.",1237
Sequatchie,Court of Criminal Appeals - Eastern Division,NA,,"Retain - Robert H. Montgomery, Jr.",1241
Sequatchie,Court of Criminal Appeals - Middle Division,NA,,Replace - Jill Bartee Ayers,366
Sequatchie,Court of Criminal Appeals - Middle Division,NA,,"Replace - Robert L. Holloway, Jr.",358
Sequatchie,Court of Criminal Appeals - Middle Division,NA,,Replace - Robert W. Wedemeyer,375
Sequatchie,Court of Criminal Appeals - Middle Division,NA,,Replace - Timothy L. Easter,366
Sequatchie,Court of Criminal Appeals - Middle Division,NA,,Retain - Jill Bartee Ayers,1235
Sequatchie,Court of Criminal Appeals - Middle Division,NA,,"Retain - Robert L. Holloway, Jr.",1217
Sequatchie,Court of Criminal Appeals - Middle Division,NA,,Retain - Robert W. Wedemeyer,1216
Sequatchie,Court of Criminal Appeals - Middle Division,NA,,Retain - Timothy L. Easter,1238
Sequatchie,Court of Criminal Appeals - Western Division,NA,,Replace - Camille McMullen,380
Sequatchie,Court of Criminal Appeals - Western Division,NA,,Replace - J. Ross Dyer,375
Sequatchie,Court of Criminal Appeals - Western Division,NA,,Replace - John Everett Williams,376
Sequatchie,Court of Criminal Appeals - Western Division,NA,,"Replace - John W. Campbell, Sr.",369
Sequatchie,Court of Criminal Appeals - Western Division,NA,,Retain - Camille McMullen,1220
Sequatchie,Court of Criminal Appeals - Western Division,NA,,Retain - J. Ross Dyer,1219
Sequatchie,Court of Criminal Appeals - Western Division,NA,,Retain - John Everett Williams,1229
Sequatchie,Court of Criminal Appeals - Western Division,NA,,"Retain - John W. Campbell, Sr.",1224
Sequatchie,Supreme Court,NA,,Replace - Holly Kirby,382
Sequatchie,Supreme Court,NA,,Replace - Jeffrey S. Bivins,405
Sequatchie,Supreme Court,NA,,Replace - Roger A. Page,385
Sequatchie,Supreme Court,NA,,Replace - Sarah K. Campbell,383
Sequatchie,Supreme Court,NA,,Replace - Sharon Gail Lee,403
Sequatchie,Supreme Court,NA,,Retain - Holly Kirby,1305
Sequatchie,Supreme Court,NA,,Retain - Jeffrey S. Bivins,1309
Sequatchie,Supreme Court,NA,,Retain - Roger A. Page,1261
Sequatchie,Supreme Court,NA,,Retain - Sarah K. Campbell,1328
Sequatchie,Supreme Court,NA,,Retain - Sharon Gail Lee,1291
Sequatchie,Governor,NA,Democratic,Carnita Faye Atwater,52
Sequatchie,Governor,NA,Democratic,JB Smiley Jr.,42
Sequatchie,Governor,NA,Democratic,Jason Brantley Martin,122
Sequatchie,Governor,NA,Republican,Bill Lee,1707
Sevier,U.S. House,1,Democratic,Cameron Parsons,474
Sevier,U.S. House,1,Republican,Diana Lynn Harshbarger,2960
Sevier,State House,12,Democratic,No Candidate Qualified,0
Sevier,State House,12,Republican,Dale Carr,2028
Sevier,State House,17,Democratic,No Candidate Qualified,0
Sevier,State House,17,Republican,Andrew Ellis Farmer,924
Sevier,Circuit Court Judge Part I,4,Republican,Carter S. Moore,3093
Sevier,Circuit Court Judge Part II,4,Republican,Jim Gass,3144
Sevier,Circuit Court Judge Part III,4,Republican,Rex Henry Ogle,3292
Sevier,Circuit Court Judge Part IV,4,Republican,Duane Slone,3114
Sevier,District Attorney General,4,Republican,"James B. ""Jimmy"" Dunn",3199
Sevier,Public Defender,4,Republican,Rebecca V. Lee,3004
Sevier,Chancellor,4/5,Republican,Jim Ripley,3127
Sevier,State Executive Committeeman,8,Democratic,Rodney Fugate,337
Sevier,State Executive Committeewoman,8,Democratic,Barbara Wagner,353
Sevier,State Executive Committeeman,8,Republican,David A. Bishop,2000
Sevier,State Executive Committeewoman,8,Republican,No Candidate Qualified,0
Sevier,State Executive Committeeman,9,Democratic,Darrell Key,122
Sevier,State Executive Committeewoman,9,Democratic,Marjorie Ramsey,118
Sevier,State Senate,9,Democratic,Sara Thompson,126
Sevier,State Executive Committeeman,9,Republican,Brett Purgason,71
Sevier,State Executive Committeeman,9,Republican,Daryl Brady,282
Sevier,State Executive Committeeman,9,Republican,Josh Collins,327
Sevier,State Executive Committeewoman,9,Republican,Nancy Wilson,724
Sevier,State Senate,9,Republican,Steve Southerland,755
Sevier,Court of Appeals - Eastern Division,NA,,Replace - John W. McClarty,543
Sevier,Court of Appeals - Eastern Division,NA,,Replace - Kristi Davis,547
Sevier,Court of Appeals - Eastern Division,NA,,Replace - Mike Swiney,540
Sevier,Court of Appeals - Eastern Division,NA,,"Replace - Thomas R. ""Skip"" Frierson",573
Sevier,Court of Appeals - Eastern Division,NA,,Retain - John W. McClarty,2528
Sevier,Court of Appeals - Eastern Division,NA,,Retain - Kristi Davis,2548
Sevier,Court of Appeals - Eastern Division,NA,,Retain - Mike Swiney,2530
Sevier,Court of Appeals - Eastern Division,NA,,"Retain - Thomas R. ""Skip"" Frierson",2511
Sevier,Court of Appeals - Middle Division,NA,,Replace - Andy D. Bennett,551
Sevier,Court of Appeals - Middle Division,NA,,Replace - Frank Clement,577
Sevier,Court of Appeals - Middle Division,NA,,Replace - Neal McBrayer,536
Sevier,Court of Appeals - Middle Division,NA,,Retain - Andy D. Bennett,2496
Sevier,Court of Appeals - Middle Division,NA,,Retain - Frank Clement,2486
Sevier,Court of Appeals - Middle Division,NA,,Retain - Neal McBrayer,2488
Sevier,Court of Appeals - Western Division,NA,,Replace - Arnold B. Goldin,555
Sevier,Court of Appeals - Western Division,NA,,Replace - Carma Dennis McGee,537
Sevier,Court of Appeals - Western Division,NA,,Replace - Kenny W. Armstrong,540
Sevier,Court of Appeals - Western Division,NA,,Replace - Steve Stafford,539
Sevier,Court of Appeals - Western Division,NA,,Retain - Arnold B. Goldin,2434
Sevier,Court of Appeals - Western Division,NA,,Retain - Carma Dennis McGee,2461
Sevier,Court of Appeals - Western Division,NA,,Retain - Kenny W. Armstrong,2479
Sevier,Court of Appeals - Western Division,NA,,Retain - Steve Stafford,2455
Sevier,Court of Criminal Appeals - Eastern Division,NA,,"Replace - James C. Witt, Jr.",527
Sevier,Court of Criminal Appeals - Eastern Division,NA,,"Replace - Robert H. Montgomery, Jr.",521
Sevier,Court of Criminal Appeals - Eastern Division,NA,,"Retain - James C. Witt, Jr.",2473
Sevier,Court of Criminal Appeals - Eastern Division,NA,,"Retain - Robert H. Montgomery, Jr.",2581
Sevier,Court of Criminal Appeals - Middle Division,NA,,Replace - Jill Bartee Ayers,496
Sevier,Court of Criminal Appeals - Middle Division,NA,,"Replace - Robert L. Holloway, Jr.",536
Sevier,Court of Criminal Appeals - Middle Division,NA,,Replace - Robert W. Wedemeyer,551
Sevier,Court of Criminal Appeals - Middle Division,NA,,Replace - Timothy L. Easter,533
Sevier,Court of Criminal Appeals - Middle Division,NA,,Retain - Jill Bartee Ayers,2496
Sevier,Court of Criminal Appeals - Middle Division,NA,,"Retain - Robert L. Holloway, Jr.",2422
Sevier,Court of Criminal Appeals - Middle Division,NA,,Retain - Robert W. Wedemeyer,2393
Sevier,Court of Criminal Appeals - Middle Division,NA,,Retain - Timothy L. Easter,2433
Sevier,Court of Criminal Appeals - Western Division,NA,,Replace - Camille McMullen,520
Sevier,Court of Criminal Appeals - Western Division,NA,,Replace - J. Ross Dyer,528
Sevier,Court of Criminal Appeals - Western Division,NA,,Replace - John Everett Williams,521
Sevier,Court of Criminal Appeals - Western Division,NA,,"Replace - John W. Campbell, Sr.",528
Sevier,Court of Criminal Appeals - Western Division,NA,,Retain - Camille McMullen,2433
Sevier,Court of Criminal Appeals - Western Division,NA,,Retain - J. Ross Dyer,2417
Sevier,Court of Criminal Appeals - Western Division,NA,,Retain - John Everett Williams,2407
Sevier,Court of Criminal Appeals - Western Division,NA,,"Retain - John W. Campbell, Sr.",2417
Sevier,Supreme Court,NA,,Replace - Holly Kirby,557
Sevier,Supreme Court,NA,,Replace - Jeffrey S. Bivins,618
Sevier,Supreme Court,NA,,Replace - Roger A. Page,595
Sevier,Supreme Court,NA,,Replace - Sarah K. Campbell,584
Sevier,Supreme Court,NA,,Replace - Sharon Gail Lee,590
Sevier,Supreme Court,NA,,Retain - Holly Kirby,2567
Sevier,Supreme Court,NA,,Retain - Jeffrey S. Bivins,2581
Sevier,Supreme Court,NA,,Retain - Roger A. Page,2504
Sevier,Supreme Court,NA,,Retain - Sarah K. Campbell,2586
Sevier,Supreme Court,NA,,Retain - Sharon Gail Lee,2537
Sevier,Governor,NA,Democratic,Carnita Faye Atwater,89
Sevier,Governor,NA,Democratic,JB Smiley Jr.,159
Sevier,Governor,NA,Democratic,Jason Brantley Martin,273
Sevier,Governor,NA,Republican,Bill Lee,2930
Shelby,State Executive Committeeman,29,Democratic,Darrick Dee Harris,21236
Shelby,State Executive Committeewoman,29,Democratic,Allison Brownlee,20626
Shelby,State Senate,29,Democratic,Raumesh Akbari,21565
Shelby,State Executive Committeeman,29,Republican,Terry A Roland,3312
Shelby,State Executive Committeewoman,29,Republican,Tina McElravey,2984
Shelby,State Senate,29,Republican,No Candidate Qualified,0
Shelby,District Attorney General,30,Democratic,Steve Mulroy,76337
Shelby,State Executive Committeeman,30,Democratic,Allan Creasy,13670
Shelby,State Executive Committeewoman,30,Democratic,Jasmine Boyd,10905
Shelby,State Executive Committeewoman,30,Democratic,Norma Lester,3985
Shelby,Chancellor Part I,30,Independent,Gadson William Perry,47445
Shelby,Chancellor Part I,30,Independent,Melanie Taylor Jefferson,65909
Shelby,Chancellor Part II,30,Independent,Jim Kyle,106881
Shelby,Chancellor Part III,30,Independent,Joe Jenkins,81098
Shelby,Chancellor Part III,30,Independent,Richard Parks,28437
Shelby,Circuit Court Judge Division I,30,Independent,Felicia Corbin-Johnson,113762
Shelby,Circuit Court Judge Division II,30,Independent,Carlos A. Bibbs,45123
Shelby,Circuit Court Judge Division II,30,Independent,Carol J. Chumney,52090
Shelby,Circuit Court Judge Division II,30,Independent,Kenneth M. Margolis,27132
Shelby,Circuit Court Judge Division III,30,Independent,Valerie L. Smith,112670
Shelby,Circuit Court Judge Division IV,30,Independent,Gina Carol Higgins,113158
Shelby,Circuit Court Judge Division IX,30,Independent,Yolanda Kight Brown,105351
Shelby,Circuit Court Judge Division V,30,Independent,Rhynette Northcross Hurd,106144
Shelby,Circuit Court Judge Division VI,30,Independent,Cedrick D. Wooten,65759
Shelby,Circuit Court Judge Division VI,30,Independent,Stuart Breakstone,48875
Shelby,Circuit Court Judge Division VII,30,Independent,Mary L. Wagner,74298
Shelby,Circuit Court Judge Division VII,30,Independent,Paul A. Robinson Jr.,42661
Shelby,Circuit Court Judge Division VIII,30,Independent,Damita Dandridge,57936
Shelby,Circuit Court Judge Division VIII,30,Independent,Larry E. Parrish,20620
Shelby,Circuit Court Judge Division VIII,30,Independent,"Robert ""Bob"" Weiss",43428
Shelby,Criminal Court Judge Division I,30,Independent,Michael G. Floyd,54589
Shelby,Criminal Court Judge Division I,30,Independent,Paula Skahan,62253
Shelby,Criminal Court Judge Division II,30,Independent,Amy G. Mayne,11020
Shelby,Criminal Court Judge Division II,30,Independent,Gregory Thomas Carman,19129
Shelby,Criminal Court Judge Division II,30,Independent,Jennifer Fitzgerald,44048
Shelby,Criminal Court Judge Division II,30,Independent,Joe Ozment,34773
Shelby,Criminal Court Judge Division II,30,Independent,Samuel D. Winnig,7315
Shelby,Criminal Court Judge Division III,30,Independent,James Jones,68205
Shelby,Criminal Court Judge Division III,30,Independent,Michael R. McCusker,44840
Shelby,Criminal Court Judge Division IV,30,Independent,Carolyn Blackett,105313
Shelby,Criminal Court Judge Division IX,30,Independent,A. Melissa Boyd,57686
Shelby,Criminal Court Judge Division IX,30,Independent,Mark Ward,57521
Shelby,Criminal Court Judge Division V,30,Independent,Carlyn Addison,65124
Shelby,Criminal Court Judge Division V,30,Independent,Christopher J. Lareau,49192
Shelby,Criminal Court Judge Division VI,30,Independent,David L. Pool,49115
Shelby,Criminal Court Judge Division VI,30,Independent,Reginald Henderson,48020
Shelby,Criminal Court Judge Division VI,30,Independent,Ross Sampson,18293
Shelby,Criminal Court Judge Division VII,30,Independent,Kenya Brooks,55924
Shelby,Criminal Court Judge Division VII,30,Independent,Lee V. Coffee,62976
Shelby,Criminal Court Judge Division VIII,30,Independent,Chris Craft,86306
Shelby,Criminal Court Judge Division VIII,30,Independent,Sanjeev Memula,32268
Shelby,Criminal Court Judge Division X,30,Independent,Jennifer Johnson Mitchell,106908
Shelby,Probate Court Judge Division I,30,Independent,Kathleen N. Gomes,107024
Shelby,Probate Court Judge Division II,30,Independent,Joe Townsend,66227
Shelby,Probate Court Judge Division II,30,Independent,Karen D. Webster,47683
Shelby,District Attorney General,30,Republican,Amy Weirich,59380
Shelby,State Executive Committeeman,30,Republican,Tim Beacham,4272
Shelby,State Executive Committeewoman,30,Republican,No Candidate Qualified,0
Shelby,State Executive Committeeman,31,Democratic,Dave Cambron,11633
Shelby,State Executive Committeewoman,31,Democratic,Sarah W. Freeman,11817
Shelby,State Senate,31,Democratic,Ruby Powell-Dennis,12207
Shelby,State Executive Committeeman,31,Republican,Arnold Weiner,5317
Shelby,State Executive Committeeman,31,Republican,George Chism,16315
Shelby,State Executive Committeewoman,31,Republican,Peggy C. Larkin,22233
Shelby,State Senate,31,Republican,Brent Taylor,24854
Shelby,State Executive Committeeman,32,Democratic,No Candidate Qualified,0
Shelby,State Executive Committeewoman,32,Democratic,Deborah K. Reed,6307
Shelby,State Executive Committeeman,32,Republican,Lee Mills,7974
Shelby,State Executive Committeewoman,32,Republican,Charlotte Kelley,7709
Shelby,State Executive Committeeman,33,Democratic,Jonathan Carroll,16489
Shelby,State Executive Committeewoman,33,Democratic,Rosemary Winters,16495
Shelby,State Senate,33,Democratic,London Lamar,12661
Shelby,State Senate,33,Democratic,Marion Latroy Alexandria-Williams Jr,3166
Shelby,State Senate,33,Democratic,Rhonnie Brewer,2645
Shelby,State Executive Committeeman,33,Republican,No Candidate Qualified,0
Shelby,State Executive Committeewoman,33,Republican,No Candidate Qualified,0
Shelby,State Senate,33,Republican,Frederick D. Tappan,2589
Shelby,U.S. House,8,Democratic,Lynnette P. Williams,6810
Shelby,U.S. House,8,Democratic,Tim McDonald,3896
Shelby,U.S. House,8,Republican,Bob Hendry,2977
Shelby,U.S. House,8,Republican,Danny Ray Bridger Jr,1005
Shelby,U.S. House,8,Republican,David Kustoff,24257
Shelby,U.S. House,8,Republican,Gary Dean Clouse,537
Shelby,State House,83,Democratic,No Candidate Qualified,0
Shelby,State House,83,Republican,Mark White,8638
Shelby,State House,84,Democratic,Brandon Price,1134
Shelby,State House,84,Democratic,Joe Towns Jr.,4002
Shelby,State House,84,Republican,No Candidate Qualified,0
Shelby,State House,85,Democratic,Jesse Chism,8274
Shelby,State House,85,Democratic,Phyllis Parks,1916
Shelby,State House,85,Republican,No Candidate Qualified,0
Shelby,State House,86,Democratic,Barbara L. Cooper,5233
Shelby,State House,86,Democratic,Will Richardson,1395
Shelby,State House,86,Republican,No Candidate Qualified,0
Shelby,State House,87,Democratic,Karen Camper,5562
Shelby,State House,87,Republican,No Candidate Qualified,0
Shelby,State House,88,Democratic,Larry J. Miller,5608
Shelby,State House,88,Republican,No Candidate Qualified,0
Shelby,U.S. House,9,Democratic,M. Latroy Alexandria-Williams,8375
Shelby,U.S. House,9,Democratic,Steve Cohen,61611
Shelby,U.S. House,9,Democratic,Write-In - Ollie O. Nelson,2
Shelby,U.S. House,9,Republican,Brown Dudley,7813
Shelby,U.S. House,9,Republican,Charlotte Bergmann,9384
Shelby,U.S. House,9,Republican,Leo AwGoWhat,867
Shelby,State House,91,Democratic,Barbara Farmer-Tolbert,3288
Shelby,State House,91,Democratic,Torrey C. Harris,4639
Shelby,State House,91,Republican,No Candidate Qualified,0
Shelby,State House,93,Democratic,"G.A. Hardaway, Sr.",5150
Shelby,State House,93,Republican,No Candidate Qualified,0
Shelby,State House,95,Democratic,Patricia Causey,2834
Shelby,State House,95,Republican,Kevin Vaughan,8481
Shelby,State House,96,Democratic,Dwayne Thompson,6674
Shelby,State House,96,Republican,No Candidate Qualified,0
Shelby,State House,97,Democratic,Houston Wolf,2835
Shelby,State House,97,Democratic,Toniko S. Harris,2855
Shelby,State House,97,Republican,John Gillespie,7897
Shelby,State House,98,Democratic,Antonio Parkinson,5431
Shelby,State House,98,Republican,No Candidate Qualified,0
Shelby,State House,99,Democratic,No Candidate Qualified,0
Shelby,State House,99,Republican,Lee Mills,2565
Shelby,State House,99,Republican,Tom Leatherwood,6526
Shelby,Court of Appeals - Eastern Division,NA,,Replace - John W. McClarty,41080
Shelby,Court of Appeals - Eastern Division,NA,,Replace - Kristi Davis,37570
Shelby,Court of Appeals - Eastern Division,NA,,Replace - Mike Swiney,41145
Shelby,Court of Appeals - Eastern Division,NA,,"Replace - Thomas R. ""Skip"" Frierson",41415
Shelby,Court of Appeals - Eastern Division,NA,,Retain - John W. McClarty,70652
Shelby,Court of Appeals - Eastern Division,NA,,Retain - Kristi Davis,74967
Shelby,Court of Appeals - Eastern Division,NA,,Retain - Mike Swiney,70227
Shelby,Court of Appeals - Eastern Division,NA,,"Retain - Thomas R. ""Skip"" Frierson",70594
Shelby,Court of Appeals - Middle Division,NA,,Replace - Andy D. Bennett,39991
Shelby,Court of Appeals - Middle Division,NA,,Replace - Frank Clement,40055
Shelby,Court of Appeals - Middle Division,NA,,Replace - Neal McBrayer,40384
Shelby,Court of Appeals - Middle Division,NA,,Retain - Andy D. Bennett,71068
Shelby,Court of Appeals - Middle Division,NA,,Retain - Frank Clement,71524
Shelby,Court of Appeals - Middle Division,NA,,Retain - Neal McBrayer,70223
Shelby,Court of Appeals - Western Division,NA,,Replace - Arnold B. Goldin,38994
Shelby,Court of Appeals - Western Division,NA,,Replace - Carma Dennis McGee,35952
Shelby,Court of Appeals - Western Division,NA,,Replace - Kenny W. Armstrong,34702
Shelby,Court of Appeals - Western Division,NA,,Replace - Steve Stafford,37816
Shelby,Court of Appeals - Western Division,NA,,Retain - Arnold B. Goldin,72318
Shelby,Court of Appeals - Western Division,NA,,Retain - Carma Dennis McGee,74719
Shelby,Court of Appeals - Western Division,NA,,Retain - Kenny W. Armstrong,76959
Shelby,Court of Appeals - Western Division,NA,,Retain - Steve Stafford,73053
Shelby,Court of Criminal Appeals - Eastern Division,NA,,"Replace - James C. Witt, Jr.",38823
Shelby,Court of Criminal Appeals - Eastern Division,NA,,"Replace - Robert H. Montgomery, Jr.",37728
Shelby,Court of Criminal Appeals - Eastern Division,NA,,"Retain - James C. Witt, Jr.",71388
Shelby,Court of Criminal Appeals - Eastern Division,NA,,"Retain - Robert H. Montgomery, Jr.",72772
Shelby,Court of Criminal Appeals - Middle Division,NA,,Replace - Jill Bartee Ayers,38300
Shelby,Court of Criminal Appeals - Middle Division,NA,,"Replace - Robert L. Holloway, Jr.",36484
Shelby,Court of Criminal Appeals - Middle Division,NA,,Replace - Robert W. Wedemeyer,40842
Shelby,Court of Criminal Appeals - Middle Division,NA,,Replace - Timothy L. Easter,38580
Shelby,Court of Criminal Appeals - Middle Division,NA,,Retain - Jill Bartee Ayers,71602
Shelby,Court of Criminal Appeals - Middle Division,NA,,"Retain - Robert L. Holloway, Jr.",73673
Shelby,Court of Criminal Appeals - Middle Division,NA,,Retain - Robert W. Wedemeyer,68807
Shelby,Court of Criminal Appeals - Middle Division,NA,,Retain - Timothy L. Easter,71173
Shelby,Court of Criminal Appeals - Western Division,NA,,Replace - Camille McMullen,34368
Shelby,Court of Criminal Appeals - Western Division,NA,,Replace - J. Ross Dyer,38155
Shelby,Court of Criminal Appeals - Western Division,NA,,Replace - John Everett Williams,36323
Shelby,Court of Criminal Appeals - Western Division,NA,,"Replace - John W. Campbell, Sr.",37205
Shelby,Court of Criminal Appeals - Western Division,NA,,Retain - Camille McMullen,76553
Shelby,Court of Criminal Appeals - Western Division,NA,,Retain - J. Ross Dyer,72528
Shelby,Court of Criminal Appeals - Western Division,NA,,Retain - John Everett Williams,74311
Shelby,Court of Criminal Appeals - Western Division,NA,,"Retain - John W. Campbell, Sr.",73351
Shelby,Supreme Court,NA,,Replace - Holly Kirby,40372
Shelby,Supreme Court,NA,,Replace - Jeffrey S. Bivins,44811
Shelby,Supreme Court,NA,,Replace - Roger A. Page,41899
Shelby,Supreme Court,NA,,Replace - Sarah K. Campbell,41142
Shelby,Supreme Court,NA,,Replace - Sharon Gail Lee,38259
Shelby,Supreme Court,NA,,Retain - Holly Kirby,73901
Shelby,Supreme Court,NA,,Retain - Jeffrey S. Bivins,70468
Shelby,Supreme Court,NA,,Retain - Roger A. Page,71111
Shelby,Supreme Court,NA,,Retain - Sarah K. Campbell,73708
Shelby,Supreme Court,NA,,Retain - Sharon Gail Lee,75390
Shelby,Governor,NA,Democratic,Carnita Faye Atwater,12604
Shelby,Governor,NA,Democratic,JB Smiley Jr.,48650
Shelby,Governor,NA,Democratic,Jason Brantley Martin,18005
Shelby,Governor,NA,Republican,Bill Lee,46996
Smith,State Executive Committeeman,15,Democratic,No Candidate Qualified,0
Smith,State Executive Committeewoman,15,Democratic,Anne Ferrell Quillen,348
Smith,State Senate,15,Democratic,No Candidate Qualified,0
Smith,Chancellor,15,Republican,C K Smith,2880
Smith,Circuit Court Judge Division I,15,Republican,Clara Byrd,2881
Smith,Circuit Court Judge Division II,15,Republican,Michael Collins,3025
Smith,Criminal Court Judge,15,Republican,Brody Kane,2972
Smith,District Attorney General,15,Republican,Jason Lawson,2813
Smith,Public Defender,15,Republican,Shelley Thompson Gardner,2497
Smith,State Executive Committeeman,15,Republican,Bill Loos,281
Smith,State Executive Committeeman,15,Republican,Mike Callahan,1716
Smith,State Executive Committeewoman,15,Republican,Linda Clark,2073
Smith,State Senate,15,Republican,Paul Bailey,2230
Smith,State House,40,Democratic,Tom Cook,338
Smith,State House,40,Republican,Michael Hale,1534
Smith,State House,40,Republican,Terri Lynn Weaver,1678
Smith,U.S. House,6,Democratic,Clay Faircloth,92
Smith,U.S. House,6,Democratic,Randal Cooper,310
Smith,U.S. House,6,Republican,John Rose,2818
Smith,Court of Appeals - Eastern Division,NA,,Replace - John W. McClarty,641
Smith,Court of Appeals - Eastern Division,NA,,Replace - Kristi Davis,608
Smith,Court of Appeals - Eastern Division,NA,,Replace - Mike Swiney,597
Smith,Court of Appeals - Eastern Division,NA,,"Replace - Thomas R. ""Skip"" Frierson",611
Smith,Court of Appeals - Eastern Division,NA,,Retain - John W. McClarty,1791
Smith,Court of Appeals - Eastern Division,NA,,Retain - Kristi Davis,1827
Smith,Court of Appeals - Eastern Division,NA,,Retain - Mike Swiney,1793
Smith,Court of Appeals - Eastern Division,NA,,"Retain - Thomas R. ""Skip"" Frierson",1800
Smith,Court of Appeals - Middle Division,NA,,Replace - Andy D. Bennett,605
Smith,Court of Appeals - Middle Division,NA,,Replace - Frank Clement,634
Smith,Court of Appeals - Middle Division,NA,,Replace - Neal McBrayer,620
Smith,Court of Appeals - Middle Division,NA,,Retain - Andy D. Bennett,1779
Smith,Court of Appeals - Middle Division,NA,,Retain - Frank Clement,1834
Smith,Court of Appeals - Middle Division,NA,,Retain - Neal McBrayer,1769
Smith,Court of Appeals - Western Division,NA,,Replace - Arnold B. Goldin,606
Smith,Court of Appeals - Western Division,NA,,Replace - Carma Dennis McGee,608
Smith,Court of Appeals - Western Division,NA,,Replace - Kenny W. Armstrong,597
Smith,Court of Appeals - Western Division,NA,,Replace - Steve Stafford,613
Smith,Court of Appeals - Western Division,NA,,Retain - Arnold B. Goldin,1757
Smith,Court of Appeals - Western Division,NA,,Retain - Carma Dennis McGee,1751
Smith,Court of Appeals - Western Division,NA,,Retain - Kenny W. Armstrong,1776
Smith,Court of Appeals - Western Division,NA,,Retain - Steve Stafford,1759
Smith,Court of Criminal Appeals - Eastern Division,NA,,"Replace - James C. Witt, Jr.",583
Smith,Court of Criminal Appeals - Eastern Division,NA,,"Replace - Robert H. Montgomery, Jr.",582
Smith,Court of Criminal Appeals - Eastern Division,NA,,"Retain - James C. Witt, Jr.",1753
Smith,Court of Criminal Appeals - Eastern Division,NA,,"Retain - Robert H. Montgomery, Jr.",1754
Smith,Court of Criminal Appeals - Middle Division,NA,,Replace - Jill Bartee Ayers,582
Smith,Court of Criminal Appeals - Middle Division,NA,,"Replace - Robert L. Holloway, Jr.",584
Smith,Court of Criminal Appeals - Middle Division,NA,,Replace - Robert W. Wedemeyer,595
Smith,Court of Criminal Appeals - Middle Division,NA,,Replace - Timothy L. Easter,590
Smith,Court of Criminal Appeals - Middle Division,NA,,Retain - Jill Bartee Ayers,1756
Smith,Court of Criminal Appeals - Middle Division,NA,,"Retain - Robert L. Holloway, Jr.",1746
Smith,Court of Criminal Appeals - Middle Division,NA,,Retain - Robert W. Wedemeyer,1724
Smith,Court of Criminal Appeals - Middle Division,NA,,Retain - Timothy L. Easter,1750
Smith,Court of Criminal Appeals - Western Division,NA,,Replace - Camille McMullen,599
Smith,Court of Criminal Appeals - Western Division,NA,,Replace - J. Ross Dyer,580
Smith,Court of Criminal Appeals - Western Division,NA,,Replace - John Everett Williams,581
Smith,Court of Criminal Appeals - Western Division,NA,,"Replace - John W. Campbell, Sr.",582
Smith,Court of Criminal Appeals - Western Division,NA,,Retain - Camille McMullen,1754
Smith,Court of Criminal Appeals - Western Division,NA,,Retain - J. Ross Dyer,1744
Smith,Court of Criminal Appeals - Western Division,NA,,Retain - John Everett Williams,1771
Smith,Court of Criminal Appeals - Western Division,NA,,"Retain - John W. Campbell, Sr.",1741
Smith,Supreme Court,NA,,Replace - Holly Kirby,617
Smith,Supreme Court,NA,,Replace - Jeffrey S. Bivins,675
Smith,Supreme Court,NA,,Replace - Roger A. Page,628
Smith,Supreme Court,NA,,Replace - Sarah K. Campbell,659
Smith,Supreme Court,NA,,Replace - Sharon Gail Lee,677
Smith,Supreme Court,NA,,Retain - Holly Kirby,1913
Smith,Supreme Court,NA,,Retain - Jeffrey S. Bivins,1877
Smith,Supreme Court,NA,,Retain - Roger A. Page,1805
Smith,Supreme Court,NA,,Retain - Sarah K. Campbell,1867
Smith,Supreme Court,NA,,Retain - Sharon Gail Lee,1840
Smith,Governor,NA,Democratic,Carnita Faye Atwater,79
Smith,Governor,NA,Democratic,JB Smiley Jr.,78
Smith,Governor,NA,Democratic,Jason Brantley Martin,258
Smith,Governor,NA,Republican,Bill Lee,2726
Stewart,Circuit Court Judge Division I,23,Independent,David D. Wolfe,2646
Stewart,Circuit Court Judge Division II,23,Republican,Larry J. Wallace,3172
Stewart,Circuit Court Judge Division III,23,Republican,Suzanne M. Lockert-Mash,2850
Stewart,District Attorney General,23,Republican,"Ray Crouch, Jr.",2713
Stewart,Public Defender,23,Republican,Matthew Mitchell,2616
Stewart,State Executive Committeeman,24,Democratic,No Candidate Qualified,0
Stewart,State Executive Committeewoman,24,Democratic,No Candidate Qualified,0
Stewart,State Executive Committeeman,24,Republican,Jim Poe,803
Stewart,State Executive Committeeman,24,Republican,Ryan Ellegood,1026
Stewart,State Executive Committeewoman,24,Republican,Tess Robbins,1844
Stewart,U.S. House,7,Democratic,Odessa Kelly,487
Stewart,U.S. House,7,Republican,Mark E Green,2328
Stewart,State House,74,Democratic,No Candidate Qualified,0
Stewart,State House,74,Republican,Jay D. Reedy,2170
Stewart,Court of Appeals - Eastern Division,NA,,Replace - John W. McClarty,554
Stewart,Court of Appeals - Eastern Division,NA,,Replace - Kristi Davis,548
Stewart,Court of Appeals - Eastern Division,NA,,Replace - Mike Swiney,526
Stewart,Court of Appeals - Eastern Division,NA,,"Replace - Thomas R. ""Skip"" Frierson",547
Stewart,Court of Appeals - Eastern Division,NA,,Retain - John W. McClarty,1887
Stewart,Court of Appeals - Eastern Division,NA,,Retain - Kristi Davis,1895
Stewart,Court of Appeals - Eastern Division,NA,,Retain - Mike Swiney,1884
Stewart,Court of Appeals - Eastern Division,NA,,"Retain - Thomas R. ""Skip"" Frierson",1884
Stewart,Court of Appeals - Middle Division,NA,,Replace - Andy D. Bennett,522
Stewart,Court of Appeals - Middle Division,NA,,Replace - Frank Clement,539
Stewart,Court of Appeals - Middle Division,NA,,Replace - Neal McBrayer,531
Stewart,Court of Appeals - Middle Division,NA,,Retain - Andy D. Bennett,1881
Stewart,Court of Appeals - Middle Division,NA,,Retain - Frank Clement,1892
Stewart,Court of Appeals - Middle Division,NA,,Retain - Neal McBrayer,1872
Stewart,Court of Appeals - Western Division,NA,,Replace - Arnold B. Goldin,527
Stewart,Court of Appeals - Western Division,NA,,Replace - Carma Dennis McGee,524
Stewart,Court of Appeals - Western Division,NA,,Replace - Kenny W. Armstrong,516
Stewart,Court of Appeals - Western Division,NA,,Replace - Steve Stafford,519
Stewart,Court of Appeals - Western Division,NA,,Retain - Arnold B. Goldin,1831
Stewart,Court of Appeals - Western Division,NA,,Retain - Carma Dennis McGee,1846
Stewart,Court of Appeals - Western Division,NA,,Retain - Kenny W. Armstrong,1852
Stewart,Court of Appeals - Western Division,NA,,Retain - Steve Stafford,1852
Stewart,Court of Criminal Appeals - Eastern Division,NA,,"Replace - James C. Witt, Jr.",514
Stewart,Court of Criminal Appeals - Eastern Division,NA,,"Replace - Robert H. Montgomery, Jr.",506
Stewart,Court of Criminal Appeals - Eastern Division,NA,,"Retain - James C. Witt, Jr.",1831
Stewart,Court of Criminal Appeals - Eastern Division,NA,,"Retain - Robert H. Montgomery, Jr.",1831
Stewart,Court of Criminal Appeals - Middle Division,NA,,Replace - Jill Bartee Ayers,517
Stewart,Court of Criminal Appeals - Middle Division,NA,,"Replace - Robert L. Holloway, Jr.",504
Stewart,Court of Criminal Appeals - Middle Division,NA,,Replace - Robert W. Wedemeyer,517
Stewart,Court of Criminal Appeals - Middle Division,NA,,Replace - Timothy L. Easter,513
Stewart,Court of Criminal Appeals - Middle Division,NA,,Retain - Jill Bartee Ayers,1848
Stewart,Court of Criminal Appeals - Middle Division,NA,,"Retain - Robert L. Holloway, Jr.",1836
Stewart,Court of Criminal Appeals - Middle Division,NA,,Retain - Robert W. Wedemeyer,1828
Stewart,Court of Criminal Appeals - Middle Division,NA,,Retain - Timothy L. Easter,1836
Stewart,Court of Criminal Appeals - Western Division,NA,,Replace - Camille McMullen,532
Stewart,Court of Criminal Appeals - Western Division,NA,,Replace - J. Ross Dyer,512
Stewart,Court of Criminal Appeals - Western Division,NA,,Replace - John Everett Williams,507
Stewart,Court of Criminal Appeals - Western Division,NA,,"Replace - John W. Campbell, Sr.",509
Stewart,Court of Criminal Appeals - Western Division,NA,,Retain - Camille McMullen,1823
Stewart,Court of Criminal Appeals - Western Division,NA,,Retain - J. Ross Dyer,1830
Stewart,Court of Criminal Appeals - Western Division,NA,,Retain - John Everett Williams,1838
Stewart,Court of Criminal Appeals - Western Division,NA,,"Retain - John W. Campbell, Sr.",1830
Stewart,Supreme Court,NA,,Replace - Holly Kirby,559
Stewart,Supreme Court,NA,,Replace - Jeffrey S. Bivins,582
Stewart,Supreme Court,NA,,Replace - Roger A. Page,535
Stewart,Supreme Court,NA,,Replace - Sarah K. Campbell,560
Stewart,Supreme Court,NA,,Replace - Sharon Gail Lee,562
Stewart,Supreme Court,NA,,Retain - Holly Kirby,1956
Stewart,Supreme Court,NA,,Retain - Jeffrey S. Bivins,1977
Stewart,Supreme Court,NA,,Retain - Roger A. Page,1927
Stewart,Supreme Court,NA,,Retain - Sarah K. Campbell,1974
Stewart,Supreme Court,NA,,Retain - Sharon Gail Lee,1968
Stewart,Governor,NA,Democratic,Carnita Faye Atwater,161
Stewart,Governor,NA,Democratic,JB Smiley Jr.,89
Stewart,Governor,NA,Democratic,Jason Brantley Martin,286
Stewart,Governor,NA,Republican,Bill Lee,2326
Sullivan,State House,1,Democratic,No Candidate Qualified,0
Sullivan,U.S. House,1,Democratic,Cameron Parsons,1013
Sullivan,State House,1,Republican,John Crawford,1825
Sullivan,U.S. House,1,Republican,Diana Lynn Harshbarger,5785
Sullivan,State House,2,Democratic,No Candidate Qualified,0
Sullivan,Chancellor,2,Republican,Katie Priester,6190
Sullivan,Circuit Court Judge Part I,2,Republican,"John S. McLellan, III",6472
Sullivan,Circuit Court Judge Part II,2,Republican,William K. Rogers,6266
Sullivan,Criminal Court Judge,2,Republican,Jim Goodwin,6235
Sullivan,District Attorney General,2,Republican,Barry Staubus,6581
Sullivan,Public Defender,2,Republican,Andrew Jackson Gibbons,6142
Sullivan,State House,2,Republican,Bud Hulsey,2986
Sullivan,State House,3,Democratic,No Candidate Qualified,0
Sullivan,State House,3,Republican,Scotty Campbell,1064
Sullivan,State Executive Committeeman,4,Democratic,Terry Marek,959
Sullivan,State Executive Committeewoman,4,Democratic,Lori Love,985
Sullivan,State Executive Committeeman,4,Republican,Matthew Jerry Johnson,5474
Sullivan,State Executive Committeewoman,4,Republican,Linda D. Buckles,5396
Sullivan,Court of Appeals - Eastern Division,NA,,Replace - John W. McClarty,895
Sullivan,Court of Appeals - Eastern Division,NA,,Replace - Kristi Davis,825
Sullivan,Court of Appeals - Eastern Division,NA,,Replace - Mike Swiney,893
Sullivan,Court of Appeals - Eastern Division,NA,,"Replace - Thomas R. ""Skip"" Frierson",903
Sullivan,Court of Appeals - Eastern Division,NA,,Retain - John W. McClarty,4804
Sullivan,Court of Appeals - Eastern Division,NA,,Retain - Kristi Davis,4936
Sullivan,Court of Appeals - Eastern Division,NA,,Retain - Mike Swiney,4771
Sullivan,Court of Appeals - Eastern Division,NA,,"Retain - Thomas R. ""Skip"" Frierson",4829
Sullivan,Court of Appeals - Middle Division,NA,,Replace - Andy D. Bennett,863
Sullivan,Court of Appeals - Middle Division,NA,,Replace - Frank Clement,964
Sullivan,Court of Appeals - Middle Division,NA,,Replace - Neal McBrayer,880
Sullivan,Court of Appeals - Middle Division,NA,,Retain - Andy D. Bennett,4731
Sullivan,Court of Appeals - Middle Division,NA,,Retain - Frank Clement,4727
Sullivan,Court of Appeals - Middle Division,NA,,Retain - Neal McBrayer,4652
Sullivan,Court of Appeals - Western Division,NA,,Replace - Arnold B. Goldin,913
Sullivan,Court of Appeals - Western Division,NA,,Replace - Carma Dennis McGee,893
Sullivan,Court of Appeals - Western Division,NA,,Replace - Kenny W. Armstrong,873
Sullivan,Court of Appeals - Western Division,NA,,Replace - Steve Stafford,864
Sullivan,Court of Appeals - Western Division,NA,,Retain - Arnold B. Goldin,4581
Sullivan,Court of Appeals - Western Division,NA,,Retain - Carma Dennis McGee,4621
Sullivan,Court of Appeals - Western Division,NA,,Retain - Kenny W. Armstrong,4642
Sullivan,Court of Appeals - Western Division,NA,,Retain - Steve Stafford,4645
Sullivan,Court of Criminal Appeals - Eastern Division,NA,,"Replace - James C. Witt, Jr.",845
Sullivan,Court of Criminal Appeals - Eastern Division,NA,,"Replace - Robert H. Montgomery, Jr.",824
Sullivan,Court of Criminal Appeals - Eastern Division,NA,,"Retain - James C. Witt, Jr.",4770
Sullivan,Court of Criminal Appeals - Eastern Division,NA,,"Retain - Robert H. Montgomery, Jr.",5099
Sullivan,Court of Criminal Appeals - Middle Division,NA,,Replace - Jill Bartee Ayers,845
Sullivan,Court of Criminal Appeals - Middle Division,NA,,"Replace - Robert L. Holloway, Jr.",890
Sullivan,Court of Criminal Appeals - Middle Division,NA,,Replace - Robert W. Wedemeyer,863
Sullivan,Court of Criminal Appeals - Middle Division,NA,,Replace - Timothy L. Easter,859
Sullivan,Court of Criminal Appeals - Middle Division,NA,,Retain - Jill Bartee Ayers,4703
Sullivan,Court of Criminal Appeals - Middle Division,NA,,"Retain - Robert L. Holloway, Jr.",4628
Sullivan,Court of Criminal Appeals - Middle Division,NA,,Retain - Robert W. Wedemeyer,4632
Sullivan,Court of Criminal Appeals - Middle Division,NA,,Retain - Timothy L. Easter,4654
Sullivan,Court of Criminal Appeals - Western Division,NA,,Replace - Camille McMullen,867
Sullivan,Court of Criminal Appeals - Western Division,NA,,Replace - J. Ross Dyer,891
Sullivan,Court of Criminal Appeals - Western Division,NA,,Replace - John Everett Williams,872
Sullivan,Court of Criminal Appeals - Western Division,NA,,"Replace - John W. Campbell, Sr.",878
Sullivan,Court of Criminal Appeals - Western Division,NA,,Retain - Camille McMullen,4683
Sullivan,Court of Criminal Appeals - Western Division,NA,,Retain - J. Ross Dyer,4613
Sullivan,Court of Criminal Appeals - Western Division,NA,,Retain - John Everett Williams,4663
Sullivan,Court of Criminal Appeals - Western Division,NA,,"Retain - John W. Campbell, Sr.",4679
Sullivan,Supreme Court,NA,,Replace - Holly Kirby,914
Sullivan,Supreme Court,NA,,Replace - Jeffrey S. Bivins,1038
Sullivan,Supreme Court,NA,,Replace - Roger A. Page,943
Sullivan,Supreme Court,NA,,Replace - Sarah K. Campbell,961
Sullivan,Supreme Court,NA,,Replace - Sharon Gail Lee,891
Sullivan,Supreme Court,NA,,Retain - Holly Kirby,5153
Sullivan,Supreme Court,NA,,Retain - Jeffrey S. Bivins,5188
Sullivan,Supreme Court,NA,,Retain - Roger A. Page,4809
Sullivan,Supreme Court,NA,,Retain - Sarah K. Campbell,5251
Sullivan,Supreme Court,NA,,Retain - Sharon Gail Lee,4961
Sullivan,Governor,NA,Democratic,Carnita Faye Atwater,295
Sullivan,Governor,NA,Democratic,JB Smiley Jr.,330
Sullivan,Governor,NA,Democratic,Jason Brantley Martin,558
Sullivan,Governor,NA,Republican,Bill Lee,5974
Sumner,State Executive Committeeman,18,Democratic,Thomas Whisenant,3166
Sumner,State Executive Committeewoman,18,Democratic,No Candidate Qualified,0
Sumner,Public Defender,18,Independent,David A. Doyle,14067
Sumner,Chancellor,18,Republican,Louis W. Oliver III,13589
Sumner,Circuit Court Judge,18,Republican,Joe H. Thompson,13744
Sumner,Criminal Court Judge,18,Republican,Dee David Gay,13567
Sumner,District Attorney General,18,Republican,Ray Whitley,13810
Sumner,State Executive Committeeman,18,Republican,Chris Hughes,11343
Sumner,State Executive Committeewoman,18,Republican,Maria C. Stewart,11222
Sumner,State House,35,Democratic,No Candidate Qualified,0
Sumner,State House,35,Republican,Deanne Dewitt,1302
Sumner,State House,35,Republican,Joe Kirkpatrick,938
Sumner,State House,35,Republican,William Slater,2739
Sumner,State House,44,Democratic,Kesa Fowler,1008
Sumner,State House,44,Republican,William Lamberth,4363
Sumner,State House,45,Democratic,No Candidate Qualified,0
Sumner,State House,45,Republican,Johnny C. Garrett,3868
Sumner,U.S. House,6,Democratic,Clay Faircloth,978
Sumner,U.S. House,6,Democratic,Randal Cooper,2648
Sumner,U.S. House,6,Republican,John Rose,12214
Sumner,Court of Appeals - Eastern Division,NA,,Replace - John W. McClarty,3685
Sumner,Court of Appeals - Eastern Division,NA,,Replace - Kristi Davis,3325
Sumner,Court of Appeals - Eastern Division,NA,,Replace - Mike Swiney,3365
Sumner,Court of Appeals - Eastern Division,NA,,"Replace - Thomas R. ""Skip"" Frierson",3462
Sumner,Court of Appeals - Eastern Division,NA,,Retain - John W. McClarty,10168
Sumner,Court of Appeals - Eastern Division,NA,,Retain - Kristi Davis,10564
Sumner,Court of Appeals - Eastern Division,NA,,Retain - Mike Swiney,10397
Sumner,Court of Appeals - Eastern Division,NA,,"Retain - Thomas R. ""Skip"" Frierson",10358
Sumner,Court of Appeals - Middle Division,NA,,Replace - Andy D. Bennett,3590
Sumner,Court of Appeals - Middle Division,NA,,Replace - Frank Clement,3799
Sumner,Court of Appeals - Middle Division,NA,,Replace - Neal McBrayer,3410
Sumner,Court of Appeals - Middle Division,NA,,Retain - Andy D. Bennett,10160
Sumner,Court of Appeals - Middle Division,NA,,Retain - Frank Clement,10241
Sumner,Court of Appeals - Middle Division,NA,,Retain - Neal McBrayer,10359
Sumner,Court of Appeals - Western Division,NA,,Replace - Arnold B. Goldin,3420
Sumner,Court of Appeals - Western Division,NA,,Replace - Carma Dennis McGee,3328
Sumner,Court of Appeals - Western Division,NA,,Replace - Kenny W. Armstrong,3280
Sumner,Court of Appeals - Western Division,NA,,Replace - Steve Stafford,3586
Sumner,Court of Appeals - Western Division,NA,,Retain - Arnold B. Goldin,10157
Sumner,Court of Appeals - Western Division,NA,,Retain - Carma Dennis McGee,10261
Sumner,Court of Appeals - Western Division,NA,,Retain - Kenny W. Armstrong,10374
Sumner,Court of Appeals - Western Division,NA,,Retain - Steve Stafford,10070
Sumner,Court of Criminal Appeals - Eastern Division,NA,,"Replace - James C. Witt, Jr.",3350
Sumner,Court of Criminal Appeals - Eastern Division,NA,,"Replace - Robert H. Montgomery, Jr.",3318
Sumner,Court of Criminal Appeals - Eastern Division,NA,,"Retain - James C. Witt, Jr.",10244
Sumner,Court of Criminal Appeals - Eastern Division,NA,,"Retain - Robert H. Montgomery, Jr.",10281
Sumner,Court of Criminal Appeals - Middle Division,NA,,Replace - Jill Bartee Ayers,3274
Sumner,Court of Criminal Appeals - Middle Division,NA,,"Replace - Robert L. Holloway, Jr.",3485
Sumner,Court of Criminal Appeals - Middle Division,NA,,Replace - Robert W. Wedemeyer,3442
Sumner,Court of Criminal Appeals - Middle Division,NA,,Replace - Timothy L. Easter,3345
Sumner,Court of Criminal Appeals - Middle Division,NA,,Retain - Jill Bartee Ayers,10396
Sumner,Court of Criminal Appeals - Middle Division,NA,,"Retain - Robert L. Holloway, Jr.",10166
Sumner,Court of Criminal Appeals - Middle Division,NA,,Retain - Robert W. Wedemeyer,10142
Sumner,Court of Criminal Appeals - Middle Division,NA,,Retain - Timothy L. Easter,10318
Sumner,Court of Criminal Appeals - Western Division,NA,,Replace - Camille McMullen,3484
Sumner,Court of Criminal Appeals - Western Division,NA,,Replace - J. Ross Dyer,3339
Sumner,Court of Criminal Appeals - Western Division,NA,,Replace - John Everett Williams,3297
Sumner,Court of Criminal Appeals - Western Division,NA,,"Replace - John W. Campbell, Sr.",3300
Sumner,Court of Criminal Appeals - Western Division,NA,,Retain - Camille McMullen,10201
Sumner,Court of Criminal Appeals - Western Division,NA,,Retain - J. Ross Dyer,10246
Sumner,Court of Criminal Appeals - Western Division,NA,,Retain - John Everett Williams,10361
Sumner,Court of Criminal Appeals - Western Division,NA,,"Retain - John W. Campbell, Sr.",10288
Sumner,Supreme Court,NA,,Replace - Holly Kirby,3452
Sumner,Supreme Court,NA,,Replace - Jeffrey S. Bivins,3652
Sumner,Supreme Court,NA,,Replace - Roger A. Page,3517
Sumner,Supreme Court,NA,,Replace - Sarah K. Campbell,3532
Sumner,Supreme Court,NA,,Replace - Sharon Gail Lee,3745
Sumner,Supreme Court,NA,,Retain - Holly Kirby,10720
Sumner,Supreme Court,NA,,Retain - Jeffrey S. Bivins,10674
Sumner,Supreme Court,NA,,Retain - Roger A. Page,10470
Sumner,Supreme Court,NA,,Retain - Sarah K. Campbell,10690
Sumner,Supreme Court,NA,,Retain - Sharon Gail Lee,10464
Sumner,Governor,NA,Democratic,Carnita Faye Atwater,926
Sumner,Governor,NA,Democratic,JB Smiley Jr.,882
Sumner,Governor,NA,Democratic,Jason Brantley Martin,2084
Sumner,Governor,NA,Republican,Bill Lee,12792
Tipton,Chancellor Part II,25,,Write-In - Angela L. Jenkins-Hines,15
Tipton,Chancellor Part I,25,Independent,"William C. ""Bill"" Cole",4922
Tipton,Circuit Court Judge Part I,25,Independent,J. Weber McCraw,4867
Tipton,Chancellor Part II,25,Republican,Kasey Culbreath,4828
Tipton,Circuit Court Judge Part II,25,Republican,Blake Neill,4575
Tipton,District Attorney General,25,Republican,Mark E. Davidson,4765
Tipton,Public Defender,25,Republican,Bo Burk,4797
Tipton,State Executive Committeeman,32,Democratic,No Candidate Qualified,0
Tipton,State Executive Committeewoman,32,Democratic,Deborah K. Reed,938
Tipton,State Executive Committeeman,32,Republican,Lee Mills,3990
Tipton,State Executive Committeewoman,32,Republican,Charlotte Kelley,4218
Tipton,U.S. House,8,Democratic,Lynnette P. Williams,290
Tipton,U.S. House,8,Democratic,Tim McDonald,201
Tipton,U.S. House,8,Republican,Bob Hendry,145
Tipton,U.S. House,8,Republican,Danny Ray Bridger Jr,98
Tipton,U.S. House,8,Republican,David Kustoff,2131
Tipton,U.S. House,8,Republican,Gary Dean Clouse,76
Tipton,State House,81,Democratic,No Candidate Qualified,0
Tipton,State House,81,Republican,Debra Moody,4545
Tipton,U.S. House,9,Democratic,M. Latroy Alexandria-Williams,74
Tipton,U.S. House,9,Democratic,Steve Cohen,444
Tipton,U.S. House,9,Democratic,Write-In - Ollie O. Nelson,0
Tipton,U.S. House,9,Republican,Brown Dudley,947
Tipton,U.S. House,9,Republican,Charlotte Bergmann,996
Tipton,U.S. House,9,Republican,Leo AwGoWhat,133
Tipton,Court of Appeals - Eastern Division,NA,,Replace - John W. McClarty,1170
Tipton,Court of Appeals - Eastern Division,NA,,Replace - Kristi Davis,952
Tipton,Court of Appeals - Eastern Division,NA,,Replace - Mike Swiney,1056
Tipton,Court of Appeals - Eastern Division,NA,,"Replace - Thomas R. ""Skip"" Frierson",1036
Tipton,Court of Appeals - Eastern Division,NA,,Retain - John W. McClarty,3634
Tipton,Court of Appeals - Eastern Division,NA,,Retain - Kristi Davis,3897
Tipton,Court of Appeals - Eastern Division,NA,,Retain - Mike Swiney,3714
Tipton,Court of Appeals - Eastern Division,NA,,"Retain - Thomas R. ""Skip"" Frierson",3750
Tipton,Court of Appeals - Middle Division,NA,,Replace - Andy D. Bennett,1152
Tipton,Court of Appeals - Middle Division,NA,,Replace - Frank Clement,1175
Tipton,Court of Appeals - Middle Division,NA,,Replace - Neal McBrayer,1019
Tipton,Court of Appeals - Middle Division,NA,,Retain - Andy D. Bennett,3609
Tipton,Court of Appeals - Middle Division,NA,,Retain - Frank Clement,3611
Tipton,Court of Appeals - Middle Division,NA,,Retain - Neal McBrayer,3753
Tipton,Court of Appeals - Western Division,NA,,Replace - Arnold B. Goldin,1032
Tipton,Court of Appeals - Western Division,NA,,Replace - Carma Dennis McGee,1013
Tipton,Court of Appeals - Western Division,NA,,Replace - Kenny W. Armstrong,978
Tipton,Court of Appeals - Western Division,NA,,Replace - Steve Stafford,1161
Tipton,Court of Appeals - Western Division,NA,,Retain - Arnold B. Goldin,3711
Tipton,Court of Appeals - Western Division,NA,,Retain - Carma Dennis McGee,3740
Tipton,Court of Appeals - Western Division,NA,,Retain - Kenny W. Armstrong,3836
Tipton,Court of Appeals - Western Division,NA,,Retain - Steve Stafford,3626
Tipton,Court of Criminal Appeals - Eastern Division,NA,,"Replace - James C. Witt, Jr.",1024
Tipton,Court of Criminal Appeals - Eastern Division,NA,,"Replace - Robert H. Montgomery, Jr.",990
Tipton,Court of Criminal Appeals - Eastern Division,NA,,"Retain - James C. Witt, Jr.",3682
Tipton,Court of Criminal Appeals - Eastern Division,NA,,"Retain - Robert H. Montgomery, Jr.",3730
Tipton,Court of Criminal Appeals - Middle Division,NA,,Replace - Jill Bartee Ayers,973
Tipton,Court of Criminal Appeals - Middle Division,NA,,"Replace - Robert L. Holloway, Jr.",1077
Tipton,Court of Criminal Appeals - Middle Division,NA,,Replace - Robert W. Wedemeyer,1056
Tipton,Court of Criminal Appeals - Middle Division,NA,,Replace - Timothy L. Easter,1017
Tipton,Court of Criminal Appeals - Middle Division,NA,,Retain - Jill Bartee Ayers,3732
Tipton,Court of Criminal Appeals - Middle Division,NA,,"Retain - Robert L. Holloway, Jr.",3658
Tipton,Court of Criminal Appeals - Middle Division,NA,,Retain - Robert W. Wedemeyer,3648
Tipton,Court of Criminal Appeals - Middle Division,NA,,Retain - Timothy L. Easter,3708
Tipton,Court of Criminal Appeals - Western Division,NA,,Replace - Camille McMullen,1070
Tipton,Court of Criminal Appeals - Western Division,NA,,Replace - J. Ross Dyer,1005
Tipton,Court of Criminal Appeals - Western Division,NA,,Replace - John Everett Williams,995
Tipton,Court of Criminal Appeals - Western Division,NA,,"Replace - John W. Campbell, Sr.",964
Tipton,Court of Criminal Appeals - Western Division,NA,,Retain - Camille McMullen,3705
Tipton,Court of Criminal Appeals - Western Division,NA,,Retain - J. Ross Dyer,3759
Tipton,Court of Criminal Appeals - Western Division,NA,,Retain - John Everett Williams,3773
Tipton,Court of Criminal Appeals - Western Division,NA,,"Retain - John W. Campbell, Sr.",3776
Tipton,Supreme Court,NA,,Replace - Holly Kirby,1004
Tipton,Supreme Court,NA,,Replace - Jeffrey S. Bivins,1093
Tipton,Supreme Court,NA,,Replace - Roger A. Page,1034
Tipton,Supreme Court,NA,,Replace - Sarah K. Campbell,1019
Tipton,Supreme Court,NA,,Replace - Sharon Gail Lee,1195
Tipton,Supreme Court,NA,,Retain - Holly Kirby,3840
Tipton,Supreme Court,NA,,Retain - Jeffrey S. Bivins,3839
Tipton,Supreme Court,NA,,Retain - Roger A. Page,3805
Tipton,Supreme Court,NA,,Retain - Sarah K. Campbell,3864
Tipton,Supreme Court,NA,,Retain - Sharon Gail Lee,3664
Tipton,Governor,NA,Democratic,Carnita Faye Atwater,284
Tipton,Governor,NA,Democratic,JB Smiley Jr.,362
Tipton,Governor,NA,Democratic,Jason Brantley Martin,357
Tipton,Governor,NA,Republican,Bill Lee,4480
Trousdale,Chancellor,15,Republican,C K Smith,1805
Trousdale,Circuit Court Judge Division I,15,Republican,Clara Byrd,1710
Trousdale,Circuit Court Judge Division II,15,Republican,Michael Collins,1586
Trousdale,Criminal Court Judge,15,Republican,Brody Kane,1718
Trousdale,District Attorney General,15,Republican,Jason Lawson,1693
Trousdale,Public Defender,15,Republican,Shelley Thompson Gardner,1544
Trousdale,State Executive Committeeman,18,Democratic,Thomas Whisenant,288
Trousdale,State Executive Committeewoman,18,Democratic,No Candidate Qualified,0
Trousdale,State Executive Committeeman,18,Republican,Chris Hughes,1164
Trousdale,State Executive Committeewoman,18,Republican,Maria C. Stewart,1174
Trousdale,State House,35,Democratic,No Candidate Qualified,0
Trousdale,State House,35,Republican,Deanne Dewitt,382
Trousdale,State House,35,Republican,Joe Kirkpatrick,390
Trousdale,State House,35,Republican,William Slater,612
Trousdale,U.S. House,6,Democratic,Clay Faircloth,66
Trousdale,U.S. House,6,Democratic,Randal Cooper,260
Trousdale,U.S. House,6,Republican,John Rose,1259
Trousdale,Court of Appeals - Eastern Division,NA,,Replace - John W. McClarty,370
Trousdale,Court of Appeals - Eastern Division,NA,,Replace - Kristi Davis,346
Trousdale,Court of Appeals - Eastern Division,NA,,Replace - Mike Swiney,346
Trousdale,Court of Appeals - Eastern Division,NA,,"Replace - Thomas R. ""Skip"" Frierson",370
Trousdale,Court of Appeals - Eastern Division,NA,,Retain - John W. McClarty,1153
Trousdale,Court of Appeals - Eastern Division,NA,,Retain - Kristi Davis,1173
Trousdale,Court of Appeals - Eastern Division,NA,,Retain - Mike Swiney,1140
Trousdale,Court of Appeals - Eastern Division,NA,,"Retain - Thomas R. ""Skip"" Frierson",1141
Trousdale,Court of Appeals - Middle Division,NA,,Replace - Andy D. Bennett,346
Trousdale,Court of Appeals - Middle Division,NA,,Replace - Frank Clement,374
Trousdale,Court of Appeals - Middle Division,NA,,Replace - Neal McBrayer,351
Trousdale,Court of Appeals - Middle Division,NA,,Retain - Andy D. Bennett,1140
Trousdale,Court of Appeals - Middle Division,NA,,Retain - Frank Clement,1143
Trousdale,Court of Appeals - Middle Division,NA,,Retain - Neal McBrayer,1147
Trousdale,Court of Appeals - Western Division,NA,,Replace - Arnold B. Goldin,363
Trousdale,Court of Appeals - Western Division,NA,,Replace - Carma Dennis McGee,361
Trousdale,Court of Appeals - Western Division,NA,,Replace - Kenny W. Armstrong,343
Trousdale,Court of Appeals - Western Division,NA,,Replace - Steve Stafford,364
Trousdale,Court of Appeals - Western Division,NA,,Retain - Arnold B. Goldin,1093
Trousdale,Court of Appeals - Western Division,NA,,Retain - Carma Dennis McGee,1101
Trousdale,Court of Appeals - Western Division,NA,,Retain - Kenny W. Armstrong,1127
Trousdale,Court of Appeals - Western Division,NA,,Retain - Steve Stafford,1103
Trousdale,Court of Criminal Appeals - Eastern Division,NA,,"Replace - James C. Witt, Jr.",340
Trousdale,Court of Criminal Appeals - Eastern Division,NA,,"Replace - Robert H. Montgomery, Jr.",344
Trousdale,Court of Criminal Appeals - Eastern Division,NA,,"Retain - James C. Witt, Jr.",1112
Trousdale,Court of Criminal Appeals - Eastern Division,NA,,"Retain - Robert H. Montgomery, Jr.",1107
Trousdale,Court of Criminal Appeals - Middle Division,NA,,Replace - Jill Bartee Ayers,338
Trousdale,Court of Criminal Appeals - Middle Division,NA,,"Replace - Robert L. Holloway, Jr.",351
Trousdale,Court of Criminal Appeals - Middle Division,NA,,Replace - Robert W. Wedemeyer,365
Trousdale,Court of Criminal Appeals - Middle Division,NA,,Replace - Timothy L. Easter,346
Trousdale,Court of Criminal Appeals - Middle Division,NA,,Retain - Jill Bartee Ayers,1114
Trousdale,Court of Criminal Appeals - Middle Division,NA,,"Retain - Robert L. Holloway, Jr.",1095
Trousdale,Court of Criminal Appeals - Middle Division,NA,,Retain - Robert W. Wedemeyer,1086
Trousdale,Court of Criminal Appeals - Middle Division,NA,,Retain - Timothy L. Easter,1109
Trousdale,Court of Criminal Appeals - Western Division,NA,,Replace - Camille McMullen,343
Trousdale,Court of Criminal Appeals - Western Division,NA,,Replace - J. Ross Dyer,345
Trousdale,Court of Criminal Appeals - Western Division,NA,,Replace - John Everett Williams,348
Trousdale,Court of Criminal Appeals - Western Division,NA,,"Replace - John W. Campbell, Sr.",343
Trousdale,Court of Criminal Appeals - Western Division,NA,,Retain - Camille McMullen,1119
Trousdale,Court of Criminal Appeals - Western Division,NA,,Retain - J. Ross Dyer,1104
Trousdale,Court of Criminal Appeals - Western Division,NA,,Retain - John Everett Williams,1116
Trousdale,Court of Criminal Appeals - Western Division,NA,,"Retain - John W. Campbell, Sr.",1099
Trousdale,Supreme Court,NA,,Replace - Holly Kirby,368
Trousdale,Supreme Court,NA,,Replace - Jeffrey S. Bivins,392
Trousdale,Supreme Court,NA,,Replace - Roger A. Page,376
Trousdale,Supreme Court,NA,,Replace - Sarah K. Campbell,377
Trousdale,Supreme Court,NA,,Replace - Sharon Gail Lee,383
Trousdale,Supreme Court,NA,,Retain - Holly Kirby,1190
Trousdale,Supreme Court,NA,,Retain - Jeffrey S. Bivins,1184
Trousdale,Supreme Court,NA,,Retain - Roger A. Page,1151
Trousdale,Supreme Court,NA,,Retain - Sarah K. Campbell,1191
Trousdale,Supreme Court,NA,,Retain - Sharon Gail Lee,1172
Trousdale,Governor,NA,Democratic,Carnita Faye Atwater,113
Trousdale,Governor,NA,Democratic,JB Smiley Jr.,55
Trousdale,Governor,NA,Democratic,Jason Brantley Martin,163
Trousdale,Governor,NA,Republican,Bill Lee,1356
Unicoi,U.S. House,1,Democratic,Cameron Parsons,118
Unicoi,Chancellor,1,Republican,John C. Rambo,931
Unicoi,Circuit Court Judge Part I,1,Republican,J. Eddie Lauderback,920
Unicoi,Circuit Court Judge Part II,1,Republican,Suzanne Cook,1003
Unicoi,Criminal Court Judge Part I,1,Republican,Lisa Nidiffer Rice,1005
Unicoi,Criminal Court Judge Part II,1,Republican,Stacy L. Street,976
Unicoi,District Attorney General,1,Republican,Steve Finney,907
Unicoi,Public Defender,1,Republican,Jeff Kelly,911
Unicoi,U.S. House,1,Republican,Diana Lynn Harshbarger,1000
Unicoi,State House,4,Democratic,No Candidate Qualified,0
Unicoi,State House,4,Republican,John B. Holsclaw Jr,952
Unicoi,State Executive Committeeman,9,Democratic,Darrell Key,120
Unicoi,State Executive Committeewoman,9,Democratic,Marjorie Ramsey,124
Unicoi,State Senate,9,Democratic,Sara Thompson,122
Unicoi,State Executive Committeeman,9,Republican,Brett Purgason,147
Unicoi,State Executive Committeeman,9,Republican,Daryl Brady,272
Unicoi,State Executive Committeeman,9,Republican,Josh Collins,322
Unicoi,State Executive Committeewoman,9,Republican,Nancy Wilson,796
Unicoi,State Senate,9,Republican,Steve Southerland,940
Unicoi,Court of Appeals - Eastern Division,NA,,Replace - John W. McClarty,161
Unicoi,Court of Appeals - Eastern Division,NA,,Replace - Kristi Davis,143
Unicoi,Court of Appeals - Eastern Division,NA,,Replace - Mike Swiney,143
Unicoi,Court of Appeals - Eastern Division,NA,,"Replace - Thomas R. ""Skip"" Frierson",140
Unicoi,Court of Appeals - Eastern Division,NA,,Retain - John W. McClarty,639
Unicoi,Court of Appeals - Eastern Division,NA,,Retain - Kristi Davis,672
Unicoi,Court of Appeals - Eastern Division,NA,,Retain - Mike Swiney,648
Unicoi,Court of Appeals - Eastern Division,NA,,"Retain - Thomas R. ""Skip"" Frierson",660
Unicoi,Court of Appeals - Middle Division,NA,,Replace - Andy D. Bennett,152
Unicoi,Court of Appeals - Middle Division,NA,,Replace - Frank Clement,157
Unicoi,Court of Appeals - Middle Division,NA,,Replace - Neal McBrayer,144
Unicoi,Court of Appeals - Middle Division,NA,,Retain - Andy D. Bennett,650
Unicoi,Court of Appeals - Middle Division,NA,,Retain - Frank Clement,643
Unicoi,Court of Appeals - Middle Division,NA,,Retain - Neal McBrayer,637
Unicoi,Court of Appeals - Western Division,NA,,Replace - Arnold B. Goldin,144
Unicoi,Court of Appeals - Western Division,NA,,Replace - Carma Dennis McGee,141
Unicoi,Court of Appeals - Western Division,NA,,Replace - Kenny W. Armstrong,141
Unicoi,Court of Appeals - Western Division,NA,,Replace - Steve Stafford,154
Unicoi,Court of Appeals - Western Division,NA,,Retain - Arnold B. Goldin,636
Unicoi,Court of Appeals - Western Division,NA,,Retain - Carma Dennis McGee,630
Unicoi,Court of Appeals - Western Division,NA,,Retain - Kenny W. Armstrong,634
Unicoi,Court of Appeals - Western Division,NA,,Retain - Steve Stafford,620
Unicoi,Court of Criminal Appeals - Eastern Division,NA,,"Replace - James C. Witt, Jr.",134
Unicoi,Court of Criminal Appeals - Eastern Division,NA,,"Replace - Robert H. Montgomery, Jr.",131
Unicoi,Court of Criminal Appeals - Eastern Division,NA,,"Retain - James C. Witt, Jr.",652
Unicoi,Court of Criminal Appeals - Eastern Division,NA,,"Retain - Robert H. Montgomery, Jr.",650
Unicoi,Court of Criminal Appeals - Middle Division,NA,,Replace - Jill Bartee Ayers,135
Unicoi,Court of Criminal Appeals - Middle Division,NA,,"Replace - Robert L. Holloway, Jr.",139
Unicoi,Court of Criminal Appeals - Middle Division,NA,,Replace - Robert W. Wedemeyer,136
Unicoi,Court of Criminal Appeals - Middle Division,NA,,Replace - Timothy L. Easter,130
Unicoi,Court of Criminal Appeals - Middle Division,NA,,Retain - Jill Bartee Ayers,637
Unicoi,Court of Criminal Appeals - Middle Division,NA,,"Retain - Robert L. Holloway, Jr.",625
Unicoi,Court of Criminal Appeals - Middle Division,NA,,Retain - Robert W. Wedemeyer,631
Unicoi,Court of Criminal Appeals - Middle Division,NA,,Retain - Timothy L. Easter,627
Unicoi,Court of Criminal Appeals - Western Division,NA,,Replace - Camille McMullen,152
Unicoi,Court of Criminal Appeals - Western Division,NA,,Replace - J. Ross Dyer,132
Unicoi,Court of Criminal Appeals - Western Division,NA,,Replace - John Everett Williams,140
Unicoi,Court of Criminal Appeals - Western Division,NA,,"Replace - John W. Campbell, Sr.",137
Unicoi,Court of Criminal Appeals - Western Division,NA,,Retain - Camille McMullen,614
Unicoi,Court of Criminal Appeals - Western Division,NA,,Retain - J. Ross Dyer,628
Unicoi,Court of Criminal Appeals - Western Division,NA,,Retain - John Everett Williams,630
Unicoi,Court of Criminal Appeals - Western Division,NA,,"Retain - John W. Campbell, Sr.",634
Unicoi,Supreme Court,NA,,Replace - Holly Kirby,155
Unicoi,Supreme Court,NA,,Replace - Jeffrey S. Bivins,157
Unicoi,Supreme Court,NA,,Replace - Roger A. Page,160
Unicoi,Supreme Court,NA,,Replace - Sarah K. Campbell,150
Unicoi,Supreme Court,NA,,Replace - Sharon Gail Lee,167
Unicoi,Supreme Court,NA,,Retain - Holly Kirby,665
Unicoi,Supreme Court,NA,,Retain - Jeffrey S. Bivins,691
Unicoi,Supreme Court,NA,,Retain - Roger A. Page,640
Unicoi,Supreme Court,NA,,Retain - Sarah K. Campbell,692
Unicoi,Supreme Court,NA,,Retain - Sharon Gail Lee,649
Unicoi,Governor,NA,Democratic,Carnita Faye Atwater,36
Unicoi,Governor,NA,Democratic,JB Smiley Jr.,31
Unicoi,Governor,NA,Democratic,Jason Brantley Martin,68
Unicoi,Governor,NA,Republican,Bill Lee,970
Union,U.S. House,2,Democratic,Mark Harmon,297
Union,U.S. House,2,Republican,Tim Burchett,2501
Union,State House,36,Democratic,No Candidate Qualified,0
Union,State House,36,Republican,Dennis Powers,2191
Union,State Executive Committeeman,8,Democratic,Rodney Fugate,269
Union,State Executive Committeewoman,8,Democratic,Barbara Wagner,292
Union,Chancellor,8,Independent,Elizabeth C. Asbury,2875
Union,Circuit Court Judge,8,Independent,John D. McAfee,2942
Union,Criminal Court Judge,8,Independent,Graham E. Wilson,1343
Union,Criminal Court Judge,8,Independent,Thomas J. Tabor Jr.,606
Union,Criminal Court Judge,8,Independent,Zack Walden,1556
Union,District Attorney General,8,Independent,Jared Effler,3485
Union,Public Defender,8,Independent,Leif Jeffers,2766
Union,State Executive Committeeman,8,Republican,David A. Bishop,1838
Union,State Executive Committeewoman,8,Republican,No Candidate Qualified,0
Union,Court of Appeals - Eastern Division,NA,,Replace - John W. McClarty,667
Union,Court of Appeals - Eastern Division,NA,,Replace - Kristi Davis,667
Union,Court of Appeals - Eastern Division,NA,,Replace - Mike Swiney,638
Union,Court of Appeals - Eastern Division,NA,,"Replace - Thomas R. ""Skip"" Frierson",679
Union,Court of Appeals - Eastern Division,NA,,Retain - John W. McClarty,1921
Union,Court of Appeals - Eastern Division,NA,,Retain - Kristi Davis,1925
Union,Court of Appeals - Eastern Division,NA,,Retain - Mike Swiney,1917
Union,Court of Appeals - Eastern Division,NA,,"Retain - Thomas R. ""Skip"" Frierson",1903
Union,Court of Appeals - Middle Division,NA,,Replace - Andy D. Bennett,655
Union,Court of Appeals - Middle Division,NA,,Replace - Frank Clement,673
Union,Court of Appeals - Middle Division,NA,,Replace - Neal McBrayer,665
Union,Court of Appeals - Middle Division,NA,,Retain - Andy D. Bennett,1868
Union,Court of Appeals - Middle Division,NA,,Retain - Frank Clement,1860
Union,Court of Appeals - Middle Division,NA,,Retain - Neal McBrayer,1849
Union,Court of Appeals - Western Division,NA,,Replace - Arnold B. Goldin,662
Union,Court of Appeals - Western Division,NA,,Replace - Carma Dennis McGee,657
Union,Court of Appeals - Western Division,NA,,Replace - Kenny W. Armstrong,652
Union,Court of Appeals - Western Division,NA,,Replace - Steve Stafford,676
Union,Court of Appeals - Western Division,NA,,Retain - Arnold B. Goldin,1807
Union,Court of Appeals - Western Division,NA,,Retain - Carma Dennis McGee,1833
Union,Court of Appeals - Western Division,NA,,Retain - Kenny W. Armstrong,1835
Union,Court of Appeals - Western Division,NA,,Retain - Steve Stafford,1811
Union,Court of Criminal Appeals - Eastern Division,NA,,"Replace - James C. Witt, Jr.",634
Union,Court of Criminal Appeals - Eastern Division,NA,,"Replace - Robert H. Montgomery, Jr.",640
Union,Court of Criminal Appeals - Eastern Division,NA,,"Retain - James C. Witt, Jr.",1846
Union,Court of Criminal Appeals - Eastern Division,NA,,"Retain - Robert H. Montgomery, Jr.",1846
Union,Court of Criminal Appeals - Middle Division,NA,,Replace - Jill Bartee Ayers,648
Union,Court of Criminal Appeals - Middle Division,NA,,"Replace - Robert L. Holloway, Jr.",628
Union,Court of Criminal Appeals - Middle Division,NA,,Replace - Robert W. Wedemeyer,649
Union,Court of Criminal Appeals - Middle Division,NA,,Replace - Timothy L. Easter,645
Union,Court of Criminal Appeals - Middle Division,NA,,Retain - Jill Bartee Ayers,1819
Union,Court of Criminal Appeals - Middle Division,NA,,"Retain - Robert L. Holloway, Jr.",1814
Union,Court of Criminal Appeals - Middle Division,NA,,Retain - Robert W. Wedemeyer,1786
Union,Court of Criminal Appeals - Middle Division,NA,,Retain - Timothy L. Easter,1834
Union,Court of Criminal Appeals - Western Division,NA,,Replace - Camille McMullen,669
Union,Court of Criminal Appeals - Western Division,NA,,Replace - J. Ross Dyer,646
Union,Court of Criminal Appeals - Western Division,NA,,Replace - John Everett Williams,638
Union,Court of Criminal Appeals - Western Division,NA,,"Replace - John W. Campbell, Sr.",630
Union,Court of Criminal Appeals - Western Division,NA,,Retain - Camille McMullen,1802
Union,Court of Criminal Appeals - Western Division,NA,,Retain - J. Ross Dyer,1795
Union,Court of Criminal Appeals - Western Division,NA,,Retain - John Everett Williams,1834
Union,Court of Criminal Appeals - Western Division,NA,,"Retain - John W. Campbell, Sr.",1802
Union,Supreme Court,NA,,Replace - Holly Kirby,683
Union,Supreme Court,NA,,Replace - Jeffrey S. Bivins,712
Union,Supreme Court,NA,,Replace - Roger A. Page,673
Union,Supreme Court,NA,,Replace - Sarah K. Campbell,708
Union,Supreme Court,NA,,Replace - Sharon Gail Lee,728
Union,Supreme Court,NA,,Retain - Holly Kirby,1984
Union,Supreme Court,NA,,Retain - Jeffrey S. Bivins,2021
Union,Supreme Court,NA,,Retain - Roger A. Page,1937
Union,Supreme Court,NA,,Retain - Sarah K. Campbell,1986
Union,Supreme Court,NA,,Retain - Sharon Gail Lee,1942
Union,Governor,NA,Democratic,Carnita Faye Atwater,71
Union,Governor,NA,Democratic,JB Smiley Jr.,64
Union,Governor,NA,Democratic,Jason Brantley Martin,204
Union,Governor,NA,Republican,Bill Lee,2439
Van Buren,State Executive Committeeman,15,Democratic,No Candidate Qualified,0
Van Buren,State Executive Committeewoman,15,Democratic,Anne Ferrell Quillen,166
Van Buren,State Senate,15,Democratic,No Candidate Qualified,0
Van Buren,State Executive Committeeman,15,Republican,Bill Loos,153
Van Buren,State Executive Committeeman,15,Republican,Mike Callahan,734
Van Buren,State Executive Committeewoman,15,Republican,Linda Clark,948
Van Buren,State Senate,15,Republican,Paul Bailey,1022
Van Buren,State House,31,Democratic,David L Brown,172
Van Buren,Circuit Court Judge,31,Independent,Larry Bart Stanley,1221
Van Buren,District Attorney General,31,Independent,Lisa J Zavogiannis,905
Van Buren,Public Defender,31,Independent,John P Partin,1453
Van Buren,Circuit Court Judge,31,Republican,Quentin Scott Horton,688
Van Buren,District Attorney General,31,Republican,Chris Stanford,1078
Van Buren,State House,31,Republican,Ron Travis,920
Van Buren,U.S. House,6,Democratic,Clay Faircloth,37
Van Buren,U.S. House,6,Democratic,Randal Cooper,163
Van Buren,U.S. House,6,Republican,John Rose,944
Van Buren,Court of Appeals - Eastern Division,NA,,Replace - John W. McClarty,377
Van Buren,Court of Appeals - Eastern Division,NA,,Replace - Kristi Davis,347
Van Buren,Court of Appeals - Eastern Division,NA,,Replace - Mike Swiney,368
Van Buren,Court of Appeals - Eastern Division,NA,,"Replace - Thomas R. ""Skip"" Frierson",373
Van Buren,Court of Appeals - Eastern Division,NA,,Retain - John W. McClarty,835
Van Buren,Court of Appeals - Eastern Division,NA,,Retain - Kristi Davis,870
Van Buren,Court of Appeals - Eastern Division,NA,,Retain - Mike Swiney,832
Van Buren,Court of Appeals - Eastern Division,NA,,"Retain - Thomas R. ""Skip"" Frierson",842
Van Buren,Court of Appeals - Middle Division,NA,,Replace - Andy D. Bennett,370
Van Buren,Court of Appeals - Middle Division,NA,,Replace - Frank Clement,378
Van Buren,Court of Appeals - Middle Division,NA,,Replace - Neal McBrayer,360
Van Buren,Court of Appeals - Middle Division,NA,,Retain - Andy D. Bennett,828
Van Buren,Court of Appeals - Middle Division,NA,,Retain - Frank Clement,836
Van Buren,Court of Appeals - Middle Division,NA,,Retain - Neal McBrayer,837
Van Buren,Court of Appeals - Western Division,NA,,Replace - Arnold B. Goldin,360
Van Buren,Court of Appeals - Western Division,NA,,Replace - Carma Dennis McGee,362
Van Buren,Court of Appeals - Western Division,NA,,Replace - Kenny W. Armstrong,355
Van Buren,Court of Appeals - Western Division,NA,,Replace - Steve Stafford,353
Van Buren,Court of Appeals - Western Division,NA,,Retain - Arnold B. Goldin,817
Van Buren,Court of Appeals - Western Division,NA,,Retain - Carma Dennis McGee,811
Van Buren,Court of Appeals - Western Division,NA,,Retain - Kenny W. Armstrong,817
Van Buren,Court of Appeals - Western Division,NA,,Retain - Steve Stafford,822
Van Buren,Court of Criminal Appeals - Eastern Division,NA,,"Replace - James C. Witt, Jr.",348
Van Buren,Court of Criminal Appeals - Eastern Division,NA,,"Replace - Robert H. Montgomery, Jr.",350
Van Buren,Court of Criminal Appeals - Eastern Division,NA,,"Retain - James C. Witt, Jr.",822
Van Buren,Court of Criminal Appeals - Eastern Division,NA,,"Retain - Robert H. Montgomery, Jr.",824
Van Buren,Court of Criminal Appeals - Middle Division,NA,,Replace - Jill Bartee Ayers,347
Van Buren,Court of Criminal Appeals - Middle Division,NA,,"Replace - Robert L. Holloway, Jr.",339
Van Buren,Court of Criminal Appeals - Middle Division,NA,,Replace - Robert W. Wedemeyer,355
Van Buren,Court of Criminal Appeals - Middle Division,NA,,Replace - Timothy L. Easter,358
Van Buren,Court of Criminal Appeals - Middle Division,NA,,Retain - Jill Bartee Ayers,826
Van Buren,Court of Criminal Appeals - Middle Division,NA,,"Retain - Robert L. Holloway, Jr.",823
Van Buren,Court of Criminal Appeals - Middle Division,NA,,Retain - Robert W. Wedemeyer,807
Van Buren,Court of Criminal Appeals - Middle Division,NA,,Retain - Timothy L. Easter,812
Van Buren,Court of Criminal Appeals - Western Division,NA,,Replace - Camille McMullen,350
Van Buren,Court of Criminal Appeals - Western Division,NA,,Replace - J. Ross Dyer,354
Van Buren,Court of Criminal Appeals - Western Division,NA,,Replace - John Everett Williams,342
Van Buren,Court of Criminal Appeals - Western Division,NA,,"Replace - John W. Campbell, Sr.",345
Van Buren,Court of Criminal Appeals - Western Division,NA,,Retain - Camille McMullen,815
Van Buren,Court of Criminal Appeals - Western Division,NA,,Retain - J. Ross Dyer,806
Van Buren,Court of Criminal Appeals - Western Division,NA,,Retain - John Everett Williams,834
Van Buren,Court of Criminal Appeals - Western Division,NA,,"Retain - John W. Campbell, Sr.",814
Van Buren,Supreme Court,NA,,Replace - Holly Kirby,367
Van Buren,Supreme Court,NA,,Replace - Jeffrey S. Bivins,391
Van Buren,Supreme Court,NA,,Replace - Roger A. Page,390
Van Buren,Supreme Court,NA,,Replace - Sarah K. Campbell,373
Van Buren,Supreme Court,NA,,Replace - Sharon Gail Lee,376
Van Buren,Supreme Court,NA,,Retain - Holly Kirby,880
Van Buren,Supreme Court,NA,,Retain - Jeffrey S. Bivins,885
Van Buren,Supreme Court,NA,,Retain - Roger A. Page,841
Van Buren,Supreme Court,NA,,Retain - Sarah K. Campbell,894
Van Buren,Supreme Court,NA,,Retain - Sharon Gail Lee,873
Van Buren,Governor,NA,Democratic,Carnita Faye Atwater,53
Van Buren,Governor,NA,Democratic,JB Smiley Jr.,36
Van Buren,Governor,NA,Democratic,Jason Brantley Martin,119
Van Buren,Governor,NA,Republican,Bill Lee,1176
Warren,State Executive Committeeman,16,Democratic,Bobby Eddress Bush Jr.,1121
Warren,State Executive Committeewoman,16,Democratic,Sheila Younglove,1241
Warren,State Executive Committeeman,16,Republican,Jerry S. Anderson,4123
Warren,State Executive Committeewoman,16,Republican,Amy L. Dennis,4073
Warren,Circuit Court Judge,31,Independent,Larry Bart Stanley,5677
Warren,District Attorney General,31,Independent,Lisa J Zavogiannis,3566
Warren,Public Defender,31,Independent,John P Partin,7256
Warren,Circuit Court Judge,31,Republican,Quentin Scott Horton,2927
Warren,District Attorney General,31,Republican,Chris Stanford,5153
Warren,U.S. House,4,Democratic,Arnold J. White,426
Warren,U.S. House,4,Democratic,Wayne Steele,771
Warren,U.S. House,4,Republican,Scott DesJarlais,5038
Warren,State House,43,Democratic,Cheryl Womack Uselton,1235
Warren,State House,43,Republican,Bobby Robinson,2399
Warren,State House,43,Republican,Paul Sherrell,3205
Warren,U.S. House,6,Democratic,Clay Faircloth,1
Warren,U.S. House,6,Democratic,Randal Cooper,13
Warren,U.S. House,6,Republican,John Rose,51
Warren,Court of Appeals - Eastern Division,NA,,Replace - John W. McClarty,1681
Warren,Court of Appeals - Eastern Division,NA,,Replace - Kristi Davis,1576
Warren,Court of Appeals - Eastern Division,NA,,Replace - Mike Swiney,1642
Warren,Court of Appeals - Eastern Division,NA,,"Replace - Thomas R. ""Skip"" Frierson",1621
Warren,Court of Appeals - Eastern Division,NA,,Retain - John W. McClarty,3769
Warren,Court of Appeals - Eastern Division,NA,,Retain - Kristi Davis,3901
Warren,Court of Appeals - Eastern Division,NA,,Retain - Mike Swiney,3745
Warren,Court of Appeals - Eastern Division,NA,,"Retain - Thomas R. ""Skip"" Frierson",3829
Warren,Court of Appeals - Middle Division,NA,,Replace - Andy D. Bennett,1634
Warren,Court of Appeals - Middle Division,NA,,Replace - Frank Clement,1646
Warren,Court of Appeals - Middle Division,NA,,Replace - Neal McBrayer,1618
Warren,Court of Appeals - Middle Division,NA,,Retain - Andy D. Bennett,3733
Warren,Court of Appeals - Middle Division,NA,,Retain - Frank Clement,3831
Warren,Court of Appeals - Middle Division,NA,,Retain - Neal McBrayer,3750
Warren,Court of Appeals - Western Division,NA,,Replace - Arnold B. Goldin,1586
Warren,Court of Appeals - Western Division,NA,,Replace - Carma Dennis McGee,1558
Warren,Court of Appeals - Western Division,NA,,Replace - Kenny W. Armstrong,1566
Warren,Court of Appeals - Western Division,NA,,Replace - Steve Stafford,1590
Warren,Court of Appeals - Western Division,NA,,Retain - Arnold B. Goldin,3680
Warren,Court of Appeals - Western Division,NA,,Retain - Carma Dennis McGee,3727
Warren,Court of Appeals - Western Division,NA,,Retain - Kenny W. Armstrong,3719
Warren,Court of Appeals - Western Division,NA,,Retain - Steve Stafford,3714
Warren,Court of Criminal Appeals - Eastern Division,NA,,"Replace - James C. Witt, Jr.",1584
Warren,Court of Criminal Appeals - Eastern Division,NA,,"Replace - Robert H. Montgomery, Jr.",1558
Warren,Court of Criminal Appeals - Eastern Division,NA,,"Retain - James C. Witt, Jr.",3673
Warren,Court of Criminal Appeals - Eastern Division,NA,,"Retain - Robert H. Montgomery, Jr.",3721
Warren,Court of Criminal Appeals - Middle Division,NA,,Replace - Jill Bartee Ayers,1587
Warren,Court of Criminal Appeals - Middle Division,NA,,"Replace - Robert L. Holloway, Jr.",1561
Warren,Court of Criminal Appeals - Middle Division,NA,,Replace - Robert W. Wedemeyer,1611
Warren,Court of Criminal Appeals - Middle Division,NA,,Replace - Timothy L. Easter,1608
Warren,Court of Criminal Appeals - Middle Division,NA,,Retain - Jill Bartee Ayers,3688
Warren,Court of Criminal Appeals - Middle Division,NA,,"Retain - Robert L. Holloway, Jr.",3690
Warren,Court of Criminal Appeals - Middle Division,NA,,Retain - Robert W. Wedemeyer,3603
Warren,Court of Criminal Appeals - Middle Division,NA,,Retain - Timothy L. Easter,3670
Warren,Court of Criminal Appeals - Western Division,NA,,Replace - Camille McMullen,1616
Warren,Court of Criminal Appeals - Western Division,NA,,Replace - J. Ross Dyer,1579
Warren,Court of Criminal Appeals - Western Division,NA,,Replace - John Everett Williams,1592
Warren,Court of Criminal Appeals - Western Division,NA,,"Replace - John W. Campbell, Sr.",1543
Warren,Court of Criminal Appeals - Western Division,NA,,Retain - Camille McMullen,3671
Warren,Court of Criminal Appeals - Western Division,NA,,Retain - J. Ross Dyer,3667
Warren,Court of Criminal Appeals - Western Division,NA,,Retain - John Everett Williams,3691
Warren,Court of Criminal Appeals - Western Division,NA,,"Retain - John W. Campbell, Sr.",3689
Warren,Supreme Court,NA,,Replace - Holly Kirby,1641
Warren,Supreme Court,NA,,Replace - Jeffrey S. Bivins,1765
Warren,Supreme Court,NA,,Replace - Roger A. Page,1678
Warren,Supreme Court,NA,,Replace - Sarah K. Campbell,1701
Warren,Supreme Court,NA,,Replace - Sharon Gail Lee,1712
Warren,Supreme Court,NA,,Retain - Holly Kirby,4036
Warren,Supreme Court,NA,,Retain - Jeffrey S. Bivins,3962
Warren,Supreme Court,NA,,Retain - Roger A. Page,3854
Warren,Supreme Court,NA,,Retain - Sarah K. Campbell,4000
Warren,Supreme Court,NA,,Retain - Sharon Gail Lee,3926
Warren,Governor,NA,Democratic,Carnita Faye Atwater,392
Warren,Governor,NA,Democratic,JB Smiley Jr.,187
Warren,Governor,NA,Democratic,Jason Brantley Martin,748
Warren,Governor,NA,Republican,Bill Lee,5430
Washington,U.S. House,1,Democratic,Cameron Parsons,1627
Washington,Chancellor,1,Republican,John C. Rambo,8303
Washington,Circuit Court Judge Part I,1,Republican,J. Eddie Lauderback,7999
Washington,Circuit Court Judge Part II,1,Republican,Suzanne Cook,8203
Washington,Criminal Court Judge Part I,1,Republican,Lisa Nidiffer Rice,8128
Washington,Criminal Court Judge Part II,1,Republican,Stacy L. Street,8026
Washington,District Attorney General,1,Republican,Steve Finney,7645
Washington,Public Defender,1,Republican,Jeff Kelly,7583
Washington,U.S. House,1,Republican,Diana Lynn Harshbarger,7467
Washington,State Executive Committeeman,3,Democratic,Jeff Clark,1627
Washington,State Executive Committeewoman,3,Democratic,Debbie Harley-McClaskey,1640
Washington,State Senate,3,Democratic,Kate Craig,1722
Washington,State Executive Committeeman,3,Republican,Todd Fowler,7095
Washington,State Executive Committeewoman,3,Republican,Anita Hodges Taylor,4324
Washington,State Executive Committeewoman,3,Republican,Charlene Thomas,3310
Washington,State Senate,3,Republican,Rusty Crowe,7659
Washington,State House,6,Democratic,No Candidate Qualified,0
Washington,State House,6,Republican,Tim Hicks,3980
Washington,State House,7,Democratic,No Candidate Qualified,0
Washington,State House,7,Republican,Rebecca K. Alexander,3895
Washington,Court of Appeals - Eastern Division,NA,,Replace - John W. McClarty,1808
Washington,Court of Appeals - Eastern Division,NA,,Replace - Kristi Davis,1674
Washington,Court of Appeals - Eastern Division,NA,,Replace - Mike Swiney,1733
Washington,Court of Appeals - Eastern Division,NA,,"Replace - Thomas R. ""Skip"" Frierson",1775
Washington,Court of Appeals - Eastern Division,NA,,Retain - John W. McClarty,5995
Washington,Court of Appeals - Eastern Division,NA,,Retain - Kristi Davis,6153
Washington,Court of Appeals - Eastern Division,NA,,Retain - Mike Swiney,5973
Washington,Court of Appeals - Eastern Division,NA,,"Retain - Thomas R. ""Skip"" Frierson",6013
Washington,Court of Appeals - Middle Division,NA,,Replace - Andy D. Bennett,1756
Washington,Court of Appeals - Middle Division,NA,,Replace - Frank Clement,1794
Washington,Court of Appeals - Middle Division,NA,,Replace - Neal McBrayer,1759
Washington,Court of Appeals - Middle Division,NA,,Retain - Andy D. Bennett,5891
Washington,Court of Appeals - Middle Division,NA,,Retain - Frank Clement,5922
Washington,Court of Appeals - Middle Division,NA,,Retain - Neal McBrayer,5878
Washington,Court of Appeals - Western Division,NA,,Replace - Arnold B. Goldin,1762
Washington,Court of Appeals - Western Division,NA,,Replace - Carma Dennis McGee,1705
Washington,Court of Appeals - Western Division,NA,,Replace - Kenny W. Armstrong,1709
Washington,Court of Appeals - Western Division,NA,,Replace - Steve Stafford,1758
Washington,Court of Appeals - Western Division,NA,,Retain - Arnold B. Goldin,5779
Washington,Court of Appeals - Western Division,NA,,Retain - Carma Dennis McGee,5851
Washington,Court of Appeals - Western Division,NA,,Retain - Kenny W. Armstrong,5845
Washington,Court of Appeals - Western Division,NA,,Retain - Steve Stafford,5807
Washington,Court of Criminal Appeals - Eastern Division,NA,,"Replace - James C. Witt, Jr.",1670
Washington,Court of Criminal Appeals - Eastern Division,NA,,"Replace - Robert H. Montgomery, Jr.",1660
Washington,Court of Criminal Appeals - Eastern Division,NA,,"Retain - James C. Witt, Jr.",5911
Washington,Court of Criminal Appeals - Eastern Division,NA,,"Retain - Robert H. Montgomery, Jr.",5995
Washington,Court of Criminal Appeals - Middle Division,NA,,Replace - Jill Bartee Ayers,1656
Washington,Court of Criminal Appeals - Middle Division,NA,,"Replace - Robert L. Holloway, Jr.",1726
Washington,Court of Criminal Appeals - Middle Division,NA,,Replace - Robert W. Wedemeyer,1703
Washington,Court of Criminal Appeals - Middle Division,NA,,Replace - Timothy L. Easter,1682
Washington,Court of Criminal Appeals - Middle Division,NA,,Retain - Jill Bartee Ayers,5895
Washington,Court of Criminal Appeals - Middle Division,NA,,"Retain - Robert L. Holloway, Jr.",5762
Washington,Court of Criminal Appeals - Middle Division,NA,,Retain - Robert W. Wedemeyer,5762
Washington,Court of Criminal Appeals - Middle Division,NA,,Retain - Timothy L. Easter,5838
Washington,Court of Criminal Appeals - Western Division,NA,,Replace - Camille McMullen,1706
Washington,Court of Criminal Appeals - Western Division,NA,,Replace - J. Ross Dyer,1715
Washington,Court of Criminal Appeals - Western Division,NA,,Replace - John Everett Williams,1728
Washington,Court of Criminal Appeals - Western Division,NA,,"Replace - John W. Campbell, Sr.",1715
Washington,Court of Criminal Appeals - Western Division,NA,,Retain - Camille McMullen,5864
Washington,Court of Criminal Appeals - Western Division,NA,,Retain - J. Ross Dyer,5751
Washington,Court of Criminal Appeals - Western Division,NA,,Retain - John Everett Williams,5814
Washington,Court of Criminal Appeals - Western Division,NA,,"Retain - John W. Campbell, Sr.",5804
Washington,Supreme Court,NA,,Replace - Holly Kirby,1746
Washington,Supreme Court,NA,,Replace - Jeffrey S. Bivins,1865
Washington,Supreme Court,NA,,Replace - Roger A. Page,1800
Washington,Supreme Court,NA,,Replace - Sarah K. Campbell,1778
Washington,Supreme Court,NA,,Replace - Sharon Gail Lee,1851
Washington,Supreme Court,NA,,Retain - Holly Kirby,6238
Washington,Supreme Court,NA,,Retain - Jeffrey S. Bivins,6258
Washington,Supreme Court,NA,,Retain - Roger A. Page,6063
Washington,Supreme Court,NA,,Retain - Sarah K. Campbell,6279
Washington,Supreme Court,NA,,Retain - Sharon Gail Lee,6164
Washington,Governor,NA,Democratic,Carnita Faye Atwater,503
Washington,Governor,NA,Democratic,JB Smiley Jr.,443
Washington,Governor,NA,Democratic,Jason Brantley Martin,892
Washington,Governor,NA,Republican,Bill Lee,7602
Wayne,Circuit Court Judge Part III,22,Independent,Lee Brooks,531
Wayne,Circuit Court Judge Part IV,22,Independent,Sammy Patterson,282
Wayne,Circuit Court Judge Part IV,22,Independent,Stacie Odeneal,537
Wayne,Circuit Court Judge Part I,22,Republican,David L. Allen,2543
Wayne,Circuit Court Judge Part II,22,Republican,John Russell (Russ) Parkes,2365
Wayne,Circuit Court Judge Part III,22,Republican,Christopher V. (Chris) Sockwell,2351
Wayne,Circuit Court Judge Part IV,22,Republican,Caleb Bayless,2302
Wayne,District Attorney General,22,Republican,Brent Cooper,2691
Wayne,Public Defender,22,Republican,Travis Jones,2313
Wayne,State Executive Committeeman,26,Democratic,Randall Rice,164
Wayne,State Executive Committeewoman,26,Democratic,Meryl Rice,164
Wayne,State Executive Committeeman,26,Republican,Johnny Bellis,2111
Wayne,State Executive Committeewoman,26,Republican,No Candidate Qualified,0
Wayne,U.S. House,7,Democratic,Odessa Kelly,166
Wayne,U.S. House,7,Republican,Mark E Green,2699
Wayne,State House,71,Democratic,David P. Carson II,178
Wayne,State House,71,Republican,Bill White,137
Wayne,State House,71,Republican,Jason F. Rich,2016
Wayne,State House,71,Republican,Kip Capley,229
Wayne,State House,71,Republican,Mitchell Skelton,1116
Wayne,Court of Appeals - Eastern Division,NA,,Replace - John W. McClarty,478
Wayne,Court of Appeals - Eastern Division,NA,,Replace - Kristi Davis,475
Wayne,Court of Appeals - Eastern Division,NA,,Replace - Mike Swiney,462
Wayne,Court of Appeals - Eastern Division,NA,,"Replace - Thomas R. ""Skip"" Frierson",477
Wayne,Court of Appeals - Eastern Division,NA,,Retain - John W. McClarty,1600
Wayne,Court of Appeals - Eastern Division,NA,,Retain - Kristi Davis,1616
Wayne,Court of Appeals - Eastern Division,NA,,Retain - Mike Swiney,1577
Wayne,Court of Appeals - Eastern Division,NA,,"Retain - Thomas R. ""Skip"" Frierson",1592
Wayne,Court of Appeals - Middle Division,NA,,Replace - Andy D. Bennett,474
Wayne,Court of Appeals - Middle Division,NA,,Replace - Frank Clement,476
Wayne,Court of Appeals - Middle Division,NA,,Replace - Neal McBrayer,475
Wayne,Court of Appeals - Middle Division,NA,,Retain - Andy D. Bennett,1551
Wayne,Court of Appeals - Middle Division,NA,,Retain - Frank Clement,1572
Wayne,Court of Appeals - Middle Division,NA,,Retain - Neal McBrayer,1548
Wayne,Court of Appeals - Western Division,NA,,Replace - Arnold B. Goldin,471
Wayne,Court of Appeals - Western Division,NA,,Replace - Carma Dennis McGee,466
Wayne,Court of Appeals - Western Division,NA,,Replace - Kenny W. Armstrong,461
Wayne,Court of Appeals - Western Division,NA,,Replace - Steve Stafford,471
Wayne,Court of Appeals - Western Division,NA,,Retain - Arnold B. Goldin,1527
Wayne,Court of Appeals - Western Division,NA,,Retain - Carma Dennis McGee,1541
Wayne,Court of Appeals - Western Division,NA,,Retain - Kenny W. Armstrong,1543
Wayne,Court of Appeals - Western Division,NA,,Retain - Steve Stafford,1531
Wayne,Court of Criminal Appeals - Eastern Division,NA,,"Replace - James C. Witt, Jr.",459
Wayne,Court of Criminal Appeals - Eastern Division,NA,,"Replace - Robert H. Montgomery, Jr.",465
Wayne,Court of Criminal Appeals - Eastern Division,NA,,"Retain - James C. Witt, Jr.",1540
Wayne,Court of Criminal Appeals - Eastern Division,NA,,"Retain - Robert H. Montgomery, Jr.",1534
Wayne,Court of Criminal Appeals - Middle Division,NA,,Replace - Jill Bartee Ayers,463
Wayne,Court of Criminal Appeals - Middle Division,NA,,"Replace - Robert L. Holloway, Jr.",443
Wayne,Court of Criminal Appeals - Middle Division,NA,,Replace - Robert W. Wedemeyer,474
Wayne,Court of Criminal Appeals - Middle Division,NA,,Replace - Timothy L. Easter,479
Wayne,Court of Criminal Appeals - Middle Division,NA,,Retain - Jill Bartee Ayers,1531
Wayne,Court of Criminal Appeals - Middle Division,NA,,"Retain - Robert L. Holloway, Jr.",1612
Wayne,Court of Criminal Appeals - Middle Division,NA,,Retain - Robert W. Wedemeyer,1527
Wayne,Court of Criminal Appeals - Middle Division,NA,,Retain - Timothy L. Easter,1523
Wayne,Court of Criminal Appeals - Western Division,NA,,Replace - Camille McMullen,482
Wayne,Court of Criminal Appeals - Western Division,NA,,Replace - J. Ross Dyer,474
Wayne,Court of Criminal Appeals - Western Division,NA,,Replace - John Everett Williams,459
Wayne,Court of Criminal Appeals - Western Division,NA,,"Replace - John W. Campbell, Sr.",451
Wayne,Court of Criminal Appeals - Western Division,NA,,Retain - Camille McMullen,1532
Wayne,Court of Criminal Appeals - Western Division,NA,,Retain - J. Ross Dyer,1532
Wayne,Court of Criminal Appeals - Western Division,NA,,Retain - John Everett Williams,1548
Wayne,Court of Criminal Appeals - Western Division,NA,,"Retain - John W. Campbell, Sr.",1545
Wayne,Supreme Court,NA,,Replace - Holly Kirby,494
Wayne,Supreme Court,NA,,Replace - Jeffrey S. Bivins,519
Wayne,Supreme Court,NA,,Replace - Roger A. Page,467
Wayne,Supreme Court,NA,,Replace - Sarah K. Campbell,514
Wayne,Supreme Court,NA,,Replace - Sharon Gail Lee,513
Wayne,Supreme Court,NA,,Retain - Holly Kirby,1642
Wayne,Supreme Court,NA,,Retain - Jeffrey S. Bivins,1662
Wayne,Supreme Court,NA,,Retain - Roger A. Page,1617
Wayne,Supreme Court,NA,,Retain - Sarah K. Campbell,1639
Wayne,Supreme Court,NA,,Retain - Sharon Gail Lee,1625
Wayne,Governor,NA,Democratic,Carnita Faye Atwater,53
Wayne,Governor,NA,Democratic,JB Smiley Jr.,30
Wayne,Governor,NA,Democratic,Jason Brantley Martin,121
Wayne,Governor,NA,Republican,Bill Lee,2919
Weakley,State Executive Committeeman,24,Democratic,No Candidate Qualified,0
Weakley,State Executive Committeewoman,24,Democratic,No Candidate Qualified,0
Weakley,State Executive Committeeman,24,Republican,Jim Poe,928
Weakley,State Executive Committeeman,24,Republican,Ryan Ellegood,1712
Weakley,State Executive Committeewoman,24,Republican,Tess Robbins,2722
Weakley,Chancellor,27,Independent,William M. Maloan,3991
Weakley,District Attorney General,27,Independent,Colin Johnson,2839
Weakley,Circuit Court Judge,27,Republican,Jeffrey W. Parham,4235
Weakley,District Attorney General,27,Republican,Adam P. Nelson,1961
Weakley,Public Defender,27,Republican,William Kenneth Randolph,3816
Weakley,State House,76,Democratic,No Candidate Qualified,0
Weakley,State House,76,Republican,Tandy Darby,3431
Weakley,U.S. House,8,Democratic,Lynnette P. Williams,258
Weakley,U.S. House,8,Democratic,Tim McDonald,265
Weakley,U.S. House,8,Republican,Bob Hendry,128
Weakley,U.S. House,8,Republican,Danny Ray Bridger Jr,151
Weakley,U.S. House,8,Republican,David Kustoff,3074
Weakley,U.S. House,8,Republican,Gary Dean Clouse,77
Weakley,Court of Appeals - Eastern Division,NA,,Replace - John W. McClarty,665
Weakley,Court of Appeals - Eastern Division,NA,,Replace - Kristi Davis,611
Weakley,Court of Appeals - Eastern Division,NA,,Replace - Mike Swiney,620
Weakley,Court of Appeals - Eastern Division,NA,,"Replace - Thomas R. ""Skip"" Frierson",643
Weakley,Court of Appeals - Eastern Division,NA,,Retain - John W. McClarty,2617
Weakley,Court of Appeals - Eastern Division,NA,,Retain - Kristi Davis,2683
Weakley,Court of Appeals - Eastern Division,NA,,Retain - Mike Swiney,2651
Weakley,Court of Appeals - Eastern Division,NA,,"Retain - Thomas R. ""Skip"" Frierson",2636
Weakley,Court of Appeals - Middle Division,NA,,Replace - Andy D. Bennett,648
Weakley,Court of Appeals - Middle Division,NA,,Replace - Frank Clement,655
Weakley,Court of Appeals - Middle Division,NA,,Replace - Neal McBrayer,610
Weakley,Court of Appeals - Middle Division,NA,,Retain - Andy D. Bennett,2625
Weakley,Court of Appeals - Middle Division,NA,,Retain - Frank Clement,2651
Weakley,Court of Appeals - Middle Division,NA,,Retain - Neal McBrayer,2642
Weakley,Court of Appeals - Western Division,NA,,Replace - Arnold B. Goldin,618
Weakley,Court of Appeals - Western Division,NA,,Replace - Carma Dennis McGee,603
Weakley,Court of Appeals - Western Division,NA,,Replace - Kenny W. Armstrong,613
Weakley,Court of Appeals - Western Division,NA,,Replace - Steve Stafford,599
Weakley,Court of Appeals - Western Division,NA,,Retain - Arnold B. Goldin,2640
Weakley,Court of Appeals - Western Division,NA,,Retain - Carma Dennis McGee,2663
Weakley,Court of Appeals - Western Division,NA,,Retain - Kenny W. Armstrong,2648
Weakley,Court of Appeals - Western Division,NA,,Retain - Steve Stafford,2747
Weakley,Court of Criminal Appeals - Eastern Division,NA,,"Replace - James C. Witt, Jr.",617
Weakley,Court of Criminal Appeals - Eastern Division,NA,,"Replace - Robert H. Montgomery, Jr.",593
Weakley,Court of Criminal Appeals - Eastern Division,NA,,"Retain - James C. Witt, Jr.",2614
Weakley,Court of Criminal Appeals - Eastern Division,NA,,"Retain - Robert H. Montgomery, Jr.",2650
Weakley,Court of Criminal Appeals - Middle Division,NA,,Replace - Jill Bartee Ayers,612
Weakley,Court of Criminal Appeals - Middle Division,NA,,"Replace - Robert L. Holloway, Jr.",595
Weakley,Court of Criminal Appeals - Middle Division,NA,,Replace - Robert W. Wedemeyer,624
Weakley,Court of Criminal Appeals - Middle Division,NA,,Replace - Timothy L. Easter,595
Weakley,Court of Criminal Appeals - Middle Division,NA,,Retain - Jill Bartee Ayers,2625
Weakley,Court of Criminal Appeals - Middle Division,NA,,"Retain - Robert L. Holloway, Jr.",2632
Weakley,Court of Criminal Appeals - Middle Division,NA,,Retain - Robert W. Wedemeyer,2598
Weakley,Court of Criminal Appeals - Middle Division,NA,,Retain - Timothy L. Easter,2626
Weakley,Court of Criminal Appeals - Western Division,NA,,Replace - Camille McMullen,652
Weakley,Court of Criminal Appeals - Western Division,NA,,Replace - J. Ross Dyer,601
Weakley,Court of Criminal Appeals - Western Division,NA,,Replace - John Everett Williams,577
Weakley,Court of Criminal Appeals - Western Division,NA,,"Replace - John W. Campbell, Sr.",608
Weakley,Court of Criminal Appeals - Western Division,NA,,Retain - Camille McMullen,2611
Weakley,Court of Criminal Appeals - Western Division,NA,,Retain - J. Ross Dyer,2663
Weakley,Court of Criminal Appeals - Western Division,NA,,Retain - John Everett Williams,2713
Weakley,Court of Criminal Appeals - Western Division,NA,,"Retain - John W. Campbell, Sr.",2653
Weakley,Supreme Court,NA,,Replace - Holly Kirby,656
Weakley,Supreme Court,NA,,Replace - Jeffrey S. Bivins,699
Weakley,Supreme Court,NA,,Replace - Roger A. Page,647
Weakley,Supreme Court,NA,,Replace - Sarah K. Campbell,698
Weakley,Supreme Court,NA,,Replace - Sharon Gail Lee,688
Weakley,Supreme Court,NA,,Retain - Holly Kirby,2724
Weakley,Supreme Court,NA,,Retain - Jeffrey S. Bivins,2753
Weakley,Supreme Court,NA,,Retain - Roger A. Page,2678
Weakley,Supreme Court,NA,,Retain - Sarah K. Campbell,2741
Weakley,Supreme Court,NA,,Retain - Sharon Gail Lee,2653
Weakley,Governor,NA,Democratic,Carnita Faye Atwater,147
Weakley,Governor,NA,Democratic,JB Smiley Jr.,114
Weakley,Governor,NA,Democratic,Jason Brantley Martin,311
Weakley,Governor,NA,Republican,Bill Lee,3343
White,Circuit Court Judge Part I,13,Independent,Amy Turnbull Hollars,1256
White,Chancellor,13,Republican,Ronald Thurman,2986
White,Circuit Court Judge Part I,13,Republican,"William T. ""Will"" Ridley",2617
White,Circuit Court Judge Part II,13,Republican,Caroline E. Knight,3150
White,Criminal Court Judge Part I,13,Republican,Gary S. McKenzie,2909
White,Criminal Court Judge Part II,13,Republican,Wesley Bray,2899
White,District Attorney General,13,Republican,Bryant C. Dunaway,3011
White,Public Defender,13,Republican,Craig P. Fickling Jr.,2817
White,State Executive Committeeman,15,Democratic,No Candidate Qualified,0
White,State Executive Committeewoman,15,Democratic,Anne Ferrell Quillen,298
White,State Senate,15,Democratic,No Candidate Qualified,0
White,State Executive Committeeman,15,Republican,Bill Loos,749
White,State Executive Committeeman,15,Republican,Mike Callahan,1866
White,State Executive Committeewoman,15,Republican,Linda Clark,2429
White,State Senate,15,Republican,Paul Bailey,3152
White,State House,43,Democratic,Cheryl Womack Uselton,305
White,State House,43,Republican,Bobby Robinson,2165
White,State House,43,Republican,Paul Sherrell,1432
White,U.S. House,6,Democratic,Clay Faircloth,97
White,U.S. House,6,Democratic,Randal Cooper,240
White,U.S. House,6,Republican,John Rose,2927
White,Court of Appeals - Eastern Division,NA,,Replace - John W. McClarty,571
White,Court of Appeals - Eastern Division,NA,,Replace - Kristi Davis,514
White,Court of Appeals - Eastern Division,NA,,Replace - Mike Swiney,578
White,Court of Appeals - Eastern Division,NA,,"Replace - Thomas R. ""Skip"" Frierson",569
White,Court of Appeals - Eastern Division,NA,,Retain - John W. McClarty,1652
White,Court of Appeals - Eastern Division,NA,,Retain - Kristi Davis,1775
White,Court of Appeals - Eastern Division,NA,,Retain - Mike Swiney,1626
White,Court of Appeals - Eastern Division,NA,,"Retain - Thomas R. ""Skip"" Frierson",1670
White,Court of Appeals - Middle Division,NA,,Replace - Andy D. Bennett,539
White,Court of Appeals - Middle Division,NA,,Replace - Frank Clement,616
White,Court of Appeals - Middle Division,NA,,Replace - Neal McBrayer,562
White,Court of Appeals - Middle Division,NA,,Retain - Andy D. Bennett,1688
White,Court of Appeals - Middle Division,NA,,Retain - Frank Clement,1701
White,Court of Appeals - Middle Division,NA,,Retain - Neal McBrayer,1634
White,Court of Appeals - Western Division,NA,,Replace - Arnold B. Goldin,558
White,Court of Appeals - Western Division,NA,,Replace - Carma Dennis McGee,547
White,Court of Appeals - Western Division,NA,,Replace - Kenny W. Armstrong,543
White,Court of Appeals - Western Division,NA,,Replace - Steve Stafford,558
White,Court of Appeals - Western Division,NA,,Retain - Arnold B. Goldin,1595
White,Court of Appeals - Western Division,NA,,Retain - Carma Dennis McGee,1605
White,Court of Appeals - Western Division,NA,,Retain - Kenny W. Armstrong,1638
White,Court of Appeals - Western Division,NA,,Retain - Steve Stafford,1601
White,Court of Criminal Appeals - Eastern Division,NA,,"Replace - James C. Witt, Jr.",540
White,Court of Criminal Appeals - Eastern Division,NA,,"Replace - Robert H. Montgomery, Jr.",536
White,Court of Criminal Appeals - Eastern Division,NA,,"Retain - James C. Witt, Jr.",1612
White,Court of Criminal Appeals - Eastern Division,NA,,"Retain - Robert H. Montgomery, Jr.",1623
White,Court of Criminal Appeals - Middle Division,NA,,Replace - Jill Bartee Ayers,529
White,Court of Criminal Appeals - Middle Division,NA,,"Replace - Robert L. Holloway, Jr.",528
White,Court of Criminal Appeals - Middle Division,NA,,Replace - Robert W. Wedemeyer,565
White,Court of Criminal Appeals - Middle Division,NA,,Replace - Timothy L. Easter,527
White,Court of Criminal Appeals - Middle Division,NA,,Retain - Jill Bartee Ayers,1648
White,Court of Criminal Appeals - Middle Division,NA,,"Retain - Robert L. Holloway, Jr.",1677
White,Court of Criminal Appeals - Middle Division,NA,,Retain - Robert W. Wedemeyer,1598
White,Court of Criminal Appeals - Middle Division,NA,,Retain - Timothy L. Easter,1647
White,Court of Criminal Appeals - Western Division,NA,,Replace - Camille McMullen,579
White,Court of Criminal Appeals - Western Division,NA,,Replace - J. Ross Dyer,539
White,Court of Criminal Appeals - Western Division,NA,,Replace - John Everett Williams,507
White,Court of Criminal Appeals - Western Division,NA,,"Replace - John W. Campbell, Sr.",535
White,Court of Criminal Appeals - Western Division,NA,,Retain - Camille McMullen,1588
White,Court of Criminal Appeals - Western Division,NA,,Retain - J. Ross Dyer,1613
White,Court of Criminal Appeals - Western Division,NA,,Retain - John Everett Williams,1644
White,Court of Criminal Appeals - Western Division,NA,,"Retain - John W. Campbell, Sr.",1613
White,Supreme Court,NA,,Replace - Holly Kirby,627
White,Supreme Court,NA,,Replace - Jeffrey S. Bivins,703
White,Supreme Court,NA,,Replace - Roger A. Page,625
White,Supreme Court,NA,,Replace - Sarah K. Campbell,614
White,Supreme Court,NA,,Replace - Sharon Gail Lee,662
White,Supreme Court,NA,,Retain - Holly Kirby,1939
White,Supreme Court,NA,,Retain - Jeffrey S. Bivins,1999
White,Supreme Court,NA,,Retain - Roger A. Page,1792
White,Supreme Court,NA,,Retain - Sarah K. Campbell,1986
White,Supreme Court,NA,,Retain - Sharon Gail Lee,1908
White,Governor,NA,Democratic,Carnita Faye Atwater,104
White,Governor,NA,Democratic,JB Smiley Jr.,71
White,Governor,NA,Democratic,Jason Brantley Martin,188
White,Governor,NA,Republican,Bill Lee,3078
Williamson,Circuit Court Judge Division I,21,Republican,"Joseph ""Woody"" Woodruff",25921
Williamson,Circuit Court Judge Division II,21,Republican,Deana C. Hood,25622
Williamson,Circuit Court Judge Division III,21,Republican,Michael W. Binkley,25489
Williamson,Circuit Court Judge Division IV,21,Republican,Deanna Bell Johnson,25380
Williamson,District Attorney General,21,Republican,Kim R. Helper,25645
Williamson,Public Defender,21,Republican,Greg Burlison,25200
Williamson,State Executive Committeeman,27,Democratic,No Candidate Qualified,0
Williamson,State Executive Committeewoman,27,Democratic,No Candidate Qualified,0
Williamson,State Senate,27,Democratic,No Candidate Qualified,0
Williamson,State Executive Committeeman,27,Republican,Steve Allbrooks,20163
Williamson,State Executive Committeewoman,27,Republican,Cyndi Miller,19921
Williamson,State Senate,27,Republican,Gary Humble,11684
Williamson,State Senate,27,Republican,Jack Johnson,12470
Williamson,State Executive Committeeman,28,Democratic,Gregory D. Hanners,254
Williamson,State Executive Committeeman,28,Democratic,Seth James Campbell,406
Williamson,State Executive Committeewoman,28,Democratic,Vicki S. Hale,677
Williamson,State Executive Committeeman,28,Republican,No Candidate Qualified,0
Williamson,State Executive Committeewoman,28,Republican,Angie McClanahan,1260
Williamson,State Executive Committeewoman,28,Republican,Julie Quan,798
Williamson,U.S. House,5,Democratic,Heidi Campbell,4845
Williamson,U.S. House,5,Republican,Andy Ogles,6833
Williamson,U.S. House,5,Republican,Beth Harwell,4079
Williamson,U.S. House,5,Republican,Geni Batchelor,300
Williamson,U.S. House,5,Republican,Jeff Beierlein,1223
Williamson,U.S. House,5,Republican,Kurt Winstead,3492
Williamson,U.S. House,5,Republican,Natisha Brooks,272
Williamson,U.S. House,5,Republican,Stewart T. Parks,147
Williamson,U.S. House,5,Republican,Timothy Bruce Lee,224
Williamson,U.S. House,5,Republican,Tres Wittum,126
Williamson,U.S. House,5,Republican,Write-In - Robby Starbuck Newsom,1081
Williamson,State House,61,Democratic,Steven M Cervantes,2421
Williamson,State House,61,Republican,Bob Ravener,3238
Williamson,State House,61,Republican,Gino Bulso,5162
Williamson,State House,63,Democratic,Kisha Davis,2215
Williamson,State House,63,Republican,Jake McCalmon,3122
Williamson,State House,63,Republican,James Sloan,967
Williamson,State House,63,Republican,Laurie Cardoza-Moore,2944
Williamson,State House,65,Democratic,No Candidate Qualified,0
Williamson,State House,65,Republican,Sam Whitson,6794
Williamson,U.S. House,7,Democratic,Odessa Kelly,2939
Williamson,U.S. House,7,Republican,Mark E Green,8020
Williamson,State House,92,Democratic,Angela Hughes,777
Williamson,State House,92,Republican,Jeff Ford,455
Williamson,State House,92,Republican,Matt Fitterer,1549
Williamson,State House,92,Republican,Todd Warner,1081
Williamson,Court of Appeals - Eastern Division,NA,,Replace - John W. McClarty,6478
Williamson,Court of Appeals - Eastern Division,NA,,Replace - Kristi Davis,5034
Williamson,Court of Appeals - Eastern Division,NA,,Replace - Mike Swiney,5247
Williamson,Court of Appeals - Eastern Division,NA,,"Replace - Thomas R. ""Skip"" Frierson",5242
Williamson,Court of Appeals - Eastern Division,NA,,Retain - John W. McClarty,18904
Williamson,Court of Appeals - Eastern Division,NA,,Retain - Kristi Davis,20410
Williamson,Court of Appeals - Eastern Division,NA,,Retain - Mike Swiney,19916
Williamson,Court of Appeals - Eastern Division,NA,,"Retain - Thomas R. ""Skip"" Frierson",20027
Williamson,Court of Appeals - Middle Division,NA,,Replace - Andy D. Bennett,6436
Williamson,Court of Appeals - Middle Division,NA,,Replace - Frank Clement,6809
Williamson,Court of Appeals - Middle Division,NA,,Replace - Neal McBrayer,5040
Williamson,Court of Appeals - Middle Division,NA,,Retain - Andy D. Bennett,18967
Williamson,Court of Appeals - Middle Division,NA,,Retain - Frank Clement,18956
Williamson,Court of Appeals - Middle Division,NA,,Retain - Neal McBrayer,19919
Williamson,Court of Appeals - Western Division,NA,,Replace - Arnold B. Goldin,5075
Williamson,Court of Appeals - Western Division,NA,,Replace - Carma Dennis McGee,4975
Williamson,Court of Appeals - Western Division,NA,,Replace - Kenny W. Armstrong,4932
Williamson,Court of Appeals - Western Division,NA,,Replace - Steve Stafford,6251
Williamson,Court of Appeals - Western Division,NA,,Retain - Arnold B. Goldin,19542
Williamson,Court of Appeals - Western Division,NA,,Retain - Carma Dennis McGee,19692
Williamson,Court of Appeals - Western Division,NA,,Retain - Kenny W. Armstrong,19825
Williamson,Court of Appeals - Western Division,NA,,Retain - Steve Stafford,18504
Williamson,Court of Criminal Appeals - Eastern Division,NA,,"Replace - James C. Witt, Jr.",5022
Williamson,Court of Criminal Appeals - Eastern Division,NA,,"Replace - Robert H. Montgomery, Jr.",4937
Williamson,Court of Criminal Appeals - Eastern Division,NA,,"Retain - James C. Witt, Jr.",19503
Williamson,Court of Criminal Appeals - Eastern Division,NA,,"Retain - Robert H. Montgomery, Jr.",19568
Williamson,Court of Criminal Appeals - Middle Division,NA,,Replace - Jill Bartee Ayers,4822
Williamson,Court of Criminal Appeals - Middle Division,NA,,"Replace - Robert L. Holloway, Jr.",5695
Williamson,Court of Criminal Appeals - Middle Division,NA,,Replace - Robert W. Wedemeyer,5370
Williamson,Court of Criminal Appeals - Middle Division,NA,,Replace - Timothy L. Easter,4917
Williamson,Court of Criminal Appeals - Middle Division,NA,,Retain - Jill Bartee Ayers,19842
Williamson,Court of Criminal Appeals - Middle Division,NA,,"Retain - Robert L. Holloway, Jr.",18999
Williamson,Court of Criminal Appeals - Middle Division,NA,,Retain - Robert W. Wedemeyer,19215
Williamson,Court of Criminal Appeals - Middle Division,NA,,Retain - Timothy L. Easter,20187
Williamson,Court of Criminal Appeals - Western Division,NA,,Replace - Camille McMullen,6080
Williamson,Court of Criminal Appeals - Western Division,NA,,Replace - J. Ross Dyer,4999
Williamson,Court of Criminal Appeals - Western Division,NA,,Replace - John Everett Williams,5000
Williamson,Court of Criminal Appeals - Western Division,NA,,"Replace - John W. Campbell, Sr.",5063
Williamson,Court of Criminal Appeals - Western Division,NA,,Retain - Camille McMullen,18839
Williamson,Court of Criminal Appeals - Western Division,NA,,Retain - J. Ross Dyer,19598
Williamson,Court of Criminal Appeals - Western Division,NA,,Retain - John Everett Williams,19787
Williamson,Court of Criminal Appeals - Western Division,NA,,"Retain - John W. Campbell, Sr.",19602
Williamson,Supreme Court,NA,,Replace - Holly Kirby,4956
Williamson,Supreme Court,NA,,Replace - Jeffrey S. Bivins,5398
Williamson,Supreme Court,NA,,Replace - Roger A. Page,5259
Williamson,Supreme Court,NA,,Replace - Sarah K. Campbell,5442
Williamson,Supreme Court,NA,,Replace - Sharon Gail Lee,7660
Williamson,Supreme Court,NA,,Retain - Holly Kirby,21453
Williamson,Supreme Court,NA,,Retain - Jeffrey S. Bivins,21646
Williamson,Supreme Court,NA,,Retain - Roger A. Page,20859
Williamson,Supreme Court,NA,,Retain - Sarah K. Campbell,21226
Williamson,Supreme Court,NA,,Retain - Sharon Gail Lee,18874
Williamson,Governor,NA,Democratic,Carnita Faye Atwater,1586
Williamson,Governor,NA,Democratic,JB Smiley Jr.,1698
Williamson,Governor,NA,Democratic,Jason Brantley Martin,5191
Williamson,Governor,NA,Republican,Bill Lee,23942
Wilson,Chancellor,15,Republican,C K Smith,12992
Wilson,Circuit Court Judge Division I,15,Republican,Clara Byrd,13395
Wilson,Circuit Court Judge Division II,15,Republican,Michael Collins,12825
Wilson,Criminal Court Judge,15,Republican,Brody Kane,13508
Wilson,District Attorney General,15,Republican,Jason Lawson,12936
Wilson,Public Defender,15,Republican,Shelley Thompson Gardner,12864
Wilson,State Executive Committeeman,17,Democratic,Aubrey T. Givens,2937
Wilson,State Executive Committeewoman,17,Democratic,Mary Alice Carfi,2930
Wilson,State Senate,17,Democratic,No Candidate Qualified,0
Wilson,State Executive Committeeman,17,Republican,Jerry Beavers,10705
Wilson,State Executive Committeewoman,17,Republican,Helene Singer Cash,4650
Wilson,State Executive Committeewoman,17,Republican,Terri Nicholson,6335
Wilson,State Senate,17,Republican,Mark Pody,11842
Wilson,State House,40,Democratic,Tom Cook,44
Wilson,State House,40,Republican,Michael Hale,173
Wilson,State House,40,Republican,Terri Lynn Weaver,160
Wilson,State House,46,Democratic,No Candidate Qualified,0
Wilson,State House,46,Republican,Clark Boyd,5935
Wilson,U.S. House,5,Democratic,Heidi Campbell,2442
Wilson,U.S. House,5,Republican,Andy Ogles,2668
Wilson,U.S. House,5,Republican,Beth Harwell,2116
Wilson,U.S. House,5,Republican,Geni Batchelor,314
Wilson,U.S. House,5,Republican,Jeff Beierlein,800
Wilson,U.S. House,5,Republican,Kurt Winstead,2362
Wilson,U.S. House,5,Republican,Natisha Brooks,298
Wilson,U.S. House,5,Republican,Stewart T. Parks,145
Wilson,U.S. House,5,Republican,Timothy Bruce Lee,162
Wilson,U.S. House,5,Republican,Tres Wittum,74
Wilson,U.S. House,5,Republican,Write-In - Robby Starbuck Newsom,288
Wilson,State House,57,Democratic,No Candidate Qualified,0
Wilson,State House,57,Republican,Susan M Lynn,5603
Wilson,U.S. House,6,Democratic,Clay Faircloth,194
Wilson,U.S. House,6,Democratic,Randal Cooper,508
Wilson,U.S. House,6,Republican,John Rose,3291
Wilson,Court of Appeals - Eastern Division,NA,,Replace - John W. McClarty,3242
Wilson,Court of Appeals - Eastern Division,NA,,Replace - Kristi Davis,2777
Wilson,Court of Appeals - Eastern Division,NA,,Replace - Mike Swiney,2965
Wilson,Court of Appeals - Eastern Division,NA,,"Replace - Thomas R. ""Skip"" Frierson",2968
Wilson,Court of Appeals - Eastern Division,NA,,Retain - John W. McClarty,9501
Wilson,Court of Appeals - Eastern Division,NA,,Retain - Kristi Davis,10084
Wilson,Court of Appeals - Eastern Division,NA,,Retain - Mike Swiney,9762
Wilson,Court of Appeals - Eastern Division,NA,,"Retain - Thomas R. ""Skip"" Frierson",9817
Wilson,Court of Appeals - Middle Division,NA,,Replace - Andy D. Bennett,3181
Wilson,Court of Appeals - Middle Division,NA,,Replace - Frank Clement,3425
Wilson,Court of Appeals - Middle Division,NA,,Replace - Neal McBrayer,2904
Wilson,Court of Appeals - Middle Division,NA,,Retain - Andy D. Bennett,9628
Wilson,Court of Appeals - Middle Division,NA,,Retain - Frank Clement,9689
Wilson,Court of Appeals - Middle Division,NA,,Retain - Neal McBrayer,9690
Wilson,Court of Appeals - Western Division,NA,,Replace - Arnold B. Goldin,2939
Wilson,Court of Appeals - Western Division,NA,,Replace - Carma Dennis McGee,2795
Wilson,Court of Appeals - Western Division,NA,,Replace - Kenny W. Armstrong,2857
Wilson,Court of Appeals - Western Division,NA,,Replace - Steve Stafford,3150
Wilson,Court of Appeals - Western Division,NA,,Retain - Arnold B. Goldin,9594
Wilson,Court of Appeals - Western Division,NA,,Retain - Carma Dennis McGee,9769
Wilson,Court of Appeals - Western Division,NA,,Retain - Kenny W. Armstrong,9741
Wilson,Court of Appeals - Western Division,NA,,Retain - Steve Stafford,9386
Wilson,Court of Criminal Appeals - Eastern Division,NA,,"Replace - James C. Witt, Jr.",2886
Wilson,Court of Criminal Appeals - Eastern Division,NA,,"Replace - Robert H. Montgomery, Jr.",2860
Wilson,Court of Criminal Appeals - Eastern Division,NA,,"Retain - James C. Witt, Jr.",9646
Wilson,Court of Criminal Appeals - Eastern Division,NA,,"Retain - Robert H. Montgomery, Jr.",9669
Wilson,Court of Criminal Appeals - Middle Division,NA,,Replace - Jill Bartee Ayers,2765
Wilson,Court of Criminal Appeals - Middle Division,NA,,"Replace - Robert L. Holloway, Jr.",3055
Wilson,Court of Criminal Appeals - Middle Division,NA,,Replace - Robert W. Wedemeyer,3007
Wilson,Court of Criminal Appeals - Middle Division,NA,,Replace - Timothy L. Easter,2847
Wilson,Court of Criminal Appeals - Middle Division,NA,,Retain - Jill Bartee Ayers,9799
Wilson,Court of Criminal Appeals - Middle Division,NA,,"Retain - Robert L. Holloway, Jr.",9517
Wilson,Court of Criminal Appeals - Middle Division,NA,,Retain - Robert W. Wedemeyer,9524
Wilson,Court of Criminal Appeals - Middle Division,NA,,Retain - Timothy L. Easter,9676
Wilson,Court of Criminal Appeals - Western Division,NA,,Replace - Camille McMullen,3041
Wilson,Court of Criminal Appeals - Western Division,NA,,Replace - J. Ross Dyer,2898
Wilson,Court of Criminal Appeals - Western Division,NA,,Replace - John Everett Williams,2890
Wilson,Court of Criminal Appeals - Western Division,NA,,"Replace - John W. Campbell, Sr.",2890
Wilson,Court of Criminal Appeals - Western Division,NA,,Retain - Camille McMullen,9586
Wilson,Court of Criminal Appeals - Western Division,NA,,Retain - J. Ross Dyer,9668
Wilson,Court of Criminal Appeals - Western Division,NA,,Retain - John Everett Williams,9787
Wilson,Court of Criminal Appeals - Western Division,NA,,"Retain - John W. Campbell, Sr.",9683
Wilson,Supreme Court,NA,,Replace - Holly Kirby,2840
Wilson,Supreme Court,NA,,Replace - Jeffrey S. Bivins,3151
Wilson,Supreme Court,NA,,Replace - Roger A. Page,3032
Wilson,Supreme Court,NA,,Replace - Sarah K. Campbell,2984
Wilson,Supreme Court,NA,,Replace - Sharon Gail Lee,3198
Wilson,Supreme Court,NA,,Retain - Holly Kirby,10252
Wilson,Supreme Court,NA,,Retain - Jeffrey S. Bivins,10066
Wilson,Supreme Court,NA,,Retain - Roger A. Page,9836
Wilson,Supreme Court,NA,,Retain - Sarah K. Campbell,10181
Wilson,Supreme Court,NA,,Retain - Sharon Gail Lee,9804
Wilson,Governor,NA,Democratic,Carnita Faye Atwater,767
Wilson,Governor,NA,Democratic,JB Smiley Jr.,977
Wilson,Governor,NA,Democratic,Jason Brantley Martin,1694
Wilson,Governor,NA,Republican,Bill Lee,11943
