county,office,district,party,candidate,votes
Anderson,U.S. House,3,Democratic,Meg Gorman,6715
Anderson,U.S. House,3,Independent,Rick Tyler,215
Anderson,U.S. House,3,Independent,Thomas M. Rumba,135
Anderson,U.S. House,3,Republican,Chuck Fleischmann,13969
Anderson,State House,33,Democratic,Jim Dodson,6878
Anderson,State House,33,Republican,John D. Ragan,11093
Anderson,State House,41,Independent,John Mark Windle,893
Anderson,State House,41,Republican,Ed Butler,2175
Anderson,State Senate,5,,Write-In - Hannah Parton,1
Anderson,State Senate,5,Republican,Randy McNally,16094
Anderson,Constitutional Amendment # 1,NA,,No,7170
Anderson,Constitutional Amendment # 1,NA,,Yes,13342
Anderson,Constitutional Amendment # 2,NA,,No,5309
Anderson,Constitutional Amendment # 2,NA,,Yes,14199
Anderson,Constitutional Amendment # 3,NA,,No,4289
Anderson,Constitutional Amendment # 3,NA,,Yes,15252
Anderson,Constitutional Amendment # 4,NA,,No,7599
Anderson,Constitutional Amendment # 4,NA,,Yes,12064
Anderson,Governor,NA,,Write-In - Curtis Carney,0
Anderson,Governor,NA,,Write-In - Kameron Parker Scott,0
Anderson,Governor,NA,,Write-In - Lemichael D. Wilson,5
Anderson,Governor,NA,,Write-In - Stephen C Maxwell,0
Anderson,Governor,NA,Democratic,Jason Brantley Martin,6832
Anderson,Governor,NA,Independent,Alfred O'Neil,14
Anderson,Governor,NA,Independent,Basil Marceaux,28
Anderson,Governor,NA,Independent,Charles Van Morgan,26
Anderson,Governor,NA,Independent,Constance M. Every,133
Anderson,Governor,NA,Independent,Deborah Rouse,55
Anderson,Governor,NA,Independent,John Gentry,136
Anderson,Governor,NA,Independent,Michael E. Scantland,11
Anderson,Governor,NA,Independent,Rick Tyler,37
Anderson,Governor,NA,Republican,Bill Lee,14003
Bedford,U.S. House,4,Democratic,Wayne Steele,1798
Bedford,U.S. House,4,Independent,Clyde Benson,95
Bedford,U.S. House,4,Independent,David Leighton Jones,33
Bedford,U.S. House,4,Independent,"Joseph ""Krishnadas"" Magyer",90
Bedford,U.S. House,4,Independent,Mike Winton,208
Bedford,U.S. House,4,Independent,Tharon Chandler,27
Bedford,U.S. House,4,Republican,Scott DesJarlais,7942
Bedford,State House,62,Republican,Pat Marsh,8665
Bedford,Constitutional Amendment # 1,NA,,No,2564
Bedford,Constitutional Amendment # 1,NA,,Yes,7564
Bedford,Constitutional Amendment # 2,NA,,No,2497
Bedford,Constitutional Amendment # 2,NA,,Yes,6834
Bedford,Constitutional Amendment # 3,NA,,No,2215
Bedford,Constitutional Amendment # 3,NA,,Yes,7584
Bedford,Constitutional Amendment # 4,NA,,No,3408
Bedford,Constitutional Amendment # 4,NA,,Yes,6408
Bedford,Governor,NA,,Write-In - Curtis Carney,0
Bedford,Governor,NA,,Write-In - Kameron Parker Scott,0
Bedford,Governor,NA,,Write-In - Lemichael D. Wilson,1
Bedford,Governor,NA,,Write-In - Stephen C Maxwell,0
Bedford,Governor,NA,Democratic,Jason Brantley Martin,1936
Bedford,Governor,NA,Independent,Alfred O'Neil,7
Bedford,Governor,NA,Independent,Basil Marceaux,13
Bedford,Governor,NA,Independent,Charles Van Morgan,16
Bedford,Governor,NA,Independent,Constance M. Every,65
Bedford,Governor,NA,Independent,Deborah Rouse,26
Bedford,Governor,NA,Independent,John Gentry,103
Bedford,Governor,NA,Independent,Michael E. Scantland,7
Bedford,Governor,NA,Independent,Rick Tyler,19
Bedford,Governor,NA,Republican,Bill Lee,8401
Benton,U.S. House,7,Democratic,Odessa Kelly,491
Benton,U.S. House,7,Independent,Steven J. Hooper,50
Benton,U.S. House,7,Republican,Mark E Green,2236
Benton,State House,74,Republican,Jay D. Reedy,3332
Benton,U.S. House,8,Democratic,Lynnette P. Williams,245
Benton,U.S. House,8,Independent,James Hart,32
Benton,U.S. House,8,Independent,Ronnie Henley,13
Benton,U.S. House,8,Republican,David Kustoff,993
Benton,Constitutional Amendment # 1,NA,,No,1178
Benton,Constitutional Amendment # 1,NA,,Yes,2587
Benton,Constitutional Amendment # 2,NA,,No,1224
Benton,Constitutional Amendment # 2,NA,,Yes,2339
Benton,Constitutional Amendment # 3,NA,,No,1163
Benton,Constitutional Amendment # 3,NA,,Yes,2509
Benton,Constitutional Amendment # 4,NA,,No,1561
Benton,Constitutional Amendment # 4,NA,,Yes,2220
Benton,Governor,NA,,Write-In - Curtis Carney,0
Benton,Governor,NA,,Write-In - Kameron Parker Scott,0
Benton,Governor,NA,,Write-In - Lemichael D. Wilson,3
Benton,Governor,NA,,Write-In - Stephen C Maxwell,0
Benton,Governor,NA,Democratic,Jason Brantley Martin,756
Benton,Governor,NA,Independent,Alfred O'Neil,2
Benton,Governor,NA,Independent,Basil Marceaux,0
Benton,Governor,NA,Independent,Charles Van Morgan,3
Benton,Governor,NA,Independent,Constance M. Every,22
Benton,Governor,NA,Independent,Deborah Rouse,5
Benton,Governor,NA,Independent,John Gentry,56
Benton,Governor,NA,Independent,Michael E. Scantland,1
Benton,Governor,NA,Independent,Rick Tyler,8
Benton,Governor,NA,Republican,Bill Lee,3247
Bledsoe,State House,31,Democratic,David L Brown,405
Bledsoe,State House,31,Republican,Ron Travis,2954
Bledsoe,U.S. House,4,Democratic,Wayne Steele,442
Bledsoe,U.S. House,4,Independent,Clyde Benson,22
Bledsoe,U.S. House,4,Independent,David Leighton Jones,11
Bledsoe,U.S. House,4,Independent,"Joseph ""Krishnadas"" Magyer",6
Bledsoe,U.S. House,4,Independent,Mike Winton,35
Bledsoe,U.S. House,4,Independent,Tharon Chandler,6
Bledsoe,U.S. House,4,Republican,Scott DesJarlais,2836
Bledsoe,Constitutional Amendment # 1,NA,,No,962
Bledsoe,Constitutional Amendment # 1,NA,,Yes,2193
Bledsoe,Constitutional Amendment # 2,NA,,No,919
Bledsoe,Constitutional Amendment # 2,NA,,Yes,2017
Bledsoe,Constitutional Amendment # 3,NA,,No,976
Bledsoe,Constitutional Amendment # 3,NA,,Yes,2030
Bledsoe,Constitutional Amendment # 4,NA,,No,1129
Bledsoe,Constitutional Amendment # 4,NA,,Yes,1875
Bledsoe,Governor,NA,,Write-In - Curtis Carney,0
Bledsoe,Governor,NA,,Write-In - Kameron Parker Scott,0
Bledsoe,Governor,NA,,Write-In - Lemichael D. Wilson,2
Bledsoe,Governor,NA,,Write-In - Stephen C Maxwell,0
Bledsoe,Governor,NA,Democratic,Jason Brantley Martin,418
Bledsoe,Governor,NA,Independent,Alfred O'Neil,0
Bledsoe,Governor,NA,Independent,Basil Marceaux,5
Bledsoe,Governor,NA,Independent,Charles Van Morgan,4
Bledsoe,Governor,NA,Independent,Constance M. Every,5
Bledsoe,Governor,NA,Independent,Deborah Rouse,2
Bledsoe,Governor,NA,Independent,John Gentry,32
Bledsoe,Governor,NA,Independent,Michael E. Scantland,1
Bledsoe,Governor,NA,Independent,Rick Tyler,6
Bledsoe,Governor,NA,Republican,Bill Lee,2933
Blount,U.S. House,2,Democratic,Mark Harmon,9472
Blount,U.S. House,2,Republican,Tim Burchett,30042
Blount,State House,20,Republican,Bryan Richey,14568
Blount,State House,8,,Write-In -Sue DuBois,365
Blount,State House,8,Democratic,Dylan D. Kelley,3846
Blount,State House,8,Republican,Jerome Moon,15702
Blount,Constitutional Amendment # 1,NA,,No,10682
Blount,Constitutional Amendment # 1,NA,,Yes,27546
Blount,Constitutional Amendment # 2,NA,,No,8903
Blount,Constitutional Amendment # 2,NA,,Yes,27076
Blount,Constitutional Amendment # 3,NA,,No,7754
Blount,Constitutional Amendment # 3,NA,,Yes,29698
Blount,Constitutional Amendment # 4,NA,,No,13203
Blount,Constitutional Amendment # 4,NA,,Yes,24270
Blount,Governor,NA,,Write-In - Curtis Carney,0
Blount,Governor,NA,,Write-In - Kameron Parker Scott,0
Blount,Governor,NA,,Write-In - Lemichael D. Wilson,11
Blount,Governor,NA,,Write-In - Stephen C Maxwell,0
Blount,Governor,NA,Democratic,Jason Brantley Martin,9316
Blount,Governor,NA,Independent,Alfred O'Neil,32
Blount,Governor,NA,Independent,Basil Marceaux,45
Blount,Governor,NA,Independent,Charles Van Morgan,35
Blount,Governor,NA,Independent,Constance M. Every,247
Blount,Governor,NA,Independent,Deborah Rouse,45
Blount,Governor,NA,Independent,John Gentry,379
Blount,Governor,NA,Independent,Michael E. Scantland,6
Blount,Governor,NA,Independent,Rick Tyler,20
Blount,Governor,NA,Republican,Bill Lee,29470
Bradley,State Senate,1,Democratic,Patricia Waters,4036
Bradley,State Senate,1,Republican,J. Adam Lowe,18665
Bradley,State House,22,Republican,Dan Howell,8907
Bradley,State House,24,Republican,Kevin D. Raper,12448
Bradley,U.S. House,3,Democratic,Meg Gorman,4167
Bradley,U.S. House,3,Independent,Rick Tyler,211
Bradley,U.S. House,3,Independent,Thomas M. Rumba,155
Bradley,U.S. House,3,Republican,Chuck Fleischmann,20136
Bradley,Constitutional Amendment # 1,NA,,No,5415
Bradley,Constitutional Amendment # 1,NA,,Yes,18808
Bradley,Constitutional Amendment # 2,NA,,No,5991
Bradley,Constitutional Amendment # 2,NA,,Yes,16649
Bradley,Constitutional Amendment # 3,NA,,No,5219
Bradley,Constitutional Amendment # 3,NA,,Yes,18390
Bradley,Constitutional Amendment # 4,NA,,No,8119
Bradley,Constitutional Amendment # 4,NA,,Yes,15620
Bradley,Governor,NA,,Write-In - Curtis Carney,0
Bradley,Governor,NA,,Write-In - Kameron Parker Scott,0
Bradley,Governor,NA,,Write-In - Lemichael D. Wilson,5
Bradley,Governor,NA,,Write-In - Stephen C Maxwell,0
Bradley,Governor,NA,Democratic,Jason Brantley Martin,4096
Bradley,Governor,NA,Independent,Alfred O'Neil,8
Bradley,Governor,NA,Independent,Basil Marceaux,25
Bradley,Governor,NA,Independent,Charles Van Morgan,28
Bradley,Governor,NA,Independent,Constance M. Every,103
Bradley,Governor,NA,Independent,Deborah Rouse,37
Bradley,Governor,NA,Independent,John Gentry,201
Bradley,Governor,NA,Independent,Michael E. Scantland,8
Bradley,Governor,NA,Independent,Rick Tyler,32
Bradley,Governor,NA,Republican,Bill Lee,20655
Campbell,U.S. House,2,Democratic,Mark Harmon,653
Campbell,U.S. House,2,Republican,Tim Burchett,3321
Campbell,U.S. House,3,Democratic,Meg Gorman,553
Campbell,U.S. House,3,Independent,Rick Tyler,37
Campbell,U.S. House,3,Independent,Thomas M. Rumba,24
Campbell,U.S. House,3,Republican,Chuck Fleischmann,2883
Campbell,State House,36,Republican,Dennis Powers,6314
Campbell,Constitutional Amendment # 1,NA,,No,1921
Campbell,Constitutional Amendment # 1,NA,,Yes,4783
Campbell,Constitutional Amendment # 2,NA,,No,1754
Campbell,Constitutional Amendment # 2,NA,,Yes,4296
Campbell,Constitutional Amendment # 3,NA,,No,1647
Campbell,Constitutional Amendment # 3,NA,,Yes,4663
Campbell,Constitutional Amendment # 4,NA,,No,2483
Campbell,Constitutional Amendment # 4,NA,,Yes,3895
Campbell,Governor,NA,,Write-In - Curtis Carney,0
Campbell,Governor,NA,,Write-In - Kameron Parker Scott,0
Campbell,Governor,NA,,Write-In - Lemichael D. Wilson,1
Campbell,Governor,NA,,Write-In - Stephen C Maxwell,0
Campbell,Governor,NA,Democratic,Jason Brantley Martin,1197
Campbell,Governor,NA,Independent,Alfred O'Neil,10
Campbell,Governor,NA,Independent,Basil Marceaux,9
Campbell,Governor,NA,Independent,Charles Van Morgan,12
Campbell,Governor,NA,Independent,Constance M. Every,43
Campbell,Governor,NA,Independent,Deborah Rouse,7
Campbell,Governor,NA,Independent,John Gentry,76
Campbell,Governor,NA,Independent,Michael E. Scantland,3
Campbell,Governor,NA,Independent,Rick Tyler,4
Campbell,Governor,NA,Republican,Bill Lee,6188
Cannon,State House,40,Democratic,Tom Cook,624
Cannon,State House,40,Republican,Michael Hale,3056
Cannon,U.S. House,6,Democratic,Randal Cooper,654
Cannon,U.S. House,6,Republican,John Rose,2985
Cannon,Constitutional Amendment # 1,NA,,No,1042
Cannon,Constitutional Amendment # 1,NA,,Yes,2542
Cannon,Constitutional Amendment # 2,NA,,No,1076
Cannon,Constitutional Amendment # 2,NA,,Yes,2227
Cannon,Constitutional Amendment # 3,NA,,No,1187
Cannon,Constitutional Amendment # 3,NA,,Yes,2259
Cannon,Constitutional Amendment # 4,NA,,No,1272
Cannon,Constitutional Amendment # 4,NA,,Yes,2100
Cannon,Governor,NA,,Write-In - Curtis Carney,0
Cannon,Governor,NA,,Write-In - Kameron Parker Scott,0
Cannon,Governor,NA,,Write-In - Lemichael D. Wilson,0
Cannon,Governor,NA,,Write-In - Stephen C Maxwell,0
Cannon,Governor,NA,Democratic,Jason Brantley Martin,668
Cannon,Governor,NA,Independent,Alfred O'Neil,1
Cannon,Governor,NA,Independent,Basil Marceaux,3
Cannon,Governor,NA,Independent,Charles Van Morgan,1
Cannon,Governor,NA,Independent,Constance M. Every,13
Cannon,Governor,NA,Independent,Deborah Rouse,6
Cannon,Governor,NA,Independent,John Gentry,38
Cannon,Governor,NA,Independent,Michael E. Scantland,2
Cannon,Governor,NA,Independent,Rick Tyler,3
Cannon,Governor,NA,Republican,Bill Lee,3082
Carroll,State House,76,Independent,James Hart,401
Carroll,State House,76,Independent,Kevin A West,163
Carroll,State House,76,Republican,Tandy Darby,2529
Carroll,State House,79,Democratic,Thomas Jefferson,595
Carroll,State House,79,Republican,Brock Martin,3284
Carroll,U.S. House,8,,Write-In - Kirk D Carter,0
Carroll,U.S. House,8,Democratic,Lynnette P. Williams,1206
Carroll,U.S. House,8,Independent,James Hart,128
Carroll,U.S. House,8,Independent,Ronnie Henley,49
Carroll,U.S. House,8,Republican,David Kustoff,5707
Carroll,Constitutional Amendment # 1,NA,,No,1834
Carroll,Constitutional Amendment # 1,NA,,Yes,4835
Carroll,Constitutional Amendment # 2,NA,,No,1807
Carroll,Constitutional Amendment # 2,NA,,Yes,4475
Carroll,Constitutional Amendment # 3,NA,,No,1673
Carroll,Constitutional Amendment # 3,NA,,Yes,4585
Carroll,Constitutional Amendment # 4,NA,,No,2222
Carroll,Constitutional Amendment # 4,NA,,Yes,4081
Carroll,Governor,NA,,Write-In - Curtis Carney,0
Carroll,Governor,NA,,Write-In - Kameron Parker Scott,0
Carroll,Governor,NA,,Write-In - Lemichael D. Wilson,0
Carroll,Governor,NA,,Write-In - Stephen C Maxwell,0
Carroll,Governor,NA,Democratic,Jason Brantley Martin,1268
Carroll,Governor,NA,Independent,Alfred O'Neil,6
Carroll,Governor,NA,Independent,Basil Marceaux,3
Carroll,Governor,NA,Independent,Charles Van Morgan,7
Carroll,Governor,NA,Independent,Constance M. Every,35
Carroll,Governor,NA,Independent,Deborah Rouse,18
Carroll,Governor,NA,Independent,John Gentry,64
Carroll,Governor,NA,Independent,Michael E. Scantland,2
Carroll,Governor,NA,Independent,Rick Tyler,10
Carroll,Governor,NA,Republican,Bill Lee,5733
Carter,U.S. House,1,Democratic,Cameron Parsons,2402
Carter,U.S. House,1,Independent,Matt Makrom,94
Carter,U.S. House,1,Independent,Richard G. Baker,242
Carter,U.S. House,1,Republican,Diana Lynn Harshbarger,11447
Carter,State House,3,,Write-In - Arvil Love,0
Carter,State Senate,3,Democratic,Kate Craig,2458
Carter,State House,3,Republican,Scotty Campbell,1526
Carter,State Senate,3,Republican,Rusty Crowe,11327
Carter,State House,4,Republican,John B. Holsclaw Jr,10544
Carter,Constitutional Amendment # 1,NA,,No,3971
Carter,Constitutional Amendment # 1,NA,,Yes,9587
Carter,Constitutional Amendment # 2,NA,,No,3659
Carter,Constitutional Amendment # 2,NA,,Yes,8602
Carter,Constitutional Amendment # 3,NA,,No,3213
Carter,Constitutional Amendment # 3,NA,,Yes,9721
Carter,Constitutional Amendment # 4,NA,,No,4926
Carter,Constitutional Amendment # 4,NA,,Yes,8114
Carter,Governor,NA,,Write-In - Curtis Carney,0
Carter,Governor,NA,,Write-In - Kameron Parker Scott,0
Carter,Governor,NA,,Write-In - Lemichael D. Wilson,4
Carter,Governor,NA,,Write-In - Stephen C Maxwell,0
Carter,Governor,NA,Democratic,Jason Brantley Martin,2575
Carter,Governor,NA,Independent,Alfred O'Neil,7
Carter,Governor,NA,Independent,Basil Marceaux,16
Carter,Governor,NA,Independent,Charles Van Morgan,24
Carter,Governor,NA,Independent,Constance M. Every,106
Carter,Governor,NA,Independent,Deborah Rouse,20
Carter,Governor,NA,Independent,John Gentry,108
Carter,Governor,NA,Independent,Michael E. Scantland,3
Carter,Governor,NA,Independent,Rick Tyler,19
Carter,Governor,NA,Republican,Bill Lee,11602
Cheatham,State Senate,23,Republican,Kerry Roberts,9089
Cheatham,U.S. House,7,Democratic,Odessa Kelly,3105
Cheatham,U.S. House,7,Independent,Steven J. Hooper,188
Cheatham,U.S. House,7,Republican,Mark E Green,8342
Cheatham,State House,78,Democratic,Krystle James,3100
Cheatham,State House,78,Republican,Mary J Littleton,8497
Cheatham,Constitutional Amendment # 1,NA,,No,3260
Cheatham,Constitutional Amendment # 1,NA,,Yes,7924
Cheatham,Constitutional Amendment # 2,NA,,No,2712
Cheatham,Constitutional Amendment # 2,NA,,Yes,8031
Cheatham,Constitutional Amendment # 3,NA,,No,2443
Cheatham,Constitutional Amendment # 3,NA,,Yes,8568
Cheatham,Constitutional Amendment # 4,NA,,No,4361
Cheatham,Constitutional Amendment # 4,NA,,Yes,6755
Cheatham,Governor,NA,,Write-In - Curtis Carney,0
Cheatham,Governor,NA,,Write-In - Kameron Parker Scott,0
Cheatham,Governor,NA,,Write-In - Lemichael D. Wilson,1
Cheatham,Governor,NA,,Write-In - Stephen C Maxwell,0
Cheatham,Governor,NA,Democratic,Jason Brantley Martin,3138
Cheatham,Governor,NA,Independent,Alfred O'Neil,4
Cheatham,Governor,NA,Independent,Basil Marceaux,12
Cheatham,Governor,NA,Independent,Charles Van Morgan,2
Cheatham,Governor,NA,Independent,Constance M. Every,63
Cheatham,Governor,NA,Independent,Deborah Rouse,20
Cheatham,Governor,NA,Independent,John Gentry,95
Cheatham,Governor,NA,Independent,Michael E. Scantland,3
Cheatham,Governor,NA,Independent,Rick Tyler,11
Cheatham,Governor,NA,Republican,Bill Lee,8309
Chester,State House,72,Republican,Kirk Haston,3874
Chester,U.S. House,8,Democratic,Lynnette P. Williams,611
Chester,U.S. House,8,Independent,James Hart,41
Chester,U.S. House,8,Independent,Ronnie Henley,30
Chester,U.S. House,8,Republican,David Kustoff,3764
Chester,Constitutional Amendment # 1,NA,,No,787
Chester,Constitutional Amendment # 1,NA,,Yes,3107
Chester,Constitutional Amendment # 2,NA,,No,935
Chester,Constitutional Amendment # 2,NA,,Yes,2929
Chester,Constitutional Amendment # 3,NA,,No,999
Chester,Constitutional Amendment # 3,NA,,Yes,2984
Chester,Constitutional Amendment # 4,NA,,No,1259
Chester,Constitutional Amendment # 4,NA,,Yes,2712
Chester,Governor,NA,,Write-In - Curtis Carney,0
Chester,Governor,NA,,Write-In - Kameron Parker Scott,0
Chester,Governor,NA,,Write-In - Lemichael D. Wilson,0
Chester,Governor,NA,,Write-In - Stephen C Maxwell,0
Chester,Governor,NA,Democratic,Jason Brantley Martin,622
Chester,Governor,NA,Independent,Alfred O'Neil,4
Chester,Governor,NA,Independent,Basil Marceaux,5
Chester,Governor,NA,Independent,Charles Van Morgan,6
Chester,Governor,NA,Independent,Constance M. Every,21
Chester,Governor,NA,Independent,Deborah Rouse,15
Chester,Governor,NA,Independent,John Gentry,60
Chester,Governor,NA,Independent,Michael E. Scantland,1
Chester,Governor,NA,Independent,Rick Tyler,6
Chester,Governor,NA,Republican,Bill Lee,3756
Claiborne,U.S. House,2,Democratic,Mark Harmon,977
Claiborne,U.S. House,2,Republican,Tim Burchett,5695
Claiborne,State House,36,Republican,Dennis Powers,2257
Claiborne,State House,9,Republican,Gary W Hicks Jr,3359
Claiborne,Constitutional Amendment # 1,NA,,No,1545
Claiborne,Constitutional Amendment # 1,NA,,Yes,4634
Claiborne,Constitutional Amendment # 2,NA,,No,1704
Claiborne,Constitutional Amendment # 2,NA,,Yes,4045
Claiborne,Constitutional Amendment # 3,NA,,No,1585
Claiborne,Constitutional Amendment # 3,NA,,Yes,4062
Claiborne,Constitutional Amendment # 4,NA,,No,2174
Claiborne,Constitutional Amendment # 4,NA,,Yes,3531
Claiborne,Governor,NA,,Write-In - Curtis Carney,0
Claiborne,Governor,NA,,Write-In - Kameron Parker Scott,0
Claiborne,Governor,NA,,Write-In - Lemichael D. Wilson,1
Claiborne,Governor,NA,,Write-In - Stephen C Maxwell,0
Claiborne,Governor,NA,Democratic,Jason Brantley Martin,954
Claiborne,Governor,NA,Independent,Alfred O'Neil,1
Claiborne,Governor,NA,Independent,Basil Marceaux,4
Claiborne,Governor,NA,Independent,Charles Van Morgan,7
Claiborne,Governor,NA,Independent,Constance M. Every,33
Claiborne,Governor,NA,Independent,Deborah Rouse,14
Claiborne,Governor,NA,Independent,John Gentry,53
Claiborne,Governor,NA,Independent,Michael E. Scantland,1
Claiborne,Governor,NA,Independent,Rick Tyler,9
Claiborne,Governor,NA,Republican,Bill Lee,5652
Clay,State House,38,Republican,Kelly T Keisling,1460
Clay,U.S. House,6,Democratic,Randal Cooper,327
Clay,U.S. House,6,Republican,John Rose,1402
Clay,Constitutional Amendment # 1,NA,,No,435
Clay,Constitutional Amendment # 1,NA,,Yes,1175
Clay,Constitutional Amendment # 2,NA,,No,465
Clay,Constitutional Amendment # 2,NA,,Yes,957
Clay,Constitutional Amendment # 3,NA,,No,457
Clay,Constitutional Amendment # 3,NA,,Yes,1064
Clay,Constitutional Amendment # 4,NA,,No,591
Clay,Constitutional Amendment # 4,NA,,Yes,871
Clay,Governor,NA,,Write-In - Curtis Carney,0
Clay,Governor,NA,,Write-In - Kameron Parker Scott,0
Clay,Governor,NA,,Write-In - Lemichael D. Wilson,1
Clay,Governor,NA,,Write-In - Stephen C Maxwell,0
Clay,Governor,NA,Democratic,Jason Brantley Martin,307
Clay,Governor,NA,Independent,Alfred O'Neil,1
Clay,Governor,NA,Independent,Basil Marceaux,0
Clay,Governor,NA,Independent,Charles Van Morgan,2
Clay,Governor,NA,Independent,Constance M. Every,6
Clay,Governor,NA,Independent,Deborah Rouse,8
Clay,Governor,NA,Independent,John Gentry,31
Clay,Governor,NA,Independent,Michael E. Scantland,2
Clay,Governor,NA,Independent,Rick Tyler,4
Clay,Governor,NA,Republican,Bill Lee,1451
Cocke,U.S. House,1,Democratic,Cameron Parsons,1185
Cocke,U.S. House,1,Independent,Matt Makrom,73
Cocke,U.S. House,1,Independent,Richard G. Baker,129
Cocke,U.S. House,1,Republican,Diana Lynn Harshbarger,6488
Cocke,State House,11,,Write-In - Joseph Winchester Stout,78
Cocke,State House,11,Republican,Jeremy Faison,6763
Cocke,State Senate,9,Democratic,Sara Thompson,1179
Cocke,State Senate,9,Republican,Steve Southerland,6544
Cocke,Constitutional Amendment # 1,NA,,No,1976
Cocke,Constitutional Amendment # 1,NA,,Yes,5609
Cocke,Constitutional Amendment # 2,NA,,No,2034
Cocke,Constitutional Amendment # 2,NA,,Yes,4777
Cocke,Constitutional Amendment # 3,NA,,No,1824
Cocke,Constitutional Amendment # 3,NA,,Yes,5403
Cocke,Constitutional Amendment # 4,NA,,No,2659
Cocke,Constitutional Amendment # 4,NA,,Yes,4376
Cocke,Governor,NA,,Write-In - Curtis Carney,0
Cocke,Governor,NA,,Write-In - Kameron Parker Scott,0
Cocke,Governor,NA,,Write-In - Lemichael D. Wilson,4
Cocke,Governor,NA,,Write-In - Stephen C Maxwell,0
Cocke,Governor,NA,Democratic,Jason Brantley Martin,1300
Cocke,Governor,NA,Independent,Alfred O'Neil,28
Cocke,Governor,NA,Independent,Basil Marceaux,5
Cocke,Governor,NA,Independent,Charles Van Morgan,13
Cocke,Governor,NA,Independent,Constance M. Every,56
Cocke,Governor,NA,Independent,Deborah Rouse,21
Cocke,Governor,NA,Independent,John Gentry,88
Cocke,Governor,NA,Independent,Michael E. Scantland,7
Cocke,Governor,NA,Independent,Rick Tyler,13
Cocke,Governor,NA,Republican,Bill Lee,6618
Coffee,U.S. House,4,Democratic,Wayne Steele,2541
Coffee,U.S. House,4,Independent,Clyde Benson,71
Coffee,U.S. House,4,Independent,David Leighton Jones,63
Coffee,U.S. House,4,Independent,"Joseph ""Krishnadas"" Magyer",27
Coffee,U.S. House,4,Independent,Mike Winton,827
Coffee,U.S. House,4,Independent,Tharon Chandler,24
Coffee,U.S. House,4,Republican,Scott DesJarlais,9904
Coffee,State House,47,Independent,Veronica Owens,2473
Coffee,State House,47,Republican,Rush Bricken,9921
Coffee,Constitutional Amendment # 1,NA,,No,3258
Coffee,Constitutional Amendment # 1,NA,,Yes,9320
Coffee,Constitutional Amendment # 2,NA,,No,3316
Coffee,Constitutional Amendment # 2,NA,,Yes,9252
Coffee,Constitutional Amendment # 3,NA,,No,3041
Coffee,Constitutional Amendment # 3,NA,,Yes,9729
Coffee,Constitutional Amendment # 4,NA,,No,4497
Coffee,Constitutional Amendment # 4,NA,,Yes,8248
Coffee,Governor,NA,,Write-In - Curtis Carney,0
Coffee,Governor,NA,,Write-In - Kameron Parker Scott,0
Coffee,Governor,NA,,Write-In - Lemichael D. Wilson,5
Coffee,Governor,NA,,Write-In - Stephen C Maxwell,0
Coffee,Governor,NA,Democratic,Jason Brantley Martin,2811
Coffee,Governor,NA,Independent,Alfred O'Neil,14
Coffee,Governor,NA,Independent,Basil Marceaux,17
Coffee,Governor,NA,Independent,Charles Van Morgan,13
Coffee,Governor,NA,Independent,Constance M. Every,82
Coffee,Governor,NA,Independent,Deborah Rouse,29
Coffee,Governor,NA,Independent,John Gentry,122
Coffee,Governor,NA,Independent,Michael E. Scantland,4
Coffee,Governor,NA,Independent,Rick Tyler,25
Coffee,Governor,NA,Republican,Bill Lee,10529
Crockett,State Senate,25,Independent,Ronnie Henley,361
Crockett,State Senate,25,Republican,Ed Jackson,2652
Crockett,U.S. House,8,Democratic,Lynnette P. Williams,501
Crockett,U.S. House,8,Independent,James Hart,34
Crockett,U.S. House,8,Independent,Ronnie Henley,16
Crockett,U.S. House,8,Republican,David Kustoff,2662
Crockett,State House,82,Republican,Chris Hurt,2662
Crockett,Constitutional Amendment # 1,NA,,No,559
Crockett,Constitutional Amendment # 1,NA,,Yes,1917
Crockett,Constitutional Amendment # 2,NA,,No,591
Crockett,Constitutional Amendment # 2,NA,,Yes,1927
Crockett,Constitutional Amendment # 3,NA,,No,727
Crockett,Constitutional Amendment # 3,NA,,Yes,1860
Crockett,Constitutional Amendment # 4,NA,,No,852
Crockett,Constitutional Amendment # 4,NA,,Yes,1703
Crockett,Governor,NA,,Write-In - Curtis Carney,0
Crockett,Governor,NA,,Write-In - Kameron Parker Scott,0
Crockett,Governor,NA,,Write-In - Lemichael D. Wilson,0
Crockett,Governor,NA,,Write-In - Stephen C Maxwell,0
Crockett,Governor,NA,Democratic,Jason Brantley Martin,539
Crockett,Governor,NA,Independent,Alfred O'Neil,4
Crockett,Governor,NA,Independent,Basil Marceaux,1
Crockett,Governor,NA,Independent,Charles Van Morgan,4
Crockett,Governor,NA,Independent,Constance M. Every,14
Crockett,Governor,NA,Independent,Deborah Rouse,7
Crockett,Governor,NA,Independent,John Gentry,15
Crockett,Governor,NA,Independent,Michael E. Scantland,0
Crockett,Governor,NA,Independent,Rick Tyler,4
Crockett,Governor,NA,Republican,Bill Lee,2734
Cumberland,State Senate,15,Republican,Paul Bailey,17093
Cumberland,State House,25,Democratic,Anne Ferrell Quillen,3629
Cumberland,State House,25,Republican,Cameron Sexton,17760
Cumberland,U.S. House,6,Democratic,Randal Cooper,3676
Cumberland,U.S. House,6,Republican,John Rose,16903
Cumberland,Constitutional Amendment # 1,NA,,No,4754
Cumberland,Constitutional Amendment # 1,NA,,Yes,15860
Cumberland,Constitutional Amendment # 2,NA,,No,4545
Cumberland,Constitutional Amendment # 2,NA,,Yes,14422
Cumberland,Constitutional Amendment # 3,NA,,No,4299
Cumberland,Constitutional Amendment # 3,NA,,Yes,15664
Cumberland,Constitutional Amendment # 4,NA,,No,6671
Cumberland,Constitutional Amendment # 4,NA,,Yes,12597
Cumberland,Governor,NA,,Write-In - Curtis Carney,0
Cumberland,Governor,NA,,Write-In - Kameron Parker Scott,0
Cumberland,Governor,NA,,Write-In - Lemichael D. Wilson,4
Cumberland,Governor,NA,,Write-In - Stephen C Maxwell,0
Cumberland,Governor,NA,Democratic,Jason Brantley Martin,3505
Cumberland,Governor,NA,Independent,Alfred O'Neil,2
Cumberland,Governor,NA,Independent,Basil Marceaux,6
Cumberland,Governor,NA,Independent,Charles Van Morgan,11
Cumberland,Governor,NA,Independent,Constance M. Every,86
Cumberland,Governor,NA,Independent,Deborah Rouse,24
Cumberland,Governor,NA,Independent,John Gentry,158
Cumberland,Governor,NA,Independent,Michael E. Scantland,4
Cumberland,Governor,NA,Independent,Rick Tyler,20
Cumberland,Governor,NA,Republican,Bill Lee,17864
Davidson,State Senate,17,Republican,Mark Pody,7141
Davidson,State Senate,19,Democratic,Charlane Oliver,30472
Davidson,State Senate,19,Republican,Pime Hernandez,6150
Davidson,State Senate,21,Democratic,Jeff Yarbro,33061
Davidson,State Senate,21,Independent,Rueben Dockery,10038
Davidson,U.S. House,5,Democratic,Heidi Campbell,53627
Davidson,U.S. House,5,Independent,Daniel Cooper,447
Davidson,U.S. House,5,Independent,Derrick Brantley,804
Davidson,U.S. House,5,Independent,Rick Shannon,284
Davidson,U.S. House,5,Republican,Andy Ogles,34353
Davidson,State House,50,Democratic,Bo Mitchell,12086
Davidson,State House,51,Democratic,Bill Beck,17661
Davidson,State House,52,Democratic,Justin Jones,8596
Davidson,State House,53,Democratic,Jason L. Powell,9008
Davidson,State House,53,Republican,Dia Hart,4619
Davidson,State House,54,Democratic,Vincent Dixie,13955
Davidson,State House,55,Democratic,John Ray Clemmons,7551
Davidson,State House,56,Democratic,Bob Freeman,17352
Davidson,State House,58,Democratic,"Harold M. Love, Jr.",10426
Davidson,State House,59,Democratic,Caleb Hemmer,15509
Davidson,State House,59,Republican,Michelle Foreman,14088
Davidson,U.S. House,6,Democratic,Randal Cooper,32795
Davidson,U.S. House,6,Republican,John Rose,12285
Davidson,State House,60,Democratic,Darren Jernigan,11201
Davidson,State House,60,Republican,Christopher Huff,7405
Davidson,U.S. House,7,Democratic,Odessa Kelly,30013
Davidson,U.S. House,7,Independent,Steven J. Hooper,645
Davidson,U.S. House,7,Republican,Mark E Green,10325
Davidson,Constitutional Amendment # 1,NA,,No,67762
Davidson,Constitutional Amendment # 1,NA,,Yes,98204
Davidson,Constitutional Amendment # 2,NA,,No,37117
Davidson,Constitutional Amendment # 2,NA,,Yes,129623
Davidson,Constitutional Amendment # 3,NA,,No,23563
Davidson,Constitutional Amendment # 3,NA,,Yes,147791
Davidson,Constitutional Amendment # 4,NA,,No,70250
Davidson,Constitutional Amendment # 4,NA,,Yes,99282
Davidson,Governor,NA,,Write-In - Curtis Carney,0
Davidson,Governor,NA,,Write-In - Kameron Parker Scott,0
Davidson,Governor,NA,,Write-In - Lemichael D. Wilson,52
Davidson,Governor,NA,,Write-In - Stephen C Maxwell,1
Davidson,Governor,NA,Democratic,Jason Brantley Martin,112708
Davidson,Governor,NA,Independent,Alfred O'Neil,82
Davidson,Governor,NA,Independent,Basil Marceaux,144
Davidson,Governor,NA,Independent,Charles Van Morgan,113
Davidson,Governor,NA,Independent,Constance M. Every,1237
Davidson,Governor,NA,Independent,Deborah Rouse,370
Davidson,Governor,NA,Independent,John Gentry,2017
Davidson,Governor,NA,Independent,Michael E. Scantland,60
Davidson,Governor,NA,Independent,Rick Tyler,153
Davidson,Governor,NA,Republican,Bill Lee,60900
DeKalb,State House,40,Democratic,Tom Cook,729
DeKalb,State House,40,Republican,Michael Hale,4286
DeKalb,U.S. House,6,Democratic,Randal Cooper,902
DeKalb,U.S. House,6,Republican,John Rose,3897
DeKalb,Constitutional Amendment # 1,NA,,No,1319
DeKalb,Constitutional Amendment # 1,NA,,Yes,3269
DeKalb,Constitutional Amendment # 2,NA,,No,1217
DeKalb,Constitutional Amendment # 2,NA,,Yes,2888
DeKalb,Constitutional Amendment # 3,NA,,No,1122
DeKalb,Constitutional Amendment # 3,NA,,Yes,3240
DeKalb,Constitutional Amendment # 4,NA,,No,1508
DeKalb,Constitutional Amendment # 4,NA,,Yes,2751
DeKalb,Governor,NA,,Write-In - Curtis Carney,0
DeKalb,Governor,NA,,Write-In - Kameron Parker Scott,0
DeKalb,Governor,NA,,Write-In - Lemichael D. Wilson,0
DeKalb,Governor,NA,,Write-In - Stephen C Maxwell,0
DeKalb,Governor,NA,Democratic,Jason Brantley Martin,911
DeKalb,Governor,NA,Independent,Alfred O'Neil,1
DeKalb,Governor,NA,Independent,Basil Marceaux,8
DeKalb,Governor,NA,Independent,Charles Van Morgan,9
DeKalb,Governor,NA,Independent,Constance M. Every,26
DeKalb,Governor,NA,Independent,Deborah Rouse,10
DeKalb,Governor,NA,Independent,John Gentry,47
DeKalb,Governor,NA,Independent,Michael E. Scantland,2
DeKalb,Governor,NA,Independent,Rick Tyler,11
DeKalb,Governor,NA,Republican,Bill Lee,4118
Decatur,State Senate,25,Independent,Ronnie Henley,452
Decatur,State Senate,25,Republican,Ed Jackson,2649
Decatur,U.S. House,7,Democratic,Odessa Kelly,521
Decatur,U.S. House,7,Independent,Steven J. Hooper,55
Decatur,U.S. House,7,Republican,Mark E Green,2696
Decatur,State House,72,Republican,Kirk Haston,2837
Decatur,Constitutional Amendment # 1,NA,,No,929
Decatur,Constitutional Amendment # 1,NA,,Yes,1970
Decatur,Constitutional Amendment # 2,NA,,No,873
Decatur,Constitutional Amendment # 2,NA,,Yes,2012
Decatur,Constitutional Amendment # 3,NA,,No,847
Decatur,Constitutional Amendment # 3,NA,,Yes,2099
Decatur,Constitutional Amendment # 4,NA,,No,1092
Decatur,Constitutional Amendment # 4,NA,,Yes,1809
Decatur,Governor,NA,,Write-In - Curtis Carney,0
Decatur,Governor,NA,,Write-In - Kameron Parker Scott,0
Decatur,Governor,NA,,Write-In - Lemichael D. Wilson,0
Decatur,Governor,NA,,Write-In - Stephen C Maxwell,0
Decatur,Governor,NA,Democratic,Jason Brantley Martin,596
Decatur,Governor,NA,Independent,Alfred O'Neil,0
Decatur,Governor,NA,Independent,Basil Marceaux,1
Decatur,Governor,NA,Independent,Charles Van Morgan,2
Decatur,Governor,NA,Independent,Constance M. Every,10
Decatur,Governor,NA,Independent,Deborah Rouse,4
Decatur,Governor,NA,Independent,John Gentry,29
Decatur,Governor,NA,Independent,Michael E. Scantland,1
Decatur,Governor,NA,Independent,Rick Tyler,8
Decatur,Governor,NA,Republican,Bill Lee,2713
Dickson,State Senate,23,Republican,Kerry Roberts,10178
Dickson,State House,69,Democratic,Candie Loreeta Hedge,1499
Dickson,State House,69,Independent,Leonard D. (Lenny) Ladner,146
Dickson,State House,69,Republican,Jody Barrett,5307
Dickson,U.S. House,7,Democratic,Odessa Kelly,3139
Dickson,U.S. House,7,Independent,Steven J. Hooper,279
Dickson,U.S. House,7,Republican,Mark E Green,9918
Dickson,State House,78,Democratic,Krystle James,1586
Dickson,State House,78,Republican,Mary J Littleton,4587
Dickson,Constitutional Amendment # 1,NA,,No,3181
Dickson,Constitutional Amendment # 1,NA,,Yes,9062
Dickson,Constitutional Amendment # 2,NA,,No,3344
Dickson,Constitutional Amendment # 2,NA,,Yes,9041
Dickson,Constitutional Amendment # 3,NA,,No,2967
Dickson,Constitutional Amendment # 3,NA,,Yes,9664
Dickson,Constitutional Amendment # 4,NA,,No,4535
Dickson,Constitutional Amendment # 4,NA,,Yes,8002
Dickson,Governor,NA,,Write-In - Curtis Carney,0
Dickson,Governor,NA,,Write-In - Kameron Parker Scott,0
Dickson,Governor,NA,,Write-In - Lemichael D. Wilson,0
Dickson,Governor,NA,,Write-In - Stephen C Maxwell,0
Dickson,Governor,NA,Democratic,Jason Brantley Martin,3255
Dickson,Governor,NA,Independent,Alfred O'Neil,12
Dickson,Governor,NA,Independent,Basil Marceaux,15
Dickson,Governor,NA,Independent,Charles Van Morgan,8
Dickson,Governor,NA,Independent,Constance M. Every,65
Dickson,Governor,NA,Independent,Deborah Rouse,32
Dickson,Governor,NA,Independent,John Gentry,133
Dickson,Governor,NA,Independent,Michael E. Scantland,6
Dickson,Governor,NA,Independent,Rick Tyler,26
Dickson,Governor,NA,Republican,Bill Lee,9970
Dyer,State Senate,25,Independent,Ronnie Henley,1157
Dyer,State Senate,25,Republican,Ed Jackson,6887
Dyer,State House,77,Republican,Rusty Grills,7189
Dyer,U.S. House,8,,Write-In - Kirk D Carter,0
Dyer,U.S. House,8,Democratic,Lynnette P. Williams,1261
Dyer,U.S. House,8,Independent,James Hart,95
Dyer,U.S. House,8,Independent,Ronnie Henley,52
Dyer,U.S. House,8,Republican,David Kustoff,6784
Dyer,Constitutional Amendment # 1,NA,,No,1997
Dyer,Constitutional Amendment # 1,NA,,Yes,5791
Dyer,Constitutional Amendment # 2,NA,,No,1951
Dyer,Constitutional Amendment # 2,NA,,Yes,5076
Dyer,Constitutional Amendment # 3,NA,,No,1902
Dyer,Constitutional Amendment # 3,NA,,Yes,5526
Dyer,Constitutional Amendment # 4,NA,,No,2491
Dyer,Constitutional Amendment # 4,NA,,Yes,4694
Dyer,Governor,NA,,Write-In - Curtis Carney,0
Dyer,Governor,NA,,Write-In - Kameron Parker Scott,0
Dyer,Governor,NA,,Write-In - Lemichael D. Wilson,0
Dyer,Governor,NA,,Write-In - Stephen C Maxwell,0
Dyer,Governor,NA,Democratic,Jason Brantley Martin,1416
Dyer,Governor,NA,Independent,Alfred O'Neil,2
Dyer,Governor,NA,Independent,Basil Marceaux,4
Dyer,Governor,NA,Independent,Charles Van Morgan,17
Dyer,Governor,NA,Independent,Constance M. Every,46
Dyer,Governor,NA,Independent,Deborah Rouse,18
Dyer,Governor,NA,Independent,John Gentry,105
Dyer,Governor,NA,Independent,Michael E. Scantland,3
Dyer,Governor,NA,Independent,Rick Tyler,22
Dyer,Governor,NA,Republican,Bill Lee,6791
Fayette,U.S. House,8,Democratic,Lynnette P. Williams,3149
Fayette,U.S. House,8,Independent,James Hart,135
Fayette,U.S. House,8,Independent,Ronnie Henley,68
Fayette,U.S. House,8,Republican,David Kustoff,10693
Fayette,State House,94,Republican,Ron M. Gant,11042
Fayette,Constitutional Amendment # 1,NA,,No,3725
Fayette,Constitutional Amendment # 1,NA,,Yes,10006
Fayette,Constitutional Amendment # 2,NA,,No,3197
Fayette,Constitutional Amendment # 2,NA,,Yes,9551
Fayette,Constitutional Amendment # 3,NA,,No,3119
Fayette,Constitutional Amendment # 3,NA,,Yes,10312
Fayette,Constitutional Amendment # 4,NA,,No,4143
Fayette,Constitutional Amendment # 4,NA,,Yes,8664
Fayette,Governor,NA,,Write-In - Curtis Carney,0
Fayette,Governor,NA,,Write-In - Kameron Parker Scott,0
Fayette,Governor,NA,,Write-In - Lemichael D. Wilson,0
Fayette,Governor,NA,,Write-In - Stephen C Maxwell,0
Fayette,Governor,NA,Democratic,Jason Brantley Martin,3212
Fayette,Governor,NA,Independent,Alfred O'Neil,12
Fayette,Governor,NA,Independent,Basil Marceaux,18
Fayette,Governor,NA,Independent,Charles Van Morgan,14
Fayette,Governor,NA,Independent,Constance M. Every,66
Fayette,Governor,NA,Independent,Deborah Rouse,20
Fayette,Governor,NA,Independent,John Gentry,74
Fayette,Governor,NA,Independent,Michael E. Scantland,8
Fayette,Governor,NA,Independent,Rick Tyler,22
Fayette,Governor,NA,Republican,Bill Lee,10868
Fentress,State House,38,Republican,Kelly T Keisling,2356
Fentress,State House,41,Independent,John Mark Windle,1222
Fentress,State House,41,Republican,Ed Butler,1340
Fentress,U.S. House,6,Democratic,Randal Cooper,600
Fentress,U.S. House,6,Republican,John Rose,4438
Fentress,Constitutional Amendment # 1,NA,,No,1377
Fentress,Constitutional Amendment # 1,NA,,Yes,3405
Fentress,Constitutional Amendment # 2,NA,,No,1502
Fentress,Constitutional Amendment # 2,NA,,Yes,2866
Fentress,Constitutional Amendment # 3,NA,,No,1452
Fentress,Constitutional Amendment # 3,NA,,Yes,3159
Fentress,Constitutional Amendment # 4,NA,,No,1720
Fentress,Constitutional Amendment # 4,NA,,Yes,2834
Fentress,Governor,NA,,Write-In - Curtis Carney,0
Fentress,Governor,NA,,Write-In - Kameron Parker Scott,0
Fentress,Governor,NA,,Write-In - Lemichael D. Wilson,1
Fentress,Governor,NA,,Write-In - Stephen C Maxwell,0
Fentress,Governor,NA,Democratic,Jason Brantley Martin,585
Fentress,Governor,NA,Independent,Alfred O'Neil,2
Fentress,Governor,NA,Independent,Basil Marceaux,8
Fentress,Governor,NA,Independent,Charles Van Morgan,8
Fentress,Governor,NA,Independent,Constance M. Every,16
Fentress,Governor,NA,Independent,Deborah Rouse,10
Fentress,Governor,NA,Independent,John Gentry,58
Fentress,Governor,NA,Independent,Michael E. Scantland,2
Fentress,Governor,NA,Independent,Rick Tyler,10
Fentress,Governor,NA,Republican,Bill Lee,4559
Franklin,State House,39,Democratic,Bruce Manuel,2656
Franklin,State House,39,Republican,Iris Rudder,8472
Franklin,U.S. House,4,Democratic,Wayne Steele,2485
Franklin,U.S. House,4,Independent,Clyde Benson,136
Franklin,U.S. House,4,Independent,David Leighton Jones,34
Franklin,U.S. House,4,Independent,"Joseph ""Krishnadas"" Magyer",25
Franklin,U.S. House,4,Independent,Mike Winton,206
Franklin,U.S. House,4,Independent,Tharon Chandler,19
Franklin,U.S. House,4,Republican,Scott DesJarlais,8310
Franklin,Constitutional Amendment # 1,NA,,No,3319
Franklin,Constitutional Amendment # 1,NA,,Yes,7642
Franklin,Constitutional Amendment # 2,NA,,No,2841
Franklin,Constitutional Amendment # 2,NA,,Yes,7203
Franklin,Constitutional Amendment # 3,NA,,No,2546
Franklin,Constitutional Amendment # 3,NA,,Yes,8013
Franklin,Constitutional Amendment # 4,NA,,No,3760
Franklin,Constitutional Amendment # 4,NA,,Yes,6846
Franklin,Governor,NA,,Write-In - Curtis Carney,0
Franklin,Governor,NA,,Write-In - Kameron Parker Scott,0
Franklin,Governor,NA,,Write-In - Lemichael D. Wilson,4
Franklin,Governor,NA,,Write-In - Stephen C Maxwell,0
Franklin,Governor,NA,Democratic,Jason Brantley Martin,2641
Franklin,Governor,NA,Independent,Alfred O'Neil,3
Franklin,Governor,NA,Independent,Basil Marceaux,9
Franklin,Governor,NA,Independent,Charles Van Morgan,9
Franklin,Governor,NA,Independent,Constance M. Every,56
Franklin,Governor,NA,Independent,Deborah Rouse,15
Franklin,Governor,NA,Independent,John Gentry,109
Franklin,Governor,NA,Independent,Michael E. Scantland,9
Franklin,Governor,NA,Independent,Rick Tyler,18
Franklin,Governor,NA,Republican,Bill Lee,8643
Gibson,State House,79,Democratic,Thomas Jefferson,1622
Gibson,State House,79,Republican,Brock Martin,5536
Gibson,U.S. House,8,,Write-In - Kirk D Carter,0
Gibson,U.S. House,8,Democratic,Lynnette P. Williams,2406
Gibson,U.S. House,8,Independent,James Hart,144
Gibson,U.S. House,8,Independent,Ronnie Henley,76
Gibson,U.S. House,8,Republican,David Kustoff,9619
Gibson,State House,82,Republican,Chris Hurt,4091
Gibson,Constitutional Amendment # 1,NA,,No,3061
Gibson,Constitutional Amendment # 1,NA,,Yes,8649
Gibson,Constitutional Amendment # 2,NA,,No,2899
Gibson,Constitutional Amendment # 2,NA,,Yes,7753
Gibson,Constitutional Amendment # 3,NA,,No,3015
Gibson,Constitutional Amendment # 3,NA,,Yes,8258
Gibson,Constitutional Amendment # 4,NA,,No,3738
Gibson,Constitutional Amendment # 4,NA,,Yes,7124
Gibson,Governor,NA,,Write-In - Curtis Carney,0
Gibson,Governor,NA,,Write-In - Kameron Parker Scott,0
Gibson,Governor,NA,,Write-In - Lemichael D. Wilson,3
Gibson,Governor,NA,,Write-In - Stephen C Maxwell,0
Gibson,Governor,NA,Democratic,Jason Brantley Martin,2669
Gibson,Governor,NA,Independent,Alfred O'Neil,4
Gibson,Governor,NA,Independent,Basil Marceaux,9
Gibson,Governor,NA,Independent,Charles Van Morgan,12
Gibson,Governor,NA,Independent,Constance M. Every,74
Gibson,Governor,NA,Independent,Deborah Rouse,32
Gibson,Governor,NA,Independent,John Gentry,118
Gibson,Governor,NA,Independent,Michael E. Scantland,2
Gibson,Governor,NA,Independent,Rick Tyler,20
Gibson,Governor,NA,Republican,Bill Lee,9640
Giles,U.S. House,4,Democratic,Wayne Steele,1574
Giles,U.S. House,4,Independent,Clyde Benson,77
Giles,U.S. House,4,Independent,David Leighton Jones,27
Giles,U.S. House,4,Independent,"Joseph ""Krishnadas"" Magyer",13
Giles,U.S. House,4,Independent,Mike Winton,41
Giles,U.S. House,4,Independent,Tharon Chandler,36
Giles,U.S. House,4,Republican,Scott DesJarlais,5593
Giles,State House,70,Republican,Clay Doggett,6395
Giles,Constitutional Amendment # 1,NA,,No,1697
Giles,Constitutional Amendment # 1,NA,,Yes,5427
Giles,Constitutional Amendment # 2,NA,,No,1819
Giles,Constitutional Amendment # 2,NA,,Yes,4600
Giles,Constitutional Amendment # 3,NA,,No,1677
Giles,Constitutional Amendment # 3,NA,,Yes,5136
Giles,Constitutional Amendment # 4,NA,,No,2402
Giles,Constitutional Amendment # 4,NA,,Yes,4112
Giles,Governor,NA,,Write-In - Curtis Carney,0
Giles,Governor,NA,,Write-In - Kameron Parker Scott,0
Giles,Governor,NA,,Write-In - Lemichael D. Wilson,0
Giles,Governor,NA,,Write-In - Stephen C Maxwell,0
Giles,Governor,NA,Democratic,Jason Brantley Martin,1582
Giles,Governor,NA,Independent,Alfred O'Neil,6
Giles,Governor,NA,Independent,Basil Marceaux,4
Giles,Governor,NA,Independent,Charles Van Morgan,9
Giles,Governor,NA,Independent,Constance M. Every,51
Giles,Governor,NA,Independent,Deborah Rouse,15
Giles,Governor,NA,Independent,John Gentry,130
Giles,Governor,NA,Independent,Michael E. Scantland,9
Giles,Governor,NA,Independent,Rick Tyler,13
Giles,Governor,NA,Republican,Bill Lee,5832
Grainger,State House,10,,Write-In - Alex Harbaugh,0
Grainger,State House,10,Republican,Rick Eldridge,4688
Grainger,U.S. House,2,Democratic,Mark Harmon,676
Grainger,U.S. House,2,Republican,Tim Burchett,4705
Grainger,Constitutional Amendment # 1,NA,,No,1512
Grainger,Constitutional Amendment # 1,NA,,Yes,3438
Grainger,Constitutional Amendment # 2,NA,,No,1465
Grainger,Constitutional Amendment # 2,NA,,Yes,3226
Grainger,Constitutional Amendment # 3,NA,,No,1355
Grainger,Constitutional Amendment # 3,NA,,Yes,3503
Grainger,Constitutional Amendment # 4,NA,,No,1939
Grainger,Constitutional Amendment # 4,NA,,Yes,2986
Grainger,Governor,NA,,Write-In - Curtis Carney,0
Grainger,Governor,NA,,Write-In - Kameron Parker Scott,0
Grainger,Governor,NA,,Write-In - Lemichael D. Wilson,1
Grainger,Governor,NA,,Write-In - Stephen C Maxwell,0
Grainger,Governor,NA,Democratic,Jason Brantley Martin,706
Grainger,Governor,NA,Independent,Alfred O'Neil,1
Grainger,Governor,NA,Independent,Basil Marceaux,1
Grainger,Governor,NA,Independent,Charles Van Morgan,4
Grainger,Governor,NA,Independent,Constance M. Every,23
Grainger,Governor,NA,Independent,Deborah Rouse,10
Grainger,Governor,NA,Independent,John Gentry,45
Grainger,Governor,NA,Independent,Michael E. Scantland,0
Grainger,Governor,NA,Independent,Rick Tyler,1
Grainger,Governor,NA,Republican,Bill Lee,4588
Greene,U.S. House,1,Democratic,Cameron Parsons,2896
Greene,U.S. House,1,Independent,Matt Makrom,96
Greene,U.S. House,1,Independent,Richard G. Baker,177
Greene,U.S. House,1,Republican,Diana Lynn Harshbarger,13884
Greene,State House,5,Republican,David B. Hawk,14852
Greene,State Senate,9,Democratic,Sara Thompson,2706
Greene,State Senate,9,Republican,Steve Southerland,14036
Greene,Constitutional Amendment # 1,NA,,No,4323
Greene,Constitutional Amendment # 1,NA,,Yes,12292
Greene,Constitutional Amendment # 2,NA,,No,4368
Greene,Constitutional Amendment # 2,NA,,Yes,11780
Greene,Constitutional Amendment # 3,NA,,No,3956
Greene,Constitutional Amendment # 3,NA,,Yes,12420
Greene,Constitutional Amendment # 4,NA,,No,5958
Greene,Constitutional Amendment # 4,NA,,Yes,10499
Greene,Governor,NA,,Write-In - Curtis Carney,0
Greene,Governor,NA,,Write-In - Kameron Parker Scott,0
Greene,Governor,NA,,Write-In - Lemichael D. Wilson,8
Greene,Governor,NA,,Write-In - Stephen C Maxwell,0
Greene,Governor,NA,Democratic,Jason Brantley Martin,3054
Greene,Governor,NA,Independent,Alfred O'Neil,40
Greene,Governor,NA,Independent,Basil Marceaux,20
Greene,Governor,NA,Independent,Charles Van Morgan,29
Greene,Governor,NA,Independent,Constance M. Every,75
Greene,Governor,NA,Independent,Deborah Rouse,75
Greene,Governor,NA,Independent,John Gentry,151
Greene,Governor,NA,Independent,Michael E. Scantland,33
Greene,Governor,NA,Independent,Rick Tyler,67
Greene,Governor,NA,Republican,Bill Lee,13574
Grundy,U.S. House,4,Democratic,Wayne Steele,450
Grundy,U.S. House,4,Independent,Clyde Benson,40
Grundy,U.S. House,4,Independent,David Leighton Jones,9
Grundy,U.S. House,4,Independent,"Joseph ""Krishnadas"" Magyer",8
Grundy,U.S. House,4,Independent,Mike Winton,303
Grundy,U.S. House,4,Independent,Tharon Chandler,9
Grundy,U.S. House,4,Republican,Scott DesJarlais,2500
Grundy,State House,47,Independent,Veronica Owens,565
Grundy,State House,47,Republican,Rush Bricken,2644
Grundy,Constitutional Amendment # 1,NA,,No,950
Grundy,Constitutional Amendment # 1,NA,,Yes,2150
Grundy,Constitutional Amendment # 2,NA,,No,938
Grundy,Constitutional Amendment # 2,NA,,Yes,1809
Grundy,Constitutional Amendment # 3,NA,,No,834
Grundy,Constitutional Amendment # 3,NA,,Yes,2069
Grundy,Constitutional Amendment # 4,NA,,No,1126
Grundy,Constitutional Amendment # 4,NA,,Yes,1614
Grundy,Governor,NA,,Write-In - Curtis Carney,0
Grundy,Governor,NA,,Write-In - Kameron Parker Scott,0
Grundy,Governor,NA,,Write-In - Lemichael D. Wilson,0
Grundy,Governor,NA,,Write-In - Stephen C Maxwell,0
Grundy,Governor,NA,Democratic,Jason Brantley Martin,538
Grundy,Governor,NA,Independent,Alfred O'Neil,2
Grundy,Governor,NA,Independent,Basil Marceaux,2
Grundy,Governor,NA,Independent,Charles Van Morgan,5
Grundy,Governor,NA,Independent,Constance M. Every,24
Grundy,Governor,NA,Independent,Deborah Rouse,5
Grundy,Governor,NA,Independent,John Gentry,66
Grundy,Governor,NA,Independent,Michael E. Scantland,0
Grundy,Governor,NA,Independent,Rick Tyler,7
Grundy,Governor,NA,Republican,Bill Lee,2735
Hamblen,U.S. House,1,Democratic,Cameron Parsons,2370
Hamblen,U.S. House,1,Independent,Matt Makrom,64
Hamblen,U.S. House,1,Independent,Richard G. Baker,121
Hamblen,U.S. House,1,Republican,Diana Lynn Harshbarger,10168
Hamblen,State House,10,,Write-In - Alex Harbaugh,118
Hamblen,State House,10,Republican,Rick Eldridge,7570
Hamblen,State House,11,,Write-In - Joseph Winchester Stout,35
Hamblen,State House,11,Republican,Jeremy Faison,3101
Hamblen,State Senate,9,Democratic,Sara Thompson,2228
Hamblen,State Senate,9,Republican,Steve Southerland,10093
Hamblen,Constitutional Amendment # 1,NA,,No,3478
Hamblen,Constitutional Amendment # 1,NA,,Yes,9022
Hamblen,Constitutional Amendment # 2,NA,,No,3184
Hamblen,Constitutional Amendment # 2,NA,,Yes,8262
Hamblen,Constitutional Amendment # 3,NA,,No,2723
Hamblen,Constitutional Amendment # 3,NA,,Yes,9338
Hamblen,Constitutional Amendment # 4,NA,,No,4297
Hamblen,Constitutional Amendment # 4,NA,,Yes,7789
Hamblen,Governor,NA,,Write-In - Curtis Carney,0
Hamblen,Governor,NA,,Write-In - Kameron Parker Scott,0
Hamblen,Governor,NA,,Write-In - Lemichael D. Wilson,2
Hamblen,Governor,NA,,Write-In - Stephen C Maxwell,0
Hamblen,Governor,NA,Democratic,Jason Brantley Martin,2492
Hamblen,Governor,NA,Independent,Alfred O'Neil,4
Hamblen,Governor,NA,Independent,Basil Marceaux,11
Hamblen,Governor,NA,Independent,Charles Van Morgan,14
Hamblen,Governor,NA,Independent,Constance M. Every,60
Hamblen,Governor,NA,Independent,Deborah Rouse,32
Hamblen,Governor,NA,Independent,John Gentry,129
Hamblen,Governor,NA,Independent,Michael E. Scantland,10
Hamblen,Governor,NA,Independent,Rick Tyler,17
Hamblen,Governor,NA,Republican,Bill Lee,10335
Hamilton,State Senate,11,Republican,Bo Watson,45593
Hamilton,State House,26,Democratic,Allison Gorman,8506
Hamilton,State House,26,Republican,Greg Martin,15039
Hamilton,State House,27,Independent,Michael H. Potter,6380
Hamilton,State House,27,Republican,Patsy Hazlewood,15431
Hamilton,State House,28,Democratic,Yusuf A. Hakeem,10521
Hamilton,State House,29,Republican,Greg Vital,15659
Hamilton,U.S. House,3,Democratic,Meg Gorman,40369
Hamilton,U.S. House,3,Independent,Rick Tyler,733
Hamilton,U.S. House,3,Independent,Thomas M. Rumba,510
Hamilton,U.S. House,3,Republican,Chuck Fleischmann,58556
Hamilton,State House,30,Republican,Esther Helton,13616
Hamilton,Constitutional Amendment # 1,NA,,No,29351
Hamilton,Constitutional Amendment # 1,NA,,Yes,67097
Hamilton,Constitutional Amendment # 2,NA,,No,22208
Hamilton,Constitutional Amendment # 2,NA,,Yes,69212
Hamilton,Constitutional Amendment # 3,NA,,No,17060
Hamilton,Constitutional Amendment # 3,NA,,Yes,78186
Hamilton,Constitutional Amendment # 4,NA,,No,36889
Hamilton,Constitutional Amendment # 4,NA,,Yes,58579
Hamilton,Governor,NA,,Write-In - Curtis Carney,0
Hamilton,Governor,NA,,Write-In - Kameron Parker Scott,0
Hamilton,Governor,NA,,Write-In - Lemichael D. Wilson,9
Hamilton,Governor,NA,,Write-In - Stephen C Maxwell,0
Hamilton,Governor,NA,Democratic,Jason Brantley Martin,38862
Hamilton,Governor,NA,Independent,Alfred O'Neil,37
Hamilton,Governor,NA,Independent,Basil Marceaux,156
Hamilton,Governor,NA,Independent,Charles Van Morgan,50
Hamilton,Governor,NA,Independent,Constance M. Every,513
Hamilton,Governor,NA,Independent,Deborah Rouse,137
Hamilton,Governor,NA,Independent,John Gentry,537
Hamilton,Governor,NA,Independent,Michael E. Scantland,16
Hamilton,Governor,NA,Independent,Rick Tyler,87
Hamilton,Governor,NA,Republican,Bill Lee,60647
Hancock,U.S. House,1,Democratic,Cameron Parsons,155
Hancock,U.S. House,1,Independent,Matt Makrom,8
Hancock,U.S. House,1,Independent,Richard G. Baker,14
Hancock,U.S. House,1,Republican,Diana Lynn Harshbarger,1113
Hancock,State House,9,Republican,Gary W Hicks Jr,1175
Hancock,Constitutional Amendment # 1,NA,,No,371
Hancock,Constitutional Amendment # 1,NA,,Yes,793
Hancock,Constitutional Amendment # 2,NA,,No,356
Hancock,Constitutional Amendment # 2,NA,,Yes,729
Hancock,Constitutional Amendment # 3,NA,,No,341
Hancock,Constitutional Amendment # 3,NA,,Yes,741
Hancock,Constitutional Amendment # 4,NA,,No,406
Hancock,Constitutional Amendment # 4,NA,,Yes,665
Hancock,Governor,NA,,Write-In - Curtis Carney,0
Hancock,Governor,NA,,Write-In - Kameron Parker Scott,0
Hancock,Governor,NA,,Write-In - Lemichael D. Wilson,0
Hancock,Governor,NA,,Write-In - Stephen C Maxwell,0
Hancock,Governor,NA,Democratic,Jason Brantley Martin,165
Hancock,Governor,NA,Independent,Alfred O'Neil,2
Hancock,Governor,NA,Independent,Basil Marceaux,2
Hancock,Governor,NA,Independent,Charles Van Morgan,0
Hancock,Governor,NA,Independent,Constance M. Every,7
Hancock,Governor,NA,Independent,Deborah Rouse,2
Hancock,Governor,NA,Independent,John Gentry,23
Hancock,Governor,NA,Independent,Michael E. Scantland,0
Hancock,Governor,NA,Independent,Rick Tyler,1
Hancock,Governor,NA,Republican,Bill Lee,1110
Hardeman,U.S. House,8,Democratic,Lynnette P. Williams,1873
Hardeman,U.S. House,8,Independent,James Hart,48
Hardeman,U.S. House,8,Independent,Ronnie Henley,39
Hardeman,U.S. House,8,Republican,David Kustoff,3331
Hardeman,State House,80,Democratic,Johnny W. Shaw,3251
Hardeman,State House,94,Republican,Ron M. Gant,630
Hardeman,Constitutional Amendment # 1,NA,,No,2163
Hardeman,Constitutional Amendment # 1,NA,,Yes,2994
Hardeman,Constitutional Amendment # 2,NA,,No,1182
Hardeman,Constitutional Amendment # 2,NA,,Yes,3601
Hardeman,Constitutional Amendment # 3,NA,,No,1285
Hardeman,Constitutional Amendment # 3,NA,,Yes,3616
Hardeman,Constitutional Amendment # 4,NA,,No,1419
Hardeman,Constitutional Amendment # 4,NA,,Yes,3222
Hardeman,Governor,NA,,Write-In - Curtis Carney,0
Hardeman,Governor,NA,,Write-In - Kameron Parker Scott,0
Hardeman,Governor,NA,,Write-In - Lemichael D. Wilson,1
Hardeman,Governor,NA,,Write-In - Stephen C Maxwell,0
Hardeman,Governor,NA,Democratic,Jason Brantley Martin,1983
Hardeman,Governor,NA,Independent,Alfred O'Neil,8
Hardeman,Governor,NA,Independent,Basil Marceaux,5
Hardeman,Governor,NA,Independent,Charles Van Morgan,14
Hardeman,Governor,NA,Independent,Constance M. Every,19
Hardeman,Governor,NA,Independent,Deborah Rouse,8
Hardeman,Governor,NA,Independent,John Gentry,45
Hardeman,Governor,NA,Independent,Michael E. Scantland,1
Hardeman,Governor,NA,Independent,Rick Tyler,16
Hardeman,Governor,NA,Republican,Bill Lee,3486
Hardin,State House,71,Democratic,David P. Carson II,102
Hardin,State House,71,Republican,Kip Capley,649
Hardin,State House,72,Republican,Kirk Haston,4553
Hardin,U.S. House,8,Democratic,Lynnette P. Williams,782
Hardin,U.S. House,8,Independent,James Hart,41
Hardin,U.S. House,8,Independent,Ronnie Henley,23
Hardin,U.S. House,8,Republican,David Kustoff,5515
Hardin,Constitutional Amendment # 1,NA,,No,1116
Hardin,Constitutional Amendment # 1,NA,,Yes,4251
Hardin,Constitutional Amendment # 2,NA,,No,1252
Hardin,Constitutional Amendment # 2,NA,,Yes,4182
Hardin,Constitutional Amendment # 3,NA,,No,1354
Hardin,Constitutional Amendment # 3,NA,,Yes,4146
Hardin,Constitutional Amendment # 4,NA,,No,1764
Hardin,Constitutional Amendment # 4,NA,,Yes,3648
Hardin,Governor,NA,,Write-In - Curtis Carney,0
Hardin,Governor,NA,,Write-In - Kameron Parker Scott,0
Hardin,Governor,NA,,Write-In - Lemichael D. Wilson,0
Hardin,Governor,NA,,Write-In - Stephen C Maxwell,0
Hardin,Governor,NA,Democratic,Jason Brantley Martin,812
Hardin,Governor,NA,Independent,Alfred O'Neil,3
Hardin,Governor,NA,Independent,Basil Marceaux,1
Hardin,Governor,NA,Independent,Charles Van Morgan,4
Hardin,Governor,NA,Independent,Constance M. Every,15
Hardin,Governor,NA,Independent,Deborah Rouse,10
Hardin,Governor,NA,Independent,John Gentry,57
Hardin,Governor,NA,Independent,Michael E. Scantland,0
Hardin,Governor,NA,Independent,Rick Tyler,16
Hardin,Governor,NA,Republican,Bill Lee,5606
Hawkins,U.S. House,1,Democratic,Cameron Parsons,1974
Hawkins,U.S. House,1,Independent,Matt Makrom,73
Hawkins,U.S. House,1,Independent,Richard G. Baker,168
Hawkins,U.S. House,1,Republican,Diana Lynn Harshbarger,11571
Hawkins,State House,3,,Write-In - Arvil Love,0
Hawkins,State House,3,Republican,Scotty Campbell,3232
Hawkins,State House,9,Republican,Gary W Hicks Jr,8566
Hawkins,Constitutional Amendment # 1,NA,,No,3331
Hawkins,Constitutional Amendment # 1,NA,,Yes,10046
Hawkins,Constitutional Amendment # 2,NA,,No,3445
Hawkins,Constitutional Amendment # 2,NA,,Yes,8696
Hawkins,Constitutional Amendment # 3,NA,,No,3092
Hawkins,Constitutional Amendment # 3,NA,,Yes,9790
Hawkins,Constitutional Amendment # 4,NA,,No,4443
Hawkins,Constitutional Amendment # 4,NA,,Yes,7845
Hawkins,Governor,NA,,Write-In - Curtis Carney,0
Hawkins,Governor,NA,,Write-In - Kameron Parker Scott,0
Hawkins,Governor,NA,,Write-In - Lemichael D. Wilson,2
Hawkins,Governor,NA,,Write-In - Stephen C Maxwell,0
Hawkins,Governor,NA,Democratic,Jason Brantley Martin,2203
Hawkins,Governor,NA,Independent,Alfred O'Neil,5
Hawkins,Governor,NA,Independent,Basil Marceaux,7
Hawkins,Governor,NA,Independent,Charles Van Morgan,13
Hawkins,Governor,NA,Independent,Constance M. Every,72
Hawkins,Governor,NA,Independent,Deborah Rouse,37
Hawkins,Governor,NA,Independent,John Gentry,129
Hawkins,Governor,NA,Independent,Michael E. Scantland,3
Hawkins,Governor,NA,Independent,Rick Tyler,18
Hawkins,Governor,NA,Republican,Bill Lee,11669
Haywood,U.S. House,8,Democratic,Lynnette P. Williams,1861
Haywood,U.S. House,8,Independent,James Hart,38
Haywood,U.S. House,8,Independent,Ronnie Henley,18
Haywood,U.S. House,8,Republican,David Kustoff,1968
Haywood,State House,80,Democratic,Johnny W. Shaw,1743
Haywood,State House,81,Independent,Nicholas Sawall,302
Haywood,State House,81,Republican,Debra Moody,993
Haywood,Constitutional Amendment # 1,NA,,No,1768
Haywood,Constitutional Amendment # 1,NA,,Yes,1941
Haywood,Constitutional Amendment # 2,NA,,No,695
Haywood,Constitutional Amendment # 2,NA,,Yes,2824
Haywood,Constitutional Amendment # 3,NA,,No,783
Haywood,Constitutional Amendment # 3,NA,,Yes,2830
Haywood,Constitutional Amendment # 4,NA,,No,944
Haywood,Constitutional Amendment # 4,NA,,Yes,2648
Haywood,Governor,NA,,Write-In - Curtis Carney,0
Haywood,Governor,NA,,Write-In - Kameron Parker Scott,0
Haywood,Governor,NA,,Write-In - Lemichael D. Wilson,0
Haywood,Governor,NA,,Write-In - Stephen C Maxwell,0
Haywood,Governor,NA,Democratic,Jason Brantley Martin,1860
Haywood,Governor,NA,Independent,Alfred O'Neil,9
Haywood,Governor,NA,Independent,Basil Marceaux,4
Haywood,Governor,NA,Independent,Charles Van Morgan,4
Haywood,Governor,NA,Independent,Constance M. Every,19
Haywood,Governor,NA,Independent,Deborah Rouse,2
Haywood,Governor,NA,Independent,John Gentry,19
Haywood,Governor,NA,Independent,Michael E. Scantland,0
Haywood,Governor,NA,Independent,Rick Tyler,4
Haywood,Governor,NA,Republican,Bill Lee,2011
Henderson,State Senate,25,Independent,Ronnie Henley,736
Henderson,State Senate,25,Republican,Ed Jackson,5590
Henderson,State House,72,Republican,Kirk Haston,1834
Henderson,State House,79,Democratic,Thomas Jefferson,707
Henderson,State House,79,Republican,Brock Martin,3802
Henderson,U.S. House,8,,Write-In - Kirk D Carter,0
Henderson,U.S. House,8,Democratic,Lynnette P. Williams,807
Henderson,U.S. House,8,Independent,James Hart,54
Henderson,U.S. House,8,Independent,Ronnie Henley,33
Henderson,U.S. House,8,Republican,David Kustoff,5573
Henderson,Constitutional Amendment # 1,NA,,No,1475
Henderson,Constitutional Amendment # 1,NA,,Yes,4370
Henderson,Constitutional Amendment # 2,NA,,No,1486
Henderson,Constitutional Amendment # 2,NA,,Yes,4060
Henderson,Constitutional Amendment # 3,NA,,No,1505
Henderson,Constitutional Amendment # 3,NA,,Yes,4210
Henderson,Constitutional Amendment # 4,NA,,No,2026
Henderson,Constitutional Amendment # 4,NA,,Yes,3809
Henderson,Governor,NA,,Write-In - Curtis Carney,0
Henderson,Governor,NA,,Write-In - Kameron Parker Scott,0
Henderson,Governor,NA,,Write-In - Lemichael D. Wilson,2
Henderson,Governor,NA,,Write-In - Stephen C Maxwell,0
Henderson,Governor,NA,Democratic,Jason Brantley Martin,822
Henderson,Governor,NA,Independent,Alfred O'Neil,2
Henderson,Governor,NA,Independent,Basil Marceaux,1
Henderson,Governor,NA,Independent,Charles Van Morgan,3
Henderson,Governor,NA,Independent,Constance M. Every,20
Henderson,Governor,NA,Independent,Deborah Rouse,9
Henderson,Governor,NA,Independent,John Gentry,63
Henderson,Governor,NA,Independent,Michael E. Scantland,1
Henderson,Governor,NA,Independent,Rick Tyler,10
Henderson,Governor,NA,Republican,Bill Lee,5551
Henry,State House,74,Republican,Jay D. Reedy,2289
Henry,State House,76,Independent,James Hart,664
Henry,State House,76,Independent,Kevin A West,413
Henry,State House,76,Republican,Tandy Darby,4007
Henry,U.S. House,8,,Write-In - Kirk D Carter,0
Henry,U.S. House,8,Democratic,Lynnette P. Williams,1539
Henry,U.S. House,8,Independent,James Hart,359
Henry,U.S. House,8,Independent,Ronnie Henley,35
Henry,U.S. House,8,Republican,David Kustoff,6408
Henry,Constitutional Amendment # 1,NA,,No,2005
Henry,Constitutional Amendment # 1,NA,,Yes,6111
Henry,Constitutional Amendment # 2,NA,,No,2161
Henry,Constitutional Amendment # 2,NA,,Yes,5214
Henry,Constitutional Amendment # 3,NA,,No,2138
Henry,Constitutional Amendment # 3,NA,,Yes,5695
Henry,Constitutional Amendment # 4,NA,,No,2866
Henry,Constitutional Amendment # 4,NA,,Yes,4677
Henry,Governor,NA,,Write-In - Curtis Carney,0
Henry,Governor,NA,,Write-In - Kameron Parker Scott,0
Henry,Governor,NA,,Write-In - Lemichael D. Wilson,3
Henry,Governor,NA,,Write-In - Stephen C Maxwell,0
Henry,Governor,NA,Democratic,Jason Brantley Martin,1604
Henry,Governor,NA,Independent,Alfred O'Neil,3
Henry,Governor,NA,Independent,Basil Marceaux,9
Henry,Governor,NA,Independent,Charles Van Morgan,9
Henry,Governor,NA,Independent,Constance M. Every,50
Henry,Governor,NA,Independent,Deborah Rouse,27
Henry,Governor,NA,Independent,John Gentry,95
Henry,Governor,NA,Independent,Michael E. Scantland,6
Henry,Governor,NA,Independent,Rick Tyler,20
Henry,Governor,NA,Republican,Bill Lee,6674
Hickman,State Senate,23,Republican,Kerry Roberts,4761
Hickman,State House,69,Democratic,Candie Loreeta Hedge,1087
Hickman,State House,69,Independent,Leonard D. (Lenny) Ladner,69
Hickman,State House,69,Republican,Jody Barrett,4591
Hickman,U.S. House,7,Democratic,Odessa Kelly,1109
Hickman,U.S. House,7,Independent,Steven J. Hooper,83
Hickman,U.S. House,7,Republican,Mark E Green,4571
Hickman,Constitutional Amendment # 1,NA,,No,1515
Hickman,Constitutional Amendment # 1,NA,,Yes,3977
Hickman,Constitutional Amendment # 2,NA,,No,1411
Hickman,Constitutional Amendment # 2,NA,,Yes,3796
Hickman,Constitutional Amendment # 3,NA,,No,1395
Hickman,Constitutional Amendment # 3,NA,,Yes,3802
Hickman,Constitutional Amendment # 4,NA,,No,1785
Hickman,Constitutional Amendment # 4,NA,,Yes,3443
Hickman,Governor,NA,,Write-In - Curtis Carney,0
Hickman,Governor,NA,,Write-In - Kameron Parker Scott,0
Hickman,Governor,NA,,Write-In - Lemichael D. Wilson,2
Hickman,Governor,NA,,Write-In - Stephen C Maxwell,0
Hickman,Governor,NA,Democratic,Jason Brantley Martin,1128
Hickman,Governor,NA,Independent,Alfred O'Neil,3
Hickman,Governor,NA,Independent,Basil Marceaux,4
Hickman,Governor,NA,Independent,Charles Van Morgan,4
Hickman,Governor,NA,Independent,Constance M. Every,24
Hickman,Governor,NA,Independent,Deborah Rouse,5
Hickman,Governor,NA,Independent,John Gentry,52
Hickman,Governor,NA,Independent,Michael E. Scantland,5
Hickman,Governor,NA,Independent,Rick Tyler,7
Hickman,Governor,NA,Republican,Bill Lee,4577
Houston,U.S. House,7,Democratic,Odessa Kelly,513
Houston,U.S. House,7,Independent,Steven J. Hooper,57
Houston,U.S. House,7,Republican,Mark E Green,1872
Houston,State House,74,Republican,Jay D. Reedy,1977
Houston,Constitutional Amendment # 1,NA,,No,669
Houston,Constitutional Amendment # 1,NA,,Yes,1400
Houston,Constitutional Amendment # 2,NA,,No,728
Houston,Constitutional Amendment # 2,NA,,Yes,1379
Houston,Constitutional Amendment # 3,NA,,No,668
Houston,Constitutional Amendment # 3,NA,,Yes,1507
Houston,Constitutional Amendment # 4,NA,,No,903
Houston,Constitutional Amendment # 4,NA,,Yes,1251
Houston,Governor,NA,,Write-In - Curtis Carney,0
Houston,Governor,NA,,Write-In - Kameron Parker Scott,0
Houston,Governor,NA,,Write-In - Lemichael D. Wilson,0
Houston,Governor,NA,,Write-In - Stephen C Maxwell,0
Houston,Governor,NA,Democratic,Jason Brantley Martin,569
Houston,Governor,NA,Independent,Alfred O'Neil,2
Houston,Governor,NA,Independent,Basil Marceaux,1
Houston,Governor,NA,Independent,Charles Van Morgan,2
Houston,Governor,NA,Independent,Constance M. Every,10
Houston,Governor,NA,Independent,Deborah Rouse,10
Houston,Governor,NA,Independent,John Gentry,39
Houston,Governor,NA,Independent,Michael E. Scantland,0
Houston,Governor,NA,Independent,Rick Tyler,4
Houston,Governor,NA,Republican,Bill Lee,1837
Humphreys,State Senate,23,Republican,Kerry Roberts,3583
Humphreys,U.S. House,7,Democratic,Odessa Kelly,905
Humphreys,U.S. House,7,Independent,Steven J. Hooper,186
Humphreys,U.S. House,7,Republican,Mark E Green,3360
Humphreys,State House,74,Republican,Jay D. Reedy,3599
Humphreys,Constitutional Amendment # 1,NA,,No,1266
Humphreys,Constitutional Amendment # 1,NA,,Yes,2958
Humphreys,Constitutional Amendment # 2,NA,,No,1177
Humphreys,Constitutional Amendment # 2,NA,,Yes,2727
Humphreys,Constitutional Amendment # 3,NA,,No,1185
Humphreys,Constitutional Amendment # 3,NA,,Yes,2885
Humphreys,Constitutional Amendment # 4,NA,,No,1626
Humphreys,Constitutional Amendment # 4,NA,,Yes,2459
Humphreys,Governor,NA,,Write-In - Curtis Carney,0
Humphreys,Governor,NA,,Write-In - Kameron Parker Scott,0
Humphreys,Governor,NA,,Write-In - Lemichael D. Wilson,0
Humphreys,Governor,NA,,Write-In - Stephen C Maxwell,0
Humphreys,Governor,NA,Democratic,Jason Brantley Martin,1024
Humphreys,Governor,NA,Independent,Alfred O'Neil,6
Humphreys,Governor,NA,Independent,Basil Marceaux,4
Humphreys,Governor,NA,Independent,Charles Van Morgan,9
Humphreys,Governor,NA,Independent,Constance M. Every,22
Humphreys,Governor,NA,Independent,Deborah Rouse,2
Humphreys,Governor,NA,Independent,John Gentry,68
Humphreys,Governor,NA,Independent,Michael E. Scantland,0
Humphreys,Governor,NA,Independent,Rick Tyler,2
Humphreys,Governor,NA,Republican,Bill Lee,3344
Jackson,State Senate,15,Republican,Paul Bailey,2449
Jackson,State House,40,Democratic,Tom Cook,613
Jackson,State House,40,Republican,Michael Hale,2532
Jackson,U.S. House,6,Democratic,Randal Cooper,637
Jackson,U.S. House,6,Republican,John Rose,2424
Jackson,Constitutional Amendment # 1,NA,,No,805
Jackson,Constitutional Amendment # 1,NA,,Yes,2105
Jackson,Constitutional Amendment # 2,NA,,No,900
Jackson,Constitutional Amendment # 2,NA,,Yes,1716
Jackson,Constitutional Amendment # 3,NA,,No,785
Jackson,Constitutional Amendment # 3,NA,,Yes,1986
Jackson,Constitutional Amendment # 4,NA,,No,1091
Jackson,Constitutional Amendment # 4,NA,,Yes,1593
Jackson,Governor,NA,,Write-In - Curtis Carney,0
Jackson,Governor,NA,,Write-In - Kameron Parker Scott,0
Jackson,Governor,NA,,Write-In - Lemichael D. Wilson,1
Jackson,Governor,NA,,Write-In - Stephen C Maxwell,0
Jackson,Governor,NA,Democratic,Jason Brantley Martin,637
Jackson,Governor,NA,Independent,Alfred O'Neil,2
Jackson,Governor,NA,Independent,Basil Marceaux,3
Jackson,Governor,NA,Independent,Charles Van Morgan,7
Jackson,Governor,NA,Independent,Constance M. Every,34
Jackson,Governor,NA,Independent,Deborah Rouse,5
Jackson,Governor,NA,Independent,John Gentry,69
Jackson,Governor,NA,Independent,Michael E. Scantland,8
Jackson,Governor,NA,Independent,Rick Tyler,5
Jackson,Governor,NA,Republican,Bill Lee,2415
Jefferson,U.S. House,1,Democratic,Cameron Parsons,1934
Jefferson,U.S. House,1,Independent,Matt Makrom,103
Jefferson,U.S. House,1,Independent,Richard G. Baker,141
Jefferson,U.S. House,1,Republican,Diana Lynn Harshbarger,10030
Jefferson,State House,11,,Write-In - Joseph Winchester Stout,13
Jefferson,State House,11,Republican,Jeremy Faison,3658
Jefferson,State House,17,Republican,Andrew Ellis Farmer,7208
Jefferson,U.S. House,2,Democratic,Mark Harmon,118
Jefferson,U.S. House,2,Republican,Tim Burchett,459
Jefferson,Constitutional Amendment # 1,NA,,No,3767
Jefferson,Constitutional Amendment # 1,NA,,Yes,8915
Jefferson,Constitutional Amendment # 2,NA,,No,3483
Jefferson,Constitutional Amendment # 2,NA,,Yes,8252
Jefferson,Constitutional Amendment # 3,NA,,No,2982
Jefferson,Constitutional Amendment # 3,NA,,Yes,9332
Jefferson,Constitutional Amendment # 4,NA,,No,4356
Jefferson,Constitutional Amendment # 4,NA,,Yes,7624
Jefferson,Governor,NA,,Write-In - Curtis Carney,0
Jefferson,Governor,NA,,Write-In - Kameron Parker Scott,0
Jefferson,Governor,NA,,Write-In - Lemichael D. Wilson,1
Jefferson,Governor,NA,,Write-In - Stephen C Maxwell,0
Jefferson,Governor,NA,Democratic,Jason Brantley Martin,2107
Jefferson,Governor,NA,Independent,Alfred O'Neil,9
Jefferson,Governor,NA,Independent,Basil Marceaux,11
Jefferson,Governor,NA,Independent,Charles Van Morgan,15
Jefferson,Governor,NA,Independent,Constance M. Every,68
Jefferson,Governor,NA,Independent,Deborah Rouse,16
Jefferson,Governor,NA,Independent,John Gentry,202
Jefferson,Governor,NA,Independent,Michael E. Scantland,1
Jefferson,Governor,NA,Independent,Rick Tyler,19
Jefferson,Governor,NA,Republican,Bill Lee,10806
Johnson,U.S. House,1,Democratic,Cameron Parsons,687
Johnson,U.S. House,1,Independent,Matt Makrom,30
Johnson,U.S. House,1,Independent,Richard G. Baker,67
Johnson,U.S. House,1,Republican,Diana Lynn Harshbarger,4209
Johnson,State House,3,,Write-In - Arvil Love,15
Johnson,State Senate,3,Democratic,Kate Craig,713
Johnson,State House,3,Republican,Scotty Campbell,4503
Johnson,State Senate,3,Republican,Rusty Crowe,4343
Johnson,Constitutional Amendment # 1,NA,,No,1199
Johnson,Constitutional Amendment # 1,NA,,Yes,3523
Johnson,Constitutional Amendment # 2,NA,,No,1182
Johnson,Constitutional Amendment # 2,NA,,Yes,2977
Johnson,Constitutional Amendment # 3,NA,,No,1090
Johnson,Constitutional Amendment # 3,NA,,Yes,3363
Johnson,Constitutional Amendment # 4,NA,,No,1530
Johnson,Constitutional Amendment # 4,NA,,Yes,2732
Johnson,Governor,NA,,Write-In - Curtis Carney,0
Johnson,Governor,NA,,Write-In - Kameron Parker Scott,0
Johnson,Governor,NA,,Write-In - Lemichael D. Wilson,1
Johnson,Governor,NA,,Write-In - Stephen C Maxwell,0
Johnson,Governor,NA,Democratic,Jason Brantley Martin,688
Johnson,Governor,NA,Independent,Alfred O'Neil,0
Johnson,Governor,NA,Independent,Basil Marceaux,3
Johnson,Governor,NA,Independent,Charles Van Morgan,4
Johnson,Governor,NA,Independent,Constance M. Every,28
Johnson,Governor,NA,Independent,Deborah Rouse,14
Johnson,Governor,NA,Independent,John Gentry,28
Johnson,Governor,NA,Independent,Michael E. Scantland,4
Johnson,Governor,NA,Independent,Rick Tyler,6
Johnson,Governor,NA,Republican,Bill Lee,4415
Knox,State House,14,Democratic,Amanda Collins,9227
Knox,State House,14,Republican,Jason Zachary,16661
Knox,State House,15,Democratic,Sam McKenzie,7246
Knox,State House,15,Republican,Pete Drew,2963
Knox,State House,16,Republican,Michele Carringer,13852
Knox,State House,18,Democratic,Gregory B. Kaplan,9846
Knox,State House,18,Republican,Elaine Davis,11604
Knox,State House,19,Democratic,Zeke Streetman,3823
Knox,State House,19,Independent,Mary Ann Rochat,626
Knox,State House,19,Republican,Dave Wright,13181
Knox,U.S. House,2,Democratic,Mark Harmon,50123
Knox,U.S. House,2,Republican,Tim Burchett,77873
Knox,State Senate,5,,Write-In - Hannah Parton,3
Knox,State Senate,5,Republican,Randy McNally,11114
Knox,State Senate,7,Democratic,Bryan Langan,19894
Knox,State Senate,7,Republican,Richard M. Briggs,32925
Knox,State House,89,Democratic,M.D. Dotson,6566
Knox,State House,89,Republican,Justin Lafferty,12865
Knox,State House,90,Democratic,Gloria Johnson,8473
Knox,State House,90,Republican,"David ""Pozy"" Poczobut",6162
Knox,Constitutional Amendment # 1,NA,,No,43127
Knox,Constitutional Amendment # 1,NA,,Yes,82941
Knox,Constitutional Amendment # 2,NA,,No,30273
Knox,Constitutional Amendment # 2,NA,,Yes,90544
Knox,Constitutional Amendment # 3,NA,,No,21510
Knox,Constitutional Amendment # 3,NA,,Yes,103131
Knox,Constitutional Amendment # 4,NA,,No,48351
Knox,Constitutional Amendment # 4,NA,,Yes,76277
Knox,Governor,NA,,Write-In - Curtis Carney,0
Knox,Governor,NA,,Write-In - Kameron Parker Scott,0
Knox,Governor,NA,,Write-In - Lemichael D. Wilson,38
Knox,Governor,NA,,Write-In - Stephen C Maxwell,0
Knox,Governor,NA,Democratic,Jason Brantley Martin,49140
Knox,Governor,NA,Independent,Alfred O'Neil,51
Knox,Governor,NA,Independent,Basil Marceaux,97
Knox,Governor,NA,Independent,Charles Van Morgan,105
Knox,Governor,NA,Independent,Constance M. Every,910
Knox,Governor,NA,Independent,Deborah Rouse,209
Knox,Governor,NA,Independent,John Gentry,684
Knox,Governor,NA,Independent,Michael E. Scantland,24
Knox,Governor,NA,Independent,Rick Tyler,104
Knox,Governor,NA,Republican,Bill Lee,76880
Lake,State Senate,25,Independent,Ronnie Henley,157
Lake,State Senate,25,Republican,Ed Jackson,847
Lake,State House,77,Republican,Rusty Grills,895
Lake,U.S. House,8,Democratic,Lynnette P. Williams,218
Lake,U.S. House,8,Independent,James Hart,22
Lake,U.S. House,8,Independent,Ronnie Henley,9
Lake,U.S. House,8,Republican,David Kustoff,862
Lake,Constitutional Amendment # 1,NA,,No,191
Lake,Constitutional Amendment # 1,NA,,Yes,648
Lake,Constitutional Amendment # 2,NA,,No,247
Lake,Constitutional Amendment # 2,NA,,Yes,647
Lake,Constitutional Amendment # 3,NA,,No,246
Lake,Constitutional Amendment # 3,NA,,Yes,655
Lake,Constitutional Amendment # 4,NA,,No,320
Lake,Constitutional Amendment # 4,NA,,Yes,564
Lake,Governor,NA,,Write-In - Curtis Carney,0
Lake,Governor,NA,,Write-In - Kameron Parker Scott,0
Lake,Governor,NA,,Write-In - Lemichael D. Wilson,0
Lake,Governor,NA,,Write-In - Stephen C Maxwell,0
Lake,Governor,NA,Democratic,Jason Brantley Martin,205
Lake,Governor,NA,Independent,Alfred O'Neil,3
Lake,Governor,NA,Independent,Basil Marceaux,1
Lake,Governor,NA,Independent,Charles Van Morgan,10
Lake,Governor,NA,Independent,Constance M. Every,6
Lake,Governor,NA,Independent,Deborah Rouse,6
Lake,Governor,NA,Independent,John Gentry,12
Lake,Governor,NA,Independent,Michael E. Scantland,1
Lake,Governor,NA,Independent,Rick Tyler,3
Lake,Governor,NA,Republican,Bill Lee,912
Lauderdale,U.S. House,8,Democratic,Lynnette P. Williams,1295
Lauderdale,U.S. House,8,Independent,James Hart,86
Lauderdale,U.S. House,8,Independent,Ronnie Henley,28
Lauderdale,U.S. House,8,Republican,David Kustoff,3258
Lauderdale,State House,82,Republican,Chris Hurt,3556
Lauderdale,Constitutional Amendment # 1,NA,,No,1297
Lauderdale,Constitutional Amendment # 1,NA,,Yes,3088
Lauderdale,Constitutional Amendment # 2,NA,,No,1122
Lauderdale,Constitutional Amendment # 2,NA,,Yes,2874
Lauderdale,Constitutional Amendment # 3,NA,,No,1148
Lauderdale,Constitutional Amendment # 3,NA,,Yes,3102
Lauderdale,Constitutional Amendment # 4,NA,,No,1503
Lauderdale,Constitutional Amendment # 4,NA,,Yes,2573
Lauderdale,Governor,NA,,Write-In - Curtis Carney,0
Lauderdale,Governor,NA,,Write-In - Kameron Parker Scott,0
Lauderdale,Governor,NA,,Write-In - Lemichael D. Wilson,1
Lauderdale,Governor,NA,,Write-In - Stephen C Maxwell,0
Lauderdale,Governor,NA,Democratic,Jason Brantley Martin,1321
Lauderdale,Governor,NA,Independent,Alfred O'Neil,4
Lauderdale,Governor,NA,Independent,Basil Marceaux,6
Lauderdale,Governor,NA,Independent,Charles Van Morgan,12
Lauderdale,Governor,NA,Independent,Constance M. Every,28
Lauderdale,Governor,NA,Independent,Deborah Rouse,31
Lauderdale,Governor,NA,Independent,John Gentry,35
Lauderdale,Governor,NA,Independent,Michael E. Scantland,1
Lauderdale,Governor,NA,Independent,Rick Tyler,8
Lauderdale,Governor,NA,Republican,Bill Lee,3346
Lawrence,U.S. House,4,Democratic,Wayne Steele,1461
Lawrence,U.S. House,4,Independent,Clyde Benson,91
Lawrence,U.S. House,4,Independent,David Leighton Jones,32
Lawrence,U.S. House,4,Independent,"Joseph ""Krishnadas"" Magyer",17
Lawrence,U.S. House,4,Independent,Mike Winton,48
Lawrence,U.S. House,4,Independent,Tharon Chandler,135
Lawrence,U.S. House,4,Republican,Scott DesJarlais,7714
Lawrence,State House,70,Republican,Clay Doggett,4257
Lawrence,State House,71,Democratic,David P. Carson II,703
Lawrence,State House,71,Republican,Kip Capley,4052
Lawrence,Constitutional Amendment # 1,NA,,No,2203
Lawrence,Constitutional Amendment # 1,NA,,Yes,7007
Lawrence,Constitutional Amendment # 2,NA,,No,2407
Lawrence,Constitutional Amendment # 2,NA,,Yes,5821
Lawrence,Constitutional Amendment # 3,NA,,No,2371
Lawrence,Constitutional Amendment # 3,NA,,Yes,6349
Lawrence,Constitutional Amendment # 4,NA,,No,3172
Lawrence,Constitutional Amendment # 4,NA,,Yes,5623
Lawrence,Governor,NA,,Write-In - Curtis Carney,0
Lawrence,Governor,NA,,Write-In - Kameron Parker Scott,0
Lawrence,Governor,NA,,Write-In - Lemichael D. Wilson,1
Lawrence,Governor,NA,,Write-In - Stephen C Maxwell,0
Lawrence,Governor,NA,Democratic,Jason Brantley Martin,1549
Lawrence,Governor,NA,Independent,Alfred O'Neil,3
Lawrence,Governor,NA,Independent,Basil Marceaux,9
Lawrence,Governor,NA,Independent,Charles Van Morgan,14
Lawrence,Governor,NA,Independent,Constance M. Every,56
Lawrence,Governor,NA,Independent,Deborah Rouse,16
Lawrence,Governor,NA,Independent,John Gentry,149
Lawrence,Governor,NA,Independent,Michael E. Scantland,4
Lawrence,Governor,NA,Independent,Rick Tyler,20
Lawrence,Governor,NA,Republican,Bill Lee,8276
Lewis,U.S. House,5,Democratic,Heidi Campbell,654
Lewis,U.S. House,5,Independent,Daniel Cooper,20
Lewis,U.S. House,5,Independent,Derrick Brantley,26
Lewis,U.S. House,5,Independent,Rick Shannon,14
Lewis,U.S. House,5,Republican,Andy Ogles,2671
Lewis,State House,69,Democratic,Candie Loreeta Hedge,618
Lewis,State House,69,Independent,Leonard D. (Lenny) Ladner,47
Lewis,State House,69,Republican,Jody Barrett,2656
Lewis,Constitutional Amendment # 1,NA,,No,849
Lewis,Constitutional Amendment # 1,NA,,Yes,2325
Lewis,Constitutional Amendment # 2,NA,,No,753
Lewis,Constitutional Amendment # 2,NA,,Yes,2171
Lewis,Constitutional Amendment # 3,NA,,No,750
Lewis,Constitutional Amendment # 3,NA,,Yes,2287
Lewis,Constitutional Amendment # 4,NA,,No,1109
Lewis,Constitutional Amendment # 4,NA,,Yes,1941
Lewis,Governor,NA,,Write-In - Curtis Carney,0
Lewis,Governor,NA,,Write-In - Kameron Parker Scott,0
Lewis,Governor,NA,,Write-In - Lemichael D. Wilson,1
Lewis,Governor,NA,,Write-In - Stephen C Maxwell,0
Lewis,Governor,NA,Democratic,Jason Brantley Martin,613
Lewis,Governor,NA,Independent,Alfred O'Neil,2
Lewis,Governor,NA,Independent,Basil Marceaux,2
Lewis,Governor,NA,Independent,Charles Van Morgan,4
Lewis,Governor,NA,Independent,Constance M. Every,22
Lewis,Governor,NA,Independent,Deborah Rouse,5
Lewis,Governor,NA,Independent,John Gentry,24
Lewis,Governor,NA,Independent,Michael E. Scantland,0
Lewis,Governor,NA,Independent,Rick Tyler,4
Lewis,Governor,NA,Republican,Bill Lee,2723
Lincoln,U.S. House,4,Democratic,Wayne Steele,1388
Lincoln,U.S. House,4,Independent,Clyde Benson,81
Lincoln,U.S. House,4,Independent,David Leighton Jones,33
Lincoln,U.S. House,4,Independent,"Joseph ""Krishnadas"" Magyer",15
Lincoln,U.S. House,4,Independent,Mike Winton,53
Lincoln,U.S. House,4,Independent,Tharon Chandler,24
Lincoln,U.S. House,4,Republican,Scott DesJarlais,7360
Lincoln,State House,62,Republican,Pat Marsh,3311
Lincoln,State House,70,Republican,Clay Doggett,3495
Lincoln,Constitutional Amendment # 1,NA,,No,1834
Lincoln,Constitutional Amendment # 1,NA,,Yes,5909
Lincoln,Constitutional Amendment # 2,NA,,No,1986
Lincoln,Constitutional Amendment # 2,NA,,Yes,5861
Lincoln,Constitutional Amendment # 3,NA,,No,2004
Lincoln,Constitutional Amendment # 3,NA,,Yes,5953
Lincoln,Constitutional Amendment # 4,NA,,No,2647
Lincoln,Constitutional Amendment # 4,NA,,Yes,5299
Lincoln,Governor,NA,,Write-In - Curtis Carney,0
Lincoln,Governor,NA,,Write-In - Kameron Parker Scott,0
Lincoln,Governor,NA,,Write-In - Lemichael D. Wilson,0
Lincoln,Governor,NA,,Write-In - Stephen C Maxwell,0
Lincoln,Governor,NA,Democratic,Jason Brantley Martin,1406
Lincoln,Governor,NA,Independent,Alfred O'Neil,6
Lincoln,Governor,NA,Independent,Basil Marceaux,9
Lincoln,Governor,NA,Independent,Charles Van Morgan,7
Lincoln,Governor,NA,Independent,Constance M. Every,38
Lincoln,Governor,NA,Independent,Deborah Rouse,30
Lincoln,Governor,NA,Independent,John Gentry,135
Lincoln,Governor,NA,Independent,Michael E. Scantland,2
Lincoln,Governor,NA,Independent,Rick Tyler,15
Lincoln,Governor,NA,Republican,Bill Lee,7452
Loudon,U.S. House,2,Democratic,Mark Harmon,4037
Loudon,U.S. House,2,Republican,Tim Burchett,15543
Loudon,State House,21,Republican,Lowell Russell,11314
Loudon,State House,32,Democratic,Jan Hahn,1406
Loudon,State House,32,Republican,Monty Fritts,4658
Loudon,State Senate,5,,Write-In - Hannah Parton,2
Loudon,State Senate,5,Republican,Randy McNally,16194
Loudon,Constitutional Amendment # 1,NA,,No,5638
Loudon,Constitutional Amendment # 1,NA,,Yes,13524
Loudon,Constitutional Amendment # 2,NA,,No,5161
Loudon,Constitutional Amendment # 2,NA,,Yes,13497
Loudon,Constitutional Amendment # 3,NA,,No,4380
Loudon,Constitutional Amendment # 3,NA,,Yes,14537
Loudon,Constitutional Amendment # 4,NA,,No,6080
Loudon,Constitutional Amendment # 4,NA,,Yes,12906
Loudon,Governor,NA,,Write-In - Curtis Carney,0
Loudon,Governor,NA,,Write-In - Kameron Parker Scott,0
Loudon,Governor,NA,,Write-In - Lemichael D. Wilson,6
Loudon,Governor,NA,,Write-In - Stephen C Maxwell,0
Loudon,Governor,NA,Democratic,Jason Brantley Martin,3801
Loudon,Governor,NA,Independent,Alfred O'Neil,38
Loudon,Governor,NA,Independent,Basil Marceaux,11
Loudon,Governor,NA,Independent,Charles Van Morgan,34
Loudon,Governor,NA,Independent,Constance M. Every,64
Loudon,Governor,NA,Independent,Deborah Rouse,78
Loudon,Governor,NA,Independent,John Gentry,169
Loudon,Governor,NA,Independent,Michael E. Scantland,15
Loudon,Governor,NA,Independent,Rick Tyler,58
Loudon,Governor,NA,Republican,Bill Lee,15285
Macon,State House,38,Republican,Kelly T Keisling,4219
Macon,U.S. House,6,Democratic,Randal Cooper,607
Macon,U.S. House,6,Republican,John Rose,4098
Macon,Constitutional Amendment # 1,NA,,No,1127
Macon,Constitutional Amendment # 1,NA,,Yes,3269
Macon,Constitutional Amendment # 2,NA,,No,1279
Macon,Constitutional Amendment # 2,NA,,Yes,2681
Macon,Constitutional Amendment # 3,NA,,No,1193
Macon,Constitutional Amendment # 3,NA,,Yes,3023
Macon,Constitutional Amendment # 4,NA,,No,1576
Macon,Constitutional Amendment # 4,NA,,Yes,2548
Macon,Governor,NA,,Write-In - Curtis Carney,0
Macon,Governor,NA,,Write-In - Kameron Parker Scott,0
Macon,Governor,NA,,Write-In - Lemichael D. Wilson,1
Macon,Governor,NA,,Write-In - Stephen C Maxwell,0
Macon,Governor,NA,Democratic,Jason Brantley Martin,585
Macon,Governor,NA,Independent,Alfred O'Neil,1
Macon,Governor,NA,Independent,Basil Marceaux,4
Macon,Governor,NA,Independent,Charles Van Morgan,7
Macon,Governor,NA,Independent,Constance M. Every,23
Macon,Governor,NA,Independent,Deborah Rouse,7
Macon,Governor,NA,Independent,John Gentry,81
Macon,Governor,NA,Independent,Michael E. Scantland,3
Macon,Governor,NA,Independent,Rick Tyler,11
Macon,Governor,NA,Republican,Bill Lee,4140
Madison,State Senate,25,Independent,Ronnie Henley,6115
Madison,State Senate,25,Republican,Ed Jackson,15672
Madison,State House,73,Democratic,Erica Nicole Coleman,5496
Madison,State House,73,Republican,Chris Todd,13480
Madison,U.S. House,8,,Write-In - Kirk D Carter,0
Madison,U.S. House,8,Democratic,Lynnette P. Williams,8233
Madison,U.S. House,8,Independent,James Hart,273
Madison,U.S. House,8,Independent,Ronnie Henley,150
Madison,U.S. House,8,Republican,David Kustoff,15076
Madison,State House,80,Democratic,Johnny W. Shaw,3730
Madison,Constitutional Amendment # 1,NA,,No,6788
Madison,Constitutional Amendment # 1,NA,,Yes,14860
Madison,Constitutional Amendment # 2,NA,,No,4503
Madison,Constitutional Amendment # 2,NA,,Yes,17392
Madison,Constitutional Amendment # 3,NA,,No,5500
Madison,Constitutional Amendment # 3,NA,,Yes,16650
Madison,Constitutional Amendment # 4,NA,,No,6611
Madison,Constitutional Amendment # 4,NA,,Yes,15330
Madison,Governor,NA,,Write-In - Curtis Carney,0
Madison,Governor,NA,,Write-In - Kameron Parker Scott,0
Madison,Governor,NA,,Write-In - Lemichael D. Wilson,4
Madison,Governor,NA,,Write-In - Stephen C Maxwell,0
Madison,Governor,NA,Democratic,Jason Brantley Martin,8246
Madison,Governor,NA,Independent,Alfred O'Neil,16
Madison,Governor,NA,Independent,Basil Marceaux,15
Madison,Governor,NA,Independent,Charles Van Morgan,20
Madison,Governor,NA,Independent,Constance M. Every,154
Madison,Governor,NA,Independent,Deborah Rouse,62
Madison,Governor,NA,Independent,John Gentry,171
Madison,Governor,NA,Independent,Michael E. Scantland,8
Madison,Governor,NA,Independent,Rick Tyler,29
Madison,Governor,NA,Republican,Bill Lee,15357
Marion,State House,39,Democratic,Bruce Manuel,1653
Marion,State House,39,Republican,Iris Rudder,5735
Marion,U.S. House,4,Democratic,Wayne Steele,1594
Marion,U.S. House,4,Independent,Clyde Benson,74
Marion,U.S. House,4,Independent,David Leighton Jones,20
Marion,U.S. House,4,Independent,"Joseph ""Krishnadas"" Magyer",9
Marion,U.S. House,4,Independent,Mike Winton,102
Marion,U.S. House,4,Independent,Tharon Chandler,24
Marion,U.S. House,4,Republican,Scott DesJarlais,5783
Marion,Constitutional Amendment # 1,NA,,No,2010
Marion,Constitutional Amendment # 1,NA,,Yes,5179
Marion,Constitutional Amendment # 2,NA,,No,1904
Marion,Constitutional Amendment # 2,NA,,Yes,4681
Marion,Constitutional Amendment # 3,NA,,No,1796
Marion,Constitutional Amendment # 3,NA,,Yes,5063
Marion,Constitutional Amendment # 4,NA,,No,2716
Marion,Constitutional Amendment # 4,NA,,Yes,4176
Marion,Governor,NA,,Write-In - Curtis Carney,0
Marion,Governor,NA,,Write-In - Kameron Parker Scott,0
Marion,Governor,NA,,Write-In - Lemichael D. Wilson,1
Marion,Governor,NA,,Write-In - Stephen C Maxwell,0
Marion,Governor,NA,Democratic,Jason Brantley Martin,1610
Marion,Governor,NA,Independent,Alfred O'Neil,9
Marion,Governor,NA,Independent,Basil Marceaux,10
Marion,Governor,NA,Independent,Charles Van Morgan,6
Marion,Governor,NA,Independent,Constance M. Every,36
Marion,Governor,NA,Independent,Deborah Rouse,5
Marion,Governor,NA,Independent,John Gentry,73
Marion,Governor,NA,Independent,Michael E. Scantland,0
Marion,Governor,NA,Independent,Rick Tyler,3
Marion,Governor,NA,Republican,Bill Lee,5947
Marshall,U.S. House,5,Democratic,Heidi Campbell,2012
Marshall,U.S. House,5,Independent,Daniel Cooper,45
Marshall,U.S. House,5,Independent,Derrick Brantley,94
Marshall,U.S. House,5,Independent,Rick Shannon,39
Marshall,U.S. House,5,Republican,Andy Ogles,6488
Marshall,State House,92,Democratic,Angela Hughes,1793
Marshall,State House,92,Republican,Todd Warner,6224
Marshall,Constitutional Amendment # 1,NA,,No,2454
Marshall,Constitutional Amendment # 1,NA,,Yes,5936
Marshall,Constitutional Amendment # 2,NA,,No,2490
Marshall,Constitutional Amendment # 2,NA,,Yes,5280
Marshall,Constitutional Amendment # 3,NA,,No,2241
Marshall,Constitutional Amendment # 3,NA,,Yes,5903
Marshall,Constitutional Amendment # 4,NA,,No,3053
Marshall,Constitutional Amendment # 4,NA,,Yes,5097
Marshall,Governor,NA,,Write-In - Curtis Carney,0
Marshall,Governor,NA,,Write-In - Kameron Parker Scott,0
Marshall,Governor,NA,,Write-In - Lemichael D. Wilson,1
Marshall,Governor,NA,,Write-In - Stephen C Maxwell,0
Marshall,Governor,NA,Democratic,Jason Brantley Martin,1861
Marshall,Governor,NA,Independent,Alfred O'Neil,5
Marshall,Governor,NA,Independent,Basil Marceaux,7
Marshall,Governor,NA,Independent,Charles Van Morgan,13
Marshall,Governor,NA,Independent,Constance M. Every,58
Marshall,Governor,NA,Independent,Deborah Rouse,8
Marshall,Governor,NA,Independent,John Gentry,153
Marshall,Governor,NA,Independent,Michael E. Scantland,5
Marshall,Governor,NA,Independent,Rick Tyler,17
Marshall,Governor,NA,Republican,Bill Lee,6734
Maury,U.S. House,5,Democratic,Heidi Campbell,8888
Maury,U.S. House,5,Independent,Daniel Cooper,251
Maury,U.S. House,5,Independent,Derrick Brantley,376
Maury,U.S. House,5,Independent,Rick Shannon,145
Maury,U.S. House,5,Republican,Andy Ogles,20687
Maury,State House,64,Democratic,Jameson Manor,6248
Maury,State House,64,Republican,Scott E. Cepicky,15079
Maury,State House,71,Democratic,David P. Carson II,2063
Maury,State House,71,Republican,Kip Capley,6952
Maury,Constitutional Amendment # 1,NA,,No,7593
Maury,Constitutional Amendment # 1,NA,,Yes,21187
Maury,Constitutional Amendment # 2,NA,,No,6885
Maury,Constitutional Amendment # 2,NA,,Yes,21323
Maury,Constitutional Amendment # 3,NA,,No,6043
Maury,Constitutional Amendment # 3,NA,,Yes,22393
Maury,Constitutional Amendment # 4,NA,,No,9210
Maury,Constitutional Amendment # 4,NA,,Yes,19083
Maury,Governor,NA,,Write-In - Curtis Carney,0
Maury,Governor,NA,,Write-In - Kameron Parker Scott,0
Maury,Governor,NA,,Write-In - Lemichael D. Wilson,4
Maury,Governor,NA,,Write-In - Stephen C Maxwell,0
Maury,Governor,NA,Democratic,Jason Brantley Martin,7910
Maury,Governor,NA,Independent,Alfred O'Neil,10
Maury,Governor,NA,Independent,Basil Marceaux,21
Maury,Governor,NA,Independent,Charles Van Morgan,24
Maury,Governor,NA,Independent,Constance M. Every,150
Maury,Governor,NA,Independent,Deborah Rouse,46
Maury,Governor,NA,Independent,John Gentry,320
Maury,Governor,NA,Independent,Michael E. Scantland,10
Maury,Governor,NA,Independent,Rick Tyler,25
Maury,Governor,NA,Republican,Bill Lee,22198
McMinn,State Senate,1,Democratic,Patricia Waters,2142
McMinn,State Senate,1,Republican,J. Adam Lowe,10556
McMinn,State House,23,Republican,Mark Cochran,11200
McMinn,U.S. House,3,Democratic,Meg Gorman,2022
McMinn,U.S. House,3,Independent,Rick Tyler,146
McMinn,U.S. House,3,Independent,Thomas M. Rumba,58
McMinn,U.S. House,3,Republican,Chuck Fleischmann,10577
McMinn,Constitutional Amendment # 1,NA,,No,2982
McMinn,Constitutional Amendment # 1,NA,,Yes,9133
McMinn,Constitutional Amendment # 2,NA,,No,2837
McMinn,Constitutional Amendment # 2,NA,,Yes,8380
McMinn,Constitutional Amendment # 3,NA,,No,2755
McMinn,Constitutional Amendment # 3,NA,,Yes,8952
McMinn,Constitutional Amendment # 4,NA,,No,4220
McMinn,Constitutional Amendment # 4,NA,,Yes,7472
McMinn,Governor,NA,,Write-In - Curtis Carney,0
McMinn,Governor,NA,,Write-In - Kameron Parker Scott,0
McMinn,Governor,NA,,Write-In - Lemichael D. Wilson,0
McMinn,Governor,NA,,Write-In - Stephen C Maxwell,0
McMinn,Governor,NA,Democratic,Jason Brantley Martin,1858
McMinn,Governor,NA,Independent,Alfred O'Neil,16
McMinn,Governor,NA,Independent,Basil Marceaux,14
McMinn,Governor,NA,Independent,Charles Van Morgan,17
McMinn,Governor,NA,Independent,Constance M. Every,44
McMinn,Governor,NA,Independent,Deborah Rouse,25
McMinn,Governor,NA,Independent,John Gentry,552
McMinn,Governor,NA,Independent,Michael E. Scantland,2
McMinn,Governor,NA,Independent,Rick Tyler,9
McMinn,Governor,NA,Republican,Bill Lee,10371
McNairy,U.S. House,8,Democratic,Lynnette P. Williams,989
McNairy,U.S. House,8,Independent,James Hart,67
McNairy,U.S. House,8,Independent,Ronnie Henley,58
McNairy,U.S. House,8,Republican,David Kustoff,5751
McNairy,State House,94,Republican,Ron M. Gant,5856
McNairy,Constitutional Amendment # 1,NA,,No,1411
McNairy,Constitutional Amendment # 1,NA,,Yes,4141
McNairy,Constitutional Amendment # 2,NA,,No,1540
McNairy,Constitutional Amendment # 2,NA,,Yes,4232
McNairy,Constitutional Amendment # 3,NA,,No,1675
McNairy,Constitutional Amendment # 3,NA,,Yes,4182
McNairy,Constitutional Amendment # 4,NA,,No,2171
McNairy,Constitutional Amendment # 4,NA,,Yes,3585
McNairy,Governor,NA,,Write-In - Curtis Carney,0
McNairy,Governor,NA,,Write-In - Kameron Parker Scott,0
McNairy,Governor,NA,,Write-In - Lemichael D. Wilson,0
McNairy,Governor,NA,,Write-In - Stephen C Maxwell,0
McNairy,Governor,NA,Democratic,Jason Brantley Martin,1036
McNairy,Governor,NA,Independent,Alfred O'Neil,6
McNairy,Governor,NA,Independent,Basil Marceaux,15
McNairy,Governor,NA,Independent,Charles Van Morgan,6
McNairy,Governor,NA,Independent,Constance M. Every,33
McNairy,Governor,NA,Independent,Deborah Rouse,13
McNairy,Governor,NA,Independent,John Gentry,72
McNairy,Governor,NA,Independent,Michael E. Scantland,2
McNairy,Governor,NA,Independent,Rick Tyler,13
McNairy,Governor,NA,Republican,Bill Lee,5864
Meigs,State Senate,1,Democratic,Patricia Waters,564
Meigs,State Senate,1,Republican,J. Adam Lowe,2651
Meigs,State House,22,Republican,Dan Howell,2610
Meigs,U.S. House,4,Democratic,Wayne Steele,511
Meigs,U.S. House,4,Independent,Clyde Benson,55
Meigs,U.S. House,4,Independent,David Leighton Jones,3
Meigs,U.S. House,4,Independent,"Joseph ""Krishnadas"" Magyer",5
Meigs,U.S. House,4,Independent,Mike Winton,11
Meigs,U.S. House,4,Independent,Tharon Chandler,10
Meigs,U.S. House,4,Republican,Scott DesJarlais,2520
Meigs,Constitutional Amendment # 1,NA,,No,881
Meigs,Constitutional Amendment # 1,NA,,Yes,2087
Meigs,Constitutional Amendment # 2,NA,,No,865
Meigs,Constitutional Amendment # 2,NA,,Yes,1745
Meigs,Constitutional Amendment # 3,NA,,No,763
Meigs,Constitutional Amendment # 3,NA,,Yes,2022
Meigs,Constitutional Amendment # 4,NA,,No,1021
Meigs,Constitutional Amendment # 4,NA,,Yes,1622
Meigs,Governor,NA,,Write-In - Curtis Carney,0
Meigs,Governor,NA,,Write-In - Kameron Parker Scott,0
Meigs,Governor,NA,,Write-In - Lemichael D. Wilson,0
Meigs,Governor,NA,,Write-In - Stephen C Maxwell,0
Meigs,Governor,NA,Democratic,Jason Brantley Martin,491
Meigs,Governor,NA,Independent,Alfred O'Neil,0
Meigs,Governor,NA,Independent,Basil Marceaux,4
Meigs,Governor,NA,Independent,Charles Van Morgan,3
Meigs,Governor,NA,Independent,Constance M. Every,16
Meigs,Governor,NA,Independent,Deborah Rouse,9
Meigs,Governor,NA,Independent,John Gentry,57
Meigs,Governor,NA,Independent,Michael E. Scantland,0
Meigs,Governor,NA,Independent,Rick Tyler,5
Meigs,Governor,NA,Republican,Bill Lee,2703
Monroe,State House,21,Republican,Lowell Russell,7128
Monroe,State House,23,Republican,Mark Cochran,3193
Monroe,U.S. House,3,Democratic,Meg Gorman,1761
Monroe,U.S. House,3,Independent,Rick Tyler,103
Monroe,U.S. House,3,Independent,Thomas M. Rumba,68
Monroe,U.S. House,3,Republican,Chuck Fleischmann,9813
Monroe,Constitutional Amendment # 1,NA,,No,2828
Monroe,Constitutional Amendment # 1,NA,,Yes,8338
Monroe,Constitutional Amendment # 2,NA,,No,2780
Monroe,Constitutional Amendment # 2,NA,,Yes,7614
Monroe,Constitutional Amendment # 3,NA,,No,2655
Monroe,Constitutional Amendment # 3,NA,,Yes,8151
Monroe,Constitutional Amendment # 4,NA,,No,3893
Monroe,Constitutional Amendment # 4,NA,,Yes,6881
Monroe,Governor,NA,,Write-In - Curtis Carney,0
Monroe,Governor,NA,,Write-In - Kameron Parker Scott,0
Monroe,Governor,NA,,Write-In - Lemichael D. Wilson,1
Monroe,Governor,NA,,Write-In - Stephen C Maxwell,0
Monroe,Governor,NA,Democratic,Jason Brantley Martin,1748
Monroe,Governor,NA,Independent,Alfred O'Neil,14
Monroe,Governor,NA,Independent,Basil Marceaux,6
Monroe,Governor,NA,Independent,Charles Van Morgan,22
Monroe,Governor,NA,Independent,Constance M. Every,63
Monroe,Governor,NA,Independent,Deborah Rouse,15
Monroe,Governor,NA,Independent,John Gentry,145
Monroe,Governor,NA,Independent,Michael E. Scantland,1
Monroe,Governor,NA,Independent,Rick Tyler,8
Monroe,Governor,NA,Republican,Bill Lee,9830
Montgomery,State Senate,23,Republican,Kerry Roberts,605
Montgomery,State House,67,Democratic,Ronnie L. Glynn,5767
Montgomery,State House,67,Republican,"Tommy J. Vallejos, Sr.",5614
Montgomery,State House,68,Independent,Monica Meeks,5469
Montgomery,State House,68,Republican,Curtis Johnson,13501
Montgomery,U.S. House,7,Democratic,Odessa Kelly,15064
Montgomery,U.S. House,7,Independent,Steven J. Hooper,890
Montgomery,U.S. House,7,Republican,Mark E Green,24486
Montgomery,State House,75,Republican,Jeff Burkhart,6851
Montgomery,Constitutional Amendment # 1,NA,,No,9742
Montgomery,Constitutional Amendment # 1,NA,,Yes,30318
Montgomery,Constitutional Amendment # 2,NA,,No,10077
Montgomery,Constitutional Amendment # 2,NA,,Yes,27596
Montgomery,Constitutional Amendment # 3,NA,,No,7284
Montgomery,Constitutional Amendment # 3,NA,,Yes,32025
Montgomery,Constitutional Amendment # 4,NA,,No,15661
Montgomery,Constitutional Amendment # 4,NA,,Yes,22470
Montgomery,Governor,NA,,Write-In - Curtis Carney,2
Montgomery,Governor,NA,,Write-In - Kameron Parker Scott,0
Montgomery,Governor,NA,,Write-In - Lemichael D. Wilson,12
Montgomery,Governor,NA,,Write-In - Stephen C Maxwell,0
Montgomery,Governor,NA,Democratic,Jason Brantley Martin,14988
Montgomery,Governor,NA,Independent,Alfred O'Neil,49
Montgomery,Governor,NA,Independent,Basil Marceaux,44
Montgomery,Governor,NA,Independent,Charles Van Morgan,62
Montgomery,Governor,NA,Independent,Constance M. Every,535
Montgomery,Governor,NA,Independent,Deborah Rouse,183
Montgomery,Governor,NA,Independent,John Gentry,421
Montgomery,Governor,NA,Independent,Michael E. Scantland,25
Montgomery,Governor,NA,Independent,Rick Tyler,67
Montgomery,Governor,NA,Republican,Bill Lee,24813
Moore,U.S. House,4,Democratic,Wayne Steele,279
Moore,U.S. House,4,Independent,Clyde Benson,19
Moore,U.S. House,4,Independent,David Leighton Jones,7
Moore,U.S. House,4,Independent,"Joseph ""Krishnadas"" Magyer",8
Moore,U.S. House,4,Independent,Mike Winton,46
Moore,U.S. House,4,Independent,Tharon Chandler,0
Moore,U.S. House,4,Republican,Scott DesJarlais,1675
Moore,State House,62,Republican,Pat Marsh,1520
Moore,Constitutional Amendment # 1,NA,,No,462
Moore,Constitutional Amendment # 1,NA,,Yes,1331
Moore,Constitutional Amendment # 2,NA,,No,528
Moore,Constitutional Amendment # 2,NA,,Yes,1343
Moore,Constitutional Amendment # 3,NA,,No,495
Moore,Constitutional Amendment # 3,NA,,Yes,1392
Moore,Constitutional Amendment # 4,NA,,No,632
Moore,Constitutional Amendment # 4,NA,,Yes,1249
Moore,Governor,NA,,Write-In - Curtis Carney,0
Moore,Governor,NA,,Write-In - Kameron Parker Scott,0
Moore,Governor,NA,,Write-In - Lemichael D. Wilson,0
Moore,Governor,NA,,Write-In - Stephen C Maxwell,0
Moore,Governor,NA,Democratic,Jason Brantley Martin,302
Moore,Governor,NA,Independent,Alfred O'Neil,2
Moore,Governor,NA,Independent,Basil Marceaux,1
Moore,Governor,NA,Independent,Charles Van Morgan,1
Moore,Governor,NA,Independent,Constance M. Every,7
Moore,Governor,NA,Independent,Deborah Rouse,2
Moore,Governor,NA,Independent,John Gentry,20
Moore,Governor,NA,Independent,Michael E. Scantland,3
Moore,Governor,NA,Independent,Rick Tyler,7
Moore,Governor,NA,Republican,Bill Lee,1725
Morgan,U.S. House,3,Democratic,Meg Gorman,595
Morgan,U.S. House,3,Independent,Rick Tyler,51
Morgan,U.S. House,3,Independent,Thomas M. Rumba,38
Morgan,U.S. House,3,Republican,Chuck Fleischmann,3885
Morgan,State House,41,Independent,John Mark Windle,2422
Morgan,State House,41,Republican,Ed Butler,2159
Morgan,Constitutional Amendment # 1,NA,,No,1578
Morgan,Constitutional Amendment # 1,NA,,Yes,2712
Morgan,Constitutional Amendment # 2,NA,,No,1448
Morgan,Constitutional Amendment # 2,NA,,Yes,2599
Morgan,Constitutional Amendment # 3,NA,,No,1248
Morgan,Constitutional Amendment # 3,NA,,Yes,2911
Morgan,Constitutional Amendment # 4,NA,,No,1706
Morgan,Constitutional Amendment # 4,NA,,Yes,2539
Morgan,Governor,NA,,Write-In - Curtis Carney,0
Morgan,Governor,NA,,Write-In - Kameron Parker Scott,0
Morgan,Governor,NA,,Write-In - Lemichael D. Wilson,3
Morgan,Governor,NA,,Write-In - Stephen C Maxwell,0
Morgan,Governor,NA,Democratic,Jason Brantley Martin,624
Morgan,Governor,NA,Independent,Alfred O'Neil,1
Morgan,Governor,NA,Independent,Basil Marceaux,5
Morgan,Governor,NA,Independent,Charles Van Morgan,7
Morgan,Governor,NA,Independent,Constance M. Every,18
Morgan,Governor,NA,Independent,Deborah Rouse,3
Morgan,Governor,NA,Independent,John Gentry,64
Morgan,Governor,NA,Independent,Michael E. Scantland,2
Morgan,Governor,NA,Independent,Rick Tyler,7
Morgan,Governor,NA,Republican,Bill Lee,3844
Obion,State House,77,Republican,Rusty Grills,4701
Obion,U.S. House,8,,Write-In - Kirk D Carter,0
Obion,U.S. House,8,Democratic,Lynnette P. Williams,1125
Obion,U.S. House,8,Independent,James Hart,68
Obion,U.S. House,8,Independent,Ronnie Henley,26
Obion,U.S. House,8,Republican,David Kustoff,6476
Obion,State House,82,Republican,Chris Hurt,1872
Obion,Constitutional Amendment # 1,NA,,No,1774
Obion,Constitutional Amendment # 1,NA,,Yes,5349
Obion,Constitutional Amendment # 2,NA,,No,1663
Obion,Constitutional Amendment # 2,NA,,Yes,4764
Obion,Constitutional Amendment # 3,NA,,No,1729
Obion,Constitutional Amendment # 3,NA,,Yes,5029
Obion,Constitutional Amendment # 4,NA,,No,2439
Obion,Constitutional Amendment # 4,NA,,Yes,4337
Obion,Governor,NA,,Write-In - Curtis Carney,0
Obion,Governor,NA,,Write-In - Kameron Parker Scott,0
Obion,Governor,NA,,Write-In - Lemichael D. Wilson,2
Obion,Governor,NA,,Write-In - Stephen C Maxwell,0
Obion,Governor,NA,Democratic,Jason Brantley Martin,1173
Obion,Governor,NA,Independent,Alfred O'Neil,12
Obion,Governor,NA,Independent,Basil Marceaux,3
Obion,Governor,NA,Independent,Charles Van Morgan,16
Obion,Governor,NA,Independent,Constance M. Every,50
Obion,Governor,NA,Independent,Deborah Rouse,4
Obion,Governor,NA,Independent,John Gentry,84
Obion,Governor,NA,Independent,Michael E. Scantland,1
Obion,Governor,NA,Independent,Rick Tyler,4
Obion,Governor,NA,Republican,Bill Lee,6418
Overton,State House,41,Independent,John Mark Windle,3358
Overton,State House,41,Republican,Ed Butler,2733
Overton,U.S. House,6,Democratic,Randal Cooper,1105
Overton,U.S. House,6,Republican,John Rose,4565
Overton,Constitutional Amendment # 1,NA,,No,1496
Overton,Constitutional Amendment # 1,NA,,Yes,3955
Overton,Constitutional Amendment # 2,NA,,No,1537
Overton,Constitutional Amendment # 2,NA,,Yes,3316
Overton,Constitutional Amendment # 3,NA,,No,1480
Overton,Constitutional Amendment # 3,NA,,Yes,3679
Overton,Constitutional Amendment # 4,NA,,No,1906
Overton,Constitutional Amendment # 4,NA,,Yes,3130
Overton,Governor,NA,,Write-In - Curtis Carney,0
Overton,Governor,NA,,Write-In - Kameron Parker Scott,0
Overton,Governor,NA,,Write-In - Lemichael D. Wilson,2
Overton,Governor,NA,,Write-In - Stephen C Maxwell,0
Overton,Governor,NA,Democratic,Jason Brantley Martin,1147
Overton,Governor,NA,Independent,Alfred O'Neil,3
Overton,Governor,NA,Independent,Basil Marceaux,5
Overton,Governor,NA,Independent,Charles Van Morgan,4
Overton,Governor,NA,Independent,Constance M. Every,31
Overton,Governor,NA,Independent,Deborah Rouse,11
Overton,Governor,NA,Independent,John Gentry,95
Overton,Governor,NA,Independent,Michael E. Scantland,11
Overton,Governor,NA,Independent,Rick Tyler,11
Overton,Governor,NA,Republican,Bill Lee,4805
Perry,State Senate,25,Independent,Ronnie Henley,300
Perry,State Senate,25,Republican,Ed Jackson,1469
Perry,U.S. House,7,Democratic,Odessa Kelly,317
Perry,U.S. House,7,Independent,Steven J. Hooper,25
Perry,U.S. House,7,Republican,Mark E Green,1518
Perry,State House,72,Republican,Kirk Haston,1682
Perry,Constitutional Amendment # 1,NA,,No,448
Perry,Constitutional Amendment # 1,NA,,Yes,1299
Perry,Constitutional Amendment # 2,NA,,No,508
Perry,Constitutional Amendment # 2,NA,,Yes,1075
Perry,Constitutional Amendment # 3,NA,,No,456
Perry,Constitutional Amendment # 3,NA,,Yes,1232
Perry,Constitutional Amendment # 4,NA,,No,602
Perry,Constitutional Amendment # 4,NA,,Yes,1091
Perry,Governor,NA,,Write-In - Curtis Carney,0
Perry,Governor,NA,,Write-In - Kameron Parker Scott,0
Perry,Governor,NA,,Write-In - Lemichael D. Wilson,0
Perry,Governor,NA,,Write-In - Stephen C Maxwell,0
Perry,Governor,NA,Democratic,Jason Brantley Martin,339
Perry,Governor,NA,Independent,Alfred O'Neil,2
Perry,Governor,NA,Independent,Basil Marceaux,3
Perry,Governor,NA,Independent,Charles Van Morgan,2
Perry,Governor,NA,Independent,Constance M. Every,3
Perry,Governor,NA,Independent,Deborah Rouse,2
Perry,Governor,NA,Independent,John Gentry,29
Perry,Governor,NA,Independent,Michael E. Scantland,0
Perry,Governor,NA,Independent,Rick Tyler,2
Perry,Governor,NA,Republican,Bill Lee,1549
Pickett,State House,38,Republican,Kelly T Keisling,1633
Pickett,U.S. House,6,Democratic,Randal Cooper,326
Pickett,U.S. House,6,Republican,John Rose,1591
Pickett,Constitutional Amendment # 1,NA,,No,383
Pickett,Constitutional Amendment # 1,NA,,Yes,1196
Pickett,Constitutional Amendment # 2,NA,,No,460
Pickett,Constitutional Amendment # 2,NA,,Yes,1048
Pickett,Constitutional Amendment # 3,NA,,No,472
Pickett,Constitutional Amendment # 3,NA,,Yes,1149
Pickett,Constitutional Amendment # 4,NA,,No,572
Pickett,Constitutional Amendment # 4,NA,,Yes,1088
Pickett,Governor,NA,,Write-In - Curtis Carney,0
Pickett,Governor,NA,,Write-In - Kameron Parker Scott,0
Pickett,Governor,NA,,Write-In - Lemichael D. Wilson,1
Pickett,Governor,NA,,Write-In - Stephen C Maxwell,0
Pickett,Governor,NA,Democratic,Jason Brantley Martin,311
Pickett,Governor,NA,Independent,Alfred O'Neil,4
Pickett,Governor,NA,Independent,Basil Marceaux,1
Pickett,Governor,NA,Independent,Charles Van Morgan,1
Pickett,Governor,NA,Independent,Constance M. Every,16
Pickett,Governor,NA,Independent,Deborah Rouse,7
Pickett,Governor,NA,Independent,John Gentry,33
Pickett,Governor,NA,Independent,Michael E. Scantland,3
Pickett,Governor,NA,Independent,Rick Tyler,7
Pickett,Governor,NA,Republican,Bill Lee,1542
Polk,State House,22,Republican,Dan Howell,4026
Polk,U.S. House,3,Democratic,Meg Gorman,721
Polk,U.S. House,3,Independent,Rick Tyler,38
Polk,U.S. House,3,Independent,Thomas M. Rumba,28
Polk,U.S. House,3,Republican,Chuck Fleischmann,3928
Polk,Constitutional Amendment # 1,NA,,No,1152
Polk,Constitutional Amendment # 1,NA,,Yes,3274
Polk,Constitutional Amendment # 2,NA,,No,1277
Polk,Constitutional Amendment # 2,NA,,Yes,2908
Polk,Constitutional Amendment # 3,NA,,No,1125
Polk,Constitutional Amendment # 3,NA,,Yes,3181
Polk,Constitutional Amendment # 4,NA,,No,1635
Polk,Constitutional Amendment # 4,NA,,Yes,2735
Polk,Governor,NA,,Write-In - Curtis Carney,0
Polk,Governor,NA,,Write-In - Kameron Parker Scott,0
Polk,Governor,NA,,Write-In - Lemichael D. Wilson,0
Polk,Governor,NA,,Write-In - Stephen C Maxwell,0
Polk,Governor,NA,Democratic,Jason Brantley Martin,712
Polk,Governor,NA,Independent,Alfred O'Neil,0
Polk,Governor,NA,Independent,Basil Marceaux,5
Polk,Governor,NA,Independent,Charles Van Morgan,4
Polk,Governor,NA,Independent,Constance M. Every,8
Polk,Governor,NA,Independent,Deborah Rouse,6
Polk,Governor,NA,Independent,John Gentry,53
Polk,Governor,NA,Independent,Michael E. Scantland,2
Polk,Governor,NA,Independent,Rick Tyler,11
Polk,Governor,NA,Republican,Bill Lee,4000
Putnam,State Senate,15,Republican,Paul Bailey,14808
Putnam,State House,25,Democratic,Anne Ferrell Quillen,459
Putnam,State House,25,Republican,Cameron Sexton,1897
Putnam,State House,42,Republican,Ryan Williams,12929
Putnam,U.S. House,6,Democratic,Randal Cooper,4788
Putnam,U.S. House,6,Republican,John Rose,14124
Putnam,Constitutional Amendment # 1,NA,,No,5452
Putnam,Constitutional Amendment # 1,NA,,Yes,13321
Putnam,Constitutional Amendment # 2,NA,,No,4739
Putnam,Constitutional Amendment # 2,NA,,Yes,12464
Putnam,Constitutional Amendment # 3,NA,,No,3982
Putnam,Constitutional Amendment # 3,NA,,Yes,14218
Putnam,Constitutional Amendment # 4,NA,,No,6848
Putnam,Constitutional Amendment # 4,NA,,Yes,10981
Putnam,Governor,NA,,Write-In - Curtis Carney,0
Putnam,Governor,NA,,Write-In - Kameron Parker Scott,0
Putnam,Governor,NA,,Write-In - Lemichael D. Wilson,4
Putnam,Governor,NA,,Write-In - Stephen C Maxwell,0
Putnam,Governor,NA,Democratic,Jason Brantley Martin,4875
Putnam,Governor,NA,Independent,Alfred O'Neil,6
Putnam,Governor,NA,Independent,Basil Marceaux,16
Putnam,Governor,NA,Independent,Charles Van Morgan,16
Putnam,Governor,NA,Independent,Constance M. Every,117
Putnam,Governor,NA,Independent,Deborah Rouse,30
Putnam,Governor,NA,Independent,John Gentry,287
Putnam,Governor,NA,Independent,Michael E. Scantland,44
Putnam,Governor,NA,Independent,Rick Tyler,16
Putnam,Governor,NA,Republican,Bill Lee,14217
Rhea,State Senate,1,Democratic,Patricia Waters,1086
Rhea,State Senate,1,Republican,J. Adam Lowe,6509
Rhea,State House,31,Democratic,David L Brown,1037
Rhea,State House,31,Republican,Ron Travis,6553
Rhea,U.S. House,4,Democratic,Wayne Steele,1094
Rhea,U.S. House,4,Independent,Clyde Benson,73
Rhea,U.S. House,4,Independent,David Leighton Jones,24
Rhea,U.S. House,4,Independent,"Joseph ""Krishnadas"" Magyer",6
Rhea,U.S. House,4,Independent,Mike Winton,45
Rhea,U.S. House,4,Independent,Tharon Chandler,13
Rhea,U.S. House,4,Republican,Scott DesJarlais,6320
Rhea,Constitutional Amendment # 1,NA,,No,1974
Rhea,Constitutional Amendment # 1,NA,,Yes,5088
Rhea,Constitutional Amendment # 2,NA,,No,1921
Rhea,Constitutional Amendment # 2,NA,,Yes,4625
Rhea,Constitutional Amendment # 3,NA,,No,1623
Rhea,Constitutional Amendment # 3,NA,,Yes,5261
Rhea,Constitutional Amendment # 4,NA,,No,2398
Rhea,Constitutional Amendment # 4,NA,,Yes,4553
Rhea,Governor,NA,,Write-In - Curtis Carney,0
Rhea,Governor,NA,,Write-In - Kameron Parker Scott,0
Rhea,Governor,NA,,Write-In - Lemichael D. Wilson,4
Rhea,Governor,NA,,Write-In - Stephen C Maxwell,0
Rhea,Governor,NA,Democratic,Jason Brantley Martin,1033
Rhea,Governor,NA,Independent,Alfred O'Neil,0
Rhea,Governor,NA,Independent,Basil Marceaux,2
Rhea,Governor,NA,Independent,Charles Van Morgan,5
Rhea,Governor,NA,Independent,Constance M. Every,23
Rhea,Governor,NA,Independent,Deborah Rouse,3
Rhea,Governor,NA,Independent,John Gentry,69
Rhea,Governor,NA,Independent,Michael E. Scantland,2
Rhea,Governor,NA,Independent,Rick Tyler,5
Rhea,Governor,NA,Republican,Bill Lee,6551
Roane,U.S. House,3,Democratic,Meg Gorman,3339
Roane,U.S. House,3,Independent,Rick Tyler,194
Roane,U.S. House,3,Independent,Thomas M. Rumba,102
Roane,U.S. House,3,Republican,Chuck Fleischmann,12080
Roane,State House,32,Democratic,Jan Hahn,3366
Roane,State House,32,Republican,Monty Fritts,11077
Roane,State House,41,Independent,John Mark Windle,289
Roane,State House,41,Republican,Ed Butler,672
Roane,Constitutional Amendment # 1,NA,,No,5053
Roane,Constitutional Amendment # 1,NA,,Yes,10321
Roane,Constitutional Amendment # 2,NA,,No,4518
Roane,Constitutional Amendment # 2,NA,,Yes,10400
Roane,Constitutional Amendment # 3,NA,,No,3874
Roane,Constitutional Amendment # 3,NA,,Yes,11212
Roane,Constitutional Amendment # 4,NA,,No,5703
Roane,Constitutional Amendment # 4,NA,,Yes,9509
Roane,Governor,NA,,Write-In - Curtis Carney,0
Roane,Governor,NA,,Write-In - Kameron Parker Scott,0
Roane,Governor,NA,,Write-In - Lemichael D. Wilson,6
Roane,Governor,NA,,Write-In - Stephen C Maxwell,0
Roane,Governor,NA,Democratic,Jason Brantley Martin,3337
Roane,Governor,NA,Independent,Alfred O'Neil,59
Roane,Governor,NA,Independent,Basil Marceaux,12
Roane,Governor,NA,Independent,Charles Van Morgan,26
Roane,Governor,NA,Independent,Constance M. Every,97
Roane,Governor,NA,Independent,Deborah Rouse,88
Roane,Governor,NA,Independent,John Gentry,176
Roane,Governor,NA,Independent,Michael E. Scantland,32
Roane,Governor,NA,Independent,Rick Tyler,76
Roane,Governor,NA,Republican,Bill Lee,11871
Robertson,State Senate,23,Republican,Kerry Roberts,14910
Robertson,State House,66,Republican,Sabi (Doc) Kumar,14554
Robertson,U.S. House,7,Democratic,Odessa Kelly,3843
Robertson,U.S. House,7,Independent,Steven J. Hooper,369
Robertson,U.S. House,7,Republican,Mark E Green,13638
Robertson,Constitutional Amendment # 1,NA,,No,4494
Robertson,Constitutional Amendment # 1,NA,,Yes,13284
Robertson,Constitutional Amendment # 2,NA,,No,4666
Robertson,Constitutional Amendment # 2,NA,,Yes,11905
Robertson,Constitutional Amendment # 3,NA,,No,4079
Robertson,Constitutional Amendment # 3,NA,,Yes,13288
Robertson,Constitutional Amendment # 4,NA,,No,6099
Robertson,Constitutional Amendment # 4,NA,,Yes,10606
Robertson,Governor,NA,,Write-In - Curtis Carney,0
Robertson,Governor,NA,,Write-In - Kameron Parker Scott,0
Robertson,Governor,NA,,Write-In - Lemichael D. Wilson,6
Robertson,Governor,NA,,Write-In - Stephen C Maxwell,0
Robertson,Governor,NA,Democratic,Jason Brantley Martin,4048
Robertson,Governor,NA,Independent,Alfred O'Neil,8
Robertson,Governor,NA,Independent,Basil Marceaux,19
Robertson,Governor,NA,Independent,Charles Van Morgan,23
Robertson,Governor,NA,Independent,Constance M. Every,100
Robertson,Governor,NA,Independent,Deborah Rouse,28
Robertson,Governor,NA,Independent,John Gentry,192
Robertson,Governor,NA,Independent,Michael E. Scantland,2
Robertson,Governor,NA,Independent,Rick Tyler,22
Robertson,Governor,NA,Republican,Bill Lee,14066
Rutherford,State House,13,Democratic,Jeff Crum,5311
Rutherford,State Senate,13,Democratic,Kelly Northcutt,17427
Rutherford,State House,13,Republican,Robert Stevens,8672
Rutherford,State Senate,13,Republican,Dawn White,31936
Rutherford,State House,34,Democratic,Laura Bohling,5827
Rutherford,State House,34,Republican,Tim Rudd,9142
Rutherford,State House,37,Democratic,Bill Levine,4993
Rutherford,State House,37,Republican,Charlie Baum,9456
Rutherford,U.S. House,4,Democratic,Wayne Steele,26611
Rutherford,U.S. House,4,Independent,Clyde Benson,834
Rutherford,U.S. House,4,Independent,David Leighton Jones,360
Rutherford,U.S. House,4,Independent,"Joseph ""Krishnadas"" Magyer",189
Rutherford,U.S. House,4,Independent,Mike Winton,542
Rutherford,U.S. House,4,Independent,Tharon Chandler,233
Rutherford,U.S. House,4,Republican,Scott DesJarlais,44402
Rutherford,State House,48,Democratic,Matt Ferry,5669
Rutherford,State House,48,Republican,Bryan Terry,11564
Rutherford,State House,49,Democratic,Morgan Woodberry,5272
Rutherford,State House,49,Republican,Mike Sparks,7744
Rutherford,Constitutional Amendment # 1,NA,,No,19287
Rutherford,Constitutional Amendment # 1,NA,,Yes,53992
Rutherford,Constitutional Amendment # 2,NA,,No,16654
Rutherford,Constitutional Amendment # 2,NA,,Yes,52725
Rutherford,Constitutional Amendment # 3,NA,,No,12597
Rutherford,Constitutional Amendment # 3,NA,,Yes,59447
Rutherford,Constitutional Amendment # 4,NA,,No,25452
Rutherford,Constitutional Amendment # 4,NA,,Yes,42864
Rutherford,Governor,NA,,Write-In - Curtis Carney,0
Rutherford,Governor,NA,,Write-In - Kameron Parker Scott,0
Rutherford,Governor,NA,,Write-In - Lemichael D. Wilson,19
Rutherford,Governor,NA,,Write-In - Stephen C Maxwell,0
Rutherford,Governor,NA,Democratic,Jason Brantley Martin,26948
Rutherford,Governor,NA,Independent,Alfred O'Neil,34
Rutherford,Governor,NA,Independent,Basil Marceaux,74
Rutherford,Governor,NA,Independent,Charles Van Morgan,45
Rutherford,Governor,NA,Independent,Constance M. Every,549
Rutherford,Governor,NA,Independent,Deborah Rouse,161
Rutherford,Governor,NA,Independent,John Gentry,607
Rutherford,Governor,NA,Independent,Michael E. Scantland,25
Rutherford,Governor,NA,Independent,Rick Tyler,90
Rutherford,Governor,NA,Republican,Bill Lee,46575
Scott,U.S. House,3,Democratic,Meg Gorman,92
Scott,U.S. House,3,Independent,Rick Tyler,8
Scott,U.S. House,3,Independent,Thomas M. Rumba,3
Scott,U.S. House,3,Republican,Chuck Fleischmann,812
Scott,State House,38,Republican,Kelly T Keisling,3338
Scott,U.S. House,6,Democratic,Randal Cooper,299
Scott,U.S. House,6,Republican,John Rose,2379
Scott,Constitutional Amendment # 1,NA,,No,917
Scott,Constitutional Amendment # 1,NA,,Yes,2533
Scott,Constitutional Amendment # 2,NA,,No,1004
Scott,Constitutional Amendment # 2,NA,,Yes,1984
Scott,Constitutional Amendment # 3,NA,,No,887
Scott,Constitutional Amendment # 3,NA,,Yes,2314
Scott,Constitutional Amendment # 4,NA,,No,1174
Scott,Constitutional Amendment # 4,NA,,Yes,2083
Scott,Governor,NA,,Write-In - Curtis Carney,0
Scott,Governor,NA,,Write-In - Kameron Parker Scott,0
Scott,Governor,NA,,Write-In - Lemichael D. Wilson,0
Scott,Governor,NA,,Write-In - Stephen C Maxwell,0
Scott,Governor,NA,Democratic,Jason Brantley Martin,395
Scott,Governor,NA,Independent,Alfred O'Neil,3
Scott,Governor,NA,Independent,Basil Marceaux,2
Scott,Governor,NA,Independent,Charles Van Morgan,4
Scott,Governor,NA,Independent,Constance M. Every,22
Scott,Governor,NA,Independent,Deborah Rouse,4
Scott,Governor,NA,Independent,John Gentry,46
Scott,Governor,NA,Independent,Michael E. Scantland,1
Scott,Governor,NA,Independent,Rick Tyler,5
Scott,Governor,NA,Republican,Bill Lee,3394
Sequatchie,State House,31,Democratic,David L Brown,588
Sequatchie,State House,31,Republican,Ron Travis,3611
Sequatchie,U.S. House,4,Democratic,Wayne Steele,615
Sequatchie,U.S. House,4,Independent,Clyde Benson,56
Sequatchie,U.S. House,4,Independent,David Leighton Jones,18
Sequatchie,U.S. House,4,Independent,"Joseph ""Krishnadas"" Magyer",0
Sequatchie,U.S. House,4,Independent,Mike Winton,36
Sequatchie,U.S. House,4,Independent,Tharon Chandler,9
Sequatchie,U.S. House,4,Republican,Scott DesJarlais,3442
Sequatchie,Constitutional Amendment # 1,NA,,No,996
Sequatchie,Constitutional Amendment # 1,NA,,Yes,2997
Sequatchie,Constitutional Amendment # 2,NA,,No,1124
Sequatchie,Constitutional Amendment # 2,NA,,Yes,2517
Sequatchie,Constitutional Amendment # 3,NA,,No,1024
Sequatchie,Constitutional Amendment # 3,NA,,Yes,2806
Sequatchie,Constitutional Amendment # 4,NA,,No,1465
Sequatchie,Constitutional Amendment # 4,NA,,Yes,2397
Sequatchie,Governor,NA,,Write-In - Curtis Carney,0
Sequatchie,Governor,NA,,Write-In - Kameron Parker Scott,0
Sequatchie,Governor,NA,,Write-In - Lemichael D. Wilson,1
Sequatchie,Governor,NA,,Write-In - Stephen C Maxwell,0
Sequatchie,Governor,NA,Democratic,Jason Brantley Martin,602
Sequatchie,Governor,NA,Independent,Alfred O'Neil,0
Sequatchie,Governor,NA,Independent,Basil Marceaux,6
Sequatchie,Governor,NA,Independent,Charles Van Morgan,3
Sequatchie,Governor,NA,Independent,Constance M. Every,20
Sequatchie,Governor,NA,Independent,Deborah Rouse,5
Sequatchie,Governor,NA,Independent,John Gentry,53
Sequatchie,Governor,NA,Independent,Michael E. Scantland,3
Sequatchie,Governor,NA,Independent,Rick Tyler,5
Sequatchie,Governor,NA,Republican,Bill Lee,3643
Sevier,U.S. House,1,Democratic,Cameron Parsons,3908
Sevier,U.S. House,1,Independent,Matt Makrom,131
Sevier,U.S. House,1,Independent,Richard G. Baker,283
Sevier,U.S. House,1,Republican,Diana Lynn Harshbarger,18406
Sevier,State House,12,,Write-In - Mariah Marie Mercedes Bailey,6
Sevier,State House,12,Independent,Larry Linton,2796
Sevier,State House,12,Republican,Dale Carr,12646
Sevier,State House,17,Republican,Andrew Ellis Farmer,5877
Sevier,State Senate,9,Democratic,Sara Thompson,1091
Sevier,State Senate,9,Republican,Steve Southerland,4455
Sevier,Constitutional Amendment # 1,NA,,No,6352
Sevier,Constitutional Amendment # 1,NA,,Yes,16015
Sevier,Constitutional Amendment # 2,NA,,No,6055
Sevier,Constitutional Amendment # 2,NA,,Yes,15706
Sevier,Constitutional Amendment # 3,NA,,No,5267
Sevier,Constitutional Amendment # 3,NA,,Yes,16897
Sevier,Constitutional Amendment # 4,NA,,No,8098
Sevier,Constitutional Amendment # 4,NA,,Yes,14141
Sevier,Governor,NA,,Write-In - Curtis Carney,0
Sevier,Governor,NA,,Write-In - Kameron Parker Scott,0
Sevier,Governor,NA,,Write-In - Lemichael D. Wilson,2
Sevier,Governor,NA,,Write-In - Stephen C Maxwell,0
Sevier,Governor,NA,Democratic,Jason Brantley Martin,3818
Sevier,Governor,NA,Independent,Alfred O'Neil,80
Sevier,Governor,NA,Independent,Basil Marceaux,26
Sevier,Governor,NA,Independent,Charles Van Morgan,46
Sevier,Governor,NA,Independent,Constance M. Every,105
Sevier,Governor,NA,Independent,Deborah Rouse,107
Sevier,Governor,NA,Independent,John Gentry,188
Sevier,Governor,NA,Independent,Michael E. Scantland,27
Sevier,Governor,NA,Independent,Rick Tyler,79
Sevier,Governor,NA,Republican,Bill Lee,18314
Shelby,State Senate,29,Democratic,Raumesh Akbari,30204
Shelby,State Senate,31,Democratic,Ruby Powell-Dennis,23041
Shelby,State Senate,31,Republican,Brent Taylor,45289
Shelby,State Senate,33,Democratic,London Lamar,24617
Shelby,State Senate,33,Independent,Hastina D. Robinson,512
Shelby,State Senate,33,Republican,Frederick D. Tappan,5426
Shelby,U.S. House,8,Democratic,Lynnette P. Williams,20005
Shelby,U.S. House,8,Independent,James Hart,656
Shelby,U.S. House,8,Independent,Ronnie Henley,235
Shelby,U.S. House,8,Republican,David Kustoff,48852
Shelby,State House,83,Republican,Mark White,17231
Shelby,State House,84,Democratic,Joe Towns Jr.,7338
Shelby,State House,85,Democratic,Jesse Chism,13988
Shelby,State House,86,Democratic,Barbara L. Cooper,8006
Shelby,State House,86,Independent,Michael Porter,2944
Shelby,State House,87,Democratic,Karen Camper,7881
Shelby,State House,88,Democratic,Larry J. Miller,9178
Shelby,U.S. House,9,,Write-In - Bobby Lyons,1
Shelby,U.S. House,9,Democratic,Steve Cohen,92318
Shelby,U.S. House,9,Independent,Dennis Clark,1101
Shelby,U.S. House,9,Independent,George Flinn,3109
Shelby,U.S. House,9,Independent,Paul Cook,456
Shelby,U.S. House,9,Republican,Charlotte Bergmann,29815
Shelby,State House,91,Democratic,Torrey C. Harris,10630
Shelby,State House,93,Democratic,"G.A. Hardaway, Sr.",7359
Shelby,State House,95,Democratic,Patricia Causey,6093
Shelby,State House,95,Republican,Kevin Vaughan,17939
Shelby,State House,96,Democratic,Dwayne Thompson,10273
Shelby,State House,97,Democratic,Toniko S. Harris,9219
Shelby,State House,97,Republican,John Gillespie,12083
Shelby,State House,98,Democratic,Antonio Parkinson,8432
Shelby,State House,99,Republican,Tom Leatherwood,17374
Shelby,Constitutional Amendment # 1,NA,,No,65618
Shelby,Constitutional Amendment # 1,NA,,Yes,115635
Shelby,Constitutional Amendment # 2,NA,,No,44978
Shelby,Constitutional Amendment # 2,NA,,Yes,141484
Shelby,Constitutional Amendment # 3,NA,,No,34683
Shelby,Constitutional Amendment # 3,NA,,Yes,153858
Shelby,Constitutional Amendment # 4,NA,,No,69591
Shelby,Constitutional Amendment # 4,NA,,Yes,120363
Shelby,Governor,NA,,Write-In - Curtis Carney,0
Shelby,Governor,NA,,Write-In - Kameron Parker Scott,0
Shelby,Governor,NA,,Write-In - Lemichael D. Wilson,58
Shelby,Governor,NA,,Write-In - Stephen C Maxwell,0
Shelby,Governor,NA,Democratic,Jason Brantley Martin,108995
Shelby,Governor,NA,Independent,Alfred O'Neil,226
Shelby,Governor,NA,Independent,Basil Marceaux,195
Shelby,Governor,NA,Independent,Charles Van Morgan,418
Shelby,Governor,NA,Independent,Constance M. Every,1473
Shelby,Governor,NA,Independent,Deborah Rouse,735
Shelby,Governor,NA,Independent,John Gentry,947
Shelby,Governor,NA,Independent,Michael E. Scantland,145
Shelby,Governor,NA,Independent,Rick Tyler,386
Shelby,Governor,NA,Republican,Bill Lee,86384
Smith,State Senate,15,Republican,Paul Bailey,3980
Smith,State House,40,Democratic,Tom Cook,857
Smith,State House,40,Republican,Michael Hale,4315
Smith,U.S. House,6,Democratic,Randal Cooper,889
Smith,U.S. House,6,Republican,John Rose,4247
Smith,Constitutional Amendment # 1,NA,,No,1400
Smith,Constitutional Amendment # 1,NA,,Yes,3527
Smith,Constitutional Amendment # 2,NA,,No,1531
Smith,Constitutional Amendment # 2,NA,,Yes,2930
Smith,Constitutional Amendment # 3,NA,,No,1407
Smith,Constitutional Amendment # 3,NA,,Yes,3330
Smith,Constitutional Amendment # 4,NA,,No,1803
Smith,Constitutional Amendment # 4,NA,,Yes,2844
Smith,Governor,NA,,Write-In - Curtis Carney,0
Smith,Governor,NA,,Write-In - Kameron Parker Scott,0
Smith,Governor,NA,,Write-In - Lemichael D. Wilson,0
Smith,Governor,NA,,Write-In - Stephen C Maxwell,0
Smith,Governor,NA,Democratic,Jason Brantley Martin,927
Smith,Governor,NA,Independent,Alfred O'Neil,5
Smith,Governor,NA,Independent,Basil Marceaux,10
Smith,Governor,NA,Independent,Charles Van Morgan,7
Smith,Governor,NA,Independent,Constance M. Every,27
Smith,Governor,NA,Independent,Deborah Rouse,9
Smith,Governor,NA,Independent,John Gentry,87
Smith,Governor,NA,Independent,Michael E. Scantland,6
Smith,Governor,NA,Independent,Rick Tyler,5
Smith,Governor,NA,Republican,Bill Lee,4205
Stewart,U.S. House,7,Democratic,Odessa Kelly,621
Stewart,U.S. House,7,Independent,Steven J. Hooper,120
Stewart,U.S. House,7,Republican,Mark E Green,3124
Stewart,State House,74,Republican,Jay D. Reedy,3131
Stewart,Constitutional Amendment # 1,NA,,No,920
Stewart,Constitutional Amendment # 1,NA,,Yes,2745
Stewart,Constitutional Amendment # 2,NA,,No,1082
Stewart,Constitutional Amendment # 2,NA,,Yes,2238
Stewart,Constitutional Amendment # 3,NA,,No,944
Stewart,Constitutional Amendment # 3,NA,,Yes,2558
Stewart,Constitutional Amendment # 4,NA,,No,1424
Stewart,Constitutional Amendment # 4,NA,,Yes,1998
Stewart,Governor,NA,,Write-In - Curtis Carney,0
Stewart,Governor,NA,,Write-In - Kameron Parker Scott,0
Stewart,Governor,NA,,Write-In - Lemichael D. Wilson,1
Stewart,Governor,NA,,Write-In - Stephen C Maxwell,0
Stewart,Governor,NA,Democratic,Jason Brantley Martin,707
Stewart,Governor,NA,Independent,Alfred O'Neil,1
Stewart,Governor,NA,Independent,Basil Marceaux,5
Stewart,Governor,NA,Independent,Charles Van Morgan,6
Stewart,Governor,NA,Independent,Constance M. Every,38
Stewart,Governor,NA,Independent,Deborah Rouse,12
Stewart,Governor,NA,Independent,John Gentry,39
Stewart,Governor,NA,Independent,Michael E. Scantland,3
Stewart,Governor,NA,Independent,Rick Tyler,2
Stewart,Governor,NA,Republican,Bill Lee,3167
Sullivan,State House,1,,Write-In - Amanda Leigh Alley Leonard,96
Sullivan,U.S. House,1,Democratic,Cameron Parsons,8871
Sullivan,U.S. House,1,Independent,Matt Makrom,274
Sullivan,U.S. House,1,Independent,Richard G. Baker,510
Sullivan,State House,1,Republican,John Crawford,13370
Sullivan,U.S. House,1,Republican,Diana Lynn Harshbarger,32310
Sullivan,State House,2,,Write-In - Kelly R Loyd,63
Sullivan,State House,2,Republican,Bud Hulsey,15359
Sullivan,State House,3,,Write-In - Arvil Love,15
Sullivan,State House,3,Republican,Scotty Campbell,6406
Sullivan,Constitutional Amendment # 1,NA,,No,11120
Sullivan,Constitutional Amendment # 1,NA,,Yes,29630
Sullivan,Constitutional Amendment # 2,NA,,No,9690
Sullivan,Constitutional Amendment # 2,NA,,Yes,29771
Sullivan,Constitutional Amendment # 3,NA,,No,8227
Sullivan,Constitutional Amendment # 3,NA,,Yes,32086
Sullivan,Constitutional Amendment # 4,NA,,No,13806
Sullivan,Constitutional Amendment # 4,NA,,Yes,26967
Sullivan,Governor,NA,,Write-In - Curtis Carney,0
Sullivan,Governor,NA,,Write-In - Kameron Parker Scott,0
Sullivan,Governor,NA,,Write-In - Lemichael D. Wilson,10
Sullivan,Governor,NA,,Write-In - Stephen C Maxwell,0
Sullivan,Governor,NA,Democratic,Jason Brantley Martin,8777
Sullivan,Governor,NA,Independent,Alfred O'Neil,13
Sullivan,Governor,NA,Independent,Basil Marceaux,27
Sullivan,Governor,NA,Independent,Charles Van Morgan,24
Sullivan,Governor,NA,Independent,Constance M. Every,120
Sullivan,Governor,NA,Independent,Deborah Rouse,57
Sullivan,Governor,NA,Independent,John Gentry,261
Sullivan,Governor,NA,Independent,Michael E. Scantland,8
Sullivan,Governor,NA,Independent,Rick Tyler,36
Sullivan,Governor,NA,Republican,Bill Lee,32897
Sumner,State House,35,Republican,William Slater,11484
Sumner,State House,44,Democratic,Kesa Fowler,3887
Sumner,State House,44,Republican,William Lamberth,13884
Sumner,State House,45,Republican,Johnny C. Garrett,14432
Sumner,U.S. House,6,Democratic,Randal Cooper,13810
Sumner,U.S. House,6,Republican,John Rose,36471
Sumner,Constitutional Amendment # 1,NA,,No,12476
Sumner,Constitutional Amendment # 1,NA,,Yes,37935
Sumner,Constitutional Amendment # 2,NA,,No,11723
Sumner,Constitutional Amendment # 2,NA,,Yes,35375
Sumner,Constitutional Amendment # 3,NA,,No,9688
Sumner,Constitutional Amendment # 3,NA,,Yes,39566
Sumner,Constitutional Amendment # 4,NA,,No,16876
Sumner,Constitutional Amendment # 4,NA,,Yes,31549
Sumner,Governor,NA,,Write-In - Curtis Carney,0
Sumner,Governor,NA,,Write-In - Kameron Parker Scott,0
Sumner,Governor,NA,,Write-In - Lemichael D. Wilson,0
Sumner,Governor,NA,,Write-In - Stephen C Maxwell,0
Sumner,Governor,NA,Democratic,Jason Brantley Martin,13672
Sumner,Governor,NA,Independent,Alfred O'Neil,20
Sumner,Governor,NA,Independent,Basil Marceaux,52
Sumner,Governor,NA,Independent,Charles Van Morgan,47
Sumner,Governor,NA,Independent,Constance M. Every,276
Sumner,Governor,NA,Independent,Deborah Rouse,105
Sumner,Governor,NA,Independent,John Gentry,624
Sumner,Governor,NA,Independent,Michael E. Scantland,30
Sumner,Governor,NA,Independent,Rick Tyler,55
Sumner,Governor,NA,Republican,Bill Lee,37466
Tipton,U.S. House,8,Democratic,Lynnette P. Williams,1594
Tipton,U.S. House,8,Independent,James Hart,109
Tipton,U.S. House,8,Independent,Ronnie Henley,73
Tipton,U.S. House,8,Republican,David Kustoff,5812
Tipton,State House,81,Independent,Nicholas Sawall,2750
Tipton,State House,81,Republican,Debra Moody,10937
Tipton,U.S. House,9,Democratic,Steve Cohen,1482
Tipton,U.S. House,9,Independent,Dennis Clark,59
Tipton,U.S. House,9,Independent,George Flinn,240
Tipton,U.S. House,9,Independent,Paul Cook,29
Tipton,U.S. House,9,Republican,Charlotte Bergmann,5308
Tipton,Constitutional Amendment # 1,NA,,No,3254
Tipton,Constitutional Amendment # 1,NA,,Yes,11198
Tipton,Constitutional Amendment # 2,NA,,No,3241
Tipton,Constitutional Amendment # 2,NA,,Yes,10192
Tipton,Constitutional Amendment # 3,NA,,No,3393
Tipton,Constitutional Amendment # 3,NA,,Yes,10621
Tipton,Constitutional Amendment # 4,NA,,No,4795
Tipton,Constitutional Amendment # 4,NA,,Yes,8904
Tipton,Governor,NA,,Write-In - Curtis Carney,0
Tipton,Governor,NA,,Write-In - Kameron Parker Scott,0
Tipton,Governor,NA,,Write-In - Lemichael D. Wilson,13
Tipton,Governor,NA,,Write-In - Stephen C Maxwell,0
Tipton,Governor,NA,Democratic,Jason Brantley Martin,3083
Tipton,Governor,NA,Independent,Alfred O'Neil,10
Tipton,Governor,NA,Independent,Basil Marceaux,13
Tipton,Governor,NA,Independent,Charles Van Morgan,33
Tipton,Governor,NA,Independent,Constance M. Every,131
Tipton,Governor,NA,Independent,Deborah Rouse,49
Tipton,Governor,NA,Independent,John Gentry,109
Tipton,Governor,NA,Independent,Michael E. Scantland,16
Tipton,Governor,NA,Independent,Rick Tyler,35
Tipton,Governor,NA,Republican,Bill Lee,11487
Trousdale,State House,35,Republican,William Slater,1674
Trousdale,U.S. House,6,Democratic,Randal Cooper,447
Trousdale,U.S. House,6,Republican,John Rose,1635
Trousdale,Constitutional Amendment # 1,NA,,No,451
Trousdale,Constitutional Amendment # 1,NA,,Yes,1561
Trousdale,Constitutional Amendment # 2,NA,,No,521
Trousdale,Constitutional Amendment # 2,NA,,Yes,1287
Trousdale,Constitutional Amendment # 3,NA,,No,488
Trousdale,Constitutional Amendment # 3,NA,,Yes,1468
Trousdale,Constitutional Amendment # 4,NA,,No,695
Trousdale,Constitutional Amendment # 4,NA,,Yes,1203
Trousdale,Governor,NA,,Write-In - Curtis Carney,0
Trousdale,Governor,NA,,Write-In - Kameron Parker Scott,0
Trousdale,Governor,NA,,Write-In - Lemichael D. Wilson,0
Trousdale,Governor,NA,,Write-In - Stephen C Maxwell,0
Trousdale,Governor,NA,Democratic,Jason Brantley Martin,449
Trousdale,Governor,NA,Independent,Alfred O'Neil,0
Trousdale,Governor,NA,Independent,Basil Marceaux,1
Trousdale,Governor,NA,Independent,Charles Van Morgan,1
Trousdale,Governor,NA,Independent,Constance M. Every,10
Trousdale,Governor,NA,Independent,Deborah Rouse,5
Trousdale,Governor,NA,Independent,John Gentry,17
Trousdale,Governor,NA,Independent,Michael E. Scantland,1
Trousdale,Governor,NA,Independent,Rick Tyler,1
Trousdale,Governor,NA,Republican,Bill Lee,1660
Unicoi,U.S. House,1,Democratic,Cameron Parsons,840
Unicoi,U.S. House,1,Independent,Matt Makrom,30
Unicoi,U.S. House,1,Independent,Richard G. Baker,77
Unicoi,U.S. House,1,Republican,Diana Lynn Harshbarger,4149
Unicoi,State House,4,Republican,John B. Holsclaw Jr,4338
Unicoi,State Senate,9,Democratic,Sara Thompson,857
Unicoi,State Senate,9,Republican,Steve Southerland,3985
Unicoi,Constitutional Amendment # 1,NA,,No,1178
Unicoi,Constitutional Amendment # 1,NA,,Yes,3618
Unicoi,Constitutional Amendment # 2,NA,,No,1216
Unicoi,Constitutional Amendment # 2,NA,,Yes,3058
Unicoi,Constitutional Amendment # 3,NA,,No,1031
Unicoi,Constitutional Amendment # 3,NA,,Yes,3526
Unicoi,Constitutional Amendment # 4,NA,,No,1605
Unicoi,Constitutional Amendment # 4,NA,,Yes,2832
Unicoi,Governor,NA,,Write-In - Curtis Carney,0
Unicoi,Governor,NA,,Write-In - Kameron Parker Scott,0
Unicoi,Governor,NA,,Write-In - Lemichael D. Wilson,0
Unicoi,Governor,NA,,Write-In - Stephen C Maxwell,0
Unicoi,Governor,NA,Democratic,Jason Brantley Martin,910
Unicoi,Governor,NA,Independent,Alfred O'Neil,3
Unicoi,Governor,NA,Independent,Basil Marceaux,6
Unicoi,Governor,NA,Independent,Charles Van Morgan,7
Unicoi,Governor,NA,Independent,Constance M. Every,30
Unicoi,Governor,NA,Independent,Deborah Rouse,4
Unicoi,Governor,NA,Independent,John Gentry,46
Unicoi,Governor,NA,Independent,Michael E. Scantland,2
Unicoi,Governor,NA,Independent,Rick Tyler,8
Unicoi,Governor,NA,Republican,Bill Lee,4238
Union,U.S. House,2,Democratic,Mark Harmon,617
Union,U.S. House,2,Republican,Tim Burchett,3451
Union,State House,36,Republican,Dennis Powers,3321
Union,Constitutional Amendment # 1,NA,,No,1446
Union,Constitutional Amendment # 1,NA,,Yes,2421
Union,Constitutional Amendment # 2,NA,,No,1328
Union,Constitutional Amendment # 2,NA,,Yes,2138
Union,Constitutional Amendment # 3,NA,,No,1205
Union,Constitutional Amendment # 3,NA,,Yes,2454
Union,Constitutional Amendment # 4,NA,,No,1518
Union,Constitutional Amendment # 4,NA,,Yes,2020
Union,Governor,NA,,Write-In - Curtis Carney,0
Union,Governor,NA,,Write-In - Kameron Parker Scott,0
Union,Governor,NA,,Write-In - Lemichael D. Wilson,2
Union,Governor,NA,,Write-In - Stephen C Maxwell,0
Union,Governor,NA,Democratic,Jason Brantley Martin,625
Union,Governor,NA,Independent,Alfred O'Neil,0
Union,Governor,NA,Independent,Basil Marceaux,4
Union,Governor,NA,Independent,Charles Van Morgan,4
Union,Governor,NA,Independent,Constance M. Every,18
Union,Governor,NA,Independent,Deborah Rouse,10
Union,Governor,NA,Independent,John Gentry,46
Union,Governor,NA,Independent,Michael E. Scantland,1
Union,Governor,NA,Independent,Rick Tyler,3
Union,Governor,NA,Republican,Bill Lee,3456
Van Buren,State Senate,15,Republican,Paul Bailey,1556
Van Buren,State House,31,Democratic,David L Brown,290
Van Buren,State House,31,Republican,Ron Travis,1528
Van Buren,U.S. House,6,Democratic,Randal Cooper,315
Van Buren,U.S. House,6,Republican,John Rose,1491
Van Buren,Constitutional Amendment # 1,NA,,No,457
Van Buren,Constitutional Amendment # 1,NA,,Yes,1265
Van Buren,Constitutional Amendment # 2,NA,,No,524
Van Buren,Constitutional Amendment # 2,NA,,Yes,1028
Van Buren,Constitutional Amendment # 3,NA,,No,460
Van Buren,Constitutional Amendment # 3,NA,,Yes,1173
Van Buren,Constitutional Amendment # 4,NA,,No,630
Van Buren,Constitutional Amendment # 4,NA,,Yes,1022
Van Buren,Governor,NA,,Write-In - Curtis Carney,0
Van Buren,Governor,NA,,Write-In - Kameron Parker Scott,0
Van Buren,Governor,NA,,Write-In - Lemichael D. Wilson,0
Van Buren,Governor,NA,,Write-In - Stephen C Maxwell,0
Van Buren,Governor,NA,Democratic,Jason Brantley Martin,279
Van Buren,Governor,NA,Independent,Alfred O'Neil,1
Van Buren,Governor,NA,Independent,Basil Marceaux,2
Van Buren,Governor,NA,Independent,Charles Van Morgan,5
Van Buren,Governor,NA,Independent,Constance M. Every,13
Van Buren,Governor,NA,Independent,Deborah Rouse,4
Van Buren,Governor,NA,Independent,John Gentry,24
Van Buren,Governor,NA,Independent,Michael E. Scantland,3
Van Buren,Governor,NA,Independent,Rick Tyler,4
Van Buren,Governor,NA,Republican,Bill Lee,1563
Warren,U.S. House,4,Democratic,Wayne Steele,1805
Warren,U.S. House,4,Independent,Clyde Benson,82
Warren,U.S. House,4,Independent,David Leighton Jones,34
Warren,U.S. House,4,Independent,"Joseph ""Krishnadas"" Magyer",37
Warren,U.S. House,4,Independent,Mike Winton,331
Warren,U.S. House,4,Independent,Tharon Chandler,16
Warren,U.S. House,4,Republican,Scott DesJarlais,6100
Warren,State House,43,Democratic,Cheryl Womack Uselton,2109
Warren,State House,43,Republican,Paul Sherrell,6445
Warren,U.S. House,6,Democratic,Randal Cooper,23
Warren,U.S. House,6,Republican,John Rose,111
Warren,Constitutional Amendment # 1,NA,,No,2400
Warren,Constitutional Amendment # 1,NA,,Yes,5797
Warren,Constitutional Amendment # 2,NA,,No,2365
Warren,Constitutional Amendment # 2,NA,,Yes,4934
Warren,Constitutional Amendment # 3,NA,,No,2295
Warren,Constitutional Amendment # 3,NA,,Yes,5527
Warren,Constitutional Amendment # 4,NA,,No,2900
Warren,Constitutional Amendment # 4,NA,,Yes,4447
Warren,Governor,NA,,Write-In - Curtis Carney,0
Warren,Governor,NA,,Write-In - Kameron Parker Scott,0
Warren,Governor,NA,,Write-In - Lemichael D. Wilson,5
Warren,Governor,NA,,Write-In - Stephen C Maxwell,0
Warren,Governor,NA,Democratic,Jason Brantley Martin,1963
Warren,Governor,NA,Independent,Alfred O'Neil,3
Warren,Governor,NA,Independent,Basil Marceaux,12
Warren,Governor,NA,Independent,Charles Van Morgan,16
Warren,Governor,NA,Independent,Constance M. Every,68
Warren,Governor,NA,Independent,Deborah Rouse,12
Warren,Governor,NA,Independent,John Gentry,80
Warren,Governor,NA,Independent,Michael E. Scantland,13
Warren,Governor,NA,Independent,Rick Tyler,17
Warren,Governor,NA,Republican,Bill Lee,6668
Washington,U.S. House,1,Democratic,Cameron Parsons,9827
Washington,U.S. House,1,Independent,Matt Makrom,271
Washington,U.S. House,1,Independent,Richard G. Baker,537
Washington,U.S. House,1,Republican,Diana Lynn Harshbarger,23466
Washington,State Senate,3,Democratic,Kate Craig,9928
Washington,State Senate,3,Republican,Rusty Crowe,23567
Washington,State House,6,Independent,Joel Goodman,4283
Washington,State House,6,Republican,Tim Hicks,13980
Washington,State House,7,Republican,Rebecca K. Alexander,12411
Washington,Constitutional Amendment # 1,NA,,No,10392
Washington,Constitutional Amendment # 1,NA,,Yes,23310
Washington,Constitutional Amendment # 2,NA,,No,8152
Washington,Constitutional Amendment # 2,NA,,Yes,23057
Washington,Constitutional Amendment # 3,NA,,No,6570
Washington,Constitutional Amendment # 3,NA,,Yes,26287
Washington,Constitutional Amendment # 4,NA,,No,11937
Washington,Constitutional Amendment # 4,NA,,Yes,19940
Washington,Governor,NA,,Write-In - Curtis Carney,0
Washington,Governor,NA,,Write-In - Kameron Parker Scott,0
Washington,Governor,NA,,Write-In - Lemichael D. Wilson,4
Washington,Governor,NA,,Write-In - Stephen C Maxwell,0
Washington,Governor,NA,Democratic,Jason Brantley Martin,10046
Washington,Governor,NA,Independent,Alfred O'Neil,12
Washington,Governor,NA,Independent,Basil Marceaux,34
Washington,Governor,NA,Independent,Charles Van Morgan,34
Washington,Governor,NA,Independent,Constance M. Every,218
Washington,Governor,NA,Independent,Deborah Rouse,74
Washington,Governor,NA,Independent,John Gentry,234
Washington,Governor,NA,Independent,Michael E. Scantland,13
Washington,Governor,NA,Independent,Rick Tyler,48
Washington,Governor,NA,Republican,Bill Lee,24330
Wayne,U.S. House,7,Democratic,Odessa Kelly,370
Wayne,U.S. House,7,Independent,Steven J. Hooper,55
Wayne,U.S. House,7,Republican,Mark E Green,3042
Wayne,State House,71,Democratic,David P. Carson II,396
Wayne,State House,71,Republican,Kip Capley,2932
Wayne,Constitutional Amendment # 1,NA,,No,705
Wayne,Constitutional Amendment # 1,NA,,Yes,2286
Wayne,Constitutional Amendment # 2,NA,,No,745
Wayne,Constitutional Amendment # 2,NA,,Yes,1775
Wayne,Constitutional Amendment # 3,NA,,No,784
Wayne,Constitutional Amendment # 3,NA,,Yes,1979
Wayne,Constitutional Amendment # 4,NA,,No,927
Wayne,Constitutional Amendment # 4,NA,,Yes,1763
Wayne,Governor,NA,,Write-In - Curtis Carney,0
Wayne,Governor,NA,,Write-In - Kameron Parker Scott,0
Wayne,Governor,NA,,Write-In - Lemichael D. Wilson,0
Wayne,Governor,NA,,Write-In - Stephen C Maxwell,0
Wayne,Governor,NA,Democratic,Jason Brantley Martin,398
Wayne,Governor,NA,Independent,Alfred O'Neil,3
Wayne,Governor,NA,Independent,Basil Marceaux,0
Wayne,Governor,NA,Independent,Charles Van Morgan,4
Wayne,Governor,NA,Independent,Constance M. Every,14
Wayne,Governor,NA,Independent,Deborah Rouse,5
Wayne,Governor,NA,Independent,John Gentry,36
Wayne,Governor,NA,Independent,Michael E. Scantland,5
Wayne,Governor,NA,Independent,Rick Tyler,14
Wayne,Governor,NA,Republican,Bill Lee,3094
Weakley,State House,76,Independent,James Hart,764
Weakley,State House,76,Independent,Kevin A West,338
Weakley,State House,76,Republican,Tandy Darby,6735
Weakley,U.S. House,8,,Write-In - Kirk D Carter,0
Weakley,U.S. House,8,Democratic,Lynnette P. Williams,1402
Weakley,U.S. House,8,Independent,James Hart,111
Weakley,U.S. House,8,Independent,Ronnie Henley,39
Weakley,U.S. House,8,Republican,David Kustoff,6498
Weakley,Constitutional Amendment # 1,NA,,No,1622
Weakley,Constitutional Amendment # 1,NA,,Yes,5305
Weakley,Constitutional Amendment # 2,NA,,No,1719
Weakley,Constitutional Amendment # 2,NA,,Yes,5509
Weakley,Constitutional Amendment # 3,NA,,No,1779
Weakley,Constitutional Amendment # 3,NA,,Yes,5554
Weakley,Constitutional Amendment # 4,NA,,No,2543
Weakley,Constitutional Amendment # 4,NA,,Yes,4700
Weakley,Governor,NA,,Write-In - Curtis Carney,0
Weakley,Governor,NA,,Write-In - Kameron Parker Scott,0
Weakley,Governor,NA,,Write-In - Lemichael D. Wilson,0
Weakley,Governor,NA,,Write-In - Stephen C Maxwell,0
Weakley,Governor,NA,Democratic,Jason Brantley Martin,1489
Weakley,Governor,NA,Independent,Alfred O'Neil,6
Weakley,Governor,NA,Independent,Basil Marceaux,6
Weakley,Governor,NA,Independent,Charles Van Morgan,15
Weakley,Governor,NA,Independent,Constance M. Every,35
Weakley,Governor,NA,Independent,Deborah Rouse,24
Weakley,Governor,NA,Independent,John Gentry,117
Weakley,Governor,NA,Independent,Michael E. Scantland,4
Weakley,Governor,NA,Independent,Rick Tyler,16
Weakley,Governor,NA,Republican,Bill Lee,6417
White,State Senate,15,Republican,Paul Bailey,6092
White,State House,43,Democratic,Cheryl Womack Uselton,1295
White,State House,43,Republican,Paul Sherrell,5409
White,U.S. House,6,Democratic,Randal Cooper,1121
White,U.S. House,6,Republican,John Rose,5801
White,Constitutional Amendment # 1,NA,,No,1805
White,Constitutional Amendment # 1,NA,,Yes,4703
White,Constitutional Amendment # 2,NA,,No,1973
White,Constitutional Amendment # 2,NA,,Yes,4245
White,Constitutional Amendment # 3,NA,,No,1731
White,Constitutional Amendment # 3,NA,,Yes,4713
White,Constitutional Amendment # 4,NA,,No,2484
White,Constitutional Amendment # 4,NA,,Yes,4047
White,Governor,NA,,Write-In - Curtis Carney,0
White,Governor,NA,,Write-In - Kameron Parker Scott,0
White,Governor,NA,,Write-In - Lemichael D. Wilson,0
White,Governor,NA,,Write-In - Stephen C Maxwell,0
White,Governor,NA,Democratic,Jason Brantley Martin,1075
White,Governor,NA,Independent,Alfred O'Neil,2
White,Governor,NA,Independent,Basil Marceaux,9
White,Governor,NA,Independent,Charles Van Morgan,10
White,Governor,NA,Independent,Constance M. Every,20
White,Governor,NA,Independent,Deborah Rouse,11
White,Governor,NA,Independent,John Gentry,79
White,Governor,NA,Independent,Michael E. Scantland,9
White,Governor,NA,Independent,Rick Tyler,11
White,Governor,NA,Republican,Bill Lee,5744
Williamson,State Senate,27,Republican,Jack Johnson,55443
Williamson,U.S. House,5,Democratic,Heidi Campbell,18020
Williamson,U.S. House,5,Independent,Daniel Cooper,171
Williamson,U.S. House,5,Independent,Derrick Brantley,470
Williamson,U.S. House,5,Independent,Rick Shannon,211
Williamson,U.S. House,5,Republican,Andy Ogles,37268
Williamson,State House,61,Democratic,Steven Cervantes,8644
Williamson,State House,61,Republican,Gino Bulso,16733
Williamson,State House,63,Democratic,Kisha Davis,7373
Williamson,State House,63,Republican,Jake McCalmon,16696
Williamson,State House,65,Republican,Sam Whitson,18484
Williamson,U.S. House,7,Democratic,Odessa Kelly,8962
Williamson,U.S. House,7,Independent,Steven J. Hooper,426
Williamson,U.S. House,7,Republican,Mark E Green,19293
Williamson,State House,92,Democratic,Angela Hughes,2979
Williamson,State House,92,Republican,Todd Warner,7303
Williamson,Constitutional Amendment # 1,NA,,No,20719
Williamson,Constitutional Amendment # 1,NA,,Yes,57593
Williamson,Constitutional Amendment # 2,NA,,No,16654
Williamson,Constitutional Amendment # 2,NA,,Yes,63309
Williamson,Constitutional Amendment # 3,NA,,No,13834
Williamson,Constitutional Amendment # 3,NA,,Yes,68037
Williamson,Constitutional Amendment # 4,NA,,No,24642
Williamson,Constitutional Amendment # 4,NA,,Yes,57012
Williamson,Governor,NA,,Write-In - Curtis Carney,0
Williamson,Governor,NA,,Write-In - Kameron Parker Scott,0
Williamson,Governor,NA,,Write-In - Lemichael D. Wilson,16
Williamson,Governor,NA,,Write-In - Stephen C Maxwell,0
Williamson,Governor,NA,Democratic,Jason Brantley Martin,26116
Williamson,Governor,NA,Independent,Alfred O'Neil,31
Williamson,Governor,NA,Independent,Basil Marceaux,46
Williamson,Governor,NA,Independent,Charles Van Morgan,35
Williamson,Governor,NA,Independent,Constance M. Every,279
Williamson,Governor,NA,Independent,Deborah Rouse,83
Williamson,Governor,NA,Independent,John Gentry,598
Williamson,Governor,NA,Independent,Michael E. Scantland,22
Williamson,Governor,NA,Independent,Rick Tyler,59
Williamson,Governor,NA,Republican,Bill Lee,58132
Wilson,State Senate,17,Republican,Mark Pody,32240
Wilson,State House,40,Democratic,Tom Cook,138
Wilson,State House,40,Republican,Michael Hale,680
Wilson,State House,46,Republican,Clark Boyd,16023
Wilson,U.S. House,5,Democratic,Heidi Campbell,10447
Wilson,U.S. House,5,Independent,Daniel Cooper,198
Wilson,U.S. House,5,Independent,Derrick Brantley,320
Wilson,U.S. House,5,Independent,Rick Shannon,154
Wilson,U.S. House,5,Republican,Andy Ogles,22091
Wilson,State House,57,Republican,Susan M Lynn,15907
Wilson,U.S. House,6,Democratic,Randal Cooper,2354
Wilson,U.S. House,6,Republican,John Rose,8541
Wilson,Constitutional Amendment # 1,NA,,No,10759
Wilson,Constitutional Amendment # 1,NA,,Yes,32714
Wilson,Constitutional Amendment # 2,NA,,No,9634
Wilson,Constitutional Amendment # 2,NA,,Yes,32140
Wilson,Constitutional Amendment # 3,NA,,No,8448
Wilson,Constitutional Amendment # 3,NA,,Yes,34523
Wilson,Constitutional Amendment # 4,NA,,No,15249
Wilson,Constitutional Amendment # 4,NA,,Yes,27979
Wilson,Governor,NA,,Write-In - Curtis Carney,0
Wilson,Governor,NA,,Write-In - Kameron Parker Scott,0
Wilson,Governor,NA,,Write-In - Lemichael D. Wilson,15
Wilson,Governor,NA,,Write-In - Stephen C Maxwell,0
Wilson,Governor,NA,Democratic,Jason Brantley Martin,12208
Wilson,Governor,NA,Independent,Alfred O'Neil,26
Wilson,Governor,NA,Independent,Basil Marceaux,29
Wilson,Governor,NA,Independent,Charles Van Morgan,22
Wilson,Governor,NA,Independent,Constance M. Every,242
Wilson,Governor,NA,Independent,Deborah Rouse,73
Wilson,Governor,NA,Independent,John Gentry,350
Wilson,Governor,NA,Independent,Michael E. Scantland,17
Wilson,Governor,NA,Independent,Rick Tyler,74
Wilson,Governor,NA,Republican,Bill Lee,31496
