county,office,district,party,candidate,votes
Anderson,President,NA,Democratic,Barack Obama,11396
Anderson,President,NA,Independent,Bob Barr,146
Anderson,President,NA,Independent,Brian Moore,11
Anderson,President,NA,Independent,Charles Jay,9
Anderson,President,NA,Independent,Chuck Baldwin,134
Anderson,President,NA,Independent,Cynthia McKinney,24
Anderson,President,NA,Independent,Ralph Nader,175
Anderson,President,NA,Republican,John McCain,19675
Anderson,State House,33,Democratic,Jim Hackworth,15295
Anderson,State House,33,Republican,Alex Moseley,9744
Anderson,State House,38,Democratic,Leslie Winningham,2741
Anderson,U.S. House,3,,Write-In - June Griffin,0
Anderson,U.S. House,3,Democratic,Doug Vandagriff,7480
Anderson,U.S. House,3,Independent,Ed Choate,518
Anderson,U.S. House,3,Independent,Jean Howard-Hill,473
Anderson,U.S. House,3,Republican,Zach Wamp,21444
Anderson,U.S. Senate,NA,,Write-In - Casey Gouge,0
Anderson,U.S. Senate,NA,Democratic,Robert D. Tuke,7675
Anderson,U.S. Senate,NA,Independent,Chris Lugo,90
Anderson,U.S. Senate,NA,Independent,Christopher G. Fenner,117
Anderson,U.S. Senate,NA,Independent,Daniel Towers Lewis,118
Anderson,U.S. Senate,NA,Independent,David Gatchell,84
Anderson,U.S. Senate,NA,Independent,Ed Lawhorn,151
Anderson,U.S. Senate,NA,Independent,Edward L. Buck,323
Anderson,U.S. Senate,NA,Republican,Lamar Alexander,21365
Bedford,President,NA,Democratic,Barack Obama,5027
Bedford,President,NA,Independent,Bob Barr,51
Bedford,President,NA,Independent,Brian Moore,11
Bedford,President,NA,Independent,Charles Jay,4
Bedford,President,NA,Independent,Chuck Baldwin,76
Bedford,President,NA,Independent,Cynthia McKinney,17
Bedford,President,NA,Independent,Ralph Nader,104
Bedford,President,NA,Republican,John McCain,10217
Bedford,State House,62,Democratic,Curt Cobb,8369
Bedford,State House,62,Republican,Barbara Blanton,6522
Bedford,State Senate,16,Democratic,Jean Anne Rogers,3550
Bedford,State Senate,16,Republican,Jim Tracy,10209
Bedford,U.S. House,6,Democratic,Bart Gordon,9590
Bedford,U.S. House,6,Independent,Chris Baker,2768
Bedford,U.S. Senate,NA,,Write-In - Casey Gouge,0
Bedford,U.S. Senate,NA,Democratic,Robert D. Tuke,3548
Bedford,U.S. Senate,NA,Independent,Chris Lugo,48
Bedford,U.S. Senate,NA,Independent,Christopher G. Fenner,72
Bedford,U.S. Senate,NA,Independent,Daniel Towers Lewis,54
Bedford,U.S. Senate,NA,Independent,David Gatchell,47
Bedford,U.S. Senate,NA,Independent,Ed Lawhorn,56
Bedford,U.S. Senate,NA,Independent,Edward L. Buck,266
Bedford,U.S. Senate,NA,Republican,Lamar Alexander,9717
Benton,President,NA,Democratic,Barack Obama,2645
Benton,President,NA,Independent,Bob Barr,21
Benton,President,NA,Independent,Brian Moore,5
Benton,President,NA,Independent,Charles Jay,2
Benton,President,NA,Independent,Chuck Baldwin,38
Benton,President,NA,Independent,Cynthia McKinney,16
Benton,President,NA,Independent,Ralph Nader,56
Benton,President,NA,Republican,John McCain,3696
Benton,State House,75,,Write-In - James Hart,14
Benton,State House,75,Democratic,Willie Butch Borchert,3815
Benton,State House,75,Republican,Timothy Wirgau,2580
Benton,State Senate,24,Democratic,Roy B. Herron,4789
Benton,U.S. House,8,,Write-In - James Hart,9
Benton,U.S. House,8,Democratic,John Tanner,5062
Benton,U.S. Senate,NA,,Write-In - Casey Gouge,0
Benton,U.S. Senate,NA,Democratic,Robert D. Tuke,2217
Benton,U.S. Senate,NA,Independent,Chris Lugo,14
Benton,U.S. Senate,NA,Independent,Christopher G. Fenner,31
Benton,U.S. Senate,NA,Independent,Daniel Towers Lewis,28
Benton,U.S. Senate,NA,Independent,David Gatchell,32
Benton,U.S. Senate,NA,Independent,Ed Lawhorn,18
Benton,U.S. Senate,NA,Independent,Edward L. Buck,99
Benton,U.S. Senate,NA,Republican,Lamar Alexander,3614
Bledsoe,President,NA,Democratic,Barack Obama,1517
Bledsoe,President,NA,Independent,Bob Barr,17
Bledsoe,President,NA,Independent,Brian Moore,9
Bledsoe,President,NA,Independent,Charles Jay,6
Bledsoe,President,NA,Independent,Chuck Baldwin,27
Bledsoe,President,NA,Independent,Cynthia McKinney,10
Bledsoe,President,NA,Independent,Ralph Nader,32
Bledsoe,President,NA,Republican,John McCain,3166
Bledsoe,State House,25,Republican,Eric H. Swafford,3545
Bledsoe,State Senate,14,Democratic,Eric Stewart,2219
Bledsoe,State Senate,14,Republican,Mike Niederhauser,2268
Bledsoe,U.S. House,4,Democratic,Lincoln Davis,2427
Bledsoe,U.S. House,4,Independent,James Anthony Gray,84
Bledsoe,U.S. House,4,Independent,Kevin Ragsdale,54
Bledsoe,U.S. House,4,Republican,Monty J. Lankford,1952
Bledsoe,U.S. Senate,NA,,Write-In - Casey Gouge,0
Bledsoe,U.S. Senate,NA,Democratic,Robert D. Tuke,1252
Bledsoe,U.S. Senate,NA,Independent,Chris Lugo,12
Bledsoe,U.S. Senate,NA,Independent,Christopher G. Fenner,11
Bledsoe,U.S. Senate,NA,Independent,Daniel Towers Lewis,16
Bledsoe,U.S. Senate,NA,Independent,David Gatchell,11
Bledsoe,U.S. Senate,NA,Independent,Ed Lawhorn,35
Bledsoe,U.S. Senate,NA,Independent,Edward L. Buck,66
Bledsoe,U.S. Senate,NA,Republican,Lamar Alexander,3105
Blount,President,NA,Democratic,Barack Obama,15253
Blount,President,NA,Independent,Bob Barr,239
Blount,President,NA,Independent,Brian Moore,13
Blount,President,NA,Independent,Charles Jay,23
Blount,President,NA,Independent,Chuck Baldwin,245
Blount,President,NA,Independent,Cynthia McKinney,41
Blount,President,NA,Independent,Ralph Nader,260
Blount,President,NA,Republican,John McCain,35571
Blount,State House,20,Republican,Bob Ramsey,22864
Blount,State House,8,Republican,Joe McCord,17416
Blount,State Senate,8,Independent,Ira (Doc) Lapides,8637
Blount,State Senate,8,Republican,Doug Overbey,37691
Blount,U.S. House,2,,Write-In - Bob Chapman,0
Blount,U.S. House,2,,Write-In - Christopher Gouge,0
Blount,U.S. House,2,Democratic,Bob Scott,8973
Blount,U.S. House,2,Republican,"John J. Duncan, Jr.",40364
Blount,U.S. Senate,NA,,Write-In - Casey Gouge,0
Blount,U.S. Senate,NA,Democratic,Robert D. Tuke,8664
Blount,U.S. Senate,NA,Independent,Chris Lugo,131
Blount,U.S. Senate,NA,Independent,Christopher G. Fenner,238
Blount,U.S. Senate,NA,Independent,Daniel Towers Lewis,169
Blount,U.S. Senate,NA,Independent,David Gatchell,124
Blount,U.S. Senate,NA,Independent,Ed Lawhorn,236
Blount,U.S. Senate,NA,Independent,Edward L. Buck,695
Blount,U.S. Senate,NA,Republican,Lamar Alexander,38961
Bradley,President,NA,Democratic,Barack Obama,9357
Bradley,President,NA,Independent,Bob Barr,127
Bradley,President,NA,Independent,Brian Moore,24
Bradley,President,NA,Independent,Charles Jay,14
Bradley,President,NA,Independent,Chuck Baldwin,134
Bradley,President,NA,Independent,Cynthia McKinney,45
Bradley,President,NA,Independent,Ralph Nader,157
Bradley,President,NA,Republican,John McCain,28333
Bradley,State House,22,Republican,Eric Watson,10903
Bradley,State House,24,Independent,Greg Cain,3689
Bradley,State House,24,Republican,Kevin D Brooks,16023
Bradley,U.S. House,3,,Write-In - June Griffin,0
Bradley,U.S. House,3,Democratic,Doug Vandagriff,6252
Bradley,U.S. House,3,Independent,Ed Choate,619
Bradley,U.S. House,3,Independent,Jean Howard-Hill,475
Bradley,U.S. House,3,Republican,Zach Wamp,28130
Bradley,U.S. Senate,NA,,Write-In - Casey Gouge,0
Bradley,U.S. Senate,NA,Democratic,Robert D. Tuke,6485
Bradley,U.S. Senate,NA,Independent,Chris Lugo,105
Bradley,U.S. Senate,NA,Independent,Christopher G. Fenner,152
Bradley,U.S. Senate,NA,Independent,Daniel Towers Lewis,110
Bradley,U.S. Senate,NA,Independent,David Gatchell,85
Bradley,U.S. Senate,NA,Independent,Ed Lawhorn,195
Bradley,U.S. Senate,NA,Independent,Edward L. Buck,339
Bradley,U.S. Senate,NA,Republican,Lamar Alexander,28820
Campbell,President,NA,Democratic,Barack Obama,3867
Campbell,President,NA,Independent,Bob Barr,34
Campbell,President,NA,Independent,Brian Moore,9
Campbell,President,NA,Independent,Charles Jay,5
Campbell,President,NA,Independent,Chuck Baldwin,61
Campbell,President,NA,Independent,Cynthia McKinney,18
Campbell,President,NA,Independent,Ralph Nader,99
Campbell,President,NA,Republican,John McCain,8535
Campbell,State House,36,Democratic,Roger Byrge,5784
Campbell,State House,36,Independent,Virgil Kidwell,746
Campbell,State House,36,Republican,Chad Faulkner,5353
Campbell,State Senate,12,Democratic,Becky Ruppe,5091
Campbell,State Senate,12,Independent,Christopher G. Fenner,650
Campbell,State Senate,12,Republican,Ken Yager,5680
Campbell,U.S. House,4,Democratic,Lincoln Davis,6806
Campbell,U.S. House,4,Independent,James Anthony Gray,228
Campbell,U.S. House,4,Independent,Kevin Ragsdale,244
Campbell,U.S. House,4,Republican,Monty J. Lankford,4118
Campbell,U.S. Senate,NA,,Write-In - Casey Gouge,0
Campbell,U.S. Senate,NA,Democratic,Robert D. Tuke,2790
Campbell,U.S. Senate,NA,Independent,Chris Lugo,40
Campbell,U.S. Senate,NA,Independent,Christopher G. Fenner,93
Campbell,U.S. Senate,NA,Independent,Daniel Towers Lewis,46
Campbell,U.S. Senate,NA,Independent,David Gatchell,43
Campbell,U.S. Senate,NA,Independent,Ed Lawhorn,45
Campbell,U.S. Senate,NA,Independent,Edward L. Buck,163
Campbell,U.S. Senate,NA,Republican,Lamar Alexander,8264
Cannon,President,NA,Democratic,Barack Obama,2011
Cannon,President,NA,Independent,Bob Barr,27
Cannon,President,NA,Independent,Brian Moore,5
Cannon,President,NA,Independent,Charles Jay,2
Cannon,President,NA,Independent,Chuck Baldwin,29
Cannon,President,NA,Independent,Cynthia McKinney,11
Cannon,President,NA,Independent,Ralph Nader,50
Cannon,President,NA,Republican,John McCain,3322
Cannon,State House,46,Democratic,Stratton Bone,2938
Cannon,State House,46,Republican,Albert McCall,2028
Cannon,U.S. House,6,Democratic,Bart Gordon,3786
Cannon,U.S. House,6,Independent,Chris Baker,1074
Cannon,U.S. Senate,NA,,Write-In - Casey Gouge,0
Cannon,U.S. Senate,NA,Democratic,Robert D. Tuke,1433
Cannon,U.S. Senate,NA,Independent,Chris Lugo,23
Cannon,U.S. Senate,NA,Independent,Christopher G. Fenner,16
Cannon,U.S. Senate,NA,Independent,Daniel Towers Lewis,35
Cannon,U.S. Senate,NA,Independent,David Gatchell,26
Cannon,U.S. Senate,NA,Independent,Ed Lawhorn,23
Cannon,U.S. Senate,NA,Independent,Edward L. Buck,172
Cannon,U.S. Senate,NA,Republican,Lamar Alexander,3125
Carroll,President,NA,Democratic,Barack Obama,3980
Carroll,President,NA,Independent,Bob Barr,37
Carroll,President,NA,Independent,Brian Moore,7
Carroll,President,NA,Independent,Charles Jay,7
Carroll,President,NA,Independent,Chuck Baldwin,55
Carroll,President,NA,Independent,Cynthia McKinney,19
Carroll,President,NA,Independent,Ralph Nader,86
Carroll,President,NA,Republican,John McCain,7455
Carroll,State House,76,Democratic,Mark L. Maddox,6286
Carroll,State House,79,Democratic,Jim Ryal,1332
Carroll,State House,79,Republican,Curtis Halford,1830
Carroll,U.S. House,8,,Write-In - James Hart,0
Carroll,U.S. House,8,Democratic,John Tanner,8856
Carroll,U.S. Senate,NA,,Write-In - Casey Gouge,0
Carroll,U.S. Senate,NA,Democratic,Robert D. Tuke,3075
Carroll,U.S. Senate,NA,Independent,Chris Lugo,31
Carroll,U.S. Senate,NA,Independent,Christopher G. Fenner,73
Carroll,U.S. Senate,NA,Independent,Daniel Towers Lewis,51
Carroll,U.S. Senate,NA,Independent,David Gatchell,45
Carroll,U.S. Senate,NA,Independent,Ed Lawhorn,27
Carroll,U.S. Senate,NA,Independent,Edward L. Buck,139
Carroll,U.S. Senate,NA,Republican,Lamar Alexander,7254
Carter,President,NA,Democratic,Barack Obama,5587
Carter,President,NA,Independent,Bob Barr,80
Carter,President,NA,Independent,Brian Moore,21
Carter,President,NA,Independent,Charles Jay,10
Carter,President,NA,Independent,Chuck Baldwin,77
Carter,President,NA,Independent,Cynthia McKinney,31
Carter,President,NA,Independent,Ralph Nader,111
Carter,President,NA,Republican,John McCain,15852
Carter,State House,4,Independent,Priscilla G. Steele,3087
Carter,State House,4,Republican,Kent Williams,14816
Carter,U.S. House,1,Democratic,Rob Russell,3692
Carter,U.S. House,1,Independent,James W. Reeves,201
Carter,U.S. House,1,Independent,Joel Goodman,375
Carter,U.S. House,1,Independent,Thomas (T.K.) Owens,127
Carter,U.S. House,1,Republican,Phil Roe,14303
Carter,U.S. Senate,NA,,Write-In - Casey Gouge,0
Carter,U.S. Senate,NA,Democratic,Robert D. Tuke,3448
Carter,U.S. Senate,NA,Independent,Chris Lugo,52
Carter,U.S. Senate,NA,Independent,Christopher G. Fenner,95
Carter,U.S. Senate,NA,Independent,Daniel Towers Lewis,102
Carter,U.S. Senate,NA,Independent,David Gatchell,61
Carter,U.S. Senate,NA,Independent,Ed Lawhorn,49
Carter,U.S. Senate,NA,Independent,Edward L. Buck,294
Carter,U.S. Senate,NA,Republican,Lamar Alexander,16148
Cheatham,President,NA,Democratic,Barack Obama,5498
Cheatham,President,NA,Independent,Bob Barr,48
Cheatham,President,NA,Independent,Brian Moore,5
Cheatham,President,NA,Independent,Charles Jay,4
Cheatham,President,NA,Independent,Chuck Baldwin,59
Cheatham,President,NA,Independent,Cynthia McKinney,11
Cheatham,President,NA,Independent,Ralph Nader,101
Cheatham,President,NA,Republican,John McCain,10702
Cheatham,State House,78,Democratic,David W. Davidson,5646
Cheatham,State House,78,Republican,Phillip Johnson,9895
Cheatham,State Senate,22,,Write-In - Rosalind Kurita,6552
Cheatham,State Senate,22,Democratic,Tim Barnes,7113
Cheatham,U.S. House,5,,Write-In - Kelly A. Truman,0
Cheatham,U.S. House,5,,Write-In - Thomas F. Kovach,4
Cheatham,U.S. House,5,,Write-In - Wilson Hubbell,0
Cheatham,U.S. House,5,Democratic,Jim Cooper,5626
Cheatham,U.S. House,5,Independent,John P. Miglietta,66
Cheatham,U.S. House,5,Independent,Jon Jackson,208
Cheatham,U.S. House,5,Republican,Gerard Donovan,4493
Cheatham,U.S. House,7,Democratic,Randy G. Morris,1573
Cheatham,U.S. House,7,Republican,Marsha Blackburn,3303
Cheatham,U.S. Senate,NA,,Write-In - Casey Gouge,0
Cheatham,U.S. Senate,NA,Democratic,Robert D. Tuke,4160
Cheatham,U.S. Senate,NA,Independent,Chris Lugo,63
Cheatham,U.S. Senate,NA,Independent,Christopher G. Fenner,67
Cheatham,U.S. Senate,NA,Independent,Daniel Towers Lewis,52
Cheatham,U.S. Senate,NA,Independent,David Gatchell,46
Cheatham,U.S. Senate,NA,Independent,Ed Lawhorn,46
Cheatham,U.S. Senate,NA,Independent,Edward L. Buck,270
Cheatham,U.S. Senate,NA,Republican,Lamar Alexander,10665
Chester,President,NA,Democratic,Barack Obama,1797
Chester,President,NA,Independent,Bob Barr,22
Chester,President,NA,Independent,Brian Moore,1
Chester,President,NA,Independent,Charles Jay,6
Chester,President,NA,Independent,Chuck Baldwin,16
Chester,President,NA,Independent,Cynthia McKinney,7
Chester,President,NA,Independent,Ralph Nader,23
Chester,President,NA,Republican,John McCain,4587
Chester,State House,72,Republican,Steve K. McDaniel,5139
Chester,State Senate,26,Democratic,Randy Camp,2385
Chester,State Senate,26,Republican,Dolores Gresham,3649
Chester,U.S. House,7,Democratic,Randy G. Morris,1701
Chester,U.S. House,7,Republican,Marsha Blackburn,4192
Chester,U.S. Senate,NA,,Write-In - Casey Gouge,0
Chester,U.S. Senate,NA,Democratic,Robert D. Tuke,1344
Chester,U.S. Senate,NA,Independent,Chris Lugo,23
Chester,U.S. Senate,NA,Independent,Christopher G. Fenner,33
Chester,U.S. Senate,NA,Independent,Daniel Towers Lewis,21
Chester,U.S. Senate,NA,Independent,David Gatchell,25
Chester,U.S. Senate,NA,Independent,Ed Lawhorn,20
Chester,U.S. Senate,NA,Independent,Edward L. Buck,82
Chester,U.S. Senate,NA,Republican,Lamar Alexander,4403
Claiborne,President,NA,Democratic,Barack Obama,3078
Claiborne,President,NA,Independent,Bob Barr,34
Claiborne,President,NA,Independent,Brian Moore,8
Claiborne,President,NA,Independent,Charles Jay,5
Claiborne,President,NA,Independent,Chuck Baldwin,40
Claiborne,President,NA,Independent,Cynthia McKinney,16
Claiborne,President,NA,Independent,Ralph Nader,64
Claiborne,President,NA,Republican,John McCain,7175
Claiborne,State House,35,Independent,Edward (Ed) Baldwin,3082
Claiborne,State House,35,Republican,"Dennis ""Coach"" Roach",6050
Claiborne,State Senate,4,Independent,Micheal Williams,5367
Claiborne,State Senate,4,Republican,Mike Faulk,4394
Claiborne,U.S. House,3,,Write-In - June Griffin,0
Claiborne,U.S. House,3,Democratic,Doug Vandagriff,2421
Claiborne,U.S. House,3,Independent,Ed Choate,160
Claiborne,U.S. House,3,Independent,Jean Howard-Hill,213
Claiborne,U.S. House,3,Republican,Zach Wamp,6611
Claiborne,U.S. Senate,NA,,Write-In - Casey Gouge,0
Claiborne,U.S. Senate,NA,Democratic,Robert D. Tuke,2246
Claiborne,U.S. Senate,NA,Independent,Chris Lugo,26
Claiborne,U.S. Senate,NA,Independent,Christopher G. Fenner,50
Claiborne,U.S. Senate,NA,Independent,Daniel Towers Lewis,48
Claiborne,U.S. Senate,NA,Independent,David Gatchell,32
Claiborne,U.S. Senate,NA,Independent,Ed Lawhorn,32
Claiborne,U.S. Senate,NA,Independent,Edward L. Buck,142
Claiborne,U.S. Senate,NA,Republican,Lamar Alexander,7095
Clay,President,NA,Democratic,Barack Obama,1248
Clay,President,NA,Independent,Bob Barr,14
Clay,President,NA,Independent,Brian Moore,2
Clay,President,NA,Independent,Charles Jay,0
Clay,President,NA,Independent,Chuck Baldwin,23
Clay,President,NA,Independent,Cynthia McKinney,10
Clay,President,NA,Independent,Ralph Nader,21
Clay,President,NA,Republican,John McCain,1676
Clay,State House,38,Democratic,Leslie Winningham,1880
Clay,U.S. House,6,Democratic,Bart Gordon,1972
Clay,U.S. House,6,Independent,Chris Baker,463
Clay,U.S. Senate,NA,,Write-In - Casey Gouge,0
Clay,U.S. Senate,NA,Democratic,Robert D. Tuke,852
Clay,U.S. Senate,NA,Independent,Chris Lugo,11
Clay,U.S. Senate,NA,Independent,Christopher G. Fenner,12
Clay,U.S. Senate,NA,Independent,Daniel Towers Lewis,9
Clay,U.S. Senate,NA,Independent,David Gatchell,9
Clay,U.S. Senate,NA,Independent,Ed Lawhorn,13
Clay,U.S. Senate,NA,Independent,Edward L. Buck,47
Clay,U.S. Senate,NA,Republican,Lamar Alexander,1623
Cocke,President,NA,Democratic,Barack Obama,3340
Cocke,President,NA,Independent,Bob Barr,30
Cocke,President,NA,Independent,Brian Moore,15
Cocke,President,NA,Independent,Charles Jay,9
Cocke,President,NA,Independent,Chuck Baldwin,47
Cocke,President,NA,Independent,Cynthia McKinney,19
Cocke,President,NA,Independent,Ralph Nader,76
Cocke,President,NA,Republican,John McCain,8945
Cocke,State House,11,Democratic,Eddie Yokley,6695
Cocke,State House,11,Republican,Dan Ford,5654
Cocke,U.S. House,1,Democratic,Rob Russell,2236
Cocke,U.S. House,1,Independent,James W. Reeves,108
Cocke,U.S. House,1,Independent,Joel Goodman,208
Cocke,U.S. House,1,Independent,Thomas (T.K.) Owens,142
Cocke,U.S. House,1,Republican,Phil Roe,6857
Cocke,U.S. Senate,NA,,Write-In - Casey Gouge,0
Cocke,U.S. Senate,NA,Democratic,Robert D. Tuke,2231
Cocke,U.S. Senate,NA,Independent,Chris Lugo,30
Cocke,U.S. Senate,NA,Independent,Christopher G. Fenner,50
Cocke,U.S. Senate,NA,Independent,Daniel Towers Lewis,36
Cocke,U.S. Senate,NA,Independent,David Gatchell,38
Cocke,U.S. Senate,NA,Independent,Ed Lawhorn,33
Cocke,U.S. Senate,NA,Independent,Edward L. Buck,138
Cocke,U.S. Senate,NA,Republican,Lamar Alexander,8742
Coffee,President,NA,Democratic,Barack Obama,7132
Coffee,President,NA,Independent,Bob Barr,94
Coffee,President,NA,Independent,Brian Moore,21
Coffee,President,NA,Independent,Charles Jay,10
Coffee,President,NA,Independent,Chuck Baldwin,114
Coffee,President,NA,Independent,Cynthia McKinney,30
Coffee,President,NA,Independent,Ralph Nader,139
Coffee,President,NA,Republican,John McCain,13250
Coffee,State House,47,Democratic,John Greeter,8146
Coffee,State House,47,Republican,Judd Matheny,11138
Coffee,State Senate,14,Democratic,Eric Stewart,8378
Coffee,State Senate,14,Republican,Mike Niederhauser,10808
Coffee,U.S. House,4,Democratic,Lincoln Davis,11033
Coffee,U.S. House,4,Independent,James Anthony Gray,439
Coffee,U.S. House,4,Independent,Kevin Ragsdale,361
Coffee,U.S. House,4,Republican,Monty J. Lankford,7799
Coffee,U.S. Senate,NA,,Write-In - Casey Gouge,0
Coffee,U.S. Senate,NA,Democratic,Robert D. Tuke,5985
Coffee,U.S. Senate,NA,Independent,Chris Lugo,68
Coffee,U.S. Senate,NA,Independent,Christopher G. Fenner,109
Coffee,U.S. Senate,NA,Independent,Daniel Towers Lewis,107
Coffee,U.S. Senate,NA,Independent,David Gatchell,82
Coffee,U.S. Senate,NA,Independent,Ed Lawhorn,94
Coffee,U.S. Senate,NA,Independent,Edward L. Buck,390
Coffee,U.S. Senate,NA,Republican,Lamar Alexander,13173
Crockett,President,NA,Democratic,Barack Obama,1967
Crockett,President,NA,Independent,Bob Barr,19
Crockett,President,NA,Independent,Brian Moore,3
Crockett,President,NA,Independent,Charles Jay,1
Crockett,President,NA,Independent,Chuck Baldwin,14
Crockett,President,NA,Independent,Cynthia McKinney,10
Crockett,President,NA,Independent,Ralph Nader,29
Crockett,President,NA,Republican,John McCain,3994
Crockett,State House,82,Democratic,Craig Fitzhugh,3432
Crockett,State Senate,26,Democratic,Randy Camp,3370
Crockett,State Senate,26,Republican,Dolores Gresham,2032
Crockett,U.S. House,8,,Write-In - James Hart,0
Crockett,U.S. House,8,Democratic,John Tanner,4055
Crockett,U.S. Senate,NA,,Write-In - Casey Gouge,0
Crockett,U.S. Senate,NA,Democratic,Robert D. Tuke,1274
Crockett,U.S. Senate,NA,Independent,Chris Lugo,18
Crockett,U.S. Senate,NA,Independent,Christopher G. Fenner,25
Crockett,U.S. Senate,NA,Independent,Daniel Towers Lewis,24
Crockett,U.S. Senate,NA,Independent,David Gatchell,23
Crockett,U.S. Senate,NA,Independent,Ed Lawhorn,14
Crockett,U.S. Senate,NA,Independent,Edward L. Buck,45
Crockett,U.S. Senate,NA,Republican,Lamar Alexander,3766
Cumberland,President,NA,Democratic,Barack Obama,7889
Cumberland,President,NA,Independent,Bob Barr,96
Cumberland,President,NA,Independent,Brian Moore,11
Cumberland,President,NA,Independent,Charles Jay,6
Cumberland,President,NA,Independent,Chuck Baldwin,97
Cumberland,President,NA,Independent,Cynthia McKinney,26
Cumberland,President,NA,Independent,Ralph Nader,151
Cumberland,President,NA,Republican,John McCain,17436
Cumberland,State House,25,Republican,Eric H. Swafford,17680
Cumberland,U.S. House,4,Democratic,Lincoln Davis,12028
Cumberland,U.S. House,4,Independent,James Anthony Gray,494
Cumberland,U.S. House,4,Independent,Kevin Ragsdale,405
Cumberland,U.S. House,4,Republican,Monty J. Lankford,10364
Cumberland,U.S. Senate,NA,,Write-In - Casey Gouge,0
Cumberland,U.S. Senate,NA,Democratic,Robert D. Tuke,5730
Cumberland,U.S. Senate,NA,Independent,Chris Lugo,71
Cumberland,U.S. Senate,NA,Independent,Christopher G. Fenner,130
Cumberland,U.S. Senate,NA,Independent,Daniel Towers Lewis,101
Cumberland,U.S. Senate,NA,Independent,David Gatchell,93
Cumberland,U.S. Senate,NA,Independent,Ed Lawhorn,116
Cumberland,U.S. Senate,NA,Independent,Edward L. Buck,387
Cumberland,U.S. Senate,NA,Republican,Lamar Alexander,17094
Davidson,President,NA,Democratic,Barack Obama,158423
Davidson,President,NA,Independent,Bob Barr,850
Davidson,President,NA,Independent,Brian Moore,155
Davidson,President,NA,Independent,Charles Jay,81
Davidson,President,NA,Independent,Chuck Baldwin,619
Davidson,President,NA,Independent,Cynthia McKinney,279
Davidson,President,NA,Independent,Ralph Nader,1164
Davidson,President,NA,Republican,John McCain,102915
Davidson,State House,50,Democratic,Gary W. Moore,18345
Davidson,State House,51,Democratic,Michael L. Turner,17805
Davidson,State House,52,Democratic,Mike Stewart,13802
Davidson,State House,52,Independent,Dan Scott,4048
Davidson,State House,53,Democratic,Janis Baird Sontany,14513
Davidson,State House,54,Democratic,Brenda Gilmore,20642
Davidson,State House,55,Democratic,Gary Odom,15806
Davidson,State House,55,Republican,Timothy Lee,8264
Davidson,State House,56,Republican,Beth Harwell,31318
Davidson,State House,58,Democratic,Mary Pruitt,14742
Davidson,State House,58,Independent,Lisa Leeds,2695
Davidson,State House,59,Democratic,Sherry Jones,14528
Davidson,State House,60,Democratic,"Ben West, Jr.",18690
Davidson,State House,60,Republican,Ron Hickman,9693
Davidson,State Senate,20,Democratic,Joe M. Haynes,45215
Davidson,State Senate,20,Republican,David Hall,31418
Davidson,U.S. House,5,,Write-In - Kelly A. Truman,0
Davidson,U.S. House,5,,Write-In - Thomas F. Kovach,0
Davidson,U.S. House,5,,Write-In - Wilson Hubbell,0
Davidson,U.S. House,5,Democratic,Jim Cooper,158370
Davidson,U.S. House,5,Independent,John P. Miglietta,2836
Davidson,U.S. House,5,Independent,Jon Jackson,4505
Davidson,U.S. House,5,Republican,Gerard Donovan,61112
Davidson,U.S. House,7,Democratic,Randy G. Morris,6024
Davidson,U.S. House,7,Republican,Marsha Blackburn,11456
Davidson,U.S. Senate,NA,,Write-In - Casey Gouge,0
Davidson,U.S. Senate,NA,Democratic,Robert D. Tuke,115354
Davidson,U.S. Senate,NA,Independent,Chris Lugo,1833
Davidson,U.S. Senate,NA,Independent,Christopher G. Fenner,922
Davidson,U.S. Senate,NA,Independent,Daniel Towers Lewis,1117
Davidson,U.S. Senate,NA,Independent,David Gatchell,774
Davidson,U.S. Senate,NA,Independent,Ed Lawhorn,731
Davidson,U.S. Senate,NA,Independent,Edward L. Buck,3322
Davidson,U.S. Senate,NA,Republican,Lamar Alexander,119996
DeKalb,President,NA,Democratic,Barack Obama,2832
DeKalb,President,NA,Independent,Bob Barr,33
DeKalb,President,NA,Independent,Brian Moore,5
DeKalb,President,NA,Independent,Charles Jay,4
DeKalb,President,NA,Independent,Chuck Baldwin,34
DeKalb,President,NA,Independent,Cynthia McKinney,15
DeKalb,President,NA,Independent,Ralph Nader,57
DeKalb,President,NA,Republican,John McCain,4085
DeKalb,State House,40,Democratic,Cleveland Derrick Bain,3188
DeKalb,State House,40,Independent,Ray Amalfitano,159
DeKalb,State House,40,Republican,Terri Lynn Weaver,3223
DeKalb,U.S. House,6,Democratic,Bart Gordon,4852
DeKalb,U.S. House,6,Independent,Chris Baker,1108
DeKalb,U.S. Senate,NA,,Write-In - Casey Gouge,0
DeKalb,U.S. Senate,NA,Democratic,Robert D. Tuke,1861
DeKalb,U.S. Senate,NA,Independent,Chris Lugo,26
DeKalb,U.S. Senate,NA,Independent,Christopher G. Fenner,30
DeKalb,U.S. Senate,NA,Independent,Daniel Towers Lewis,21
DeKalb,U.S. Senate,NA,Independent,David Gatchell,19
DeKalb,U.S. Senate,NA,Independent,Ed Lawhorn,21
DeKalb,U.S. Senate,NA,Independent,Edward L. Buck,171
DeKalb,U.S. Senate,NA,Republican,Lamar Alexander,3914
Decatur,President,NA,Democratic,Barack Obama,1566
Decatur,President,NA,Independent,Bob Barr,19
Decatur,President,NA,Independent,Brian Moore,5
Decatur,President,NA,Independent,Charles Jay,3
Decatur,President,NA,Independent,Chuck Baldwin,24
Decatur,President,NA,Independent,Cynthia McKinney,7
Decatur,President,NA,Independent,Ralph Nader,38
Decatur,President,NA,Republican,John McCain,3101
Decatur,State House,71,Democratic,Stan Wheeler,1106
Decatur,State House,71,Independent,Stephen R. Childers,102
Decatur,State House,71,Republican,Vance Dennis,1077
Decatur,State House,72,Republican,Steve K. McDaniel,1836
Decatur,State Senate,24,Democratic,Roy B. Herron,2707
Decatur,U.S. House,7,Democratic,Randy G. Morris,1551
Decatur,U.S. House,7,Republican,Marsha Blackburn,2451
Decatur,U.S. Senate,NA,,Write-In - Casey Gouge,0
Decatur,U.S. Senate,NA,Democratic,Robert D. Tuke,1488
Decatur,U.S. Senate,NA,Independent,Chris Lugo,16
Decatur,U.S. Senate,NA,Independent,Christopher G. Fenner,17
Decatur,U.S. Senate,NA,Independent,Daniel Towers Lewis,16
Decatur,U.S. Senate,NA,Independent,David Gatchell,14
Decatur,U.S. Senate,NA,Independent,Ed Lawhorn,10
Decatur,U.S. Senate,NA,Independent,Edward L. Buck,65
Decatur,U.S. Senate,NA,Republican,Lamar Alexander,2958
Dickson,President,NA,Democratic,Barack Obama,7506
Dickson,President,NA,Independent,Bob Barr,65
Dickson,President,NA,Independent,Brian Moore,19
Dickson,President,NA,Independent,Charles Jay,14
Dickson,President,NA,Independent,Chuck Baldwin,90
Dickson,President,NA,Independent,Cynthia McKinney,23
Dickson,President,NA,Independent,Ralph Nader,125
Dickson,President,NA,Republican,John McCain,11677
Dickson,State House,69,Democratic,David A. Shepard,12572
Dickson,State House,69,Independent,W. Ryan Akin,4064
Dickson,U.S. House,8,,Write-In - James Hart,0
Dickson,U.S. House,8,Democratic,John Tanner,12474
Dickson,U.S. Senate,NA,,Write-In - Casey Gouge,0
Dickson,U.S. Senate,NA,Democratic,Robert D. Tuke,6053
Dickson,U.S. Senate,NA,Independent,Chris Lugo,70
Dickson,U.S. Senate,NA,Independent,Christopher G. Fenner,102
Dickson,U.S. Senate,NA,Independent,Daniel Towers Lewis,95
Dickson,U.S. Senate,NA,Independent,David Gatchell,75
Dickson,U.S. Senate,NA,Independent,Ed Lawhorn,61
Dickson,U.S. Senate,NA,Independent,Edward L. Buck,396
Dickson,U.S. Senate,NA,Republican,Lamar Alexander,11264
Dyer,President,NA,Democratic,Barack Obama,4411
Dyer,President,NA,Independent,Bob Barr,36
Dyer,President,NA,Independent,Brian Moore,10
Dyer,President,NA,Independent,Charles Jay,2
Dyer,President,NA,Independent,Chuck Baldwin,45
Dyer,President,NA,Independent,Cynthia McKinney,15
Dyer,President,NA,Independent,Ralph Nader,72
Dyer,President,NA,Republican,John McCain,9859
Dyer,State House,77,Democratic,Judy Barker,2608
Dyer,State House,77,Republican,Bill Sanderson,4438
Dyer,State House,82,Democratic,Craig Fitzhugh,4191
Dyer,State Senate,32,Republican,Mark Norris,8100
Dyer,U.S. House,8,,Write-In - James Hart,0
Dyer,U.S. House,8,Democratic,John Tanner,9863
Dyer,U.S. Senate,NA,,Write-In - Casey Gouge,0
Dyer,U.S. Senate,NA,Democratic,Robert D. Tuke,2995
Dyer,U.S. Senate,NA,Independent,Chris Lugo,42
Dyer,U.S. Senate,NA,Independent,Christopher G. Fenner,84
Dyer,U.S. Senate,NA,Independent,Daniel Towers Lewis,72
Dyer,U.S. Senate,NA,Independent,David Gatchell,56
Dyer,U.S. Senate,NA,Independent,Ed Lawhorn,53
Dyer,U.S. Senate,NA,Independent,Edward L. Buck,164
Dyer,U.S. Senate,NA,Republican,Lamar Alexander,9533
Fayette,President,NA,Democratic,Barack Obama,6892
Fayette,President,NA,Independent,Bob Barr,65
Fayette,President,NA,Independent,Brian Moore,10
Fayette,President,NA,Independent,Charles Jay,11
Fayette,President,NA,Independent,Chuck Baldwin,38
Fayette,President,NA,Independent,Cynthia McKinney,27
Fayette,President,NA,Independent,Ralph Nader,38
Fayette,President,NA,Republican,John McCain,12173
Fayette,State House,94,Democratic,John F. Dowdy,8010
Fayette,State House,94,Republican,Barrett Rich,10306
Fayette,State Senate,26,Democratic,Randy Camp,6191
Fayette,State Senate,26,Republican,Dolores Gresham,10529
Fayette,U.S. House,7,Democratic,Randy G. Morris,5499
Fayette,U.S. House,7,Republican,Marsha Blackburn,10873
Fayette,U.S. Senate,NA,,Write-In - Casey Gouge,0
Fayette,U.S. Senate,NA,Democratic,Robert D. Tuke,4925
Fayette,U.S. Senate,NA,Independent,Chris Lugo,51
Fayette,U.S. Senate,NA,Independent,Christopher G. Fenner,57
Fayette,U.S. Senate,NA,Independent,Daniel Towers Lewis,66
Fayette,U.S. Senate,NA,Independent,David Gatchell,60
Fayette,U.S. Senate,NA,Independent,Ed Lawhorn,35
Fayette,U.S. Senate,NA,Independent,Edward L. Buck,136
Fayette,U.S. Senate,NA,Republican,Lamar Alexander,12457
Fentress,President,NA,Democratic,Barack Obama,1831
Fentress,President,NA,Independent,Bob Barr,23
Fentress,President,NA,Independent,Brian Moore,7
Fentress,President,NA,Independent,Charles Jay,6
Fentress,President,NA,Independent,Chuck Baldwin,27
Fentress,President,NA,Independent,Cynthia McKinney,14
Fentress,President,NA,Independent,Ralph Nader,42
Fentress,President,NA,Republican,John McCain,4789
Fentress,State House,41,Democratic,John Mark Windle,5117
Fentress,State Senate,12,Democratic,Becky Ruppe,2536
Fentress,State Senate,12,Independent,Christopher G. Fenner,296
Fentress,State Senate,12,Republican,Ken Yager,3204
Fentress,U.S. House,4,Democratic,Lincoln Davis,4050
Fentress,U.S. House,4,Independent,James Anthony Gray,108
Fentress,U.S. House,4,Independent,Kevin Ragsdale,79
Fentress,U.S. House,4,Republican,Monty J. Lankford,1862
Fentress,U.S. Senate,NA,,Write-In - Casey Gouge,0
Fentress,U.S. Senate,NA,Democratic,Robert D. Tuke,1167
Fentress,U.S. Senate,NA,Independent,Chris Lugo,15
Fentress,U.S. Senate,NA,Independent,Christopher G. Fenner,27
Fentress,U.S. Senate,NA,Independent,Daniel Towers Lewis,22
Fentress,U.S. Senate,NA,Independent,David Gatchell,14
Fentress,U.S. Senate,NA,Independent,Ed Lawhorn,24
Fentress,U.S. Senate,NA,Independent,Edward L. Buck,111
Fentress,U.S. Senate,NA,Republican,Lamar Alexander,4469
Franklin,President,NA,Democratic,Barack Obama,6613
Franklin,President,NA,Independent,Bob Barr,54
Franklin,President,NA,Independent,Brian Moore,11
Franklin,President,NA,Independent,Charles Jay,8
Franklin,President,NA,Independent,Chuck Baldwin,69
Franklin,President,NA,Independent,Cynthia McKinney,23
Franklin,President,NA,Independent,Ralph Nader,115
Franklin,President,NA,Republican,John McCain,10539
Franklin,State House,39,Democratic,George Fraley,10674
Franklin,State House,39,Republican,Steve Heath,6107
Franklin,State Senate,14,Democratic,Eric Stewart,10404
Franklin,State Senate,14,Republican,Mike Niederhauser,6262
Franklin,U.S. House,4,Democratic,Lincoln Davis,10622
Franklin,U.S. House,4,Independent,James Anthony Gray,271
Franklin,U.S. House,4,Independent,Kevin Ragsdale,176
Franklin,U.S. House,4,Republican,Monty J. Lankford,5156
Franklin,U.S. Senate,NA,,Write-In - Casey Gouge,0
Franklin,U.S. Senate,NA,Democratic,Robert D. Tuke,5064
Franklin,U.S. Senate,NA,Independent,Chris Lugo,43
Franklin,U.S. Senate,NA,Independent,Christopher G. Fenner,78
Franklin,U.S. Senate,NA,Independent,Daniel Towers Lewis,58
Franklin,U.S. Senate,NA,Independent,David Gatchell,50
Franklin,U.S. Senate,NA,Independent,Ed Lawhorn,103
Franklin,U.S. Senate,NA,Independent,Edward L. Buck,251
Franklin,U.S. Senate,NA,Republican,Lamar Alexander,10461
Gibson,President,NA,Democratic,Barack Obama,7406
Gibson,President,NA,Independent,Bob Barr,75
Gibson,President,NA,Independent,Brian Moore,17
Gibson,President,NA,Independent,Charles Jay,16
Gibson,President,NA,Independent,Chuck Baldwin,89
Gibson,President,NA,Independent,Cynthia McKinney,27
Gibson,President,NA,Independent,Ralph Nader,107
Gibson,President,NA,Republican,John McCain,13516
Gibson,State House,79,Democratic,Jim Ryal,9248
Gibson,State House,79,Republican,Curtis Halford,9476
Gibson,U.S. House,8,,Write-In - James Hart,1
Gibson,U.S. House,8,Democratic,John Tanner,14948
Gibson,U.S. Senate,NA,,Write-In - Casey Gouge,0
Gibson,U.S. Senate,NA,Democratic,Robert D. Tuke,5172
Gibson,U.S. Senate,NA,Independent,Chris Lugo,71
Gibson,U.S. Senate,NA,Independent,Christopher G. Fenner,157
Gibson,U.S. Senate,NA,Independent,Daniel Towers Lewis,101
Gibson,U.S. Senate,NA,Independent,David Gatchell,65
Gibson,U.S. Senate,NA,Independent,Ed Lawhorn,46
Gibson,U.S. Senate,NA,Independent,Edward L. Buck,194
Gibson,U.S. Senate,NA,Republican,Lamar Alexander,13208
Giles,President,NA,Democratic,Barack Obama,4614
Giles,President,NA,Independent,Bob Barr,38
Giles,President,NA,Independent,Brian Moore,5
Giles,President,NA,Independent,Charles Jay,8
Giles,President,NA,Independent,Chuck Baldwin,44
Giles,President,NA,Independent,Cynthia McKinney,14
Giles,President,NA,Independent,Ralph Nader,64
Giles,President,NA,Republican,John McCain,6902
Giles,State House,65,Democratic,Eddie Bass,8365
Giles,U.S. House,4,Democratic,Lincoln Davis,6102
Giles,U.S. House,4,Independent,James Anthony Gray,240
Giles,U.S. House,4,Independent,Kevin Ragsdale,144
Giles,U.S. House,4,Republican,Monty J. Lankford,3403
Giles,U.S. Senate,NA,,Write-In - Casey Gouge,0
Giles,U.S. Senate,NA,Democratic,Robert D. Tuke,3433
Giles,U.S. Senate,NA,Independent,Chris Lugo,44
Giles,U.S. Senate,NA,Independent,Christopher G. Fenner,54
Giles,U.S. Senate,NA,Independent,Daniel Towers Lewis,47
Giles,U.S. Senate,NA,Independent,David Gatchell,35
Giles,U.S. Senate,NA,Independent,Ed Lawhorn,74
Giles,U.S. Senate,NA,Independent,Edward L. Buck,204
Giles,U.S. Senate,NA,Republican,Lamar Alexander,6355
Grainger,President,NA,Democratic,Barack Obama,2066
Grainger,President,NA,Independent,Bob Barr,26
Grainger,President,NA,Independent,Brian Moore,6
Grainger,President,NA,Independent,Charles Jay,3
Grainger,President,NA,Independent,Chuck Baldwin,27
Grainger,President,NA,Independent,Cynthia McKinney,14
Grainger,President,NA,Independent,Ralph Nader,64
Grainger,President,NA,Republican,John McCain,5297
Grainger,State House,35,Independent,Edward (Ed) Baldwin,1668
Grainger,State House,35,Republican,"Dennis ""Coach"" Roach",5245
Grainger,State Senate,4,Independent,Micheal Williams,3772
Grainger,State Senate,4,Republican,Mike Faulk,3232
Grainger,U.S. House,3,,Write-In - June Griffin,0
Grainger,U.S. House,3,Democratic,Doug Vandagriff,1513
Grainger,U.S. House,3,Independent,Ed Choate,144
Grainger,U.S. House,3,Independent,Jean Howard-Hill,183
Grainger,U.S. House,3,Republican,Zach Wamp,4830
Grainger,U.S. Senate,NA,,Write-In - Casey Gouge,0
Grainger,U.S. Senate,NA,Democratic,Robert D. Tuke,1445
Grainger,U.S. Senate,NA,Independent,Chris Lugo,22
Grainger,U.S. Senate,NA,Independent,Christopher G. Fenner,35
Grainger,U.S. Senate,NA,Independent,Daniel Towers Lewis,25
Grainger,U.S. Senate,NA,Independent,David Gatchell,13
Grainger,U.S. Senate,NA,Independent,Ed Lawhorn,21
Grainger,U.S. Senate,NA,Independent,Edward L. Buck,134
Grainger,U.S. Senate,NA,Republican,Lamar Alexander,5229
Greene,President,NA,Democratic,Barack Obama,7110
Greene,President,NA,Independent,Bob Barr,72
Greene,President,NA,Independent,Brian Moore,34
Greene,President,NA,Independent,Charles Jay,18
Greene,President,NA,Independent,Chuck Baldwin,110
Greene,President,NA,Independent,Cynthia McKinney,34
Greene,President,NA,Independent,Ralph Nader,141
Greene,President,NA,Republican,John McCain,17151
Greene,State House,11,Democratic,Eddie Yokley,4737
Greene,State House,11,Republican,Dan Ford,4314
Greene,State House,5,Democratic,Casey Nicholson,2951
Greene,State House,5,Republican,David B. Hawk,9696
Greene,U.S. House,1,Democratic,Rob Russell,5790
Greene,U.S. House,1,Independent,James W. Reeves,246
Greene,U.S. House,1,Independent,Joel Goodman,319
Greene,U.S. House,1,Independent,Thomas (T.K.) Owens,201
Greene,U.S. House,1,Republican,Phil Roe,16332
Greene,U.S. Senate,NA,,Write-In - Casey Gouge,0
Greene,U.S. Senate,NA,Democratic,Robert D. Tuke,4788
Greene,U.S. Senate,NA,Independent,Chris Lugo,66
Greene,U.S. Senate,NA,Independent,Christopher G. Fenner,83
Greene,U.S. Senate,NA,Independent,Daniel Towers Lewis,79
Greene,U.S. Senate,NA,Independent,David Gatchell,68
Greene,U.S. Senate,NA,Independent,Ed Lawhorn,46
Greene,U.S. Senate,NA,Independent,Edward L. Buck,271
Greene,U.S. Senate,NA,Republican,Lamar Alexander,18468
Grundy,President,NA,Democratic,Barack Obama,1971
Grundy,President,NA,Independent,Bob Barr,21
Grundy,President,NA,Independent,Brian Moore,2
Grundy,President,NA,Independent,Charles Jay,2
Grundy,President,NA,Independent,Chuck Baldwin,28
Grundy,President,NA,Independent,Cynthia McKinney,7
Grundy,President,NA,Independent,Ralph Nader,38
Grundy,President,NA,Republican,John McCain,2563
Grundy,State House,37,Democratic,Bill W. Harmon,2986
Grundy,State House,37,Republican,Rip Van Winkle,1457
Grundy,State Senate,14,Democratic,Eric Stewart,2780
Grundy,State Senate,14,Republican,Mike Niederhauser,1400
Grundy,U.S. House,4,Democratic,Lincoln Davis,3017
Grundy,U.S. House,4,Independent,James Anthony Gray,70
Grundy,U.S. House,4,Independent,Kevin Ragsdale,47
Grundy,U.S. House,4,Republican,Monty J. Lankford,1060
Grundy,U.S. Senate,NA,,Write-In - Casey Gouge,0
Grundy,U.S. Senate,NA,Democratic,Robert D. Tuke,1571
Grundy,U.S. Senate,NA,Independent,Chris Lugo,13
Grundy,U.S. Senate,NA,Independent,Christopher G. Fenner,13
Grundy,U.S. Senate,NA,Independent,Daniel Towers Lewis,17
Grundy,U.S. Senate,NA,Independent,David Gatchell,17
Grundy,U.S. Senate,NA,Independent,Ed Lawhorn,27
Grundy,U.S. Senate,NA,Independent,Edward L. Buck,62
Grundy,U.S. Senate,NA,Republican,Lamar Alexander,2368
Hamblen,President,NA,Democratic,Barack Obama,6807
Hamblen,President,NA,Independent,Bob Barr,99
Hamblen,President,NA,Independent,Brian Moore,11
Hamblen,President,NA,Independent,Charles Jay,11
Hamblen,President,NA,Independent,Chuck Baldwin,92
Hamblen,President,NA,Independent,Cynthia McKinney,30
Hamblen,President,NA,Independent,Ralph Nader,111
Hamblen,President,NA,Republican,John McCain,15508
Hamblen,State House,10,Democratic,John Litz,14817
Hamblen,U.S. House,1,Democratic,Rob Russell,5716
Hamblen,U.S. House,1,Independent,James W. Reeves,226
Hamblen,U.S. House,1,Independent,Joel Goodman,366
Hamblen,U.S. House,1,Independent,Thomas (T.K.) Owens,176
Hamblen,U.S. House,1,Republican,Phil Roe,12660
Hamblen,U.S. Senate,NA,,Write-In - Casey Gouge,0
Hamblen,U.S. Senate,NA,Democratic,Robert D. Tuke,4426
Hamblen,U.S. Senate,NA,Independent,Chris Lugo,57
Hamblen,U.S. Senate,NA,Independent,Christopher G. Fenner,99
Hamblen,U.S. Senate,NA,Independent,Daniel Towers Lewis,61
Hamblen,U.S. Senate,NA,Independent,David Gatchell,45
Hamblen,U.S. Senate,NA,Independent,Ed Lawhorn,53
Hamblen,U.S. Senate,NA,Independent,Edward L. Buck,246
Hamblen,U.S. Senate,NA,Republican,Lamar Alexander,16191
Hamilton,President,NA,Democratic,Barack Obama,64246
Hamilton,President,NA,Independent,Bob Barr,491
Hamilton,President,NA,Independent,Brian Moore,30
Hamilton,President,NA,Independent,Charles Jay,18
Hamilton,President,NA,Independent,Chuck Baldwin,441
Hamilton,President,NA,Independent,Cynthia McKinney,81
Hamilton,President,NA,Independent,Ralph Nader,511
Hamilton,President,NA,Republican,John McCain,81702
Hamilton,State House,26,Republican,Gerald McCormick,21894
Hamilton,State House,27,Republican,Richard L. Floyd,21265
Hamilton,State House,28,Democratic,Tommie F. Brown,16658
Hamilton,State House,29,Democratic,Joanne Favors,15946
Hamilton,State House,29,Republican,Basil Marceaux Jr.,5961
Hamilton,State House,30,Republican,Vince Dean,20986
Hamilton,State House,31,Republican,Jim Cobb,12532
Hamilton,State Senate,10,Democratic,Andy Berke,40557
Hamilton,State Senate,10,Republican,Oscar Brown,15149
Hamilton,U.S. House,3,,Write-In - June Griffin,0
Hamilton,U.S. House,3,Democratic,Doug Vandagriff,45773
Hamilton,U.S. House,3,Independent,Ed Choate,1455
Hamilton,U.S. House,3,Independent,Jean Howard-Hill,2642
Hamilton,U.S. House,3,Republican,Zach Wamp,93084
Hamilton,U.S. Senate,NA,,Write-In - Casey Gouge,0
Hamilton,U.S. Senate,NA,Democratic,Robert D. Tuke,47754
Hamilton,U.S. Senate,NA,Independent,Chris Lugo,439
Hamilton,U.S. Senate,NA,Independent,Christopher G. Fenner,334
Hamilton,U.S. Senate,NA,Independent,Daniel Towers Lewis,437
Hamilton,U.S. Senate,NA,Independent,David Gatchell,324
Hamilton,U.S. Senate,NA,Independent,Ed Lawhorn,581
Hamilton,U.S. Senate,NA,Independent,Edward L. Buck,872
Hamilton,U.S. Senate,NA,Republican,Lamar Alexander,91563
Hancock,President,NA,Democratic,Barack Obama,604
Hancock,President,NA,Independent,Bob Barr,6
Hancock,President,NA,Independent,Brian Moore,0
Hancock,President,NA,Independent,Charles Jay,4
Hancock,President,NA,Independent,Chuck Baldwin,10
Hancock,President,NA,Independent,Cynthia McKinney,3
Hancock,President,NA,Independent,Ralph Nader,26
Hancock,President,NA,Republican,John McCain,1588
Hancock,State House,9,Democratic,Richard D. Gabriel,394
Hancock,State House,9,Independent,Leonard Merritt,110
Hancock,State House,9,Republican,Mike Harrison,1625
Hancock,State Senate,4,Independent,Micheal Williams,1026
Hancock,State Senate,4,Republican,Mike Faulk,979
Hancock,U.S. House,1,Democratic,Rob Russell,402
Hancock,U.S. House,1,Independent,James W. Reeves,14
Hancock,U.S. House,1,Independent,Joel Goodman,48
Hancock,U.S. House,1,Independent,Thomas (T.K.) Owens,14
Hancock,U.S. House,1,Republican,Phil Roe,1338
Hancock,U.S. Senate,NA,,Write-In - Casey Gouge,0
Hancock,U.S. Senate,NA,Democratic,Robert D. Tuke,386
Hancock,U.S. Senate,NA,Independent,Chris Lugo,4
Hancock,U.S. Senate,NA,Independent,Christopher G. Fenner,6
Hancock,U.S. Senate,NA,Independent,Daniel Towers Lewis,8
Hancock,U.S. Senate,NA,Independent,David Gatchell,5
Hancock,U.S. Senate,NA,Independent,Ed Lawhorn,11
Hancock,U.S. Senate,NA,Independent,Edward L. Buck,32
Hancock,U.S. Senate,NA,Republican,Lamar Alexander,1537
Hardeman,President,NA,Democratic,Barack Obama,5919
Hardeman,President,NA,Independent,Bob Barr,19
Hardeman,President,NA,Independent,Brian Moore,5
Hardeman,President,NA,Independent,Charles Jay,12
Hardeman,President,NA,Independent,Chuck Baldwin,24
Hardeman,President,NA,Independent,Cynthia McKinney,9
Hardeman,President,NA,Independent,Ralph Nader,24
Hardeman,President,NA,Republican,John McCain,5225
Hardeman,State House,80,Democratic,Johnny W Shaw,5578
Hardeman,State House,94,Democratic,John F. Dowdy,1878
Hardeman,State House,94,Republican,Barrett Rich,2378
Hardeman,State Senate,26,Democratic,Randy Camp,5783
Hardeman,State Senate,26,Republican,Dolores Gresham,4498
Hardeman,U.S. House,7,Democratic,Randy G. Morris,5033
Hardeman,U.S. House,7,Republican,Marsha Blackburn,4678
Hardeman,U.S. Senate,NA,,Write-In - Casey Gouge,0
Hardeman,U.S. Senate,NA,Democratic,Robert D. Tuke,4476
Hardeman,U.S. Senate,NA,Independent,Chris Lugo,28
Hardeman,U.S. Senate,NA,Independent,Christopher G. Fenner,58
Hardeman,U.S. Senate,NA,Independent,Daniel Towers Lewis,24
Hardeman,U.S. Senate,NA,Independent,David Gatchell,55
Hardeman,U.S. Senate,NA,Independent,Ed Lawhorn,31
Hardeman,U.S. Senate,NA,Independent,Edward L. Buck,111
Hardeman,U.S. Senate,NA,Republican,Lamar Alexander,5144
Hardin,President,NA,Democratic,Barack Obama,2794
Hardin,President,NA,Independent,Bob Barr,33
Hardin,President,NA,Independent,Brian Moore,14
Hardin,President,NA,Independent,Charles Jay,14
Hardin,President,NA,Independent,Chuck Baldwin,19
Hardin,President,NA,Independent,Cynthia McKinney,20
Hardin,President,NA,Independent,Ralph Nader,64
Hardin,President,NA,Republican,John McCain,7077
Hardin,State House,71,Democratic,Stan Wheeler,3185
Hardin,State House,71,Independent,Stephen R. Childers,504
Hardin,State House,71,Republican,Vance Dennis,5888
Hardin,State Senate,26,Democratic,Randy Camp,3643
Hardin,State Senate,26,Republican,Dolores Gresham,5482
Hardin,U.S. House,7,Democratic,Randy G. Morris,2650
Hardin,U.S. House,7,Republican,Marsha Blackburn,5686
Hardin,U.S. Senate,NA,,Write-In - Casey Gouge,0
Hardin,U.S. Senate,NA,Democratic,Robert D. Tuke,2304
Hardin,U.S. Senate,NA,Independent,Chris Lugo,21
Hardin,U.S. Senate,NA,Independent,Christopher G. Fenner,37
Hardin,U.S. Senate,NA,Independent,Daniel Towers Lewis,39
Hardin,U.S. Senate,NA,Independent,David Gatchell,44
Hardin,U.S. Senate,NA,Independent,Ed Lawhorn,30
Hardin,U.S. Senate,NA,Independent,Edward L. Buck,117
Hardin,U.S. Senate,NA,Republican,Lamar Alexander,6770
Hawkins,President,NA,Democratic,Barack Obama,5930
Hawkins,President,NA,Independent,Bob Barr,61
Hawkins,President,NA,Independent,Brian Moore,31
Hawkins,President,NA,Independent,Charles Jay,7
Hawkins,President,NA,Independent,Chuck Baldwin,89
Hawkins,President,NA,Independent,Cynthia McKinney,22
Hawkins,President,NA,Independent,Ralph Nader,144
Hawkins,President,NA,Republican,John McCain,14756
Hawkins,State House,6,Republican,Robert Dale Ford,1063
Hawkins,State House,9,Democratic,Richard D. Gabriel,4746
Hawkins,State House,9,Independent,Leonard Merritt,651
Hawkins,State House,9,Republican,Mike Harrison,13032
Hawkins,State Senate,4,Independent,Micheal Williams,8540
Hawkins,State Senate,4,Republican,Mike Faulk,9490
Hawkins,U.S. House,1,Democratic,Rob Russell,5022
Hawkins,U.S. House,1,Independent,James W. Reeves,273
Hawkins,U.S. House,1,Independent,Joel Goodman,347
Hawkins,U.S. House,1,Independent,Thomas (T.K.) Owens,166
Hawkins,U.S. House,1,Republican,Phil Roe,13578
Hawkins,U.S. Senate,NA,,Write-In - Casey Gouge,0
Hawkins,U.S. Senate,NA,Democratic,Robert D. Tuke,4437
Hawkins,U.S. Senate,NA,Independent,Chris Lugo,60
Hawkins,U.S. Senate,NA,Independent,Christopher G. Fenner,108
Hawkins,U.S. Senate,NA,Independent,Daniel Towers Lewis,74
Hawkins,U.S. Senate,NA,Independent,David Gatchell,66
Hawkins,U.S. Senate,NA,Independent,Ed Lawhorn,61
Hawkins,U.S. Senate,NA,Independent,Edward L. Buck,264
Hawkins,U.S. Senate,NA,Republican,Lamar Alexander,15260
Haywood,President,NA,Democratic,Barack Obama,4893
Haywood,President,NA,Independent,Bob Barr,18
Haywood,President,NA,Independent,Brian Moore,0
Haywood,President,NA,Independent,Charles Jay,6
Haywood,President,NA,Independent,Chuck Baldwin,11
Haywood,President,NA,Independent,Cynthia McKinney,4
Haywood,President,NA,Independent,Ralph Nader,24
Haywood,President,NA,Republican,John McCain,3165
Haywood,State House,81,Democratic,Jimmy Naifeh,5953
Haywood,State House,81,Republican,Rory B Bricco,1882
Haywood,State Senate,26,Democratic,Randy Camp,5138
Haywood,State Senate,26,Republican,Dolores Gresham,2465
Haywood,U.S. House,8,,Write-In - James Hart,0
Haywood,U.S. House,8,Democratic,John Tanner,6549
Haywood,U.S. Senate,NA,,Write-In - Casey Gouge,0
Haywood,U.S. Senate,NA,Democratic,Robert D. Tuke,3969
Haywood,U.S. Senate,NA,Independent,Chris Lugo,9
Haywood,U.S. Senate,NA,Independent,Christopher G. Fenner,23
Haywood,U.S. Senate,NA,Independent,Daniel Towers Lewis,18
Haywood,U.S. Senate,NA,Independent,David Gatchell,30
Haywood,U.S. Senate,NA,Independent,Ed Lawhorn,13
Haywood,U.S. Senate,NA,Independent,Edward L. Buck,43
Haywood,U.S. Senate,NA,Republican,Lamar Alexander,3402
Henderson,President,NA,Democratic,Barack Obama,3021
Henderson,President,NA,Independent,Bob Barr,41
Henderson,President,NA,Independent,Brian Moore,5
Henderson,President,NA,Independent,Charles Jay,8
Henderson,President,NA,Independent,Chuck Baldwin,39
Henderson,President,NA,Independent,Cynthia McKinney,11
Henderson,President,NA,Independent,Ralph Nader,40
Henderson,President,NA,Republican,John McCain,7669
Henderson,State House,72,Republican,Steve K. McDaniel,9034
Henderson,State Senate,24,Democratic,Roy B. Herron,5912
Henderson,U.S. House,7,Democratic,Randy G. Morris,2900
Henderson,U.S. House,7,Republican,Marsha Blackburn,7048
Henderson,U.S. Senate,NA,,Write-In - Casey Gouge,0
Henderson,U.S. Senate,NA,Democratic,Robert D. Tuke,2356
Henderson,U.S. Senate,NA,Independent,Chris Lugo,22
Henderson,U.S. Senate,NA,Independent,Christopher G. Fenner,71
Henderson,U.S. Senate,NA,Independent,Daniel Towers Lewis,44
Henderson,U.S. Senate,NA,Independent,David Gatchell,26
Henderson,U.S. Senate,NA,Independent,Ed Lawhorn,19
Henderson,U.S. Senate,NA,Independent,Edward L. Buck,147
Henderson,U.S. Senate,NA,Republican,Lamar Alexander,7367
Henry,President,NA,Democratic,Barack Obama,5153
Henry,President,NA,Independent,Bob Barr,42
Henry,President,NA,Independent,Brian Moore,10
Henry,President,NA,Independent,Charles Jay,10
Henry,President,NA,Independent,Chuck Baldwin,55
Henry,President,NA,Independent,Cynthia McKinney,13
Henry,President,NA,Independent,Ralph Nader,80
Henry,President,NA,Republican,John McCain,8182
Henry,State House,75,,Write-In - James Hart,74
Henry,State House,75,Democratic,Willie Butch Borchert,5245
Henry,State House,75,Republican,Timothy Wirgau,6495
Henry,State Senate,24,Democratic,Roy B. Herron,7906
Henry,U.S. House,8,,Write-In - James Hart,19
Henry,U.S. House,8,Democratic,John Tanner,9375
Henry,U.S. Senate,NA,,Write-In - Casey Gouge,0
Henry,U.S. Senate,NA,Democratic,Robert D. Tuke,3667
Henry,U.S. Senate,NA,Independent,Chris Lugo,54
Henry,U.S. Senate,NA,Independent,Christopher G. Fenner,49
Henry,U.S. Senate,NA,Independent,Daniel Towers Lewis,45
Henry,U.S. Senate,NA,Independent,David Gatchell,37
Henry,U.S. Senate,NA,Independent,Ed Lawhorn,32
Henry,U.S. Senate,NA,Independent,Edward L. Buck,138
Henry,U.S. Senate,NA,Republican,Lamar Alexander,8084
Hickman,President,NA,Democratic,Barack Obama,3563
Hickman,President,NA,Independent,Bob Barr,31
Hickman,President,NA,Independent,Brian Moore,2
Hickman,President,NA,Independent,Charles Jay,1
Hickman,President,NA,Independent,Chuck Baldwin,51
Hickman,President,NA,Independent,Cynthia McKinney,10
Hickman,President,NA,Independent,Ralph Nader,56
Hickman,President,NA,Republican,John McCain,4784
Hickman,State House,69,Democratic,David A. Shepard,3115
Hickman,State House,69,Independent,W. Ryan Akin,991
Hickman,State House,74,Democratic,John C. Tidwell,2805
Hickman,U.S. House,4,Democratic,Lincoln Davis,3087
Hickman,U.S. House,4,Independent,James Anthony Gray,115
Hickman,U.S. House,4,Independent,Kevin Ragsdale,69
Hickman,U.S. House,4,Republican,Monty J. Lankford,1687
Hickman,U.S. House,7,Democratic,Randy G. Morris,1113
Hickman,U.S. House,7,Republican,Marsha Blackburn,1777
Hickman,U.S. Senate,NA,,Write-In - Casey Gouge,0
Hickman,U.S. Senate,NA,Democratic,Robert D. Tuke,2735
Hickman,U.S. Senate,NA,Independent,Chris Lugo,29
Hickman,U.S. Senate,NA,Independent,Christopher G. Fenner,45
Hickman,U.S. Senate,NA,Independent,Daniel Towers Lewis,38
Hickman,U.S. Senate,NA,Independent,David Gatchell,31
Hickman,U.S. Senate,NA,Independent,Ed Lawhorn,59
Hickman,U.S. Senate,NA,Independent,Edward L. Buck,193
Hickman,U.S. Senate,NA,Republican,Lamar Alexander,4738
Houston,President,NA,Democratic,Barack Obama,1678
Houston,President,NA,Independent,Bob Barr,16
Houston,President,NA,Independent,Brian Moore,1
Houston,President,NA,Independent,Charles Jay,3
Houston,President,NA,Independent,Chuck Baldwin,23
Houston,President,NA,Independent,Cynthia McKinney,2
Houston,President,NA,Independent,Ralph Nader,23
Houston,President,NA,Republican,John McCain,1608
Houston,State House,74,Democratic,John C. Tidwell,2435
Houston,State Senate,22,,Write-In - Rosalind Kurita,1079
Houston,State Senate,22,Democratic,Tim Barnes,1907
Houston,U.S. House,8,,Write-In - James Hart,4
Houston,U.S. House,8,Democratic,John Tanner,2425
Houston,U.S. Senate,NA,,Write-In - Casey Gouge,0
Houston,U.S. Senate,NA,Democratic,Robert D. Tuke,1293
Houston,U.S. Senate,NA,Independent,Chris Lugo,9
Houston,U.S. Senate,NA,Independent,Christopher G. Fenner,19
Houston,U.S. Senate,NA,Independent,Daniel Towers Lewis,8
Houston,U.S. Senate,NA,Independent,David Gatchell,10
Houston,U.S. Senate,NA,Independent,Ed Lawhorn,11
Houston,U.S. Senate,NA,Independent,Edward L. Buck,47
Houston,U.S. Senate,NA,Republican,Lamar Alexander,1572
Humphreys,President,NA,Democratic,Barack Obama,3600
Humphreys,President,NA,Independent,Bob Barr,24
Humphreys,President,NA,Independent,Brian Moore,9
Humphreys,President,NA,Independent,Charles Jay,6
Humphreys,President,NA,Independent,Chuck Baldwin,42
Humphreys,President,NA,Independent,Cynthia McKinney,15
Humphreys,President,NA,Independent,Ralph Nader,66
Humphreys,President,NA,Republican,John McCain,3818
Humphreys,State House,74,Democratic,John C. Tidwell,6031
Humphreys,U.S. House,8,,Write-In - James Hart,0
Humphreys,U.S. House,8,Democratic,John Tanner,5900
Humphreys,U.S. Senate,NA,,Write-In - Casey Gouge,0
Humphreys,U.S. Senate,NA,Democratic,Robert D. Tuke,2927
Humphreys,U.S. Senate,NA,Independent,Chris Lugo,20
Humphreys,U.S. Senate,NA,Independent,Christopher G. Fenner,34
Humphreys,U.S. Senate,NA,Independent,Daniel Towers Lewis,28
Humphreys,U.S. Senate,NA,Independent,David Gatchell,24
Humphreys,U.S. Senate,NA,Independent,Ed Lawhorn,19
Humphreys,U.S. Senate,NA,Independent,Edward L. Buck,124
Humphreys,U.S. Senate,NA,Republican,Lamar Alexander,3965
Jackson,President,NA,Democratic,Barack Obama,2224
Jackson,President,NA,Independent,Bob Barr,16
Jackson,President,NA,Independent,Brian Moore,5
Jackson,President,NA,Independent,Charles Jay,5
Jackson,President,NA,Independent,Chuck Baldwin,11
Jackson,President,NA,Independent,Cynthia McKinney,11
Jackson,President,NA,Independent,Ralph Nader,44
Jackson,President,NA,Republican,John McCain,2185
Jackson,State House,38,Democratic,Leslie Winningham,2930
Jackson,U.S. House,6,Democratic,Bart Gordon,3144
Jackson,U.S. House,6,Independent,Chris Baker,684
Jackson,U.S. Senate,NA,,Write-In - Casey Gouge,0
Jackson,U.S. Senate,NA,Democratic,Robert D. Tuke,1672
Jackson,U.S. Senate,NA,Independent,Chris Lugo,22
Jackson,U.S. Senate,NA,Independent,Christopher G. Fenner,26
Jackson,U.S. Senate,NA,Independent,Daniel Towers Lewis,26
Jackson,U.S. Senate,NA,Independent,David Gatchell,20
Jackson,U.S. Senate,NA,Independent,Ed Lawhorn,14
Jackson,U.S. Senate,NA,Independent,Edward L. Buck,90
Jackson,U.S. Senate,NA,Republican,Lamar Alexander,2097
Jefferson,President,NA,Democratic,Barack Obama,5178
Jefferson,President,NA,Independent,Bob Barr,68
Jefferson,President,NA,Independent,Brian Moore,10
Jefferson,President,NA,Independent,Charles Jay,6
Jefferson,President,NA,Independent,Chuck Baldwin,55
Jefferson,President,NA,Independent,Cynthia McKinney,17
Jefferson,President,NA,Independent,Ralph Nader,106
Jefferson,President,NA,Republican,John McCain,13092
Jefferson,State House,17,Independent,David L. Seal,4500
Jefferson,State House,17,Republican,Frank S. Niceley,8084
Jefferson,State House,35,Independent,Edward (Ed) Baldwin,643
Jefferson,State House,35,Republican,"Dennis ""Coach"" Roach",2335
Jefferson,State Senate,4,Independent,Micheal Williams,6719
Jefferson,State Senate,4,Republican,Mike Faulk,9184
Jefferson,U.S. House,1,Democratic,Rob Russell,873
Jefferson,U.S. House,1,Independent,James W. Reeves,53
Jefferson,U.S. House,1,Independent,Joel Goodman,97
Jefferson,U.S. House,1,Independent,Thomas (T.K.) Owens,50
Jefferson,U.S. House,1,Republican,Phil Roe,2545
Jefferson,U.S. House,3,,Write-In - June Griffin,0
Jefferson,U.S. House,3,Democratic,Doug Vandagriff,2869
Jefferson,U.S. House,3,Independent,Ed Choate,344
Jefferson,U.S. House,3,Independent,Jean Howard-Hill,364
Jefferson,U.S. House,3,Republican,Zach Wamp,9049
Jefferson,U.S. Senate,NA,,Write-In - Casey Gouge,0
Jefferson,U.S. Senate,NA,Democratic,Robert D. Tuke,3395
Jefferson,U.S. Senate,NA,Independent,Chris Lugo,54
Jefferson,U.S. Senate,NA,Independent,Christopher G. Fenner,112
Jefferson,U.S. Senate,NA,Independent,Daniel Towers Lewis,62
Jefferson,U.S. Senate,NA,Independent,David Gatchell,62
Jefferson,U.S. Senate,NA,Independent,Ed Lawhorn,78
Jefferson,U.S. Senate,NA,Independent,Edward L. Buck,276
Jefferson,U.S. Senate,NA,Republican,Lamar Alexander,13542
Johnson,President,NA,Democratic,Barack Obama,1837
Johnson,President,NA,Independent,Bob Barr,27
Johnson,President,NA,Independent,Brian Moore,10
Johnson,President,NA,Independent,Charles Jay,4
Johnson,President,NA,Independent,Chuck Baldwin,30
Johnson,President,NA,Independent,Cynthia McKinney,13
Johnson,President,NA,Independent,Ralph Nader,49
Johnson,President,NA,Republican,John McCain,4621
Johnson,State House,3,Republican,Jason E. Mumpower,5157
Johnson,State Senate,2,Democratic,Bill Jones,1279
Johnson,State Senate,2,Republican,Ron Ramsey,4284
Johnson,U.S. House,1,Democratic,Rob Russell,1271
Johnson,U.S. House,1,Independent,James W. Reeves,56
Johnson,U.S. House,1,Independent,Joel Goodman,121
Johnson,U.S. House,1,Independent,Thomas (T.K.) Owens,38
Johnson,U.S. House,1,Republican,Phil Roe,4005
Johnson,U.S. Senate,NA,,Write-In - Casey Gouge,0
Johnson,U.S. Senate,NA,Democratic,Robert D. Tuke,1191
Johnson,U.S. Senate,NA,Independent,Chris Lugo,12
Johnson,U.S. Senate,NA,Independent,Christopher G. Fenner,67
Johnson,U.S. Senate,NA,Independent,Daniel Towers Lewis,31
Johnson,U.S. Senate,NA,Independent,David Gatchell,33
Johnson,U.S. Senate,NA,Independent,Ed Lawhorn,19
Johnson,U.S. Senate,NA,Independent,Edward L. Buck,96
Johnson,U.S. Senate,NA,Republican,Lamar Alexander,4620
Knox,President,NA,Democratic,Barack Obama,70215
Knox,President,NA,Independent,Bob Barr,963
Knox,President,NA,Independent,Brian Moore,65
Knox,President,NA,Independent,Charles Jay,98
Knox,President,NA,Independent,Chuck Baldwin,599
Knox,President,NA,Independent,Cynthia McKinney,197
Knox,President,NA,Independent,Ralph Nader,934
Knox,President,NA,Republican,John McCain,113015
Knox,State House,13,Democratic,Harry Tindell,15560
Knox,State House,14,Republican,Ryan A. Haynes,32862
Knox,State House,15,Democratic,Joe Armstrong,12852
Knox,State House,15,Republican,Rachel L. Ray,5187
Knox,State House,16,Democratic,Barbara Nicodemus,9470
Knox,State House,16,Republican,Bill Dunn,22496
Knox,State House,17,Independent,David L. Seal,3372
Knox,State House,17,Republican,Frank S. Niceley,8792
Knox,State House,18,Republican,Stacey Campfield,21973
Knox,State House,19,Republican,Harry Brooks,21375
Knox,State Senate,6,Democratic,Gary Farmer,26177
Knox,State Senate,6,Republican,Jamie Woodson,58384
Knox,U.S. House,2,,Write-In - Bob Chapman,0
Knox,U.S. House,2,,Write-In - Christopher Gouge,0
Knox,U.S. House,2,Democratic,Bob Scott,42550
Knox,U.S. House,2,Republican,"John J. Duncan, Jr.",135926
Knox,U.S. Senate,NA,,Write-In - Casey Gouge,0
Knox,U.S. Senate,NA,Democratic,Robert D. Tuke,45844
Knox,U.S. Senate,NA,Independent,Chris Lugo,621
Knox,U.S. Senate,NA,Independent,Christopher G. Fenner,749
Knox,U.S. Senate,NA,Independent,Daniel Towers Lewis,565
Knox,U.S. Senate,NA,Independent,David Gatchell,421
Knox,U.S. Senate,NA,Independent,Ed Lawhorn,843
Knox,U.S. Senate,NA,Independent,Edward L. Buck,2189
Knox,U.S. Senate,NA,Republican,Lamar Alexander,126776
Lake,President,NA,Democratic,Barack Obama,1024
Lake,President,NA,Independent,Bob Barr,10
Lake,President,NA,Independent,Brian Moore,0
Lake,President,NA,Independent,Charles Jay,4
Lake,President,NA,Independent,Chuck Baldwin,5
Lake,President,NA,Independent,Cynthia McKinney,1
Lake,President,NA,Independent,Ralph Nader,19
Lake,President,NA,Republican,John McCain,1175
Lake,State House,77,Democratic,Judy Barker,1416
Lake,State House,77,Republican,Bill Sanderson,733
Lake,State Senate,24,Democratic,Roy B. Herron,1279
Lake,U.S. House,8,,Write-In - James Hart,1
Lake,U.S. House,8,Democratic,John Tanner,1318
Lake,U.S. Senate,NA,,Write-In - Casey Gouge,0
Lake,U.S. Senate,NA,Democratic,Robert D. Tuke,685
Lake,U.S. Senate,NA,Independent,Chris Lugo,14
Lake,U.S. Senate,NA,Independent,Christopher G. Fenner,28
Lake,U.S. Senate,NA,Independent,Daniel Towers Lewis,14
Lake,U.S. Senate,NA,Independent,David Gatchell,11
Lake,U.S. Senate,NA,Independent,Ed Lawhorn,11
Lake,U.S. Senate,NA,Independent,Edward L. Buck,37
Lake,U.S. Senate,NA,Republican,Lamar Alexander,1038
Lauderdale,President,NA,Democratic,Barack Obama,4322
Lauderdale,President,NA,Independent,Bob Barr,20
Lauderdale,President,NA,Independent,Brian Moore,2
Lauderdale,President,NA,Independent,Charles Jay,3
Lauderdale,President,NA,Independent,Chuck Baldwin,24
Lauderdale,President,NA,Independent,Cynthia McKinney,6
Lauderdale,President,NA,Independent,Ralph Nader,28
Lauderdale,President,NA,Republican,John McCain,4933
Lauderdale,State House,82,Democratic,Craig Fitzhugh,5465
Lauderdale,State Senate,32,Republican,Mark Norris,3851
Lauderdale,U.S. House,8,,Write-In - James Hart,0
Lauderdale,U.S. House,8,Democratic,John Tanner,5829
Lauderdale,U.S. Senate,NA,,Write-In - Casey Gouge,0
Lauderdale,U.S. Senate,NA,Democratic,Robert D. Tuke,2630
Lauderdale,U.S. Senate,NA,Independent,Chris Lugo,27
Lauderdale,U.S. Senate,NA,Independent,Christopher G. Fenner,34
Lauderdale,U.S. Senate,NA,Independent,Daniel Towers Lewis,24
Lauderdale,U.S. Senate,NA,Independent,David Gatchell,64
Lauderdale,U.S. Senate,NA,Independent,Ed Lawhorn,17
Lauderdale,U.S. Senate,NA,Independent,Edward L. Buck,87
Lauderdale,U.S. Senate,NA,Republican,Lamar Alexander,5256
Lawrence,President,NA,Democratic,Barack Obama,5161
Lawrence,President,NA,Independent,Bob Barr,44
Lawrence,President,NA,Independent,Brian Moore,14
Lawrence,President,NA,Independent,Charles Jay,11
Lawrence,President,NA,Independent,Chuck Baldwin,89
Lawrence,President,NA,Independent,Cynthia McKinney,21
Lawrence,President,NA,Independent,Ralph Nader,114
Lawrence,President,NA,Republican,John McCain,10566
Lawrence,State House,70,Democratic,J. W. Hampton Sr.,3412
Lawrence,State House,70,Republican,Joey Hensley,10844
Lawrence,U.S. House,4,Democratic,Lincoln Davis,7983
Lawrence,U.S. House,4,Independent,James Anthony Gray,270
Lawrence,U.S. House,4,Independent,Kevin Ragsdale,132
Lawrence,U.S. House,4,Republican,Monty J. Lankford,5515
Lawrence,U.S. Senate,NA,,Write-In - Casey Gouge,0
Lawrence,U.S. Senate,NA,Democratic,Robert D. Tuke,3761
Lawrence,U.S. Senate,NA,Independent,Chris Lugo,48
Lawrence,U.S. Senate,NA,Independent,Christopher G. Fenner,70
Lawrence,U.S. Senate,NA,Independent,Daniel Towers Lewis,55
Lawrence,U.S. Senate,NA,Independent,David Gatchell,45
Lawrence,U.S. Senate,NA,Independent,Ed Lawhorn,56
Lawrence,U.S. Senate,NA,Independent,Edward L. Buck,197
Lawrence,U.S. Senate,NA,Republican,Lamar Alexander,10115
Lewis,President,NA,Democratic,Barack Obama,1804
Lewis,President,NA,Independent,Bob Barr,16
Lewis,President,NA,Independent,Brian Moore,2
Lewis,President,NA,Independent,Charles Jay,0
Lewis,President,NA,Independent,Chuck Baldwin,21
Lewis,President,NA,Independent,Cynthia McKinney,5
Lewis,President,NA,Independent,Ralph Nader,35
Lewis,President,NA,Republican,John McCain,2951
Lewis,State House,70,Democratic,J. W. Hampton Sr.,1223
Lewis,State House,70,Republican,Joey Hensley,3544
Lewis,U.S. House,4,Democratic,Lincoln Davis,2755
Lewis,U.S. House,4,Independent,James Anthony Gray,98
Lewis,U.S. House,4,Independent,Kevin Ragsdale,72
Lewis,U.S. House,4,Republican,Monty J. Lankford,1590
Lewis,U.S. Senate,NA,,Write-In - Casey Gouge,0
Lewis,U.S. Senate,NA,Democratic,Robert D. Tuke,1431
Lewis,U.S. Senate,NA,Independent,Chris Lugo,25
Lewis,U.S. Senate,NA,Independent,Christopher G. Fenner,27
Lewis,U.S. Senate,NA,Independent,Daniel Towers Lewis,23
Lewis,U.S. Senate,NA,Independent,David Gatchell,12
Lewis,U.S. Senate,NA,Independent,Ed Lawhorn,18
Lewis,U.S. Senate,NA,Independent,Edward L. Buck,90
Lewis,U.S. Senate,NA,Republican,Lamar Alexander,2857
Lincoln,President,NA,Democratic,Barack Obama,3695
Lincoln,President,NA,Independent,Bob Barr,48
Lincoln,President,NA,Independent,Brian Moore,15
Lincoln,President,NA,Independent,Charles Jay,7
Lincoln,President,NA,Independent,Chuck Baldwin,46
Lincoln,President,NA,Independent,Cynthia McKinney,16
Lincoln,President,NA,Independent,Ralph Nader,72
Lincoln,President,NA,Republican,John McCain,9231
Lincoln,State House,39,Democratic,George Fraley,1717
Lincoln,State House,39,Republican,Steve Heath,2807
Lincoln,State House,62,Democratic,Curt Cobb,3782
Lincoln,State House,62,Republican,Barbara Blanton,3055
Lincoln,U.S. House,4,Democratic,Lincoln Davis,6187
Lincoln,U.S. House,4,Independent,James Anthony Gray,226
Lincoln,U.S. House,4,Independent,Kevin Ragsdale,173
Lincoln,U.S. House,4,Republican,Monty J. Lankford,5730
Lincoln,U.S. Senate,NA,,Write-In - Casey Gouge,0
Lincoln,U.S. Senate,NA,Democratic,Robert D. Tuke,3197
Lincoln,U.S. Senate,NA,Independent,Chris Lugo,44
Lincoln,U.S. Senate,NA,Independent,Christopher G. Fenner,73
Lincoln,U.S. Senate,NA,Independent,Daniel Towers Lewis,78
Lincoln,U.S. Senate,NA,Independent,David Gatchell,44
Lincoln,U.S. Senate,NA,Independent,Ed Lawhorn,50
Lincoln,U.S. Senate,NA,Independent,Edward L. Buck,233
Lincoln,U.S. Senate,NA,Republican,Lamar Alexander,8653
Loudon,President,NA,Democratic,Barack Obama,6058
Loudon,President,NA,Independent,Bob Barr,99
Loudon,President,NA,Independent,Brian Moore,15
Loudon,President,NA,Independent,Charles Jay,5
Loudon,President,NA,Independent,Chuck Baldwin,69
Loudon,President,NA,Independent,Cynthia McKinney,15
Loudon,President,NA,Independent,Ralph Nader,108
Loudon,President,NA,Republican,John McCain,15815
Loudon,State House,21,Republican,Jimmy Matlock,16421
Loudon,State House,32,Democratic,Dennis Ferguson,1502
Loudon,U.S. House,2,,Write-In - Bob Chapman,0
Loudon,U.S. House,2,,Write-In - Christopher Gouge,0
Loudon,U.S. House,2,Democratic,Bob Scott,3558
Loudon,U.S. House,2,Republican,"John J. Duncan, Jr.",17782
Loudon,U.S. Senate,NA,,Write-In - Casey Gouge,0
Loudon,U.S. Senate,NA,Democratic,Robert D. Tuke,3658
Loudon,U.S. Senate,NA,Independent,Chris Lugo,41
Loudon,U.S. Senate,NA,Independent,Christopher G. Fenner,88
Loudon,U.S. Senate,NA,Independent,Daniel Towers Lewis,63
Loudon,U.S. Senate,NA,Independent,David Gatchell,36
Loudon,U.S. Senate,NA,Independent,Ed Lawhorn,104
Loudon,U.S. Senate,NA,Independent,Edward L. Buck,212
Loudon,U.S. Senate,NA,Republican,Lamar Alexander,17110
Macon,President,NA,Democratic,Barack Obama,2060
Macon,President,NA,Independent,Bob Barr,29
Macon,President,NA,Independent,Brian Moore,6
Macon,President,NA,Independent,Charles Jay,6
Macon,President,NA,Independent,Chuck Baldwin,59
Macon,President,NA,Independent,Cynthia McKinney,10
Macon,President,NA,Independent,Ralph Nader,45
Macon,President,NA,Republican,John McCain,5145
Macon,State House,40,Democratic,Cleveland Derrick Bain,2095
Macon,State House,40,Independent,Ray Amalfitano,508
Macon,State House,40,Republican,Terri Lynn Weaver,4098
Macon,U.S. House,6,Democratic,Bart Gordon,4826
Macon,U.S. House,6,Independent,Chris Baker,1244
Macon,U.S. Senate,NA,,Write-In - Casey Gouge,0
Macon,U.S. Senate,NA,Democratic,Robert D. Tuke,1382
Macon,U.S. Senate,NA,Independent,Chris Lugo,26
Macon,U.S. Senate,NA,Independent,Christopher G. Fenner,39
Macon,U.S. Senate,NA,Independent,Daniel Towers Lewis,37
Macon,U.S. Senate,NA,Independent,David Gatchell,35
Macon,U.S. Senate,NA,Independent,Ed Lawhorn,37
Macon,U.S. Senate,NA,Independent,Edward L. Buck,238
Macon,U.S. Senate,NA,Republican,Lamar Alexander,4665
Madison,President,NA,Democratic,Barack Obama,20209
Madison,President,NA,Independent,Bob Barr,110
Madison,President,NA,Independent,Brian Moore,11
Madison,President,NA,Independent,Charles Jay,17
Madison,President,NA,Independent,Chuck Baldwin,99
Madison,President,NA,Independent,Cynthia McKinney,22
Madison,President,NA,Independent,Ralph Nader,88
Madison,President,NA,Republican,John McCain,23290
Madison,State House,73,Republican,Jimmy A. Eldridge,20573
Madison,State House,80,Democratic,Johnny W Shaw,12339
Madison,U.S. House,8,,Write-In - James Hart,0
Madison,U.S. House,8,Democratic,John Tanner,32774
Madison,U.S. Senate,NA,,Write-In - Casey Gouge,0
Madison,U.S. Senate,NA,Democratic,Robert D. Tuke,15333
Madison,U.S. Senate,NA,Independent,Chris Lugo,108
Madison,U.S. Senate,NA,Independent,Christopher G. Fenner,254
Madison,U.S. Senate,NA,Independent,Daniel Towers Lewis,146
Madison,U.S. Senate,NA,Independent,David Gatchell,113
Madison,U.S. Senate,NA,Independent,Ed Lawhorn,105
Madison,U.S. Senate,NA,Independent,Edward L. Buck,441
Madison,U.S. Senate,NA,Republican,Lamar Alexander,23890
Marion,President,NA,Democratic,Barack Obama,4506
Marion,President,NA,Independent,Bob Barr,49
Marion,President,NA,Independent,Brian Moore,8
Marion,President,NA,Independent,Charles Jay,7
Marion,President,NA,Independent,Chuck Baldwin,40
Marion,President,NA,Independent,Cynthia McKinney,12
Marion,President,NA,Independent,Ralph Nader,69
Marion,President,NA,Republican,John McCain,6746
Marion,State House,37,Democratic,Bill W. Harmon,6657
Marion,State House,37,Republican,Rip Van Winkle,4238
Marion,State Senate,10,Democratic,Andy Berke,6683
Marion,State Senate,10,Republican,Oscar Brown,4067
Marion,U.S. House,4,Democratic,Lincoln Davis,6868
Marion,U.S. House,4,Independent,James Anthony Gray,206
Marion,U.S. House,4,Independent,Kevin Ragsdale,115
Marion,U.S. House,4,Republican,Monty J. Lankford,3584
Marion,U.S. Senate,NA,,Write-In - Casey Gouge,0
Marion,U.S. Senate,NA,Democratic,Robert D. Tuke,3803
Marion,U.S. Senate,NA,Independent,Chris Lugo,23
Marion,U.S. Senate,NA,Independent,Christopher G. Fenner,43
Marion,U.S. Senate,NA,Independent,Daniel Towers Lewis,52
Marion,U.S. Senate,NA,Independent,David Gatchell,29
Marion,U.S. Senate,NA,Independent,Ed Lawhorn,48
Marion,U.S. Senate,NA,Independent,Edward L. Buck,139
Marion,U.S. Senate,NA,Republican,Lamar Alexander,6803
Marshall,President,NA,Democratic,Barack Obama,4320
Marshall,President,NA,Independent,Bob Barr,49
Marshall,President,NA,Independent,Brian Moore,8
Marshall,President,NA,Independent,Charles Jay,10
Marshall,President,NA,Independent,Chuck Baldwin,46
Marshall,President,NA,Independent,Cynthia McKinney,13
Marshall,President,NA,Independent,Ralph Nader,88
Marshall,President,NA,Republican,John McCain,6755
Marshall,State House,65,Democratic,Eddie Bass,7491
Marshall,U.S. House,6,Democratic,Bart Gordon,7598
Marshall,U.S. House,6,Independent,Chris Baker,2167
Marshall,U.S. Senate,NA,,Write-In - Casey Gouge,0
Marshall,U.S. Senate,NA,Democratic,Robert D. Tuke,3172
Marshall,U.S. Senate,NA,Independent,Chris Lugo,40
Marshall,U.S. Senate,NA,Independent,Christopher G. Fenner,72
Marshall,U.S. Senate,NA,Independent,Daniel Towers Lewis,58
Marshall,U.S. Senate,NA,Independent,David Gatchell,54
Marshall,U.S. Senate,NA,Independent,Ed Lawhorn,56
Marshall,U.S. Senate,NA,Independent,Edward L. Buck,208
Marshall,U.S. Senate,NA,Republican,Lamar Alexander,6675
Maury,President,NA,Democratic,Barack Obama,13058
Maury,President,NA,Independent,Bob Barr,106
Maury,President,NA,Independent,Brian Moore,14
Maury,President,NA,Independent,Charles Jay,9
Maury,President,NA,Independent,Chuck Baldwin,105
Maury,President,NA,Independent,Cynthia McKinney,35
Maury,President,NA,Independent,Ralph Nader,152
Maury,President,NA,Republican,John McCain,20288
Maury,State House,64,Democratic,Ty Cobb,14166
Maury,State House,64,Republican,Tom DuBois,13003
Maury,State House,74,Democratic,John C. Tidwell,2539
Maury,U.S. House,4,Democratic,Lincoln Davis,17972
Maury,U.S. House,4,Independent,James Anthony Gray,715
Maury,U.S. House,4,Independent,Kevin Ragsdale,461
Maury,U.S. House,4,Republican,Monty J. Lankford,12880
Maury,U.S. Senate,NA,,Write-In - Casey Gouge,0
Maury,U.S. Senate,NA,Democratic,Robert D. Tuke,11355
Maury,U.S. Senate,NA,Independent,Chris Lugo,102
Maury,U.S. Senate,NA,Independent,Christopher G. Fenner,151
Maury,U.S. Senate,NA,Independent,Daniel Towers Lewis,113
Maury,U.S. Senate,NA,Independent,David Gatchell,96
Maury,U.S. Senate,NA,Independent,Ed Lawhorn,144
Maury,U.S. Senate,NA,Independent,Edward L. Buck,532
Maury,U.S. Senate,NA,Republican,Lamar Alexander,20330
McMinn,President,NA,Democratic,Barack Obama,5541
McMinn,President,NA,Independent,Bob Barr,67
McMinn,President,NA,Independent,Brian Moore,13
McMinn,President,NA,Independent,Charles Jay,6
McMinn,President,NA,Independent,Chuck Baldwin,65
McMinn,President,NA,Independent,Cynthia McKinney,15
McMinn,President,NA,Independent,Ralph Nader,93
McMinn,President,NA,Republican,John McCain,12989
McMinn,State House,23,Republican,Mike Bell,15688
McMinn,U.S. House,2,,Write-In - Bob Chapman,0
McMinn,U.S. House,2,,Write-In - Christopher Gouge,0
McMinn,U.S. House,2,Democratic,Bob Scott,3823
McMinn,U.S. House,2,Republican,"John J. Duncan, Jr.",14129
McMinn,U.S. Senate,NA,,Write-In - Casey Gouge,0
McMinn,U.S. Senate,NA,Democratic,Robert D. Tuke,3832
McMinn,U.S. Senate,NA,Independent,Chris Lugo,40
McMinn,U.S. Senate,NA,Independent,Christopher G. Fenner,69
McMinn,U.S. Senate,NA,Independent,Daniel Towers Lewis,60
McMinn,U.S. Senate,NA,Independent,David Gatchell,71
McMinn,U.S. Senate,NA,Independent,Ed Lawhorn,68
McMinn,U.S. Senate,NA,Independent,Edward L. Buck,264
McMinn,U.S. Senate,NA,Republican,Lamar Alexander,13464
McNairy,President,NA,Democratic,Barack Obama,3131
McNairy,President,NA,Independent,Bob Barr,17
McNairy,President,NA,Independent,Brian Moore,14
McNairy,President,NA,Independent,Charles Jay,1
McNairy,President,NA,Independent,Chuck Baldwin,32
McNairy,President,NA,Independent,Cynthia McKinney,12
McNairy,President,NA,Independent,Ralph Nader,80
McNairy,President,NA,Republican,John McCain,7135
McNairy,State House,71,Democratic,Stan Wheeler,4939
McNairy,State House,71,Independent,Stephen R. Childers,423
McNairy,State House,71,Republican,Vance Dennis,4629
McNairy,State Senate,26,Democratic,Randy Camp,4300
McNairy,State Senate,26,Republican,Dolores Gresham,5521
McNairy,U.S. House,7,Democratic,Randy G. Morris,3216
McNairy,U.S. House,7,Republican,Marsha Blackburn,5769
McNairy,U.S. Senate,NA,,Write-In - Casey Gouge,0
McNairy,U.S. Senate,NA,Democratic,Robert D. Tuke,2783
McNairy,U.S. Senate,NA,Independent,Chris Lugo,27
McNairy,U.S. Senate,NA,Independent,Christopher G. Fenner,52
McNairy,U.S. Senate,NA,Independent,Daniel Towers Lewis,23
McNairy,U.S. Senate,NA,Independent,David Gatchell,30
McNairy,U.S. Senate,NA,Independent,Ed Lawhorn,26
McNairy,U.S. Senate,NA,Independent,Edward L. Buck,121
McNairy,U.S. Senate,NA,Republican,Lamar Alexander,6908
Meigs,President,NA,Democratic,Barack Obama,1372
Meigs,President,NA,Independent,Bob Barr,14
Meigs,President,NA,Independent,Brian Moore,1
Meigs,President,NA,Independent,Charles Jay,4
Meigs,President,NA,Independent,Chuck Baldwin,17
Meigs,President,NA,Independent,Cynthia McKinney,4
Meigs,President,NA,Independent,Ralph Nader,28
Meigs,President,NA,Republican,John McCain,2797
Meigs,State House,22,Republican,Eric Watson,2633
Meigs,U.S. House,3,,Write-In - June Griffin,0
Meigs,U.S. House,3,Democratic,Doug Vandagriff,911
Meigs,U.S. House,3,Independent,Ed Choate,49
Meigs,U.S. House,3,Independent,Jean Howard-Hill,74
Meigs,U.S. House,3,Republican,Zach Wamp,2737
Meigs,U.S. Senate,NA,,Write-In - Casey Gouge,0
Meigs,U.S. Senate,NA,Democratic,Robert D. Tuke,951
Meigs,U.S. Senate,NA,Independent,Chris Lugo,13
Meigs,U.S. Senate,NA,Independent,Christopher G. Fenner,15
Meigs,U.S. Senate,NA,Independent,Daniel Towers Lewis,9
Meigs,U.S. Senate,NA,Independent,David Gatchell,11
Meigs,U.S. Senate,NA,Independent,Ed Lawhorn,21
Meigs,U.S. Senate,NA,Independent,Edward L. Buck,54
Meigs,U.S. Senate,NA,Republican,Lamar Alexander,2807
Monroe,President,NA,Democratic,Barack Obama,5053
Monroe,President,NA,Independent,Bob Barr,66
Monroe,President,NA,Independent,Brian Moore,9
Monroe,President,NA,Independent,Charles Jay,8
Monroe,President,NA,Independent,Chuck Baldwin,56
Monroe,President,NA,Independent,Cynthia McKinney,19
Monroe,President,NA,Independent,Ralph Nader,82
Monroe,President,NA,Republican,John McCain,11484
Monroe,State House,21,Republican,Jimmy Matlock,9985
Monroe,State House,23,Republican,Mike Bell,3561
Monroe,U.S. House,2,,Write-In - Bob Chapman,0
Monroe,U.S. House,2,,Write-In - Christopher Gouge,0
Monroe,U.S. House,2,Democratic,Bob Scott,3449
Monroe,U.S. House,2,Republican,"John J. Duncan, Jr.",12876
Monroe,U.S. Senate,NA,,Write-In - Casey Gouge,0
Monroe,U.S. Senate,NA,Democratic,Robert D. Tuke,3541
Monroe,U.S. Senate,NA,Independent,Chris Lugo,32
Monroe,U.S. Senate,NA,Independent,Christopher G. Fenner,53
Monroe,U.S. Senate,NA,Independent,Daniel Towers Lewis,35
Monroe,U.S. Senate,NA,Independent,David Gatchell,96
Monroe,U.S. Senate,NA,Independent,Ed Lawhorn,52
Monroe,U.S. Senate,NA,Independent,Edward L. Buck,217
Monroe,U.S. Senate,NA,Republican,Lamar Alexander,12198
Montgomery,President,NA,Democratic,Barack Obama,25716
Montgomery,President,NA,Independent,Bob Barr,144
Montgomery,President,NA,Independent,Brian Moore,23
Montgomery,President,NA,Independent,Charles Jay,17
Montgomery,President,NA,Independent,Chuck Baldwin,145
Montgomery,President,NA,Independent,Cynthia McKinney,73
Montgomery,President,NA,Independent,Ralph Nader,225
Montgomery,President,NA,Republican,John McCain,30175
Montgomery,State House,67,Democratic,Joe Pitts,12525
Montgomery,State House,68,Republican,Curtis Johnson,18177
Montgomery,State House,78,Democratic,David W. Davidson,2013
Montgomery,State House,78,Republican,Phillip Johnson,2818
Montgomery,State Senate,22,,Write-In - Rosalind Kurita,15174
Montgomery,State Senate,22,Democratic,Tim Barnes,28010
Montgomery,U.S. House,7,Democratic,Randy G. Morris,13159
Montgomery,U.S. House,7,Republican,Marsha Blackburn,22580
Montgomery,U.S. House,8,,Write-In - James Hart,0
Montgomery,U.S. House,8,Democratic,John Tanner,6422
Montgomery,U.S. Senate,NA,,Write-In - Casey Gouge,0
Montgomery,U.S. Senate,NA,Democratic,Robert D. Tuke,16337
Montgomery,U.S. Senate,NA,Independent,Chris Lugo,317
Montgomery,U.S. Senate,NA,Independent,Christopher G. Fenner,300
Montgomery,U.S. Senate,NA,Independent,Daniel Towers Lewis,331
Montgomery,U.S. Senate,NA,Independent,David Gatchell,223
Montgomery,U.S. Senate,NA,Independent,Ed Lawhorn,232
Montgomery,U.S. Senate,NA,Independent,Edward L. Buck,745
Montgomery,U.S. Senate,NA,Republican,Lamar Alexander,31012
Moore,President,NA,Democratic,Barack Obama,881
Moore,President,NA,Independent,Bob Barr,13
Moore,President,NA,Independent,Brian Moore,6
Moore,President,NA,Independent,Charles Jay,1
Moore,President,NA,Independent,Chuck Baldwin,16
Moore,President,NA,Independent,Cynthia McKinney,2
Moore,President,NA,Independent,Ralph Nader,23
Moore,President,NA,Republican,John McCain,2010
Moore,State House,39,Democratic,George Fraley,1345
Moore,State House,39,Republican,Steve Heath,1334
Moore,State Senate,16,Democratic,Jean Anne Rogers,806
Moore,State Senate,16,Republican,Jim Tracy,1909
Moore,U.S. House,4,Democratic,Lincoln Davis,1484
Moore,U.S. House,4,Independent,James Anthony Gray,58
Moore,U.S. House,4,Independent,Kevin Ragsdale,45
Moore,U.S. House,4,Republican,Monty J. Lankford,1210
Moore,U.S. Senate,NA,,Write-In - Casey Gouge,0
Moore,U.S. Senate,NA,Democratic,Robert D. Tuke,751
Moore,U.S. Senate,NA,Independent,Chris Lugo,7
Moore,U.S. Senate,NA,Independent,Christopher G. Fenner,18
Moore,U.S. Senate,NA,Independent,Daniel Towers Lewis,7
Moore,U.S. Senate,NA,Independent,David Gatchell,13
Moore,U.S. Senate,NA,Independent,Ed Lawhorn,15
Moore,U.S. Senate,NA,Independent,Edward L. Buck,41
Moore,U.S. Senate,NA,Republican,Lamar Alexander,1989
Morgan,President,NA,Democratic,Barack Obama,1969
Morgan,President,NA,Independent,Bob Barr,23
Morgan,President,NA,Independent,Brian Moore,6
Morgan,President,NA,Independent,Charles Jay,7
Morgan,President,NA,Independent,Chuck Baldwin,43
Morgan,President,NA,Independent,Cynthia McKinney,20
Morgan,President,NA,Independent,Ralph Nader,37
Morgan,President,NA,Republican,John McCain,4717
Morgan,State House,41,Democratic,John Mark Windle,5769
Morgan,State Senate,12,Democratic,Becky Ruppe,3760
Morgan,State Senate,12,Independent,Christopher G. Fenner,274
Morgan,State Senate,12,Republican,Ken Yager,2693
Morgan,U.S. House,4,Democratic,Lincoln Davis,4305
Morgan,U.S. House,4,Independent,James Anthony Gray,84
Morgan,U.S. House,4,Independent,Kevin Ragsdale,99
Morgan,U.S. House,4,Republican,Monty J. Lankford,1905
Morgan,U.S. Senate,NA,,Write-In - Casey Gouge,0
Morgan,U.S. Senate,NA,Democratic,Robert D. Tuke,1334
Morgan,U.S. Senate,NA,Independent,Chris Lugo,12
Morgan,U.S. Senate,NA,Independent,Christopher G. Fenner,27
Morgan,U.S. Senate,NA,Independent,Daniel Towers Lewis,18
Morgan,U.S. Senate,NA,Independent,David Gatchell,21
Morgan,U.S. Senate,NA,Independent,Ed Lawhorn,23
Morgan,U.S. Senate,NA,Independent,Edward L. Buck,75
Morgan,U.S. Senate,NA,Republican,Lamar Alexander,4746
Obion,President,NA,Democratic,Barack Obama,4308
Obion,President,NA,Independent,Bob Barr,33
Obion,President,NA,Independent,Brian Moore,9
Obion,President,NA,Independent,Charles Jay,7
Obion,President,NA,Independent,Chuck Baldwin,45
Obion,President,NA,Independent,Cynthia McKinney,19
Obion,President,NA,Independent,Ralph Nader,98
Obion,President,NA,Republican,John McCain,8873
Obion,State House,77,Democratic,Judy Barker,7365
Obion,State House,77,Republican,Bill Sanderson,5691
Obion,State Senate,24,Democratic,Roy B. Herron,8298
Obion,U.S. House,8,,Write-In - James Hart,0
Obion,U.S. House,8,Democratic,John Tanner,8566
Obion,U.S. Senate,NA,,Write-In - Casey Gouge,0
Obion,U.S. Senate,NA,Democratic,Robert D. Tuke,3385
Obion,U.S. Senate,NA,Independent,Chris Lugo,39
Obion,U.S. Senate,NA,Independent,Christopher G. Fenner,72
Obion,U.S. Senate,NA,Independent,Daniel Towers Lewis,56
Obion,U.S. Senate,NA,Independent,David Gatchell,47
Obion,U.S. Senate,NA,Independent,Ed Lawhorn,35
Obion,U.S. Senate,NA,Independent,Edward L. Buck,125
Obion,U.S. Senate,NA,Republican,Lamar Alexander,8056
Overton,President,NA,Democratic,Barack Obama,3419
Overton,President,NA,Independent,Bob Barr,38
Overton,President,NA,Independent,Brian Moore,11
Overton,President,NA,Independent,Charles Jay,5
Overton,President,NA,Independent,Chuck Baldwin,41
Overton,President,NA,Independent,Cynthia McKinney,22
Overton,President,NA,Independent,Ralph Nader,59
Overton,President,NA,Republican,John McCain,4497
Overton,State House,41,Democratic,John Mark Windle,6139
Overton,U.S. House,6,Democratic,Bart Gordon,5504
Overton,U.S. House,6,Independent,Chris Baker,1111
Overton,U.S. Senate,NA,,Write-In - Casey Gouge,0
Overton,U.S. Senate,NA,Democratic,Robert D. Tuke,2309
Overton,U.S. Senate,NA,Independent,Chris Lugo,15
Overton,U.S. Senate,NA,Independent,Christopher G. Fenner,30
Overton,U.S. Senate,NA,Independent,Daniel Towers Lewis,36
Overton,U.S. Senate,NA,Independent,David Gatchell,28
Overton,U.S. Senate,NA,Independent,Ed Lawhorn,20
Overton,U.S. Senate,NA,Independent,Edward L. Buck,128
Overton,U.S. Senate,NA,Republican,Lamar Alexander,4220
Perry,President,NA,Democratic,Barack Obama,1329
Perry,President,NA,Independent,Bob Barr,13
Perry,President,NA,Independent,Brian Moore,5
Perry,President,NA,Independent,Charles Jay,0
Perry,President,NA,Independent,Chuck Baldwin,25
Perry,President,NA,Independent,Cynthia McKinney,7
Perry,President,NA,Independent,Ralph Nader,25
Perry,President,NA,Republican,John McCain,1596
Perry,State House,74,Democratic,John C. Tidwell,1689
Perry,State Senate,24,Democratic,Roy B. Herron,1619
Perry,U.S. House,7,Democratic,Randy G. Morris,1053
Perry,U.S. House,7,Republican,Marsha Blackburn,1456
Perry,U.S. Senate,NA,,Write-In - Casey Gouge,0
Perry,U.S. Senate,NA,Democratic,Robert D. Tuke,1026
Perry,U.S. Senate,NA,Independent,Chris Lugo,9
Perry,U.S. Senate,NA,Independent,Christopher G. Fenner,11
Perry,U.S. Senate,NA,Independent,Daniel Towers Lewis,17
Perry,U.S. Senate,NA,Independent,David Gatchell,7
Perry,U.S. Senate,NA,Independent,Ed Lawhorn,10
Perry,U.S. Senate,NA,Independent,Edward L. Buck,47
Perry,U.S. Senate,NA,Republican,Lamar Alexander,1559
Pickett,President,NA,Democratic,Barack Obama,854
Pickett,President,NA,Independent,Bob Barr,9
Pickett,President,NA,Independent,Brian Moore,2
Pickett,President,NA,Independent,Charles Jay,1
Pickett,President,NA,Independent,Chuck Baldwin,3
Pickett,President,NA,Independent,Cynthia McKinney,1
Pickett,President,NA,Independent,Ralph Nader,15
Pickett,President,NA,Republican,John McCain,1786
Pickett,State House,38,Democratic,Leslie Winningham,1929
Pickett,U.S. House,4,Democratic,Lincoln Davis,1686
Pickett,U.S. House,4,Independent,James Anthony Gray,37
Pickett,U.S. House,4,Independent,Kevin Ragsdale,19
Pickett,U.S. House,4,Republican,Monty J. Lankford,860
Pickett,U.S. Senate,NA,,Write-In - Casey Gouge,0
Pickett,U.S. Senate,NA,Democratic,Robert D. Tuke,575
Pickett,U.S. Senate,NA,Independent,Chris Lugo,9
Pickett,U.S. Senate,NA,Independent,Christopher G. Fenner,9
Pickett,U.S. Senate,NA,Independent,Daniel Towers Lewis,2
Pickett,U.S. Senate,NA,Independent,David Gatchell,6
Pickett,U.S. Senate,NA,Independent,Ed Lawhorn,7
Pickett,U.S. Senate,NA,Independent,Edward L. Buck,41
Pickett,U.S. Senate,NA,Republican,Lamar Alexander,1805
Polk,President,NA,Democratic,Barack Obama,2124
Polk,President,NA,Independent,Bob Barr,25
Polk,President,NA,Independent,Brian Moore,9
Polk,President,NA,Independent,Charles Jay,4
Polk,President,NA,Independent,Chuck Baldwin,24
Polk,President,NA,Independent,Cynthia McKinney,4
Polk,President,NA,Independent,Ralph Nader,44
Polk,President,NA,Republican,John McCain,4267
Polk,State House,22,Republican,Eric Watson,5002
Polk,U.S. House,3,,Write-In - June Griffin,0
Polk,U.S. House,3,Democratic,Doug Vandagriff,1724
Polk,U.S. House,3,Independent,Ed Choate,115
Polk,U.S. House,3,Independent,Jean Howard-Hill,96
Polk,U.S. House,3,Republican,Zach Wamp,4382
Polk,U.S. Senate,NA,,Write-In - Casey Gouge,0
Polk,U.S. Senate,NA,Democratic,Robert D. Tuke,1794
Polk,U.S. Senate,NA,Independent,Chris Lugo,15
Polk,U.S. Senate,NA,Independent,Christopher G. Fenner,29
Polk,U.S. Senate,NA,Independent,Daniel Towers Lewis,27
Polk,U.S. Senate,NA,Independent,David Gatchell,18
Polk,U.S. Senate,NA,Independent,Ed Lawhorn,36
Polk,U.S. Senate,NA,Independent,Edward L. Buck,89
Polk,U.S. Senate,NA,Republican,Lamar Alexander,4233
Putnam,President,NA,Democratic,Barack Obama,9739
Putnam,President,NA,Independent,Bob Barr,108
Putnam,President,NA,Independent,Brian Moore,23
Putnam,President,NA,Independent,Charles Jay,9
Putnam,President,NA,Independent,Chuck Baldwin,124
Putnam,President,NA,Independent,Cynthia McKinney,36
Putnam,President,NA,Independent,Ralph Nader,176
Putnam,President,NA,Republican,John McCain,17101
Putnam,State House,42,Democratic,Henry D Fincher,17019
Putnam,State House,43,Democratic,Charles Curtiss,1006
Putnam,U.S. House,6,Democratic,Bart Gordon,17612
Putnam,U.S. House,6,Independent,Chris Baker,5289
Putnam,U.S. Senate,NA,,Write-In - Casey Gouge,0
Putnam,U.S. Senate,NA,Democratic,Robert D. Tuke,6990
Putnam,U.S. Senate,NA,Independent,Chris Lugo,109
Putnam,U.S. Senate,NA,Independent,Christopher G. Fenner,118
Putnam,U.S. Senate,NA,Independent,Daniel Towers Lewis,110
Putnam,U.S. Senate,NA,Independent,David Gatchell,84
Putnam,U.S. Senate,NA,Independent,Ed Lawhorn,100
Putnam,U.S. Senate,NA,Independent,Edward L. Buck,540
Putnam,U.S. Senate,NA,Republican,Lamar Alexander,16629
Rhea,President,NA,Democratic,Barack Obama,2907
Rhea,President,NA,Independent,Bob Barr,42
Rhea,President,NA,Independent,Brian Moore,10
Rhea,President,NA,Independent,Charles Jay,7
Rhea,President,NA,Independent,Chuck Baldwin,38
Rhea,President,NA,Independent,Cynthia McKinney,17
Rhea,President,NA,Independent,Ralph Nader,43
Rhea,President,NA,Republican,John McCain,8042
Rhea,State House,31,Republican,Jim Cobb,9191
Rhea,State Senate,12,Democratic,Becky Ruppe,3600
Rhea,State Senate,12,Independent,Christopher G. Fenner,299
Rhea,State Senate,12,Republican,Ken Yager,6627
Rhea,U.S. House,3,,Write-In - June Griffin,7
Rhea,U.S. House,3,Democratic,Doug Vandagriff,2060
Rhea,U.S. House,3,Independent,Ed Choate,174
Rhea,U.S. House,3,Independent,Jean Howard-Hill,135
Rhea,U.S. House,3,Republican,Zach Wamp,8030
Rhea,U.S. Senate,NA,,Write-In - Casey Gouge,0
Rhea,U.S. Senate,NA,Democratic,Robert D. Tuke,2102
Rhea,U.S. Senate,NA,Independent,Chris Lugo,27
Rhea,U.S. Senate,NA,Independent,Christopher G. Fenner,50
Rhea,U.S. Senate,NA,Independent,Daniel Towers Lewis,39
Rhea,U.S. Senate,NA,Independent,David Gatchell,25
Rhea,U.S. Senate,NA,Independent,Ed Lawhorn,52
Rhea,U.S. Senate,NA,Independent,Edward L. Buck,111
Rhea,U.S. Senate,NA,Republican,Lamar Alexander,7907
Roane,President,NA,Democratic,Barack Obama,7224
Roane,President,NA,Independent,Bob Barr,93
Roane,President,NA,Independent,Brian Moore,12
Roane,President,NA,Independent,Charles Jay,9
Roane,President,NA,Independent,Chuck Baldwin,77
Roane,President,NA,Independent,Cynthia McKinney,33
Roane,President,NA,Independent,Ralph Nader,170
Roane,President,NA,Republican,John McCain,15658
Roane,State House,32,Democratic,Dennis Ferguson,17432
Roane,State Senate,12,Democratic,Becky Ruppe,10128
Roane,State Senate,12,Independent,Christopher G. Fenner,1180
Roane,State Senate,12,Republican,Ken Yager,11339
Roane,U.S. House,3,,Write-In - June Griffin,0
Roane,U.S. House,3,Democratic,Doug Vandagriff,928
Roane,U.S. House,3,Independent,Ed Choate,80
Roane,U.S. House,3,Independent,Jean Howard-Hill,74
Roane,U.S. House,3,Republican,Zach Wamp,3052
Roane,U.S. House,4,Democratic,Lincoln Davis,11192
Roane,U.S. House,4,Independent,James Anthony Gray,270
Roane,U.S. House,4,Independent,Kevin Ragsdale,373
Roane,U.S. House,4,Republican,Monty J. Lankford,6225
Roane,U.S. Senate,NA,,Write-In - Casey Gouge,0
Roane,U.S. Senate,NA,Democratic,Robert D. Tuke,5042
Roane,U.S. Senate,NA,Independent,Chris Lugo,47
Roane,U.S. Senate,NA,Independent,Christopher G. Fenner,122
Roane,U.S. Senate,NA,Independent,Daniel Towers Lewis,58
Roane,U.S. Senate,NA,Independent,David Gatchell,49
Roane,U.S. Senate,NA,Independent,Ed Lawhorn,116
Roane,U.S. Senate,NA,Independent,Edward L. Buck,240
Roane,U.S. Senate,NA,Republican,Lamar Alexander,16617
Robertson,President,NA,Democratic,Barack Obama,9318
Robertson,President,NA,Independent,Bob Barr,87
Robertson,President,NA,Independent,Brian Moore,14
Robertson,President,NA,Independent,Charles Jay,10
Robertson,President,NA,Independent,Chuck Baldwin,96
Robertson,President,NA,Independent,Cynthia McKinney,22
Robertson,President,NA,Independent,Ralph Nader,164
Robertson,President,NA,Republican,John McCain,17903
Robertson,State House,66,Democratic,Robert T. (Bob) Bibb,12688
Robertson,State House,66,Republican,Joshua G. Evans,13983
Robertson,State Senate,18,Democratic,Jim Hawkins,8354
Robertson,State Senate,18,Republican,Diane Black,16078
Robertson,U.S. House,6,Democratic,Bart Gordon,15881
Robertson,U.S. House,6,Independent,Chris Baker,6373
Robertson,U.S. Senate,NA,,Write-In - Casey Gouge,0
Robertson,U.S. Senate,NA,Democratic,Robert D. Tuke,6744
Robertson,U.S. Senate,NA,Independent,Chris Lugo,83
Robertson,U.S. Senate,NA,Independent,Christopher G. Fenner,128
Robertson,U.S. Senate,NA,Independent,Daniel Towers Lewis,77
Robertson,U.S. Senate,NA,Independent,David Gatchell,79
Robertson,U.S. Senate,NA,Independent,Ed Lawhorn,99
Robertson,U.S. Senate,NA,Independent,Edward L. Buck,466
Robertson,U.S. Senate,NA,Republican,Lamar Alexander,17485
Rutherford,President,NA,Democratic,Barack Obama,40460
Rutherford,President,NA,Independent,Bob Barr,372
Rutherford,President,NA,Independent,Brian Moore,32
Rutherford,President,NA,Independent,Charles Jay,47
Rutherford,President,NA,Independent,Chuck Baldwin,320
Rutherford,President,NA,Independent,Cynthia McKinney,109
Rutherford,President,NA,Independent,Ralph Nader,505
Rutherford,President,NA,Republican,John McCain,59892
Rutherford,State House,34,Democratic,Rishi K Saxena,13004
Rutherford,State House,34,Republican,Donna Rowland,24664
Rutherford,State House,48,Democratic,Tim Tipps,13140
Rutherford,State House,48,Republican,Joe Carr,13968
Rutherford,State House,49,Democratic,Kent Coleman,15660
Rutherford,State House,49,Republican,Rick Womick,14013
Rutherford,State House,62,Democratic,Curt Cobb,697
Rutherford,State House,62,Republican,Barbara Blanton,915
Rutherford,State Senate,16,Democratic,Jean Anne Rogers,27390
Rutherford,State Senate,16,Republican,Jim Tracy,33970
Rutherford,U.S. House,6,Democratic,Bart Gordon,66508
Rutherford,U.S. House,6,Independent,Chris Baker,23043
Rutherford,U.S. Senate,NA,,Write-In - Casey Gouge,0
Rutherford,U.S. Senate,NA,Democratic,Robert D. Tuke,28906
Rutherford,U.S. Senate,NA,Independent,Chris Lugo,537
Rutherford,U.S. Senate,NA,Independent,Christopher G. Fenner,490
Rutherford,U.S. Senate,NA,Independent,Daniel Towers Lewis,514
Rutherford,U.S. Senate,NA,Independent,David Gatchell,363
Rutherford,U.S. Senate,NA,Independent,Ed Lawhorn,410
Rutherford,U.S. Senate,NA,Independent,Edward L. Buck,1770
Rutherford,U.S. Senate,NA,Republican,Lamar Alexander,62464
Scott,President,NA,Democratic,Barack Obama,1720
Scott,President,NA,Independent,Bob Barr,33
Scott,President,NA,Independent,Brian Moore,6
Scott,President,NA,Independent,Charles Jay,8
Scott,President,NA,Independent,Chuck Baldwin,22
Scott,President,NA,Independent,Cynthia McKinney,10
Scott,President,NA,Independent,Ralph Nader,53
Scott,President,NA,Republican,John McCain,4931
Scott,State House,38,Democratic,Leslie Winningham,4744
Scott,State Senate,12,Democratic,Becky Ruppe,2868
Scott,State Senate,12,Independent,Christopher G. Fenner,255
Scott,State Senate,12,Republican,Ken Yager,2966
Scott,U.S. House,4,Democratic,Lincoln Davis,3988
Scott,U.S. House,4,Independent,James Anthony Gray,75
Scott,U.S. House,4,Independent,Kevin Ragsdale,78
Scott,U.S. House,4,Republican,Monty J. Lankford,1623
Scott,U.S. Senate,NA,,Write-In - Casey Gouge,0
Scott,U.S. Senate,NA,Democratic,Robert D. Tuke,1099
Scott,U.S. Senate,NA,Independent,Chris Lugo,20
Scott,U.S. Senate,NA,Independent,Christopher G. Fenner,38
Scott,U.S. Senate,NA,Independent,Daniel Towers Lewis,20
Scott,U.S. Senate,NA,Independent,David Gatchell,19
Scott,U.S. Senate,NA,Independent,Ed Lawhorn,22
Scott,U.S. Senate,NA,Independent,Edward L. Buck,71
Scott,U.S. Senate,NA,Republican,Lamar Alexander,4501
Sequatchie,President,NA,Democratic,Barack Obama,1717
Sequatchie,President,NA,Independent,Bob Barr,24
Sequatchie,President,NA,Independent,Brian Moore,7
Sequatchie,President,NA,Independent,Charles Jay,4
Sequatchie,President,NA,Independent,Chuck Baldwin,33
Sequatchie,President,NA,Independent,Cynthia McKinney,8
Sequatchie,President,NA,Independent,Ralph Nader,34
Sequatchie,President,NA,Republican,John McCain,3610
Sequatchie,State House,37,Democratic,Bill W. Harmon,3310
Sequatchie,State House,37,Republican,Rip Van Winkle,1929
Sequatchie,State Senate,14,Democratic,Eric Stewart,2400
Sequatchie,State Senate,14,Republican,Mike Niederhauser,2153
Sequatchie,U.S. House,4,Democratic,Lincoln Davis,2841
Sequatchie,U.S. House,4,Independent,James Anthony Gray,84
Sequatchie,U.S. House,4,Independent,Kevin Ragsdale,58
Sequatchie,U.S. House,4,Republican,Monty J. Lankford,1730
Sequatchie,U.S. Senate,NA,,Write-In - Casey Gouge,0
Sequatchie,U.S. Senate,NA,Democratic,Robert D. Tuke,1238
Sequatchie,U.S. Senate,NA,Independent,Chris Lugo,19
Sequatchie,U.S. Senate,NA,Independent,Christopher G. Fenner,23
Sequatchie,U.S. Senate,NA,Independent,Daniel Towers Lewis,28
Sequatchie,U.S. Senate,NA,Independent,David Gatchell,17
Sequatchie,U.S. Senate,NA,Independent,Ed Lawhorn,25
Sequatchie,U.S. Senate,NA,Independent,Edward L. Buck,55
Sequatchie,U.S. Senate,NA,Republican,Lamar Alexander,3553
Sevier,President,NA,Democratic,Barack Obama,8604
Sevier,President,NA,Independent,Bob Barr,85
Sevier,President,NA,Independent,Brian Moore,27
Sevier,President,NA,Independent,Charles Jay,13
Sevier,President,NA,Independent,Chuck Baldwin,106
Sevier,President,NA,Independent,Cynthia McKinney,31
Sevier,President,NA,Independent,Ralph Nader,153
Sevier,President,NA,Republican,John McCain,24922
Sevier,State House,12,Republican,Richard Montgomery,21983
Sevier,State House,8,Republican,Joe McCord,3657
Sevier,State Senate,8,Independent,Ira (Doc) Lapides,5048
Sevier,State Senate,8,Republican,Doug Overbey,23608
Sevier,U.S. House,1,Democratic,Rob Russell,5465
Sevier,U.S. House,1,Independent,James W. Reeves,373
Sevier,U.S. House,1,Independent,Joel Goodman,557
Sevier,U.S. House,1,Independent,Thomas (T.K.) Owens,344
Sevier,U.S. House,1,Republican,Phil Roe,16157
Sevier,U.S. House,2,,Write-In - Bob Chapman,0
Sevier,U.S. House,2,,Write-In - Christopher Gouge,0
Sevier,U.S. House,2,Democratic,Bob Scott,1286
Sevier,U.S. House,2,Republican,"John J. Duncan, Jr.",6043
Sevier,U.S. Senate,NA,,Write-In - Casey Gouge,0
Sevier,U.S. Senate,NA,Democratic,Robert D. Tuke,5539
Sevier,U.S. Senate,NA,Independent,Chris Lugo,132
Sevier,U.S. Senate,NA,Independent,Christopher G. Fenner,193
Sevier,U.S. Senate,NA,Independent,Daniel Towers Lewis,128
Sevier,U.S. Senate,NA,Independent,David Gatchell,99
Sevier,U.S. Senate,NA,Independent,Ed Lawhorn,112
Sevier,U.S. Senate,NA,Independent,Edward L. Buck,497
Sevier,U.S. Senate,NA,Republican,Lamar Alexander,26021
Shelby,President,NA,Democratic,Barack Obama,256297
Shelby,President,NA,Independent,Bob Barr,725
Shelby,President,NA,Independent,Brian Moore,113
Shelby,President,NA,Independent,Charles Jay,103
Shelby,President,NA,Independent,Chuck Baldwin,610
Shelby,President,NA,Independent,Cynthia McKinney,201
Shelby,President,NA,Independent,Ralph Nader,673
Shelby,President,NA,Republican,John McCain,145458
Shelby,State House,83,Republican,Brian Kelsey,20592
Shelby,State House,84,Democratic,"Joe Towns, Jr.",17293
Shelby,State House,85,Democratic,Larry Turner,23030
Shelby,State House,86,Democratic,Barbara Cooper,14592
Shelby,State House,86,Republican,"George T. Edwards, III",4233
Shelby,State House,87,Democratic,Karen Camper,11733
Shelby,State House,88,Democratic,Larry J. Miller,14051
Shelby,State House,88,Independent,David W. Vinciarelli,2643
Shelby,State House,89,Democratic,Jeanne D. Richardson,11219
Shelby,State House,90,Democratic,"John J. Deberry, Jr.",15577
Shelby,State House,91,Democratic,Lois M. DeBerry,15505
Shelby,State House,91,Republican,"Timothy Edward Cook, Jr.",2646
Shelby,State House,92,Democratic,"G. A. Hardaway, Sr.",14819
Shelby,State House,93,Democratic,Mike Kernell,12363
Shelby,State House,93,Republican,Tim Cook,6550
Shelby,State House,95,Republican,Curry Todd,31911
Shelby,State House,96,Republican,Steve McManus,19733
Shelby,State House,97,Republican,Jim Coley,17354
Shelby,State House,98,Democratic,"Ulysses Jones, Jr.",16397
Shelby,State House,99,Republican,Ron Lollar,24882
Shelby,State Senate,28,Democratic,Jim Kyle,39007
Shelby,State Senate,30,Democratic,Beverly Robison Marrero,38680
Shelby,State Senate,32,Republican,Mark Norris,29627
Shelby,U.S. House,7,Democratic,Randy G. Morris,35331
Shelby,U.S. House,7,Republican,Marsha Blackburn,76107
Shelby,U.S. House,8,,Write-In - James Hart,0
Shelby,U.S. House,8,Democratic,John Tanner,18900
Shelby,U.S. House,9,Democratic,Steve Cohen,198798
Shelby,U.S. House,9,Independent,Dewey Clark,10047
Shelby,U.S. House,9,Independent,Jake Ford,11003
Shelby,U.S. House,9,Independent,"Mary ""Taylor Shelby"" Wright",6434
Shelby,U.S. Senate,NA,,Write-In - Casey Gouge,0
Shelby,U.S. Senate,NA,Democratic,Robert D. Tuke,173924
Shelby,U.S. Senate,NA,Independent,Chris Lugo,1144
Shelby,U.S. Senate,NA,Independent,Christopher G. Fenner,1845
Shelby,U.S. Senate,NA,Independent,Daniel Towers Lewis,1175
Shelby,U.S. Senate,NA,Independent,David Gatchell,1247
Shelby,U.S. Senate,NA,Independent,Ed Lawhorn,1146
Shelby,U.S. Senate,NA,Independent,Edward L. Buck,2807
Shelby,U.S. Senate,NA,Republican,Lamar Alexander,189851
Smith,President,NA,Democratic,Barack Obama,2992
Smith,President,NA,Independent,Bob Barr,33
Smith,President,NA,Independent,Brian Moore,7
Smith,President,NA,Independent,Charles Jay,2
Smith,President,NA,Independent,Chuck Baldwin,67
Smith,President,NA,Independent,Cynthia McKinney,12
Smith,President,NA,Independent,Ralph Nader,65
Smith,President,NA,Republican,John McCain,4563
Smith,State House,40,Democratic,Cleveland Derrick Bain,3259
Smith,State House,40,Independent,Ray Amalfitano,150
Smith,State House,40,Republican,Terri Lynn Weaver,3969
Smith,U.S. House,6,Democratic,Bart Gordon,5443
Smith,U.S. House,6,Independent,Chris Baker,1316
Smith,U.S. Senate,NA,,Write-In - Casey Gouge,0
Smith,U.S. Senate,NA,Democratic,Robert D. Tuke,2136
Smith,U.S. Senate,NA,Independent,Chris Lugo,19
Smith,U.S. Senate,NA,Independent,Christopher G. Fenner,26
Smith,U.S. Senate,NA,Independent,Daniel Towers Lewis,22
Smith,U.S. Senate,NA,Independent,David Gatchell,20
Smith,U.S. Senate,NA,Independent,Ed Lawhorn,27
Smith,U.S. Senate,NA,Independent,Edward L. Buck,240
Smith,U.S. Senate,NA,Republican,Lamar Alexander,4458
Stewart,President,NA,Democratic,Barack Obama,2470
Stewart,President,NA,Independent,Bob Barr,18
Stewart,President,NA,Independent,Brian Moore,2
Stewart,President,NA,Independent,Charles Jay,6
Stewart,President,NA,Independent,Chuck Baldwin,15
Stewart,President,NA,Independent,Cynthia McKinney,6
Stewart,President,NA,Independent,Ralph Nader,34
Stewart,President,NA,Republican,John McCain,2956
Stewart,State House,75,,Write-In - James Hart,24
Stewart,State House,75,Democratic,Willie Butch Borchert,2587
Stewart,State House,75,Republican,Timothy Wirgau,2228
Stewart,State Senate,24,Democratic,Roy B. Herron,3193
Stewart,U.S. House,8,,Write-In - James Hart,11
Stewart,U.S. House,8,Democratic,John Tanner,3748
Stewart,U.S. Senate,NA,,Write-In - Casey Gouge,0
Stewart,U.S. Senate,NA,Democratic,Robert D. Tuke,1779
Stewart,U.S. Senate,NA,Independent,Chris Lugo,29
Stewart,U.S. Senate,NA,Independent,Christopher G. Fenner,32
Stewart,U.S. Senate,NA,Independent,Daniel Towers Lewis,40
Stewart,U.S. Senate,NA,Independent,David Gatchell,19
Stewart,U.S. Senate,NA,Independent,Ed Lawhorn,30
Stewart,U.S. Senate,NA,Independent,Edward L. Buck,86
Stewart,U.S. Senate,NA,Republican,Lamar Alexander,3006
Sullivan,President,NA,Democratic,Barack Obama,18354
Sullivan,President,NA,Independent,Bob Barr,222
Sullivan,President,NA,Independent,Brian Moore,21
Sullivan,President,NA,Independent,Charles Jay,16
Sullivan,President,NA,Independent,Chuck Baldwin,254
Sullivan,President,NA,Independent,Cynthia McKinney,48
Sullivan,President,NA,Independent,Ralph Nader,274
Sullivan,President,NA,Republican,John McCain,44808
Sullivan,State House,1,Democratic,Michael Blain Surgenor,6803
Sullivan,State House,1,Republican,Jon C. Lundberg,12986
Sullivan,State House,2,Democratic,Nathan Vaughn,12536
Sullivan,State House,2,Republican,Tony Shipley,12858
Sullivan,State House,3,Republican,Jason E. Mumpower,14379
Sullivan,State Senate,2,Democratic,Bill Jones,17013
Sullivan,State Senate,2,Republican,Ron Ramsey,44490
Sullivan,U.S. House,1,Democratic,Rob Russell,15335
Sullivan,U.S. House,1,Independent,James W. Reeves,349
Sullivan,U.S. House,1,Independent,Joel Goodman,714
Sullivan,U.S. House,1,Independent,Thomas (T.K.) Owens,337
Sullivan,U.S. House,1,Republican,Phil Roe,43825
Sullivan,U.S. Senate,NA,,Write-In - Casey Gouge,0
Sullivan,U.S. Senate,NA,Democratic,Robert D. Tuke,12906
Sullivan,U.S. Senate,NA,Independent,Chris Lugo,121
Sullivan,U.S. Senate,NA,Independent,Christopher G. Fenner,173
Sullivan,U.S. Senate,NA,Independent,Daniel Towers Lewis,204
Sullivan,U.S. Senate,NA,Independent,David Gatchell,117
Sullivan,U.S. Senate,NA,Independent,Ed Lawhorn,132
Sullivan,U.S. Senate,NA,Independent,Edward L. Buck,482
Sullivan,U.S. Senate,NA,Republican,Lamar Alexander,47721
Sumner,President,NA,Democratic,Barack Obama,21487
Sumner,President,NA,Independent,Bob Barr,227
Sumner,President,NA,Independent,Brian Moore,21
Sumner,President,NA,Independent,Charles Jay,22
Sumner,President,NA,Independent,Chuck Baldwin,184
Sumner,President,NA,Independent,Cynthia McKinney,52
Sumner,President,NA,Independent,Ralph Nader,286
Sumner,President,NA,Republican,John McCain,44949
Sumner,State House,44,Democratic,Mike McDonald,19747
Sumner,State House,45,Democratic,Andy Allman,10466
Sumner,State House,45,Republican,Debra Maggart,19473
Sumner,State House,57,Democratic,Ken Wilkinson,1871
Sumner,State House,57,Republican,Susan M. Lynn,5935
Sumner,State Senate,18,Democratic,Jim Hawkins,20842
Sumner,State Senate,18,Republican,Diane Black,38474
Sumner,U.S. House,6,Democratic,Bart Gordon,38804
Sumner,U.S. House,6,Independent,Chris Baker,17478
Sumner,U.S. Senate,NA,,Write-In - Casey Gouge,0
Sumner,U.S. Senate,NA,Democratic,Robert D. Tuke,15134
Sumner,U.S. Senate,NA,Independent,Chris Lugo,247
Sumner,U.S. Senate,NA,Independent,Christopher G. Fenner,278
Sumner,U.S. Senate,NA,Independent,Daniel Towers Lewis,248
Sumner,U.S. Senate,NA,Independent,David Gatchell,174
Sumner,U.S. Senate,NA,Independent,Ed Lawhorn,276
Sumner,U.S. Senate,NA,Independent,Edward L. Buck,1261
Sumner,U.S. Senate,NA,Republican,Lamar Alexander,44945
Tipton,President,NA,Democratic,Barack Obama,7931
Tipton,President,NA,Independent,Bob Barr,68
Tipton,President,NA,Independent,Brian Moore,11
Tipton,President,NA,Independent,Charles Jay,5
Tipton,President,NA,Independent,Chuck Baldwin,52
Tipton,President,NA,Independent,Cynthia McKinney,20
Tipton,President,NA,Independent,Ralph Nader,64
Tipton,President,NA,Republican,John McCain,17165
Tipton,State House,81,Democratic,Jimmy Naifeh,8969
Tipton,State House,81,Republican,Rory B Bricco,5173
Tipton,State House,94,Democratic,John F. Dowdy,2280
Tipton,State House,94,Republican,Barrett Rich,5500
Tipton,State Senate,32,Republican,Mark Norris,15288
Tipton,U.S. House,8,,Write-In - James Hart,0
Tipton,U.S. House,8,Democratic,John Tanner,15177
Tipton,U.S. Senate,NA,,Write-In - Casey Gouge,0
Tipton,U.S. Senate,NA,Democratic,Robert D. Tuke,5299
Tipton,U.S. Senate,NA,Independent,Chris Lugo,82
Tipton,U.S. Senate,NA,Independent,Christopher G. Fenner,124
Tipton,U.S. Senate,NA,Independent,Daniel Towers Lewis,74
Tipton,U.S. Senate,NA,Independent,David Gatchell,86
Tipton,U.S. Senate,NA,Independent,Ed Lawhorn,73
Tipton,U.S. Senate,NA,Independent,Edward L. Buck,221
Tipton,U.S. Senate,NA,Republican,Lamar Alexander,17157
Trousdale,President,NA,Democratic,Barack Obama,1475
Trousdale,President,NA,Independent,Bob Barr,13
Trousdale,President,NA,Independent,Brian Moore,2
Trousdale,President,NA,Independent,Charles Jay,1
Trousdale,President,NA,Independent,Chuck Baldwin,32
Trousdale,President,NA,Independent,Cynthia McKinney,4
Trousdale,President,NA,Independent,Ralph Nader,24
Trousdale,President,NA,Republican,John McCain,1688
Trousdale,State House,46,Democratic,Stratton Bone,1976
Trousdale,State House,46,Republican,Albert McCall,916
Trousdale,U.S. House,6,Democratic,Bart Gordon,2329
Trousdale,U.S. House,6,Independent,Chris Baker,205
Trousdale,U.S. Senate,NA,,Write-In - Casey Gouge,0
Trousdale,U.S. Senate,NA,Democratic,Robert D. Tuke,890
Trousdale,U.S. Senate,NA,Independent,Chris Lugo,15
Trousdale,U.S. Senate,NA,Independent,Christopher G. Fenner,11
Trousdale,U.S. Senate,NA,Independent,Daniel Towers Lewis,26
Trousdale,U.S. Senate,NA,Independent,David Gatchell,8
Trousdale,U.S. Senate,NA,Independent,Ed Lawhorn,10
Trousdale,U.S. Senate,NA,Independent,Edward L. Buck,64
Trousdale,U.S. Senate,NA,Republican,Lamar Alexander,1725
Unicoi,President,NA,Democratic,Barack Obama,2107
Unicoi,President,NA,Independent,Bob Barr,26
Unicoi,President,NA,Independent,Brian Moore,5
Unicoi,President,NA,Independent,Charles Jay,3
Unicoi,President,NA,Independent,Chuck Baldwin,37
Unicoi,President,NA,Independent,Cynthia McKinney,3
Unicoi,President,NA,Independent,Ralph Nader,31
Unicoi,President,NA,Republican,John McCain,5011
Unicoi,State House,5,Democratic,Casey Nicholson,1343
Unicoi,State House,5,Republican,David B. Hawk,4657
Unicoi,U.S. House,1,Democratic,Rob Russell,1419
Unicoi,U.S. House,1,Independent,James W. Reeves,61
Unicoi,U.S. House,1,Independent,Joel Goodman,110
Unicoi,U.S. House,1,Independent,Thomas (T.K.) Owens,44
Unicoi,U.S. House,1,Republican,Phil Roe,4659
Unicoi,U.S. Senate,NA,,Write-In - Casey Gouge,0
Unicoi,U.S. Senate,NA,Democratic,Robert D. Tuke,1257
Unicoi,U.S. Senate,NA,Independent,Chris Lugo,17
Unicoi,U.S. Senate,NA,Independent,Christopher G. Fenner,29
Unicoi,U.S. Senate,NA,Independent,Daniel Towers Lewis,27
Unicoi,U.S. Senate,NA,Independent,David Gatchell,15
Unicoi,U.S. Senate,NA,Independent,Ed Lawhorn,24
Unicoi,U.S. Senate,NA,Independent,Edward L. Buck,82
Unicoi,U.S. Senate,NA,Republican,Lamar Alexander,5251
Union,President,NA,Democratic,Barack Obama,1829
Union,President,NA,Independent,Bob Barr,18
Union,President,NA,Independent,Brian Moore,6
Union,President,NA,Independent,Charles Jay,2
Union,President,NA,Independent,Chuck Baldwin,22
Union,President,NA,Independent,Cynthia McKinney,17
Union,President,NA,Independent,Ralph Nader,38
Union,President,NA,Republican,John McCain,4467
Union,State House,36,Democratic,Roger Byrge,2146
Union,State House,36,Independent,Virgil Kidwell,299
Union,State House,36,Republican,Chad Faulkner,2968
Union,State Senate,4,Independent,Micheal Williams,3757
Union,State Senate,4,Republican,Mike Faulk,2149
Union,U.S. House,3,,Write-In - June Griffin,0
Union,U.S. House,3,Democratic,Doug Vandagriff,1128
Union,U.S. House,3,Independent,Ed Choate,92
Union,U.S. House,3,Independent,Jean Howard-Hill,119
Union,U.S. House,3,Republican,Zach Wamp,3615
Union,U.S. Senate,NA,,Write-In - Casey Gouge,0
Union,U.S. Senate,NA,Democratic,Robert D. Tuke,1139
Union,U.S. Senate,NA,Independent,Chris Lugo,19
Union,U.S. Senate,NA,Independent,Christopher G. Fenner,30
Union,U.S. Senate,NA,Independent,Daniel Towers Lewis,22
Union,U.S. Senate,NA,Independent,David Gatchell,23
Union,U.S. Senate,NA,Independent,Ed Lawhorn,27
Union,U.S. Senate,NA,Independent,Edward L. Buck,104
Union,U.S. Senate,NA,Republican,Lamar Alexander,4276
Van Buren,President,NA,Democratic,Barack Obama,849
Van Buren,President,NA,Independent,Bob Barr,11
Van Buren,President,NA,Independent,Brian Moore,3
Van Buren,President,NA,Independent,Charles Jay,2
Van Buren,President,NA,Independent,Chuck Baldwin,18
Van Buren,President,NA,Independent,Cynthia McKinney,3
Van Buren,President,NA,Independent,Ralph Nader,26
Van Buren,President,NA,Republican,John McCain,1294
Van Buren,State House,37,Democratic,Bill W. Harmon,1138
Van Buren,State House,37,Republican,Rip Van Winkle,999
Van Buren,State Senate,14,Democratic,Eric Stewart,1128
Van Buren,State Senate,14,Republican,Mike Niederhauser,760
Van Buren,U.S. House,4,Democratic,Lincoln Davis,1391
Van Buren,U.S. House,4,Independent,James Anthony Gray,30
Van Buren,U.S. House,4,Independent,Kevin Ragsdale,26
Van Buren,U.S. House,4,Republican,Monty J. Lankford,559
Van Buren,U.S. Senate,NA,,Write-In - Casey Gouge,0
Van Buren,U.S. Senate,NA,Democratic,Robert D. Tuke,661
Van Buren,U.S. Senate,NA,Independent,Chris Lugo,4
Van Buren,U.S. Senate,NA,Independent,Christopher G. Fenner,10
Van Buren,U.S. Senate,NA,Independent,Daniel Towers Lewis,7
Van Buren,U.S. Senate,NA,Independent,David Gatchell,12
Van Buren,U.S. Senate,NA,Independent,Ed Lawhorn,11
Van Buren,U.S. Senate,NA,Independent,Edward L. Buck,36
Van Buren,U.S. Senate,NA,Republican,Lamar Alexander,1223
Warren,President,NA,Democratic,Barack Obama,5515
Warren,President,NA,Independent,Bob Barr,65
Warren,President,NA,Independent,Brian Moore,15
Warren,President,NA,Independent,Charles Jay,13
Warren,President,NA,Independent,Chuck Baldwin,79
Warren,President,NA,Independent,Cynthia McKinney,36
Warren,President,NA,Independent,Ralph Nader,115
Warren,President,NA,Republican,John McCain,8562
Warren,State House,43,Democratic,Charles Curtiss,6922
Warren,State House,47,Democratic,John Greeter,2053
Warren,State House,47,Republican,Judd Matheny,2889
Warren,State Senate,14,Democratic,Eric Stewart,6694
Warren,State Senate,14,Republican,Mike Niederhauser,5935
Warren,U.S. House,4,Democratic,Lincoln Davis,8831
Warren,U.S. House,4,Independent,James Anthony Gray,237
Warren,U.S. House,4,Independent,Kevin Ragsdale,194
Warren,U.S. House,4,Republican,Monty J. Lankford,3576
Warren,U.S. Senate,NA,,Write-In - Casey Gouge,0
Warren,U.S. Senate,NA,Democratic,Robert D. Tuke,4045
Warren,U.S. Senate,NA,Independent,Chris Lugo,46
Warren,U.S. Senate,NA,Independent,Christopher G. Fenner,62
Warren,U.S. Senate,NA,Independent,Daniel Towers Lewis,65
Warren,U.S. Senate,NA,Independent,David Gatchell,53
Warren,U.S. Senate,NA,Independent,Ed Lawhorn,74
Warren,U.S. Senate,NA,Independent,Edward L. Buck,277
Warren,U.S. Senate,NA,Republican,Lamar Alexander,8225
Washington,President,NA,Democratic,Barack Obama,15941
Washington,President,NA,Independent,Bob Barr,172
Washington,President,NA,Independent,Brian Moore,28
Washington,President,NA,Independent,Charles Jay,26
Washington,President,NA,Independent,Chuck Baldwin,204
Washington,President,NA,Independent,Cynthia McKinney,48
Washington,President,NA,Independent,Ralph Nader,222
Washington,President,NA,Republican,John McCain,32341
Washington,State House,6,Republican,Robert Dale Ford,18112
Washington,State House,7,Independent,Mike Williams,6012
Washington,State House,7,Republican,Matthew Hill,13443
Washington,U.S. House,1,Democratic,Rob Russell,10304
Washington,U.S. House,1,Independent,James W. Reeves,584
Washington,U.S. House,1,Independent,Joel Goodman,726
Washington,U.S. House,1,Independent,Thomas (T.K.) Owens,342
Washington,U.S. House,1,Republican,Phil Roe,32084
Washington,U.S. Senate,NA,,Write-In - Casey Gouge,0
Washington,U.S. Senate,NA,Democratic,Robert D. Tuke,9715
Washington,U.S. Senate,NA,Independent,Chris Lugo,172
Washington,U.S. Senate,NA,Independent,Christopher G. Fenner,194
Washington,U.S. Senate,NA,Independent,Daniel Towers Lewis,182
Washington,U.S. Senate,NA,Independent,David Gatchell,102
Washington,U.S. Senate,NA,Independent,Ed Lawhorn,117
Washington,U.S. Senate,NA,Independent,Edward L. Buck,489
Washington,U.S. Senate,NA,Republican,Lamar Alexander,34592
Wayne,President,NA,Democratic,Barack Obama,1355
Wayne,President,NA,Independent,Bob Barr,24
Wayne,President,NA,Independent,Brian Moore,7
Wayne,President,NA,Independent,Charles Jay,6
Wayne,President,NA,Independent,Chuck Baldwin,14
Wayne,President,NA,Independent,Cynthia McKinney,9
Wayne,President,NA,Independent,Ralph Nader,36
Wayne,President,NA,Republican,John McCain,4076
Wayne,State House,70,Democratic,J. W. Hampton Sr.,257
Wayne,State House,70,Republican,Joey Hensley,588
Wayne,State House,72,Republican,Steve K. McDaniel,3442
Wayne,State Senate,26,Democratic,Randy Camp,1355
Wayne,State Senate,26,Republican,Dolores Gresham,3010
Wayne,U.S. House,7,Democratic,Randy G. Morris,1390
Wayne,U.S. House,7,Republican,Marsha Blackburn,3282
Wayne,U.S. Senate,NA,,Write-In - Casey Gouge,0
Wayne,U.S. Senate,NA,Democratic,Robert D. Tuke,1035
Wayne,U.S. Senate,NA,Independent,Chris Lugo,13
Wayne,U.S. Senate,NA,Independent,Christopher G. Fenner,15
Wayne,U.S. Senate,NA,Independent,Daniel Towers Lewis,20
Wayne,U.S. Senate,NA,Independent,David Gatchell,14
Wayne,U.S. Senate,NA,Independent,Ed Lawhorn,11
Wayne,U.S. Senate,NA,Independent,Edward L. Buck,44
Wayne,U.S. Senate,NA,Republican,Lamar Alexander,3685
Weakley,President,NA,Democratic,Barack Obama,4596
Weakley,President,NA,Independent,Bob Barr,59
Weakley,President,NA,Independent,Brian Moore,21
Weakley,President,NA,Independent,Charles Jay,5
Weakley,President,NA,Independent,Chuck Baldwin,68
Weakley,President,NA,Independent,Cynthia McKinney,13
Weakley,President,NA,Independent,Ralph Nader,73
Weakley,President,NA,Republican,John McCain,8855
Weakley,State House,76,Democratic,Mark L. Maddox,10258
Weakley,State Senate,24,Democratic,Roy B. Herron,10289
Weakley,U.S. House,8,,Write-In - James Hart,9
Weakley,U.S. House,8,Democratic,John Tanner,8224
Weakley,U.S. Senate,NA,,Write-In - Casey Gouge,0
Weakley,U.S. Senate,NA,Democratic,Robert D. Tuke,3809
Weakley,U.S. Senate,NA,Independent,Chris Lugo,49
Weakley,U.S. Senate,NA,Independent,Christopher G. Fenner,75
Weakley,U.S. Senate,NA,Independent,Daniel Towers Lewis,47
Weakley,U.S. Senate,NA,Independent,David Gatchell,61
Weakley,U.S. Senate,NA,Independent,Ed Lawhorn,43
Weakley,U.S. Senate,NA,Independent,Edward L. Buck,184
Weakley,U.S. Senate,NA,Republican,Lamar Alexander,8546
White,President,NA,Democratic,Barack Obama,3372
White,President,NA,Independent,Bob Barr,31
White,President,NA,Independent,Brian Moore,5
White,President,NA,Independent,Charles Jay,8
White,President,NA,Independent,Chuck Baldwin,49
White,President,NA,Independent,Cynthia McKinney,9
White,President,NA,Independent,Ralph Nader,70
White,President,NA,Republican,John McCain,6103
White,State House,43,Democratic,Charles Curtiss,7721
White,U.S. House,4,Democratic,Lincoln Davis,5455
White,U.S. House,4,Independent,James Anthony Gray,197
White,U.S. House,4,Independent,Kevin Ragsdale,86
White,U.S. House,4,Republican,Monty J. Lankford,3404
White,U.S. Senate,NA,,Write-In - Casey Gouge,0
White,U.S. Senate,NA,Democratic,Robert D. Tuke,2620
White,U.S. Senate,NA,Independent,Chris Lugo,20
White,U.S. Senate,NA,Independent,Christopher G. Fenner,54
White,U.S. Senate,NA,Independent,Daniel Towers Lewis,30
White,U.S. Senate,NA,Independent,David Gatchell,47
White,U.S. Senate,NA,Independent,Ed Lawhorn,45
White,U.S. Senate,NA,Independent,Edward L. Buck,231
White,U.S. Senate,NA,Republican,Lamar Alexander,5969
Williamson,President,NA,Democratic,Barack Obama,27886
Williamson,President,NA,Independent,Bob Barr,307
Williamson,President,NA,Independent,Brian Moore,18
Williamson,President,NA,Independent,Charles Jay,17
Williamson,President,NA,Independent,Chuck Baldwin,248
Williamson,President,NA,Independent,Cynthia McKinney,35
Williamson,President,NA,Independent,Ralph Nader,277
Williamson,President,NA,Republican,John McCain,64858
Williamson,State House,61,Republican,"Charles M. Sargent, Jr",33482
Williamson,State House,63,Republican,Glen Casada,37948
Williamson,State House,78,Democratic,David W. Davidson,1002
Williamson,State House,78,Republican,Phillip Johnson,2071
Williamson,U.S. House,4,Democratic,Lincoln Davis,4666
Williamson,U.S. House,4,Independent,James Anthony Gray,233
Williamson,U.S. House,4,Independent,Kevin Ragsdale,203
Williamson,U.S. House,4,Republican,Monty J. Lankford,6655
Williamson,U.S. House,7,Democratic,Randy G. Morris,17356
Williamson,U.S. House,7,Republican,Marsha Blackburn,56674
Williamson,U.S. Senate,NA,,Write-In - Casey Gouge,0
Williamson,U.S. Senate,NA,Democratic,Robert D. Tuke,19405
Williamson,U.S. Senate,NA,Independent,Chris Lugo,342
Williamson,U.S. Senate,NA,Independent,Christopher G. Fenner,289
Williamson,U.S. Senate,NA,Independent,Daniel Towers Lewis,331
Williamson,U.S. Senate,NA,Independent,David Gatchell,258
Williamson,U.S. Senate,NA,Independent,Ed Lawhorn,277
Williamson,U.S. Senate,NA,Independent,Edward L. Buck,1262
Williamson,U.S. Senate,NA,Republican,Lamar Alexander,68258
Wilson,President,NA,Democratic,Barack Obama,15886
Wilson,President,NA,Independent,Bob Barr,174
Wilson,President,NA,Independent,Brian Moore,32
Wilson,President,NA,Independent,Charles Jay,15
Wilson,President,NA,Independent,Chuck Baldwin,186
Wilson,President,NA,Independent,Cynthia McKinney,45
Wilson,President,NA,Independent,Ralph Nader,226
Wilson,President,NA,Republican,John McCain,34595
Wilson,State House,46,Democratic,Stratton Bone,9252
Wilson,State House,46,Republican,Albert McCall,8284
Wilson,State House,57,Democratic,Ken Wilkinson,8386
Wilson,State House,57,Republican,Susan M. Lynn,20959
Wilson,U.S. House,5,,Write-In - Kelly A. Truman,0
Wilson,U.S. House,5,,Write-In - Thomas F. Kovach,0
Wilson,U.S. House,5,,Write-In - Wilson Hubbell,0
Wilson,U.S. House,5,Democratic,Jim Cooper,17471
Wilson,U.S. House,5,Independent,John P. Miglietta,294
Wilson,U.S. House,5,Independent,Jon Jackson,751
Wilson,U.S. House,5,Republican,Gerard Donovan,19866
Wilson,U.S. House,6,Democratic,Bart Gordon,6415
Wilson,U.S. House,6,Independent,Chris Baker,2441
Wilson,U.S. Senate,NA,,Write-In - Casey Gouge,0
Wilson,U.S. Senate,NA,Democratic,Robert D. Tuke,12240
Wilson,U.S. Senate,NA,Independent,Chris Lugo,195
Wilson,U.S. Senate,NA,Independent,Christopher G. Fenner,230
Wilson,U.S. Senate,NA,Independent,Daniel Towers Lewis,218
Wilson,U.S. Senate,NA,Independent,David Gatchell,145
Wilson,U.S. Senate,NA,Independent,Ed Lawhorn,207
Wilson,U.S. Senate,NA,Independent,Edward L. Buck,1127
Wilson,U.S. Senate,NA,Republican,Lamar Alexander,34781
