county,office,district,party,candidate,votes
Anderson,Governor,NA,Democratic,"Best, L.",172
Anderson,Governor,NA,Democratic,"Bredesen, Phil",6225
Anderson,Governor,NA,Democratic,"Brown, Charles V.",137
Anderson,Governor,NA,Democratic,"Conover, Floyd R.",78
Anderson,Governor,NA,Democratic,"Nichols, Randy",1649
Anderson,Governor,NA,Democratic,"Smith, Charles E.",316
Anderson,Governor,NA,Democratic,Write-In,0
Anderson,Governor,NA,Republican,"Henry, James M. ""Jim""",3493
Anderson,Governor,NA,Republican,"Hilleary, Van",5010
Anderson,Governor,NA,Republican,"Kelley, Dave",128
Anderson,Governor,NA,Republican,"McDonald, Jessie D.",90
Anderson,Governor,NA,Republican,"Tripp, Bob",289
Anderson,Governor,NA,Republican,Write-In,0
Anderson,State House,33,Democratic,"Fisher, Brandon K.",1831
Anderson,State House,33,Democratic,"Hackworth, Jim",2884
Anderson,State House,33,Democratic,"Johnson, Dan",275
Anderson,State House,33,Democratic,"Wallace, Jim Ed",1788
Anderson,State House,33,Democratic,Write-In,0
Anderson,State House,33,Republican,"Duncan, Thomas Lee",1927
Anderson,State House,33,Republican,"Lawlor, Terry",349
Anderson,State House,33,Republican,"Mead, Steve",2493
Anderson,State House,33,Republican,"Miller, Roger",2054
Anderson,State House,33,Republican,Write-In,0
Anderson,State House,38,Democratic,"Winningham, Leslie E.",869
Anderson,State House,38,Democratic,Write-In,0
Anderson,State House,38,Republican,Write-In,0
Anderson,State Senate,5,Democratic,"Farmer, Gary",6252
Anderson,State Senate,5,Democratic,Write-In,1
Anderson,State Senate,5,Republican,"Frank, Lee",4060
Anderson,State Senate,5,Republican,"McNally, Randy",5057
Anderson,State Senate,5,Republican,Write-In,0
Anderson,U.S. House,3,Democratic,"Knott, Jr., John Norman E.",2430
Anderson,U.S. House,3,Democratic,"Wolfe, John",3725
Anderson,U.S. House,3,Democratic,Write-In,0
Anderson,U.S. House,3,Republican,"Wamp, Zack",8652
Anderson,U.S. House,3,Republican,Write-In,0
Anderson,U.S. Senate,NA,Democratic,"Clement, Bob",6238
Anderson,U.S. Senate,NA,Democratic,"Davis, Gary G.",971
Anderson,U.S. Senate,NA,Democratic,"Hampstead, Michael L.",207
Anderson,U.S. Senate,NA,Democratic,"Hopkey, Cher A.",237
Anderson,U.S. Senate,NA,Democratic,"Strauss, Alvin M.",203
Anderson,U.S. Senate,NA,Democratic,Write-In,0
Anderson,U.S. Senate,NA,Republican,"Alexander, Lamar",6153
Anderson,U.S. Senate,NA,Republican,"Bryant, Ed",2761
Anderson,U.S. Senate,NA,Republican,"DuBose, James E.",45
Anderson,U.S. Senate,NA,Republican,"Fenner, Christopher G.",23
Anderson,U.S. Senate,NA,Republican,"Griffin, June",74
Anderson,U.S. Senate,NA,Republican,"Taylor-Shelby, Mary",104
Anderson,U.S. Senate,NA,Republican,"Todd, Michael Brent",85
Anderson,U.S. Senate,NA,Republican,Write-In,0
Bedford,Governor,NA,Democratic,"Best, L.",44
Bedford,Governor,NA,Democratic,"Bredesen, Phil",3656
Bedford,Governor,NA,Democratic,"Brown, Charles V.",99
Bedford,Governor,NA,Democratic,"Conover, Floyd R.",33
Bedford,Governor,NA,Democratic,"Nichols, Randy",132
Bedford,Governor,NA,Democratic,"Smith, Charles E.",239
Bedford,Governor,NA,Democratic,Write-In,3
Bedford,Governor,NA,Republican,"Henry, James M. ""Jim""",123
Bedford,Governor,NA,Republican,"Hilleary, Van",1618
Bedford,Governor,NA,Republican,"Kelley, Dave",10
Bedford,Governor,NA,Republican,"McDonald, Jessie D.",3
Bedford,Governor,NA,Republican,"Tripp, Bob",7
Bedford,Governor,NA,Republican,Write-In,2
Bedford,State House,62,Democratic,"Cobb, Curt",1862
Bedford,State House,62,Democratic,"Davis, Alton R.",373
Bedford,State House,62,Democratic,"Heflin, Dwayne Keith",305
Bedford,State House,62,Democratic,"Pitner, Allen",1664
Bedford,State House,62,Democratic,"Wilson, Ken",63
Bedford,State House,62,Democratic,Write-In,3
Bedford,State House,62,Republican,"Tracy, Jim",1428
Bedford,State House,62,Republican,Write-In,10
Bedford,U.S. House,6,Democratic,"Gordon, Bart",3501
Bedford,U.S. House,6,Democratic,"Howard, Harvey",386
Bedford,U.S. House,6,Democratic,Write-In,17
Bedford,U.S. House,6,Republican,"Garrison, Robert L.",1221
Bedford,U.S. House,6,Republican,Write-In,4
Bedford,U.S. Senate,NA,Democratic,"Clement, Bob",3579
Bedford,U.S. Senate,NA,Democratic,"Davis, Gary G.",314
Bedford,U.S. Senate,NA,Democratic,"Hampstead, Michael L.",45
Bedford,U.S. Senate,NA,Democratic,"Hopkey, Cher A.",50
Bedford,U.S. Senate,NA,Democratic,"Strauss, Alvin M.",55
Bedford,U.S. Senate,NA,Democratic,Write-In,0
Bedford,U.S. Senate,NA,Republican,"Alexander, Lamar",950
Bedford,U.S. Senate,NA,Republican,"Bryant, Ed",700
Bedford,U.S. Senate,NA,Republican,"DuBose, James E.",10
Bedford,U.S. Senate,NA,Republican,"Fenner, Christopher G.",4
Bedford,U.S. Senate,NA,Republican,"Griffin, June",19
Bedford,U.S. Senate,NA,Republican,"Taylor-Shelby, Mary",16
Bedford,U.S. Senate,NA,Republican,"Todd, Michael Brent",13
Bedford,U.S. Senate,NA,Republican,Write-In,0
Benton,Governor,NA,Democratic,"Best, L.",145
Benton,Governor,NA,Democratic,"Bredesen, Phil",4990
Benton,Governor,NA,Democratic,"Brown, Charles V.",123
Benton,Governor,NA,Democratic,"Conover, Floyd R.",56
Benton,Governor,NA,Democratic,"Nichols, Randy",181
Benton,Governor,NA,Democratic,"Smith, Charles E.",387
Benton,Governor,NA,Democratic,Write-In,0
Benton,Governor,NA,Republican,"Henry, James M. ""Jim""",316
Benton,Governor,NA,Republican,"Hilleary, Van",752
Benton,Governor,NA,Republican,"Kelley, Dave",62
Benton,Governor,NA,Republican,"McDonald, Jessie D.",24
Benton,Governor,NA,Republican,"Tripp, Bob",86
Benton,Governor,NA,Republican,Write-In,0
Benton,State House,75,Democratic,"Ainley, Mike",263
Benton,State House,75,Democratic,"Borchert, Willie Butch",3189
Benton,State House,75,Democratic,"Crawford, Larry D.",332
Benton,State House,75,Democratic,"Patton, Randy",2335
Benton,State House,75,Democratic,Write-In,0
Benton,State House,75,Republican,Write-In,0
Benton,U.S. House,8,Democratic,"Tanner, John",5119
Benton,U.S. House,8,Democratic,"Ward, Richard",643
Benton,U.S. House,8,Democratic,Write-In,0
Benton,U.S. House,8,Republican,"McClain, Mat",534
Benton,U.S. House,8,Republican,"Warren, Bill",400
Benton,U.S. House,8,Republican,Write-In,0
Benton,U.S. Senate,NA,Democratic,"Clement, Bob",6514
Benton,U.S. Senate,NA,Democratic,"Davis, Gary G.",526
Benton,U.S. Senate,NA,Democratic,"Hampstead, Michael L.",144
Benton,U.S. Senate,NA,Democratic,"Hopkey, Cher A.",142
Benton,U.S. Senate,NA,Democratic,"Strauss, Alvin M.",158
Benton,U.S. Senate,NA,Democratic,Write-In,0
Benton,U.S. Senate,NA,Republican,"Alexander, Lamar",758
Benton,U.S. Senate,NA,Republican,"Bryant, Ed",472
Benton,U.S. Senate,NA,Republican,"DuBose, James E.",18
Benton,U.S. Senate,NA,Republican,"Fenner, Christopher G.",12
Benton,U.S. Senate,NA,Republican,"Griffin, June",36
Benton,U.S. Senate,NA,Republican,"Taylor-Shelby, Mary",26
Benton,U.S. Senate,NA,Republican,"Todd, Michael Brent",32
Benton,U.S. Senate,NA,Republican,Write-In,0
Bledsoe,Governor,NA,Democratic,"Best, L.",77
Bledsoe,Governor,NA,Democratic,"Bredesen, Phil",1434
Bledsoe,Governor,NA,Democratic,"Brown, Charles V.",54
Bledsoe,Governor,NA,Democratic,"Conover, Floyd R.",29
Bledsoe,Governor,NA,Democratic,"Nichols, Randy",78
Bledsoe,Governor,NA,Democratic,"Smith, Charles E.",70
Bledsoe,Governor,NA,Democratic,Write-In,0
Bledsoe,Governor,NA,Republican,"Henry, James M. ""Jim""",247
Bledsoe,Governor,NA,Republican,"Hilleary, Van",1113
Bledsoe,Governor,NA,Republican,"Kelley, Dave",17
Bledsoe,Governor,NA,Republican,"McDonald, Jessie D.",25
Bledsoe,Governor,NA,Republican,"Tripp, Bob",42
Bledsoe,Governor,NA,Republican,Write-In,0
Bledsoe,State House,25,Democratic,"Bowman, John",1046
Bledsoe,State House,25,Democratic,Write-In,0
Bledsoe,State House,25,Republican,"Walker, Raymond",1014
Bledsoe,State House,25,Republican,Write-In,0
Bledsoe,U.S. House,4,Democratic,"Davis, Lincoln",818
Bledsoe,U.S. House,4,Democratic,"Marcum, Fran F.",715
Bledsoe,U.S. House,4,Democratic,Write-In,0
Bledsoe,U.S. House,4,Republican,"Bowling, Janice",374
Bledsoe,U.S. House,4,Republican,"Bumpus, John",220
Bledsoe,U.S. House,4,Republican,"Coffield, Mike",185
Bledsoe,U.S. House,4,Republican,"Greene, Mike",367
Bledsoe,U.S. House,4,Republican,"Howard, Harvey",35
Bledsoe,U.S. House,4,Republican,"Ogles, Andy",12
Bledsoe,U.S. House,4,Republican,Write-In,0
Bledsoe,U.S. Senate,NA,Democratic,"Clement, Bob",1242
Bledsoe,U.S. Senate,NA,Democratic,"Davis, Gary G.",218
Bledsoe,U.S. Senate,NA,Democratic,"Hampstead, Michael L.",42
Bledsoe,U.S. Senate,NA,Democratic,"Hopkey, Cher A.",29
Bledsoe,U.S. Senate,NA,Democratic,"Strauss, Alvin M.",43
Bledsoe,U.S. Senate,NA,Democratic,Write-In,0
Bledsoe,U.S. Senate,NA,Republican,"Alexander, Lamar",1037
Bledsoe,U.S. Senate,NA,Republican,"Bryant, Ed",347
Bledsoe,U.S. Senate,NA,Republican,"DuBose, James E.",11
Bledsoe,U.S. Senate,NA,Republican,"Fenner, Christopher G.",9
Bledsoe,U.S. Senate,NA,Republican,"Griffin, June",30
Bledsoe,U.S. Senate,NA,Republican,"Taylor-Shelby, Mary",29
Bledsoe,U.S. Senate,NA,Republican,"Todd, Michael Brent",14
Bledsoe,U.S. Senate,NA,Republican,Write-In,0
Blount,Governor,NA,Democratic,"Best, L.",54
Blount,Governor,NA,Democratic,"Bredesen, Phil",2500
Blount,Governor,NA,Democratic,"Brown, Charles V.",37
Blount,Governor,NA,Democratic,"Conover, Floyd R.",21
Blount,Governor,NA,Democratic,"Nichols, Randy",433
Blount,Governor,NA,Democratic,"Smith, Charles E.",153
Blount,Governor,NA,Democratic,Write-In,0
Blount,Governor,NA,Republican,"Henry, James M. ""Jim""",5053
Blount,Governor,NA,Republican,"Hilleary, Van",5912
Blount,Governor,NA,Republican,"Kelley, Dave",84
Blount,Governor,NA,Republican,"McDonald, Jessie D.",62
Blount,Governor,NA,Republican,"Tripp, Bob",325
Blount,Governor,NA,Republican,Write-In,1
Blount,State House,20,Democratic,Write-In,0
Blount,State House,20,Republican,"Overbey, Doug",5065
Blount,State House,20,Republican,Write-In,2
Blount,State House,8,Democratic,Write-In,0
Blount,State House,8,Republican,"McCord, Joe",3852
Blount,State House,8,Republican,Write-In,0
Blount,U.S. House,2,Democratic,"Greene, John",2501
Blount,U.S. House,2,Democratic,Write-In,0
Blount,U.S. House,2,Republican,"Duncan, Jr., John J.",10657
Blount,U.S. House,2,Republican,"Pendergrass, Jim",900
Blount,U.S. House,2,Republican,Write-In,1
Blount,U.S. Senate,NA,Democratic,"Clement, Bob",2509
Blount,U.S. Senate,NA,Democratic,"Davis, Gary G.",294
Blount,U.S. Senate,NA,Democratic,"Hampstead, Michael L.",45
Blount,U.S. Senate,NA,Democratic,"Hopkey, Cher A.",94
Blount,U.S. Senate,NA,Democratic,"Strauss, Alvin M.",56
Blount,U.S. Senate,NA,Democratic,Write-In,1
Blount,U.S. Senate,NA,Republican,"Alexander, Lamar",7531
Blount,U.S. Senate,NA,Republican,"Bryant, Ed",3919
Blount,U.S. Senate,NA,Republican,"DuBose, James E.",45
Blount,U.S. Senate,NA,Republican,"Fenner, Christopher G.",16
Blount,U.S. Senate,NA,Republican,"Griffin, June",72
Blount,U.S. Senate,NA,Republican,"Taylor-Shelby, Mary",78
Blount,U.S. Senate,NA,Republican,"Todd, Michael Brent",37
Blount,U.S. Senate,NA,Republican,Write-In,1
Bradley,Governor,NA,Democratic,"Best, L.",82
Bradley,Governor,NA,Democratic,"Bredesen, Phil",3206
Bradley,Governor,NA,Democratic,"Brown, Charles V.",152
Bradley,Governor,NA,Democratic,"Conover, Floyd R.",69
Bradley,Governor,NA,Democratic,"Nichols, Randy",146
Bradley,Governor,NA,Democratic,"Smith, Charles E.",160
Bradley,Governor,NA,Democratic,Write-In,8
Bradley,Governor,NA,Republican,"Henry, James M. ""Jim""",3925
Bradley,Governor,NA,Republican,"Hilleary, Van",5769
Bradley,Governor,NA,Republican,"Kelley, Dave",171
Bradley,Governor,NA,Republican,"McDonald, Jessie D.",140
Bradley,Governor,NA,Republican,"Tripp, Bob",262
Bradley,Governor,NA,Republican,Write-In,13
Bradley,State House,22,Democratic,Write-In,8
Bradley,State House,22,Republican,"Newton, J. Chris",3055
Bradley,State House,22,Republican,Write-In,22
Bradley,State House,24,Democratic,"Bird, Donald",1839
Bradley,State House,24,Democratic,Write-In,20
Bradley,State House,24,Republican,"Bunch, Dewayne",4292
Bradley,State House,24,Republican,"Moore, Garry",2252
Bradley,State House,24,Republican,Write-In,17
Bradley,State Senate,9,Democratic,"Heron, Jr., Charles S.",1085
Bradley,State Senate,9,Democratic,"Moore, Ronald D.",2168
Bradley,State Senate,9,Democratic,Write-In,8
Bradley,State Senate,9,Republican,"Miller, Jeff",5282
Bradley,State Senate,9,Republican,"Rockholt, Calvin",2392
Bradley,State Senate,9,Republican,"Roe, Hal Y.",2808
Bradley,State Senate,9,Republican,Write-In,13
Bradley,U.S. House,3,Democratic,"Knott, Jr., John Norman E.",978
Bradley,U.S. House,3,Democratic,"Wolfe, John",2140
Bradley,U.S. House,3,Democratic,Write-In,11
Bradley,U.S. House,3,Republican,"Wamp, Zack",9476
Bradley,U.S. House,3,Republican,Write-In,50
Bradley,U.S. Senate,NA,Democratic,"Clement, Bob",2352
Bradley,U.S. Senate,NA,Democratic,"Davis, Gary G.",1004
Bradley,U.S. Senate,NA,Democratic,"Hampstead, Michael L.",80
Bradley,U.S. Senate,NA,Democratic,"Hopkey, Cher A.",102
Bradley,U.S. Senate,NA,Democratic,"Strauss, Alvin M.",60
Bradley,U.S. Senate,NA,Democratic,Write-In,13
Bradley,U.S. Senate,NA,Republican,"Alexander, Lamar",6700
Bradley,U.S. Senate,NA,Republican,"Bryant, Ed",3257
Bradley,U.S. Senate,NA,Republican,"DuBose, James E.",69
Bradley,U.S. Senate,NA,Republican,"Fenner, Christopher G.",24
Bradley,U.S. Senate,NA,Republican,"Griffin, June",149
Bradley,U.S. Senate,NA,Republican,"Taylor-Shelby, Mary",143
Bradley,U.S. Senate,NA,Republican,"Todd, Michael Brent",72
Bradley,U.S. Senate,NA,Republican,Write-In,8
Campbell,Governor,NA,Democratic,"Best, L.",78
Campbell,Governor,NA,Democratic,"Bredesen, Phil",3160
Campbell,Governor,NA,Democratic,"Brown, Charles V.",108
Campbell,Governor,NA,Democratic,"Conover, Floyd R.",51
Campbell,Governor,NA,Democratic,"Nichols, Randy",468
Campbell,Governor,NA,Democratic,"Smith, Charles E.",188
Campbell,Governor,NA,Democratic,Write-In,0
Campbell,Governor,NA,Republican,"Henry, James M. ""Jim""",675
Campbell,Governor,NA,Republican,"Hilleary, Van",2949
Campbell,Governor,NA,Republican,"Kelley, Dave",21
Campbell,Governor,NA,Republican,"McDonald, Jessie D.",40
Campbell,Governor,NA,Republican,"Tripp, Bob",74
Campbell,Governor,NA,Republican,Write-In,0
Campbell,State House,36,Democratic,"Cross, Jerry",2594
Campbell,State House,36,Democratic,"White, J. C.",1313
Campbell,State House,36,Democratic,Write-In,0
Campbell,State House,36,Republican,"Baird, William",3132
Campbell,State House,36,Republican,Write-In,0
Campbell,U.S. House,4,Democratic,"Davis, Lincoln",2037
Campbell,U.S. House,4,Democratic,"Marcum, Fran F.",1795
Campbell,U.S. House,4,Democratic,Write-In,0
Campbell,U.S. House,4,Republican,"Bowling, Janice",815
Campbell,U.S. House,4,Republican,"Bumpus, John",392
Campbell,U.S. House,4,Republican,"Coffield, Mike",595
Campbell,U.S. House,4,Republican,"Greene, Mike",734
Campbell,U.S. House,4,Republican,"Howard, Harvey",64
Campbell,U.S. House,4,Republican,"Ogles, Andy",332
Campbell,U.S. House,4,Republican,Write-In,0
Campbell,U.S. Senate,NA,Democratic,"Clement, Bob",2679
Campbell,U.S. Senate,NA,Democratic,"Davis, Gary G.",573
Campbell,U.S. Senate,NA,Democratic,"Hampstead, Michael L.",124
Campbell,U.S. Senate,NA,Democratic,"Hopkey, Cher A.",121
Campbell,U.S. Senate,NA,Democratic,"Strauss, Alvin M.",104
Campbell,U.S. Senate,NA,Democratic,Write-In,0
Campbell,U.S. Senate,NA,Republican,"Alexander, Lamar",2502
Campbell,U.S. Senate,NA,Republican,"Bryant, Ed",961
Campbell,U.S. Senate,NA,Republican,"DuBose, James E.",30
Campbell,U.S. Senate,NA,Republican,"Fenner, Christopher G.",14
Campbell,U.S. Senate,NA,Republican,"Griffin, June",69
Campbell,U.S. Senate,NA,Republican,"Taylor-Shelby, Mary",55
Campbell,U.S. Senate,NA,Republican,"Todd, Michael Brent",38
Campbell,U.S. Senate,NA,Republican,Write-In,0
Cannon,Governor,NA,Democratic,"Best, L.",36
Cannon,Governor,NA,Democratic,"Bredesen, Phil",2499
Cannon,Governor,NA,Democratic,"Brown, Charles V.",42
Cannon,Governor,NA,Democratic,"Conover, Floyd R.",19
Cannon,Governor,NA,Democratic,"Nichols, Randy",160
Cannon,Governor,NA,Democratic,"Smith, Charles E.",127
Cannon,Governor,NA,Democratic,Write-In,11
Cannon,Governor,NA,Republican,"Henry, James M. ""Jim""",116
Cannon,Governor,NA,Republican,"Hilleary, Van",875
Cannon,Governor,NA,Republican,"Kelley, Dave",16
Cannon,Governor,NA,Republican,"McDonald, Jessie D.",23
Cannon,Governor,NA,Republican,"Tripp, Bob",23
Cannon,Governor,NA,Republican,Write-In,1
Cannon,State House,46,Democratic,"Bone, Stratton",1531
Cannon,State House,46,Democratic,Write-In,33
Cannon,State House,46,Republican,"Jewell, Dwight A.",266
Cannon,State House,46,Republican,"Winslow, Scott",466
Cannon,State House,46,Republican,Write-In,6
Cannon,State Senate,17,Democratic,"Fisher, Sherry (Write-In)",636
Cannon,State Senate,17,Democratic,"Rochelle, Robert",986
Cannon,State Senate,17,Democratic,Write-In,84
Cannon,State Senate,17,Republican,"Beavers, Mae",841
Cannon,State Senate,17,Republican,Write-In,10
Cannon,U.S. House,6,Democratic,"Gordon, Bart",2631
Cannon,U.S. House,6,Democratic,"Howard, Harvey",201
Cannon,U.S. House,6,Democratic,Write-In,9
Cannon,U.S. House,6,Republican,"Garrison, Robert L.",706
Cannon,U.S. House,6,Republican,Write-In,5
Cannon,U.S. Senate,NA,Democratic,"Clement, Bob",2417
Cannon,U.S. Senate,NA,Democratic,"Davis, Gary G.",163
Cannon,U.S. Senate,NA,Democratic,"Hampstead, Michael L.",41
Cannon,U.S. Senate,NA,Democratic,"Hopkey, Cher A.",51
Cannon,U.S. Senate,NA,Democratic,"Strauss, Alvin M.",36
Cannon,U.S. Senate,NA,Democratic,Write-In,16
Cannon,U.S. Senate,NA,Republican,"Alexander, Lamar",711
Cannon,U.S. Senate,NA,Republican,"Bryant, Ed",310
Cannon,U.S. Senate,NA,Republican,"DuBose, James E.",6
Cannon,U.S. Senate,NA,Republican,"Fenner, Christopher G.",4
Cannon,U.S. Senate,NA,Republican,"Griffin, June",21
Cannon,U.S. Senate,NA,Republican,"Taylor-Shelby, Mary",14
Cannon,U.S. Senate,NA,Republican,"Todd, Michael Brent",21
Cannon,U.S. Senate,NA,Republican,Write-In,1
Carroll,Governor,NA,Democratic,"Best, L.",111
Carroll,Governor,NA,Democratic,"Bredesen, Phil",2783
Carroll,Governor,NA,Democratic,"Brown, Charles V.",74
Carroll,Governor,NA,Democratic,"Conover, Floyd R.",24
Carroll,Governor,NA,Democratic,"Nichols, Randy",156
Carroll,Governor,NA,Democratic,"Smith, Charles E.",640
Carroll,Governor,NA,Democratic,Write-In,0
Carroll,Governor,NA,Republican,"Henry, James M. ""Jim""",790
Carroll,Governor,NA,Republican,"Hilleary, Van",1366
Carroll,Governor,NA,Republican,"Kelley, Dave",142
Carroll,Governor,NA,Republican,"McDonald, Jessie D.",50
Carroll,Governor,NA,Republican,"Tripp, Bob",100
Carroll,Governor,NA,Republican,Write-In,0
Carroll,State House,76,Democratic,"Maddox, Mark L.",2295
Carroll,State House,76,Democratic,Write-In,2
Carroll,State House,76,Republican,"Gardner, Tom ""Redneck""",1093
Carroll,State House,76,Republican,Write-In,0
Carroll,State House,79,Democratic,"Carlton, Mark",107
Carroll,State House,79,Democratic,"Davis, Ray",454
Carroll,State House,79,Democratic,"Phelan, Paul E.",312
Carroll,State House,79,Democratic,Write-In,0
Carroll,State House,79,Republican,"Crider, Chris",535
Carroll,State House,79,Republican,Write-In,0
Carroll,State Senate,27,Democratic,"Leech, J. Alex",1004
Carroll,State Senate,27,Democratic,"McLeary, Don",1426
Carroll,State Senate,27,Democratic,"Smith, Harold T.",726
Carroll,State Senate,27,Democratic,Write-In,0
Carroll,State Senate,27,Republican,"Carter, Bobby",1934
Carroll,State Senate,27,Republican,Write-In,0
Carroll,U.S. House,8,Democratic,"Tanner, John",3321
Carroll,U.S. House,8,Democratic,"Ward, Richard",378
Carroll,U.S. House,8,Democratic,Write-In,0
Carroll,U.S. House,8,Republican,"McClain, Mat",1067
Carroll,U.S. House,8,Republican,"Warren, Bill",538
Carroll,U.S. House,8,Republican,Write-In,0
Carroll,U.S. Senate,NA,Democratic,"Clement, Bob",3011
Carroll,U.S. Senate,NA,Democratic,"Davis, Gary G.",353
Carroll,U.S. Senate,NA,Democratic,"Hampstead, Michael L.",71
Carroll,U.S. Senate,NA,Democratic,"Hopkey, Cher A.",62
Carroll,U.S. Senate,NA,Democratic,"Strauss, Alvin M.",56
Carroll,U.S. Senate,NA,Democratic,Write-In,0
Carroll,U.S. Senate,NA,Republican,"Alexander, Lamar",1345
Carroll,U.S. Senate,NA,Republican,"Bryant, Ed",1226
Carroll,U.S. Senate,NA,Republican,"DuBose, James E.",21
Carroll,U.S. Senate,NA,Republican,"Fenner, Christopher G.",10
Carroll,U.S. Senate,NA,Republican,"Griffin, June",22
Carroll,U.S. Senate,NA,Republican,"Taylor-Shelby, Mary",34
Carroll,U.S. Senate,NA,Republican,"Todd, Michael Brent",28
Carroll,U.S. Senate,NA,Republican,Write-In,0
Carter,Governor,NA,Democratic,"Best, L.",68
Carter,Governor,NA,Democratic,"Bredesen, Phil",2060
Carter,Governor,NA,Democratic,"Brown, Charles V.",148
Carter,Governor,NA,Democratic,"Conover, Floyd R.",40
Carter,Governor,NA,Democratic,"Nichols, Randy",110
Carter,Governor,NA,Democratic,"Smith, Charles E.",219
Carter,Governor,NA,Democratic,Write-In,4
Carter,Governor,NA,Republican,"Henry, James M. ""Jim""",3983
Carter,Governor,NA,Republican,"Hilleary, Van",5170
Carter,Governor,NA,Republican,"Kelley, Dave",366
Carter,Governor,NA,Republican,"McDonald, Jessie D.",224
Carter,Governor,NA,Republican,"Tripp, Bob",392
Carter,Governor,NA,Republican,Write-In,30
Carter,State House,4,Democratic,Write-In,48
Carter,State House,4,Republican,"Cochran, Jerome",5599
Carter,State House,4,Republican,"Cole, Ralph",5242
Carter,State House,4,Republican,Write-In,14
Carter,State Senate,3,Democratic,"Gabriel, Richard Dale",1462
Carter,State Senate,3,Democratic,Write-In,8
Carter,State Senate,3,Republican,"Cole, Kevin D.",4553
Carter,State Senate,3,Republican,"Crowe, Rusty",6288
Carter,State Senate,3,Republican,Write-In,23
Carter,U.S. House,1,Democratic,Write-In,59
Carter,U.S. House,1,Republican,"Edgell, Larry P.",1546
Carter,U.S. House,1,Republican,"Jenkins, William L. ""Bill""",8680
Carter,U.S. House,1,Republican,Write-In,9
Carter,U.S. Senate,NA,Democratic,"Clement, Bob",1775
Carter,U.S. Senate,NA,Democratic,"Davis, Gary G.",461
Carter,U.S. Senate,NA,Democratic,"Hampstead, Michael L.",87
Carter,U.S. Senate,NA,Democratic,"Hopkey, Cher A.",85
Carter,U.S. Senate,NA,Democratic,"Strauss, Alvin M.",61
Carter,U.S. Senate,NA,Democratic,Write-In,5
Carter,U.S. Senate,NA,Republican,"Alexander, Lamar",7246
Carter,U.S. Senate,NA,Republican,"Bryant, Ed",3163
Carter,U.S. Senate,NA,Republican,"DuBose, James E.",87
Carter,U.S. Senate,NA,Republican,"Fenner, Christopher G.",68
Carter,U.S. Senate,NA,Republican,"Griffin, June",100
Carter,U.S. Senate,NA,Republican,"Taylor-Shelby, Mary",145
Carter,U.S. Senate,NA,Republican,"Todd, Michael Brent",100
Carter,U.S. Senate,NA,Republican,Write-In,2
Cheatham,Governor,NA,Democratic,"Best, L.",133
Cheatham,Governor,NA,Democratic,"Bredesen, Phil",4145
Cheatham,Governor,NA,Democratic,"Brown, Charles V.",137
Cheatham,Governor,NA,Democratic,"Conover, Floyd R.",69
Cheatham,Governor,NA,Democratic,"Nichols, Randy",240
Cheatham,Governor,NA,Democratic,"Smith, Charles E.",247
Cheatham,Governor,NA,Democratic,Write-In,1
Cheatham,Governor,NA,Republican,"Henry, James M. ""Jim""",503
Cheatham,Governor,NA,Republican,"Hilleary, Van",2911
Cheatham,Governor,NA,Republican,"Kelley, Dave",50
Cheatham,Governor,NA,Republican,"McDonald, Jessie D.",41
Cheatham,Governor,NA,Republican,"Tripp, Bob",62
Cheatham,Governor,NA,Republican,Write-In,5
Cheatham,State House,78,Democratic,"Hamlin, Jerry W.",4164
Cheatham,State House,78,Democratic,Write-In,7
Cheatham,State House,78,Republican,"Johnson, Phillip",2955
Cheatham,State House,78,Republican,Write-In,1
Cheatham,U.S. House,5,Democratic,"Arriola, John",826
Cheatham,U.S. House,5,Democratic,"Cooper, Jim",1777
Cheatham,U.S. House,5,Democratic,"Cornett, Carlton",31
Cheatham,U.S. House,5,Democratic,"Cox, Adam",35
Cheatham,U.S. House,5,Democratic,"Mills, David C.",36
Cheatham,U.S. House,5,Democratic,"Ray, Gayle",691
Cheatham,U.S. House,5,Democratic,"Steine, Ronnie",49
Cheatham,U.S. House,5,Democratic,Write-In,0
Cheatham,U.S. House,5,Republican,"Circo, Remo",144
Cheatham,U.S. House,5,Republican,"Duvall, Robert",816
Cheatham,U.S. House,5,Republican,"Lawless, Thomas W.",476
Cheatham,U.S. House,5,Republican,"Tomeo, Ben J.",28
Cheatham,U.S. House,5,Republican,"Wilkinson, Kevin",421
Cheatham,U.S. House,5,Republican,Write-In,2
Cheatham,U.S. House,7,Democratic,"Barron, Tim",775
Cheatham,U.S. House,7,Democratic,"Hayden, Omer R.",375
Cheatham,U.S. House,7,Democratic,Write-In,5
Cheatham,U.S. House,7,Republican,"Blackburn, Marsha",715
Cheatham,U.S. House,7,Republican,"Carlota, Sonny",16
Cheatham,U.S. House,7,Republican,"Kustoff, David",149
Cheatham,U.S. House,7,Republican,"Norris, Mark",45
Cheatham,U.S. House,7,Republican,"Shoaf, Forrest",72
Cheatham,U.S. House,7,Republican,"Starkey, Randy",67
Cheatham,U.S. House,7,Republican,"Taylor, Brent",113
Cheatham,U.S. House,7,Republican,Write-In,0
Cheatham,U.S. Senate,NA,Democratic,"Clement, Bob",4341
Cheatham,U.S. Senate,NA,Democratic,"Davis, Gary G.",303
Cheatham,U.S. Senate,NA,Democratic,"Hampstead, Michael L.",86
Cheatham,U.S. Senate,NA,Democratic,"Hopkey, Cher A.",83
Cheatham,U.S. Senate,NA,Democratic,"Strauss, Alvin M.",73
Cheatham,U.S. Senate,NA,Democratic,Write-In,4
Cheatham,U.S. Senate,NA,Republican,"Alexander, Lamar",1650
Cheatham,U.S. Senate,NA,Republican,"Bryant, Ed",1916
Cheatham,U.S. Senate,NA,Republican,"DuBose, James E.",15
Cheatham,U.S. Senate,NA,Republican,"Fenner, Christopher G.",14
Cheatham,U.S. Senate,NA,Republican,"Griffin, June",27
Cheatham,U.S. Senate,NA,Republican,"Taylor-Shelby, Mary",29
Cheatham,U.S. Senate,NA,Republican,"Todd, Michael Brent",16
Cheatham,U.S. Senate,NA,Republican,Write-In,0
Chester,Governor,NA,Democratic,"Best, L.",57
Chester,Governor,NA,Democratic,"Bredesen, Phil",1082
Chester,Governor,NA,Democratic,"Brown, Charles V.",28
Chester,Governor,NA,Democratic,"Conover, Floyd R.",20
Chester,Governor,NA,Democratic,"Nichols, Randy",43
Chester,Governor,NA,Democratic,"Smith, Charles E.",53
Chester,Governor,NA,Democratic,Write-In,0
Chester,Governor,NA,Republican,"Henry, James M. ""Jim""",317
Chester,Governor,NA,Republican,"Hilleary, Van",1291
Chester,Governor,NA,Republican,"Kelley, Dave",52
Chester,Governor,NA,Republican,"McDonald, Jessie D.",32
Chester,Governor,NA,Republican,"Tripp, Bob",80
Chester,Governor,NA,Republican,Write-In,0
Chester,State House,72,Democratic,Write-In,0
Chester,State House,72,Republican,"McDaniel, Steve K.",1024
Chester,State House,72,Republican,Write-In,0
Chester,U.S. House,7,Democratic,"Barron, Tim",637
Chester,U.S. House,7,Democratic,"Hayden, Omer R.",171
Chester,U.S. House,7,Democratic,Write-In,0
Chester,U.S. House,7,Republican,"Blackburn, Marsha",591
Chester,U.S. House,7,Republican,"Carlota, Sonny",14
Chester,U.S. House,7,Republican,"Kustoff, David",310
Chester,U.S. House,7,Republican,"Norris, Mark",147
Chester,U.S. House,7,Republican,"Shoaf, Forrest",194
Chester,U.S. House,7,Republican,"Starkey, Randy",26
Chester,U.S. House,7,Republican,"Taylor, Brent",350
Chester,U.S. House,7,Republican,Write-In,0
Chester,U.S. Senate,NA,Democratic,"Clement, Bob",1033
Chester,U.S. Senate,NA,Democratic,"Davis, Gary G.",79
Chester,U.S. Senate,NA,Democratic,"Hampstead, Michael L.",21
Chester,U.S. Senate,NA,Democratic,"Hopkey, Cher A.",15
Chester,U.S. Senate,NA,Democratic,"Strauss, Alvin M.",20
Chester,U.S. Senate,NA,Democratic,Write-In,0
Chester,U.S. Senate,NA,Republican,"Alexander, Lamar",282
Chester,U.S. Senate,NA,Republican,"Bryant, Ed",1719
Chester,U.S. Senate,NA,Republican,"DuBose, James E.",10
Chester,U.S. Senate,NA,Republican,"Fenner, Christopher G.",2
Chester,U.S. Senate,NA,Republican,"Griffin, June",7
Chester,U.S. Senate,NA,Republican,"Taylor-Shelby, Mary",15
Chester,U.S. Senate,NA,Republican,"Todd, Michael Brent",9
Chester,U.S. Senate,NA,Republican,Write-In,0
Claiborne,Governor,NA,Democratic,"Best, L.",66
Claiborne,Governor,NA,Democratic,"Bredesen, Phil",2655
Claiborne,Governor,NA,Democratic,"Brown, Charles V.",129
Claiborne,Governor,NA,Democratic,"Conover, Floyd R.",60
Claiborne,Governor,NA,Democratic,"Nichols, Randy",301
Claiborne,Governor,NA,Democratic,"Smith, Charles E.",121
Claiborne,Governor,NA,Democratic,Write-In,0
Claiborne,Governor,NA,Republican,"Henry, James M. ""Jim""",583
Claiborne,Governor,NA,Republican,"Hilleary, Van",2981
Claiborne,Governor,NA,Republican,"Kelley, Dave",45
Claiborne,Governor,NA,Republican,"McDonald, Jessie D.",33
Claiborne,Governor,NA,Republican,"Tripp, Bob",59
Claiborne,Governor,NA,Republican,Write-In,2
Claiborne,State House,35,Democratic,"Dykes, Daniel W.",1886
Claiborne,State House,35,Democratic,Write-In,2
Claiborne,State House,35,Republican,"Roach, Dennis Coach",2130
Claiborne,State House,35,Republican,Write-In,4
Claiborne,U.S. House,3,Democratic,"Knott, Jr., John Norman E.",852
Claiborne,U.S. House,3,Democratic,"Wolfe, John",1328
Claiborne,U.S. House,3,Democratic,Write-In,3
Claiborne,U.S. House,3,Republican,"Wamp, Zack",2451
Claiborne,U.S. House,3,Republican,Write-In,2
Claiborne,U.S. Senate,NA,Democratic,"Clement, Bob",2076
Claiborne,U.S. Senate,NA,Democratic,"Davis, Gary G.",486
Claiborne,U.S. Senate,NA,Democratic,"Hampstead, Michael L.",95
Claiborne,U.S. Senate,NA,Democratic,"Hopkey, Cher A.",131
Claiborne,U.S. Senate,NA,Democratic,"Strauss, Alvin M.",98
Claiborne,U.S. Senate,NA,Democratic,Write-In,3
Claiborne,U.S. Senate,NA,Republican,"Alexander, Lamar",2637
Claiborne,U.S. Senate,NA,Republican,"Bryant, Ed",809
Claiborne,U.S. Senate,NA,Republican,"DuBose, James E.",37
Claiborne,U.S. Senate,NA,Republican,"Fenner, Christopher G.",16
Claiborne,U.S. Senate,NA,Republican,"Griffin, June",42
Claiborne,U.S. Senate,NA,Republican,"Taylor-Shelby, Mary",50
Claiborne,U.S. Senate,NA,Republican,"Todd, Michael Brent",43
Claiborne,U.S. Senate,NA,Republican,Write-In,1
Clay,Governor,NA,Democratic,"Best, L.",23
Clay,Governor,NA,Democratic,"Bredesen, Phil",1366
Clay,Governor,NA,Democratic,"Brown, Charles V.",23
Clay,Governor,NA,Democratic,"Conover, Floyd R.",14
Clay,Governor,NA,Democratic,"Nichols, Randy",44
Clay,Governor,NA,Democratic,"Smith, Charles E.",74
Clay,Governor,NA,Democratic,Write-In,2
Clay,Governor,NA,Republican,"Henry, James M. ""Jim""",107
Clay,Governor,NA,Republican,"Hilleary, Van",491
Clay,Governor,NA,Republican,"Kelley, Dave",22
Clay,Governor,NA,Republican,"McDonald, Jessie D.",16
Clay,Governor,NA,Republican,"Tripp, Bob",21
Clay,Governor,NA,Republican,Write-In,0
Clay,State House,38,Democratic,"Winningham, Leslie E.",1202
Clay,State House,38,Democratic,Write-In,1
Clay,State House,38,Republican,Write-In,0
Clay,State Senate,17,Democratic,"Fisher, Sherry (Write-In)",440
Clay,State Senate,17,Democratic,"Rochelle, Robert",457
Clay,State Senate,17,Democratic,Write-In,9
Clay,State Senate,17,Republican,"Beavers, Mae",452
Clay,State Senate,17,Republican,Write-In,2
Clay,U.S. House,6,Democratic,"Gordon, Bart",1383
Clay,U.S. House,6,Democratic,"Howard, Harvey",102
Clay,U.S. House,6,Democratic,Write-In,0
Clay,U.S. House,6,Republican,"Garrison, Robert L.",444
Clay,U.S. House,6,Republican,Write-In,39
Clay,U.S. Senate,NA,Democratic,"Clement, Bob",1205
Clay,U.S. Senate,NA,Democratic,"Davis, Gary G.",99
Clay,U.S. Senate,NA,Democratic,"Hampstead, Michael L.",22
Clay,U.S. Senate,NA,Democratic,"Hopkey, Cher A.",19
Clay,U.S. Senate,NA,Democratic,"Strauss, Alvin M.",16
Clay,U.S. Senate,NA,Democratic,Write-In,1
Clay,U.S. Senate,NA,Republican,"Alexander, Lamar",530
Clay,U.S. Senate,NA,Republican,"Bryant, Ed",108
Clay,U.S. Senate,NA,Republican,"DuBose, James E.",11
Clay,U.S. Senate,NA,Republican,"Fenner, Christopher G.",2
Clay,U.S. Senate,NA,Republican,"Griffin, June",8
Clay,U.S. Senate,NA,Republican,"Taylor-Shelby, Mary",59
Clay,U.S. Senate,NA,Republican,"Todd, Michael Brent",16
Clay,U.S. Senate,NA,Republican,Write-In,1
Cocke,Governor,NA,Democratic,"Best, L.",25
Cocke,Governor,NA,Democratic,"Bredesen, Phil",1103
Cocke,Governor,NA,Democratic,"Brown, Charles V.",34
Cocke,Governor,NA,Democratic,"Conover, Floyd R.",14
Cocke,Governor,NA,Democratic,"Nichols, Randy",79
Cocke,Governor,NA,Democratic,"Smith, Charles E.",51
Cocke,Governor,NA,Democratic,Write-In,0
Cocke,Governor,NA,Republican,"Henry, James M. ""Jim""",1788
Cocke,Governor,NA,Republican,"Hilleary, Van",2538
Cocke,Governor,NA,Republican,"Kelley, Dave",91
Cocke,Governor,NA,Republican,"McDonald, Jessie D.",60
Cocke,Governor,NA,Republican,"Tripp, Bob",79
Cocke,Governor,NA,Republican,Write-In,0
Cocke,State House,11,Democratic,Write-In,0
Cocke,State House,11,Democratic,"Yokley, Eddie",603
Cocke,State House,11,Republican,"Davis, Ronnie E.",3010
Cocke,State House,11,Republican,Write-In,3
Cocke,State Senate,1,Democratic,Write-In,0
Cocke,State Senate,1,Republican,"Haun, Tommy",2467
Cocke,State Senate,1,Republican,"Southerland, Steve",2055
Cocke,State Senate,1,Republican,Write-In,0
Cocke,U.S. House,1,Democratic,Write-In,0
Cocke,U.S. House,1,Republican,"Edgell, Larry P.",440
Cocke,U.S. House,1,Republican,"Jenkins, William L. ""Bill""",3690
Cocke,U.S. House,1,Republican,Write-In,0
Cocke,U.S. Senate,NA,Democratic,"Clement, Bob",882
Cocke,U.S. Senate,NA,Democratic,"Davis, Gary G.",182
Cocke,U.S. Senate,NA,Democratic,"Hampstead, Michael L.",37
Cocke,U.S. Senate,NA,Democratic,"Hopkey, Cher A.",58
Cocke,U.S. Senate,NA,Democratic,"Strauss, Alvin M.",38
Cocke,U.S. Senate,NA,Democratic,Write-In,0
Cocke,U.S. Senate,NA,Republican,"Alexander, Lamar",3019
Cocke,U.S. Senate,NA,Republican,"Bryant, Ed",1448
Cocke,U.S. Senate,NA,Republican,"DuBose, James E.",41
Cocke,U.S. Senate,NA,Republican,"Fenner, Christopher G.",25
Cocke,U.S. Senate,NA,Republican,"Griffin, June",51
Cocke,U.S. Senate,NA,Republican,"Taylor-Shelby, Mary",67
Cocke,U.S. Senate,NA,Republican,"Todd, Michael Brent",46
Cocke,U.S. Senate,NA,Republican,Write-In,0
Coffee,Governor,NA,Democratic,"Best, L.",89
Coffee,Governor,NA,Democratic,"Bredesen, Phil",5342
Coffee,Governor,NA,Democratic,"Brown, Charles V.",130
Coffee,Governor,NA,Democratic,"Conover, Floyd R.",70
Coffee,Governor,NA,Democratic,"Nichols, Randy",338
Coffee,Governor,NA,Democratic,"Smith, Charles E.",339
Coffee,Governor,NA,Democratic,Write-In,0
Coffee,Governor,NA,Republican,"Henry, James M. ""Jim""",230
Coffee,Governor,NA,Republican,"Hilleary, Van",3081
Coffee,Governor,NA,Republican,"Kelley, Dave",12
Coffee,Governor,NA,Republican,"McDonald, Jessie D.",12
Coffee,Governor,NA,Republican,"Tripp, Bob",29
Coffee,Governor,NA,Republican,Write-In,0
Coffee,State House,47,Democratic,"Lewis, Jr., Doyle ""Butch""",3770
Coffee,State House,47,Democratic,"Whitman, Brian Keith",2315
Coffee,State House,47,Democratic,Write-In,0
Coffee,State House,47,Republican,"Matheny, Judd",2894
Coffee,State House,47,Republican,Write-In,0
Coffee,U.S. House,4,Democratic,"Davis, Lincoln",1742
Coffee,U.S. House,4,Democratic,"Marcum, Fran F.",4623
Coffee,U.S. House,4,Democratic,Write-In,0
Coffee,U.S. House,4,Republican,"Bowling, Janice",2349
Coffee,U.S. House,4,Republican,"Bumpus, John",231
Coffee,U.S. House,4,Republican,"Coffield, Mike",115
Coffee,U.S. House,4,Republican,"Greene, Mike",306
Coffee,U.S. House,4,Republican,"Howard, Harvey",16
Coffee,U.S. House,4,Republican,"Ogles, Andy",197
Coffee,U.S. House,4,Republican,Write-In,0
Coffee,U.S. Senate,NA,Democratic,"Clement, Bob",5102
Coffee,U.S. Senate,NA,Democratic,"Davis, Gary G.",571
Coffee,U.S. Senate,NA,Democratic,"Hampstead, Michael L.",72
Coffee,U.S. Senate,NA,Democratic,"Hopkey, Cher A.",102
Coffee,U.S. Senate,NA,Democratic,"Strauss, Alvin M.",141
Coffee,U.S. Senate,NA,Democratic,Write-In,0
Coffee,U.S. Senate,NA,Republican,"Alexander, Lamar",2234
Coffee,U.S. Senate,NA,Republican,"Bryant, Ed",941
Coffee,U.S. Senate,NA,Republican,"DuBose, James E.",17
Coffee,U.S. Senate,NA,Republican,"Fenner, Christopher G.",11
Coffee,U.S. Senate,NA,Republican,"Griffin, June",34
Coffee,U.S. Senate,NA,Republican,"Taylor-Shelby, Mary",35
Coffee,U.S. Senate,NA,Republican,"Todd, Michael Brent",27
Coffee,U.S. Senate,NA,Republican,Write-In,0
Crockett,Governor,NA,Democratic,"Best, L.",37
Crockett,Governor,NA,Democratic,"Bredesen, Phil",1267
Crockett,Governor,NA,Democratic,"Brown, Charles V.",39
Crockett,Governor,NA,Democratic,"Conover, Floyd R.",13
Crockett,Governor,NA,Democratic,"Nichols, Randy",86
Crockett,Governor,NA,Democratic,"Smith, Charles E.",87
Crockett,Governor,NA,Democratic,Write-In,0
Crockett,Governor,NA,Republican,"Henry, James M. ""Jim""",203
Crockett,Governor,NA,Republican,"Hilleary, Van",538
Crockett,Governor,NA,Republican,"Kelley, Dave",21
Crockett,Governor,NA,Republican,"McDonald, Jessie D.",6
Crockett,Governor,NA,Republican,"Tripp, Bob",59
Crockett,Governor,NA,Republican,Write-In,0
Crockett,State House,82,Democratic,"Fitzhugh, Craig",1131
Crockett,State House,82,Democratic,Write-In,0
Crockett,State House,82,Republican,"Cohen, David C.",158
Crockett,State House,82,Republican,"Dahl, Dave",614
Crockett,State House,82,Republican,Write-In,0
Crockett,U.S. House,8,Democratic,"Tanner, John",1430
Crockett,U.S. House,8,Democratic,"Ward, Richard",116
Crockett,U.S. House,8,Democratic,Write-In,0
Crockett,U.S. House,8,Republican,"McClain, Mat",295
Crockett,U.S. House,8,Republican,"Warren, Bill",268
Crockett,U.S. House,8,Republican,Write-In,0
Crockett,U.S. Senate,NA,Democratic,"Clement, Bob",1188
Crockett,U.S. Senate,NA,Democratic,"Davis, Gary G.",163
Crockett,U.S. Senate,NA,Democratic,"Hampstead, Michael L.",20
Crockett,U.S. Senate,NA,Democratic,"Hopkey, Cher A.",19
Crockett,U.S. Senate,NA,Democratic,"Strauss, Alvin M.",23
Crockett,U.S. Senate,NA,Democratic,Write-In,0
Crockett,U.S. Senate,NA,Republican,"Alexander, Lamar",316
Crockett,U.S. Senate,NA,Republican,"Bryant, Ed",548
Crockett,U.S. Senate,NA,Republican,"DuBose, James E.",5
Crockett,U.S. Senate,NA,Republican,"Fenner, Christopher G.",3
Crockett,U.S. Senate,NA,Republican,"Griffin, June",4
Crockett,U.S. Senate,NA,Republican,"Taylor-Shelby, Mary",6
Crockett,U.S. Senate,NA,Republican,"Todd, Michael Brent",6
Crockett,U.S. Senate,NA,Republican,Write-In,0
Cumberland,Governor,NA,Democratic,"Best, L.",102
Cumberland,Governor,NA,Democratic,"Bredesen, Phil",4342
Cumberland,Governor,NA,Democratic,"Brown, Charles V.",171
Cumberland,Governor,NA,Democratic,"Conover, Floyd R.",71
Cumberland,Governor,NA,Democratic,"Nichols, Randy",573
Cumberland,Governor,NA,Democratic,"Smith, Charles E.",302
Cumberland,Governor,NA,Democratic,Write-In,2
Cumberland,Governor,NA,Republican,"Henry, James M. ""Jim""",1432
Cumberland,Governor,NA,Republican,"Hilleary, Van",5807
Cumberland,Governor,NA,Republican,"Kelley, Dave",53
Cumberland,Governor,NA,Republican,"McDonald, Jessie D.",51
Cumberland,Governor,NA,Republican,"Tripp, Bob",95
Cumberland,Governor,NA,Republican,Write-In,1
Cumberland,State House,25,Democratic,"Bowman, John",4037
Cumberland,State House,25,Democratic,Write-In,2
Cumberland,State House,25,Republican,"Walker, Raymond",5623
Cumberland,State House,25,Republican,Write-In,56
Cumberland,State Senate,15,Democratic,"Burks, Charlotte",4805
Cumberland,State Senate,15,Democratic,Write-In,5
Cumberland,State Senate,15,Republican,"Bailey, Paul",5150
Cumberland,State Senate,15,Republican,Write-In,6
Cumberland,U.S. House,4,Democratic,"Davis, Lincoln",3728
Cumberland,U.S. House,4,Democratic,"Marcum, Fran F.",1979
Cumberland,U.S. House,4,Democratic,Write-In,1
Cumberland,U.S. House,4,Republican,"Bowling, Janice",2335
Cumberland,U.S. House,4,Republican,"Bumpus, John",765
Cumberland,U.S. House,4,Republican,"Coffield, Mike",890
Cumberland,U.S. House,4,Republican,"Greene, Mike",1457
Cumberland,U.S. House,4,Republican,"Howard, Harvey",217
Cumberland,U.S. House,4,Republican,"Ogles, Andy",691
Cumberland,U.S. House,4,Republican,Write-In,7
Cumberland,U.S. Senate,NA,Democratic,"Clement, Bob",4044
Cumberland,U.S. Senate,NA,Democratic,"Davis, Gary G.",798
Cumberland,U.S. Senate,NA,Democratic,"Hampstead, Michael L.",115
Cumberland,U.S. Senate,NA,Democratic,"Hopkey, Cher A.",137
Cumberland,U.S. Senate,NA,Democratic,"Strauss, Alvin M.",144
Cumberland,U.S. Senate,NA,Democratic,Write-In,3
Cumberland,U.S. Senate,NA,Republican,"Alexander, Lamar",4637
Cumberland,U.S. Senate,NA,Republican,"Bryant, Ed",2237
Cumberland,U.S. Senate,NA,Republican,"DuBose, James E.",84
Cumberland,U.S. Senate,NA,Republican,"Fenner, Christopher G.",38
Cumberland,U.S. Senate,NA,Republican,"Griffin, June",137
Cumberland,U.S. Senate,NA,Republican,"Taylor-Shelby, Mary",99
Cumberland,U.S. Senate,NA,Republican,"Todd, Michael Brent",76
Cumberland,U.S. Senate,NA,Republican,Write-In,0
Davidson,Governor,NA,Democratic,"Best, L.",1283
Davidson,Governor,NA,Democratic,"Bredesen, Phil",47660
Davidson,Governor,NA,Democratic,"Brown, Charles V.",1486
Davidson,Governor,NA,Democratic,"Conover, Floyd R.",542
Davidson,Governor,NA,Democratic,"Nichols, Randy",3439
Davidson,Governor,NA,Democratic,"Smith, Charles E.",5937
Davidson,Governor,NA,Democratic,Write-In,0
Davidson,Governor,NA,Republican,"Henry, James M. ""Jim""",6092
Davidson,Governor,NA,Republican,"Hilleary, Van",22443
Davidson,Governor,NA,Republican,"Kelley, Dave",185
Davidson,Governor,NA,Republican,"McDonald, Jessie D.",109
Davidson,Governor,NA,Republican,"Tripp, Bob",416
Davidson,Governor,NA,Republican,Write-In,0
Davidson,State House,50,Democratic,"Garrett, Tim",5300
Davidson,State House,50,Democratic,Write-In,0
Davidson,State House,50,Republican,Write-In,0
Davidson,State House,51,Democratic,"Turner, Michael L. (Mike)",5010
Davidson,State House,51,Democratic,Write-In,0
Davidson,State House,51,Republican,"Owen, Kenneth R.",1694
Davidson,State House,51,Republican,"White, Les",776
Davidson,State House,51,Republican,Write-In,0
Davidson,State House,52,Democratic,"Briley, Rob",4262
Davidson,State House,52,Democratic,Write-In,0
Davidson,State House,52,Republican,"Bennett, Karen (Write-In)",166
Davidson,State House,52,Republican,Write-In,0
Davidson,State House,53,Democratic,"Derryberry, Tony",1709
Davidson,State House,53,Democratic,"King, David L.",1403
Davidson,State House,53,Democratic,"Sontany, Janis Baird",2508
Davidson,State House,53,Democratic,Write-In,0
Davidson,State House,53,Republican,"Hukill, Todd",853
Davidson,State House,53,Republican,"Rector, Kevin D.",395
Davidson,State House,53,Republican,"Wrenn, Thomas W.",772
Davidson,State House,53,Republican,Write-In,0
Davidson,State House,54,Democratic,"Gill, Melvin",1998
Davidson,State House,54,Democratic,"Langster, Edith Taylor",5249
Davidson,State House,54,Democratic,Write-In,0
Davidson,State House,54,Republican,Write-In,0
Davidson,State House,55,Democratic,"Odom, Gary",5302
Davidson,State House,55,Democratic,Write-In,0
Davidson,State House,55,Republican,"Circo, Remo",2086
Davidson,State House,55,Republican,Write-In,0
Davidson,State House,56,Democratic,"Wood, Shannon",4957
Davidson,State House,56,Democratic,Write-In,0
Davidson,State House,56,Republican,"Harwell, Beth Halteman",7362
Davidson,State House,56,Republican,Write-In,0
Davidson,State House,58,Democratic,"Pruitt, Mary",4034
Davidson,State House,58,Democratic,Write-In,0
Davidson,State House,58,Republican,Write-In,0
Davidson,State House,59,Democratic,"Jones, Sherry",3527
Davidson,State House,59,Democratic,Write-In,0
Davidson,State House,59,Republican,"Brown, B. J.",1424
Davidson,State House,59,Republican,Write-In,0
Davidson,State House,60,Democratic,"West, Jr., Ben",4655
Davidson,State House,60,Democratic,Write-In,0
Davidson,State House,60,Republican,"Backs, Dave",2541
Davidson,State House,60,Republican,Write-In,0
Davidson,State Senate,19,Democratic,"Harper, Thelma",14798
Davidson,State Senate,19,Democratic,Write-In,0
Davidson,State Senate,19,Republican,Write-In,0
Davidson,State Senate,21,Democratic,"Henry, Douglas",11669
Davidson,State Senate,21,Democratic,"Wilson, Jeff",7476
Davidson,State Senate,21,Democratic,Write-In,0
Davidson,State Senate,21,Republican,"Alexander, Tom",9138
Davidson,State Senate,21,Republican,Write-In,0
Davidson,State Senate,23,Democratic,Write-In,0
Davidson,State Senate,23,Republican,"Bryson, Jim",2805
Davidson,State Senate,23,Republican,"Callicott, Clint",1219
Davidson,State Senate,23,Republican,"Defriese, Laban Samuel",443
Davidson,State Senate,23,Republican,Write-In,0
Davidson,U.S. House,5,Democratic,"Arriola, John",14301
Davidson,U.S. House,5,Democratic,"Cooper, Jim",26886
Davidson,U.S. House,5,Democratic,"Cornett, Carlton",1024
Davidson,U.S. House,5,Democratic,"Cox, Adam",498
Davidson,U.S. House,5,Democratic,"Mills, David C.",1577
Davidson,U.S. House,5,Democratic,"Ray, Gayle",13946
Davidson,U.S. House,5,Democratic,"Steine, Ronnie",779
Davidson,U.S. House,5,Democratic,Write-In,0
Davidson,U.S. House,5,Republican,"Circo, Remo",1639
Davidson,U.S. House,5,Republican,"Duvall, Robert",8042
Davidson,U.S. House,5,Republican,"Lawless, Thomas W.",4189
Davidson,U.S. House,5,Republican,"Tomeo, Ben J.",468
Davidson,U.S. House,5,Republican,"Wilkinson, Kevin",4061
Davidson,U.S. House,5,Republican,Write-In,0
Davidson,U.S. House,7,Democratic,"Barron, Tim",1201
Davidson,U.S. House,7,Democratic,"Hayden, Omer R.",634
Davidson,U.S. House,7,Democratic,Write-In,0
Davidson,U.S. House,7,Republican,"Blackburn, Marsha",3021
Davidson,U.S. House,7,Republican,"Carlota, Sonny",26
Davidson,U.S. House,7,Republican,"Kustoff, David",201
Davidson,U.S. House,7,Republican,"Norris, Mark",73
Davidson,U.S. House,7,Republican,"Shoaf, Forrest",696
Davidson,U.S. House,7,Republican,"Starkey, Randy",10
Davidson,U.S. House,7,Republican,"Taylor, Brent",58
Davidson,U.S. House,7,Republican,Write-In,0
Davidson,U.S. Senate,NA,Democratic,"Clement, Bob",54744
Davidson,U.S. Senate,NA,Democratic,"Davis, Gary G.",2653
Davidson,U.S. Senate,NA,Democratic,"Hampstead, Michael L.",570
Davidson,U.S. Senate,NA,Democratic,"Hopkey, Cher A.",947
Davidson,U.S. Senate,NA,Democratic,"Strauss, Alvin M.",881
Davidson,U.S. Senate,NA,Democratic,Write-In,0
Davidson,U.S. Senate,NA,Republican,"Alexander, Lamar",15930
Davidson,U.S. Senate,NA,Republican,"Bryant, Ed",13024
Davidson,U.S. Senate,NA,Republican,"DuBose, James E.",139
Davidson,U.S. Senate,NA,Republican,"Fenner, Christopher G.",98
Davidson,U.S. Senate,NA,Republican,"Griffin, June",178
Davidson,U.S. Senate,NA,Republican,"Taylor-Shelby, Mary",203
Davidson,U.S. Senate,NA,Republican,"Todd, Michael Brent",121
Davidson,U.S. Senate,NA,Republican,Write-In,0
DeKalb,Governor,NA,Democratic,"Best, L.",34
DeKalb,Governor,NA,Democratic,"Bredesen, Phil",2560
DeKalb,Governor,NA,Democratic,"Brown, Charles V.",69
DeKalb,Governor,NA,Democratic,"Conover, Floyd R.",22
DeKalb,Governor,NA,Democratic,"Nichols, Randy",105
DeKalb,Governor,NA,Democratic,"Smith, Charles E.",101
DeKalb,Governor,NA,Democratic,Write-In,3
DeKalb,Governor,NA,Republican,"Henry, James M. ""Jim""",117
DeKalb,Governor,NA,Republican,"Hilleary, Van",802
DeKalb,Governor,NA,Republican,"Kelley, Dave",10
DeKalb,Governor,NA,Republican,"McDonald, Jessie D.",10
DeKalb,Governor,NA,Republican,"Tripp, Bob",11
DeKalb,Governor,NA,Republican,Write-In,0
DeKalb,State House,40,Democratic,"Buck, Frank",2031
DeKalb,State House,40,Democratic,Write-In,64
DeKalb,State House,40,Republican,Write-In,0
DeKalb,State Senate,17,Democratic,"Fisher, Sherry (Write-In)",911
DeKalb,State Senate,17,Democratic,"Rochelle, Robert",811
DeKalb,State Senate,17,Democratic,Write-In,106
DeKalb,State Senate,17,Republican,"Beavers, Mae",679
DeKalb,State Senate,17,Republican,Write-In,11
DeKalb,U.S. House,6,Democratic,"Gordon, Bart",2560
DeKalb,U.S. House,6,Democratic,"Howard, Harvey",202
DeKalb,U.S. House,6,Democratic,Write-In,7
DeKalb,U.S. House,6,Republican,"Garrison, Robert L.",515
DeKalb,U.S. House,6,Republican,Write-In,4
DeKalb,U.S. Senate,NA,Democratic,"Clement, Bob",2526
DeKalb,U.S. Senate,NA,Democratic,"Davis, Gary G.",159
DeKalb,U.S. Senate,NA,Democratic,"Hampstead, Michael L.",27
DeKalb,U.S. Senate,NA,Democratic,"Hopkey, Cher A.",44
DeKalb,U.S. Senate,NA,Democratic,"Strauss, Alvin M.",35
DeKalb,U.S. Senate,NA,Democratic,Write-In,28
DeKalb,U.S. Senate,NA,Republican,"Alexander, Lamar",557
DeKalb,U.S. Senate,NA,Republican,"Bryant, Ed",362
DeKalb,U.S. Senate,NA,Republican,"DuBose, James E.",5
DeKalb,U.S. Senate,NA,Republican,"Fenner, Christopher G.",3
DeKalb,U.S. Senate,NA,Republican,"Griffin, June",9
DeKalb,U.S. Senate,NA,Republican,"Taylor-Shelby, Mary",10
DeKalb,U.S. Senate,NA,Republican,"Todd, Michael Brent",4
DeKalb,U.S. Senate,NA,Republican,Write-In,0
Decatur,Governor,NA,Democratic,"Best, L.",18
Decatur,Governor,NA,Democratic,"Bredesen, Phil",1816
Decatur,Governor,NA,Democratic,"Brown, Charles V.",40
Decatur,Governor,NA,Democratic,"Conover, Floyd R.",21
Decatur,Governor,NA,Democratic,"Nichols, Randy",95
Decatur,Governor,NA,Democratic,"Smith, Charles E.",99
Decatur,Governor,NA,Democratic,Write-In,7
Decatur,Governor,NA,Republican,"Henry, James M. ""Jim""",447
Decatur,Governor,NA,Republican,"Hilleary, Van",608
Decatur,Governor,NA,Republican,"Kelley, Dave",42
Decatur,Governor,NA,Republican,"McDonald, Jessie D.",9
Decatur,Governor,NA,Republican,"Tripp, Bob",105
Decatur,Governor,NA,Republican,Write-In,0
Decatur,State House,71,Democratic,"Rinks, Randy ""Bear""",893
Decatur,State House,71,Democratic,Write-In,0
Decatur,State House,71,Republican,Write-In,0
Decatur,State House,72,Democratic,Write-In,0
Decatur,State House,72,Republican,"McDaniel, Steve K.",508
Decatur,State House,72,Republican,Write-In,0
Decatur,U.S. House,7,Democratic,"Barron, Tim",1043
Decatur,U.S. House,7,Democratic,"Hayden, Omer R.",276
Decatur,U.S. House,7,Democratic,Write-In,1
Decatur,U.S. House,7,Republican,"Blackburn, Marsha",335
Decatur,U.S. House,7,Republican,"Carlota, Sonny",6
Decatur,U.S. House,7,Republican,"Kustoff, David",138
Decatur,U.S. House,7,Republican,"Norris, Mark",204
Decatur,U.S. House,7,Republican,"Shoaf, Forrest",106
Decatur,U.S. House,7,Republican,"Starkey, Randy",18
Decatur,U.S. House,7,Republican,"Taylor, Brent",349
Decatur,U.S. House,7,Republican,Write-In,0
Decatur,U.S. Senate,NA,Democratic,"Clement, Bob",1774
Decatur,U.S. Senate,NA,Democratic,"Davis, Gary G.",124
Decatur,U.S. Senate,NA,Democratic,"Hampstead, Michael L.",39
Decatur,U.S. Senate,NA,Democratic,"Hopkey, Cher A.",56
Decatur,U.S. Senate,NA,Democratic,"Strauss, Alvin M.",24
Decatur,U.S. Senate,NA,Democratic,Write-In,1
Decatur,U.S. Senate,NA,Republican,"Alexander, Lamar",417
Decatur,U.S. Senate,NA,Republican,"Bryant, Ed",846
Decatur,U.S. Senate,NA,Republican,"DuBose, James E.",4
Decatur,U.S. Senate,NA,Republican,"Fenner, Christopher G.",2
Decatur,U.S. Senate,NA,Republican,"Griffin, June",11
Decatur,U.S. Senate,NA,Republican,"Taylor-Shelby, Mary",12
Decatur,U.S. Senate,NA,Republican,"Todd, Michael Brent",14
Decatur,U.S. Senate,NA,Republican,Write-In,0
Dickson,Governor,NA,Democratic,"Best, L.",104
Dickson,Governor,NA,Democratic,"Bredesen, Phil",5696
Dickson,Governor,NA,Democratic,"Brown, Charles V.",125
Dickson,Governor,NA,Democratic,"Conover, Floyd R.",45
Dickson,Governor,NA,Democratic,"Nichols, Randy",158
Dickson,Governor,NA,Democratic,"Smith, Charles E.",406
Dickson,Governor,NA,Democratic,Write-In,0
Dickson,Governor,NA,Republican,"Henry, James M. ""Jim""",478
Dickson,Governor,NA,Republican,"Hilleary, Van",3033
Dickson,Governor,NA,Republican,"Kelley, Dave",48
Dickson,Governor,NA,Republican,"McDonald, Jessie D.",26
Dickson,Governor,NA,Republican,"Tripp, Bob",92
Dickson,Governor,NA,Republican,Write-In,0
Dickson,State House,69,Democratic,"Shepard, David A.",5680
Dickson,State House,69,Democratic,Write-In,0
Dickson,State House,69,Republican,"Bryant, Dennis Shane",2904
Dickson,State House,69,Republican,Write-In,0
Dickson,State Senate,25,Democratic,"Jackson, Doug",5441
Dickson,State Senate,25,Democratic,Write-In,1
Dickson,State Senate,25,Republican,"Brasfield, James F.",2966
Dickson,State Senate,25,Republican,Write-In,0
Dickson,U.S. House,8,Democratic,"Tanner, John",3400
Dickson,U.S. House,8,Democratic,"Ward, Richard",1408
Dickson,U.S. House,8,Democratic,Write-In,0
Dickson,U.S. House,8,Republican,"McClain, Mat",1453
Dickson,U.S. House,8,Republican,"Warren, Bill",1375
Dickson,U.S. House,8,Republican,Write-In,0
Dickson,U.S. Senate,NA,Democratic,"Clement, Bob",6017
Dickson,U.S. Senate,NA,Democratic,"Davis, Gary G.",309
Dickson,U.S. Senate,NA,Democratic,"Hampstead, Michael L.",49
Dickson,U.S. Senate,NA,Democratic,"Hopkey, Cher A.",79
Dickson,U.S. Senate,NA,Democratic,"Strauss, Alvin M.",52
Dickson,U.S. Senate,NA,Democratic,Write-In,0
Dickson,U.S. Senate,NA,Republican,"Alexander, Lamar",1435
Dickson,U.S. Senate,NA,Republican,"Bryant, Ed",2254
Dickson,U.S. Senate,NA,Republican,"DuBose, James E.",14
Dickson,U.S. Senate,NA,Republican,"Fenner, Christopher G.",5
Dickson,U.S. Senate,NA,Republican,"Griffin, June",28
Dickson,U.S. Senate,NA,Republican,"Taylor-Shelby, Mary",31
Dickson,U.S. Senate,NA,Republican,"Todd, Michael Brent",16
Dickson,U.S. Senate,NA,Republican,Write-In,0
Dyer,Governor,NA,Democratic,"Best, L.",164
Dyer,Governor,NA,Democratic,"Bredesen, Phil",3807
Dyer,Governor,NA,Democratic,"Brown, Charles V.",131
Dyer,Governor,NA,Democratic,"Conover, Floyd R.",49
Dyer,Governor,NA,Democratic,"Nichols, Randy",155
Dyer,Governor,NA,Democratic,"Smith, Charles E.",523
Dyer,Governor,NA,Democratic,Write-In,0
Dyer,Governor,NA,Republican,"Henry, James M. ""Jim""",976
Dyer,Governor,NA,Republican,"Hilleary, Van",1921
Dyer,Governor,NA,Republican,"Kelley, Dave",171
Dyer,Governor,NA,Republican,"McDonald, Jessie D.",52
Dyer,Governor,NA,Republican,"Tripp, Bob",222
Dyer,Governor,NA,Republican,Write-In,0
Dyer,State House,77,Democratic,"Pinion, Phillip",1874
Dyer,State House,77,Democratic,Write-In,0
Dyer,State House,77,Republican,"Dyer, Johnny T.",1500
Dyer,State House,77,Republican,Write-In,0
Dyer,State House,82,Democratic,"Fitzhugh, Craig",1566
Dyer,State House,82,Democratic,Write-In,0
Dyer,State House,82,Republican,"Cohen, David C.",368
Dyer,State House,82,Republican,"Dahl, Dave",1247
Dyer,State House,82,Republican,Write-In,0
Dyer,U.S. House,8,Democratic,"Tanner, John",4461
Dyer,U.S. House,8,Democratic,"Ward, Richard",515
Dyer,U.S. House,8,Democratic,Write-In,0
Dyer,U.S. House,8,Republican,"McClain, Mat",1413
Dyer,U.S. House,8,Republican,"Warren, Bill",1048
Dyer,U.S. House,8,Republican,Write-In,0
Dyer,U.S. Senate,NA,Democratic,"Clement, Bob",3515
Dyer,U.S. Senate,NA,Democratic,"Davis, Gary G.",552
Dyer,U.S. Senate,NA,Democratic,"Hampstead, Michael L.",152
Dyer,U.S. Senate,NA,Democratic,"Hopkey, Cher A.",133
Dyer,U.S. Senate,NA,Democratic,"Strauss, Alvin M.",126
Dyer,U.S. Senate,NA,Democratic,Write-In,0
Dyer,U.S. Senate,NA,Republican,"Alexander, Lamar",2031
Dyer,U.S. Senate,NA,Republican,"Bryant, Ed",1389
Dyer,U.S. Senate,NA,Republican,"DuBose, James E.",27
Dyer,U.S. Senate,NA,Republican,"Fenner, Christopher G.",15
Dyer,U.S. Senate,NA,Republican,"Griffin, June",42
Dyer,U.S. Senate,NA,Republican,"Taylor-Shelby, Mary",68
Dyer,U.S. Senate,NA,Republican,"Todd, Michael Brent",55
Dyer,U.S. Senate,NA,Republican,Write-In,0
Fayette,Governor,NA,Democratic,"Best, L.",111
Fayette,Governor,NA,Democratic,"Bredesen, Phil",1442
Fayette,Governor,NA,Democratic,"Brown, Charles V.",211
Fayette,Governor,NA,Democratic,"Conover, Floyd R.",116
Fayette,Governor,NA,Democratic,"Nichols, Randy",215
Fayette,Governor,NA,Democratic,"Smith, Charles E.",285
Fayette,Governor,NA,Democratic,Write-In,0
Fayette,Governor,NA,Republican,"Henry, James M. ""Jim""",1444
Fayette,Governor,NA,Republican,"Hilleary, Van",2389
Fayette,Governor,NA,Republican,"Kelley, Dave",263
Fayette,Governor,NA,Republican,"McDonald, Jessie D.",41
Fayette,Governor,NA,Republican,"Tripp, Bob",300
Fayette,Governor,NA,Republican,Write-In,0
Fayette,State House,94,Democratic,"Elliot, Jamie L.",478
Fayette,State House,94,Democratic,"Woods, Brenda",1889
Fayette,State House,94,Democratic,Write-In,0
Fayette,State House,94,Republican,"Dowdy, Earl",1323
Fayette,State House,94,Republican,"Gresham, Dolores",1718
Fayette,State House,94,Republican,"Mayer, Richard",260
Fayette,State House,94,Republican,"Whitaker, Mike",1285
Fayette,State House,94,Republican,Write-In,0
Fayette,U.S. House,7,Democratic,"Barron, Tim",1242
Fayette,U.S. House,7,Democratic,"Hayden, Omer R.",442
Fayette,U.S. House,7,Democratic,Write-In,0
Fayette,U.S. House,7,Republican,"Blackburn, Marsha",1469
Fayette,U.S. House,7,Republican,"Carlota, Sonny",28
Fayette,U.S. House,7,Republican,"Kustoff, David",1165
Fayette,U.S. House,7,Republican,"Norris, Mark",813
Fayette,U.S. House,7,Republican,"Shoaf, Forrest",342
Fayette,U.S. House,7,Republican,"Starkey, Randy",18
Fayette,U.S. House,7,Republican,"Taylor, Brent",837
Fayette,U.S. House,7,Republican,Write-In,0
Fayette,U.S. Senate,NA,Democratic,"Clement, Bob",1528
Fayette,U.S. Senate,NA,Democratic,"Davis, Gary G.",333
Fayette,U.S. Senate,NA,Democratic,"Hampstead, Michael L.",130
Fayette,U.S. Senate,NA,Democratic,"Hopkey, Cher A.",103
Fayette,U.S. Senate,NA,Democratic,"Strauss, Alvin M.",103
Fayette,U.S. Senate,NA,Democratic,Write-In,0
Fayette,U.S. Senate,NA,Republican,"Alexander, Lamar",1352
Fayette,U.S. Senate,NA,Republican,"Bryant, Ed",3238
Fayette,U.S. Senate,NA,Republican,"DuBose, James E.",20
Fayette,U.S. Senate,NA,Republican,"Fenner, Christopher G.",15
Fayette,U.S. Senate,NA,Republican,"Griffin, June",29
Fayette,U.S. Senate,NA,Republican,"Taylor-Shelby, Mary",44
Fayette,U.S. Senate,NA,Republican,"Todd, Michael Brent",53
Fayette,U.S. Senate,NA,Republican,Write-In,0
Fentress,Governor,NA,Democratic,"Best, L.",50
Fentress,Governor,NA,Democratic,"Bredesen, Phil",2283
Fentress,Governor,NA,Democratic,"Brown, Charles V.",78
Fentress,Governor,NA,Democratic,"Conover, Floyd R.",42
Fentress,Governor,NA,Democratic,"Nichols, Randy",144
Fentress,Governor,NA,Democratic,"Smith, Charles E.",156
Fentress,Governor,NA,Democratic,Write-In,1
Fentress,Governor,NA,Republican,"Henry, James M. ""Jim""",121
Fentress,Governor,NA,Republican,"Hilleary, Van",2227
Fentress,Governor,NA,Republican,"Kelley, Dave",15
Fentress,Governor,NA,Republican,"McDonald, Jessie D.",15
Fentress,Governor,NA,Republican,"Tripp, Bob",15
Fentress,Governor,NA,Republican,Write-In,0
Fentress,State House,41,Democratic,"Windle, John Mark",2685
Fentress,State House,41,Democratic,Write-In,7
Fentress,State House,41,Republican,Write-In,42
Fentress,U.S. House,4,Democratic,"Davis, Lincoln",2535
Fentress,U.S. House,4,Democratic,"Marcum, Fran F.",487
Fentress,U.S. House,4,Democratic,Write-In,0
Fentress,U.S. House,4,Republican,"Bowling, Janice",1042
Fentress,U.S. House,4,Republican,"Bumpus, John",219
Fentress,U.S. House,4,Republican,"Coffield, Mike",178
Fentress,U.S. House,4,Republican,"Greene, Mike",226
Fentress,U.S. House,4,Republican,"Howard, Harvey",33
Fentress,U.S. House,4,Republican,"Ogles, Andy",259
Fentress,U.S. House,4,Republican,Write-In,1
Fentress,U.S. Senate,NA,Democratic,"Clement, Bob",1890
Fentress,U.S. Senate,NA,Democratic,"Davis, Gary G.",482
Fentress,U.S. Senate,NA,Democratic,"Hampstead, Michael L.",43
Fentress,U.S. Senate,NA,Democratic,"Hopkey, Cher A.",58
Fentress,U.S. Senate,NA,Democratic,"Strauss, Alvin M.",48
Fentress,U.S. Senate,NA,Democratic,Write-In,3
Fentress,U.S. Senate,NA,Republican,"Alexander, Lamar",1654
Fentress,U.S. Senate,NA,Republican,"Bryant, Ed",408
Fentress,U.S. Senate,NA,Republican,"DuBose, James E.",24
Fentress,U.S. Senate,NA,Republican,"Fenner, Christopher G.",11
Fentress,U.S. Senate,NA,Republican,"Griffin, June",23
Fentress,U.S. Senate,NA,Republican,"Taylor-Shelby, Mary",51
Fentress,U.S. Senate,NA,Republican,"Todd, Michael Brent",54
Fentress,U.S. Senate,NA,Republican,Write-In,0
Franklin,Governor,NA,Democratic,"Best, L.",82
Franklin,Governor,NA,Democratic,"Bredesen, Phil",4781
Franklin,Governor,NA,Democratic,"Brown, Charles V.",177
Franklin,Governor,NA,Democratic,"Conover, Floyd R.",102
Franklin,Governor,NA,Democratic,"Nichols, Randy",295
Franklin,Governor,NA,Democratic,"Smith, Charles E.",335
Franklin,Governor,NA,Democratic,Write-In,5
Franklin,Governor,NA,Republican,"Henry, James M. ""Jim""",228
Franklin,Governor,NA,Republican,"Hilleary, Van",2446
Franklin,Governor,NA,Republican,"Kelley, Dave",34
Franklin,Governor,NA,Republican,"McDonald, Jessie D.",26
Franklin,Governor,NA,Republican,"Tripp, Bob",18
Franklin,Governor,NA,Republican,Write-In,5
Franklin,State House,39,Democratic,"Fraley, George",4281
Franklin,State House,39,Democratic,Write-In,93
Franklin,State House,39,Republican,"Daniel, Jack R.",1891
Franklin,State House,39,Republican,Write-In,10
Franklin,U.S. House,4,Democratic,"Davis, Lincoln",2300
Franklin,U.S. House,4,Democratic,"Marcum, Fran F.",3413
Franklin,U.S. House,4,Democratic,Write-In,10
Franklin,U.S. House,4,Republican,"Bowling, Janice",1551
Franklin,U.S. House,4,Republican,"Bumpus, John",289
Franklin,U.S. House,4,Republican,"Coffield, Mike",182
Franklin,U.S. House,4,Republican,"Greene, Mike",210
Franklin,U.S. House,4,Republican,"Howard, Harvey",31
Franklin,U.S. House,4,Republican,"Ogles, Andy",195
Franklin,U.S. House,4,Republican,Write-In,0
Franklin,U.S. Senate,NA,Democratic,"Clement, Bob",4612
Franklin,U.S. Senate,NA,Democratic,"Davis, Gary G.",637
Franklin,U.S. Senate,NA,Democratic,"Hampstead, Michael L.",76
Franklin,U.S. Senate,NA,Democratic,"Hopkey, Cher A.",88
Franklin,U.S. Senate,NA,Democratic,"Strauss, Alvin M.",89
Franklin,U.S. Senate,NA,Democratic,Write-In,3
Franklin,U.S. Senate,NA,Republican,"Alexander, Lamar",1789
Franklin,U.S. Senate,NA,Republican,"Bryant, Ed",746
Franklin,U.S. Senate,NA,Republican,"DuBose, James E.",37
Franklin,U.S. Senate,NA,Republican,"Fenner, Christopher G.",16
Franklin,U.S. Senate,NA,Republican,"Griffin, June",31
Franklin,U.S. Senate,NA,Republican,"Taylor-Shelby, Mary",27
Franklin,U.S. Senate,NA,Republican,"Todd, Michael Brent",27
Franklin,U.S. Senate,NA,Republican,Write-In,3
Gibson,Governor,NA,Democratic,"Best, L.",130
Gibson,Governor,NA,Democratic,"Bredesen, Phil",5049
Gibson,Governor,NA,Democratic,"Brown, Charles V.",137
Gibson,Governor,NA,Democratic,"Conover, Floyd R.",47
Gibson,Governor,NA,Democratic,"Nichols, Randy",230
Gibson,Governor,NA,Democratic,"Smith, Charles E.",673
Gibson,Governor,NA,Democratic,Write-In,0
Gibson,Governor,NA,Republican,"Henry, James M. ""Jim""",403
Gibson,Governor,NA,Republican,"Hilleary, Van",1330
Gibson,Governor,NA,Republican,"Kelley, Dave",67
Gibson,Governor,NA,Republican,"McDonald, Jessie D.",35
Gibson,Governor,NA,Republican,"Tripp, Bob",117
Gibson,Governor,NA,Republican,Write-In,0
Gibson,State House,79,Democratic,"Carlton, Mark",461
Gibson,State House,79,Democratic,"Davis, Ray",2814
Gibson,State House,79,Democratic,"Phelan, Paul E.",3126
Gibson,State House,79,Democratic,Write-In,0
Gibson,State House,79,Republican,"Crider, Chris",1644
Gibson,State House,79,Republican,Write-In,0
Gibson,State Senate,27,Democratic,"Leech, J. Alex",1586
Gibson,State Senate,27,Democratic,"McLeary, Don",3379
Gibson,State Senate,27,Democratic,"Smith, Harold T.",393
Gibson,State Senate,27,Democratic,Write-In,0
Gibson,State Senate,27,Republican,"Carter, Bobby",1669
Gibson,State Senate,27,Republican,Write-In,0
Gibson,U.S. House,8,Democratic,"Tanner, John",5529
Gibson,U.S. House,8,Democratic,"Ward, Richard",571
Gibson,U.S. House,8,Democratic,Write-In,0
Gibson,U.S. House,8,Republican,"McClain, Mat",901
Gibson,U.S. House,8,Republican,"Warren, Bill",568
Gibson,U.S. House,8,Republican,Write-In,0
Gibson,U.S. Senate,NA,Democratic,"Clement, Bob",4671
Gibson,U.S. Senate,NA,Democratic,"Davis, Gary G.",711
Gibson,U.S. Senate,NA,Democratic,"Hampstead, Michael L.",126
Gibson,U.S. Senate,NA,Democratic,"Hopkey, Cher A.",106
Gibson,U.S. Senate,NA,Democratic,"Strauss, Alvin M.",91
Gibson,U.S. Senate,NA,Democratic,Write-In,0
Gibson,U.S. Senate,NA,Republican,"Alexander, Lamar",742
Gibson,U.S. Senate,NA,Republican,"Bryant, Ed",1247
Gibson,U.S. Senate,NA,Republican,"DuBose, James E.",10
Gibson,U.S. Senate,NA,Republican,"Fenner, Christopher G.",8
Gibson,U.S. Senate,NA,Republican,"Griffin, June",18
Gibson,U.S. Senate,NA,Republican,"Taylor-Shelby, Mary",29
Gibson,U.S. Senate,NA,Republican,"Todd, Michael Brent",17
Gibson,U.S. Senate,NA,Republican,Write-In,0
Giles,Governor,NA,Democratic,"Best, L.",90
Giles,Governor,NA,Democratic,"Bredesen, Phil",3567
Giles,Governor,NA,Democratic,"Brown, Charles V.",218
Giles,Governor,NA,Democratic,"Conover, Floyd R.",47
Giles,Governor,NA,Democratic,"Nichols, Randy",203
Giles,Governor,NA,Democratic,"Smith, Charles E.",263
Giles,Governor,NA,Democratic,Write-In,3
Giles,Governor,NA,Republican,"Henry, James M. ""Jim""",215
Giles,Governor,NA,Republican,"Hilleary, Van",2395
Giles,Governor,NA,Republican,"Kelley, Dave",30
Giles,Governor,NA,Republican,"McDonald, Jessie D.",27
Giles,Governor,NA,Republican,"Tripp, Bob",31
Giles,Governor,NA,Republican,Write-In,1
Giles,State House,65,Democratic,"Fowlkes, Joe",3722
Giles,State House,65,Democratic,Write-In,24
Giles,State House,65,Republican,"Peterson, Keith R.",1741
Giles,State House,65,Republican,Write-In,5
Giles,State Senate,25,Democratic,"Jackson, Doug",2811
Giles,State Senate,25,Democratic,Write-In,10
Giles,State Senate,25,Republican,"Brasfield, James F.",1706
Giles,State Senate,25,Republican,Write-In,3
Giles,U.S. House,4,Democratic,"Davis, Lincoln",2189
Giles,U.S. House,4,Democratic,"Marcum, Fran F.",1855
Giles,U.S. House,4,Democratic,Write-In,2
Giles,U.S. House,4,Republican,"Bowling, Janice",744
Giles,U.S. House,4,Republican,"Bumpus, John",355
Giles,U.S. House,4,Republican,"Coffield, Mike",90
Giles,U.S. House,4,Republican,"Greene, Mike",682
Giles,U.S. House,4,Republican,"Howard, Harvey",36
Giles,U.S. House,4,Republican,"Ogles, Andy",518
Giles,U.S. House,4,Republican,Write-In,1
Giles,U.S. Senate,NA,Democratic,"Clement, Bob",3219
Giles,U.S. Senate,NA,Democratic,"Davis, Gary G.",617
Giles,U.S. Senate,NA,Democratic,"Hampstead, Michael L.",101
Giles,U.S. Senate,NA,Democratic,"Hopkey, Cher A.",108
Giles,U.S. Senate,NA,Democratic,"Strauss, Alvin M.",84
Giles,U.S. Senate,NA,Democratic,Write-In,2
Giles,U.S. Senate,NA,Republican,"Alexander, Lamar",1631
Giles,U.S. Senate,NA,Republican,"Bryant, Ed",647
Giles,U.S. Senate,NA,Republican,"DuBose, James E.",102
Giles,U.S. Senate,NA,Republican,"Fenner, Christopher G.",18
Giles,U.S. Senate,NA,Republican,"Griffin, June",64
Giles,U.S. Senate,NA,Republican,"Taylor-Shelby, Mary",77
Giles,U.S. Senate,NA,Republican,"Todd, Michael Brent",32
Giles,U.S. Senate,NA,Republican,Write-In,0
Grainger,Governor,NA,Democratic,"Best, L.",6
Grainger,Governor,NA,Democratic,"Bredesen, Phil",770
Grainger,Governor,NA,Democratic,"Brown, Charles V.",15
Grainger,Governor,NA,Democratic,"Conover, Floyd R.",3
Grainger,Governor,NA,Democratic,"Nichols, Randy",126
Grainger,Governor,NA,Democratic,"Smith, Charles E.",33
Grainger,Governor,NA,Democratic,Write-In,0
Grainger,Governor,NA,Republican,"Henry, James M. ""Jim""",519
Grainger,Governor,NA,Republican,"Hilleary, Van",1352
Grainger,Governor,NA,Republican,"Kelley, Dave",17
Grainger,Governor,NA,Republican,"McDonald, Jessie D.",17
Grainger,Governor,NA,Republican,"Tripp, Bob",48
Grainger,Governor,NA,Republican,Write-In,1
Grainger,State House,35,Democratic,"Dykes, Daniel W.",564
Grainger,State House,35,Democratic,Write-In,0
Grainger,State House,35,Republican,"Roach, Dennis Coach",1464
Grainger,State House,35,Republican,Write-In,6
Grainger,U.S. House,3,Democratic,"Knott, Jr., John Norman E.",247
Grainger,U.S. House,3,Democratic,"Wolfe, John",411
Grainger,U.S. House,3,Democratic,Write-In,0
Grainger,U.S. House,3,Republican,"Wamp, Zack",1222
Grainger,U.S. House,3,Republican,Write-In,1
Grainger,U.S. Senate,NA,Democratic,"Clement, Bob",744
Grainger,U.S. Senate,NA,Democratic,"Davis, Gary G.",93
Grainger,U.S. Senate,NA,Democratic,"Hampstead, Michael L.",27
Grainger,U.S. Senate,NA,Democratic,"Hopkey, Cher A.",26
Grainger,U.S. Senate,NA,Democratic,"Strauss, Alvin M.",13
Grainger,U.S. Senate,NA,Democratic,Write-In,0
Grainger,U.S. Senate,NA,Republican,"Alexander, Lamar",1288
Grainger,U.S. Senate,NA,Republican,"Bryant, Ed",579
Grainger,U.S. Senate,NA,Republican,"DuBose, James E.",14
Grainger,U.S. Senate,NA,Republican,"Fenner, Christopher G.",5
Grainger,U.S. Senate,NA,Republican,"Griffin, June",11
Grainger,U.S. Senate,NA,Republican,"Taylor-Shelby, Mary",15
Grainger,U.S. Senate,NA,Republican,"Todd, Michael Brent",11
Grainger,U.S. Senate,NA,Republican,Write-In,0
Greene,Governor,NA,Democratic,"Best, L.",133
Greene,Governor,NA,Democratic,"Bredesen, Phil",2706
Greene,Governor,NA,Democratic,"Brown, Charles V.",159
Greene,Governor,NA,Democratic,"Conover, Floyd R.",37
Greene,Governor,NA,Democratic,"Nichols, Randy",190
Greene,Governor,NA,Democratic,"Smith, Charles E.",185
Greene,Governor,NA,Democratic,Write-In,0
Greene,Governor,NA,Republican,"Henry, James M. ""Jim""",3749
Greene,Governor,NA,Republican,"Hilleary, Van",5460
Greene,Governor,NA,Republican,"Kelley, Dave",154
Greene,Governor,NA,Republican,"McDonald, Jessie D.",109
Greene,Governor,NA,Republican,"Tripp, Bob",226
Greene,Governor,NA,Republican,Write-In,0
Greene,State House,11,Democratic,Write-In,0
Greene,State House,11,Democratic,"Yokley, Eddie",1270
Greene,State House,11,Republican,"Davis, Ronnie E.",2968
Greene,State House,11,Republican,Write-In,0
Greene,State House,5,Democratic,Write-In,0
Greene,State House,5,Republican,"Hawk, David",3660
Greene,State House,5,Republican,"Whitson, Jr., Zane",2304
Greene,State House,5,Republican,Write-In,0
Greene,State Senate,1,Democratic,Write-In,0
Greene,State Senate,1,Republican,"Haun, Tommy",4311
Greene,State Senate,1,Republican,"Southerland, Steve",6408
Greene,State Senate,1,Republican,Write-In,0
Greene,U.S. House,1,Democratic,Write-In,0
Greene,U.S. House,1,Republican,"Edgell, Larry P.",1005
Greene,U.S. House,1,Republican,"Jenkins, William L. ""Bill""",8170
Greene,U.S. House,1,Republican,Write-In,0
Greene,U.S. Senate,NA,Democratic,"Clement, Bob",2272
Greene,U.S. Senate,NA,Democratic,"Davis, Gary G.",564
Greene,U.S. Senate,NA,Democratic,"Hampstead, Michael L.",54
Greene,U.S. Senate,NA,Democratic,"Hopkey, Cher A.",104
Greene,U.S. Senate,NA,Democratic,"Strauss, Alvin M.",73
Greene,U.S. Senate,NA,Democratic,Write-In,0
Greene,U.S. Senate,NA,Republican,"Alexander, Lamar",6273
Greene,U.S. Senate,NA,Republican,"Bryant, Ed",3692
Greene,U.S. Senate,NA,Republican,"DuBose, James E.",44
Greene,U.S. Senate,NA,Republican,"Fenner, Christopher G.",37
Greene,U.S. Senate,NA,Republican,"Griffin, June",75
Greene,U.S. Senate,NA,Republican,"Taylor-Shelby, Mary",116
Greene,U.S. Senate,NA,Republican,"Todd, Michael Brent",57
Greene,U.S. Senate,NA,Republican,Write-In,0
Grundy,Governor,NA,Democratic,"Best, L.",33
Grundy,Governor,NA,Democratic,"Bredesen, Phil",1818
Grundy,Governor,NA,Democratic,"Brown, Charles V.",60
Grundy,Governor,NA,Democratic,"Conover, Floyd R.",38
Grundy,Governor,NA,Democratic,"Nichols, Randy",122
Grundy,Governor,NA,Democratic,"Smith, Charles E.",74
Grundy,Governor,NA,Democratic,Write-In,10
Grundy,Governor,NA,Republican,"Henry, James M. ""Jim""",57
Grundy,Governor,NA,Republican,"Hilleary, Van",311
Grundy,Governor,NA,Republican,"Kelley, Dave",7
Grundy,Governor,NA,Republican,"McDonald, Jessie D.",7
Grundy,Governor,NA,Republican,"Tripp, Bob",4
Grundy,Governor,NA,Republican,Write-In,0
Grundy,State House,37,Democratic,"Dawkins, Jane W.",1264
Grundy,State House,37,Democratic,"Harmon, Bill W.",957
Grundy,State House,37,Democratic,Write-In,1
Grundy,State House,37,Republican,"Mackey, Jeffrey S.",133
Grundy,State House,37,Republican,"Stuart, Bill",158
Grundy,State House,37,Republican,Write-In,2
Grundy,U.S. House,4,Democratic,"Davis, Lincoln",1143
Grundy,U.S. House,4,Democratic,"Marcum, Fran F.",986
Grundy,U.S. House,4,Democratic,Write-In,5
Grundy,U.S. House,4,Republican,"Bowling, Janice",159
Grundy,U.S. House,4,Republican,"Bumpus, John",30
Grundy,U.S. House,4,Republican,"Coffield, Mike",60
Grundy,U.S. House,4,Republican,"Greene, Mike",39
Grundy,U.S. House,4,Republican,"Howard, Harvey",11
Grundy,U.S. House,4,Republican,"Ogles, Andy",17
Grundy,U.S. House,4,Republican,Write-In,0
Grundy,U.S. Senate,NA,Democratic,"Clement, Bob",1637
Grundy,U.S. Senate,NA,Democratic,"Davis, Gary G.",257
Grundy,U.S. Senate,NA,Democratic,"Hampstead, Michael L.",60
Grundy,U.S. Senate,NA,Democratic,"Hopkey, Cher A.",49
Grundy,U.S. Senate,NA,Democratic,"Strauss, Alvin M.",32
Grundy,U.S. Senate,NA,Democratic,Write-In,7
Grundy,U.S. Senate,NA,Republican,"Alexander, Lamar",257
Grundy,U.S. Senate,NA,Republican,"Bryant, Ed",102
Grundy,U.S. Senate,NA,Republican,"DuBose, James E.",5
Grundy,U.S. Senate,NA,Republican,"Fenner, Christopher G.",3
Grundy,U.S. Senate,NA,Republican,"Griffin, June",5
Grundy,U.S. Senate,NA,Republican,"Taylor-Shelby, Mary",10
Grundy,U.S. Senate,NA,Republican,"Todd, Michael Brent",8
Grundy,U.S. Senate,NA,Republican,Write-In,0
Hamblen,Governor,NA,Democratic,"Best, L.",62
Hamblen,Governor,NA,Democratic,"Bredesen, Phil",3121
Hamblen,Governor,NA,Democratic,"Brown, Charles V.",87
Hamblen,Governor,NA,Democratic,"Conover, Floyd R.",33
Hamblen,Governor,NA,Democratic,"Nichols, Randy",348
Hamblen,Governor,NA,Democratic,"Smith, Charles E.",249
Hamblen,Governor,NA,Democratic,Write-In,0
Hamblen,Governor,NA,Republican,"Henry, James M. ""Jim""",1714
Hamblen,Governor,NA,Republican,"Hilleary, Van",5728
Hamblen,Governor,NA,Republican,"Kelley, Dave",66
Hamblen,Governor,NA,Republican,"McDonald, Jessie D.",46
Hamblen,Governor,NA,Republican,"Tripp, Bob",149
Hamblen,Governor,NA,Republican,Write-In,0
Hamblen,State House,10,Democratic,"Litz, John",2075
Hamblen,State House,10,Democratic,"Moore, Joe",1588
Hamblen,State House,10,Democratic,Write-In,0
Hamblen,State House,10,Republican,"Ford, Stancil",5230
Hamblen,State House,10,Republican,Write-In,0
Hamblen,State Senate,1,Democratic,Write-In,0
Hamblen,State Senate,1,Republican,"Haun, Tommy",2626
Hamblen,State Senate,1,Republican,"Southerland, Steve",4958
Hamblen,State Senate,1,Republican,Write-In,0
Hamblen,U.S. House,1,Democratic,Write-In,0
Hamblen,U.S. House,1,Republican,"Edgell, Larry P.",767
Hamblen,U.S. House,1,Republican,"Jenkins, William L. ""Bill""",5733
Hamblen,U.S. House,1,Republican,Write-In,0
Hamblen,U.S. Senate,NA,Democratic,"Clement, Bob",2817
Hamblen,U.S. Senate,NA,Democratic,"Davis, Gary G.",523
Hamblen,U.S. Senate,NA,Democratic,"Hampstead, Michael L.",86
Hamblen,U.S. Senate,NA,Democratic,"Hopkey, Cher A.",119
Hamblen,U.S. Senate,NA,Democratic,"Strauss, Alvin M.",90
Hamblen,U.S. Senate,NA,Democratic,Write-In,0
Hamblen,U.S. Senate,NA,Republican,"Alexander, Lamar",4981
Hamblen,U.S. Senate,NA,Republican,"Bryant, Ed",2383
Hamblen,U.S. Senate,NA,Republican,"DuBose, James E.",48
Hamblen,U.S. Senate,NA,Republican,"Fenner, Christopher G.",11
Hamblen,U.S. Senate,NA,Republican,"Griffin, June",61
Hamblen,U.S. Senate,NA,Republican,"Taylor-Shelby, Mary",70
Hamblen,U.S. Senate,NA,Republican,"Todd, Michael Brent",70
Hamblen,U.S. Senate,NA,Republican,Write-In,0
Hamilton,Governor,NA,Democratic,"Best, L.",341
Hamilton,Governor,NA,Democratic,"Bredesen, Phil",14898
Hamilton,Governor,NA,Democratic,"Brown, Charles V.",819
Hamilton,Governor,NA,Democratic,"Conover, Floyd R.",206
Hamilton,Governor,NA,Democratic,"Nichols, Randy",1263
Hamilton,Governor,NA,Democratic,"Smith, Charles E.",666
Hamilton,Governor,NA,Democratic,Write-In,98
Hamilton,Governor,NA,Republican,"Henry, James M. ""Jim""",10336
Hamilton,Governor,NA,Republican,"Hilleary, Van",15448
Hamilton,Governor,NA,Republican,"Kelley, Dave",212
Hamilton,Governor,NA,Republican,"McDonald, Jessie D.",151
Hamilton,Governor,NA,Republican,"Tripp, Bob",522
Hamilton,Governor,NA,Republican,Write-In,92
Hamilton,State House,26,Democratic,Write-In,58
Hamilton,State House,26,Republican,"Lively, Gene",1772
Hamilton,State House,26,Republican,"Wood, Bobby",3967
Hamilton,State House,26,Republican,Write-In,34
Hamilton,State House,27,Democratic,Write-In,135
Hamilton,State House,27,Republican,"Clem, Chris",3789
Hamilton,State House,27,Republican,"Lively, John M.",3367
Hamilton,State House,27,Republican,Write-In,7
Hamilton,State House,28,Democratic,"Brown, Tommie F.",4067
Hamilton,State House,28,Democratic,Write-In,73
Hamilton,State House,28,Republican,"Drew, Pete",709
Hamilton,State House,28,Republican,Write-In,32
Hamilton,State House,29,Democratic,"Rowe, Joe A.",2198
Hamilton,State House,29,Democratic,"Turner, Brenda Kaye",2487
Hamilton,State House,29,Democratic,Write-In,14
Hamilton,State House,29,Republican,"Horne, Johnny W.",2199
Hamilton,State House,29,Republican,Write-In,37
Hamilton,State House,30,Democratic,Write-In,74
Hamilton,State House,30,Republican,"Sharp, Jack",4334
Hamilton,State House,30,Republican,Write-In,91
Hamilton,State House,31,Democratic,"Vincent, Bobby D.",1089
Hamilton,State House,31,Democratic,Write-In,25
Hamilton,State House,31,Republican,"Vincent, Jim",2750
Hamilton,State House,31,Republican,Write-In,64
Hamilton,State Senate,11,Democratic,Write-In,236
Hamilton,State Senate,11,Republican,"Fowler, David",15913
Hamilton,State Senate,11,Republican,Write-In,252
Hamilton,U.S. House,3,Democratic,"Knott, Jr., John Norman E.",4544
Hamilton,U.S. House,3,Democratic,"Wolfe, John",10314
Hamilton,U.S. House,3,Democratic,Write-In,131
Hamilton,U.S. House,3,Republican,"Wamp, Zack",25501
Hamilton,U.S. House,3,Republican,Write-In,317
Hamilton,U.S. Senate,NA,Democratic,"Clement, Bob",13289
Hamilton,U.S. Senate,NA,Democratic,"Davis, Gary G.",2701
Hamilton,U.S. Senate,NA,Democratic,"Hampstead, Michael L.",396
Hamilton,U.S. Senate,NA,Democratic,"Hopkey, Cher A.",647
Hamilton,U.S. Senate,NA,Democratic,"Strauss, Alvin M.",316
Hamilton,U.S. Senate,NA,Democratic,Write-In,100
Hamilton,U.S. Senate,NA,Republican,"Alexander, Lamar",16872
Hamilton,U.S. Senate,NA,Republican,"Bryant, Ed",9699
Hamilton,U.S. Senate,NA,Republican,"DuBose, James E.",92
Hamilton,U.S. Senate,NA,Republican,"Fenner, Christopher G.",46
Hamilton,U.S. Senate,NA,Republican,"Griffin, June",325
Hamilton,U.S. Senate,NA,Republican,"Taylor-Shelby, Mary",171
Hamilton,U.S. Senate,NA,Republican,"Todd, Michael Brent",80
Hamilton,U.S. Senate,NA,Republican,Write-In,36
Hancock,Governor,NA,Democratic,"Best, L.",9
Hancock,Governor,NA,Democratic,"Bredesen, Phil",275
Hancock,Governor,NA,Democratic,"Brown, Charles V.",11
Hancock,Governor,NA,Democratic,"Conover, Floyd R.",4
Hancock,Governor,NA,Democratic,"Nichols, Randy",44
Hancock,Governor,NA,Democratic,"Smith, Charles E.",79
Hancock,Governor,NA,Democratic,Write-In,0
Hancock,Governor,NA,Republican,"Henry, James M. ""Jim""",439
Hancock,Governor,NA,Republican,"Hilleary, Van",908
Hancock,Governor,NA,Republican,"Kelley, Dave",149
Hancock,Governor,NA,Republican,"McDonald, Jessie D.",46
Hancock,Governor,NA,Republican,"Tripp, Bob",75
Hancock,Governor,NA,Republican,Write-In,3
Hancock,State House,9,Democratic,"Messick, Mike",216
Hancock,State House,9,Democratic,Write-In,1
Hancock,State House,9,Republican,"Freeman, Charlie",52
Hancock,State House,9,Republican,"Harrison, Mike",1843
Hancock,State House,9,Republican,"Henard, David A.",52
Hancock,State House,9,Republican,"Point, James N.",297
Hancock,State House,9,Republican,Write-In,2
Hancock,U.S. House,1,Democratic,Write-In,2
Hancock,U.S. House,1,Republican,"Edgell, Larry P.",131
Hancock,U.S. House,1,Republican,"Jenkins, William L. ""Bill""",1391
Hancock,U.S. House,1,Republican,Write-In,0
Hancock,U.S. Senate,NA,Democratic,"Clement, Bob",272
Hancock,U.S. Senate,NA,Democratic,"Davis, Gary G.",50
Hancock,U.S. Senate,NA,Democratic,"Hampstead, Michael L.",13
Hancock,U.S. Senate,NA,Democratic,"Hopkey, Cher A.",25
Hancock,U.S. Senate,NA,Democratic,"Strauss, Alvin M.",16
Hancock,U.S. Senate,NA,Democratic,Write-In,0
Hancock,U.S. Senate,NA,Republican,"Alexander, Lamar",1059
Hancock,U.S. Senate,NA,Republican,"Bryant, Ed",349
Hancock,U.S. Senate,NA,Republican,"DuBose, James E.",22
Hancock,U.S. Senate,NA,Republican,"Fenner, Christopher G.",16
Hancock,U.S. Senate,NA,Republican,"Griffin, June",33
Hancock,U.S. Senate,NA,Republican,"Taylor-Shelby, Mary",43
Hancock,U.S. Senate,NA,Republican,"Todd, Michael Brent",44
Hancock,U.S. Senate,NA,Republican,Write-In,1
Hardeman,Governor,NA,Democratic,"Best, L.",165
Hardeman,Governor,NA,Democratic,"Bredesen, Phil",2127
Hardeman,Governor,NA,Democratic,"Brown, Charles V.",260
Hardeman,Governor,NA,Democratic,"Conover, Floyd R.",62
Hardeman,Governor,NA,Democratic,"Nichols, Randy",178
Hardeman,Governor,NA,Democratic,"Smith, Charles E.",188
Hardeman,Governor,NA,Democratic,Write-In,0
Hardeman,Governor,NA,Republican,"Henry, James M. ""Jim""",550
Hardeman,Governor,NA,Republican,"Hilleary, Van",1219
Hardeman,Governor,NA,Republican,"Kelley, Dave",54
Hardeman,Governor,NA,Republican,"McDonald, Jessie D.",20
Hardeman,Governor,NA,Republican,"Tripp, Bob",159
Hardeman,Governor,NA,Republican,Write-In,0
Hardeman,State House,80,Democratic,"Godwin, Shelia L.",320
Hardeman,State House,80,Democratic,"Shaw, Johnny W.",2017
Hardeman,State House,80,Democratic,Write-In,0
Hardeman,State House,80,Republican,Write-In,0
Hardeman,State House,94,Democratic,"Elliot, Jamie L.",583
Hardeman,State House,94,Democratic,"Woods, Brenda",215
Hardeman,State House,94,Democratic,Write-In,0
Hardeman,State House,94,Republican,"Dowdy, Earl",413
Hardeman,State House,94,Republican,"Gresham, Dolores",438
Hardeman,State House,94,Republican,"Mayer, Richard",54
Hardeman,State House,94,Republican,"Whitaker, Mike",262
Hardeman,State House,94,Republican,Write-In,0
Hardeman,U.S. House,7,Democratic,"Barron, Tim",1481
Hardeman,U.S. House,7,Democratic,"Hayden, Omer R.",463
Hardeman,U.S. House,7,Democratic,Write-In,0
Hardeman,U.S. House,7,Republican,"Blackburn, Marsha",724
Hardeman,U.S. House,7,Republican,"Carlota, Sonny",9
Hardeman,U.S. House,7,Republican,"Kustoff, David",419
Hardeman,U.S. House,7,Republican,"Norris, Mark",270
Hardeman,U.S. House,7,Republican,"Shoaf, Forrest",231
Hardeman,U.S. House,7,Republican,"Starkey, Randy",38
Hardeman,U.S. House,7,Republican,"Taylor, Brent",583
Hardeman,U.S. House,7,Republican,Write-In,0
Hardeman,U.S. Senate,NA,Democratic,"Clement, Bob",1888
Hardeman,U.S. Senate,NA,Democratic,"Davis, Gary G.",314
Hardeman,U.S. Senate,NA,Democratic,"Hampstead, Michael L.",122
Hardeman,U.S. Senate,NA,Democratic,"Hopkey, Cher A.",87
Hardeman,U.S. Senate,NA,Democratic,"Strauss, Alvin M.",109
Hardeman,U.S. Senate,NA,Democratic,Write-In,0
Hardeman,U.S. Senate,NA,Republican,"Alexander, Lamar",674
Hardeman,U.S. Senate,NA,Republican,"Bryant, Ed",1670
Hardeman,U.S. Senate,NA,Republican,"DuBose, James E.",12
Hardeman,U.S. Senate,NA,Republican,"Fenner, Christopher G.",4
Hardeman,U.S. Senate,NA,Republican,"Griffin, June",16
Hardeman,U.S. Senate,NA,Republican,"Taylor-Shelby, Mary",23
Hardeman,U.S. Senate,NA,Republican,"Todd, Michael Brent",34
Hardeman,U.S. Senate,NA,Republican,Write-In,0
Hardin,Governor,NA,Democratic,"Best, L.",32
Hardin,Governor,NA,Democratic,"Bredesen, Phil",2227
Hardin,Governor,NA,Democratic,"Brown, Charles V.",69
Hardin,Governor,NA,Democratic,"Conover, Floyd R.",31
Hardin,Governor,NA,Democratic,"Nichols, Randy",544
Hardin,Governor,NA,Democratic,"Smith, Charles E.",142
Hardin,Governor,NA,Democratic,Write-In,7
Hardin,Governor,NA,Republican,"Henry, James M. ""Jim""",225
Hardin,Governor,NA,Republican,"Hilleary, Van",2777
Hardin,Governor,NA,Republican,"Kelley, Dave",39
Hardin,Governor,NA,Republican,"McDonald, Jessie D.",19
Hardin,Governor,NA,Republican,"Tripp, Bob",71
Hardin,Governor,NA,Republican,Write-In,7
Hardin,State House,71,Democratic,"Rinks, Randy ""Bear""",2560
Hardin,State House,71,Democratic,Write-In,42
Hardin,State House,71,Republican,Write-In,121
Hardin,U.S. House,7,Democratic,"Barron, Tim",1602
Hardin,U.S. House,7,Democratic,"Hayden, Omer R.",397
Hardin,U.S. House,7,Democratic,Write-In,10
Hardin,U.S. House,7,Republican,"Blackburn, Marsha",697
Hardin,U.S. House,7,Republican,"Carlota, Sonny",22
Hardin,U.S. House,7,Republican,"Kustoff, David",616
Hardin,U.S. House,7,Republican,"Norris, Mark",156
Hardin,U.S. House,7,Republican,"Shoaf, Forrest",685
Hardin,U.S. House,7,Republican,"Starkey, Randy",39
Hardin,U.S. House,7,Republican,"Taylor, Brent",767
Hardin,U.S. House,7,Republican,Write-In,3
Hardin,U.S. Senate,NA,Democratic,"Clement, Bob",2271
Hardin,U.S. Senate,NA,Democratic,"Davis, Gary G.",322
Hardin,U.S. Senate,NA,Democratic,"Hampstead, Michael L.",64
Hardin,U.S. Senate,NA,Democratic,"Hopkey, Cher A.",65
Hardin,U.S. Senate,NA,Democratic,"Strauss, Alvin M.",65
Hardin,U.S. Senate,NA,Democratic,Write-In,7
Hardin,U.S. Senate,NA,Republican,"Alexander, Lamar",1507
Hardin,U.S. Senate,NA,Republican,"Bryant, Ed",1360
Hardin,U.S. Senate,NA,Republican,"DuBose, James E.",21
Hardin,U.S. Senate,NA,Republican,"Fenner, Christopher G.",12
Hardin,U.S. Senate,NA,Republican,"Griffin, June",74
Hardin,U.S. Senate,NA,Republican,"Taylor-Shelby, Mary",56
Hardin,U.S. Senate,NA,Republican,"Todd, Michael Brent",60
Hardin,U.S. Senate,NA,Republican,Write-In,0
Hawkins,Governor,NA,Democratic,"Best, L.",40
Hawkins,Governor,NA,Democratic,"Bredesen, Phil",1705
Hawkins,Governor,NA,Democratic,"Brown, Charles V.",63
Hawkins,Governor,NA,Democratic,"Conover, Floyd R.",25
Hawkins,Governor,NA,Democratic,"Nichols, Randy",167
Hawkins,Governor,NA,Democratic,"Smith, Charles E.",228
Hawkins,Governor,NA,Democratic,Write-In,1
Hawkins,Governor,NA,Republican,"Henry, James M. ""Jim""",2069
Hawkins,Governor,NA,Republican,"Hilleary, Van",3706
Hawkins,Governor,NA,Republican,"Kelley, Dave",94
Hawkins,Governor,NA,Republican,"McDonald, Jessie D.",70
Hawkins,Governor,NA,Republican,"Tripp, Bob",145
Hawkins,Governor,NA,Republican,Write-In,8
Hawkins,State House,6,Democratic,Write-In,4
Hawkins,State House,6,Republican,"Davis, David",97
Hawkins,State House,6,Republican,"Ford, Dale",106
Hawkins,State House,6,Republican,Write-In,2
Hawkins,State House,9,Democratic,"Messick, Mike",1509
Hawkins,State House,9,Democratic,Write-In,6
Hawkins,State House,9,Republican,"Freeman, Charlie",426
Hawkins,State House,9,Republican,"Harrison, Mike",1855
Hawkins,State House,9,Republican,"Henard, David A.",880
Hawkins,State House,9,Republican,"Point, James N.",3040
Hawkins,State House,9,Republican,Write-In,5
Hawkins,U.S. House,1,Democratic,Write-In,0
Hawkins,U.S. House,1,Republican,"Edgell, Larry P.",513
Hawkins,U.S. House,1,Republican,"Jenkins, William L. ""Bill""",5852
Hawkins,U.S. House,1,Republican,Write-In,5
Hawkins,U.S. Senate,NA,Democratic,"Clement, Bob",1626
Hawkins,U.S. Senate,NA,Democratic,"Davis, Gary G.",293
Hawkins,U.S. Senate,NA,Democratic,"Hampstead, Michael L.",64
Hawkins,U.S. Senate,NA,Democratic,"Hopkey, Cher A.",58
Hawkins,U.S. Senate,NA,Democratic,"Strauss, Alvin M.",54
Hawkins,U.S. Senate,NA,Democratic,Write-In,2
Hawkins,U.S. Senate,NA,Republican,"Alexander, Lamar",4288
Hawkins,U.S. Senate,NA,Republican,"Bryant, Ed",1776
Hawkins,U.S. Senate,NA,Republican,"DuBose, James E.",36
Hawkins,U.S. Senate,NA,Republican,"Fenner, Christopher G.",28
Hawkins,U.S. Senate,NA,Republican,"Griffin, June",51
Hawkins,U.S. Senate,NA,Republican,"Taylor-Shelby, Mary",78
Hawkins,U.S. Senate,NA,Republican,"Todd, Michael Brent",58
Hawkins,U.S. Senate,NA,Republican,Write-In,4
Haywood,Governor,NA,Democratic,"Best, L.",199
Haywood,Governor,NA,Democratic,"Bredesen, Phil",1963
Haywood,Governor,NA,Democratic,"Brown, Charles V.",250
Haywood,Governor,NA,Democratic,"Conover, Floyd R.",163
Haywood,Governor,NA,Democratic,"Nichols, Randy",168
Haywood,Governor,NA,Democratic,"Smith, Charles E.",325
Haywood,Governor,NA,Democratic,Write-In,0
Haywood,Governor,NA,Republican,"Henry, James M. ""Jim""",537
Haywood,Governor,NA,Republican,"Hilleary, Van",614
Haywood,Governor,NA,Republican,"Kelley, Dave",30
Haywood,Governor,NA,Republican,"McDonald, Jessie D.",8
Haywood,Governor,NA,Republican,"Tripp, Bob",518
Haywood,Governor,NA,Republican,Write-In,0
Haywood,State House,81,Democratic,"Naifeh, Jimmy",2389
Haywood,State House,81,Democratic,Write-In,9
Haywood,State House,81,Republican,"Lopez, Antonio (Write-In)",247
Haywood,State House,81,Republican,Write-In,0
Haywood,U.S. House,8,Democratic,"Tanner, John",2859
Haywood,U.S. House,8,Democratic,"Ward, Richard",334
Haywood,U.S. House,8,Democratic,Write-In,0
Haywood,U.S. House,8,Republican,"McClain, Mat",621
Haywood,U.S. House,8,Republican,"Warren, Bill",673
Haywood,U.S. House,8,Republican,Write-In,0
Haywood,U.S. Senate,NA,Democratic,"Clement, Bob",2094
Haywood,U.S. Senate,NA,Democratic,"Davis, Gary G.",466
Haywood,U.S. Senate,NA,Democratic,"Hampstead, Michael L.",136
Haywood,U.S. Senate,NA,Democratic,"Hopkey, Cher A.",104
Haywood,U.S. Senate,NA,Democratic,"Strauss, Alvin M.",108
Haywood,U.S. Senate,NA,Democratic,Write-In,0
Haywood,U.S. Senate,NA,Republican,"Alexander, Lamar",752
Haywood,U.S. Senate,NA,Republican,"Bryant, Ed",952
Haywood,U.S. Senate,NA,Republican,"DuBose, James E.",9
Haywood,U.S. Senate,NA,Republican,"Fenner, Christopher G.",5
Haywood,U.S. Senate,NA,Republican,"Griffin, June",8
Haywood,U.S. Senate,NA,Republican,"Taylor-Shelby, Mary",9
Haywood,U.S. Senate,NA,Republican,"Todd, Michael Brent",17
Haywood,U.S. Senate,NA,Republican,Write-In,0
Henderson,Governor,NA,Democratic,"Best, L.",30
Henderson,Governor,NA,Democratic,"Bredesen, Phil",808
Henderson,Governor,NA,Democratic,"Brown, Charles V.",15
Henderson,Governor,NA,Democratic,"Conover, Floyd R.",8
Henderson,Governor,NA,Democratic,"Nichols, Randy",34
Henderson,Governor,NA,Democratic,"Smith, Charles E.",53
Henderson,Governor,NA,Democratic,Write-In,0
Henderson,Governor,NA,Republican,"Henry, James M. ""Jim""",641
Henderson,Governor,NA,Republican,"Hilleary, Van",1285
Henderson,Governor,NA,Republican,"Kelley, Dave",101
Henderson,Governor,NA,Republican,"McDonald, Jessie D.",32
Henderson,Governor,NA,Republican,"Tripp, Bob",97
Henderson,Governor,NA,Republican,Write-In,0
Henderson,State House,72,Democratic,Write-In,0
Henderson,State House,72,Republican,"McDaniel, Steve K.",1746
Henderson,State House,72,Republican,Write-In,0
Henderson,U.S. House,7,Democratic,"Barron, Tim",493
Henderson,U.S. House,7,Democratic,"Hayden, Omer R.",175
Henderson,U.S. House,7,Democratic,Write-In,0
Henderson,U.S. House,7,Republican,"Blackburn, Marsha",705
Henderson,U.S. House,7,Republican,"Carlota, Sonny",10
Henderson,U.S. House,7,Republican,"Kustoff, David",391
Henderson,U.S. House,7,Republican,"Norris, Mark",267
Henderson,U.S. House,7,Republican,"Shoaf, Forrest",230
Henderson,U.S. House,7,Republican,"Starkey, Randy",22
Henderson,U.S. House,7,Republican,"Taylor, Brent",554
Henderson,U.S. House,7,Republican,Write-In,0
Henderson,U.S. Senate,NA,Democratic,"Clement, Bob",840
Henderson,U.S. Senate,NA,Democratic,"Davis, Gary G.",55
Henderson,U.S. Senate,NA,Democratic,"Hampstead, Michael L.",10
Henderson,U.S. Senate,NA,Democratic,"Hopkey, Cher A.",15
Henderson,U.S. Senate,NA,Democratic,"Strauss, Alvin M.",11
Henderson,U.S. Senate,NA,Democratic,Write-In,0
Henderson,U.S. Senate,NA,Republican,"Alexander, Lamar",582
Henderson,U.S. Senate,NA,Republican,"Bryant, Ed",1699
Henderson,U.S. Senate,NA,Republican,"DuBose, James E.",4
Henderson,U.S. Senate,NA,Republican,"Fenner, Christopher G.",6
Henderson,U.S. Senate,NA,Republican,"Griffin, June",12
Henderson,U.S. Senate,NA,Republican,"Taylor-Shelby, Mary",16
Henderson,U.S. Senate,NA,Republican,"Todd, Michael Brent",33
Henderson,U.S. Senate,NA,Republican,Write-In,0
Henry,Governor,NA,Democratic,"Best, L.",40
Henry,Governor,NA,Democratic,"Bredesen, Phil",3575
Henry,Governor,NA,Democratic,"Brown, Charles V.",111
Henry,Governor,NA,Democratic,"Conover, Floyd R.",30
Henry,Governor,NA,Democratic,"Nichols, Randy",303
Henry,Governor,NA,Democratic,"Smith, Charles E.",414
Henry,Governor,NA,Democratic,Write-In,13
Henry,Governor,NA,Republican,"Henry, James M. ""Jim""",259
Henry,Governor,NA,Republican,"Hilleary, Van",414
Henry,Governor,NA,Republican,"Kelley, Dave",30
Henry,Governor,NA,Republican,"McDonald, Jessie D.",12
Henry,Governor,NA,Republican,"Tripp, Bob",24
Henry,Governor,NA,Republican,Write-In,1
Henry,State House,75,Democratic,"Ainley, Mike",705
Henry,State House,75,Democratic,"Borchert, Willie Butch",711
Henry,State House,75,Democratic,"Crawford, Larry D.",2229
Henry,State House,75,Democratic,"Patton, Randy",1041
Henry,State House,75,Democratic,Write-In,0
Henry,State House,75,Republican,Write-In,35
Henry,U.S. House,8,Democratic,"Tanner, John",4101
Henry,U.S. House,8,Democratic,"Ward, Richard",443
Henry,U.S. House,8,Democratic,Write-In,8
Henry,U.S. House,8,Republican,"McClain, Mat",323
Henry,U.S. House,8,Republican,"Warren, Bill",261
Henry,U.S. House,8,Republican,Write-In,19
Henry,U.S. Senate,NA,Democratic,"Clement, Bob",3781
Henry,U.S. Senate,NA,Democratic,"Davis, Gary G.",251
Henry,U.S. Senate,NA,Democratic,"Hampstead, Michael L.",84
Henry,U.S. Senate,NA,Democratic,"Hopkey, Cher A.",132
Henry,U.S. Senate,NA,Democratic,"Strauss, Alvin M.",76
Henry,U.S. Senate,NA,Democratic,Write-In,7
Henry,U.S. Senate,NA,Republican,"Alexander, Lamar",441
Henry,U.S. Senate,NA,Republican,"Bryant, Ed",280
Henry,U.S. Senate,NA,Republican,"DuBose, James E.",9
Henry,U.S. Senate,NA,Republican,"Fenner, Christopher G.",2
Henry,U.S. Senate,NA,Republican,"Griffin, June",19
Henry,U.S. Senate,NA,Republican,"Taylor-Shelby, Mary",15
Henry,U.S. Senate,NA,Republican,"Todd, Michael Brent",16
Henry,U.S. Senate,NA,Republican,Write-In,0
Hickman,Governor,NA,Democratic,"Best, L.",49
Hickman,Governor,NA,Democratic,"Bredesen, Phil",3381
Hickman,Governor,NA,Democratic,"Brown, Charles V.",68
Hickman,Governor,NA,Democratic,"Conover, Floyd R.",26
Hickman,Governor,NA,Democratic,"Nichols, Randy",177
Hickman,Governor,NA,Democratic,"Smith, Charles E.",313
Hickman,Governor,NA,Democratic,Write-In,4
Hickman,Governor,NA,Republican,"Henry, James M. ""Jim""",208
Hickman,Governor,NA,Republican,"Hilleary, Van",1325
Hickman,Governor,NA,Republican,"Kelley, Dave",46
Hickman,Governor,NA,Republican,"McDonald, Jessie D.",29
Hickman,Governor,NA,Republican,"Tripp, Bob",43
Hickman,Governor,NA,Republican,Write-In,5
Hickman,State House,69,Democratic,"Shepard, David A.",1939
Hickman,State House,69,Democratic,Write-In,6
Hickman,State House,69,Republican,"Bryant, Dennis Shane",564
Hickman,State House,69,Republican,Write-In,0
Hickman,State House,74,Democratic,"Tidwell, John C.",1302
Hickman,State House,74,Democratic,Write-In,8
Hickman,State House,74,Republican,"Hewitt, Carl (Write-In)",7
Hickman,State House,74,Republican,Write-In,0
Hickman,State Senate,25,Democratic,"Jackson, Doug",3560
Hickman,State Senate,25,Democratic,Write-In,23
Hickman,State Senate,25,Republican,"Brasfield, James F.",1080
Hickman,State Senate,25,Republican,Write-In,5
Hickman,U.S. House,4,Democratic,"Davis, Lincoln",1449
Hickman,U.S. House,4,Democratic,"Marcum, Fran F.",1087
Hickman,U.S. House,4,Democratic,Write-In,7
Hickman,U.S. House,4,Republican,"Bowling, Janice",247
Hickman,U.S. House,4,Republican,"Bumpus, John",123
Hickman,U.S. House,4,Republican,"Coffield, Mike",87
Hickman,U.S. House,4,Republican,"Greene, Mike",282
Hickman,U.S. House,4,Republican,"Howard, Harvey",25
Hickman,U.S. House,4,Republican,"Ogles, Andy",187
Hickman,U.S. House,4,Republican,Write-In,3
Hickman,U.S. House,7,Democratic,"Barron, Tim",670
Hickman,U.S. House,7,Democratic,"Hayden, Omer R.",273
Hickman,U.S. House,7,Democratic,Write-In,1
Hickman,U.S. House,7,Republican,"Blackburn, Marsha",278
Hickman,U.S. House,7,Republican,"Carlota, Sonny",5
Hickman,U.S. House,7,Republican,"Kustoff, David",56
Hickman,U.S. House,7,Republican,"Norris, Mark",24
Hickman,U.S. House,7,Republican,"Shoaf, Forrest",41
Hickman,U.S. House,7,Republican,"Starkey, Randy",16
Hickman,U.S. House,7,Republican,"Taylor, Brent",143
Hickman,U.S. House,7,Republican,Write-In,0
Hickman,U.S. Senate,NA,Democratic,"Clement, Bob",3491
Hickman,U.S. Senate,NA,Democratic,"Davis, Gary G.",307
Hickman,U.S. Senate,NA,Democratic,"Hampstead, Michael L.",39
Hickman,U.S. Senate,NA,Democratic,"Hopkey, Cher A.",101
Hickman,U.S. Senate,NA,Democratic,"Strauss, Alvin M.",36
Hickman,U.S. Senate,NA,Democratic,Write-In,1
Hickman,U.S. Senate,NA,Republican,"Alexander, Lamar",631
Hickman,U.S. Senate,NA,Republican,"Bryant, Ed",985
Hickman,U.S. Senate,NA,Republican,"DuBose, James E.",6
Hickman,U.S. Senate,NA,Republican,"Fenner, Christopher G.",3
Hickman,U.S. Senate,NA,Republican,"Griffin, June",24
Hickman,U.S. Senate,NA,Republican,"Taylor-Shelby, Mary",30
Hickman,U.S. Senate,NA,Republican,"Todd, Michael Brent",13
Hickman,U.S. Senate,NA,Republican,Write-In,1
Houston,Governor,NA,Democratic,"Best, L.",45
Houston,Governor,NA,Democratic,"Bredesen, Phil",1918
Houston,Governor,NA,Democratic,"Brown, Charles V.",26
Houston,Governor,NA,Democratic,"Conover, Floyd R.",15
Houston,Governor,NA,Democratic,"Nichols, Randy",34
Houston,Governor,NA,Democratic,"Smith, Charles E.",66
Houston,Governor,NA,Democratic,Write-In,0
Houston,Governor,NA,Republican,"Henry, James M. ""Jim""",85
Houston,Governor,NA,Republican,"Hilleary, Van",463
Houston,Governor,NA,Republican,"Kelley, Dave",3
Houston,Governor,NA,Republican,"McDonald, Jessie D.",7
Houston,Governor,NA,Republican,"Tripp, Bob",22
Houston,Governor,NA,Republican,Write-In,0
Houston,State House,74,Democratic,"Tidwell, John C.",1397
Houston,State House,74,Democratic,Write-In,0
Houston,State House,74,Republican,"Hewitt, Carl (Write-In)",14
Houston,State House,74,Republican,Write-In,0
Houston,U.S. House,8,Democratic,"Tanner, John",1691
Houston,U.S. House,8,Democratic,"Ward, Richard",179
Houston,U.S. House,8,Democratic,Write-In,0
Houston,U.S. House,8,Republican,"McClain, Mat",229
Houston,U.S. House,8,Republican,"Warren, Bill",202
Houston,U.S. House,8,Republican,Write-In,0
Houston,U.S. Senate,NA,Democratic,"Clement, Bob",1930
Houston,U.S. Senate,NA,Democratic,"Davis, Gary G.",70
Houston,U.S. Senate,NA,Democratic,"Hampstead, Michael L.",15
Houston,U.S. Senate,NA,Democratic,"Hopkey, Cher A.",23
Houston,U.S. Senate,NA,Democratic,"Strauss, Alvin M.",10
Houston,U.S. Senate,NA,Democratic,Write-In,0
Houston,U.S. Senate,NA,Republican,"Alexander, Lamar",326
Houston,U.S. Senate,NA,Republican,"Bryant, Ed",233
Houston,U.S. Senate,NA,Republican,"DuBose, James E.",3
Houston,U.S. Senate,NA,Republican,"Fenner, Christopher G.",2
Houston,U.S. Senate,NA,Republican,"Griffin, June",6
Houston,U.S. Senate,NA,Republican,"Taylor-Shelby, Mary",16
Houston,U.S. Senate,NA,Republican,"Todd, Michael Brent",5
Houston,U.S. Senate,NA,Republican,Write-In,0
Humphreys,Governor,NA,Democratic,"Best, L.",77
Humphreys,Governor,NA,Democratic,"Bredesen, Phil",3052
Humphreys,Governor,NA,Democratic,"Brown, Charles V.",63
Humphreys,Governor,NA,Democratic,"Conover, Floyd R.",19
Humphreys,Governor,NA,Democratic,"Nichols, Randy",106
Humphreys,Governor,NA,Democratic,"Smith, Charles E.",153
Humphreys,Governor,NA,Democratic,Write-In,0
Humphreys,Governor,NA,Republican,"Henry, James M. ""Jim""",164
Humphreys,Governor,NA,Republican,"Hilleary, Van",1003
Humphreys,Governor,NA,Republican,"Kelley, Dave",28
Humphreys,Governor,NA,Republican,"McDonald, Jessie D.",17
Humphreys,Governor,NA,Republican,"Tripp, Bob",39
Humphreys,Governor,NA,Republican,Write-In,0
Humphreys,State House,74,Democratic,"Tidwell, John C.",2694
Humphreys,State House,74,Democratic,Write-In,0
Humphreys,State House,74,Republican,"Hewitt, Carl (Write-In)",410
Humphreys,State House,74,Republican,Write-In,0
Humphreys,State Senate,25,Democratic,"Jackson, Doug",2823
Humphreys,State Senate,25,Democratic,Write-In,0
Humphreys,State Senate,25,Republican,"Brasfield, James F.",921
Humphreys,State Senate,25,Republican,Write-In,0
Humphreys,U.S. House,8,Democratic,"Tanner, John",2971
Humphreys,U.S. House,8,Democratic,"Ward, Richard",350
Humphreys,U.S. House,8,Democratic,Write-In,0
Humphreys,U.S. House,8,Republican,"McClain, Mat",436
Humphreys,U.S. House,8,Republican,"Warren, Bill",433
Humphreys,U.S. House,8,Republican,Write-In,0
Humphreys,U.S. Senate,NA,Democratic,"Clement, Bob",3171
Humphreys,U.S. Senate,NA,Democratic,"Davis, Gary G.",149
Humphreys,U.S. Senate,NA,Democratic,"Hampstead, Michael L.",42
Humphreys,U.S. Senate,NA,Democratic,"Hopkey, Cher A.",54
Humphreys,U.S. Senate,NA,Democratic,"Strauss, Alvin M.",31
Humphreys,U.S. Senate,NA,Democratic,Write-In,0
Humphreys,U.S. Senate,NA,Republican,"Alexander, Lamar",618
Humphreys,U.S. Senate,NA,Republican,"Bryant, Ed",622
Humphreys,U.S. Senate,NA,Republican,"DuBose, James E.",6
Humphreys,U.S. Senate,NA,Republican,"Fenner, Christopher G.",5
Humphreys,U.S. Senate,NA,Republican,"Griffin, June",14
Humphreys,U.S. Senate,NA,Republican,"Taylor-Shelby, Mary",18
Humphreys,U.S. Senate,NA,Republican,"Todd, Michael Brent",5
Humphreys,U.S. Senate,NA,Republican,Write-In,0
Jackson,Governor,NA,Democratic,"Best, L.",59
Jackson,Governor,NA,Democratic,"Bredesen, Phil",2738
Jackson,Governor,NA,Democratic,"Brown, Charles V.",82
Jackson,Governor,NA,Democratic,"Conover, Floyd R.",21
Jackson,Governor,NA,Democratic,"Nichols, Randy",81
Jackson,Governor,NA,Democratic,"Smith, Charles E.",147
Jackson,Governor,NA,Democratic,Write-In,1
Jackson,Governor,NA,Republican,"Henry, James M. ""Jim""",205
Jackson,Governor,NA,Republican,"Hilleary, Van",501
Jackson,Governor,NA,Republican,"Kelley, Dave",57
Jackson,Governor,NA,Republican,"McDonald, Jessie D.",9
Jackson,Governor,NA,Republican,"Tripp, Bob",18
Jackson,Governor,NA,Republican,Write-In,1
Jackson,State House,38,Democratic,"Winningham, Leslie E.",2542
Jackson,State House,38,Democratic,Write-In,1
Jackson,State House,38,Republican,Write-In,1
Jackson,State Senate,15,Democratic,"Burks, Charlotte",2685
Jackson,State Senate,15,Democratic,Write-In,0
Jackson,State Senate,15,Republican,"Bailey, Paul",522
Jackson,State Senate,15,Republican,Write-In,0
Jackson,U.S. House,6,Democratic,"Gordon, Bart",2864
Jackson,U.S. House,6,Democratic,"Howard, Harvey",178
Jackson,U.S. House,6,Democratic,Write-In,0
Jackson,U.S. House,6,Republican,"Garrison, Robert L.",522
Jackson,U.S. House,6,Republican,Write-In,2
Jackson,U.S. Senate,NA,Democratic,"Clement, Bob",2596
Jackson,U.S. Senate,NA,Democratic,"Davis, Gary G.",187
Jackson,U.S. Senate,NA,Democratic,"Hampstead, Michael L.",35
Jackson,U.S. Senate,NA,Democratic,"Hopkey, Cher A.",70
Jackson,U.S. Senate,NA,Democratic,"Strauss, Alvin M.",30
Jackson,U.S. Senate,NA,Democratic,Write-In,0
Jackson,U.S. Senate,NA,Republican,"Alexander, Lamar",484
Jackson,U.S. Senate,NA,Republican,"Bryant, Ed",204
Jackson,U.S. Senate,NA,Republican,"DuBose, James E.",7
Jackson,U.S. Senate,NA,Republican,"Fenner, Christopher G.",10
Jackson,U.S. Senate,NA,Republican,"Griffin, June",19
Jackson,U.S. Senate,NA,Republican,"Taylor-Shelby, Mary",23
Jackson,U.S. Senate,NA,Republican,"Todd, Michael Brent",15
Jackson,U.S. Senate,NA,Republican,Write-In,0
Jefferson,Governor,NA,Democratic,"Best, L.",19
Jefferson,Governor,NA,Democratic,"Bredesen, Phil",1465
Jefferson,Governor,NA,Democratic,"Brown, Charles V.",39
Jefferson,Governor,NA,Democratic,"Conover, Floyd R.",8
Jefferson,Governor,NA,Democratic,"Nichols, Randy",219
Jefferson,Governor,NA,Democratic,"Smith, Charles E.",61
Jefferson,Governor,NA,Democratic,Write-In,5
Jefferson,Governor,NA,Republican,"Henry, James M. ""Jim""",1796
Jefferson,Governor,NA,Republican,"Hilleary, Van",3539
Jefferson,Governor,NA,Republican,"Kelley, Dave",67
Jefferson,Governor,NA,Republican,"McDonald, Jessie D.",57
Jefferson,Governor,NA,Republican,"Tripp, Bob",172
Jefferson,Governor,NA,Republican,Write-In,20
Jefferson,State House,17,Democratic,Write-In,0
Jefferson,State House,17,Republican,"Hagood, Jamie",2570
Jefferson,State House,17,Republican,"Kisabeth, Craig",2200
Jefferson,State House,17,Republican,Write-In,4
Jefferson,State House,35,Democratic,"Dykes, Daniel W.",247
Jefferson,State House,35,Democratic,Write-In,0
Jefferson,State House,35,Republican,"Roach, Dennis Coach",858
Jefferson,State House,35,Republican,Write-In,14
Jefferson,U.S. House,1,Democratic,Write-In,0
Jefferson,U.S. House,1,Republican,"Edgell, Larry P.",121
Jefferson,U.S. House,1,Republican,"Jenkins, William L. ""Bill""",1104
Jefferson,U.S. House,1,Republican,Write-In,3
Jefferson,U.S. House,3,Democratic,"Knott, Jr., John Norman E.",441
Jefferson,U.S. House,3,Democratic,"Wolfe, John",508
Jefferson,U.S. House,3,Democratic,Write-In,4
Jefferson,U.S. House,3,Republican,"Wamp, Zack",2901
Jefferson,U.S. House,3,Republican,Write-In,20
Jefferson,U.S. Senate,NA,Democratic,"Clement, Bob",1284
Jefferson,U.S. Senate,NA,Democratic,"Davis, Gary G.",235
Jefferson,U.S. Senate,NA,Democratic,"Hampstead, Michael L.",40
Jefferson,U.S. Senate,NA,Democratic,"Hopkey, Cher A.",73
Jefferson,U.S. Senate,NA,Democratic,"Strauss, Alvin M.",46
Jefferson,U.S. Senate,NA,Democratic,Write-In,3
Jefferson,U.S. Senate,NA,Republican,"Alexander, Lamar",3492
Jefferson,U.S. Senate,NA,Republican,"Bryant, Ed",2015
Jefferson,U.S. Senate,NA,Republican,"DuBose, James E.",36
Jefferson,U.S. Senate,NA,Republican,"Fenner, Christopher G.",23
Jefferson,U.S. Senate,NA,Republican,"Griffin, June",50
Jefferson,U.S. Senate,NA,Republican,"Taylor-Shelby, Mary",53
Jefferson,U.S. Senate,NA,Republican,"Todd, Michael Brent",47
Jefferson,U.S. Senate,NA,Republican,Write-In,6
Johnson,Governor,NA,Democratic,"Best, L.",25
Johnson,Governor,NA,Democratic,"Bredesen, Phil",975
Johnson,Governor,NA,Democratic,"Brown, Charles V.",46
Johnson,Governor,NA,Democratic,"Conover, Floyd R.",35
Johnson,Governor,NA,Democratic,"Nichols, Randy",58
Johnson,Governor,NA,Democratic,"Smith, Charles E.",89
Johnson,Governor,NA,Democratic,Write-In,1
Johnson,Governor,NA,Republican,"Henry, James M. ""Jim""",952
Johnson,Governor,NA,Republican,"Hilleary, Van",1673
Johnson,Governor,NA,Republican,"Kelley, Dave",168
Johnson,Governor,NA,Republican,"McDonald, Jessie D.",78
Johnson,Governor,NA,Republican,"Tripp, Bob",107
Johnson,Governor,NA,Republican,Write-In,1
Johnson,State House,3,Democratic,"Akard, Joe Mike (Write-In)",205
Johnson,State House,3,Democratic,"Carrier, Van",641
Johnson,State House,3,Democratic,Write-In,4
Johnson,State House,3,Republican,"Mumpower, Jason E.",2485
Johnson,State House,3,Republican,Write-In,24
Johnson,U.S. House,1,Democratic,Write-In,10
Johnson,U.S. House,1,Republican,"Edgell, Larry P.",301
Johnson,U.S. House,1,Republican,"Jenkins, William L. ""Bill""",2533
Johnson,U.S. House,1,Republican,Write-In,0
Johnson,U.S. Senate,NA,Democratic,"Clement, Bob",726
Johnson,U.S. Senate,NA,Democratic,"Davis, Gary G.",216
Johnson,U.S. Senate,NA,Democratic,"Hampstead, Michael L.",55
Johnson,U.S. Senate,NA,Democratic,"Hopkey, Cher A.",58
Johnson,U.S. Senate,NA,Democratic,"Strauss, Alvin M.",41
Johnson,U.S. Senate,NA,Democratic,Write-In,2
Johnson,U.S. Senate,NA,Republican,"Alexander, Lamar",2315
Johnson,U.S. Senate,NA,Republican,"Bryant, Ed",606
Johnson,U.S. Senate,NA,Republican,"DuBose, James E.",30
Johnson,U.S. Senate,NA,Republican,"Fenner, Christopher G.",47
Johnson,U.S. Senate,NA,Republican,"Griffin, June",53
Johnson,U.S. Senate,NA,Republican,"Taylor-Shelby, Mary",61
Johnson,U.S. Senate,NA,Republican,"Todd, Michael Brent",43
Johnson,U.S. Senate,NA,Republican,Write-In,1
Knox,Governor,NA,Democratic,"Best, L.",536
Knox,Governor,NA,Democratic,"Bredesen, Phil",13507
Knox,Governor,NA,Democratic,"Brown, Charles V.",214
Knox,Governor,NA,Democratic,"Conover, Floyd R.",76
Knox,Governor,NA,Democratic,"Nichols, Randy",5860
Knox,Governor,NA,Democratic,"Smith, Charles E.",773
Knox,Governor,NA,Democratic,Write-In,2
Knox,Governor,NA,Republican,"Henry, James M. ""Jim""",17978
Knox,Governor,NA,Republican,"Hilleary, Van",22413
Knox,Governor,NA,Republican,"Kelley, Dave",279
Knox,Governor,NA,Republican,"McDonald, Jessie D.",213
Knox,Governor,NA,Republican,"Tripp, Bob",1742
Knox,Governor,NA,Republican,Write-In,4
Knox,State House,13,Democratic,"Tindell, Harry",2657
Knox,State House,13,Democratic,Write-In,1
Knox,State House,13,Republican,Write-In,2
Knox,State House,14,Democratic,Write-In,1
Knox,State House,14,Republican,"Bittle, H. E.",7622
Knox,State House,14,Republican,Write-In,1
Knox,State House,15,Democratic,"Armstrong, Joe",2437
Knox,State House,15,Democratic,"Moore, Sandra",890
Knox,State House,15,Democratic,Write-In,0
Knox,State House,15,Republican,Write-In,1
Knox,State House,16,Democratic,Write-In,0
Knox,State House,16,Republican,"Dunn, Bill",6892
Knox,State House,16,Republican,Write-In,1
Knox,State House,17,Democratic,Write-In,0
Knox,State House,17,Republican,"Hagood, Jamie",3553
Knox,State House,17,Republican,"Kisabeth, Craig",1254
Knox,State House,17,Republican,Write-In,0
Knox,State House,18,Democratic,Write-In,0
Knox,State House,18,Republican,"Buttry, Steven",3508
Knox,State House,18,Republican,"Campfield, Stacey",3056
Knox,State House,18,Republican,Write-In,2
Knox,State House,19,Democratic,"Bayless, Larry W.",2100
Knox,State House,19,Democratic,Write-In,0
Knox,State House,19,Republican,"Brooks, Harry R.",3016
Knox,State House,19,Republican,"Hall, Wendell",2247
Knox,State House,19,Republican,"Rose, Kent M.",1478
Knox,State House,19,Republican,Write-In,0
Knox,State Senate,5,Democratic,"Farmer, Gary",1173
Knox,State Senate,5,Democratic,Write-In,0
Knox,State Senate,5,Republican,"Frank, Lee",1688
Knox,State Senate,5,Republican,"McNally, Randy",1926
Knox,State Senate,5,Republican,Write-In,0
Knox,State Senate,7,Democratic,"Owen, Bill",6027
Knox,State Senate,7,Democratic,"Wells, Kendall Gene",1562
Knox,State Senate,7,Democratic,Write-In,1
Knox,State Senate,7,Republican,"Burchett, Tim",13250
Knox,State Senate,7,Republican,Write-In,4
Knox,U.S. House,2,Democratic,"Greene, John",15251
Knox,U.S. House,2,Democratic,Write-In,3
Knox,U.S. House,2,Republican,"Duncan, Jr., John J.",38703
Knox,U.S. House,2,Republican,"Pendergrass, Jim",3749
Knox,U.S. House,2,Republican,Write-In,2
Knox,U.S. Senate,NA,Democratic,"Clement, Bob",15173
Knox,U.S. Senate,NA,Democratic,"Davis, Gary G.",1788
Knox,U.S. Senate,NA,Democratic,"Hampstead, Michael L.",465
Knox,U.S. Senate,NA,Democratic,"Hopkey, Cher A.",786
Knox,U.S. Senate,NA,Democratic,"Strauss, Alvin M.",468
Knox,U.S. Senate,NA,Democratic,Write-In,4
Knox,U.S. Senate,NA,Republican,"Alexander, Lamar",22821
Knox,U.S. Senate,NA,Republican,"Bryant, Ed",18947
Knox,U.S. Senate,NA,Republican,"DuBose, James E.",296
Knox,U.S. Senate,NA,Republican,"Fenner, Christopher G.",80
Knox,U.S. Senate,NA,Republican,"Griffin, June",429
Knox,U.S. Senate,NA,Republican,"Taylor-Shelby, Mary",295
Knox,U.S. Senate,NA,Republican,"Todd, Michael Brent",123
Knox,U.S. Senate,NA,Republican,Write-In,2
Lake,Governor,NA,Democratic,"Best, L.",50
Lake,Governor,NA,Democratic,"Bredesen, Phil",1149
Lake,Governor,NA,Democratic,"Brown, Charles V.",39
Lake,Governor,NA,Democratic,"Conover, Floyd R.",14
Lake,Governor,NA,Democratic,"Nichols, Randy",56
Lake,Governor,NA,Democratic,"Smith, Charles E.",126
Lake,Governor,NA,Democratic,Write-In,0
Lake,Governor,NA,Republican,"Henry, James M. ""Jim""",102
Lake,Governor,NA,Republican,"Hilleary, Van",109
Lake,Governor,NA,Republican,"Kelley, Dave",16
Lake,Governor,NA,Republican,"McDonald, Jessie D.",13
Lake,Governor,NA,Republican,"Tripp, Bob",26
Lake,Governor,NA,Republican,Write-In,0
Lake,State House,77,Democratic,"Pinion, Phillip",1109
Lake,State House,77,Democratic,Write-In,1
Lake,State House,77,Republican,"Dyer, Johnny T.",195
Lake,State House,77,Republican,Write-In,0
Lake,U.S. House,8,Democratic,"Tanner, John",1310
Lake,U.S. House,8,Democratic,"Ward, Richard",117
Lake,U.S. House,8,Democratic,Write-In,0
Lake,U.S. House,8,Republican,"McClain, Mat",81
Lake,U.S. House,8,Republican,"Warren, Bill",87
Lake,U.S. House,8,Republican,Write-In,0
Lake,U.S. Senate,NA,Democratic,"Clement, Bob",853
Lake,U.S. Senate,NA,Democratic,"Davis, Gary G.",129
Lake,U.S. Senate,NA,Democratic,"Hampstead, Michael L.",50
Lake,U.S. Senate,NA,Democratic,"Hopkey, Cher A.",32
Lake,U.S. Senate,NA,Democratic,"Strauss, Alvin M.",48
Lake,U.S. Senate,NA,Democratic,Write-In,0
Lake,U.S. Senate,NA,Republican,"Alexander, Lamar",161
Lake,U.S. Senate,NA,Republican,"Bryant, Ed",115
Lake,U.S. Senate,NA,Republican,"DuBose, James E.",3
Lake,U.S. Senate,NA,Republican,"Fenner, Christopher G.",2
Lake,U.S. Senate,NA,Republican,"Griffin, June",8
Lake,U.S. Senate,NA,Republican,"Taylor-Shelby, Mary",8
Lake,U.S. Senate,NA,Republican,"Todd, Michael Brent",12
Lake,U.S. Senate,NA,Republican,Write-In,0
Lauderdale,Governor,NA,Democratic,"Best, L.",164
Lauderdale,Governor,NA,Democratic,"Bredesen, Phil",2766
Lauderdale,Governor,NA,Democratic,"Brown, Charles V.",147
Lauderdale,Governor,NA,Democratic,"Conover, Floyd R.",98
Lauderdale,Governor,NA,Democratic,"Nichols, Randy",143
Lauderdale,Governor,NA,Democratic,"Smith, Charles E.",280
Lauderdale,Governor,NA,Democratic,Write-In,0
Lauderdale,Governor,NA,Republican,"Henry, James M. ""Jim""",393
Lauderdale,Governor,NA,Republican,"Hilleary, Van",1066
Lauderdale,Governor,NA,Republican,"Kelley, Dave",78
Lauderdale,Governor,NA,Republican,"McDonald, Jessie D.",27
Lauderdale,Governor,NA,Republican,"Tripp, Bob",136
Lauderdale,Governor,NA,Republican,Write-In,0
Lauderdale,State House,82,Democratic,"Fitzhugh, Craig",3266
Lauderdale,State House,82,Democratic,Write-In,0
Lauderdale,State House,82,Republican,"Cohen, David C.",460
Lauderdale,State House,82,Republican,"Dahl, Dave",1157
Lauderdale,State House,82,Republican,Write-In,0
Lauderdale,U.S. House,8,Democratic,"Tanner, John",3263
Lauderdale,U.S. House,8,Democratic,"Ward, Richard",403
Lauderdale,U.S. House,8,Democratic,Write-In,0
Lauderdale,U.S. House,8,Republican,"McClain, Mat",661
Lauderdale,U.S. House,8,Republican,"Warren, Bill",635
Lauderdale,U.S. House,8,Republican,Write-In,0
Lauderdale,U.S. Senate,NA,Democratic,"Clement, Bob",2516
Lauderdale,U.S. Senate,NA,Democratic,"Davis, Gary G.",341
Lauderdale,U.S. Senate,NA,Democratic,"Hampstead, Michael L.",147
Lauderdale,U.S. Senate,NA,Democratic,"Hopkey, Cher A.",119
Lauderdale,U.S. Senate,NA,Democratic,"Strauss, Alvin M.",96
Lauderdale,U.S. Senate,NA,Democratic,Write-In,0
Lauderdale,U.S. Senate,NA,Republican,"Alexander, Lamar",928
Lauderdale,U.S. Senate,NA,Republican,"Bryant, Ed",810
Lauderdale,U.S. Senate,NA,Republican,"DuBose, James E.",17
Lauderdale,U.S. Senate,NA,Republican,"Fenner, Christopher G.",9
Lauderdale,U.S. Senate,NA,Republican,"Griffin, June",24
Lauderdale,U.S. Senate,NA,Republican,"Taylor-Shelby, Mary",41
Lauderdale,U.S. Senate,NA,Republican,"Todd, Michael Brent",24
Lauderdale,U.S. Senate,NA,Republican,Write-In,0
Lawrence,Governor,NA,Democratic,"Best, L.",139
Lawrence,Governor,NA,Democratic,"Bredesen, Phil",4656
Lawrence,Governor,NA,Democratic,"Brown, Charles V.",166
Lawrence,Governor,NA,Democratic,"Conover, Floyd R.",62
Lawrence,Governor,NA,Democratic,"Nichols, Randy",278
Lawrence,Governor,NA,Democratic,"Smith, Charles E.",398
Lawrence,Governor,NA,Democratic,Write-In,0
Lawrence,Governor,NA,Republican,"Henry, James M. ""Jim""",378
Lawrence,Governor,NA,Republican,"Hilleary, Van",3851
Lawrence,Governor,NA,Republican,"Kelley, Dave",25
Lawrence,Governor,NA,Republican,"McDonald, Jessie D.",28
Lawrence,Governor,NA,Republican,"Tripp, Bob",29
Lawrence,Governor,NA,Republican,Write-In,0
Lawrence,State House,70,Democratic,"Moore, Calvin",3271
Lawrence,State House,70,Democratic,"White, John",2792
Lawrence,State House,70,Democratic,Write-In,5
Lawrence,State House,70,Republican,"Hensley, Joey (Write-In)",2015
Lawrence,State House,70,Republican,Write-In,4
Lawrence,State Senate,25,Democratic,"Jackson, Doug",3736
Lawrence,State Senate,25,Democratic,Write-In,0
Lawrence,State Senate,25,Republican,"Brasfield, James F.",2118
Lawrence,State Senate,25,Republican,Write-In,2
Lawrence,U.S. House,4,Democratic,"Davis, Lincoln",3224
Lawrence,U.S. House,4,Democratic,"Marcum, Fran F.",2019
Lawrence,U.S. House,4,Democratic,Write-In,0
Lawrence,U.S. House,4,Republican,"Bowling, Janice",1440
Lawrence,U.S. House,4,Republican,"Bumpus, John",379
Lawrence,U.S. House,4,Republican,"Coffield, Mike",102
Lawrence,U.S. House,4,Republican,"Greene, Mike",1144
Lawrence,U.S. House,4,Republican,"Howard, Harvey",46
Lawrence,U.S. House,4,Republican,"Ogles, Andy",519
Lawrence,U.S. House,4,Republican,Write-In,10
Lawrence,U.S. Senate,NA,Democratic,"Clement, Bob",4543
Lawrence,U.S. Senate,NA,Democratic,"Davis, Gary G.",480
Lawrence,U.S. Senate,NA,Democratic,"Hampstead, Michael L.",136
Lawrence,U.S. Senate,NA,Democratic,"Hopkey, Cher A.",111
Lawrence,U.S. Senate,NA,Democratic,"Strauss, Alvin M.",83
Lawrence,U.S. Senate,NA,Democratic,Write-In,0
Lawrence,U.S. Senate,NA,Republican,"Alexander, Lamar",2674
Lawrence,U.S. Senate,NA,Republican,"Bryant, Ed",1138
Lawrence,U.S. Senate,NA,Republican,"DuBose, James E.",68
Lawrence,U.S. Senate,NA,Republican,"Fenner, Christopher G.",16
Lawrence,U.S. Senate,NA,Republican,"Griffin, June",48
Lawrence,U.S. Senate,NA,Republican,"Taylor-Shelby, Mary",65
Lawrence,U.S. Senate,NA,Republican,"Todd, Michael Brent",32
Lawrence,U.S. Senate,NA,Republican,Write-In,2
Lewis,Governor,NA,Democratic,"Best, L.",60
Lewis,Governor,NA,Democratic,"Bredesen, Phil",1999
Lewis,Governor,NA,Democratic,"Brown, Charles V.",54
Lewis,Governor,NA,Democratic,"Conover, Floyd R.",21
Lewis,Governor,NA,Democratic,"Nichols, Randy",120
Lewis,Governor,NA,Democratic,"Smith, Charles E.",76
Lewis,Governor,NA,Democratic,Write-In,0
Lewis,Governor,NA,Republican,"Henry, James M. ""Jim""",201
Lewis,Governor,NA,Republican,"Hilleary, Van",1146
Lewis,Governor,NA,Republican,"Kelley, Dave",27
Lewis,Governor,NA,Republican,"McDonald, Jessie D.",21
Lewis,Governor,NA,Republican,"Tripp, Bob",37
Lewis,Governor,NA,Republican,Write-In,0
Lewis,State House,70,Democratic,"Moore, Calvin",1358
Lewis,State House,70,Democratic,"White, John",921
Lewis,State House,70,Democratic,Write-In,15
Lewis,State House,70,Republican,"Hensley, Joey (Write-In)",951
Lewis,State House,70,Republican,Write-In,0
Lewis,State Senate,25,Democratic,"Jackson, Doug",1621
Lewis,State Senate,25,Democratic,Write-In,2
Lewis,State Senate,25,Republican,"Brasfield, James F.",888
Lewis,State Senate,25,Republican,Write-In,0
Lewis,U.S. House,4,Democratic,"Davis, Lincoln",1293
Lewis,U.S. House,4,Democratic,"Marcum, Fran F.",892
Lewis,U.S. House,4,Democratic,Write-In,0
Lewis,U.S. House,4,Republican,"Bowling, Janice",367
Lewis,U.S. House,4,Republican,"Bumpus, John",196
Lewis,U.S. House,4,Republican,"Coffield, Mike",31
Lewis,U.S. House,4,Republican,"Greene, Mike",473
Lewis,U.S. House,4,Republican,"Howard, Harvey",20
Lewis,U.S. House,4,Republican,"Ogles, Andy",211
Lewis,U.S. House,4,Republican,Write-In,0
Lewis,U.S. Senate,NA,Democratic,"Clement, Bob",1949
Lewis,U.S. Senate,NA,Democratic,"Davis, Gary G.",200
Lewis,U.S. Senate,NA,Democratic,"Hampstead, Michael L.",33
Lewis,U.S. Senate,NA,Democratic,"Hopkey, Cher A.",40
Lewis,U.S. Senate,NA,Democratic,"Strauss, Alvin M.",34
Lewis,U.S. Senate,NA,Democratic,Write-In,0
Lewis,U.S. Senate,NA,Republican,"Alexander, Lamar",655
Lewis,U.S. Senate,NA,Republican,"Bryant, Ed",728
Lewis,U.S. Senate,NA,Republican,"DuBose, James E.",19
Lewis,U.S. Senate,NA,Republican,"Fenner, Christopher G.",5
Lewis,U.S. Senate,NA,Republican,"Griffin, June",16
Lewis,U.S. Senate,NA,Republican,"Taylor-Shelby, Mary",30
Lewis,U.S. Senate,NA,Republican,"Todd, Michael Brent",9
Lewis,U.S. Senate,NA,Republican,Write-In,0
Lincoln,Governor,NA,Democratic,"Best, L.",107
Lincoln,Governor,NA,Democratic,"Bredesen, Phil",2628
Lincoln,Governor,NA,Democratic,"Brown, Charles V.",210
Lincoln,Governor,NA,Democratic,"Conover, Floyd R.",127
Lincoln,Governor,NA,Democratic,"Nichols, Randy",302
Lincoln,Governor,NA,Democratic,"Smith, Charles E.",411
Lincoln,Governor,NA,Democratic,Write-In,8
Lincoln,Governor,NA,Republican,"Henry, James M. ""Jim""",222
Lincoln,Governor,NA,Republican,"Hilleary, Van",2772
Lincoln,Governor,NA,Republican,"Kelley, Dave",48
Lincoln,Governor,NA,Republican,"McDonald, Jessie D.",22
Lincoln,Governor,NA,Republican,"Tripp, Bob",41
Lincoln,Governor,NA,Republican,Write-In,2
Lincoln,State House,39,Democratic,"Fraley, George",917
Lincoln,State House,39,Democratic,Write-In,5
Lincoln,State House,39,Republican,"Daniel, Jack R.",821
Lincoln,State House,39,Republican,Write-In,5
Lincoln,State House,62,Democratic,"Cobb, Curt",1331
Lincoln,State House,62,Democratic,"Davis, Alton R.",615
Lincoln,State House,62,Democratic,"Heflin, Dwayne Keith",195
Lincoln,State House,62,Democratic,"Pitner, Allen",327
Lincoln,State House,62,Democratic,"Wilson, Ken",105
Lincoln,State House,62,Democratic,Write-In,2
Lincoln,State House,62,Republican,"Tracy, Jim",1236
Lincoln,State House,62,Republican,Write-In,6
Lincoln,State Senate,13,Democratic,"Sands, Bobby",2633
Lincoln,State Senate,13,Democratic,Write-In,10
Lincoln,State Senate,13,Republican,"Ketron, Bill",1187
Lincoln,State Senate,13,Republican,"Pedigo, Alan",1069
Lincoln,State Senate,13,Republican,Write-In,0
Lincoln,U.S. House,4,Democratic,"Davis, Lincoln",2419
Lincoln,U.S. House,4,Democratic,"Marcum, Fran F.",1454
Lincoln,U.S. House,4,Democratic,Write-In,6
Lincoln,U.S. House,4,Republican,"Bowling, Janice",874
Lincoln,U.S. House,4,Republican,"Bumpus, John",379
Lincoln,U.S. House,4,Republican,"Coffield, Mike",108
Lincoln,U.S. House,4,Republican,"Greene, Mike",435
Lincoln,U.S. House,4,Republican,"Howard, Harvey",40
Lincoln,U.S. House,4,Republican,"Ogles, Andy",858
Lincoln,U.S. House,4,Republican,Write-In,2
Lincoln,U.S. Senate,NA,Democratic,"Clement, Bob",2681
Lincoln,U.S. Senate,NA,Democratic,"Davis, Gary G.",713
Lincoln,U.S. Senate,NA,Democratic,"Hampstead, Michael L.",90
Lincoln,U.S. Senate,NA,Democratic,"Hopkey, Cher A.",120
Lincoln,U.S. Senate,NA,Democratic,"Strauss, Alvin M.",113
Lincoln,U.S. Senate,NA,Democratic,Write-In,2
Lincoln,U.S. Senate,NA,Republican,"Alexander, Lamar",1970
Lincoln,U.S. Senate,NA,Republican,"Bryant, Ed",552
Lincoln,U.S. Senate,NA,Republican,"DuBose, James E.",100
Lincoln,U.S. Senate,NA,Republican,"Fenner, Christopher G.",26
Lincoln,U.S. Senate,NA,Republican,"Griffin, June",66
Lincoln,U.S. Senate,NA,Republican,"Taylor-Shelby, Mary",106
Lincoln,U.S. Senate,NA,Republican,"Todd, Michael Brent",107
Lincoln,U.S. Senate,NA,Republican,Write-In,3
Loudon,Governor,NA,Democratic,"Best, L.",69
Loudon,Governor,NA,Democratic,"Bredesen, Phil",1629
Loudon,Governor,NA,Democratic,"Brown, Charles V.",33
Loudon,Governor,NA,Democratic,"Conover, Floyd R.",10
Loudon,Governor,NA,Democratic,"Nichols, Randy",326
Loudon,Governor,NA,Democratic,"Smith, Charles E.",92
Loudon,Governor,NA,Democratic,Write-In,0
Loudon,Governor,NA,Republican,"Henry, James M. ""Jim""",2354
Loudon,Governor,NA,Republican,"Hilleary, Van",3140
Loudon,Governor,NA,Republican,"Kelley, Dave",38
Loudon,Governor,NA,Republican,"McDonald, Jessie D.",28
Loudon,Governor,NA,Republican,"Tripp, Bob",171
Loudon,Governor,NA,Republican,Write-In,0
Loudon,State House,21,Democratic,Write-In,0
Loudon,State House,21,Republican,"Johnson, Russell",4126
Loudon,State House,21,Republican,Write-In,0
Loudon,State House,32,Democratic,"Ferguson, Dennis",360
Loudon,State House,32,Democratic,Write-In,0
Loudon,State House,32,Republican,"Cantrell, Bruce",338
Loudon,State House,32,Republican,Write-In,0
Loudon,State Senate,5,Democratic,"Farmer, Gary",1529
Loudon,State Senate,5,Democratic,Write-In,0
Loudon,State Senate,5,Republican,"Frank, Lee",2697
Loudon,State Senate,5,Republican,"McNally, Randy",2455
Loudon,State Senate,5,Republican,Write-In,0
Loudon,U.S. House,2,Democratic,"Greene, John",1468
Loudon,U.S. House,2,Democratic,Write-In,0
Loudon,U.S. House,2,Republican,"Duncan, Jr., John J.",5255
Loudon,U.S. House,2,Republican,"Pendergrass, Jim",405
Loudon,U.S. House,2,Republican,Write-In,0
Loudon,U.S. Senate,NA,Democratic,"Clement, Bob",1652
Loudon,U.S. Senate,NA,Democratic,"Davis, Gary G.",166
Loudon,U.S. Senate,NA,Democratic,"Hampstead, Michael L.",38
Loudon,U.S. Senate,NA,Democratic,"Hopkey, Cher A.",59
Loudon,U.S. Senate,NA,Democratic,"Strauss, Alvin M.",37
Loudon,U.S. Senate,NA,Democratic,Write-In,0
Loudon,U.S. Senate,NA,Republican,"Alexander, Lamar",3552
Loudon,U.S. Senate,NA,Republican,"Bryant, Ed",2060
Loudon,U.S. Senate,NA,Republican,"DuBose, James E.",30
Loudon,U.S. Senate,NA,Republican,"Fenner, Christopher G.",14
Loudon,U.S. Senate,NA,Republican,"Griffin, June",46
Loudon,U.S. Senate,NA,Republican,"Taylor-Shelby, Mary",45
Loudon,U.S. Senate,NA,Republican,"Todd, Michael Brent",19
Loudon,U.S. Senate,NA,Republican,Write-In,0
Macon,Governor,NA,Democratic,"Best, L.",19
Macon,Governor,NA,Democratic,"Bredesen, Phil",1563
Macon,Governor,NA,Democratic,"Brown, Charles V.",38
Macon,Governor,NA,Democratic,"Conover, Floyd R.",18
Macon,Governor,NA,Democratic,"Nichols, Randy",49
Macon,Governor,NA,Democratic,"Smith, Charles E.",91
Macon,Governor,NA,Democratic,Write-In,6
Macon,Governor,NA,Republican,"Henry, James M. ""Jim""",197
Macon,Governor,NA,Republican,"Hilleary, Van",1377
Macon,Governor,NA,Republican,"Kelley, Dave",42
Macon,Governor,NA,Republican,"McDonald, Jessie D.",37
Macon,Governor,NA,Republican,"Tripp, Bob",26
Macon,Governor,NA,Republican,Write-In,6
Macon,State House,40,Democratic,"Buck, Frank",1171
Macon,State House,40,Democratic,Write-In,15
Macon,State House,40,Republican,Write-In,37
Macon,State Senate,17,Democratic,"Fisher, Sherry (Write-In)",706
Macon,State Senate,17,Democratic,"Rochelle, Robert",444
Macon,State Senate,17,Democratic,Write-In,66
Macon,State Senate,17,Republican,"Beavers, Mae",1221
Macon,State Senate,17,Republican,Write-In,17
Macon,U.S. House,6,Democratic,"Gordon, Bart",1656
Macon,U.S. House,6,Democratic,"Howard, Harvey",89
Macon,U.S. House,6,Democratic,Write-In,1
Macon,U.S. House,6,Republican,"Garrison, Robert L.",954
Macon,U.S. House,6,Republican,Write-In,3
Macon,U.S. Senate,NA,Democratic,"Clement, Bob",1570
Macon,U.S. Senate,NA,Democratic,"Davis, Gary G.",86
Macon,U.S. Senate,NA,Democratic,"Hampstead, Michael L.",18
Macon,U.S. Senate,NA,Democratic,"Hopkey, Cher A.",17
Macon,U.S. Senate,NA,Democratic,"Strauss, Alvin M.",11
Macon,U.S. Senate,NA,Democratic,Write-In,9
Macon,U.S. Senate,NA,Republican,"Alexander, Lamar",1043
Macon,U.S. Senate,NA,Republican,"Bryant, Ed",615
Macon,U.S. Senate,NA,Republican,"DuBose, James E.",9
Macon,U.S. Senate,NA,Republican,"Fenner, Christopher G.",13
Macon,U.S. Senate,NA,Republican,"Griffin, June",13
Macon,U.S. Senate,NA,Republican,"Taylor-Shelby, Mary",20
Macon,U.S. Senate,NA,Republican,"Todd, Michael Brent",21
Macon,U.S. Senate,NA,Republican,Write-In,1
Madison,Governor,NA,Democratic,"Best, L.",330
Madison,Governor,NA,Democratic,"Bredesen, Phil",7563
Madison,Governor,NA,Democratic,"Brown, Charles V.",247
Madison,Governor,NA,Democratic,"Conover, Floyd R.",77
Madison,Governor,NA,Democratic,"Nichols, Randy",315
Madison,Governor,NA,Democratic,"Smith, Charles E.",530
Madison,Governor,NA,Democratic,Write-In,0
Madison,Governor,NA,Republican,"Henry, James M. ""Jim""",2389
Madison,Governor,NA,Republican,"Hilleary, Van",7200
Madison,Governor,NA,Republican,"Kelley, Dave",165
Madison,Governor,NA,Republican,"McDonald, Jessie D.",98
Madison,Governor,NA,Republican,"Tripp, Bob",429
Madison,Governor,NA,Republican,Write-In,0
Madison,State House,73,Democratic,"Stephenson, Don",2138
Madison,State House,73,Democratic,"Waynick, Danny R.",2840
Madison,State House,73,Democratic,Write-In,0
Madison,State House,73,Republican,"Eldridge, Jimmy",4824
Madison,State House,73,Republican,"Greer, Brad",3123
Madison,State House,73,Republican,"Miller, Matt",328
Madison,State House,73,Republican,Write-In,0
Madison,State House,80,Democratic,"Godwin, Shelia L.",893
Madison,State House,80,Democratic,"Shaw, Johnny W.",2457
Madison,State House,80,Democratic,Write-In,0
Madison,State House,80,Republican,Write-In,0
Madison,State Senate,27,Democratic,"Leech, J. Alex",4211
Madison,State Senate,27,Democratic,"McLeary, Don",4283
Madison,State Senate,27,Democratic,"Smith, Harold T.",303
Madison,State Senate,27,Democratic,Write-In,0
Madison,State Senate,27,Republican,"Carter, Bobby",8786
Madison,State Senate,27,Republican,Write-In,0
Madison,U.S. House,8,Democratic,"Tanner, John",8420
Madison,U.S. House,8,Democratic,"Ward, Richard",730
Madison,U.S. House,8,Democratic,Write-In,0
Madison,U.S. House,8,Republican,"McClain, Mat",4559
Madison,U.S. House,8,Republican,"Warren, Bill",2616
Madison,U.S. House,8,Republican,Write-In,0
Madison,U.S. Senate,NA,Democratic,"Clement, Bob",7162
Madison,U.S. Senate,NA,Democratic,"Davis, Gary G.",868
Madison,U.S. Senate,NA,Democratic,"Hampstead, Michael L.",184
Madison,U.S. Senate,NA,Democratic,"Hopkey, Cher A.",191
Madison,U.S. Senate,NA,Democratic,"Strauss, Alvin M.",142
Madison,U.S. Senate,NA,Democratic,Write-In,0
Madison,U.S. Senate,NA,Republican,"Alexander, Lamar",2311
Madison,U.S. Senate,NA,Republican,"Bryant, Ed",8559
Madison,U.S. Senate,NA,Republican,"DuBose, James E.",24
Madison,U.S. Senate,NA,Republican,"Fenner, Christopher G.",10
Madison,U.S. Senate,NA,Republican,"Griffin, June",49
Madison,U.S. Senate,NA,Republican,"Taylor-Shelby, Mary",65
Madison,U.S. Senate,NA,Republican,"Todd, Michael Brent",37
Madison,U.S. Senate,NA,Republican,Write-In,0
Marion,Governor,NA,Democratic,"Best, L.",183
Marion,Governor,NA,Democratic,"Bredesen, Phil",3747
Marion,Governor,NA,Democratic,"Brown, Charles V.",177
Marion,Governor,NA,Democratic,"Conover, Floyd R.",78
Marion,Governor,NA,Democratic,"Nichols, Randy",179
Marion,Governor,NA,Democratic,"Smith, Charles E.",243
Marion,Governor,NA,Democratic,Write-In,0
Marion,Governor,NA,Republican,"Henry, James M. ""Jim""",414
Marion,Governor,NA,Republican,"Hilleary, Van",1149
Marion,Governor,NA,Republican,"Kelley, Dave",44
Marion,Governor,NA,Republican,"McDonald, Jessie D.",44
Marion,Governor,NA,Republican,"Tripp, Bob",65
Marion,Governor,NA,Republican,Write-In,0
Marion,State House,37,Democratic,"Dawkins, Jane W.",2962
Marion,State House,37,Democratic,"Harmon, Bill W.",1963
Marion,State House,37,Democratic,Write-In,0
Marion,State House,37,Republican,"Mackey, Jeffrey S.",545
Marion,State House,37,Republican,"Stuart, Bill",826
Marion,State House,37,Republican,Write-In,0
Marion,U.S. House,4,Democratic,"Davis, Lincoln",2631
Marion,U.S. House,4,Democratic,"Marcum, Fran F.",1797
Marion,U.S. House,4,Democratic,Write-In,0
Marion,U.S. House,4,Republican,"Bowling, Janice",369
Marion,U.S. House,4,Republican,"Bumpus, John",466
Marion,U.S. House,4,Republican,"Coffield, Mike",274
Marion,U.S. House,4,Republican,"Greene, Mike",211
Marion,U.S. House,4,Republican,"Howard, Harvey",56
Marion,U.S. House,4,Republican,"Ogles, Andy",109
Marion,U.S. House,4,Republican,Write-In,0
Marion,U.S. Senate,NA,Democratic,"Clement, Bob",3217
Marion,U.S. Senate,NA,Democratic,"Davis, Gary G.",745
Marion,U.S. Senate,NA,Democratic,"Hampstead, Michael L.",136
Marion,U.S. Senate,NA,Democratic,"Hopkey, Cher A.",98
Marion,U.S. Senate,NA,Democratic,"Strauss, Alvin M.",117
Marion,U.S. Senate,NA,Democratic,Write-In,0
Marion,U.S. Senate,NA,Republican,"Alexander, Lamar",1311
Marion,U.S. Senate,NA,Republican,"Bryant, Ed",419
Marion,U.S. Senate,NA,Republican,"DuBose, James E.",20
Marion,U.S. Senate,NA,Republican,"Fenner, Christopher G.",6
Marion,U.S. Senate,NA,Republican,"Griffin, June",37
Marion,U.S. Senate,NA,Republican,"Taylor-Shelby, Mary",23
Marion,U.S. Senate,NA,Republican,"Todd, Michael Brent",21
Marion,U.S. Senate,NA,Republican,Write-In,0
Marshall,Governor,NA,Democratic,"Best, L.",53
Marshall,Governor,NA,Democratic,"Bredesen, Phil",3701
Marshall,Governor,NA,Democratic,"Brown, Charles V.",93
Marshall,Governor,NA,Democratic,"Conover, Floyd R.",36
Marshall,Governor,NA,Democratic,"Nichols, Randy",103
Marshall,Governor,NA,Democratic,"Smith, Charles E.",143
Marshall,Governor,NA,Democratic,Write-In,3
Marshall,Governor,NA,Republican,"Henry, James M. ""Jim""",273
Marshall,Governor,NA,Republican,"Hilleary, Van",1679
Marshall,Governor,NA,Republican,"Kelley, Dave",23
Marshall,Governor,NA,Republican,"McDonald, Jessie D.",12
Marshall,Governor,NA,Republican,"Tripp, Bob",49
Marshall,Governor,NA,Republican,Write-In,6
Marshall,State House,65,Democratic,"Fowlkes, Joe",3144
Marshall,State House,65,Democratic,Write-In,17
Marshall,State House,65,Republican,"Peterson, Keith R.",1436
Marshall,State House,65,Republican,Write-In,9
Marshall,State Senate,13,Democratic,"Sands, Bobby",3012
Marshall,State Senate,13,Democratic,Write-In,20
Marshall,State Senate,13,Republican,"Ketron, Bill",893
Marshall,State Senate,13,Republican,"Pedigo, Alan",776
Marshall,State Senate,13,Republican,Write-In,4
Marshall,U.S. House,6,Democratic,"Gordon, Bart",3798
Marshall,U.S. House,6,Democratic,"Howard, Harvey",270
Marshall,U.S. House,6,Democratic,Write-In,15
Marshall,U.S. House,6,Republican,"Garrison, Robert L.",1446
Marshall,U.S. House,6,Republican,Write-In,11
Marshall,U.S. Senate,NA,Democratic,"Clement, Bob",3597
Marshall,U.S. Senate,NA,Democratic,"Davis, Gary G.",253
Marshall,U.S. Senate,NA,Democratic,"Hampstead, Michael L.",40
Marshall,U.S. Senate,NA,Democratic,"Hopkey, Cher A.",62
Marshall,U.S. Senate,NA,Democratic,"Strauss, Alvin M.",26
Marshall,U.S. Senate,NA,Democratic,Write-In,1
Marshall,U.S. Senate,NA,Republican,"Alexander, Lamar",1238
Marshall,U.S. Senate,NA,Republican,"Bryant, Ed",622
Marshall,U.S. Senate,NA,Republican,"DuBose, James E.",39
Marshall,U.S. Senate,NA,Republican,"Fenner, Christopher G.",6
Marshall,U.S. Senate,NA,Republican,"Griffin, June",21
Marshall,U.S. Senate,NA,Republican,"Taylor-Shelby, Mary",24
Marshall,U.S. Senate,NA,Republican,"Todd, Michael Brent",30
Marshall,U.S. Senate,NA,Republican,Write-In,0
Maury,Governor,NA,Democratic,"Best, L.",71
Maury,Governor,NA,Democratic,"Bredesen, Phil",5219
Maury,Governor,NA,Democratic,"Brown, Charles V.",90
Maury,Governor,NA,Democratic,"Conover, Floyd R.",49
Maury,Governor,NA,Democratic,"Nichols, Randy",209
Maury,Governor,NA,Democratic,"Smith, Charles E.",206
Maury,Governor,NA,Democratic,Write-In,12
Maury,Governor,NA,Republican,"Henry, James M. ""Jim""",1045
Maury,Governor,NA,Republican,"Hilleary, Van",4937
Maury,Governor,NA,Republican,"Kelley, Dave",87
Maury,Governor,NA,Republican,"McDonald, Jessie D.",43
Maury,Governor,NA,Republican,"Tripp, Bob",115
Maury,Governor,NA,Republican,Write-In,39
Maury,State House,64,Democratic,"Derryberry, Guy Z.",4148
Maury,State House,64,Democratic,Write-In,43
Maury,State House,64,Republican,"DuBois, J. Thomas (Tom)",2520
Maury,State House,64,Republican,"Marshall, James",1564
Maury,State House,64,Republican,"Sharp, Darrell",1133
Maury,State House,64,Republican,"Willhelm, Jeff",126
Maury,State House,64,Republican,Write-In,5
Maury,State House,74,Democratic,"Tidwell, John C.",659
Maury,State House,74,Democratic,Write-In,3
Maury,State House,74,Republican,"Hewitt, Carl (Write-In)",3
Maury,State House,74,Republican,Write-In,46
Maury,State Senate,13,Democratic,"Sands, Bobby",4799
Maury,State Senate,13,Democratic,Write-In,108
Maury,State Senate,13,Republican,"Ketron, Bill",2464
Maury,State Senate,13,Republican,"Pedigo, Alan",2837
Maury,State Senate,13,Republican,Write-In,13
Maury,U.S. House,4,Democratic,"Davis, Lincoln",3098
Maury,U.S. House,4,Democratic,"Marcum, Fran F.",2474
Maury,U.S. House,4,Democratic,Write-In,14
Maury,U.S. House,4,Republican,"Bowling, Janice",1689
Maury,U.S. House,4,Republican,"Bumpus, John",195
Maury,U.S. House,4,Republican,"Coffield, Mike",107
Maury,U.S. House,4,Republican,"Greene, Mike",3523
Maury,U.S. House,4,Republican,"Howard, Harvey",32
Maury,U.S. House,4,Republican,"Ogles, Andy",874
Maury,U.S. House,4,Republican,Write-In,2
Maury,U.S. Senate,NA,Democratic,"Clement, Bob",5220
Maury,U.S. Senate,NA,Democratic,"Davis, Gary G.",364
Maury,U.S. Senate,NA,Democratic,"Hampstead, Michael L.",59
Maury,U.S. Senate,NA,Democratic,"Hopkey, Cher A.",125
Maury,U.S. Senate,NA,Democratic,"Strauss, Alvin M.",73
Maury,U.S. Senate,NA,Democratic,Write-In,0
Maury,U.S. Senate,NA,Republican,"Alexander, Lamar",2409
Maury,U.S. Senate,NA,Republican,"Bryant, Ed",3664
Maury,U.S. Senate,NA,Republican,"DuBose, James E.",386
Maury,U.S. Senate,NA,Republican,"Fenner, Christopher G.",6
Maury,U.S. Senate,NA,Republican,"Griffin, June",44
Maury,U.S. Senate,NA,Republican,"Taylor-Shelby, Mary",37
Maury,U.S. Senate,NA,Republican,"Todd, Michael Brent",31
Maury,U.S. Senate,NA,Republican,Write-In,5
McMinn,Governor,NA,Democratic,"Best, L.",88
McMinn,Governor,NA,Democratic,"Bredesen, Phil",2577
McMinn,Governor,NA,Democratic,"Brown, Charles V.",83
McMinn,Governor,NA,Democratic,"Conover, Floyd R.",21
McMinn,Governor,NA,Democratic,"Nichols, Randy",216
McMinn,Governor,NA,Democratic,"Smith, Charles E.",132
McMinn,Governor,NA,Democratic,Write-In,0
McMinn,Governor,NA,Republican,"Henry, James M. ""Jim""",2229
McMinn,Governor,NA,Republican,"Hilleary, Van",3983
McMinn,Governor,NA,Republican,"Kelley, Dave",120
McMinn,Governor,NA,Republican,"McDonald, Jessie D.",94
McMinn,Governor,NA,Republican,"Tripp, Bob",175
McMinn,Governor,NA,Republican,Write-In,0
McMinn,State House,23,Democratic,Write-In,0
McMinn,State House,23,Republican,"McKee, Bob",5532
McMinn,State House,23,Republican,Write-In,0
McMinn,State Senate,9,Democratic,"Heron, Jr., Charles S.",942
McMinn,State Senate,9,Democratic,"Moore, Ronald D.",1471
McMinn,State Senate,9,Democratic,Write-In,0
McMinn,State Senate,9,Republican,"Miller, Jeff",3212
McMinn,State Senate,9,Republican,"Rockholt, Calvin",3035
McMinn,State Senate,9,Republican,"Roe, Hal Y.",535
McMinn,State Senate,9,Republican,Write-In,0
McMinn,U.S. House,2,Democratic,"Greene, John",2114
McMinn,U.S. House,2,Democratic,Write-In,0
McMinn,U.S. House,2,Republican,"Duncan, Jr., John J.",6365
McMinn,U.S. House,2,Republican,"Pendergrass, Jim",572
McMinn,U.S. House,2,Republican,Write-In,0
McMinn,U.S. Senate,NA,Democratic,"Clement, Bob",2432
McMinn,U.S. Senate,NA,Democratic,"Davis, Gary G.",371
McMinn,U.S. Senate,NA,Democratic,"Hampstead, Michael L.",58
McMinn,U.S. Senate,NA,Democratic,"Hopkey, Cher A.",81
McMinn,U.S. Senate,NA,Democratic,"Strauss, Alvin M.",49
McMinn,U.S. Senate,NA,Democratic,Write-In,0
McMinn,U.S. Senate,NA,Republican,"Alexander, Lamar",4128
McMinn,U.S. Senate,NA,Republican,"Bryant, Ed",2527
McMinn,U.S. Senate,NA,Republican,"DuBose, James E.",41
McMinn,U.S. Senate,NA,Republican,"Fenner, Christopher G.",15
McMinn,U.S. Senate,NA,Republican,"Griffin, June",73
McMinn,U.S. Senate,NA,Republican,"Taylor-Shelby, Mary",102
McMinn,U.S. Senate,NA,Republican,"Todd, Michael Brent",32
McMinn,U.S. Senate,NA,Republican,Write-In,0
McNairy,Governor,NA,Democratic,"Best, L.",50
McNairy,Governor,NA,Democratic,"Bredesen, Phil",2503
McNairy,Governor,NA,Democratic,"Brown, Charles V.",66
McNairy,Governor,NA,Democratic,"Conover, Floyd R.",35
McNairy,Governor,NA,Democratic,"Nichols, Randy",143
McNairy,Governor,NA,Democratic,"Smith, Charles E.",230
McNairy,Governor,NA,Democratic,Write-In,10
McNairy,Governor,NA,Republican,"Henry, James M. ""Jim""",737
McNairy,Governor,NA,Republican,"Hilleary, Van",2106
McNairy,Governor,NA,Republican,"Kelley, Dave",120
McNairy,Governor,NA,Republican,"McDonald, Jessie D.",27
McNairy,Governor,NA,Republican,"Tripp, Bob",208
McNairy,Governor,NA,Republican,Write-In,0
McNairy,State House,71,Democratic,"Rinks, Randy ""Bear""",2743
McNairy,State House,71,Democratic,Write-In,0
McNairy,State House,71,Republican,Write-In,0
McNairy,U.S. House,7,Democratic,"Barron, Tim",1888
McNairy,U.S. House,7,Democratic,"Hayden, Omer R.",397
McNairy,U.S. House,7,Democratic,Write-In,0
McNairy,U.S. House,7,Republican,"Blackburn, Marsha",823
McNairy,U.S. House,7,Republican,"Carlota, Sonny",8
McNairy,U.S. House,7,Republican,"Kustoff, David",659
McNairy,U.S. House,7,Republican,"Norris, Mark",155
McNairy,U.S. House,7,Republican,"Shoaf, Forrest",270
McNairy,U.S. House,7,Republican,"Starkey, Randy",55
McNairy,U.S. House,7,Republican,"Taylor, Brent",1324
McNairy,U.S. House,7,Republican,Write-In,0
McNairy,U.S. Senate,NA,Democratic,"Clement, Bob",2467
McNairy,U.S. Senate,NA,Democratic,"Davis, Gary G.",224
McNairy,U.S. Senate,NA,Democratic,"Hampstead, Michael L.",82
McNairy,U.S. Senate,NA,Democratic,"Hopkey, Cher A.",67
McNairy,U.S. Senate,NA,Democratic,"Strauss, Alvin M.",75
McNairy,U.S. Senate,NA,Democratic,Write-In,0
McNairy,U.S. Senate,NA,Republican,"Alexander, Lamar",744
McNairy,U.S. Senate,NA,Republican,"Bryant, Ed",2621
McNairy,U.S. Senate,NA,Republican,"DuBose, James E.",7
McNairy,U.S. Senate,NA,Republican,"Fenner, Christopher G.",9
McNairy,U.S. Senate,NA,Republican,"Griffin, June",22
McNairy,U.S. Senate,NA,Republican,"Taylor-Shelby, Mary",41
McNairy,U.S. Senate,NA,Republican,"Todd, Michael Brent",37
McNairy,U.S. Senate,NA,Republican,Write-In,0
Meigs,Governor,NA,Democratic,"Best, L.",22
Meigs,Governor,NA,Democratic,"Bredesen, Phil",865
Meigs,Governor,NA,Democratic,"Brown, Charles V.",53
Meigs,Governor,NA,Democratic,"Conover, Floyd R.",27
Meigs,Governor,NA,Democratic,"Nichols, Randy",64
Meigs,Governor,NA,Democratic,"Smith, Charles E.",76
Meigs,Governor,NA,Democratic,Write-In,0
Meigs,Governor,NA,Republican,"Henry, James M. ""Jim""",552
Meigs,Governor,NA,Republican,"Hilleary, Van",938
Meigs,Governor,NA,Republican,"Kelley, Dave",33
Meigs,Governor,NA,Republican,"McDonald, Jessie D.",34
Meigs,Governor,NA,Republican,"Tripp, Bob",46
Meigs,Governor,NA,Republican,Write-In,0
Meigs,State House,22,Democratic,Write-In,0
Meigs,State House,22,Republican,"Newton, J. Chris",1304
Meigs,State House,22,Republican,Write-In,2
Meigs,State Senate,9,Democratic,"Heron, Jr., Charles S.",286
Meigs,State Senate,9,Democratic,"Moore, Ronald D.",509
Meigs,State Senate,9,Democratic,Write-In,0
Meigs,State Senate,9,Republican,"Miller, Jeff",463
Meigs,State Senate,9,Republican,"Rockholt, Calvin",1334
Meigs,State Senate,9,Republican,"Roe, Hal Y.",63
Meigs,State Senate,9,Republican,Write-In,0
Meigs,U.S. House,3,Democratic,"Knott, Jr., John Norman E.",286
Meigs,U.S. House,3,Democratic,"Wolfe, John",508
Meigs,U.S. House,3,Democratic,Write-In,0
Meigs,U.S. House,3,Republican,"Wamp, Zack",1482
Meigs,U.S. House,3,Republican,Write-In,2
Meigs,U.S. Senate,NA,Democratic,"Clement, Bob",666
Meigs,U.S. Senate,NA,Democratic,"Davis, Gary G.",254
Meigs,U.S. Senate,NA,Democratic,"Hampstead, Michael L.",32
Meigs,U.S. Senate,NA,Democratic,"Hopkey, Cher A.",28
Meigs,U.S. Senate,NA,Democratic,"Strauss, Alvin M.",22
Meigs,U.S. Senate,NA,Democratic,Write-In,0
Meigs,U.S. Senate,NA,Republican,"Alexander, Lamar",1162
Meigs,U.S. Senate,NA,Republican,"Bryant, Ed",406
Meigs,U.S. Senate,NA,Republican,"DuBose, James E.",21
Meigs,U.S. Senate,NA,Republican,"Fenner, Christopher G.",12
Meigs,U.S. Senate,NA,Republican,"Griffin, June",28
Meigs,U.S. Senate,NA,Republican,"Taylor-Shelby, Mary",37
Meigs,U.S. Senate,NA,Republican,"Todd, Michael Brent",14
Meigs,U.S. Senate,NA,Republican,Write-In,0
Monroe,Governor,NA,Democratic,"Best, L.",100
Monroe,Governor,NA,Democratic,"Bredesen, Phil",3137
Monroe,Governor,NA,Democratic,"Brown, Charles V.",65
Monroe,Governor,NA,Democratic,"Conover, Floyd R.",34
Monroe,Governor,NA,Democratic,"Nichols, Randy",321
Monroe,Governor,NA,Democratic,"Smith, Charles E.",96
Monroe,Governor,NA,Democratic,Write-In,0
Monroe,Governor,NA,Republican,"Henry, James M. ""Jim""",2784
Monroe,Governor,NA,Republican,"Hilleary, Van",2395
Monroe,Governor,NA,Republican,"Kelley, Dave",61
Monroe,Governor,NA,Republican,"McDonald, Jessie D.",62
Monroe,Governor,NA,Republican,"Tripp, Bob",115
Monroe,Governor,NA,Republican,Write-In,0
Monroe,State House,21,Democratic,Write-In,0
Monroe,State House,21,Republican,"Johnson, Russell",2914
Monroe,State House,21,Republican,Write-In,0
Monroe,State House,23,Democratic,Write-In,0
Monroe,State House,23,Republican,"McKee, Bob",1545
Monroe,State House,23,Republican,Write-In,0
Monroe,State Senate,5,Democratic,"Farmer, Gary",2637
Monroe,State Senate,5,Democratic,Write-In,0
Monroe,State Senate,5,Republican,"Frank, Lee",2826
Monroe,State Senate,5,Republican,"McNally, Randy",2254
Monroe,State Senate,5,Republican,Write-In,0
Monroe,U.S. House,2,Democratic,"Greene, John",2263
Monroe,U.S. House,2,Democratic,Write-In,0
Monroe,U.S. House,2,Republican,"Duncan, Jr., John J.",5275
Monroe,U.S. House,2,Republican,"Pendergrass, Jim",311
Monroe,U.S. House,2,Republican,Write-In,0
Monroe,U.S. Senate,NA,Democratic,"Clement, Bob",2926
Monroe,U.S. Senate,NA,Democratic,"Davis, Gary G.",333
Monroe,U.S. Senate,NA,Democratic,"Hampstead, Michael L.",84
Monroe,U.S. Senate,NA,Democratic,"Hopkey, Cher A.",122
Monroe,U.S. Senate,NA,Democratic,"Strauss, Alvin M.",71
Monroe,U.S. Senate,NA,Democratic,Write-In,0
Monroe,U.S. Senate,NA,Republican,"Alexander, Lamar",3959
Monroe,U.S. Senate,NA,Republican,"Bryant, Ed",1407
Monroe,U.S. Senate,NA,Republican,"DuBose, James E.",28
Monroe,U.S. Senate,NA,Republican,"Fenner, Christopher G.",12
Monroe,U.S. Senate,NA,Republican,"Griffin, June",52
Monroe,U.S. Senate,NA,Republican,"Taylor-Shelby, Mary",45
Monroe,U.S. Senate,NA,Republican,"Todd, Michael Brent",26
Monroe,U.S. Senate,NA,Republican,Write-In,0
Montgomery,Governor,NA,Democratic,"Best, L.",121
Montgomery,Governor,NA,Democratic,"Bredesen, Phil",9781
Montgomery,Governor,NA,Democratic,"Brown, Charles V.",140
Montgomery,Governor,NA,Democratic,"Conover, Floyd R.",51
Montgomery,Governor,NA,Democratic,"Nichols, Randy",235
Montgomery,Governor,NA,Democratic,"Smith, Charles E.",390
Montgomery,Governor,NA,Democratic,Write-In,1
Montgomery,Governor,NA,Republican,"Henry, James M. ""Jim""",1653
Montgomery,Governor,NA,Republican,"Hilleary, Van",5566
Montgomery,Governor,NA,Republican,"Kelley, Dave",157
Montgomery,Governor,NA,Republican,"McDonald, Jessie D.",100
Montgomery,Governor,NA,Republican,"Tripp, Bob",282
Montgomery,Governor,NA,Republican,Write-In,1
Montgomery,State House,67,Democratic,"McMillan, Kim",3231
Montgomery,State House,67,Democratic,Write-In,1
Montgomery,State House,67,Republican,"Bone, Kenneth",970
Montgomery,State House,67,Republican,"Gonzalez, Sue",1424
Montgomery,State House,67,Republican,Write-In,0
Montgomery,State House,68,Democratic,"Head, Tommy",4580
Montgomery,State House,68,Democratic,Write-In,0
Montgomery,State House,68,Republican,"Cross, Sam",1968
Montgomery,State House,68,Republican,"Leckrone, John McCotter",726
Montgomery,State House,68,Republican,"Redman, Dale B.",1143
Montgomery,State House,68,Republican,Write-In,0
Montgomery,State House,78,Democratic,"Hamlin, Jerry W.",1100
Montgomery,State House,78,Democratic,Write-In,0
Montgomery,State House,78,Republican,"Johnson, Phillip",754
Montgomery,State House,78,Republican,Write-In,0
Montgomery,U.S. House,7,Democratic,"Barron, Tim",3638
Montgomery,U.S. House,7,Democratic,"Hayden, Omer R.",1934
Montgomery,U.S. House,7,Democratic,Write-In,0
Montgomery,U.S. House,7,Republican,"Blackburn, Marsha",2738
Montgomery,U.S. House,7,Republican,"Carlota, Sonny",71
Montgomery,U.S. House,7,Republican,"Kustoff, David",1104
Montgomery,U.S. House,7,Republican,"Norris, Mark",505
Montgomery,U.S. House,7,Republican,"Shoaf, Forrest",728
Montgomery,U.S. House,7,Republican,"Starkey, Randy",77
Montgomery,U.S. House,7,Republican,"Taylor, Brent",587
Montgomery,U.S. House,7,Republican,Write-In,0
Montgomery,U.S. House,8,Democratic,"Tanner, John",2011
Montgomery,U.S. House,8,Democratic,"Ward, Richard",800
Montgomery,U.S. House,8,Democratic,Write-In,0
Montgomery,U.S. House,8,Republican,"McClain, Mat",884
Montgomery,U.S. House,8,Republican,"Warren, Bill",659
Montgomery,U.S. House,8,Republican,Write-In,0
Montgomery,U.S. Senate,NA,Democratic,"Clement, Bob",9120
Montgomery,U.S. Senate,NA,Democratic,"Davis, Gary G.",554
Montgomery,U.S. Senate,NA,Democratic,"Hampstead, Michael L.",137
Montgomery,U.S. Senate,NA,Democratic,"Hopkey, Cher A.",253
Montgomery,U.S. Senate,NA,Democratic,"Strauss, Alvin M.",187
Montgomery,U.S. Senate,NA,Democratic,Write-In,0
Montgomery,U.S. Senate,NA,Republican,"Alexander, Lamar",2890
Montgomery,U.S. Senate,NA,Republican,"Bryant, Ed",5078
Montgomery,U.S. Senate,NA,Republican,"DuBose, James E.",33
Montgomery,U.S. Senate,NA,Republican,"Fenner, Christopher G.",18
Montgomery,U.S. Senate,NA,Republican,"Griffin, June",63
Montgomery,U.S. Senate,NA,Republican,"Taylor-Shelby, Mary",89
Montgomery,U.S. Senate,NA,Republican,"Todd, Michael Brent",52
Montgomery,U.S. Senate,NA,Republican,Write-In,0
Moore,Governor,NA,Democratic,"Best, L.",27
Moore,Governor,NA,Democratic,"Bredesen, Phil",1293
Moore,Governor,NA,Democratic,"Brown, Charles V.",39
Moore,Governor,NA,Democratic,"Conover, Floyd R.",16
Moore,Governor,NA,Democratic,"Nichols, Randy",56
Moore,Governor,NA,Democratic,"Smith, Charles E.",106
Moore,Governor,NA,Democratic,Write-In,3
Moore,Governor,NA,Republican,"Henry, James M. ""Jim""",51
Moore,Governor,NA,Republican,"Hilleary, Van",924
Moore,Governor,NA,Republican,"Kelley, Dave",4
Moore,Governor,NA,Republican,"McDonald, Jessie D.",9
Moore,Governor,NA,Republican,"Tripp, Bob",2
Moore,Governor,NA,Republican,Write-In,0
Moore,State House,39,Democratic,"Fraley, George",963
Moore,State House,39,Democratic,Write-In,1
Moore,State House,39,Republican,"Daniel, Jack R.",707
Moore,State House,39,Republican,Write-In,1
Moore,U.S. House,4,Democratic,"Davis, Lincoln",364
Moore,U.S. House,4,Democratic,"Marcum, Fran F.",1151
Moore,U.S. House,4,Democratic,Write-In,1
Moore,U.S. House,4,Republican,"Bowling, Janice",707
Moore,U.S. House,4,Republican,"Bumpus, John",68
Moore,U.S. House,4,Republican,"Coffield, Mike",18
Moore,U.S. House,4,Republican,"Greene, Mike",62
Moore,U.S. House,4,Republican,"Howard, Harvey",10
Moore,U.S. House,4,Republican,"Ogles, Andy",75
Moore,U.S. House,4,Republican,Write-In,1
Moore,U.S. Senate,NA,Democratic,"Clement, Bob",1127
Moore,U.S. Senate,NA,Democratic,"Davis, Gary G.",164
Moore,U.S. Senate,NA,Democratic,"Hampstead, Michael L.",28
Moore,U.S. Senate,NA,Democratic,"Hopkey, Cher A.",44
Moore,U.S. Senate,NA,Democratic,"Strauss, Alvin M.",23
Moore,U.S. Senate,NA,Democratic,Write-In,0
Moore,U.S. Senate,NA,Republican,"Alexander, Lamar",604
Moore,U.S. Senate,NA,Republican,"Bryant, Ed",251
Moore,U.S. Senate,NA,Republican,"DuBose, James E.",8
Moore,U.S. Senate,NA,Republican,"Fenner, Christopher G.",10
Moore,U.S. Senate,NA,Republican,"Griffin, June",9
Moore,U.S. Senate,NA,Republican,"Taylor-Shelby, Mary",30
Moore,U.S. Senate,NA,Republican,"Todd, Michael Brent",13
Moore,U.S. Senate,NA,Republican,Write-In,0
Morgan,Governor,NA,Democratic,"Best, L.",36
Morgan,Governor,NA,Democratic,"Bredesen, Phil",2603
Morgan,Governor,NA,Democratic,"Brown, Charles V.",108
Morgan,Governor,NA,Democratic,"Conover, Floyd R.",39
Morgan,Governor,NA,Democratic,"Nichols, Randy",365
Morgan,Governor,NA,Democratic,"Smith, Charles E.",116
Morgan,Governor,NA,Democratic,Write-In,3
Morgan,Governor,NA,Republican,"Henry, James M. ""Jim""",609
Morgan,Governor,NA,Republican,"Hilleary, Van",1298
Morgan,Governor,NA,Republican,"Kelley, Dave",17
Morgan,Governor,NA,Republican,"McDonald, Jessie D.",21
Morgan,Governor,NA,Republican,"Tripp, Bob",40
Morgan,Governor,NA,Republican,Write-In,1
Morgan,State House,41,Democratic,"Windle, John Mark",3040
Morgan,State House,41,Democratic,Write-In,3
Morgan,State House,41,Republican,Write-In,0
Morgan,U.S. House,4,Democratic,"Davis, Lincoln",2133
Morgan,U.S. House,4,Democratic,"Marcum, Fran F.",1030
Morgan,U.S. House,4,Democratic,Write-In,2
Morgan,U.S. House,4,Republican,"Bowling, Janice",354
Morgan,U.S. House,4,Republican,"Bumpus, John",431
Morgan,U.S. House,4,Republican,"Coffield, Mike",272
Morgan,U.S. House,4,Republican,"Greene, Mike",369
Morgan,U.S. House,4,Republican,"Howard, Harvey",42
Morgan,U.S. House,4,Republican,"Ogles, Andy",135
Morgan,U.S. House,4,Republican,Write-In,2
Morgan,U.S. Senate,NA,Democratic,"Clement, Bob",2349
Morgan,U.S. Senate,NA,Democratic,"Davis, Gary G.",465
Morgan,U.S. Senate,NA,Democratic,"Hampstead, Michael L.",68
Morgan,U.S. Senate,NA,Democratic,"Hopkey, Cher A.",71
Morgan,U.S. Senate,NA,Democratic,"Strauss, Alvin M.",65
Morgan,U.S. Senate,NA,Democratic,Write-In,2
Morgan,U.S. Senate,NA,Republican,"Alexander, Lamar",1456
Morgan,U.S. Senate,NA,Republican,"Bryant, Ed",433
Morgan,U.S. Senate,NA,Republican,"DuBose, James E.",20
Morgan,U.S. Senate,NA,Republican,"Fenner, Christopher G.",7
Morgan,U.S. Senate,NA,Republican,"Griffin, June",21
Morgan,U.S. Senate,NA,Republican,"Taylor-Shelby, Mary",24
Morgan,U.S. Senate,NA,Republican,"Todd, Michael Brent",17
Morgan,U.S. Senate,NA,Republican,Write-In,0
Obion,Governor,NA,Democratic,"Best, L.",120
Obion,Governor,NA,Democratic,"Bredesen, Phil",3091
Obion,Governor,NA,Democratic,"Brown, Charles V.",113
Obion,Governor,NA,Democratic,"Conover, Floyd R.",44
Obion,Governor,NA,Democratic,"Nichols, Randy",219
Obion,Governor,NA,Democratic,"Smith, Charles E.",504
Obion,Governor,NA,Democratic,Write-In,4
Obion,Governor,NA,Republican,"Henry, James M. ""Jim""",493
Obion,Governor,NA,Republican,"Hilleary, Van",720
Obion,Governor,NA,Republican,"Kelley, Dave",45
Obion,Governor,NA,Republican,"McDonald, Jessie D.",29
Obion,Governor,NA,Republican,"Tripp, Bob",86
Obion,Governor,NA,Republican,Write-In,5
Obion,State House,77,Democratic,"Pinion, Phillip",3300
Obion,State House,77,Democratic,Write-In,62
Obion,State House,77,Republican,"Dyer, Johnny T.",1118
Obion,State House,77,Republican,Write-In,8
Obion,U.S. House,8,Democratic,"Tanner, John",3778
Obion,U.S. House,8,Democratic,"Ward, Richard",421
Obion,U.S. House,8,Democratic,Write-In,1
Obion,U.S. House,8,Republican,"McClain, Mat",459
Obion,U.S. House,8,Republican,"Warren, Bill",483
Obion,U.S. House,8,Republican,Write-In,3
Obion,U.S. Senate,NA,Democratic,"Clement, Bob",2973
Obion,U.S. Senate,NA,Democratic,"Davis, Gary G.",404
Obion,U.S. Senate,NA,Democratic,"Hampstead, Michael L.",104
Obion,U.S. Senate,NA,Democratic,"Hopkey, Cher A.",85
Obion,U.S. Senate,NA,Democratic,"Strauss, Alvin M.",73
Obion,U.S. Senate,NA,Democratic,Write-In,0
Obion,U.S. Senate,NA,Republican,"Alexander, Lamar",671
Obion,U.S. Senate,NA,Republican,"Bryant, Ed",704
Obion,U.S. Senate,NA,Republican,"DuBose, James E.",11
Obion,U.S. Senate,NA,Republican,"Fenner, Christopher G.",7
Obion,U.S. Senate,NA,Republican,"Griffin, June",30
Obion,U.S. Senate,NA,Republican,"Taylor-Shelby, Mary",19
Obion,U.S. Senate,NA,Republican,"Todd, Michael Brent",13
Obion,U.S. Senate,NA,Republican,Write-In,1
Overton,Governor,NA,Democratic,"Best, L.",89
Overton,Governor,NA,Democratic,"Bredesen, Phil",3782
Overton,Governor,NA,Democratic,"Brown, Charles V.",75
Overton,Governor,NA,Democratic,"Conover, Floyd R.",30
Overton,Governor,NA,Democratic,"Nichols, Randy",107
Overton,Governor,NA,Democratic,"Smith, Charles E.",171
Overton,Governor,NA,Democratic,Write-In,0
Overton,Governor,NA,Republican,"Henry, James M. ""Jim""",119
Overton,Governor,NA,Republican,"Hilleary, Van",670
Overton,Governor,NA,Republican,"Kelley, Dave",16
Overton,Governor,NA,Republican,"McDonald, Jessie D.",14
Overton,Governor,NA,Republican,"Tripp, Bob",9
Overton,Governor,NA,Republican,Write-In,0
Overton,State House,41,Democratic,"Windle, John Mark",3621
Overton,State House,41,Democratic,Write-In,0
Overton,State House,41,Republican,Write-In,0
Overton,State Senate,15,Democratic,"Burks, Charlotte",3170
Overton,State Senate,15,Democratic,Write-In,0
Overton,State Senate,15,Republican,"Bailey, Paul",434
Overton,State Senate,15,Republican,Write-In,0
Overton,U.S. House,6,Democratic,"Gordon, Bart",3637
Overton,U.S. House,6,Democratic,"Howard, Harvey",236
Overton,U.S. House,6,Democratic,Write-In,0
Overton,U.S. House,6,Republican,"Garrison, Robert L.",437
Overton,U.S. House,6,Republican,Write-In,0
Overton,U.S. Senate,NA,Democratic,"Clement, Bob",3334
Overton,U.S. Senate,NA,Democratic,"Davis, Gary G.",339
Overton,U.S. Senate,NA,Democratic,"Hampstead, Michael L.",47
Overton,U.S. Senate,NA,Democratic,"Hopkey, Cher A.",41
Overton,U.S. Senate,NA,Democratic,"Strauss, Alvin M.",43
Overton,U.S. Senate,NA,Democratic,Write-In,0
Overton,U.S. Senate,NA,Republican,"Alexander, Lamar",507
Overton,U.S. Senate,NA,Republican,"Bryant, Ed",241
Overton,U.S. Senate,NA,Republican,"DuBose, James E.",8
Overton,U.S. Senate,NA,Republican,"Fenner, Christopher G.",4
Overton,U.S. Senate,NA,Republican,"Griffin, June",12
Overton,U.S. Senate,NA,Republican,"Taylor-Shelby, Mary",15
Overton,U.S. Senate,NA,Republican,"Todd, Michael Brent",10
Overton,U.S. Senate,NA,Republican,Write-In,0
Perry,Governor,NA,Democratic,"Best, L.",19
Perry,Governor,NA,Democratic,"Bredesen, Phil",859
Perry,Governor,NA,Democratic,"Brown, Charles V.",22
Perry,Governor,NA,Democratic,"Conover, Floyd R.",6
Perry,Governor,NA,Democratic,"Nichols, Randy",34
Perry,Governor,NA,Democratic,"Smith, Charles E.",95
Perry,Governor,NA,Democratic,Write-In,0
Perry,Governor,NA,Republican,"Henry, James M. ""Jim""",38
Perry,Governor,NA,Republican,"Hilleary, Van",263
Perry,Governor,NA,Republican,"Kelley, Dave",5
Perry,Governor,NA,Republican,"McDonald, Jessie D.",6
Perry,Governor,NA,Republican,"Tripp, Bob",9
Perry,Governor,NA,Republican,Write-In,0
Perry,State House,74,Democratic,"Tidwell, John C.",785
Perry,State House,74,Democratic,Write-In,1
Perry,State House,74,Republican,"Hewitt, Carl (Write-In)",1
Perry,State House,74,Republican,Write-In,0
Perry,U.S. House,7,Democratic,"Barron, Tim",485
Perry,U.S. House,7,Democratic,"Hayden, Omer R.",135
Perry,U.S. House,7,Democratic,Write-In,0
Perry,U.S. House,7,Republican,"Blackburn, Marsha",143
Perry,U.S. House,7,Republican,"Carlota, Sonny",3
Perry,U.S. House,7,Republican,"Kustoff, David",66
Perry,U.S. House,7,Republican,"Norris, Mark",30
Perry,U.S. House,7,Republican,"Shoaf, Forrest",18
Perry,U.S. House,7,Republican,"Starkey, Randy",5
Perry,U.S. House,7,Republican,"Taylor, Brent",34
Perry,U.S. House,7,Republican,Write-In,0
Perry,U.S. Senate,NA,Democratic,"Clement, Bob",890
Perry,U.S. Senate,NA,Democratic,"Davis, Gary G.",61
Perry,U.S. Senate,NA,Democratic,"Hampstead, Michael L.",13
Perry,U.S. Senate,NA,Democratic,"Hopkey, Cher A.",11
Perry,U.S. Senate,NA,Democratic,"Strauss, Alvin M.",12
Perry,U.S. Senate,NA,Democratic,Write-In,0
Perry,U.S. Senate,NA,Republican,"Alexander, Lamar",92
Perry,U.S. Senate,NA,Republican,"Bryant, Ed",228
Perry,U.S. Senate,NA,Republican,"DuBose, James E.",6
Perry,U.S. Senate,NA,Republican,"Fenner, Christopher G.",6
Perry,U.S. Senate,NA,Republican,"Griffin, June",0
Perry,U.S. Senate,NA,Republican,"Taylor-Shelby, Mary",1
Perry,U.S. Senate,NA,Republican,"Todd, Michael Brent",3
Perry,U.S. Senate,NA,Republican,Write-In,0
Pickett,Governor,NA,Democratic,"Best, L.",6
Pickett,Governor,NA,Democratic,"Bredesen, Phil",926
Pickett,Governor,NA,Democratic,"Brown, Charles V.",17
Pickett,Governor,NA,Democratic,"Conover, Floyd R.",3
Pickett,Governor,NA,Democratic,"Nichols, Randy",43
Pickett,Governor,NA,Democratic,"Smith, Charles E.",43
Pickett,Governor,NA,Democratic,Write-In,0
Pickett,Governor,NA,Republican,"Henry, James M. ""Jim""",174
Pickett,Governor,NA,Republican,"Hilleary, Van",1055
Pickett,Governor,NA,Republican,"Kelley, Dave",13
Pickett,Governor,NA,Republican,"McDonald, Jessie D.",11
Pickett,Governor,NA,Republican,"Tripp, Bob",15
Pickett,Governor,NA,Republican,Write-In,0
Pickett,State House,38,Democratic,"Winningham, Leslie E.",998
Pickett,State House,38,Democratic,Write-In,0
Pickett,State House,38,Republican,Write-In,0
Pickett,State Senate,15,Democratic,"Burks, Charlotte",924
Pickett,State Senate,15,Democratic,Write-In,0
Pickett,State Senate,15,Republican,"Bailey, Paul",526
Pickett,State Senate,15,Republican,Write-In,0
Pickett,U.S. House,4,Democratic,"Davis, Lincoln",918
Pickett,U.S. House,4,Democratic,"Marcum, Fran F.",232
Pickett,U.S. House,4,Democratic,Write-In,0
Pickett,U.S. House,4,Republican,"Bowling, Janice",363
Pickett,U.S. House,4,Republican,"Bumpus, John",200
Pickett,U.S. House,4,Republican,"Coffield, Mike",36
Pickett,U.S. House,4,Republican,"Greene, Mike",219
Pickett,U.S. House,4,Republican,"Howard, Harvey",19
Pickett,U.S. House,4,Republican,"Ogles, Andy",93
Pickett,U.S. House,4,Republican,Write-In,0
Pickett,U.S. Senate,NA,Democratic,"Clement, Bob",814
Pickett,U.S. Senate,NA,Democratic,"Davis, Gary G.",112
Pickett,U.S. Senate,NA,Democratic,"Hampstead, Michael L.",24
Pickett,U.S. Senate,NA,Democratic,"Hopkey, Cher A.",19
Pickett,U.S. Senate,NA,Democratic,"Strauss, Alvin M.",19
Pickett,U.S. Senate,NA,Democratic,Write-In,0
Pickett,U.S. Senate,NA,Republican,"Alexander, Lamar",815
Pickett,U.S. Senate,NA,Republican,"Bryant, Ed",205
Pickett,U.S. Senate,NA,Republican,"DuBose, James E.",15
Pickett,U.S. Senate,NA,Republican,"Fenner, Christopher G.",9
Pickett,U.S. Senate,NA,Republican,"Griffin, June",28
Pickett,U.S. Senate,NA,Republican,"Taylor-Shelby, Mary",28
Pickett,U.S. Senate,NA,Republican,"Todd, Michael Brent",19
Pickett,U.S. Senate,NA,Republican,Write-In,0
Polk,Governor,NA,Democratic,"Best, L.",71
Polk,Governor,NA,Democratic,"Bredesen, Phil",2091
Polk,Governor,NA,Democratic,"Brown, Charles V.",55
Polk,Governor,NA,Democratic,"Conover, Floyd R.",28
Polk,Governor,NA,Democratic,"Nichols, Randy",79
Polk,Governor,NA,Democratic,"Smith, Charles E.",80
Polk,Governor,NA,Democratic,Write-In,0
Polk,Governor,NA,Republican,"Henry, James M. ""Jim""",427
Polk,Governor,NA,Republican,"Hilleary, Van",686
Polk,Governor,NA,Republican,"Kelley, Dave",23
Polk,Governor,NA,Republican,"McDonald, Jessie D.",19
Polk,Governor,NA,Republican,"Tripp, Bob",55
Polk,Governor,NA,Republican,Write-In,0
Polk,State House,22,Democratic,Write-In,0
Polk,State House,22,Republican,"Newton, J. Chris",1086
Polk,State House,22,Republican,Write-In,0
Polk,State Senate,9,Democratic,"Heron, Jr., Charles S.",523
Polk,State Senate,9,Democratic,"Moore, Ronald D.",1507
Polk,State Senate,9,Democratic,Write-In,0
Polk,State Senate,9,Republican,"Miller, Jeff",996
Polk,State Senate,9,Republican,"Rockholt, Calvin",189
Polk,State Senate,9,Republican,"Roe, Hal Y.",64
Polk,State Senate,9,Republican,Write-In,0
Polk,U.S. House,3,Democratic,"Knott, Jr., John Norman E.",520
Polk,U.S. House,3,Democratic,"Wolfe, John",1583
Polk,U.S. House,3,Democratic,Write-In,0
Polk,U.S. House,3,Republican,"Wamp, Zack",1192
Polk,U.S. House,3,Republican,Write-In,0
Polk,U.S. Senate,NA,Democratic,"Clement, Bob",1823
Polk,U.S. Senate,NA,Democratic,"Davis, Gary G.",339
Polk,U.S. Senate,NA,Democratic,"Hampstead, Michael L.",44
Polk,U.S. Senate,NA,Democratic,"Hopkey, Cher A.",50
Polk,U.S. Senate,NA,Democratic,"Strauss, Alvin M.",46
Polk,U.S. Senate,NA,Democratic,Write-In,0
Polk,U.S. Senate,NA,Republican,"Alexander, Lamar",924
Polk,U.S. Senate,NA,Republican,"Bryant, Ed",307
Polk,U.S. Senate,NA,Republican,"DuBose, James E.",5
Polk,U.S. Senate,NA,Republican,"Fenner, Christopher G.",6
Polk,U.S. Senate,NA,Republican,"Griffin, June",9
Polk,U.S. Senate,NA,Republican,"Taylor-Shelby, Mary",12
Polk,U.S. Senate,NA,Republican,"Todd, Michael Brent",7
Polk,U.S. Senate,NA,Republican,Write-In,0
Putnam,Governor,NA,Democratic,"Best, L.",91
Putnam,Governor,NA,Democratic,"Bredesen, Phil",8628
Putnam,Governor,NA,Democratic,"Brown, Charles V.",216
Putnam,Governor,NA,Democratic,"Conover, Floyd R.",56
Putnam,Governor,NA,Democratic,"Nichols, Randy",404
Putnam,Governor,NA,Democratic,"Smith, Charles E.",508
Putnam,Governor,NA,Democratic,Write-In,9
Putnam,Governor,NA,Republican,"Henry, James M. ""Jim""",1005
Putnam,Governor,NA,Republican,"Hilleary, Van",3278
Putnam,Governor,NA,Republican,"Kelley, Dave",53
Putnam,Governor,NA,Republican,"McDonald, Jessie D.",35
Putnam,Governor,NA,Republican,"Tripp, Bob",57
Putnam,Governor,NA,Republican,Write-In,7
Putnam,State House,42,Democratic,"Hargrove, Jere L.",6782
Putnam,State House,42,Democratic,Write-In,97
Putnam,State House,42,Republican,Write-In,111
Putnam,State House,43,Democratic,"Curtiss, Charles",397
Putnam,State House,43,Democratic,Write-In,1
Putnam,State House,43,Democratic,"York, Marty L.",251
Putnam,State House,43,Republican,Write-In,11
Putnam,State Senate,15,Democratic,"Burks, Charlotte",8013
Putnam,State Senate,15,Democratic,Write-In,94
Putnam,State Senate,15,Republican,"Bailey, Paul",2806
Putnam,State Senate,15,Republican,Write-In,9
Putnam,U.S. House,6,Democratic,"Gordon, Bart",8429
Putnam,U.S. House,6,Democratic,"Howard, Harvey",993
Putnam,U.S. House,6,Democratic,Write-In,7
Putnam,U.S. House,6,Republican,"Garrison, Robert L.",2883
Putnam,U.S. House,6,Republican,Write-In,17
Putnam,U.S. Senate,NA,Democratic,"Clement, Bob",7793
Putnam,U.S. Senate,NA,Democratic,"Davis, Gary G.",870
Putnam,U.S. Senate,NA,Democratic,"Hampstead, Michael L.",98
Putnam,U.S. Senate,NA,Democratic,"Hopkey, Cher A.",158
Putnam,U.S. Senate,NA,Democratic,"Strauss, Alvin M.",144
Putnam,U.S. Senate,NA,Democratic,Write-In,17
Putnam,U.S. Senate,NA,Republican,"Alexander, Lamar",2636
Putnam,U.S. Senate,NA,Republican,"Bryant, Ed",1689
Putnam,U.S. Senate,NA,Republican,"DuBose, James E.",39
Putnam,U.S. Senate,NA,Republican,"Fenner, Christopher G.",15
Putnam,U.S. Senate,NA,Republican,"Griffin, June",47
Putnam,U.S. Senate,NA,Republican,"Taylor-Shelby, Mary",56
Putnam,U.S. Senate,NA,Republican,"Todd, Michael Brent",30
Putnam,U.S. Senate,NA,Republican,Write-In,0
Rhea,Governor,NA,Democratic,"Best, L.",283
Rhea,Governor,NA,Democratic,"Bredesen, Phil",2067
Rhea,Governor,NA,Democratic,"Brown, Charles V.",67
Rhea,Governor,NA,Democratic,"Conover, Floyd R.",32
Rhea,Governor,NA,Democratic,"Nichols, Randy",125
Rhea,Governor,NA,Democratic,"Smith, Charles E.",105
Rhea,Governor,NA,Democratic,Write-In,0
Rhea,Governor,NA,Republican,"Henry, James M. ""Jim""",348
Rhea,Governor,NA,Republican,"Hilleary, Van",4199
Rhea,Governor,NA,Republican,"Kelley, Dave",25
Rhea,Governor,NA,Republican,"McDonald, Jessie D.",15
Rhea,Governor,NA,Republican,"Tripp, Bob",36
Rhea,Governor,NA,Republican,Write-In,0
Rhea,State House,31,Democratic,"Vincent, Bobby D.",2218
Rhea,State House,31,Democratic,Write-In,0
Rhea,State House,31,Republican,"Vincent, Jim",2967
Rhea,State House,31,Republican,Write-In,0
Rhea,U.S. House,3,Democratic,"Knott, Jr., John Norman E.",548
Rhea,U.S. House,3,Democratic,"Wolfe, John",1199
Rhea,U.S. House,3,Democratic,Write-In,0
Rhea,U.S. House,3,Republican,"Wamp, Zack",3621
Rhea,U.S. House,3,Republican,Write-In,0
Rhea,U.S. Senate,NA,Democratic,"Clement, Bob",1782
Rhea,U.S. Senate,NA,Democratic,"Davis, Gary G.",306
Rhea,U.S. Senate,NA,Democratic,"Hampstead, Michael L.",59
Rhea,U.S. Senate,NA,Democratic,"Hopkey, Cher A.",61
Rhea,U.S. Senate,NA,Democratic,"Strauss, Alvin M.",61
Rhea,U.S. Senate,NA,Democratic,Write-In,0
Rhea,U.S. Senate,NA,Republican,"Alexander, Lamar",3163
Rhea,U.S. Senate,NA,Republican,"Bryant, Ed",810
Rhea,U.S. Senate,NA,Republican,"DuBose, James E.",20
Rhea,U.S. Senate,NA,Republican,"Fenner, Christopher G.",9
Rhea,U.S. Senate,NA,Republican,"Griffin, June",192
Rhea,U.S. Senate,NA,Republican,"Taylor-Shelby, Mary",38
Rhea,U.S. Senate,NA,Republican,"Todd, Michael Brent",26
Rhea,U.S. Senate,NA,Republican,Write-In,0
Roane,Governor,NA,Democratic,"Best, L.",121
Roane,Governor,NA,Democratic,"Bredesen, Phil",4926
Roane,Governor,NA,Democratic,"Brown, Charles V.",158
Roane,Governor,NA,Democratic,"Conover, Floyd R.",65
Roane,Governor,NA,Democratic,"Nichols, Randy",723
Roane,Governor,NA,Democratic,"Smith, Charles E.",273
Roane,Governor,NA,Democratic,Write-In,0
Roane,Governor,NA,Republican,"Henry, James M. ""Jim""",5532
Roane,Governor,NA,Republican,"Hilleary, Van",2721
Roane,Governor,NA,Republican,"Kelley, Dave",48
Roane,Governor,NA,Republican,"McDonald, Jessie D.",53
Roane,Governor,NA,Republican,"Tripp, Bob",131
Roane,Governor,NA,Republican,Write-In,0
Roane,State House,32,Democratic,"Ferguson, Dennis",5467
Roane,State House,32,Democratic,Write-In,0
Roane,State House,32,Republican,"Cantrell, Bruce",6014
Roane,State House,32,Republican,Write-In,0
Roane,U.S. House,3,Democratic,"Knott, Jr., John Norman E.",203
Roane,U.S. House,3,Democratic,"Wolfe, John",296
Roane,U.S. House,3,Democratic,Write-In,0
Roane,U.S. House,3,Republican,"Wamp, Zack",1215
Roane,U.S. House,3,Republican,Write-In,0
Roane,U.S. House,4,Democratic,"Davis, Lincoln",3516
Roane,U.S. House,4,Democratic,"Marcum, Fran F.",1884
Roane,U.S. House,4,Democratic,Write-In,0
Roane,U.S. House,4,Republican,"Bowling, Janice",1728
Roane,U.S. House,4,Republican,"Bumpus, John",806
Roane,U.S. House,4,Republican,"Coffield, Mike",880
Roane,U.S. House,4,Republican,"Greene, Mike",1091
Roane,U.S. House,4,Republican,"Howard, Harvey",164
Roane,U.S. House,4,Republican,"Ogles, Andy",997
Roane,U.S. House,4,Republican,Write-In,0
Roane,U.S. Senate,NA,Democratic,"Clement, Bob",4318
Roane,U.S. Senate,NA,Democratic,"Davis, Gary G.",1133
Roane,U.S. Senate,NA,Democratic,"Hampstead, Michael L.",124
Roane,U.S. Senate,NA,Democratic,"Hopkey, Cher A.",172
Roane,U.S. Senate,NA,Democratic,"Strauss, Alvin M.",141
Roane,U.S. Senate,NA,Democratic,Write-In,0
Roane,U.S. Senate,NA,Republican,"Alexander, Lamar",5765
Roane,U.S. Senate,NA,Republican,"Bryant, Ed",2101
Roane,U.S. Senate,NA,Republican,"DuBose, James E.",68
Roane,U.S. Senate,NA,Republican,"Fenner, Christopher G.",43
Roane,U.S. Senate,NA,Republican,"Griffin, June",84
Roane,U.S. Senate,NA,Republican,"Taylor-Shelby, Mary",89
Roane,U.S. Senate,NA,Republican,"Todd, Michael Brent",77
Roane,U.S. Senate,NA,Republican,Write-In,0
Robertson,Governor,NA,Democratic,"Best, L.",172
Robertson,Governor,NA,Democratic,"Bredesen, Phil",7254
Robertson,Governor,NA,Democratic,"Brown, Charles V.",186
Robertson,Governor,NA,Democratic,"Conover, Floyd R.",112
Robertson,Governor,NA,Democratic,"Nichols, Randy",284
Robertson,Governor,NA,Democratic,"Smith, Charles E.",385
Robertson,Governor,NA,Democratic,Write-In,1
Robertson,Governor,NA,Republican,"Henry, James M. ""Jim""",674
Robertson,Governor,NA,Republican,"Hilleary, Van",3912
Robertson,Governor,NA,Republican,"Kelley, Dave",88
Robertson,Governor,NA,Republican,"McDonald, Jessie D.",44
Robertson,Governor,NA,Republican,"Tripp, Bob",92
Robertson,Governor,NA,Republican,Write-In,0
Robertson,State House,66,Democratic,"Davidson, Eugene E. (Gene)",7217
Robertson,State House,66,Democratic,Write-In,0
Robertson,State House,66,Republican,"Atkins, Chris",4114
Robertson,State House,66,Republican,Write-In,0
Robertson,U.S. House,6,Democratic,"Gordon, Bart",7078
Robertson,U.S. House,6,Democratic,"Howard, Harvey",944
Robertson,U.S. House,6,Democratic,Write-In,0
Robertson,U.S. House,6,Republican,"Garrison, Robert L.",3798
Robertson,U.S. House,6,Republican,Write-In,0
Robertson,U.S. Senate,NA,Democratic,"Clement, Bob",7728
Robertson,U.S. Senate,NA,Democratic,"Davis, Gary G.",401
Robertson,U.S. Senate,NA,Democratic,"Hampstead, Michael L.",73
Robertson,U.S. Senate,NA,Democratic,"Hopkey, Cher A.",101
Robertson,U.S. Senate,NA,Democratic,"Strauss, Alvin M.",101
Robertson,U.S. Senate,NA,Democratic,Write-In,0
Robertson,U.S. Senate,NA,Republican,"Alexander, Lamar",2565
Robertson,U.S. Senate,NA,Republican,"Bryant, Ed",2186
Robertson,U.S. Senate,NA,Republican,"DuBose, James E.",30
Robertson,U.S. Senate,NA,Republican,"Fenner, Christopher G.",20
Robertson,U.S. Senate,NA,Republican,"Griffin, June",41
Robertson,U.S. Senate,NA,Republican,"Taylor-Shelby, Mary",50
Robertson,U.S. Senate,NA,Republican,"Todd, Michael Brent",24
Robertson,U.S. Senate,NA,Republican,Write-In,0
Rutherford,Governor,NA,Democratic,"Best, L.",239
Rutherford,Governor,NA,Democratic,"Bredesen, Phil",12167
Rutherford,Governor,NA,Democratic,"Brown, Charles V.",240
Rutherford,Governor,NA,Democratic,"Conover, Floyd R.",90
Rutherford,Governor,NA,Democratic,"Nichols, Randy",674
Rutherford,Governor,NA,Democratic,"Smith, Charles E.",822
Rutherford,Governor,NA,Democratic,Write-In,14
Rutherford,Governor,NA,Republican,"Henry, James M. ""Jim""",1903
Rutherford,Governor,NA,Republican,"Hilleary, Van",10938
Rutherford,Governor,NA,Republican,"Kelley, Dave",136
Rutherford,Governor,NA,Republican,"McDonald, Jessie D.",63
Rutherford,Governor,NA,Republican,"Tripp, Bob",190
Rutherford,Governor,NA,Republican,Write-In,7
Rutherford,State House,34,Democratic,"Caughron, Russell",3172
Rutherford,State House,34,Democratic,Write-In,10
Rutherford,State House,34,Republican,"Rowland, Donna",4566
Rutherford,State House,34,Republican,Write-In,10
Rutherford,State House,48,Democratic,"Hood, John",4365
Rutherford,State House,48,Democratic,Write-In,0
Rutherford,State House,48,Republican,"Grant, Chris",2748
Rutherford,State House,48,Republican,Write-In,0
Rutherford,State House,49,Democratic,"Coleman, Kent",2262
Rutherford,State House,49,Democratic,"Cooper, Michael T.",1817
Rutherford,State House,49,Democratic,Write-In,0
Rutherford,State House,49,Republican,"Davis, Tim",1497
Rutherford,State House,49,Republican,"Uselton, Carroll",2262
Rutherford,State House,49,Republican,Write-In,0
Rutherford,State House,62,Democratic,"Cobb, Curt",78
Rutherford,State House,62,Democratic,"Davis, Alton R.",36
Rutherford,State House,62,Democratic,"Heflin, Dwayne Keith",25
Rutherford,State House,62,Democratic,"Pitner, Allen",129
Rutherford,State House,62,Democratic,"Wilson, Ken",22
Rutherford,State House,62,Democratic,Write-In,0
Rutherford,State House,62,Republican,"Tracy, Jim",189
Rutherford,State House,62,Republican,Write-In,0
Rutherford,State Senate,13,Democratic,"Sands, Bobby",2599
Rutherford,State Senate,13,Democratic,Write-In,5
Rutherford,State Senate,13,Republican,"Ketron, Bill",2267
Rutherford,State Senate,13,Republican,"Pedigo, Alan",1228
Rutherford,State Senate,13,Republican,Write-In,0
Rutherford,U.S. House,6,Democratic,"Gordon, Bart",13122
Rutherford,U.S. House,6,Democratic,"Howard, Harvey",1223
Rutherford,U.S. House,6,Democratic,Write-In,1
Rutherford,U.S. House,6,Republican,"Garrison, Robert L.",10642
Rutherford,U.S. House,6,Republican,Write-In,10
Rutherford,U.S. Senate,NA,Democratic,"Clement, Bob",12244
Rutherford,U.S. Senate,NA,Democratic,"Davis, Gary G.",875
Rutherford,U.S. Senate,NA,Democratic,"Hampstead, Michael L.",164
Rutherford,U.S. Senate,NA,Democratic,"Hopkey, Cher A.",262
Rutherford,U.S. Senate,NA,Democratic,"Strauss, Alvin M.",202
Rutherford,U.S. Senate,NA,Democratic,Write-In,3
Rutherford,U.S. Senate,NA,Republican,"Alexander, Lamar",7295
Rutherford,U.S. Senate,NA,Republican,"Bryant, Ed",5724
Rutherford,U.S. Senate,NA,Republican,"DuBose, James E.",69
Rutherford,U.S. Senate,NA,Republican,"Fenner, Christopher G.",26
Rutherford,U.S. Senate,NA,Republican,"Griffin, June",75
Rutherford,U.S. Senate,NA,Republican,"Taylor-Shelby, Mary",104
Rutherford,U.S. Senate,NA,Republican,"Todd, Michael Brent",84
Rutherford,U.S. Senate,NA,Republican,Write-In,1
Scott,Governor,NA,Democratic,"Best, L.",47
Scott,Governor,NA,Democratic,"Bredesen, Phil",1752
Scott,Governor,NA,Democratic,"Brown, Charles V.",137
Scott,Governor,NA,Democratic,"Conover, Floyd R.",59
Scott,Governor,NA,Democratic,"Nichols, Randy",235
Scott,Governor,NA,Democratic,"Smith, Charles E.",198
Scott,Governor,NA,Democratic,Write-In,1
Scott,Governor,NA,Republican,"Henry, James M. ""Jim""",283
Scott,Governor,NA,Republican,"Hilleary, Van",2238
Scott,Governor,NA,Republican,"Kelley, Dave",27
Scott,Governor,NA,Republican,"McDonald, Jessie D.",26
Scott,Governor,NA,Republican,"Tripp, Bob",51
Scott,Governor,NA,Republican,Write-In,1
Scott,State House,38,Democratic,"Winningham, Leslie E.",2330
Scott,State House,38,Democratic,Write-In,3
Scott,State House,38,Republican,Write-In,6
Scott,U.S. House,4,Democratic,"Davis, Lincoln",1914
Scott,U.S. House,4,Democratic,"Marcum, Fran F.",727
Scott,U.S. House,4,Democratic,Write-In,0
Scott,U.S. House,4,Republican,"Bowling, Janice",825
Scott,U.S. House,4,Republican,"Bumpus, John",403
Scott,U.S. House,4,Republican,"Coffield, Mike",256
Scott,U.S. House,4,Republican,"Greene, Mike",490
Scott,U.S. House,4,Republican,"Howard, Harvey",30
Scott,U.S. House,4,Republican,"Ogles, Andy",287
Scott,U.S. House,4,Republican,Write-In,3
Scott,U.S. Senate,NA,Democratic,"Clement, Bob",1446
Scott,U.S. Senate,NA,Democratic,"Davis, Gary G.",587
Scott,U.S. Senate,NA,Democratic,"Hampstead, Michael L.",57
Scott,U.S. Senate,NA,Democratic,"Hopkey, Cher A.",53
Scott,U.S. Senate,NA,Democratic,"Strauss, Alvin M.",56
Scott,U.S. Senate,NA,Democratic,Write-In,2
Scott,U.S. Senate,NA,Republican,"Alexander, Lamar",1576
Scott,U.S. Senate,NA,Republican,"Bryant, Ed",851
Scott,U.S. Senate,NA,Republican,"DuBose, James E.",25
Scott,U.S. Senate,NA,Republican,"Fenner, Christopher G.",10
Scott,U.S. Senate,NA,Republican,"Griffin, June",28
Scott,U.S. Senate,NA,Republican,"Taylor-Shelby, Mary",39
Scott,U.S. Senate,NA,Republican,"Todd, Michael Brent",25
Scott,U.S. Senate,NA,Republican,Write-In,0
Sequatchie,Governor,NA,Democratic,"Best, L.",52
Sequatchie,Governor,NA,Democratic,"Bredesen, Phil",2106
Sequatchie,Governor,NA,Democratic,"Brown, Charles V.",58
Sequatchie,Governor,NA,Democratic,"Conover, Floyd R.",41
Sequatchie,Governor,NA,Democratic,"Nichols, Randy",121
Sequatchie,Governor,NA,Democratic,"Smith, Charles E.",174
Sequatchie,Governor,NA,Democratic,Write-In,10
Sequatchie,Governor,NA,Republican,"Henry, James M. ""Jim""",232
Sequatchie,Governor,NA,Republican,"Hilleary, Van",569
Sequatchie,Governor,NA,Republican,"Kelley, Dave",35
Sequatchie,Governor,NA,Republican,"McDonald, Jessie D.",28
Sequatchie,Governor,NA,Republican,"Tripp, Bob",41
Sequatchie,Governor,NA,Republican,Write-In,2
Sequatchie,State House,37,Democratic,"Dawkins, Jane W.",857
Sequatchie,State House,37,Democratic,"Harmon, Bill W.",2038
Sequatchie,State House,37,Democratic,Write-In,1
Sequatchie,State House,37,Republican,"Mackey, Jeffrey S.",415
Sequatchie,State House,37,Republican,"Stuart, Bill",326
Sequatchie,State House,37,Republican,Write-In,4
Sequatchie,U.S. House,4,Democratic,"Davis, Lincoln",1471
Sequatchie,U.S. House,4,Democratic,"Marcum, Fran F.",1029
Sequatchie,U.S. House,4,Democratic,Write-In,7
Sequatchie,U.S. House,4,Republican,"Bowling, Janice",188
Sequatchie,U.S. House,4,Republican,"Bumpus, John",162
Sequatchie,U.S. House,4,Republican,"Coffield, Mike",114
Sequatchie,U.S. House,4,Republican,"Greene, Mike",239
Sequatchie,U.S. House,4,Republican,"Howard, Harvey",27
Sequatchie,U.S. House,4,Republican,"Ogles, Andy",46
Sequatchie,U.S. House,4,Republican,Write-In,6
Sequatchie,U.S. Senate,NA,Democratic,"Clement, Bob",1685
Sequatchie,U.S. Senate,NA,Democratic,"Davis, Gary G.",447
Sequatchie,U.S. Senate,NA,Democratic,"Hampstead, Michael L.",69
Sequatchie,U.S. Senate,NA,Democratic,"Hopkey, Cher A.",68
Sequatchie,U.S. Senate,NA,Democratic,"Strauss, Alvin M.",76
Sequatchie,U.S. Senate,NA,Democratic,Write-In,5
Sequatchie,U.S. Senate,NA,Republican,"Alexander, Lamar",587
Sequatchie,U.S. Senate,NA,Republican,"Bryant, Ed",268
Sequatchie,U.S. Senate,NA,Republican,"DuBose, James E.",15
Sequatchie,U.S. Senate,NA,Republican,"Fenner, Christopher G.",8
Sequatchie,U.S. Senate,NA,Republican,"Griffin, June",30
Sequatchie,U.S. Senate,NA,Republican,"Taylor-Shelby, Mary",27
Sequatchie,U.S. Senate,NA,Republican,"Todd, Michael Brent",8
Sequatchie,U.S. Senate,NA,Republican,Write-In,0
Sevier,Governor,NA,Democratic,"Best, L.",29
Sevier,Governor,NA,Democratic,"Bredesen, Phil",1495
Sevier,Governor,NA,Democratic,"Brown, Charles V.",20
Sevier,Governor,NA,Democratic,"Conover, Floyd R.",7
Sevier,Governor,NA,Democratic,"Nichols, Randy",196
Sevier,Governor,NA,Democratic,"Smith, Charles E.",61
Sevier,Governor,NA,Democratic,Write-In,2
Sevier,Governor,NA,Republican,"Henry, James M. ""Jim""",2596
Sevier,Governor,NA,Republican,"Hilleary, Van",4095
Sevier,Governor,NA,Republican,"Kelley, Dave",59
Sevier,Governor,NA,Republican,"McDonald, Jessie D.",49
Sevier,Governor,NA,Republican,"Tripp, Bob",256
Sevier,Governor,NA,Republican,Write-In,4
Sevier,State House,12,Democratic,Write-In,13
Sevier,State House,12,Republican,"Montgomery, Richard",4879
Sevier,State House,12,Republican,Write-In,4
Sevier,State House,8,Democratic,Write-In,3
Sevier,State House,8,Republican,"McCord, Joe",740
Sevier,State House,8,Republican,Write-In,2
Sevier,U.S. House,1,Democratic,Write-In,14
Sevier,U.S. House,1,Republican,"Edgell, Larry P.",551
Sevier,U.S. House,1,Republican,"Jenkins, William L. ""Bill""",4373
Sevier,U.S. House,1,Republican,Write-In,1
Sevier,U.S. House,2,Democratic,"Greene, John",288
Sevier,U.S. House,2,Democratic,Write-In,0
Sevier,U.S. House,2,Republican,"Duncan, Jr., John J.",1327
Sevier,U.S. House,2,Republican,"Pendergrass, Jim",158
Sevier,U.S. House,2,Republican,Write-In,0
Sevier,U.S. Senate,NA,Democratic,"Clement, Bob",1283
Sevier,U.S. Senate,NA,Democratic,"Davis, Gary G.",224
Sevier,U.S. Senate,NA,Democratic,"Hampstead, Michael L.",40
Sevier,U.S. Senate,NA,Democratic,"Hopkey, Cher A.",68
Sevier,U.S. Senate,NA,Democratic,"Strauss, Alvin M.",31
Sevier,U.S. Senate,NA,Democratic,Write-In,2
Sevier,U.S. Senate,NA,Republican,"Alexander, Lamar",3971
Sevier,U.S. Senate,NA,Republican,"Bryant, Ed",3036
Sevier,U.S. Senate,NA,Republican,"DuBose, James E.",29
Sevier,U.S. Senate,NA,Republican,"Fenner, Christopher G.",12
Sevier,U.S. Senate,NA,Republican,"Griffin, June",49
Sevier,U.S. Senate,NA,Republican,"Taylor-Shelby, Mary",54
Sevier,U.S. Senate,NA,Republican,"Todd, Michael Brent",39
Sevier,U.S. Senate,NA,Republican,Write-In,1
Shelby,Governor,NA,Democratic,"Best, L.",6188
Shelby,Governor,NA,Democratic,"Bredesen, Phil",61476
Shelby,Governor,NA,Democratic,"Brown, Charles V.",5733
Shelby,Governor,NA,Democratic,"Conover, Floyd R.",1374
Shelby,Governor,NA,Democratic,"Nichols, Randy",8023
Shelby,Governor,NA,Democratic,"Smith, Charles E.",4356
Shelby,Governor,NA,Democratic,Write-In,61
Shelby,Governor,NA,Republican,"Henry, James M. ""Jim""",30152
Shelby,Governor,NA,Republican,"Hilleary, Van",43179
Shelby,Governor,NA,Republican,"Kelley, Dave",1809
Shelby,Governor,NA,Republican,"McDonald, Jessie D.",606
Shelby,Governor,NA,Republican,"Tripp, Bob",4029
Shelby,Governor,NA,Republican,Write-In,47
Shelby,State House,83,Democratic,Write-In,0
Shelby,State House,83,Republican,"Bates, Chuck",5004
Shelby,State House,83,Republican,"Kent, Joe",6537
Shelby,State House,83,Republican,Write-In,15
Shelby,State House,84,Democratic,"Towns, Jr., Joe",7567
Shelby,State House,84,Democratic,Write-In,14
Shelby,State House,84,Republican,Write-In,0
Shelby,State House,85,Democratic,"Lewis, Paul",1889
Shelby,State House,85,Democratic,"Turner, Larry",7745
Shelby,State House,85,Democratic,Write-In,10
Shelby,State House,85,Republican,Write-In,0
Shelby,State House,86,Democratic,"Boyd, Berlin",1157
Shelby,State House,86,Democratic,"Cooper, Barbara",5105
Shelby,State House,86,Democratic,Write-In,16
Shelby,State House,86,Republican,"Edwards, III, George T.",1696
Shelby,State House,86,Republican,Write-In,4
Shelby,State House,87,Democratic,"Bowers, Kathryn I.",4071
Shelby,State House,87,Democratic,"Grant, Alonzo",1662
Shelby,State House,87,Democratic,Write-In,2
Shelby,State House,87,Republican,Write-In,0
Shelby,State House,88,Democratic,"Miller, Larry J.",4694
Shelby,State House,88,Democratic,Write-In,7
Shelby,State House,88,Republican,Write-In,53
Shelby,State House,89,Democratic,"Chumney, Carol",4045
Shelby,State House,89,Democratic,"Wilder, Mary",611
Shelby,State House,89,Democratic,Write-In,2
Shelby,State House,89,Republican,"Ogles, Ruth",2570
Shelby,State House,89,Republican,Write-In,7
Shelby,State House,90,Democratic,"DeBerry, John",6719
Shelby,State House,90,Democratic,Write-In,18
Shelby,State House,90,Republican,Write-In,0
Shelby,State House,91,Democratic,"DeBerry, Lois",7042
Shelby,State House,91,Democratic,"Harris, Hanalei ""Lay""",552
Shelby,State House,91,Democratic,Write-In,8
Shelby,State House,91,Republican,Write-In,0
Shelby,State House,92,Democratic,"Brooks, Henri E.",7254
Shelby,State House,92,Democratic,Write-In,12
Shelby,State House,92,Republican,Write-In,0
Shelby,State House,93,Democratic,"Kernell, Mike",4177
Shelby,State House,93,Democratic,Write-In,9
Shelby,State House,93,Republican,"Pellicciotti, John",2269
Shelby,State House,93,Republican,"Redden, Jack",330
Shelby,State House,93,Republican,"Stevenson, Jon",1015
Shelby,State House,93,Republican,"Taylor-Shelby, Mary",369
Shelby,State House,93,Republican,"Wood, Bill",1066
Shelby,State House,93,Republican,Write-In,2
Shelby,State House,95,Democratic,Write-In,9
Shelby,State House,95,Republican,"Todd, Curry",10880
Shelby,State House,95,Republican,Write-In,24
Shelby,State House,96,Democratic,Write-In,17
Shelby,State House,96,Republican,"Stanley, Paul R.",8406
Shelby,State House,96,Republican,Write-In,14
Shelby,State House,97,Democratic,Write-In,25
Shelby,State House,97,Republican,"Hargett, Tre",7887
Shelby,State House,97,Republican,Write-In,15
Shelby,State House,98,Democratic,"Jones, Jr., Ulysses",7219
Shelby,State House,98,Democratic,Write-In,11
Shelby,State House,98,Republican,"Barber, Chuck",1391
Shelby,State House,98,Republican,Write-In,0
Shelby,State House,99,Democratic,Write-In,19
Shelby,State House,99,Republican,"Pleasant, W.C. ""Bubba""",8361
Shelby,State House,99,Republican,Write-In,12
Shelby,State Senate,29,Democratic,"Fields, Richard B.",4863
Shelby,State Senate,29,Democratic,"Ford, John",17397
Shelby,State Senate,29,Democratic,Write-In,9
Shelby,State Senate,29,Republican,Write-In,4
Shelby,State Senate,31,Democratic,"D'Agostino, Anthony",7463
Shelby,State Senate,31,Democratic,Write-In,4
Shelby,State Senate,31,Republican,"Person, Jr., Curtis S.",24739
Shelby,State Senate,31,Republican,Write-In,57
Shelby,State Senate,33,Democratic,"Dixon, Roscoe",24170
Shelby,State Senate,33,Democratic,Write-In,17
Shelby,State Senate,33,Republican,Write-In,0
Shelby,U.S. House,7,Democratic,"Barron, Tim",4595
Shelby,U.S. House,7,Democratic,"Hayden, Omer R.",2135
Shelby,U.S. House,7,Democratic,Write-In,8
Shelby,U.S. House,7,Republican,"Blackburn, Marsha",9282
Shelby,U.S. House,7,Republican,"Carlota, Sonny",319
Shelby,U.S. House,7,Republican,"Kustoff, David",11744
Shelby,U.S. House,7,Republican,"Norris, Mark",9882
Shelby,U.S. House,7,Republican,"Shoaf, Forrest",1801
Shelby,U.S. House,7,Republican,"Starkey, Randy",106
Shelby,U.S. House,7,Republican,"Taylor, Brent",7736
Shelby,U.S. House,7,Republican,Write-In,6
Shelby,U.S. House,8,Democratic,"Tanner, John",4101
Shelby,U.S. House,8,Democratic,"Ward, Richard",1398
Shelby,U.S. House,8,Democratic,Write-In,3
Shelby,U.S. House,8,Republican,"McClain, Mat",1557
Shelby,U.S. House,8,Republican,"Warren, Bill",1618
Shelby,U.S. House,8,Republican,Write-In,4
Shelby,U.S. House,9,Democratic,"Ford, Jr., Harold E.",79146
Shelby,U.S. House,9,Democratic,Write-In,46
Shelby,U.S. House,9,Republican,Write-In,5
Shelby,U.S. Senate,NA,Democratic,"Clement, Bob",56358
Shelby,U.S. Senate,NA,Democratic,"Davis, Gary G.",8713
Shelby,U.S. Senate,NA,Democratic,"Hampstead, Michael L.",4983
Shelby,U.S. Senate,NA,Democratic,"Hopkey, Cher A.",4333
Shelby,U.S. Senate,NA,Democratic,"Strauss, Alvin M.",4204
Shelby,U.S. Senate,NA,Democratic,Write-In,50
Shelby,U.S. Senate,NA,Republican,"Alexander, Lamar",34755
Shelby,U.S. Senate,NA,Republican,"Bryant, Ed",48159
Shelby,U.S. Senate,NA,Republican,"DuBose, James E.",252
Shelby,U.S. Senate,NA,Republican,"Fenner, Christopher G.",133
Shelby,U.S. Senate,NA,Republican,"Griffin, June",345
Shelby,U.S. Senate,NA,Republican,"Taylor-Shelby, Mary",634
Shelby,U.S. Senate,NA,Republican,"Todd, Michael Brent",650
Shelby,U.S. Senate,NA,Republican,Write-In,13
Smith,Governor,NA,Democratic,"Best, L.",44
Smith,Governor,NA,Democratic,"Bredesen, Phil",3584
Smith,Governor,NA,Democratic,"Brown, Charles V.",71
Smith,Governor,NA,Democratic,"Conover, Floyd R.",33
Smith,Governor,NA,Democratic,"Nichols, Randy",133
Smith,Governor,NA,Democratic,"Smith, Charles E.",150
Smith,Governor,NA,Democratic,Write-In,11
Smith,Governor,NA,Republican,"Henry, James M. ""Jim""",171
Smith,Governor,NA,Republican,"Hilleary, Van",902
Smith,Governor,NA,Republican,"Kelley, Dave",18
Smith,Governor,NA,Republican,"McDonald, Jessie D.",14
Smith,Governor,NA,Republican,"Tripp, Bob",28
Smith,Governor,NA,Republican,Write-In,6
Smith,State House,40,Democratic,"Buck, Frank",3044
Smith,State House,40,Democratic,Write-In,39
Smith,State House,40,Republican,Write-In,22
Smith,State Senate,17,Democratic,"Fisher, Sherry (Write-In)",2375
Smith,State Senate,17,Democratic,"Rochelle, Robert",851
Smith,State Senate,17,Democratic,Write-In,119
Smith,State Senate,17,Republican,"Beavers, Mae",936
Smith,State Senate,17,Republican,Write-In,14
Smith,U.S. House,6,Democratic,"Gordon, Bart",3688
Smith,U.S. House,6,Democratic,"Howard, Harvey",206
Smith,U.S. House,6,Democratic,Write-In,17
Smith,U.S. House,6,Republican,"Garrison, Robert L.",748
Smith,U.S. House,6,Republican,Write-In,4
Smith,U.S. Senate,NA,Democratic,"Clement, Bob",3460
Smith,U.S. Senate,NA,Democratic,"Davis, Gary G.",212
Smith,U.S. Senate,NA,Democratic,"Hampstead, Michael L.",24
Smith,U.S. Senate,NA,Democratic,"Hopkey, Cher A.",58
Smith,U.S. Senate,NA,Democratic,"Strauss, Alvin M.",49
Smith,U.S. Senate,NA,Democratic,Write-In,36
Smith,U.S. Senate,NA,Republican,"Alexander, Lamar",760
Smith,U.S. Senate,NA,Republican,"Bryant, Ed",335
Smith,U.S. Senate,NA,Republican,"DuBose, James E.",6
Smith,U.S. Senate,NA,Republican,"Fenner, Christopher G.",8
Smith,U.S. Senate,NA,Republican,"Griffin, June",8
Smith,U.S. Senate,NA,Republican,"Taylor-Shelby, Mary",18
Smith,U.S. Senate,NA,Republican,"Todd, Michael Brent",18
Smith,U.S. Senate,NA,Republican,Write-In,1
Stewart,Governor,NA,Democratic,"Best, L.",34
Stewart,Governor,NA,Democratic,"Bredesen, Phil",2331
Stewart,Governor,NA,Democratic,"Brown, Charles V.",56
Stewart,Governor,NA,Democratic,"Conover, Floyd R.",19
Stewart,Governor,NA,Democratic,"Nichols, Randy",58
Stewart,Governor,NA,Democratic,"Smith, Charles E.",96
Stewart,Governor,NA,Democratic,Write-In,1
Stewart,Governor,NA,Republican,"Henry, James M. ""Jim""",129
Stewart,Governor,NA,Republican,"Hilleary, Van",531
Stewart,Governor,NA,Republican,"Kelley, Dave",37
Stewart,Governor,NA,Republican,"McDonald, Jessie D.",16
Stewart,Governor,NA,Republican,"Tripp, Bob",41
Stewart,Governor,NA,Republican,Write-In,1
Stewart,State House,75,Democratic,"Ainley, Mike",252
Stewart,State House,75,Democratic,"Borchert, Willie Butch",759
Stewart,State House,75,Democratic,"Crawford, Larry D.",808
Stewart,State House,75,Democratic,"Patton, Randy",578
Stewart,State House,75,Democratic,Write-In,0
Stewart,State House,75,Republican,Write-In,10
Stewart,U.S. House,8,Democratic,"Tanner, John",2126
Stewart,U.S. House,8,Democratic,"Ward, Richard",269
Stewart,U.S. House,8,Democratic,Write-In,0
Stewart,U.S. House,8,Republican,"McClain, Mat",333
Stewart,U.S. House,8,Republican,"Warren, Bill",275
Stewart,U.S. House,8,Republican,Write-In,0
Stewart,U.S. Senate,NA,Democratic,"Clement, Bob",2139
Stewart,U.S. Senate,NA,Democratic,"Davis, Gary G.",166
Stewart,U.S. Senate,NA,Democratic,"Hampstead, Michael L.",31
Stewart,U.S. Senate,NA,Democratic,"Hopkey, Cher A.",67
Stewart,U.S. Senate,NA,Democratic,"Strauss, Alvin M.",45
Stewart,U.S. Senate,NA,Democratic,Write-In,0
Stewart,U.S. Senate,NA,Republican,"Alexander, Lamar",401
Stewart,U.S. Senate,NA,Republican,"Bryant, Ed",319
Stewart,U.S. Senate,NA,Republican,"DuBose, James E.",6
Stewart,U.S. Senate,NA,Republican,"Fenner, Christopher G.",5
Stewart,U.S. Senate,NA,Republican,"Griffin, June",16
Stewart,U.S. Senate,NA,Republican,"Taylor-Shelby, Mary",26
Stewart,U.S. Senate,NA,Republican,"Todd, Michael Brent",14
Stewart,U.S. Senate,NA,Republican,Write-In,0
Sullivan,Governor,NA,Democratic,"Best, L.",232
Sullivan,Governor,NA,Democratic,"Bredesen, Phil",6056
Sullivan,Governor,NA,Democratic,"Brown, Charles V.",235
Sullivan,Governor,NA,Democratic,"Conover, Floyd R.",94
Sullivan,Governor,NA,Democratic,"Nichols, Randy",480
Sullivan,Governor,NA,Democratic,"Smith, Charles E.",933
Sullivan,Governor,NA,Democratic,Write-In,17
Sullivan,Governor,NA,Republican,"Henry, James M. ""Jim""",5857
Sullivan,Governor,NA,Republican,"Hilleary, Van",7075
Sullivan,Governor,NA,Republican,"Kelley, Dave",178
Sullivan,Governor,NA,Republican,"McDonald, Jessie D.",98
Sullivan,Governor,NA,Republican,"Tripp, Bob",446
Sullivan,Governor,NA,Republican,Write-In,16
Sullivan,State House,1,Democratic,Write-In,161
Sullivan,State House,1,Republican,"Godsey, Steve M.",3195
Sullivan,State House,1,Republican,Write-In,122
Sullivan,State House,2,Democratic,"Barber, Linda",333
Sullivan,State House,2,Democratic,"Phillips, Dennis R.",804
Sullivan,State House,2,Democratic,"Vaughn, Nathan",1972
Sullivan,State House,2,Democratic,Write-In,5
Sullivan,State House,2,Republican,"Bailey, Todd",122
Sullivan,State House,2,Republican,"Bonner, Robert (Bob)",160
Sullivan,State House,2,Republican,"Byers, Julie B.",256
Sullivan,State House,2,Republican,"Churchwell, Gary L.",171
Sullivan,State House,2,Republican,"England, Tony G.",540
Sullivan,State House,2,Republican,"Groseclose III, Murry Clyde",382
Sullivan,State House,2,Republican,"Knight, C. Adam",139
Sullivan,State House,2,Republican,"Lawson, Steve",190
Sullivan,State House,2,Republican,"Martin, Shawn E.",178
Sullivan,State House,2,Republican,"Miller, Robert L. ""Bob""",2223
Sullivan,State House,2,Republican,"Teague, Jerry",934
Sullivan,State House,2,Republican,"Ward, David",656
Sullivan,State House,2,Republican,Write-In,27
Sullivan,State House,3,Democratic,"Akard, Joe Mike (Write-In)",618
Sullivan,State House,3,Democratic,"Carrier, Van",1278
Sullivan,State House,3,Democratic,Write-In,34
Sullivan,State House,3,Republican,"Mumpower, Jason E.",2635
Sullivan,State House,3,Republican,Write-In,144
Sullivan,U.S. House,1,Democratic,Write-In,405
Sullivan,U.S. House,1,Republican,"Edgell, Larry P.",1331
Sullivan,U.S. House,1,Republican,"Jenkins, William L. ""Bill""",11981
Sullivan,U.S. House,1,Republican,Write-In,32
Sullivan,U.S. Senate,NA,Democratic,"Clement, Bob",5624
Sullivan,U.S. Senate,NA,Democratic,"Davis, Gary G.",1109
Sullivan,U.S. Senate,NA,Democratic,"Hampstead, Michael L.",192
Sullivan,U.S. Senate,NA,Democratic,"Hopkey, Cher A.",250
Sullivan,U.S. Senate,NA,Democratic,"Strauss, Alvin M.",205
Sullivan,U.S. Senate,NA,Democratic,Write-In,20
Sullivan,U.S. Senate,NA,Republican,"Alexander, Lamar",8788
Sullivan,U.S. Senate,NA,Republican,"Bryant, Ed",4868
Sullivan,U.S. Senate,NA,Republican,"DuBose, James E.",68
Sullivan,U.S. Senate,NA,Republican,"Fenner, Christopher G.",34
Sullivan,U.S. Senate,NA,Republican,"Griffin, June",84
Sullivan,U.S. Senate,NA,Republican,"Taylor-Shelby, Mary",89
Sullivan,U.S. Senate,NA,Republican,"Todd, Michael Brent",105
Sullivan,U.S. Senate,NA,Republican,Write-In,8
Sumner,Governor,NA,Democratic,"Best, L.",148
Sumner,Governor,NA,Democratic,"Bredesen, Phil",9734
Sumner,Governor,NA,Democratic,"Brown, Charles V.",259
Sumner,Governor,NA,Democratic,"Conover, Floyd R.",243
Sumner,Governor,NA,Democratic,"Nichols, Randy",288
Sumner,Governor,NA,Democratic,"Smith, Charles E.",399
Sumner,Governor,NA,Democratic,Write-In,12
Sumner,Governor,NA,Republican,"Henry, James M. ""Jim""",1575
Sumner,Governor,NA,Republican,"Hilleary, Van",9315
Sumner,Governor,NA,Republican,"Kelley, Dave",118
Sumner,Governor,NA,Republican,"McDonald, Jessie D.",147
Sumner,Governor,NA,Republican,"Tripp, Bob",128
Sumner,Governor,NA,Republican,Write-In,15
Sumner,State House,44,Democratic,"McDonald, Mike",4527
Sumner,State House,44,Democratic,Write-In,16
Sumner,State House,44,Republican,"Braswell, Shawn L.",2601
Sumner,State House,44,Republican,Write-In,8
Sumner,State House,45,Democratic,"Lawson, Herman C.",3334
Sumner,State House,45,Democratic,Write-In,15
Sumner,State House,45,Republican,"Black, Diane",5106
Sumner,State House,45,Republican,Write-In,11
Sumner,State House,57,Democratic,"Farmer, Danny C.",509
Sumner,State House,57,Democratic,Write-In,3
Sumner,State House,57,Republican,"Joslin, Bobby",434
Sumner,State House,57,Republican,"Lynn, Susan M.",893
Sumner,State House,57,Republican,"Parsons, Tracy",51
Sumner,State House,57,Republican,"Swindle, Larry R.",261
Sumner,State House,57,Republican,Write-In,0
Sumner,State Senate,17,Democratic,"Fisher, Sherry (Write-In)",28
Sumner,State Senate,17,Democratic,"Rochelle, Robert",117
Sumner,State Senate,17,Democratic,Write-In,12
Sumner,State Senate,17,Republican,"Beavers, Mae",582
Sumner,State Senate,17,Republican,Write-In,3
Sumner,U.S. House,6,Democratic,"Gordon, Bart",9999
Sumner,U.S. House,6,Democratic,"Howard, Harvey",805
Sumner,U.S. House,6,Democratic,Write-In,8
Sumner,U.S. House,6,Republican,"Garrison, Robert L.",8435
Sumner,U.S. House,6,Republican,Write-In,39
Sumner,U.S. Senate,NA,Democratic,"Clement, Bob",9981
Sumner,U.S. Senate,NA,Democratic,"Davis, Gary G.",520
Sumner,U.S. Senate,NA,Democratic,"Hampstead, Michael L.",100
Sumner,U.S. Senate,NA,Democratic,"Hopkey, Cher A.",151
Sumner,U.S. Senate,NA,Democratic,"Strauss, Alvin M.",93
Sumner,U.S. Senate,NA,Democratic,Write-In,7
Sumner,U.S. Senate,NA,Republican,"Alexander, Lamar",5874
Sumner,U.S. Senate,NA,Republican,"Bryant, Ed",5323
Sumner,U.S. Senate,NA,Republican,"DuBose, James E.",43
Sumner,U.S. Senate,NA,Republican,"Fenner, Christopher G.",24
Sumner,U.S. Senate,NA,Republican,"Griffin, June",74
Sumner,U.S. Senate,NA,Republican,"Taylor-Shelby, Mary",94
Sumner,U.S. Senate,NA,Republican,"Todd, Michael Brent",53
Sumner,U.S. Senate,NA,Republican,Write-In,0
Tipton,Governor,NA,Democratic,"Best, L.",210
Tipton,Governor,NA,Democratic,"Bredesen, Phil",2659
Tipton,Governor,NA,Democratic,"Brown, Charles V.",196
Tipton,Governor,NA,Democratic,"Conover, Floyd R.",75
Tipton,Governor,NA,Democratic,"Nichols, Randy",268
Tipton,Governor,NA,Democratic,"Smith, Charles E.",469
Tipton,Governor,NA,Democratic,Write-In,0
Tipton,Governor,NA,Republican,"Henry, James M. ""Jim""",1467
Tipton,Governor,NA,Republican,"Hilleary, Van",3346
Tipton,Governor,NA,Republican,"Kelley, Dave",226
Tipton,Governor,NA,Republican,"McDonald, Jessie D.",89
Tipton,Governor,NA,Republican,"Tripp, Bob",420
Tipton,Governor,NA,Republican,Write-In,0
Tipton,State House,81,Democratic,"Naifeh, Jimmy",2885
Tipton,State House,81,Democratic,Write-In,0
Tipton,State House,81,Republican,"Lopez, Antonio (Write-In)",1173
Tipton,State House,81,Republican,Write-In,0
Tipton,State House,94,Democratic,"Elliot, Jamie L.",237
Tipton,State House,94,Democratic,"Woods, Brenda",365
Tipton,State House,94,Democratic,Write-In,0
Tipton,State House,94,Republican,"Dowdy, Earl",174
Tipton,State House,94,Republican,"Gresham, Dolores",365
Tipton,State House,94,Republican,"Mayer, Richard",577
Tipton,State House,94,Republican,"Whitaker, Mike",849
Tipton,State House,94,Republican,Write-In,0
Tipton,U.S. House,8,Democratic,"Tanner, John",3266
Tipton,U.S. House,8,Democratic,"Ward, Richard",430
Tipton,U.S. House,8,Democratic,Write-In,0
Tipton,U.S. House,8,Republican,"McClain, Mat",2418
Tipton,U.S. House,8,Republican,"Warren, Bill",2061
Tipton,U.S. House,8,Republican,Write-In,0
Tipton,U.S. Senate,NA,Democratic,"Clement, Bob",2932
Tipton,U.S. Senate,NA,Democratic,"Davis, Gary G.",363
Tipton,U.S. Senate,NA,Democratic,"Hampstead, Michael L.",153
Tipton,U.S. Senate,NA,Democratic,"Hopkey, Cher A.",124
Tipton,U.S. Senate,NA,Democratic,"Strauss, Alvin M.",110
Tipton,U.S. Senate,NA,Democratic,Write-In,0
Tipton,U.S. Senate,NA,Republican,"Alexander, Lamar",2532
Tipton,U.S. Senate,NA,Republican,"Bryant, Ed",2810
Tipton,U.S. Senate,NA,Republican,"DuBose, James E.",38
Tipton,U.S. Senate,NA,Republican,"Fenner, Christopher G.",17
Tipton,U.S. Senate,NA,Republican,"Griffin, June",77
Tipton,U.S. Senate,NA,Republican,"Taylor-Shelby, Mary",79
Tipton,U.S. Senate,NA,Republican,"Todd, Michael Brent",95
Tipton,U.S. Senate,NA,Republican,Write-In,0
Trousdale,Governor,NA,Democratic,"Best, L.",24
Trousdale,Governor,NA,Democratic,"Bredesen, Phil",1573
Trousdale,Governor,NA,Democratic,"Brown, Charles V.",37
Trousdale,Governor,NA,Democratic,"Conover, Floyd R.",31
Trousdale,Governor,NA,Democratic,"Nichols, Randy",118
Trousdale,Governor,NA,Democratic,"Smith, Charles E.",98
Trousdale,Governor,NA,Democratic,Write-In,0
Trousdale,Governor,NA,Republican,"Henry, James M. ""Jim""",83
Trousdale,Governor,NA,Republican,"Hilleary, Van",427
Trousdale,Governor,NA,Republican,"Kelley, Dave",12
Trousdale,Governor,NA,Republican,"McDonald, Jessie D.",14
Trousdale,Governor,NA,Republican,"Tripp, Bob",10
Trousdale,Governor,NA,Republican,Write-In,0
Trousdale,State House,46,Democratic,"Bone, Stratton",1381
Trousdale,State House,46,Democratic,Write-In,0
Trousdale,State House,46,Republican,"Jewell, Dwight A.",422
Trousdale,State House,46,Republican,"Winslow, Scott",115
Trousdale,State House,46,Republican,Write-In,0
Trousdale,State Senate,17,Democratic,"Fisher, Sherry (Write-In)",651
Trousdale,State Senate,17,Democratic,"Rochelle, Robert",504
Trousdale,State Senate,17,Democratic,Write-In,10
Trousdale,State Senate,17,Republican,"Beavers, Mae",434
Trousdale,State Senate,17,Republican,Write-In,0
Trousdale,U.S. House,6,Democratic,"Gordon, Bart",1715
Trousdale,U.S. House,6,Democratic,"Howard, Harvey",104
Trousdale,U.S. House,6,Democratic,Write-In,0
Trousdale,U.S. House,6,Republican,"Garrison, Robert L.",379
Trousdale,U.S. House,6,Republican,Write-In,0
Trousdale,U.S. Senate,NA,Democratic,"Clement, Bob",1638
Trousdale,U.S. Senate,NA,Democratic,"Davis, Gary G.",90
Trousdale,U.S. Senate,NA,Democratic,"Hampstead, Michael L.",15
Trousdale,U.S. Senate,NA,Democratic,"Hopkey, Cher A.",18
Trousdale,U.S. Senate,NA,Democratic,"Strauss, Alvin M.",31
Trousdale,U.S. Senate,NA,Democratic,Write-In,0
Trousdale,U.S. Senate,NA,Republican,"Alexander, Lamar",339
Trousdale,U.S. Senate,NA,Republican,"Bryant, Ed",194
Trousdale,U.S. Senate,NA,Republican,"DuBose, James E.",3
Trousdale,U.S. Senate,NA,Republican,"Fenner, Christopher G.",3
Trousdale,U.S. Senate,NA,Republican,"Griffin, June",6
Trousdale,U.S. Senate,NA,Republican,"Taylor-Shelby, Mary",7
Trousdale,U.S. Senate,NA,Republican,"Todd, Michael Brent",4
Trousdale,U.S. Senate,NA,Republican,Write-In,0
Unicoi,Governor,NA,Democratic,"Best, L.",9
Unicoi,Governor,NA,Democratic,"Bredesen, Phil",313
Unicoi,Governor,NA,Democratic,"Brown, Charles V.",19
Unicoi,Governor,NA,Democratic,"Conover, Floyd R.",7
Unicoi,Governor,NA,Democratic,"Nichols, Randy",16
Unicoi,Governor,NA,Democratic,"Smith, Charles E.",45
Unicoi,Governor,NA,Democratic,Write-In,0
Unicoi,Governor,NA,Republican,"Henry, James M. ""Jim""",642
Unicoi,Governor,NA,Republican,"Hilleary, Van",1114
Unicoi,Governor,NA,Republican,"Kelley, Dave",34
Unicoi,Governor,NA,Republican,"McDonald, Jessie D.",23
Unicoi,Governor,NA,Republican,"Tripp, Bob",365
Unicoi,Governor,NA,Republican,Write-In,1
Unicoi,State House,5,Democratic,Write-In,5
Unicoi,State House,5,Republican,"Hawk, David",876
Unicoi,State House,5,Republican,"Whitson, Jr., Zane",1523
Unicoi,State House,5,Republican,Write-In,1
Unicoi,State Senate,1,Democratic,Write-In,2
Unicoi,State Senate,1,Republican,"Haun, Tommy",1342
Unicoi,State Senate,1,Republican,"Southerland, Steve",811
Unicoi,State Senate,1,Republican,Write-In,0
Unicoi,U.S. House,1,Democratic,Write-In,2
Unicoi,U.S. House,1,Republican,"Edgell, Larry P.",292
Unicoi,U.S. House,1,Republican,"Jenkins, William L. ""Bill""",1792
Unicoi,U.S. House,1,Republican,Write-In,0
Unicoi,U.S. Senate,NA,Democratic,"Clement, Bob",270
Unicoi,U.S. Senate,NA,Democratic,"Davis, Gary G.",64
Unicoi,U.S. Senate,NA,Democratic,"Hampstead, Michael L.",13
Unicoi,U.S. Senate,NA,Democratic,"Hopkey, Cher A.",17
Unicoi,U.S. Senate,NA,Democratic,"Strauss, Alvin M.",7
Unicoi,U.S. Senate,NA,Democratic,Write-In,0
Unicoi,U.S. Senate,NA,Republican,"Alexander, Lamar",1646
Unicoi,U.S. Senate,NA,Republican,"Bryant, Ed",586
Unicoi,U.S. Senate,NA,Republican,"DuBose, James E.",5
Unicoi,U.S. Senate,NA,Republican,"Fenner, Christopher G.",4
Unicoi,U.S. Senate,NA,Republican,"Griffin, June",21
Unicoi,U.S. Senate,NA,Republican,"Taylor-Shelby, Mary",34
Unicoi,U.S. Senate,NA,Republican,"Todd, Michael Brent",17
Unicoi,U.S. Senate,NA,Republican,Write-In,0
Union,Governor,NA,Democratic,"Best, L.",31
Union,Governor,NA,Democratic,"Bredesen, Phil",1474
Union,Governor,NA,Democratic,"Brown, Charles V.",31
Union,Governor,NA,Democratic,"Conover, Floyd R.",12
Union,Governor,NA,Democratic,"Nichols, Randy",245
Union,Governor,NA,Democratic,"Smith, Charles E.",70
Union,Governor,NA,Democratic,Write-In,2
Union,Governor,NA,Republican,"Henry, James M. ""Jim""",499
Union,Governor,NA,Republican,"Hilleary, Van",1721
Union,Governor,NA,Republican,"Kelley, Dave",36
Union,Governor,NA,Republican,"McDonald, Jessie D.",7
Union,Governor,NA,Republican,"Tripp, Bob",46
Union,Governor,NA,Republican,Write-In,0
Union,State House,36,Democratic,"Cross, Jerry",529
Union,State House,36,Democratic,"White, J. C.",701
Union,State House,36,Democratic,Write-In,0
Union,State House,36,Republican,"Baird, William",1422
Union,State House,36,Republican,Write-In,0
Union,U.S. House,3,Democratic,"Knott, Jr., John Norman E.",468
Union,U.S. House,3,Democratic,"Wolfe, John",719
Union,U.S. House,3,Democratic,Write-In,1
Union,U.S. House,3,Republican,"Wamp, Zack",1697
Union,U.S. House,3,Republican,Write-In,0
Union,U.S. Senate,NA,Democratic,"Clement, Bob",1149
Union,U.S. Senate,NA,Democratic,"Davis, Gary G.",208
Union,U.S. Senate,NA,Democratic,"Hampstead, Michael L.",66
Union,U.S. Senate,NA,Democratic,"Hopkey, Cher A.",61
Union,U.S. Senate,NA,Democratic,"Strauss, Alvin M.",44
Union,U.S. Senate,NA,Democratic,Write-In,3
Union,U.S. Senate,NA,Republican,"Alexander, Lamar",1429
Union,U.S. Senate,NA,Republican,"Bryant, Ed",814
Union,U.S. Senate,NA,Republican,"DuBose, James E.",11
Union,U.S. Senate,NA,Republican,"Fenner, Christopher G.",6
Union,U.S. Senate,NA,Republican,"Griffin, June",31
Union,U.S. Senate,NA,Republican,"Taylor-Shelby, Mary",35
Union,U.S. Senate,NA,Republican,"Todd, Michael Brent",10
Union,U.S. Senate,NA,Republican,Write-In,0
Van Buren,Governor,NA,Democratic,"Best, L.",15
Van Buren,Governor,NA,Democratic,"Bredesen, Phil",1236
Van Buren,Governor,NA,Democratic,"Brown, Charles V.",20
Van Buren,Governor,NA,Democratic,"Conover, Floyd R.",10
Van Buren,Governor,NA,Democratic,"Nichols, Randy",89
Van Buren,Governor,NA,Democratic,"Smith, Charles E.",94
Van Buren,Governor,NA,Democratic,Write-In,0
Van Buren,Governor,NA,Republican,"Henry, James M. ""Jim""",34
Van Buren,Governor,NA,Republican,"Hilleary, Van",456
Van Buren,Governor,NA,Republican,"Kelley, Dave",8
Van Buren,Governor,NA,Republican,"McDonald, Jessie D.",4
Van Buren,Governor,NA,Republican,"Tripp, Bob",6
Van Buren,Governor,NA,Republican,Write-In,0
Van Buren,State House,37,Democratic,"Dawkins, Jane W.",602
Van Buren,State House,37,Democratic,"Harmon, Bill W.",839
Van Buren,State House,37,Democratic,Write-In,0
Van Buren,State House,37,Republican,"Mackey, Jeffrey S.",158
Van Buren,State House,37,Republican,"Stuart, Bill",237
Van Buren,State House,37,Republican,Write-In,0
Van Buren,U.S. House,4,Democratic,"Davis, Lincoln",958
Van Buren,U.S. House,4,Democratic,"Marcum, Fran F.",519
Van Buren,U.S. House,4,Democratic,Write-In,0
Van Buren,U.S. House,4,Republican,"Bowling, Janice",177
Van Buren,U.S. House,4,Republican,"Bumpus, John",154
Van Buren,U.S. House,4,Republican,"Coffield, Mike",27
Van Buren,U.S. House,4,Republican,"Greene, Mike",54
Van Buren,U.S. House,4,Republican,"Howard, Harvey",12
Van Buren,U.S. House,4,Republican,"Ogles, Andy",11
Van Buren,U.S. House,4,Republican,Write-In,0
Van Buren,U.S. Senate,NA,Democratic,"Clement, Bob",1197
Van Buren,U.S. Senate,NA,Democratic,"Davis, Gary G.",143
Van Buren,U.S. Senate,NA,Democratic,"Hampstead, Michael L.",15
Van Buren,U.S. Senate,NA,Democratic,"Hopkey, Cher A.",28
Van Buren,U.S. Senate,NA,Democratic,"Strauss, Alvin M.",23
Van Buren,U.S. Senate,NA,Democratic,Write-In,0
Van Buren,U.S. Senate,NA,Republican,"Alexander, Lamar",336
Van Buren,U.S. Senate,NA,Republican,"Bryant, Ed",113
Van Buren,U.S. Senate,NA,Republican,"DuBose, James E.",3
Van Buren,U.S. Senate,NA,Republican,"Fenner, Christopher G.",3
Van Buren,U.S. Senate,NA,Republican,"Griffin, June",19
Van Buren,U.S. Senate,NA,Republican,"Taylor-Shelby, Mary",12
Van Buren,U.S. Senate,NA,Republican,"Todd, Michael Brent",8
Van Buren,U.S. Senate,NA,Republican,Write-In,0
Warren,Governor,NA,Democratic,"Best, L.",76
Warren,Governor,NA,Democratic,"Bredesen, Phil",5976
Warren,Governor,NA,Democratic,"Brown, Charles V.",138
Warren,Governor,NA,Democratic,"Conover, Floyd R.",56
Warren,Governor,NA,Democratic,"Nichols, Randy",246
Warren,Governor,NA,Democratic,"Smith, Charles E.",483
Warren,Governor,NA,Democratic,Write-In,4
Warren,Governor,NA,Republican,"Henry, James M. ""Jim""",275
Warren,Governor,NA,Republican,"Hilleary, Van",2427
Warren,Governor,NA,Republican,"Kelley, Dave",28
Warren,Governor,NA,Republican,"McDonald, Jessie D.",11
Warren,Governor,NA,Republican,"Tripp, Bob",24
Warren,Governor,NA,Republican,Write-In,2
Warren,State House,43,Democratic,"Curtiss, Charles",3250
Warren,State House,43,Democratic,Write-In,10
Warren,State House,43,Democratic,"York, Marty L.",1090
Warren,State House,43,Republican,Write-In,22
Warren,State House,47,Democratic,"Lewis, Jr., Doyle ""Butch""",1009
Warren,State House,47,Democratic,"Whitman, Brian Keith",663
Warren,State House,47,Democratic,Write-In,6
Warren,State House,47,Republican,"Matheny, Judd",745
Warren,State House,47,Republican,Write-In,13
Warren,U.S. House,4,Democratic,"Davis, Lincoln",3948
Warren,U.S. House,4,Democratic,"Marcum, Fran F.",2588
Warren,U.S. House,4,Democratic,Write-In,9
Warren,U.S. House,4,Republican,"Bowling, Janice",960
Warren,U.S. House,4,Republican,"Bumpus, John",488
Warren,U.S. House,4,Republican,"Coffield, Mike",111
Warren,U.S. House,4,Republican,"Greene, Mike",430
Warren,U.S. House,4,Republican,"Howard, Harvey",44
Warren,U.S. House,4,Republican,"Ogles, Andy",291
Warren,U.S. House,4,Republican,Write-In,3
Warren,U.S. Senate,NA,Democratic,"Clement, Bob",5602
Warren,U.S. Senate,NA,Democratic,"Davis, Gary G.",705
Warren,U.S. Senate,NA,Democratic,"Hampstead, Michael L.",111
Warren,U.S. Senate,NA,Democratic,"Hopkey, Cher A.",120
Warren,U.S. Senate,NA,Democratic,"Strauss, Alvin M.",97
Warren,U.S. Senate,NA,Democratic,Write-In,5
Warren,U.S. Senate,NA,Republican,"Alexander, Lamar",1820
Warren,U.S. Senate,NA,Republican,"Bryant, Ed",698
Warren,U.S. Senate,NA,Republican,"DuBose, James E.",19
Warren,U.S. Senate,NA,Republican,"Fenner, Christopher G.",5
Warren,U.S. Senate,NA,Republican,"Griffin, June",25
Warren,U.S. Senate,NA,Republican,"Taylor-Shelby, Mary",49
Warren,U.S. Senate,NA,Republican,"Todd, Michael Brent",27
Warren,U.S. Senate,NA,Republican,Write-In,0
Washington,Governor,NA,Democratic,"Best, L.",100
Washington,Governor,NA,Democratic,"Bredesen, Phil",3123
Washington,Governor,NA,Democratic,"Brown, Charles V.",152
Washington,Governor,NA,Democratic,"Conover, Floyd R.",23
Washington,Governor,NA,Democratic,"Nichols, Randy",149
Washington,Governor,NA,Democratic,"Smith, Charles E.",412
Washington,Governor,NA,Democratic,Write-In,0
Washington,Governor,NA,Republican,"Henry, James M. ""Jim""",5096
Washington,Governor,NA,Republican,"Hilleary, Van",6057
Washington,Governor,NA,Republican,"Kelley, Dave",249
Washington,Governor,NA,Republican,"McDonald, Jessie D.",128
Washington,Governor,NA,Republican,"Tripp, Bob",529
Washington,Governor,NA,Republican,Write-In,2
Washington,State House,6,Democratic,Write-In,2
Washington,State House,6,Republican,"Davis, David",3686
Washington,State House,6,Republican,"Ford, Dale",3418
Washington,State House,6,Republican,Write-In,0
Washington,State House,7,Democratic,"Thomas, Mark",1167
Washington,State House,7,Democratic,Write-In,0
Washington,State House,7,Republican,"Patton, Robert D. (Bob)",3709
Washington,State House,7,Republican,Write-In,2
Washington,State Senate,3,Democratic,"Gabriel, Richard Dale",2194
Washington,State Senate,3,Democratic,Write-In,1
Washington,State Senate,3,Republican,"Cole, Kevin D.",4659
Washington,State Senate,3,Republican,"Crowe, Rusty",7865
Washington,State Senate,3,Republican,Write-In,0
Washington,U.S. House,1,Democratic,Write-In,2
Washington,U.S. House,1,Republican,"Edgell, Larry P.",1742
Washington,U.S. House,1,Republican,"Jenkins, William L. ""Bill""",10122
Washington,U.S. House,1,Republican,Write-In,0
Washington,U.S. Senate,NA,Democratic,"Clement, Bob",2740
Washington,U.S. Senate,NA,Democratic,"Davis, Gary G.",644
Washington,U.S. Senate,NA,Democratic,"Hampstead, Michael L.",81
Washington,U.S. Senate,NA,Democratic,"Hopkey, Cher A.",143
Washington,U.S. Senate,NA,Democratic,"Strauss, Alvin M.",89
Washington,U.S. Senate,NA,Democratic,Write-In,1
Washington,U.S. Senate,NA,Republican,"Alexander, Lamar",8115
Washington,U.S. Senate,NA,Republican,"Bryant, Ed",4111
Washington,U.S. Senate,NA,Republican,"DuBose, James E.",65
Washington,U.S. Senate,NA,Republican,"Fenner, Christopher G.",42
Washington,U.S. Senate,NA,Republican,"Griffin, June",104
Washington,U.S. Senate,NA,Republican,"Taylor-Shelby, Mary",166
Washington,U.S. Senate,NA,Republican,"Todd, Michael Brent",91
Washington,U.S. Senate,NA,Republican,Write-In,1
Wayne,Governor,NA,Democratic,"Best, L.",50
Wayne,Governor,NA,Democratic,"Bredesen, Phil",1227
Wayne,Governor,NA,Democratic,"Brown, Charles V.",45
Wayne,Governor,NA,Democratic,"Conover, Floyd R.",22
Wayne,Governor,NA,Democratic,"Nichols, Randy",67
Wayne,Governor,NA,Democratic,"Smith, Charles E.",94
Wayne,Governor,NA,Democratic,Write-In,0
Wayne,Governor,NA,Republican,"Henry, James M. ""Jim""",181
Wayne,Governor,NA,Republican,"Hilleary, Van",2038
Wayne,Governor,NA,Republican,"Kelley, Dave",19
Wayne,Governor,NA,Republican,"McDonald, Jessie D.",20
Wayne,Governor,NA,Republican,"Tripp, Bob",30
Wayne,Governor,NA,Republican,Write-In,0
Wayne,State House,70,Democratic,"Moore, Calvin",208
Wayne,State House,70,Democratic,"White, John",145
Wayne,State House,70,Democratic,Write-In,0
Wayne,State House,70,Republican,"Hensley, Joey (Write-In)",30
Wayne,State House,70,Republican,Write-In,0
Wayne,State House,72,Democratic,Write-In,0
Wayne,State House,72,Republican,"McDaniel, Steve K.",1247
Wayne,State House,72,Republican,Write-In,0
Wayne,U.S. House,7,Democratic,"Barron, Tim",701
Wayne,U.S. House,7,Democratic,"Hayden, Omer R.",264
Wayne,U.S. House,7,Democratic,Write-In,0
Wayne,U.S. House,7,Republican,"Blackburn, Marsha",808
Wayne,U.S. House,7,Republican,"Carlota, Sonny",12
Wayne,U.S. House,7,Republican,"Kustoff, David",301
Wayne,U.S. House,7,Republican,"Norris, Mark",120
Wayne,U.S. House,7,Republican,"Shoaf, Forrest",305
Wayne,U.S. House,7,Republican,"Starkey, Randy",74
Wayne,U.S. House,7,Republican,"Taylor, Brent",368
Wayne,U.S. House,7,Republican,Write-In,0
Wayne,U.S. Senate,NA,Democratic,"Clement, Bob",1157
Wayne,U.S. Senate,NA,Democratic,"Davis, Gary G.",148
Wayne,U.S. Senate,NA,Democratic,"Hampstead, Michael L.",38
Wayne,U.S. Senate,NA,Democratic,"Hopkey, Cher A.",22
Wayne,U.S. Senate,NA,Democratic,"Strauss, Alvin M.",37
Wayne,U.S. Senate,NA,Democratic,Write-In,0
Wayne,U.S. Senate,NA,Republican,"Alexander, Lamar",1311
Wayne,U.S. Senate,NA,Republican,"Bryant, Ed",652
Wayne,U.S. Senate,NA,Republican,"DuBose, James E.",29
Wayne,U.S. Senate,NA,Republican,"Fenner, Christopher G.",9
Wayne,U.S. Senate,NA,Republican,"Griffin, June",20
Wayne,U.S. Senate,NA,Republican,"Taylor-Shelby, Mary",54
Wayne,U.S. Senate,NA,Republican,"Todd, Michael Brent",50
Wayne,U.S. Senate,NA,Republican,Write-In,0
Weakley,Governor,NA,Democratic,"Best, L.",68
Weakley,Governor,NA,Democratic,"Bredesen, Phil",2158
Weakley,Governor,NA,Democratic,"Brown, Charles V.",57
Weakley,Governor,NA,Democratic,"Conover, Floyd R.",33
Weakley,Governor,NA,Democratic,"Nichols, Randy",320
Weakley,Governor,NA,Democratic,"Smith, Charles E.",801
Weakley,Governor,NA,Democratic,Write-In,0
Weakley,Governor,NA,Republican,"Henry, James M. ""Jim""",550
Weakley,Governor,NA,Republican,"Hilleary, Van",590
Weakley,Governor,NA,Republican,"Kelley, Dave",17
Weakley,Governor,NA,Republican,"McDonald, Jessie D.",18
Weakley,Governor,NA,Republican,"Tripp, Bob",54
Weakley,Governor,NA,Republican,Write-In,0
Weakley,State House,76,Democratic,"Maddox, Mark L.",2852
Weakley,State House,76,Democratic,Write-In,0
Weakley,State House,76,Republican,"Gardner, Tom ""Redneck""",953
Weakley,State House,76,Republican,Write-In,0
Weakley,U.S. House,8,Democratic,"Tanner, John",2858
Weakley,U.S. House,8,Democratic,"Ward, Richard",564
Weakley,U.S. House,8,Democratic,Write-In,0
Weakley,U.S. House,8,Republican,"McClain, Mat",654
Weakley,U.S. House,8,Republican,"Warren, Bill",331
Weakley,U.S. House,8,Republican,Write-In,0
Weakley,U.S. Senate,NA,Democratic,"Clement, Bob",2710
Weakley,U.S. Senate,NA,Democratic,"Davis, Gary G.",296
Weakley,U.S. Senate,NA,Democratic,"Hampstead, Michael L.",73
Weakley,U.S. Senate,NA,Democratic,"Hopkey, Cher A.",69
Weakley,U.S. Senate,NA,Democratic,"Strauss, Alvin M.",62
Weakley,U.S. Senate,NA,Democratic,Write-In,0
Weakley,U.S. Senate,NA,Republican,"Alexander, Lamar",498
Weakley,U.S. Senate,NA,Republican,"Bryant, Ed",686
Weakley,U.S. Senate,NA,Republican,"DuBose, James E.",5
Weakley,U.S. Senate,NA,Republican,"Fenner, Christopher G.",1
Weakley,U.S. Senate,NA,Republican,"Griffin, June",11
Weakley,U.S. Senate,NA,Republican,"Taylor-Shelby, Mary",21
Weakley,U.S. Senate,NA,Republican,"Todd, Michael Brent",16
Weakley,U.S. Senate,NA,Republican,Write-In,0
White,Governor,NA,Democratic,"Best, L.",153
White,Governor,NA,Democratic,"Bredesen, Phil",3088
White,Governor,NA,Democratic,"Brown, Charles V.",93
White,Governor,NA,Democratic,"Conover, Floyd R.",53
White,Governor,NA,Democratic,"Nichols, Randy",132
White,Governor,NA,Democratic,"Smith, Charles E.",1186
White,Governor,NA,Democratic,Write-In,0
White,Governor,NA,Republican,"Henry, James M. ""Jim""",105
White,Governor,NA,Republican,"Hilleary, Van",1571
White,Governor,NA,Republican,"Kelley, Dave",16
White,Governor,NA,Republican,"McDonald, Jessie D.",11
White,Governor,NA,Republican,"Tripp, Bob",14
White,Governor,NA,Republican,Write-In,0
White,State House,43,Democratic,"Curtiss, Charles",3064
White,State House,43,Democratic,Write-In,0
White,State House,43,Democratic,"York, Marty L.",1652
White,State House,43,Republican,Write-In,0
White,State Senate,15,Democratic,"Burks, Charlotte",4017
White,State Senate,15,Democratic,Write-In,0
White,State Senate,15,Republican,"Bailey, Paul",1410
White,State Senate,15,Republican,Write-In,0
White,U.S. House,4,Democratic,"Davis, Lincoln",2532
White,U.S. House,4,Democratic,"Marcum, Fran F.",1547
White,U.S. House,4,Democratic,Write-In,0
White,U.S. House,4,Republican,"Bowling, Janice",796
White,U.S. House,4,Republican,"Bumpus, John",140
White,U.S. House,4,Republican,"Coffield, Mike",215
White,U.S. House,4,Republican,"Greene, Mike",201
White,U.S. House,4,Republican,"Howard, Harvey",39
White,U.S. House,4,Republican,"Ogles, Andy",161
White,U.S. House,4,Republican,Write-In,0
White,U.S. Senate,NA,Democratic,"Clement, Bob",3799
White,U.S. Senate,NA,Democratic,"Davis, Gary G.",447
White,U.S. Senate,NA,Democratic,"Hampstead, Michael L.",71
White,U.S. Senate,NA,Democratic,"Hopkey, Cher A.",99
White,U.S. Senate,NA,Democratic,"Strauss, Alvin M.",79
White,U.S. Senate,NA,Democratic,Write-In,0
White,U.S. Senate,NA,Republican,"Alexander, Lamar",1026
White,U.S. Senate,NA,Republican,"Bryant, Ed",556
White,U.S. Senate,NA,Republican,"DuBose, James E.",10
White,U.S. Senate,NA,Republican,"Fenner, Christopher G.",5
White,U.S. Senate,NA,Republican,"Griffin, June",25
White,U.S. Senate,NA,Republican,"Taylor-Shelby, Mary",30
White,U.S. Senate,NA,Republican,"Todd, Michael Brent",14
White,U.S. Senate,NA,Republican,Write-In,0
Williamson,Governor,NA,Democratic,"Best, L.",72
Williamson,Governor,NA,Democratic,"Bredesen, Phil",5060
Williamson,Governor,NA,Democratic,"Brown, Charles V.",84
Williamson,Governor,NA,Democratic,"Conover, Floyd R.",39
Williamson,Governor,NA,Democratic,"Nichols, Randy",208
Williamson,Governor,NA,Democratic,"Smith, Charles E.",262
Williamson,Governor,NA,Democratic,Write-In,0
Williamson,Governor,NA,Republican,"Henry, James M. ""Jim""",4708
Williamson,Governor,NA,Republican,"Hilleary, Van",14602
Williamson,Governor,NA,Republican,"Kelley, Dave",131
Williamson,Governor,NA,Republican,"McDonald, Jessie D.",73
Williamson,Governor,NA,Republican,"Tripp, Bob",249
Williamson,Governor,NA,Republican,Write-In,0
Williamson,State House,61,Democratic,Write-In,1
Williamson,State House,61,Republican,"Sargent, Jr., Charles M.",8281
Williamson,State House,61,Republican,Write-In,2
Williamson,State House,63,Democratic,Write-In,0
Williamson,State House,63,Republican,"Casada, Glen",5995
Williamson,State House,63,Republican,"Freeman, Porter",1494
Williamson,State House,63,Republican,Write-In,0
Williamson,State House,78,Democratic,"Hamlin, Jerry W.",327
Williamson,State House,78,Democratic,Write-In,0
Williamson,State House,78,Republican,"Johnson, Phillip",425
Williamson,State House,78,Republican,Write-In,0
Williamson,State Senate,23,Democratic,Write-In,0
Williamson,State Senate,23,Republican,"Bryson, Jim",8705
Williamson,State Senate,23,Republican,"Callicott, Clint",8663
Williamson,State Senate,23,Republican,"Defriese, Laban Samuel",1698
Williamson,State Senate,23,Republican,Write-In,0
Williamson,U.S. House,4,Democratic,"Davis, Lincoln",483
Williamson,U.S. House,4,Democratic,"Marcum, Fran F.",496
Williamson,U.S. House,4,Democratic,Write-In,0
Williamson,U.S. House,4,Republican,"Bowling, Janice",256
Williamson,U.S. House,4,Republican,"Bumpus, John",154
Williamson,U.S. House,4,Republican,"Coffield, Mike",58
Williamson,U.S. House,4,Republican,"Greene, Mike",319
Williamson,U.S. House,4,Republican,"Howard, Harvey",14
Williamson,U.S. House,4,Republican,"Ogles, Andy",1126
Williamson,U.S. House,4,Republican,Write-In,0
Williamson,U.S. House,7,Democratic,"Barron, Tim",2338
Williamson,U.S. House,7,Democratic,"Hayden, Omer R.",1191
Williamson,U.S. House,7,Democratic,Write-In,0
Williamson,U.S. House,7,Republican,"Blackburn, Marsha",14304
Williamson,U.S. House,7,Republican,"Carlota, Sonny",93
Williamson,U.S. House,7,Republican,"Kustoff, David",1073
Williamson,U.S. House,7,Republican,"Norris, Mark",413
Williamson,U.S. House,7,Republican,"Shoaf, Forrest",1600
Williamson,U.S. House,7,Republican,"Starkey, Randy",57
Williamson,U.S. House,7,Republican,"Taylor, Brent",336
Williamson,U.S. House,7,Republican,Write-In,0
Williamson,U.S. Senate,NA,Democratic,"Clement, Bob",5082
Williamson,U.S. Senate,NA,Democratic,"Davis, Gary G.",314
Williamson,U.S. Senate,NA,Democratic,"Hampstead, Michael L.",55
Williamson,U.S. Senate,NA,Democratic,"Hopkey, Cher A.",77
Williamson,U.S. Senate,NA,Democratic,"Strauss, Alvin M.",69
Williamson,U.S. Senate,NA,Democratic,Write-In,2
Williamson,U.S. Senate,NA,Republican,"Alexander, Lamar",9454
Williamson,U.S. Senate,NA,Republican,"Bryant, Ed",10209
Williamson,U.S. Senate,NA,Republican,"DuBose, James E.",103
Williamson,U.S. Senate,NA,Republican,"Fenner, Christopher G.",28
Williamson,U.S. Senate,NA,Republican,"Griffin, June",82
Williamson,U.S. Senate,NA,Republican,"Taylor-Shelby, Mary",112
Williamson,U.S. Senate,NA,Republican,"Todd, Michael Brent",80
Williamson,U.S. Senate,NA,Republican,Write-In,0
Wilson,Governor,NA,Democratic,"Best, L.",160
Wilson,Governor,NA,Democratic,"Bredesen, Phil",9322
Wilson,Governor,NA,Democratic,"Brown, Charles V.",274
Wilson,Governor,NA,Democratic,"Conover, Floyd R.",84
Wilson,Governor,NA,Democratic,"Nichols, Randy",480
Wilson,Governor,NA,Democratic,"Smith, Charles E.",649
Wilson,Governor,NA,Democratic,Write-In,33
Wilson,Governor,NA,Republican,"Henry, James M. ""Jim""",1043
Wilson,Governor,NA,Republican,"Hilleary, Van",7307
Wilson,Governor,NA,Republican,"Kelley, Dave",138
Wilson,Governor,NA,Republican,"McDonald, Jessie D.",62
Wilson,Governor,NA,Republican,"Tripp, Bob",125
Wilson,Governor,NA,Republican,Write-In,14
Wilson,State House,46,Democratic,"Bone, Stratton",4238
Wilson,State House,46,Democratic,Write-In,142
Wilson,State House,46,Republican,"Jewell, Dwight A.",836
Wilson,State House,46,Republican,"Winslow, Scott",1366
Wilson,State House,46,Republican,Write-In,7
Wilson,State House,57,Democratic,"Farmer, Danny C.",3578
Wilson,State House,57,Democratic,Write-In,75
Wilson,State House,57,Republican,"Joslin, Bobby",1719
Wilson,State House,57,Republican,"Lynn, Susan M.",2638
Wilson,State House,57,Republican,"Parsons, Tracy",210
Wilson,State House,57,Republican,"Swindle, Larry R.",825
Wilson,State House,57,Republican,Write-In,2
Wilson,State Senate,17,Democratic,"Fisher, Sherry (Write-In)",4136
Wilson,State Senate,17,Democratic,"Rochelle, Robert",2823
Wilson,State Senate,17,Democratic,Write-In,827
Wilson,State Senate,17,Republican,"Beavers, Mae",8014
Wilson,State Senate,17,Republican,Write-In,155
Wilson,U.S. House,5,Democratic,"Arriola, John",1751
Wilson,U.S. House,5,Democratic,"Cooper, Jim",3988
Wilson,U.S. House,5,Democratic,"Cornett, Carlton",41
Wilson,U.S. House,5,Democratic,"Cox, Adam",60
Wilson,U.S. House,5,Democratic,"Mills, David C.",44
Wilson,U.S. House,5,Democratic,"Ray, Gayle",1450
Wilson,U.S. House,5,Democratic,"Steine, Ronnie",73
Wilson,U.S. House,5,Democratic,Write-In,21
Wilson,U.S. House,5,Republican,"Circo, Remo",226
Wilson,U.S. House,5,Republican,"Duvall, Robert",2714
Wilson,U.S. House,5,Republican,"Lawless, Thomas W.",1094
Wilson,U.S. House,5,Republican,"Tomeo, Ben J.",104
Wilson,U.S. House,5,Republican,"Wilkinson, Kevin",1126
Wilson,U.S. House,5,Republican,Write-In,21
Wilson,U.S. House,6,Democratic,"Gordon, Bart",3060
Wilson,U.S. House,6,Democratic,"Howard, Harvey",316
Wilson,U.S. House,6,Democratic,Write-In,17
Wilson,U.S. House,6,Republican,"Garrison, Robert L.",1199
Wilson,U.S. House,6,Republican,Write-In,9
Wilson,U.S. Senate,NA,Democratic,"Clement, Bob",9589
Wilson,U.S. Senate,NA,Democratic,"Davis, Gary G.",637
Wilson,U.S. Senate,NA,Democratic,"Hampstead, Michael L.",109
Wilson,U.S. Senate,NA,Democratic,"Hopkey, Cher A.",200
Wilson,U.S. Senate,NA,Democratic,"Strauss, Alvin M.",177
Wilson,U.S. Senate,NA,Democratic,Write-In,95
Wilson,U.S. Senate,NA,Republican,"Alexander, Lamar",4769
Wilson,U.S. Senate,NA,Republican,"Bryant, Ed",3734
Wilson,U.S. Senate,NA,Republican,"DuBose, James E.",49
Wilson,U.S. Senate,NA,Republican,"Fenner, Christopher G.",23
Wilson,U.S. Senate,NA,Republican,"Griffin, June",97
Wilson,U.S. Senate,NA,Republican,"Taylor-Shelby, Mary",91
Wilson,U.S. Senate,NA,Republican,"Todd, Michael Brent",40
Wilson,U.S. Senate,NA,Republican,Write-In,2
